id,firm,call,call_date,speaker,topic,quote,quantitative,quantitative_detail,source_url,source_doc,page,label,label_note,context_note,in_timeline,source_type
TCS-00,TCS,Q3FY21,2021-01-08,"Rajesh Gopinathan, Chief Executive Officer and Managing Director",pricing_level,"our pricing strategy is more broad-based and relationship-led, rather than a specific service or product-led. ... So, there are small variations, but you don't see significant volatility in our pricing across individual technologies.",N,,"https://www.tcs.com/content/dam/tcs/investor-relations/financial-statements/2020-21/q3/Management%20Commentary/Transcript%20of%20the%20Q3%202020-21%20Earnings%20Conference%20Call%20held%20at%202000%20hrs%20IST%20on%20Jan%208,%202021.pdf",data/sources/tcs/2020-21_q3_transcript.pdf,PDF p.12,commentary,,Answer to analyst (Yogesh Aggarwal) asking whether cloud pricing would improve or normalize as it scales.,N,company IR / SEC filing (no aggregator used)
TCS-01,TCS,Q4FY21,2021-04-12,"Rajesh Gopinathan, Chief Executive Officer and Managing Director",pricing_level,"From our side, pricing remains quite stable. In our industry, old services get priced differently and newer services have price resilience, but overall portfolio remains quite stable.",N,,"https://www.tcs.com/content/dam/tcs/investor-relations/financial-statements/2020-21/q4/Management%20Commentary/Transcript%20of%20the%20Q4%202020-21%20Earnings%20Conference%20Call%20held%20at%202000%20hrs%20IST%20on%20Apr%2012,%202021.pdf",data/sources/tcs/2020-21_q4_transcript.pdf,PDF p.14,commentary,,Analyst (Sandeep Shah) noted peers reporting pricing pressure in some pockets.,Y,company IR / SEC filing (no aggregator used)
TCS-02,TCS,Q4FY21,2021-04-12,"Rajesh Gopinathan, Chief Executive Officer and Managing Director",pricing_level,"we were very accommodative and supportive to long-standing relationships. But as the recovery has panned out across multiple industry segments, the pricing scenario has changed significantly, and it’s much more stable and supportive.",N,,"https://www.tcs.com/content/dam/tcs/investor-relations/financial-statements/2020-21/q4/Management%20Commentary/Transcript%20of%20the%20Q4%202020-21%20Earnings%20Conference%20Call%20held%20at%202000%20hrs%20IST%20on%20Apr%2012,%202021.pdf",data/sources/tcs/2020-21_q4_transcript.pdf,PDF p.22,commentary,,Refers to accommodation given to clients in the initial pandemic quarters; analyst asked about skill-based vs location-based pricing.,N,company IR / SEC filing (no aggregator used)
TCS-03,TCS,Q1FY22,2021-07-08,"Rajesh Gopinathan, Chief Executive Officer and Managing Director",pricing_increase,"Typically, in a positive environment like what we have, some of the contractual provisions like COLA increases and all go through much more easily.",N,,"https://www.tcs.com/content/dam/tcs/investor-relations/financial-statements/2021-22/q1/Management%20Commentary/Transcript%20of%20the%20Q1%202021-22%20Earnings%20Conference%20Call%20held%20at%202000%20hrs%20IST%20on%20Jul%208,%202021.pdf",data/sources/tcs/2021-22_q1_transcript.pdf,PDF p.13,commentary,,Analyst (Diviya Nagarajan) asked whether TCS can push through price/cost-of-living increases given strong demand and tight supply. Rajesh adds headline pricing is not materially linked to short-term spot demand.,N,company IR / SEC filing (no aggregator used)
TCS-04,TCS,Q2FY22,2021-10-08,"Rajesh Gopinathan, Chief Executive Officer and Managing Director",deflation,"Deals that come up for renewal five years later will benefit from all the technological progress that has happened in that period. So, when you compare it against the deal value of the last period versus the current period, that might seem optically to be a reduction. But remember that it also reflects the kind of efficiency gains",N,,"https://www.tcs.com/content/dam/tcs/investor-relations/financial-statements/2021-22/q2/Management%20Commentary/Transcript%20of%20the%20Q2%202021-22%20Earnings%20Conference%20Call%20held%20at%202000%20hrs%20IST%20on%20Oct%208,%202021.pdf",data/sources/tcs/2021-22_q2_transcript.pdf,PDF p.15,commentary,,Analyst asked whether legacy-renewal deflation would ease given supply crunch. Pre-GenAI statement that renewals structurally reprice lower due to technology-driven efficiency.,Y,company IR / SEC filing (no aggregator used)
TCS-05,TCS,Q2FY22,2021-10-08,"Rajesh Gopinathan, Chief Executive Officer and Managing Director",productivity_passthrough,"a lot of the consolidation-led engagements are predicated on a win-win which includes overall efficiency gains for the client ... Net-net, it's a balancing kind of an environment. There is no significant move in either direction. At a portfolio level, it stays fairly stable.",N,,"https://www.tcs.com/content/dam/tcs/investor-relations/financial-statements/2021-22/q2/Management%20Commentary/Transcript%20of%20the%20Q2%202021-22%20Earnings%20Conference%20Call%20held%20at%202000%20hrs%20IST%20on%20Oct%208,%202021.pdf",data/sources/tcs/2021-22_q2_transcript.pdf,PDF p.21,commentary,,Analyst asked whether clients would accept price increases to compensate for attrition costs. Rajesh contrasts efficiency-led consolidation deals with premium-priced newer (Horizon 2/3) work.,N,company IR / SEC filing (no aggregator used)
TCS-06,TCS,Q2FY22,2021-10-08,"Rajesh Gopinathan, Chief Executive Officer and Managing Director",deflation,"We're also seeing much more offshoring out of Europe, I’d say, to tackle the whole talent scarcity by significantly increasing leverage closer to global standards. That provides volume, but has a deflationary impact on the reported revenue.",N,,"https://www.tcs.com/content/dam/tcs/investor-relations/financial-statements/2021-22/q2/Management%20Commentary/Transcript%20of%20the%20Q2%202021-22%20Earnings%20Conference%20Call%20held%20at%202000%20hrs%20IST%20on%20Oct%208,%202021.pdf",data/sources/tcs/2021-22_q2_transcript.pdf,PDF p.18,commentary,,Non-AI deflation: offshore mix shift in Europe lowers revenue per unit of volume.,N,company IR / SEC filing (no aggregator used)
TCS-07,TCS,Q3FY22,2022-01-12,"Rajesh Gopinathan, Chief Executive Officer and Managing Director",pricing_increase,"Yes Diviya, we are seeing a slight uptick in pricing in the current quarter. And we should be able to get some of it, but keep it balanced by the fact that in long term existing customer relationships, we will need to be more nuanced about it. But overall, there is definitely an expectation of a rising pricing environment.",N,,"https://www.tcs.com/content/dam/tcs/investor-relations/financial-statements/2021-22/q3/Management%20Commentary/Transcript%20of%20the%20Q3%202021-22%20Earnings%20Conference%20Call%20held%20at%202000%20hrs%20IST%20on%20Jan%2012,%202022.pdf",data/sources/tcs/2021-22_q3_transcript.pdf,PDF p.15,commentary,,Analyst asked about pushing through price increases amid demand strength and supply constraints. Later in call Rajesh adds the pricing trend 'has an upward bias'.,Y,company IR / SEC filing (no aggregator used)
TCS-08,TCS,Q4FY22,2022-04-11,"Rajesh Gopinathan, Chief Executive Officer and Managing Director",pricing_increase,"Typically, in renewals and other aspects of ongoing relationships, there is a slight uptick in terms of the pricing that we are seeing. It could manifest itself as COLA clauses being better enforceable, or in terms of renewals at a slightly increased price points",N,,"https://www.tcs.com/content/dam/tcs/investor-relations/financial-statements/2021-22/q4/Management%20Commentary/Transcript%20of%20the%20Q4%202021-22%20Earnings%20Conference%20Call%20held%20at%202000%20hrs%20IST%20on%20Apr%2011,%202022.pdf",data/sources/tcs/2021-22_q4_transcript.pdf,PDF p.16,commentary,,Same answer: fresh new deals face high competitive intensity; cumulative impact will take time.,Y,company IR / SEC filing (no aggregator used)
TCS-09,TCS,Q4FY22,2022-04-11,"Rajesh Gopinathan, Chief Executive Officer and Managing Director",pricing_level,"For the full year, of course, gaining from the base effect of last year, we have had a net improvement in realization. But for the quarter per se, actually the realization has been flattish.",N,,"https://www.tcs.com/content/dam/tcs/investor-relations/financial-statements/2021-22/q4/Management%20Commentary/Transcript%20of%20the%20Q4%202021-22%20Earnings%20Conference%20Call%20held%20at%202000%20hrs%20IST%20on%20Apr%2011,%202022.pdf",data/sources/tcs/2021-22_q4_transcript.pdf,PDF p.16,commentary,Directional statement about TCS realization; no figure given.,Follows discussion of slight pricing uptick in renewals/COLA.,N,company IR / SEC filing (no aggregator used)
TCS-10,TCS,Q1FY23,2022-07-08,"Rajesh Gopinathan, Chief Executive Officer and Managing Director",pricing_increase,"So, we're seeing smaller increases in existing ones and newer contracts coming in at better terms. Also with existing renewals, certain terms like COLA are much better being able to push through. But the aggregate impact of it is still not positive. So, our overall realization numbers ... are still negative on a sequential basis.",N,,https://www.tcs.com/content/dam/tcs/investor-relations/financial-statements/2022-23/q1/Management%20Commentary/Transcript%20of%20the%20Q1%202022-23%20Earnings%20Conference%20Call%20held%20at%201900%20hrs%20IST%20on%20Jul%208%202022.pdf,data/sources/tcs/2022-23_q1_transcript.pdf,PDF p.14,commentary,Directional statement about TCS realization (negative QoQ); no figure given.,Analyst asked about expected price/realization improvement. Later in call: pricing conversations 'picking up momentum rather than losing momentum'.,Y,company IR / SEC filing (no aggregator used)
TCS-11,TCS,Q2FY23,2022-10-10,"Samir Seksaria, Chief Financial Officer",pricing_level,Realization has improved this quarter and we’ll expect to leverage further on that.,N,,"https://www.tcs.com/content/dam/tcs/investor-relations/financial-statements/2022-23/q2/Management%20Commentary/Transcript%20of%20the%20Q2%202022-23%20Earnings%20Conference%20Call%20held%20at%201900%20hrs%20IST%20on%20Oct%2010,%202022.pdf",data/sources/tcs/2022-23_q2_transcript.pdf,PDF p.17,commentary,Directional statement about TCS realization; no figure given.,Analyst noted pricing increases were not universal and only in certain parts of the book.,N,company IR / SEC filing (no aggregator used)
TCS-12,TCS,Q1FY24,2023-07-12,"N G Subramaniam, Chief Operating Officer and Executive Director",deflation,"Will it mean that we will need less people? It is something that we will have to evaluate. But in all the technology adoptions in the past that we have seen, it has only increased the volume of work",N,,"https://www.tcs.com/content/dam/tcs/investor-relations/financial-statements/2023-24/q1/Management%20Commentary/Transcript%20of%20the%20Q1%202023-24%20Earnings%20Conference%20Call%20held%20on%20July%2012,%202023.pdf",data/sources/tcs/2023-24_q1_transcript.pdf,PDF p.16,commentary,,Analyst (Mukul Garg) asked whether GenAI is defensive given its 'deflationary nature' or would moderate people addition. First GenAI-deflation exchange for TCS.,N,company IR / SEC filing (no aggregator used)
TCS-13,TCS,Q1FY24,2023-07-12,"N G Subramaniam, Chief Operating Officer and Executive Director",productivity_passthrough,I don't know. It is not showing that much as being a differentiated feature in our contract discussions.,N,,"https://www.tcs.com/content/dam/tcs/investor-relations/financial-statements/2023-24/q1/Management%20Commentary/Transcript%20of%20the%20Q1%202023-24%20Earnings%20Conference%20Call%20held%20on%20July%2012,%202023.pdf",data/sources/tcs/2023-24_q1_transcript.pdf,PDF p.23,commentary,,Analyst (Ankur Rudra) asked whether GenAI shows up in contract discussions as a source of price aggression in cost-takeout deals.,Y,company IR / SEC filing (no aggregator used)
TCS-14,TCS,Q3FY24,2024-01-11,"Samir Seksaria, Chief Financial Officer",pricing_level,offset by 60 basis points improvement on account of efficiency improvements through productivity and realization,Y,60 bps margin improvement from productivity and realization,"https://www.tcs.com/content/dam/tcs/investor-relations/financial-statements/2023-24/q3/Management%20Commentary/Transcript%20of%20the%20Q3%202023-24%20Earnings%20Conference%20Call%20held%20on%20January%2011,%202023.pdf",data/sources/tcs/2023-24_q3_transcript.pdf,PDF p.2,measured,Firm-reported margin bridge item (combined productivity + realization); not a price change per se.,"Prepared remarks, Q3 margin walk.",Y,company IR / SEC filing (no aggregator used)
TCS-15,TCS,Q3FY24,2024-01-11,"Samir Seksaria, Chief Financial Officer",pricing_level,"Gaurav, I will distinguish realization from pricing. Pricing environment is stable. Realization is an outcome. You can measure it as revenue per FTE and you will notice that it has been improving",N,,"https://www.tcs.com/content/dam/tcs/investor-relations/financial-statements/2023-24/q3/Management%20Commentary/Transcript%20of%20the%20Q3%202023-24%20Earnings%20Conference%20Call%20held%20on%20January%2011,%202023.pdf",data/sources/tcs/2023-24_q3_transcript.pdf,PDF p.17,commentary,,Analyst asked whether client negotiations were helping realization in a tough environment.,Y,company IR / SEC filing (no aggregator used)
TCS-16,TCS,Q4FY24,2024-04-12,"Samir Seksaria, Chief Financial Officer",pricing_increase,"we believe that incremental margins will have to be contributed by pricing improvements ... Overall portfoliobased pricing increase, renewals getting priced in at a higher price or when the renewals happen, asking for a price increase, or the overall new deals which come in get factored at a higher price.",N,,"https://www.tcs.com/content/dam/tcs/investor-relations/financial-statements/2023-24/q4/Management%20Commentary/Transcript%20of%20the%20Q4%202023-24%20Earnings%20Conference%20Call%20held%20on%20April%2012,%202024.pdf",data/sources/tcs/2023-24_q4_transcript.pdf,PDF p.22,commentary,,Aspirational: pricing as a future margin lever to reach 26-28% band; not a reported increase.,N,company IR / SEC filing (no aggregator used)
TCS-17,TCS,Q1FY25,2024-07-11,"Samir Seksaria, Chief Financial Officer",pricing_level,"Pricing overall has remained stable. While there could be aberrations at an individual customer level or the phase in which deals which we are facing, but at a portfolio level there is nothing material to call out. As you would have seen realizations also have been improving sequentially.",N,,"https://www.tcs.com/content/dam/tcs/investor-relations/financial-statements/2024-25/q1/Management%20Commentary/Transcript%20of%20the%20Q1%202024-25%20Earnings%20Conference%20Call%20held%20on%20Jul%2011,%202024.pdf",data/sources/tcs/2024-25_q1_transcript.pdf,PDF p.13,commentary,,Analyst (Ankur Rudra) asked for pricing comments after GenAI-headwind question.,N,company IR / SEC filing (no aggregator used)
TCS-18,TCS,Q1FY25,2024-07-11,"K Krithivasan, Chief Executive Officer and Managing Director",productivity_passthrough,"We have done POC’s also, close to more than 100, 150 projects where we have tested this out on terms of software productivity. It varies anywhere between 5% to 25%. ... But we do see about 5% to 20% depending on the type of project is thumb rule that's quite possible.",Y,GenAI software productivity 5%-25% in POCs; 5%-20% rule of thumb; 100-150 projects tested,"https://www.tcs.com/content/dam/tcs/investor-relations/financial-statements/2024-25/q1/Management%20Commentary/Transcript%20of%20the%20Q1%202024-25%20Earnings%20Conference%20Call%20held%20on%20Jul%2011,%202024.pdf",data/sources/tcs/2024-25_q1_transcript.pdf,PDF p.19,commentary,,"Analyst cited a 30% GenAI cost-saving figure. This is delivery productivity, not a stated price cut.",Y,company IR / SEC filing (no aggregator used)
TCS-19,TCS,Q1FY25,2024-07-11,"K Krithivasan, Chief Executive Officer and Managing Director",renewal_terms,"I said the 5% to 20% productivity on certain phases of the programs are possible. I didn't say the entire project endto-end life cycle, we can get 5% to 20%.",Y,5%-20% productivity on certain program phases only,"https://www.tcs.com/content/dam/tcs/investor-relations/financial-statements/2024-25/q1/Management%20Commentary/Transcript%20of%20the%20Q1%202024-25%20Earnings%20Conference%20Call%20held%20on%20Jul%2011,%202024.pdf",data/sources/tcs/2024-25_q1_transcript.pdf,PDF p.20,commentary,,Analyst (Sandeep Shah) asked whether large renewals see clients negotiating 5-20% reductions due to GenAI.,Y,company IR / SEC filing (no aggregator used)
TCS-20,TCS,Q1FY25,2024-07-11,"K Krithivasan, Chief Executive Officer and Managing Director",renewal_terms,"Coming back to renewal, it's a common experience that the customers do experience a productivity improvement but what they also do at that time is usually they add more scope at the time of renewal so that it is to a great extent top line neutral for us and we also bring productivity.",N,,"https://www.tcs.com/content/dam/tcs/investor-relations/financial-statements/2024-25/q1/Management%20Commentary/Transcript%20of%20the%20Q1%202024-25%20Earnings%20Conference%20Call%20held%20on%20Jul%2011,%202024.pdf",data/sources/tcs/2024-25_q1_transcript.pdf,PDF p.20,commentary,,Same exchange; productivity given at renewal offset by added scope.,Y,company IR / SEC filing (no aggregator used)
TCS-21,TCS,Q1FY25,2024-07-11,"K Krithivasan, Chief Executive Officer and Managing Director",productivity_passthrough,"wherever you are able to use GenAI and then offer some productivity, we offer those productivity to customers. But if you ask me that is it widespread, I won't say it's very widespread at this time.",N,,"https://www.tcs.com/content/dam/tcs/investor-relations/financial-statements/2024-25/q1/Management%20Commentary/Transcript%20of%20the%20Q1%202024-25%20Earnings%20Conference%20Call%20held%20on%20Jul%2011,%202024.pdf",data/sources/tcs/2024-25_q1_transcript.pdf,PDF p.20,commentary,,Continues: clients asking for high GenAI productivity gains 'is not a very common place' yet.,N,company IR / SEC filing (no aggregator used)
TCS-22,TCS,Q3FY25,2025-01-09,"K Krithivasan, Chief Executive Officer and Managing Director",other,"In terms of pricing because of GenAI, while there are discussions that happen on what could be alternate options, there has not been a significant change because of AI, GenAI in our pricing model at this time.",N,,"https://www.tcs.com/content/dam/tcs/investor-relations/financial-statements/2024-25/q3/Management%20Commentary/Transcript%20of%20the%20Q3%202024-25%20Earnings%20Conference%20Call%20held%20on%20Jan%2009,%202025.pdf",data/sources/tcs/2024-25_q3_transcript.pdf,PDF p.19,commentary,,Analyst asked whether GenAI lets managed-services players move to a software pricing model. Krithi adds most deals remain in traditional models.,N,company IR / SEC filing (no aggregator used)
TCS-23,TCS,Q4FY25,2025-04-10,"K Krithivasan, Chief Executive Officer and Managing Director",productivity_passthrough,"AI for IT, I won't try to call it deflation. ... And particularly, if there is AI for IT, because of AI if there is a productivity gain, we will try to share those gains with our customers. So, in that sense, that will be what we did with $100 if we are able to do with $95 or $90.",Y,Illustrative: work done for $100 delivered for $95 or $90 (5-10% gain shared),"https://www.tcs.com/content/dam/tcs/investor-relations/financial-statements/2024-25/q4/Management%20Commentary/Transcript%20of%20the%20Q4%202024-25%20Earnings%20Conference%20Call%20held%20at%201900%20hrs%20IST%20on%20Apr%2010,%202025.pdf",data/sources/tcs/2024-25_q4_transcript.pdf,PDF p.17,commentary,,Analyst (Ankur Rudra) asked whether AI infusion causes deflation in the existing order book.,Y,company IR / SEC filing (no aggregator used)
TCS-24,TCS,Q4FY25,2025-04-10,"K Krithivasan, Chief Executive Officer and Managing Director",deflation,"we demonstrated to our customers how AI for IT can save them significant cost. That resulted in the customer actually giving us a much larger portfolio and resulted in market share gain. For TCS, it proved to be a net incremental in revenue, not deflationary.",N,,"https://www.tcs.com/content/dam/tcs/investor-relations/financial-statements/2024-25/q4/Management%20Commentary/Transcript%20of%20the%20Q4%202024-25%20Earnings%20Conference%20Call%20held%20at%201900%20hrs%20IST%20on%20Apr%2010,%202025.pdf",data/sources/tcs/2024-25_q4_transcript.pdf,PDF p.19,commentary,,Analyst (Apurva Prasad) called AI 'very clearly deflationary' for the current service portfolio. Krithi adds: 'we are not seeing instances where AI for IT is creating deflationary situation'.,N,company IR / SEC filing (no aggregator used)
TCS-25,TCS,Q4FY25,2025-04-10,"K Krithivasan, Chief Executive Officer and Managing Director",productivity_passthrough,"There'll be an expectation that for some aspects of Software Engineering, we'll leverage AI, and through AI, it will be expected to deliver a certain amount of productivity. ... We don't see any -- and the productivity benefits if we realize, we pass it on, our share with the customer.",N,,"https://www.tcs.com/content/dam/tcs/investor-relations/financial-statements/2024-25/q4/Management%20Commentary/Transcript%20of%20the%20Q4%202024-25%20Earnings%20Conference%20Call%20held%20at%201900%20hrs%20IST%20on%20Apr%2010,%202025.pdf",data/sources/tcs/2024-25_q4_transcript.pdf,PDF p.21,commentary,,Context: ADM projects coming up for renewal carry client expectation of AI-driven productivity.,N,company IR / SEC filing (no aggregator used)
TCS-26,TCS,Q1FY26,2025-07-10,"K Krithivasan, Chief Executive Officer and Managing Director",productivity_passthrough,"Ankur, pricing has been reasonably stable at an overall level. But if you ask like is there any demand on productivity, there are instances where large deals are coming up for re-negotiation, there is a demand for productivity, either -- we don't see much coming as a pure discount, but",N,,"https://www.tcs.com/content/dam/tcs/investor-relations/financial-statements/2025-26/q1/Management%20Commentary/Transcript%20of%20the%20Q1%202025-26%20Earnings%20Conference%20Call%20held%20at%201900%20hrs%20IST%20on%20Jul%2010,%202025.pdf",data/sources/tcs/2025-26_q1_transcript.pdf,PDF p.19,commentary,,"Sentence continues on next page: the demand comes as AI-infused productivity or normal productivity, driven by deal size/tenure, not industry. Analyst asked about out-of-turn productivity pass-through demands.",N,company IR / SEC filing (no aggregator used)
TCS-27,TCS,Q1FY26,2025-07-10,"K Krithivasan, Chief Executive Officer and Managing Director",renewal_terms,Revenue conversion from signing is not impacted because of productivity. Because usually the productivity is given up at the time of signing.,N,,"https://www.tcs.com/content/dam/tcs/investor-relations/financial-statements/2025-26/q1/Management%20Commentary/Transcript%20of%20the%20Q1%202025-26%20Earnings%20Conference%20Call%20held%20at%201900%20hrs%20IST%20on%20Jul%2010,%202025.pdf",data/sources/tcs/2025-26_q1_transcript.pdf,PDF p.20,commentary,,Analyst asked whether AI-infused productivity pass-through would impact conversion of bookings to revenue.,Y,company IR / SEC filing (no aggregator used)
TCS-28,TCS,Q2FY26,2025-10-09,"K Krithivasan, Chief Executive Officer and Managing Director",productivity_passthrough,"So, our expectation is overall scope of engagement or size of engagements would definitely increase. But there would be productivity benefits that the clients would get in the individual projects. And we also will get some productivity benefits from doing these projects because we'll be leveraging AI.",N,,"https://www.tcs.com/content/dam/tcs/investor-relations/financial-statements/2025-26/q2/Management%20Commentary/Transcript%20of%20the%20Q2%202025-26%20Earnings%20Conference%20Call%20held%20at%201900%20hrs%20IST%20on%20October%209,%202025.pdf",data/sources/tcs/2025-26_q2_transcript.pdf,PDF p.19,commentary,,Analyst (Ankur Rudra) asked about productivity gains and deflation/inflation in scope of existing services.,N,company IR / SEC filing (no aggregator used)
TCS-29,TCS,Q2FY26,2025-10-09,"Aarthi Subramanian, Executive Director, President and Chief Operating Officer",productivity_passthrough,"Again, starting to see good benefits coming in, but then there is an evolution, right? You start with single digits, 10% to 15% productivity, then there's an evolution",Y,"SDLC AI productivity 10%-15% initially, evolving toward 20%-25% (continues on next page)","https://www.tcs.com/content/dam/tcs/investor-relations/financial-statements/2025-26/q2/Management%20Commentary/Transcript%20of%20the%20Q2%202025-26%20Earnings%20Conference%20Call%20held%20at%201900%20hrs%20IST%20on%20October%209,%202025.pdf",data/sources/tcs/2025-26_q2_transcript.pdf,PDF p.22,commentary,,Delivery productivity in software engineering; sentence continues on next page 'to reach 20%-25%'. Not stated as a price change.,Y,company IR / SEC filing (no aggregator used)
TCS-30,TCS,Q2FY26,2025-10-09,"Aarthi Subramanian, Executive Director, President and Chief Operating Officer",other,"These are initial days, but we are starting to make commitments on outcome-based projects with the select customers.",N,,"https://www.tcs.com/content/dam/tcs/investor-relations/financial-statements/2025-26/q2/Management%20Commentary/Transcript%20of%20the%20Q2%202025-26%20Earnings%20Conference%20Call%20held%20at%201900%20hrs%20IST%20on%20October%209,%202025.pdf",data/sources/tcs/2025-26_q2_transcript.pdf,PDF p.24,commentary,,Analyst asked whether AI will shift billing from effort-based to outcome-based models.,N,company IR / SEC filing (no aggregator used)
TCS-31,TCS,Q3FY26,2026-01-12,"K Krithivasan, Chief Executive Officer and Managing Director",renewal_terms,"Even without AI coming to picture, most of the renewals have some productivity baked in. It could weigh in the range of 10%-15% over a term of the contract.",Y,10%-15% productivity baked into renewals over contract term,"https://www.tcs.com/content/dam/tcs/investor-relations/financial-statements/2025-26/q3/Management%20Commentary/Transcript%20of%20the%20Q3%202025-26%20Earnings%20Conference%20Call%20held%20on%20Jan%2012,%202026.pdf",data/sources/tcs/2025-26_q3_transcript.pdf,PDF p.29,commentary,,"Analyst (Keith Bachman, BMO) asked the like-for-like price difference at renewal and price declines driven by AI. Preceding words (prev page): renewals bake in productivity as 'business as usual', not related to AI.",Y,company IR / SEC filing (no aggregator used)
TCS-32,TCS,Q3FY26,2026-01-12,"K Krithivasan, Chief Executive Officer and Managing Director",renewal_terms,"So, net-net, you'll ﬁnd very often when the renewal happens, the top line or the total quantum of revenue doesn't decrease, but the quantum of work that we commit to deliver to our customer, that increases, o setting the top line, because the productivity is achieved by TCS, you don't see a hit in realization",N,,"https://www.tcs.com/content/dam/tcs/investor-relations/financial-statements/2025-26/q3/Management%20Commentary/Transcript%20of%20the%20Q3%202025-26%20Earnings%20Conference%20Call%20held%20on%20Jan%2012,%202026.pdf",data/sources/tcs/2025-26_q3_transcript.pdf,PDF p.29,commentary,,Same exchange.,N,company IR / SEC filing (no aggregator used)
TCS-33,TCS,Q3FY26,2026-01-12,"K Krithivasan, Chief Executive Officer and Managing Director",renewal_terms,"It could vary. I said just to give it as an example. But the point I'm trying to make is there is a productivity, but there is a volume of work that is being delivered that also increases. So by and large, the total value of the contract doesn't change or reduce much",N,,"https://www.tcs.com/content/dam/tcs/investor-relations/financial-statements/2025-26/q3/Management%20Commentary/Transcript%20of%20the%20Q3%202025-26%20Earnings%20Conference%20Call%20held%20on%20Jan%2012,%202026.pdf",data/sources/tcs/2025-26_q3_transcript.pdf,PDF p.29,commentary,,Analyst asked whether 10-15% is the same price discount at renewal as 2-3 years ago.,N,company IR / SEC filing (no aggregator used)
TCS-34,TCS,Q3FY26,2026-01-12,"K Krithivasan, Chief Executive Officer and Managing Director",productivity_passthrough,it's fair to say most contracts assume a fairly aggressive AI productivity to come in and baking the expected productivity at the beginning of the contract itself. ... Most contracts assume a certain productivity over a period of time and are priced accordingly.,N,,"https://www.tcs.com/content/dam/tcs/investor-relations/financial-statements/2025-26/q3/Management%20Commentary/Transcript%20of%20the%20Q3%202025-26%20Earnings%20Conference%20Call%20held%20on%20Jan%2012,%202026.pdf",data/sources/tcs/2025-26_q3_transcript.pdf,PDF p.30,commentary,,Analyst asked whether new contracts include gain-sharing flexibility; Krithi says flexibility is generally not built in.,Y,company IR / SEC filing (no aggregator used)
TCS-35,TCS,Q4FY26,2026-04-09,"Samir Seksaria, Chief Financial Officer",pricing_level,"During the quarter, we saw an improvement in realizations driven by continued focus on value-led delivery. Currency was also supportive during the quarter, providing a translation tailwind. These factors contributed to a beneﬁt of around 40 basis points and 110 basis points respectively.",Y,Realization improvement = ~40 bps margin benefit (currency 110 bps),"https://www.tcs.com/content/dam/tcs/investor-relations/financial-statements/2025-26/q4/Management%20Commentary/Transcript%20of%20the%20Q4%202025-26%20Earnings%20Conference%20Call%20held%20at%201900%20hrs%20IST%20on%20April%209,%202026.pdf",data/sources/tcs/2025-26_q4_transcript.pdf,PDF p.6,measured,Firm-reported margin bridge: realization contributed ~40 bps in Q4FY26.,Prepared remarks.,Y,company IR / SEC filing (no aggregator used)
TCS-36,TCS,Q4FY26,2026-04-09,"K Krithivasan, Chief Executive Officer and Managing Director",other,"Structurally what you are saying is correct, however, I don't know whether it will be the same time period in which the whole thing will change.",N,,"https://www.tcs.com/content/dam/tcs/investor-relations/financial-statements/2025-26/q4/Management%20Commentary/Transcript%20of%20the%20Q4%202025-26%20Earnings%20Conference%20Call%20held%20at%201900%20hrs%20IST%20on%20April%209,%202026.pdf",data/sources/tcs/2025-26_q4_transcript.pdf,PDF p.27,commentary,,"Analyst (Vibhor Singhal) asked whether, as in the digital cycle, productivity gains passed to clients cannibalize revenue while AI revenue grows. Krithi continues (next page): traditional revenues to slowly taper down with AI revenue to overcompensate.",N,company IR / SEC filing (no aggregator used)
TCS-37,TCS,Q4FY26,2026-04-09,"K Krithivasan, Chief Executive Officer and Managing Director",pricing_level,"we believe the good margins we have, gives us greater ﬂexibility to approach new deals and be more competitive in gaining market share. And we have been able to prove that time and again. We don't lose deals on pricing.",N,,"https://www.tcs.com/content/dam/tcs/investor-relations/financial-statements/2025-26/q4/Management%20Commentary/Transcript%20of%20the%20Q4%202025-26%20Earnings%20Conference%20Call%20held%20at%201900%20hrs%20IST%20on%20April%209,%202026.pdf",data/sources/tcs/2025-26_q4_transcript.pdf,PDF p.29,commentary,,Analyst asked whether TCS would trade margin for growth.,N,company IR / SEC filing (no aggregator used)
TCS-38,TCS,Q4FY26,2026-04-09,"K Krithivasan, Chief Executive Officer and Managing Director",deflation,"our attempt would be to ensure that we arrest the degrowth while the AI revenue increase. ... At that time, the deﬂation in the other part may not matter materially like same cycle with whatever happened during the digital transformation cycle that trend will resume.",N,,"https://www.tcs.com/content/dam/tcs/investor-relations/financial-statements/2025-26/q4/Management%20Commentary/Transcript%20of%20the%20Q4%202025-26%20Earnings%20Conference%20Call%20held%20at%201900%20hrs%20IST%20on%20April%209,%202026.pdf",data/sources/tcs/2025-26_q4_transcript.pdf,PDF p.33,commentary,,Analyst (Gaurav Rateria) asked whether AI services would be accretive in FY27 'net of all the deflation that you see in your renewals existing business'.,N,company IR / SEC filing (no aggregator used)
TCS-39,TCS,Q1FY27,2026-07-09,"K Krithivasan, Chief Executive Officer and Managing Director",productivity_passthrough,"what we can see is as and when the projects come up for renewal, we ﬁnd opportunities along with our clients to unearth productivity beneﬁts and pass them on to our customers. ... customers give us additional work and the top line is not signiﬁcantly impacted.",N,,"https://www.tcs.com/content/dam/tcs/investor-relations/financial-statements/2026-27/q1/Management%20Commentary/Transcript%20of%20the%20Q1%202026-27%20Earnings%20Conference%20Call%20held%20on%20Jul%209,%202026.pdf",data/sources/tcs/2026-27_q1_transcript.pdf,PDF p.12,commentary,,Analyst (Yogesh Aggarwal) asked what share of business has gone through productivity pass-through / revenue deflation from AI.,N,company IR / SEC filing (no aggregator used)
TCS-40,TCS,Q1FY27,2026-07-09,"K Krithivasan, Chief Executive Officer and Managing Director",productivity_passthrough,"One quantiﬁcation I can give you is in most places, the productivity gain passed on is around 10% to 15% range.",Y,Productivity gain passed on ~10%-15%,"https://www.tcs.com/content/dam/tcs/investor-relations/financial-statements/2026-27/q1/Management%20Commentary/Transcript%20of%20the%20Q1%202026-27%20Earnings%20Conference%20Call%20held%20on%20Jul%209,%202026.pdf",data/sources/tcs/2026-27_q1_transcript.pdf,PDF p.12,commentary,,Same exchange; most explicit quantified pass-through statement.,Y,company IR / SEC filing (no aggregator used)
TCS-41,TCS,Q1FY27,2026-07-09,"K Krithivasan, Chief Executive Officer and Managing Director",productivity_passthrough,"What I said is, there is an overall productivity we are able to achieve, about 10% to 15%, when we leverage AI for client engagements. You should look at that productivity gain coming through the tenure of the project. And we also mentioned that this usually is compensated by additional opportunities that we generate from the customers.",Y,AI productivity ~10%-15% over project tenure,"https://www.tcs.com/content/dam/tcs/investor-relations/financial-statements/2026-27/q1/Management%20Commentary/Transcript%20of%20the%20Q1%202026-27%20Earnings%20Conference%20Call%20held%20on%20Jul%209,%202026.pdf",data/sources/tcs/2026-27_q1_transcript.pdf,PDF p.23,commentary,,Analyst asked whether 10-15% is ACV or TCV basis and referenced a claim that $1T services spend could compress by ~$300B.,Y,company IR / SEC filing (no aggregator used)
TCS-42,TCS,Q1FY27,2026-07-09,"K Krithivasan, Chief Executive Officer and Managing Director",deflation,"At this time, we don't see such a massive contraction or deﬂation happening in the world. In fact, you did see that our overall headcount has increased this quarter.",N,,"https://www.tcs.com/content/dam/tcs/investor-relations/financial-statements/2026-27/q1/Management%20Commentary/Transcript%20of%20the%20Q1%202026-27%20Earnings%20Conference%20Call%20held%20on%20Jul%209,%202026.pdf",data/sources/tcs/2026-27_q1_transcript.pdf,PDF p.23,commentary,,Response to the $1T -> $300B spend-compression question.,N,company IR / SEC filing (no aggregator used)
TCS-43,TCS,Q1FY27,2026-07-09,"K Krithivasan, Chief Executive Officer and Managing Director",productivity_passthrough,"By and large, as I said, it's a rule of thumb, saying we can expect a 10% to 15% productivity on average. But we are able to o er a front loaded commitment to our customers which we are able to balance it out, to smoothen it out over the term of our project.",Y,10%-15% average productivity; front-loaded commitment,"https://www.tcs.com/content/dam/tcs/investor-relations/financial-statements/2026-27/q1/Management%20Commentary/Transcript%20of%20the%20Q1%202026-27%20Earnings%20Conference%20Call%20held%20on%20Jul%209,%202026.pdf",data/sources/tcs/2026-27_q1_transcript.pdf,PDF p.24,commentary,,Analyst asked whether productivity (typically 3-5% annually) is spread evenly over a 5-year deal.,Y,company IR / SEC filing (no aggregator used)
TCS-44,TCS,Q1FY27,2026-07-09,"Aarthi Subramanian, Executive Director, President and Chief Operating Officer",other,"I would say output commitment-based models, outcome-based models, where we are committing through the AI program to deliver a business outcome, in a ﬁxed duration. So that's starting to happen.",N,,"https://www.tcs.com/content/dam/tcs/investor-relations/financial-statements/2026-27/q1/Management%20Commentary/Transcript%20of%20the%20Q1%202026-27%20Earnings%20Conference%20Call%20held%20on%20Jul%209,%202026.pdf",data/sources/tcs/2026-27_q1_transcript.pdf,PDF p.21,commentary,,Analyst asked for examples of billing moving from T&M/fixed price to outcome-based; Aarthi adds outcome/transaction commitments increasing in autonomous GBS deals.,N,company IR / SEC filing (no aggregator used)
Infosys-00,Infosys,Q4FY21,2021-04-14,"Salil Parekh, Chief Executive Officer & Managing Director",pricing_level,"We are working with our clients to ensure that becomes more visible and then over time demonstrate that value which can convert to something on the pricing. ... But as you pointed out, this is more a medium-term view for us",N,,https://www.sec.gov/Archives/edgar/data/1067491/000106749121000030/exv99w05.htm,data/sources/infosys/edgar/0001067491-21-000030/exv99w05.htm,"n/a (HTML exhibit, no pagination)",commentary,,"Answer to Ritesh Rathod on medium-term pricing outlook in digital; pricing upside framed as future, not current.",N,company IR / SEC filing (no aggregator used)
Infosys-01,Infosys,Q1FY22,2021-07-14,"Nilanjan Roy, Chief Financial Officer",other,"we are positioned ourselves not just about the rate card or price per hour, but about more innovative ways of pricing, where it is clearly linked to outcome - linked to results of our clients and that is the way we think in the future, this can help us in pricing.",N,,https://www.sec.gov/Archives/edgar/data/1067491/000106749121000054/exv99w05.htm,data/sources/infosys/edgar/0001067491-21-000054/exv99w05.htm,"n/a (HTML exhibit, no pagination)",commentary,,Answer to Moshe Katri on pricing power from digital (~54% of revenue); shift toward outcome-linked pricing as a lever for higher prices.,N,company IR / SEC filing (no aggregator used)
Infosys-02,Infosys,Q2FY22,2021-10-13,"Nilanjan Roy, Chief Financial Officer",pricing_increase,"We are also looking at pricing much more holistically at this time, although it is not easy to go and get price hikes just on the basis of a rate card. ... the idea is not to leave those cents and pennies on the table in this market, be a bit bolder in terms of pricing.",N,,https://www.sec.gov/Archives/edgar/data/1067491/000106749121000068/exv99w05.htm,data/sources/infosys/edgar/0001067491-21-000068/exv99w05.htm,"n/a (HTML exhibit, no pagination)",commentary,,Strong-demand/supply-tight period; pushing for price increases via value selling.,N,company IR / SEC filing (no aggregator used)
Infosys-03,Infosys,Q3FY22,2022-01-12,"Salil Parekh, Chief Executive Officer & Managing Director",pricing_level,I think on pricing first we have seen some level of stability in what we saw in the specific deals that we closed in Q3 versus Q2. ... broadly we are seeing large enterprises for the first time in a very long time are seeing inflation in their daily environment and so are more open to having these discussions.,N,,https://www.sec.gov/Archives/edgar/data/1067491/000106749122000004/exv99w05.htm,data/sources/infosys/edgar/0001067491-22-000004/exv99w05.htm,"n/a (HTML exhibit, no pagination)",commentary,,Answer to Diviya Nagarajan asking if like-for-like pricing can rise given strong demand.,Y,company IR / SEC filing (no aggregator used)
Infosys-04,Infosys,Q3FY22,2022-01-12,"Nilanjan Roy, Chief Financial Officer",renewal_terms,"you have clients coming back for discounts on renewals, and some of that you offset with the cost optimization program",N,,https://www.sec.gov/Archives/edgar/data/1067491/000106749122000004/exv99w05.htm,data/sources/infosys/edgar/0001067491-22-000004/exv99w05.htm,"n/a (HTML exhibit, no pagination)",commentary,,Listing recurring annual margin headwinds: comp hikes and renewal discounts.,N,company IR / SEC filing (no aggregator used)
Infosys-05,Infosys,Q4FY22,2022-04-13,"Nilanjan Roy, Chief Financial Officer",other,"1.6% impact due to lower calendar working days, client contractual provision as explained above and other pricing puts and takes",Y,"1.6% sequential margin headwind (bundles working days, client contractual provision, pricing puts and takes)",https://www.sec.gov/Archives/edgar/data/1067491/000106749122000020/exv99w05.htm,data/sources/infosys/edgar/0001067491-22-000020/exv99w05.htm,"n/a (HTML exhibit, no pagination)",measured,Reported Q4FY22 margin-walk component; pricing effect not separated from working days and a one-off client contractual provision.,,Y,company IR / SEC filing (no aggregator used)
Infosys-06,Infosys,Q1FY23,2022-07-24,"Nilanjan Roy, Chief Financial Officer",other,"These were offset by tailwinds of 0.5% due to increase in RPP from higher working days, a reversal of a client's contractual provision in our FS segment partially offset by discounts.",Y,"0.5% margin tailwind from RPP increase (working days + provision reversal, partly offset by discounts)",https://www.sec.gov/Archives/edgar/data/1067491/000106749122000036/exv99w05.htm,data/sources/infosys/edgar/0001067491-22-000036/exv99w05.htm,"n/a (HTML exhibit, no pagination)",measured,Reported margin-walk component; discount effect not separately quantified.,,Y,company IR / SEC filing (no aggregator used)
Infosys-07,Infosys,Q1FY23,2022-07-24,"Nilanjan Roy, Chief Financial Officer",pricing_increase,"We have seen less impact of discounts, etc., we are going back to clients in terms of COLA adjustments at the time of renewals.",N,,https://www.sec.gov/Archives/edgar/data/1067491/000106749122000036/exv99w05.htm,data/sources/infosys/edgar/0001067491-22-000036/exv99w05.htm,"n/a (HTML exhibit, no pagination)",commentary,,Inflation pass-through via COLA at renewal (2022 high-inflation period).,N,company IR / SEC filing (no aggregator used)
Infosys-08,Infosys,Q1FY23,2022-07-24,"Salil Parekh, Chief Executive Officer & Managing Director",pricing_increase,"On the pricing, we have seen pricing currently holding in our deal values for Q1. My sense is we have seen examples that Nilanjan was sharing earlier where we are working, we have worked with clients to demonstrate to them the impact of compensation increases and that has translated to COLA or price benefits.",N,,https://www.sec.gov/Archives/edgar/data/1067491/000106749122000036/exv99w05.htm,data/sources/infosys/edgar/0001067491-22-000036/exv99w05.htm,"n/a (HTML exhibit, no pagination)",commentary,,Answer to Apurva Prasad on ability to get price increases.,N,company IR / SEC filing (no aggregator used)
Infosys-09,Infosys,Q2FY23,2022-10-13,"Nilanjan Roy, Chief Financial Officer",pricing_level,like I mentioned in fact pricing has been actually stable to positive this quarter,N,,https://www.sec.gov/Archives/edgar/data/1067491/000106749122000046/exv99w05.htm,data/sources/infosys/edgar/0001067491-22-000046/exv99w05.htm,"n/a (HTML exhibit, no pagination)",commentary,,"Explaining fall in revenue per employee as utilization/fresher effect, not pricing.",N,company IR / SEC filing (no aggregator used)
Infosys-10,Infosys,Q2FY23,2022-10-13,"Nilanjan Roy, Chief Financial Officer",pricing_increase,"We have seen discount, which used to be a quite large in terms of pricing, in terms of renewal etc., that definitely has come down. ... Some we have seen in terms of COLA clauses, we have seen a larger implementation of that - being able to push as the COLA increases.",N,,https://www.sec.gov/Archives/edgar/data/1067491/000106749122000046/exv99w05.htm,data/sources/infosys/edgar/0001067491-22-000046/exv99w05.htm,"n/a (HTML exhibit, no pagination)",commentary,,Answer to Aniket Pande on tone of pricing conversations.,Y,company IR / SEC filing (no aggregator used)
Infosys-11,Infosys,Q3FY23,2023-01-12,"Nilanjan Roy, Chief Financial Officer",pricing_level,"If you look at our pricing, it has been quite stable. And historically, this is one lever which always used to drag down, repeatedly, due to discounts on renewals, et cetera. And as of now, we have not seen that at all. We continue to push with clients on where all we can get price increases.",N,,https://www.sec.gov/Archives/edgar/data/1067491/000106749123000006/exv99w05.htm,data/sources/infosys/edgar/0001067491-23-000006/exv99w05.htm,"n/a (HTML exhibit, no pagination)",commentary,,"Margin levers answer to Mukul Garg; renewal discounts historically a drag, not seen now.",N,company IR / SEC filing (no aggregator used)
Infosys-12,Infosys,Q3FY23,2023-01-12,"Nilanjan Roy, Chief Financial Officer",productivity_passthrough,"since many clients want the productivity, efficiencies upfront. So we always see that the initial part of the deals will be lower-than-portfolio margins.",N,,https://www.sec.gov/Archives/edgar/data/1067491/000106749123000006/exv99w05.htm,data/sources/infosys/edgar/0001067491-23-000006/exv99w05.htm,"n/a (HTML exhibit, no pagination)",commentary,,Answer to Ankur Rudra on pricing/profitability of large deals; upfront productivity give-backs in new deals (pre-GenAI).,N,company IR / SEC filing (no aggregator used)
Infosys-13,Infosys,Q4FY23,2023-04-13,"Nilanjan Roy, Chief Financial Officer",renewal_terms,"One is the renewal discounts, which clients come back when programs are ending. And basically, after productivity increases at the renewal stage, which we are just loosely calling discounts. That is something which we have really curved over the last few years, basically pushing back on the renewal because there are other ways we can get productivity as well.",N,,https://www.sec.gov/Archives/edgar/data/1067491/000106749123000027/exv99w05.htm,data/sources/infosys/edgar/0001067491-23-000027/exv99w05.htm,"n/a (HTML exhibit, no pagination)",commentary,,"Answer to Keith Bachman on price reductions; ""curved"" (sic, = curbed). Renewal discounts = productivity give-backs at renewal.",Y,company IR / SEC filing (no aggregator used)
Infosys-14,Infosys,Q1FY24,2023-07-20,"Nilanjan Roy, Chief Financial Officer",productivity_passthrough,Cost optimization and vendor consolidation are top priority for clients who are open to innovative solutions and are asking for AI to amplify productivity.,N,,https://www.sec.gov/Archives/edgar/data/1067491/000106749123000049/exv99w05.htm,data/sources/infosys/edgar/0001067491-23-000049/exv99w05.htm,"n/a (HTML exhibit, no pagination)",commentary,,Manufacturing vertical commentary; first mention of clients asking for AI-driven productivity.,N,company IR / SEC filing (no aggregator used)
Infosys-15,Infosys,Q2FY24,2023-10-12,"Nilanjan Roy, Chief Financial Officer",other,"0.5% from cost optimization benefits, comprising of higher utilization, pricing, etc.",Y,0.5% sequential margin benefit from cost optimization incl. utilization and pricing,https://www.sec.gov/Archives/edgar/data/1067491/000106749123000057/exv99w05.htm,data/sources/infosys/edgar/0001067491-23-000057/exv99w05.htm,"n/a (HTML exhibit, no pagination)",measured,Reported margin-walk component; pricing share not separated.,,Y,company IR / SEC filing (no aggregator used)
Infosys-16,Infosys,Q2FY24,2023-10-12,"Nilanjan Roy, Chief Financial Officer",pricing_level,"I think largely, it has been stable. ... I think pricing has been more stable over the last year or two years as a general trend, I would think, in the industry. ... But overall, I do not see a deteriorating pricing environment.",N,,https://www.sec.gov/Archives/edgar/data/1067491/000106749123000057/exv99w05.htm,data/sources/infosys/edgar/0001067491-23-000057/exv99w05.htm,"n/a (HTML exhibit, no pagination)",commentary,,Answer to Keith Bachman on like-for-like pricing in weak macro.,N,company IR / SEC filing (no aggregator used)
Infosys-17,Infosys,Q3FY24,2024-01-11,"Nilanjan Roy, Chief Financial Officer",pricing_level,"We have seen much better pricing stability over the last few years. ... But overall, from a competitive positioning, pricing really has been stable across.",N,,https://www.sec.gov/Archives/edgar/data/1067491/000106749124000004/exv99w05.htm,data/sources/infosys/edgar/0001067491-24-000004/exv99w05.htm,"n/a (HTML exhibit, no pagination)",commentary,,Answer to Keith Bachman on pricing pressure at renewals and in large deals.,N,company IR / SEC filing (no aggregator used)
Infosys-18,Infosys,Q4FY24,2024-04-18,"Salil Parekh, Chief Executive Officer & Managing Director",productivity_passthrough,"we have not seen so far the rate discussion, but we can certainly see in some instances, benefits where clients can do more work in terms of creating more output for the same type of effort. ... But we have not seen something which has come back on the rates in that sense.",N,,https://www.sec.gov/Archives/edgar/data/1067491/000106749124000016/exv99w05.htm,data/sources/infosys/edgar/0001067491-24-000016/exv99w05.htm,"n/a (HTML exhibit, no pagination)",commentary,,Answer to Keith Bachman asking if GenAI coding productivity leads clients to ask for lower billing rates.,Y,company IR / SEC filing (no aggregator used)
Infosys-19,Infosys,Q1FY25,2024-07-18,"Jayesh Sanghrajka, Chief Financial Officer",pricing_increase,This included benefit from improved realization from one-timers of 0.5%.,Y,0.5% revenue benefit from improved realization (one-timers),https://www.sec.gov/Archives/edgar/data/1067491/000106749124000026/exv99w05.htm,data/sources/infosys/edgar/0001067491-24-000026/exv99w05.htm,"n/a (HTML exhibit, no pagination)",measured,Reported contribution of one-time realization to Q1FY25 revenue growth.,,Y,company IR / SEC filing (no aggregator used)
Infosys-20,Infosys,Q1FY25,2024-07-18,"Jayesh Sanghrajka, Chief Financial Officer",pricing_increase,"0.8% benefit from Project Maximus largely from higher utilization and value-based selling, 0.4% from the improvement in realization mentioned above",Y,0.8% margin benefit (Maximus: utilization + value-based selling); 0.4% margin benefit from realization,https://www.sec.gov/Archives/edgar/data/1067491/000106749124000026/exv99w05.htm,data/sources/infosys/edgar/0001067491-24-000026/exv99w05.htm,"n/a (HTML exhibit, no pagination)",measured,Reported margin-walk components.,,Y,company IR / SEC filing (no aggregator used)
Infosys-21,Infosys,Q2FY25,2024-10-17,"Jayesh Sanghrajka, Chief Financial Officer",pricing_increase,"80 basis points benefit from Project Maximus ... successes of that is visible in improved operating metrics like utilization, realization, subcontracting costs, etc.",Y,80 bps margin benefit from Project Maximus (incl. realization),https://www.sec.gov/Archives/edgar/data/1067491/000106749124000034/exv99w05.htm,data/sources/infosys/edgar/0001067491-24-000034/exv99w05.htm,"n/a (HTML exhibit, no pagination)",measured,Reported margin-walk component; pricing not separated from utilization/subcon.,,Y,company IR / SEC filing (no aggregator used)
Infosys-22,Infosys,Q2FY25,2024-10-17,"Jayesh Sanghrajka, Chief Financial Officer",pricing_level,"The pricing overall, the environment has remained stable. ... there will be a delta between the revenue and the volume growth which is contributed by the pricing significantly.",N,,https://www.sec.gov/Archives/edgar/data/1067491/000106749124000034/exv99w05.htm,data/sources/infosys/edgar/0001067491-24-000034/exv99w05.htm,"n/a (HTML exhibit, no pagination)",commentary,,Answer to Jonathan Lee on pricing in new deals/rescoping.,N,company IR / SEC filing (no aggregator used)
Infosys-23,Infosys,Q3FY25,2025-01-16,"Jayesh Sanghrajka, Chief Financial Officer",pricing_increase,"One such area is realization, which has increased by 3.6% over 9 months, resulting from strong performance emanating from value-based selling track.",Y,realization +3.6% over 9M FY25,https://www.sec.gov/Archives/edgar/data/1067491/000106749125000004/exv99w05.htm,data/sources/infosys/edgar/0001067491-25-000004/exv99w05.htm,"n/a (HTML exhibit, no pagination)",measured,Firm-reported realization increase over 9 months.,,Y,company IR / SEC filing (no aggregator used)
Infosys-24,Infosys,Q3FY25,2025-01-16,"Salil Parekh, Chief Executive Officer & Managing Director",productivity_passthrough,"So on the AI-driven productivity point, in general, what we see is whenever there is a productivity benefit, there is always sharing with clients. So in the AI-driven or the other, like outside of AI driven, we are not seeing a difference in the way it is being treated.",N,,https://www.sec.gov/Archives/edgar/data/1067491/000106749125000004/exv99w05.htm,data/sources/infosys/edgar/0001067491-25-000004/exv99w05.htm,"n/a (HTML exhibit, no pagination)",commentary,,Answer to Surendra Goel citing a peer AI-driven productivity pass-back to a large client.,Y,company IR / SEC filing (no aggregator used)
Infosys-25,Infosys,Q3FY25,2025-01-16,"Jayesh Sanghrajka, Chief Financial Officer",productivity_passthrough,"Of course, even the lean automation is also reflected in pricing eventually, right? Because we are able to deliver the same output with lesser people, it will reflect in pricing.",N,,https://www.sec.gov/Archives/edgar/data/1067491/000106749125000004/exv99w05.htm,data/sources/infosys/edgar/0001067491-25-000004/exv99w05.htm,"n/a (HTML exhibit, no pagination)",commentary,,"Answer to Sumeet Jain on drivers of 3.6% pricing increase; frames automation as raising realized price per person (output with fewer people), opposite of pass-through.",N,company IR / SEC filing (no aggregator used)
Infosys-26,Infosys,Q4FY25,2025-04-17,"Salil Parekh, Chief Executive Officer & Managing Director",deflation,"So as a composite, what we saw last year, 4.2% growth we feel pretty confident that we will see benefits from it even as we see some productivity improvement. So, we do not see anything in terms of the revenue on that.",N,,https://www.sec.gov/Archives/edgar/data/1067491/000106749125000010/exv99w05.htm,data/sources/infosys/edgar/0001067491-25-000010/exv99w05.htm,"n/a (HTML exhibit, no pagination)",commentary,,"Answer to Ankur Rudra asking about AI-led revenue deflation in existing projects; 4.2% = FY25 revenue growth, not a pricing figure.",N,company IR / SEC filing (no aggregator used)
Infosys-27,Infosys,Q4FY25,2025-04-17,"Salil Parekh, Chief Executive Officer & Managing Director",productivity_passthrough,"Where for example, if there are large customer service programs, we see that there could be benefits to the clients of 20% to 40%. ... Sometimes, the client view are maybe larger than what we are seeing in realization and so, we have a choice to make there.",Y,20%-40% client benefit in large customer-service programs,https://www.sec.gov/Archives/edgar/data/1067491/000106749125000010/exv99w05.htm,data/sources/infosys/edgar/0001067491-25-000010/exv99w05.htm,"n/a (HTML exhibit, no pagination)",commentary,,Answer to Keith Bachman on deflationary nature of AI in pricing discussions.,Y,company IR / SEC filing (no aggregator used)
Infosys-28,Infosys,Q4FY25,2025-04-17,"Salil Parekh, Chief Executive Officer & Managing Director",productivity_passthrough,"So typically, these are not our existing book of business, that customer service is not something we have a large book of business in. ... So it is not like one number which gets shared then with clients. But it is shared, yes.",N,,https://www.sec.gov/Archives/edgar/data/1067491/000106749125000010/exv99w05.htm,data/sources/infosys/edgar/0001067491-25-000010/exv99w05.htm,"n/a (HTML exhibit, no pagination)",commentary,,Follow-up to Keith Bachman asking whether revenue falls 20-40% like-for-like.,N,company IR / SEC filing (no aggregator used)
Infosys-29,Infosys,Q1FY26,2025-07-23,"Jayesh Sanghrajka, Chief Financial Officer",pricing_increase,70 basis points from increase in realization due to Maximus and seasonality,Y,70 bps margin tailwind from realization increase,https://www.sec.gov/Archives/edgar/data/1067491/000106749125000022/exv99w05.htm,data/sources/infosys/edgar/0001067491-25-000022/exv99w05.htm,"n/a (HTML exhibit, no pagination)",measured,Reported margin-walk component (includes seasonality).,,Y,company IR / SEC filing (no aggregator used)
Infosys-30,Infosys,Q1FY26,2025-07-23,"Jayesh Sanghrajka, Chief Financial Officer",pricing_increase,"last year, we did talk about 3.5% on terms of pricing benefit that we got. Of course, there were also low-hanging fruits that we captured.",Y,3.5% pricing benefit in FY25,https://www.sec.gov/Archives/edgar/data/1067491/000106749125000022/exv99w05.htm,data/sources/infosys/edgar/0001067491-25-000022/exv99w05.htm,"n/a (HTML exhibit, no pagination)",measured,Firm-reported FY25 pricing benefit.,Answer to Kumar Rakesh on pricing/productivity benefit.,Y,company IR / SEC filing (no aggregator used)
Infosys-31,Infosys,Q1FY26,2025-07-23,"Salil Parekh, Chief Executive Officer and Managing Director",productivity_passthrough,"So on the first part, typically, there are productivity gains, and those are shared between clients and ourselves.",N,,https://www.sec.gov/Archives/edgar/data/1067491/000106749125000022/exv99w05.htm,data/sources/infosys/edgar/0001067491-25-000022/exv99w05.htm,"n/a (HTML exhibit, no pagination)",commentary,,Answer to Ankur Rudra on AI benefits baked into renewals/contracts.,N,company IR / SEC filing (no aggregator used)
Infosys-32,Infosys,Q1FY26,2025-07-23,"Jayesh Sanghrajka, Chief Financial Officer",other,This is more about the macro uncertainty that we are seeing.,N,,https://www.sec.gov/Archives/edgar/data/1067491/000106749125000022/exv99w05.htm,data/sources/infosys/edgar/0001067491-25-000022/exv99w05.htm,"n/a (HTML exhibit, no pagination)",commentary,,Answer to Apurva Prasad asking if weak outlook is macro or structural AI productivity pass-back (analyst cited 5-15% benefits passed via AI programs); management attributes to macro/demand.,N,company IR / SEC filing (no aggregator used)
Infosys-33,Infosys,Q2FY26,2025-10-16,"Jayesh Sanghrajka, Chief Financial Officer",deflation,We are at the forefront of leveraging AI and automation to increase productivity and offset pricing deflation.,N,,https://www.sec.gov/Archives/edgar/data/1067491/000106749125000036/exv99w05.htm,data/sources/infosys/edgar/0001067491-25-000036/exv99w05.htm,"n/a (HTML exhibit, no pagination)",commentary,,Manufacturing vertical commentary in prepared remarks.,Y,company IR / SEC filing (no aggregator used)
Infosys-34,Infosys,Q2FY26,2025-10-16,"Jayesh Sanghrajka, Chief Financial Officer",pricing_increase,"The part of that is also Project Maximus, where we have been trying to drive or getting the effective pricing increases through various levers within that, and that is where it has helped in terms of revenue.",N,,https://www.sec.gov/Archives/edgar/data/1067491/000106749125000036/exv99w05.htm,data/sources/infosys/edgar/0001067491-25-000036/exv99w05.htm,"n/a (HTML exhibit, no pagination)",commentary,,"Answer to Nitin Padmanabhan: volumes soft, growth from RPP/realization.",N,company IR / SEC filing (no aggregator used)
Infosys-35,Infosys,Q2FY26,2025-10-16,"Salil Parekh, Chief Executive Officer and Managing Director",deflation,"So, at this stage, I don't have a view on which of these two factors will be larger or smaller, but we certainly see a lot of growth opportunities from what we can deliver with AI.",N,,https://www.sec.gov/Archives/edgar/data/1067491/000106749125000036/exv99w05.htm,data/sources/infosys/edgar/0001067491-25-000036/exv99w05.htm,"n/a (HTML exhibit, no pagination)",commentary,,Answer to Sumeet Jain asking if AI deflation exceeds volume growth.,N,company IR / SEC filing (no aggregator used)
Infosys-36,Infosys,Q3FY26,2026-01-14,"Salil Parekh, Chief Executive Officer and Managing Director",deflation,We also see productivity-led benefits that compress some legacy areas.,N,,https://www.sec.gov/Archives/edgar/data/1067491/000106749126000004/exv99w05.htm,data/sources/infosys/edgar/0001067491-26-000004/exv99w05.htm,"n/a (HTML exhibit, no pagination)",commentary,,CEO prepared remarks.,N,company IR / SEC filing (no aggregator used)
Infosys-37,Infosys,Q3FY26,2026-01-14,"Jayesh Sanghrajka, Chief Financial Officer",pricing_increase,"On the pricing, if you look at our consistent pricing commentary has been that our pricing is accretive. We have seen consistently our pricing going up on back of various factors, including AI, including Project Maximus. ... So, we do not really see an impact or a headwind coming because of the AI projects on pricing, especially.",N,,https://www.sec.gov/Archives/edgar/data/1067491/000106749126000004/exv99w05.htm,data/sources/infosys/edgar/0001067491-26-000004/exv99w05.htm,"n/a (HTML exhibit, no pagination)",commentary,,Answer to Ankur Rudra on pricing pressure.,N,company IR / SEC filing (no aggregator used)
Infosys-38,Infosys,Q3FY26,2026-01-14,"Jayesh Sanghrajka, Chief Financial Officer",productivity_passthrough,"So, if you are delivering better productivity, you would be able to keep some of that with you, which will get reflected in better pricing. If you are behind the curve in delivering the productivity, you would see a dip in pricing.",N,,https://www.sec.gov/Archives/edgar/data/1067491/000106749126000004/exv99w05.htm,data/sources/infosys/edgar/0001067491-26-000004/exv99w05.htm,"n/a (HTML exhibit, no pagination)",commentary,,Answer to Keith Bachman on AI and linearity/pricing.,N,company IR / SEC filing (no aggregator used)
Infosys-39,Infosys,Q3FY26,2026-01-14,"Salil Parekh, Chief Executive Officer and Managing Director",renewal_terms,"Typically, across the Board, there is a large expectation from clients on AI productivity benefits. What we have done is we have modeled in what we are seeing today and built a path to that because these are typically three-five year deals.",N,,https://www.sec.gov/Archives/edgar/data/1067491/000106749126000004/exv99w05.htm,data/sources/infosys/edgar/0001067491-26-000004/exv99w05.htm,"n/a (HTML exhibit, no pagination)",commentary,,Answer to Gaurav Rateria on renewals of large deals with AI tools.,N,company IR / SEC filing (no aggregator used)
Infosys-40,Infosys,Q4FY26,2026-04-23,"Jayesh Sanghrajka, Chief Financial Officer",productivity_passthrough,"This assumes headwinds from wage hikes, productivity pass-throughs and AI investment offset by initiatives under project Maximus.",N,,https://www.sec.gov/Archives/edgar/data/1067491/000106749126000018/exv99w05.htm,data/sources/infosys/edgar/0001067491-26-000018/exv99w05.htm,"n/a (HTML exhibit, no pagination)",commentary,,FY27 margin guidance assumptions.,N,company IR / SEC filing (no aggregator used)
Infosys-41,Infosys,Q4FY26,2026-04-23,"Jayesh Sanghrajka, Chief Financial Officer",other,"Reduction of 0.75% to 1% due to lower revenue from one of our large European manufacturing client. This was due to reduced client spend on account of challenging macro environment, along with our conscious decision to not pursue certain deals that were not aligned to our return expectations.",Y,0.75%-1% FY27 revenue guidance reduction from one client,https://www.sec.gov/Archives/edgar/data/1067491/000106749126000018/exv99w05.htm,data/sources/infosys/edgar/0001067491-26-000018/exv99w05.htm,"n/a (HTML exhibit, no pagination)",measured,"Firm-quantified revenue impact, attributed to client spend cut (macro) and deal selection, not pricing.",Useful as a demand-side (not AI-pricing) attribution.,Y,company IR / SEC filing (no aggregator used)
Infosys-42,Infosys,Q4FY26,2026-04-23,"Jayesh Sanghrajka, Chief Financial Officer",productivity_passthrough,"So Yogesh, market is competitive. As I said, the competitive intensity in the market has gone up and the productivity will get passed back to the client largely.",N,,https://www.sec.gov/Archives/edgar/data/1067491/000106749126000018/exv99w05.htm,data/sources/infosys/edgar/0001067491-26-000018/exv99w05.htm,"n/a (HTML exhibit, no pagination)",commentary,,Answer to Yogesh Aggarwal asking why productivity pass-through hurts margins.,Y,company IR / SEC filing (no aggregator used)
Infosys-43,Infosys,Q4FY26,2026-04-23,"Salil Parekh, Chief Executive Officer and Managing Director",deflation,"We have a couple of other growth drivers and then there is a compression side. And that is the balance that we are seeing in the past year with 3.1% and if you adjust for the one-timers from the prior year, we had a growth rate which was more than the compression we were seeing.",N,,https://www.sec.gov/Archives/edgar/data/1067491/000106749126000018/exv99w05.htm,data/sources/infosys/edgar/0001067491-26-000018/exv99w05.htm,"n/a (HTML exhibit, no pagination)",commentary,,"Answer to Ankur Rudra on demand vs structural AI deflation vs one account; 3.1% = FY26 growth, not a compression figure.",N,company IR / SEC filing (no aggregator used)
Infosys-44,Infosys,Q4FY26,2026-04-23,"Salil Parekh, Chief Executive Officer and Managing Director",renewal_terms,"we are now working with clients where some of the productivity discussions were baked into the deals over the past year or so and then you have a multiple year outlook. So, all of that will not happen on the first year, it goes through it.",N,,https://www.sec.gov/Archives/edgar/data/1067491/000106749126000018/exv99w05.htm,data/sources/infosys/edgar/0001067491-26-000018/exv99w05.htm,"n/a (HTML exhibit, no pagination)",commentary,,Answer to Vibhor Singhal on where Infosys is in the AI revenue-deflation cycle.,N,company IR / SEC filing (no aggregator used)
Infosys-45,Infosys,Q4FY26,2026-04-23,"Jayesh Sanghrajka, Chief Financial Officer",renewal_terms,"I do not think we have seen, scenarios where what we signed few months back, a client has come back and asked us, different productivity to be baked in again.",N,,https://www.sec.gov/Archives/edgar/data/1067491/000106749126000018/exv99w05.htm,data/sources/infosys/edgar/0001067491-26-000018/exv99w05.htm,"n/a (HTML exhibit, no pagination)",commentary,,Follow-up from Vibhor Singhal on mid-contract productivity asks.,N,company IR / SEC filing (no aggregator used)
Infosys-46,Infosys,Q4FY26,2026-04-23,"Jayesh Sanghrajka, Chief Financial Officer",deflation,"we do see some deflation from our existing services, right? And part largely part of that is getting offset by the new services, the new AI-driven services.",N,,https://www.sec.gov/Archives/edgar/data/1067491/000106749126000018/exv99w05.htm,data/sources/infosys/edgar/0001067491-26-000018/exv99w05.htm,"n/a (HTML exhibit, no pagination)",commentary,,Answer to Keith Bachman on pricing competitiveness.,N,company IR / SEC filing (no aggregator used)
Infosys-47,Infosys,Q1FY27,2026-07-23,"Jayesh Sanghrajka, Chief Financial Officer",pricing_increase,"Additionally, client expectation on productivity, along with high competitive intensity is resulting in softer increase in price versus our expectations.",N,,https://www.sec.gov/Archives/edgar/data/1067491/000106749126000038/exv99w05.htm,data/sources/infosys/edgar/0001067491-26-000038/exv99w05.htm,"n/a (HTML exhibit, no pagination)",commentary,,Prepared remarks explaining guidance cut to 1.5%-3%; listed alongside soft volumes (demand).,N,company IR / SEC filing (no aggregator used)
Infosys-48,Infosys,Q1FY27,2026-07-23,"Jayesh Sanghrajka, Chief Financial Officer",productivity_passthrough,Clients are asking for AI-led productivity commitments leading to new pricing structures.,N,,https://www.sec.gov/Archives/edgar/data/1067491/000106749126000038/exv99w05.htm,data/sources/infosys/edgar/0001067491-26-000038/exv99w05.htm,"n/a (HTML exhibit, no pagination)",commentary,,Retail and CPG vertical commentary.,N,company IR / SEC filing (no aggregator used)
Infosys-49,Infosys,Q1FY27,2026-07-23,"Jayesh Sanghrajka, Chief Financial Officer",pricing_level,"the volumes that were softer with the cascading effect, the ask of productivity from clients and increased competitiveness, competition in pricing that reflected in a lower-than-expected pricing this quarter, which will again have effect on the rest of the year.",N,,https://www.sec.gov/Archives/edgar/data/1067491/000106749126000038/exv99w05.htm,data/sources/infosys/edgar/0001067491-26-000038/exv99w05.htm,"n/a (HTML exhibit, no pagination)",commentary,,Explaining FY27 guidance cut: both softer volumes and lower-than-expected pricing.,N,company IR / SEC filing (no aggregator used)
Infosys-50,Infosys,Q1FY27,2026-07-23,"Jayesh Sanghrajka, Chief Financial Officer",pricing_increase,"we have not seen as much price increase that we envisaged at the beginning of the year on the back of the AI productivity ask of the clients, plus the intensifying competitiveness in the market. But we are still seeing a net increase in the pricing.",N,,https://www.sec.gov/Archives/edgar/data/1067491/000106749126000038/exv99w05.htm,data/sources/infosys/edgar/0001067491-26-000038/exv99w05.htm,"n/a (HTML exhibit, no pagination)",commentary,,Answer to Jonathan Lee on pricing headwinds vs April outlook.,N,company IR / SEC filing (no aggregator used)
Infosys-51,Infosys,Q1FY27,2026-07-23,"Jayesh Sanghrajka, Chief Financial Officer",deflation,"whenever the deal comes up for renewal, we always used to have the additional productivity ask from the client, which is how traditionally this industry has been. On the back of AI, there is an additional deflation or the AI led deflation as we call it.",N,,https://www.sec.gov/Archives/edgar/data/1067491/000106749126000038/exv99w05.htm,data/sources/infosys/edgar/0001067491-26-000038/exv99w05.htm,"n/a (HTML exhibit, no pagination)",commentary,,Renewal productivity asks plus incremental AI-led deflation.,Y,company IR / SEC filing (no aggregator used)
Infosys-52,Infosys,Q1FY27,2026-07-23,"Salil Parekh, Chief Executive Officer and Managing Director",deflation,"On the quantification, we do not quantify that compression part externally, but we acknowledge of course there is a compression and internally, we track it to see how that works. ... So it is not easy to simply say like-for-like in many cases, but they are definitely we see a compression.",N,,https://www.sec.gov/Archives/edgar/data/1067491/000106749126000038/exv99w05.htm,data/sources/infosys/edgar/0001067491-26-000038/exv99w05.htm,"n/a (HTML exhibit, no pagination)",commentary,,Answer to Abhishek Pathak asking to quantify deflation.,Y,company IR / SEC filing (no aggregator used)
Infosys-53,Infosys,Q1FY27,2026-07-23,"Salil Parekh, Chief Executive Officer and Managing Director",renewal_terms,"And of course, at the renewal time, it is definitely there. Sometimes it does come in between the timeframe of the contracts’ renewal as well.",N,,https://www.sec.gov/Archives/edgar/data/1067491/000106749126000038/exv99w05.htm,data/sources/infosys/edgar/0001067491-26-000038/exv99w05.htm,"n/a (HTML exhibit, no pagination)",commentary,,Answer to Ankur Rudra on mid-contract vs renewal productivity asks.,N,company IR / SEC filing (no aggregator used)
HCLTech-00,HCLTech,Q3FY21,2021-01-15,"C. Vijayakumar, President & Chief Executive Officer",pricing_level,"So, these are the qualitative factors from a pricing perspective. Nothing unusual, it is pretty much similar dynamics as well in the past.",N,,https://www.hcltech.com/sites/default/files/documents/investor-reports/hcl_tech_q3_2021_earnings_call_transcript_0.pdf,data/sources/hcltech/transcripts_task3/HCL_Q3FY21.pdf,PDF p.18,commentary,,Answer to analyst on post-COVID steady-state margin outlook; pricing described as normal.,Y,company IR / SEC filing (no aggregator used)
HCLTech-01,HCLTech,Q4FY21,2021-04-23,"C. Vijayakumar, President & Chief Executive Officer",productivity_passthrough,"I think there would be a little bit of that seasonality which will play out in Q1. But nothing out of the way, I would say.",N,,https://www.hcltech.com/sites/default/files/documents/investor-reports/q4fy21_eanings_call_transcript_0.pdf,data/sources/hcltech/transcripts_task3/HCL_Q4FY21.pdf,PDF p.15,commentary,,"Analyst asked whether FY would again start soft ""because of some of the productivity clauses coming in in the larger engagement""; CVK confirms the Q1 productivity-clause seasonality.",N,company IR / SEC filing (no aggregator used)
HCLTech-02,HCLTech,Q1FY22,2021-07-19,"C. Vijayakumar, Chief Executive Officer & Managing Director",renewal_terms,"There is obviously some leakage which happens, because not 100% of the deals get renewed. Sometimes there is an M&A, sometimes they want a much better pricing which we are not able to. So, usually 2% to 3% is lost on those dimensions",Y,2%-3% of revenue lost at renewal (M&A or client demanding better pricing),https://www.hcltech.com/sites/default/files/documents/investor-reports/hcl-earnings_call_transcript_19-7-2021q1fy22.pdf,data/sources/hcltech/transcripts_task3/HCL_Q1FY22.pdf,PDF p.18,commentary,,Response to question on revenue leakage vs peers.,Y,company IR / SEC filing (no aggregator used)
HCLTech-03,HCLTech,Q2FY22,2021-10-14,"C. Vijayakumar, Chief Executive Officer & Managing Director",pricing_increase,"Rate card increase, definitely, obviously, given the, the supply situation we are doing everything possible to get increases, definitely new deals are going in with a slightly higher price. Even negotiations, we are probably holding much more firmer on our price. Of course, existing customers, it's difficult.",N,,https://www.hcltech.com/sites/default/files/documents/investor-reports/hcltech-earnings-oct14-2021_0.pdf,data/sources/hcltech/transcripts_task3/HCL_Q2FY22.pdf,PDF p.14,commentary,,Analyst asked about rate card increases; talent supply shortage context.,Y,company IR / SEC filing (no aggregator used)
HCLTech-04,HCLTech,Q2FY22,2021-10-14,"C. Vijayakumar, Chief Executive Officer & Managing Director",renewal_terms,"I don't think renewal pressures or anything material to callout, as I said in the past renewal rates are 97%, 98%.",Y,renewal rates 97%-98%,https://www.hcltech.com/sites/default/files/documents/investor-reports/hcltech-earnings-oct14-2021_0.pdf,data/sources/hcltech/transcripts_task3/HCL_Q2FY22.pdf,PDF p.17,measured,"Firm-reported renewal rate (97-98%), stated as a recurring figure.",Analyst asked about renewal pressure in legacy infrastructure business.,Y,company IR / SEC filing (no aggregator used)
HCLTech-05,HCLTech,Q3FY22,2022-01-14,"Prateek Aggarwal, Chief Financial Officer",pricing_increase,"Pricing, in fact as I mentioned, is one of the levers we are looking to absorb the cost increases.",N,,https://www.hcltech.com/sites/default/files/documents/investor-reports/HCLTech-Earnings-Jan14-2022-q3.pdf,data/sources/hcltech/transcripts_task3/HCL_Q3FY22.pdf,PDF p.16,commentary,,Wage/supply cost inflation context.,N,company IR / SEC filing (no aggregator used)
HCLTech-06,HCLTech,Q3FY22,2022-01-14,"C. Vijayakumar, Chief Executive Officer & Managing Director",pricing_increase,"the most sustainable lever that we believe which will help us will be to really get rate increases, and we are already we increased our price list, all the new bids go in at a much higher price. We have approached all our clients. So, clients are also responding quite positively.",N,,https://www.hcltech.com/sites/default/files/documents/investor-reports/HCLTech-Earnings-Jan14-2022-q3.pdf,data/sources/hcltech/transcripts_task3/HCL_Q3FY22.pdf,PDF p.17,commentary,,Margin discussion; industry cost structures changing (supply-side wage inflation).,Y,company IR / SEC filing (no aggregator used)
HCLTech-07,HCLTech,Q4FY22,2022-04-21,"Prateek Aggarwal, Chief Financial Officer",pricing_increase,"on the pricing side, as we have mentioned before, we find customers are receptive to our request for price increases, especially in the Mode-2 kind or Change-the-Business kind of things and which we are reaching out. It does take time to get that down on paper, and then start realizing it in the P&L.",N,,https://www.hcltech.com/sites/default/files/documents/investor-reports/HCLTech-Earnings-Apr21-2022-V.2.pdf,data/sources/hcltech/transcripts_task3/HCL_Q4FY22.pdf,PDF p.14,commentary,,Analyst asked whether pricing would be a tailwind in FY23.,N,company IR / SEC filing (no aggregator used)
HCLTech-08,HCLTech,Q4FY22,2022-04-21,"C. Vijayakumar, Chief Executive Officer & Managing Director",pricing_increase,We hope to see the margins increase incrementally from here based on all the interventions including rate hikes and whole talent strategy.,N,,https://www.hcltech.com/sites/default/files/documents/investor-reports/HCLTech-Earnings-Apr21-2022-V.2.pdf,data/sources/hcltech/transcripts_task3/HCL_Q4FY22.pdf,PDF p.15,commentary,,,N,company IR / SEC filing (no aggregator used)
HCLTech-09,HCLTech,Q1FY23,2022-07-12,"C. Vijayakumar, Chief Executive Officer & Managing Director",pricing_increase,"These include both revenue and cost levers and are led by innovative pricing rate increases and optimization of operating costs through upskilling, increased fresher addition, and many others.",N,,https://www.hcltech.com/sites/default/files/documents/investor-reports/HCL_Tech_Transcript_Q1_FY23_2022-23.pdf,data/sources/hcltech/transcripts_task3/HCL_Q1FY23.pdf,PDF p.3,commentary,,Prepared remarks on profitability actions.,N,company IR / SEC filing (no aggregator used)
HCLTech-10,HCLTech,Q1FY23,2022-07-12,"Prateek Aggarwal, Chief Financial Officer",productivity_passthrough,"the first quarter for us is replete with a number of customer contracts where we have productivity commitments, etc., so, the revenue line does dip little bit compared to the consecutive 5% growth we were showing on services in the last three quarters.",N,,https://www.hcltech.com/sites/default/files/documents/investor-reports/HCL_Tech_Transcript_Q1_FY23_2022-23.pdf,data/sources/hcltech/transcripts_task3/HCL_Q1FY23.pdf,PDF p.6,commentary,,Prepared remarks; Q1 seasonality from contractual productivity commitments (pre-GenAI).,N,company IR / SEC filing (no aggregator used)
HCLTech-11,HCLTech,Q1FY23,2022-07-12,"C. Vijayakumar, Chief Executive Officer & Managing Director",pricing_increase,We've gone through a very logical reasoning on what we need from our clients on the current increased wage inflation and our customers are very considerate and are either changing a little bit of the delivery model or are giving us some additional pricing.,N,,https://www.hcltech.com/sites/default/files/documents/investor-reports/HCL_Tech_Transcript_Q1_FY23_2022-23.pdf,data/sources/hcltech/transcripts_task3/HCL_Q1FY23.pdf,PDF p.8,commentary,,Analyst asked if it is late in the cycle to ask for price hikes.,N,company IR / SEC filing (no aggregator used)
HCLTech-12,HCLTech,Q1FY23,2022-07-12,"C. Vijayakumar, Chief Executive Officer & Managing Director",pricing_increase,"We are looking at the managed services deals where we give a year-on-year productivity benefit, we are obviously having some provisions to negotiate the cost-of-living adjustment, so, obviously, that is a lever that we can emphasize a lot more because contractually they are provisions.",N,,https://www.hcltech.com/sites/default/files/documents/investor-reports/HCL_Tech_Transcript_Q1_FY23_2022-23.pdf,data/sources/hcltech/transcripts_task3/HCL_Q1FY23.pdf,PDF p.9,commentary,,Analyst asked size of blended price increases; CVK says difficult to quantify. Note: links YoY productivity give-backs and COLA clauses.,N,company IR / SEC filing (no aggregator used)
HCLTech-13,HCLTech,Q1FY23,2022-07-12,"C. Vijayakumar, Chief Executive Officer & Managing Director",pricing_increase,"No. As we speak, we have significantly increased our pricing.",N,,https://www.hcltech.com/sites/default/files/documents/investor-reports/HCL_Tech_Transcript_Q1_FY23_2022-23.pdf,data/sources/hcltech/transcripts_task3/HCL_Q1FY23.pdf,PDF p.12,commentary,,Analyst asked about changes in threshold margins on new orders.,N,company IR / SEC filing (no aggregator used)
HCLTech-14,HCLTech,Q2FY23,2022-10-12,"Prateek Aggarwal, Chief Financial Officer",pricing_increase,"So, the total impact of realization and utilization was more than half of that 115 basis points.",Y,realization + utilization > half of 115 bps services margin gain,https://www.hcltech.com/sites/default/files/documents/investor-reports/HCLTech_Q2_FY23_Transcript_0.pdf,data/sources/hcltech/transcripts_task3/HCL_Q2FY23.pdf,PDF p.9,measured,Firm-reported margin-walk attribution: realization (higher billing rates from existing and new projects) plus utilization contributed >57 bps of sequential services margin.,"Preceding sentence: biggest factor is realization increase from existing customers/projects and new deals. Analyst later references ""100 basis points increase in realization"".",Y,company IR / SEC filing (no aggregator used)
HCLTech-15,HCLTech,Q2FY23,2022-10-12,"Prateek Aggarwal, Chief Financial Officer",pricing_increase,"the realization increase is there what I have mentioned. As I also mentioned, it's driven by some renegotiations, COLA and those kind of things, which is for existing customers' existing work.",N,,https://www.hcltech.com/sites/default/files/documents/investor-reports/HCLTech_Q2_FY23_Transcript_0.pdf,data/sources/hcltech/transcripts_task3/HCL_Q2FY23.pdf,PDF p.11,commentary,,Analyst cited 100 bps realization increase.,N,company IR / SEC filing (no aggregator used)
HCLTech-16,HCLTech,Q2FY23,2022-10-12,"Prateek Aggarwal, Chief Financial Officer",pricing_increase,"January onwards, we revised our rate card. And as those deals become a greater percentage of the total revenue of the quarter, that is also delivering the dividend.",N,,https://www.hcltech.com/sites/default/files/documents/investor-reports/HCLTech_Q2_FY23_Transcript_0.pdf,data/sources/hcltech/transcripts_task3/HCL_Q2FY23.pdf,PDF p.11,commentary,,,N,company IR / SEC filing (no aggregator used)
HCLTech-17,HCLTech,Q2FY23,2022-10-12,"C. Vijayakumar, Chief Executive Officer & Managing Director",pricing_increase,"in existing engagements and all the new deals that we have won since January, we had a significant price increase. In spite of the price increase, we've been able to continue to accelerate our bookings.",N,,https://www.hcltech.com/sites/default/files/documents/investor-reports/HCLTech_Q2_FY23_Transcript_0.pdf,data/sources/hcltech/transcripts_task3/HCL_Q2FY23.pdf,PDF p.13,commentary,,,Y,company IR / SEC filing (no aggregator used)
HCLTech-18,HCLTech,Q3FY23,2023-01-12,"Prateek Aggarwal, Chief Financial Officer",pricing_increase,"This quarter, we gained 40 basis points through pyramid optimization, deployment and billing of freshers as well as 30 basis points on top by realization improvements and other efficiencies",Y,30 bps margin gain from realization improvements,https://www.hcltech.com/sites/default/files/documents/investor-reports/HCLTech_Q3_FY23_Transcript_0.pdf,data/sources/hcltech/transcripts_task3/HCL_Q3FY23.pdf,PDF p.6,measured,Margin-walk attribution of realization (billing-rate) improvement: +30 bps this quarter.,Prepared margin walk.,Y,company IR / SEC filing (no aggregator used)
HCLTech-19,HCLTech,Q3FY23,2023-01-12,"Prateek Aggarwal, Chief Financial Officer",pricing_increase,"we continue to see improvement in our billing realizations as well. So, last quarter was a 1%, this quarter, it's that 30 bps that I called out.",Y,"billing realization improvement: 1% (Q2FY23), 30 bps (Q3FY23)",https://www.hcltech.com/sites/default/files/documents/investor-reports/HCLTech_Q3_FY23_Transcript_0.pdf,data/sources/hcltech/transcripts_task3/HCL_Q3FY23.pdf,PDF p.10,measured,Reported billing-realization improvement figures for two consecutive quarters.,,Y,company IR / SEC filing (no aggregator used)
HCLTech-20,HCLTech,Q3FY23,2023-01-12,"Prateek Aggarwal, Chief Financial Officer",pricing_increase,"we made a definitive change in our rate card somewhere, January last year. So, basically all deals signed since then have been at better rates, and there has been no change in that in this quarter or the previous quarter.",N,,https://www.hcltech.com/sites/default/files/documents/investor-reports/HCLTech_Q3_FY23_Transcript_0.pdf,data/sources/hcltech/transcripts_task3/HCL_Q3FY23.pdf,PDF p.12,commentary,,Analyst asked whether realization on newly signed deals had changed direction.,N,company IR / SEC filing (no aggregator used)
HCLTech-21,HCLTech,Q4FY23,2023-04-20,"C. Vijayakumar, Chief Executive Officer & Managing Director",pricing_level,"I don’t believe there is going to be a price expansion in this environment, and I don’t think we have baked in that in the revenue or the margins. It’s primarily due to volume.",N,,https://www.hcltech.com/sites/default/files/documents/investor-reports/HCLTech_Q4_FY23_Transcript_0.pdf,data/sources/hcltech/transcripts_task3/HCL_Q4FY23.pdf,PDF p.11,commentary,,Analyst asked whether FY24 guidance is volume- or price-driven; marks end of the 2022 price-increase phase.,Y,company IR / SEC filing (no aggregator used)
HCLTech-22,HCLTech,Q4FY23,2023-04-20,"C. Vijayakumar, Chief Executive Officer & Managing Director",productivity_passthrough,"apart from regular wage related dynamics, there is also productivity benefits and things like that. And I think these are the 2 things which we think are significant to be called out",N,,https://www.hcltech.com/sites/default/files/documents/investor-reports/HCLTech_Q4_FY23_Transcript_0.pdf,data/sources/hcltech/transcripts_task3/HCL_Q4FY23.pdf,PDF p.11,commentary,,Analyst asked about FY24 margin headwinds.,N,company IR / SEC filing (no aggregator used)
HCLTech-23,HCLTech,Q4FY23,2023-04-20,"C. Vijayakumar, Chief Executive Officer & Managing Director",other,it's not just vendor consolidation. It's also about how can we bring some of the newer automation levers in providing much better cost structures for the client,N,,https://www.hcltech.com/sites/default/files/documents/investor-reports/HCLTech_Q4_FY23_Transcript_0.pdf,data/sources/hcltech/transcripts_task3/HCL_Q4FY23.pdf,PDF p.16,commentary,,Vendor consolidation deals tied to automation-driven lower client cost.,N,company IR / SEC filing (no aggregator used)
HCLTech-24,HCLTech,Q1FY24,2023-07-12,"C. Vijayakumar, Chief Executive Officer & Managing Director",productivity_passthrough,"Q1 is seasonally a soft quarter for HCLTech. As you would know, a lot of productivity benefits for a number of deals kick in during this quarter. Our revenues declined 1.3% sequentially",Y,revenue -1.3% QoQ (Q1 with productivity benefits kicking in; not solely attributed),https://www.hcltech.com/sites/default/files/documents/investor-reports/HCLTech_Q1_FY24_Transcript_0.pdf,data/sources/hcltech/transcripts_task3/HCL_Q1FY24.pdf,PDF p.2,measured,Reported revenue change (-1.3% QoQ) in a quarter where annual productivity benefits kick in; productivity share not separated.,Prepared remarks.,Y,company IR / SEC filing (no aggregator used)
HCLTech-25,HCLTech,Q1FY24,2023-07-12,"C. Vijayakumar, Chief Executive Officer & Managing Director",deflation,"at this point, I don't see anyone trying to take the contractual position of how much we have to deliver through this technology because there are too many dependencies.",N,,https://www.hcltech.com/sites/default/files/documents/investor-reports/HCLTech_Q1_FY24_Transcript_0.pdf,data/sources/hcltech/transcripts_task3/HCL_Q1FY24.pdf,PDF p.8,commentary,,Analyst asked whether GenAI is a source of price deflation in contracts.,N,company IR / SEC filing (no aggregator used)
HCLTech-26,HCLTech,Q1FY24,2023-07-12,"C. Vijayakumar, Chief Executive Officer & Managing Director",deflation,"one of the key benefits are going to be around efficiency. So which means there will be some deflation, but I think it's at least two to three years away.",Y,GenAI deflation expected at least 2-3 years away,https://www.hcltech.com/sites/default/files/documents/investor-reports/HCLTech_Q1_FY24_Transcript_0.pdf,data/sources/hcltech/transcripts_task3/HCL_Q1FY24.pdf,PDF p.8,commentary,,Same answer on GenAI price deflation.,Y,company IR / SEC filing (no aggregator used)
HCLTech-27,HCLTech,Q4FY24,2024-04-26,"Prateek Aggarwal, Chief Financial Officer",productivity_passthrough,"In Q1, as you know, there is the usual annual productivity pass back that we have for a large number of our clients and the same impact would be there this year as well. ... which is expected to land the Q1 revenues at about (-2%) versus the (-1.3%) that we had in the June quarter of last year.",Y,Q1FY25 revenue expected ~-2% QoQ vs -1.3% in Q1FY24 (productivity pass back plus offshoring impact in a large FS deal),https://www.hcltech.com/sites/default/files/documents/investor-reports/HCLTech-Earnings-Apr26-2024.pdf,data/sources/hcltech/transcripts_task3/HCL_Q4FY24.pdf,PDF p.8,commentary,,Elided text says the extra decline vs last year comes from an offshoring impact in one large FS deal.,Y,company IR / SEC filing (no aggregator used)
HCLTech-28,HCLTech,Q4FY24,2024-04-26,"C. Vijayakumar, Chief Executive Officer & Managing Director",productivity_passthrough,"there are some productivity benefits, which is year-on-year that has some decline in characteristics.",N,,https://www.hcltech.com/sites/default/files/documents/investor-reports/HCLTech-Earnings-Apr26-2024.pdf,data/sources/hcltech/transcripts_task3/HCL_Q4FY24.pdf,PDF p.12,commentary,,Explaining revenue runoff assumptions in FY25 guidance.,N,company IR / SEC filing (no aggregator used)
HCLTech-29,HCLTech,Q4FY24,2024-04-26,"C. Vijayakumar, Chief Executive Officer & Managing Director",pricing_level,"So, either if you are in a large, if you have a large footprint the customer expects more for less and in some areas where they have not really outsourced, they tend to outsource more.",N,,https://www.hcltech.com/sites/default/files/documents/investor-reports/HCLTech-Earnings-Apr26-2024.pdf,data/sources/hcltech/transcripts_task3/HCL_Q4FY24.pdf,PDF p.17,commentary,,Context: software vendors raising prices squeezes services budgets.,N,company IR / SEC filing (no aggregator used)
HCLTech-30,HCLTech,Q1FY25,2024-07-12,"Prateek Aggarwal, Chief Financial Officer",productivity_passthrough,The impact of annual productivity that has resulted in the revenue decline has been offset by efficiencies in business,N,,https://www.hcltech.com/sites/default/files/documents/investor-reports/Hcltech-call-earnings-Jul12-2024.pdf,data/sources/hcltech/transcripts_task3/HCL_Q1FY25.pdf,PDF p.7,commentary,,Margin walk.,N,company IR / SEC filing (no aggregator used)
HCLTech-31,HCLTech,Q1FY25,2024-07-12,"C. Vijayakumar, Chief Executive Officer & Managing Director",renewal_terms,"More than the expectation from the clients on GenAI, I think it's the competitive intensity which is kind of driving some irrational behavior.",N,,https://www.hcltech.com/sites/default/files/documents/investor-reports/Hcltech-call-earnings-Jul12-2024.pdf,data/sources/hcltech/transcripts_task3/HCL_Q1FY25.pdf,PDF p.11,commentary,,Analyst asked what clients ask for in ADM/IMS renewals regarding GenAI benefits to be passed on.,N,company IR / SEC filing (no aggregator used)
HCLTech-32,HCLTech,Q1FY25,2024-07-12,"C. Vijayakumar, Chief Executive Officer & Managing Director",productivity_passthrough,The first is DPO and testing. I believe the benefits would be to the extent of 50% and we ourselves have delivered programs or delivering programs which is promising 50% savings from their current outsourced spend on DPO and testing.,Y,50% savings on outsourced DPO/testing spend,https://www.hcltech.com/sites/default/files/documents/investor-reports/Hcltech-call-earnings-Jul12-2024.pdf,data/sources/hcltech/transcripts_task3/HCL_Q1FY25.pdf,PDF p.14,commentary,,,Y,company IR / SEC filing (no aggregator used)
HCLTech-33,HCLTech,Q1FY25,2024-07-12,"C. Vijayakumar, Chief Executive Officer & Managing Director",productivity_passthrough,"In ADM, we expect productivity improvement anywhere from 10% to 30% by adoption of a GitHub Copilot.",Y,ADM productivity 10%-30%,https://www.hcltech.com/sites/default/files/documents/investor-reports/Hcltech-call-earnings-Jul12-2024.pdf,data/sources/hcltech/transcripts_task3/HCL_Q1FY25.pdf,PDF p.14,commentary,,,Y,company IR / SEC filing (no aggregator used)
HCLTech-34,HCLTech,Q1FY25,2024-07-12,"C. Vijayakumar, Chief Executive Officer & Managing Director",productivity_passthrough,the incremental benefit you would see would be in the range of 10%. That's what we expect.,Y,~10% incremental GenAI benefit in infrastructure/application operations,https://www.hcltech.com/sites/default/files/documents/investor-reports/Hcltech-call-earnings-Jul12-2024.pdf,data/sources/hcltech/transcripts_task3/HCL_Q1FY25.pdf,PDF p.15,commentary,,Refers to infrastructure and application operations already automated with ML.,Y,company IR / SEC filing (no aggregator used)
HCLTech-35,HCLTech,Q2FY25,2024-10-14,"C. Vijayakumar, Chief Executive Officer & Managing Director",productivity_passthrough,"Only one DPO deal which is significantly pre-announced where we are very well into implementing a lot of automation led by the previous version of AI Force, so which really helped us pass back the productivity. In fact, almost two-thirds of what we needed to achieve is already in place.",Y,two-thirds of committed productivity already achieved,https://www.hcltech.com/sites/default/files/documents/investor-reports/HCLTech-call-earnings-oct14-2024-Transcript.pdf,data/sources/hcltech/transcripts_task3/HCL_Q2FY25.pdf,PDF p.9,commentary,,Analyst asked about AI-led productivity baked into deal wins (BPO deal); CVK later says it is a renewal.,Y,company IR / SEC filing (no aggregator used)
HCLTech-36,HCLTech,Q3FY25,2025-01-13,"C. Vijayakumar, Chief Executive Officer & Managing Director",productivity_passthrough,"the three things that contributed in FY25 Q1, only one of them, which is the normal seasonality productivity benefit. Only that will play out.",N,,https://www.hcltech.com/sites/default/files/documents/investor-reports/HCLTech-Earnings-Jan13-2025_1.pdf,data/sources/hcltech/transcripts_task3/HCL_Q3FY25.pdf,PDF p.16,commentary,,Outlook for Q1FY26.,N,company IR / SEC filing (no aggregator used)
HCLTech-37,HCLTech,Q4FY25,2025-04-22,"C. Vijayakumar, Chief Executive Officer & Managing Director",productivity_passthrough,"we're winning higher wallet share with existing customers, even as we bake in Generative AI-induced productivity gains in our bids.",N,,https://www.hcltech.com/sites/default/files/documents/investor-reports/HCLTech-Earnings-Q4FY25-Transcript.pdf,data/sources/hcltech/transcripts_task3/HCL_Q4FY25.pdf,PDF p.9,commentary,,Prepared remarks.,Y,company IR / SEC filing (no aggregator used)
HCLTech-38,HCLTech,Q4FY25,2025-04-22,"C. Vijayakumar, Chief Executive Officer & Managing Director",deflation,"Yes, so the level of deflation is something which is very dependent on what services are we delivering. ... And in software development, we are looking like 20% to 25% when we are able to implement and the maturity picks up.",Y,software development 20%-25%,https://www.hcltech.com/sites/default/files/documents/investor-reports/HCLTech-Earnings-Q4FY25-Transcript.pdf,data/sources/hcltech/transcripts_task3/HCL_Q4FY25.pdf,PDF p.18,commentary,,Analyst asked level of deflation on existing business where AI efficiencies are passed back.,Y,company IR / SEC filing (no aggregator used)
HCLTech-39,HCLTech,Q4FY25,2025-04-22,"C. Vijayakumar, Chief Executive Officer & Managing Director",deflation,"In digital process operations, agentic solutions are very real. We believe there can be a significant reduction. ... There it can be anywhere between 20% to even 50%.",Y,digital process operations 20%-50%,https://www.hcltech.com/sites/default/files/documents/investor-reports/HCLTech-Earnings-Q4FY25-Transcript.pdf,data/sources/hcltech/transcripts_task3/HCL_Q4FY25.pdf,PDF p.18,commentary,,Same answer.,Y,company IR / SEC filing (no aggregator used)
HCLTech-40,HCLTech,Q4FY25,2025-04-22,"C. Vijayakumar, Chief Executive Officer & Managing Director",renewal_terms,There was incremental business from almost all the renewals that we signed. It was more than the deflationary impact.,N,,https://www.hcltech.com/sites/default/files/documents/investor-reports/HCLTech-Earnings-Q4FY25-Transcript.pdf,data/sources/hcltech/transcripts_task3/HCL_Q4FY25.pdf,PDF p.18,commentary,,,N,company IR / SEC filing (no aggregator used)
HCLTech-41,HCLTech,Q1FY26,2025-07-14,"C. Vijayakumar, Chief Executive Officer & Managing Director",other,the people that were released due to productivity benefits could not be redeployed due to skill and location mismatch.,N,,https://www.hcltech.com/sites/default/files/documents/investor-reports/HCLTech-Earnings-Q1FY26-Transcript-18.pdf,data/sources/hcltech/transcripts_task3/HCL_Q1FY26.pdf,PDF p.3,commentary,,Prepared remarks on below-plan margin (utilization drop).,N,company IR / SEC filing (no aggregator used)
HCLTech-42,HCLTech,Q1FY26,2025-07-14,"C. Vijayakumar, Chief Executive Officer & Managing Director",renewal_terms,"When renewals are there, definitely customers have expectations and competitive pressures as well. So, we obviously have to react appropriately to that.",N,,https://www.hcltech.com/sites/default/files/documents/investor-reports/HCLTech-Earnings-Q1FY26-Transcript-18.pdf,data/sources/hcltech/transcripts_task3/HCL_Q1FY26.pdf,PDF p.22,commentary,,Analyst asked about out-of-turn client demands for lower pricing or AI-led productivity pass-throughs.,N,company IR / SEC filing (no aggregator used)
HCLTech-43,HCLTech,Q1FY26,2025-07-14,"C. Vijayakumar, Chief Executive Officer & Managing Director",productivity_passthrough,"if you allow us to use AI Force and use all the recipes that we’ve created, we will showcase to you the optimization that is possible. ... And it will mean some reduction in revenue for us. And we are okay with that.",N,,https://www.hcltech.com/sites/default/files/documents/investor-reports/HCLTech-Earnings-Q1FY26-Transcript-18.pdf,data/sources/hcltech/transcripts_task3/HCL_Q1FY26.pdf,PDF p.22,commentary,,,Y,company IR / SEC filing (no aggregator used)
HCLTech-44,HCLTech,Q1FY26,2025-07-14,"C. Vijayakumar, Chief Executive Officer & Managing Director",renewal_terms,"in 8 of them, the total revenue from the client is higher than the existing run rate that we had. So, we have been able to get a little more wallet share, which more than offsets some of the productivity benefits that we have given.",Y,8 of 9 renewals in quarter had higher total client revenue,https://www.hcltech.com/sites/default/files/documents/investor-reports/HCLTech-Earnings-Q1FY26-Transcript-18.pdf,data/sources/hcltech/transcripts_task3/HCL_Q1FY26.pdf,PDF p.22,measured,Firm-reported count of renewals (8 of 9) where total client revenue exceeded prior run rate despite productivity give-backs.,Preceding text: number of renewals done this quarter was 9.,Y,company IR / SEC filing (no aggregator used)
HCLTech-45,HCLTech,Q1FY26,2025-07-14,"C. Vijayakumar, Chief Executive Officer & Managing Director",deflation,"It’s only in a software development lifecycle- 25% to 30% benefit is realistic. And in a lot of business process operations, we think it can be 40% to 50%. ... So, I think in these two areas, it will definitely create deflation.",Y,SDLC 25%-30%; BPO 40%-50%,https://www.hcltech.com/sites/default/files/documents/investor-reports/HCLTech-Earnings-Q1FY26-Transcript-18.pdf,data/sources/hcltech/transcripts_task3/HCL_Q1FY26.pdf,PDF p.23,commentary,,Analyst compared to IMS cannibalization by cloud. Elided text cites contact centers with people reduced by 75%.,Y,company IR / SEC filing (no aggregator used)
HCLTech-46,HCLTech,Q1FY26,2025-07-14,"C. Vijayakumar, Chief Executive Officer & Managing Director",deflation,"we are seeing contact centers where a very large number of people get reduced by 75% even by implementing Agentic, Conversational AI and things like that.",Y,contact center headcount reduced 75%,https://www.hcltech.com/sites/default/files/documents/investor-reports/HCLTech-Earnings-Q1FY26-Transcript-18.pdf,data/sources/hcltech/transcripts_task3/HCL_Q1FY26.pdf,PDF p.23,commentary,,,appendix,company IR / SEC filing (no aggregator used)
HCLTech-47,HCLTech,Q2FY26,2025-10-13,"C. Vijayakumar, Chief Executive Officer & Managing Director",renewal_terms,"Five of our top 10 renewables came with increased ACV, while the specific SOWs in the remaining ones had a decline due to AI-linked productivity.",Y,5 of top 10 renewals with increased ACV; other 5 had SOW declines from AI productivity,https://www.hcltech.com/sites/default/files/documents/investor-reports/HCLTech-Earnings-Q2FY26-transcript-updated_0.pdf,data/sources/hcltech/transcripts_task3/HCL_Q2FY26.pdf,PDF p.6,measured,"Firm-reported outcome of top-10 renewals: 5 up in ACV, 5 with AI-linked SOW declines.",Prepared remarks.,Y,company IR / SEC filing (no aggregator used)
HCLTech-48,HCLTech,Q2FY26,2025-10-13,"C. Vijayakumar, Chief Executive Officer & Managing Director",deflation,"Other 5 of them had specific SOWs, which saw some deflation. But what is comforting is these are large clients of us. One segment of the work, there is some deflation.",Y,5 of top 10 renewals saw SOW deflation,https://www.hcltech.com/sites/default/files/documents/investor-reports/HCLTech-Earnings-Q2FY26-transcript-updated_0.pdf,data/sources/hcltech/transcripts_task3/HCL_Q2FY26.pdf,PDF p.19,commentary,,"Analyst noted net new bookings coming at the expense of renewals; CVK refers to ""renewal deflation"".",Y,company IR / SEC filing (no aggregator used)
HCLTech-49,HCLTech,Q2FY26,2025-10-13,"C. Vijayakumar, Chief Executive Officer & Managing Director",deflation,"We think the biggest impact is on the BPO business, which could be as much as 40% to 50%. In SDLC, 25% to 30% is what we think is doable with a lot of maturity. In IT Ops, application support and maintenance, it will be 10% to 15%",Y,BPO 40%-50%; SDLC 25%-30%; IT Ops/app support 10%-15%,https://www.hcltech.com/sites/default/files/documents/investor-reports/HCLTech-Earnings-Q2FY26-transcript-updated_0.pdf,data/sources/hcltech/transcripts_task3/HCL_Q2FY26.pdf,PDF p.16,commentary,,Analyst asked about AI impact on existing book of business.,Y,company IR / SEC filing (no aggregator used)
HCLTech-50,HCLTech,Q4FY26,2026-04-21,"C. Vijayakumar, Chief Executive Officer & Managing Director",deflation,"TCV of net new bookings for the year clocked $9.3 billion, same as last year, in spite of some of the AI deflation that you see in the TCV net new booking.",Y,FY26 net new TCV $9.3B flat despite AI deflation,https://www.hcltech.com/sites/default/files/documents/investor-reports/hcltech-earnings-q4-fy26-transcript.pdf,data/sources/hcltech/transcripts_task3/HCL_Q4FY26.pdf,PDF p.4,measured,"Firm-reported net new TCV ($9.3B, flat YoY); size of AI deflation within it not quantified.",Prepared remarks.,Y,company IR / SEC filing (no aggregator used)
HCLTech-51,HCLTech,Q4FY26,2026-04-21,"C. Vijayakumar, Chief Executive Officer & Managing Director",deflation,40% of the industry runs the risk of being disrupted by AI and can shrink 3% to 5% CAGR for a few years and can eventually be 25% of the enterprise spend.,Y,40% of industry AI-disrupted; shrink 3%-5% CAGR; to 25% of spend,https://www.hcltech.com/sites/default/files/documents/investor-reports/hcltech-earnings-q4-fy26-transcript.pdf,data/sources/hcltech/transcripts_task3/HCL_Q4FY26.pdf,PDF p.10,commentary,,Prepared remarks on industry segmentation.,Y,company IR / SEC filing (no aggregator used)
HCLTech-52,HCLTech,Q4FY26,2026-04-21,"C. Vijayakumar, Chief Executive Officer & Managing Director",deflation,"And the 3% to 5% deflation that I mentioned in the AI disrupted services, based on the mix of services that we have, it would translate to 2% to 3% for our portfolio.",Y,3%-5% deflation in AI-disrupted services; 2%-3% for HCLTech portfolio,https://www.hcltech.com/sites/default/files/documents/investor-reports/hcltech-earnings-q4-fy26-transcript.pdf,data/sources/hcltech/transcripts_task3/HCL_Q4FY26.pdf,PDF p.11,commentary,,,Y,company IR / SEC filing (no aggregator used)
HCLTech-53,HCLTech,Q4FY26,2026-04-21,"C. Vijayakumar, Chief Executive Officer & Managing Director",deflation,"I think that piece could go through a little higher deflation based on the model outcomes. ... For us, we called out 2% to 3% and I think that holds true even now.",Y,2%-3% portfolio deflation; SDLC could be higher,https://www.hcltech.com/sites/default/files/documents/investor-reports/hcltech-earnings-q4-fy26-transcript.pdf,data/sources/hcltech/transcripts_task3/HCL_Q4FY26.pdf,PDF p.16,commentary,,Analyst asked risk of 3-5% deflation estimate expanding as models improve (SDLC piece).,Y,company IR / SEC filing (no aggregator used)
HCLTech-54,HCLTech,Q4FY26,2026-04-21,"C. Vijayakumar, Chief Executive Officer & Managing Director",deflation,"given it is a well-known fact that 2% to 3% deflation happens, I think barring this, getting to 2% to 5% is a reasonable growth in the given environment",Y,2%-3% deflation; FY27 guidance 2%-5%,https://www.hcltech.com/sites/default/files/documents/investor-reports/hcltech-earnings-q4-fy26-transcript.pdf,data/sources/hcltech/transcripts_task3/HCL_Q4FY26.pdf,PDF p.18,commentary,,Explaining FY27 revenue guidance.,Y,company IR / SEC filing (no aggregator used)
HCLTech-55,HCLTech,Q4FY26,2026-04-21,"C. Vijayakumar, Chief Executive Officer & Managing Director",deflation,"$100 million deal would be much lesser today - maybe 80 million, just on a rough ballpark. So, deal TCV is flat. But technically, it does require at least 25%, 30% more effort to convert and get to the same number.",Y,$100M deal now ~$80M; 25%-30% more effort to keep TCV flat,https://www.hcltech.com/sites/default/files/documents/investor-reports/hcltech-earnings-q4-fy26-transcript.pdf,data/sources/hcltech/transcripts_task3/HCL_Q4FY26.pdf,PDF p.21,commentary,,Analyst asked about AI deflationary impact on deal TCV.,Y,company IR / SEC filing (no aggregator used)
HCLTech-56,HCLTech,Q4FY26,2026-04-21,"C. Vijayakumar, Chief Executive Officer & Managing Director",pricing_level,We have walked away from some deals which will not make sense and that would have easily contributed at least $1 billion more to this number.,Y,>= $1B TCV walked away from,https://www.hcltech.com/sites/default/files/documents/investor-reports/hcltech-earnings-q4-fy26-transcript.pdf,data/sources/hcltech/transcripts_task3/HCL_Q4FY26.pdf,PDF p.21,commentary,,Same answer continues: walked away from traditional deals that are hyper-competitive.,Y,company IR / SEC filing (no aggregator used)
HCLTech-57,HCLTech,Q4FY26,2026-04-21,"C. Vijayakumar, Chief Executive Officer & Managing Director",renewal_terms,"No, I think we were always careful that this is the incremental impact. I mean, considering the traditional productivity what we normally commit – we should be now looking at an incremental kind of impact or reduction in the overall solution.",N,,https://www.hcltech.com/sites/default/files/documents/investor-reports/hcltech-earnings-q4-fy26-transcript.pdf,data/sources/hcltech/transcripts_task3/HCL_Q4FY26.pdf,PDF p.23,commentary,,Analyst stated renewals historically saw 10-15% price cuts over deal life (~3-5%/yr) and asked if AI deflation is different; CVK says AI deflation is incremental to traditional productivity commitments.,N,company IR / SEC filing (no aggregator used)
HCLTech-58,HCLTech,Q4FY26,2026-04-21,"C. Vijayakumar, Chief Executive Officer & Managing Director",deflation,"No, I would say that very little has really played out in already reported numbers. We expect this to happen in FY'27 and onwards.",N,,https://www.hcltech.com/sites/default/files/documents/investor-reports/hcltech-earnings-q4-fy26-transcript.pdf,data/sources/hcltech/transcripts_task3/HCL_Q4FY26.pdf,PDF p.23,commentary,,Analyst asked whether poor demand of last years was partly AI deflation.,Y,company IR / SEC filing (no aggregator used)
HCLTech-59,HCLTech,Q1FY27,2026-07-13,"C. Vijayakumar, Chief Executive Officer & Managing Director",productivity_passthrough,AMJ is typically a weaker quarter for us due to planned revenue declines driven by productivity commitments in large managed services contracts.,N,,https://www.hcltech.com/sites/default/files/documents/investor-reports/HCLTech-Earnings-Q1-FY27-Transcript.pdf,data/sources/hcltech/transcripts_task3/HCL_Q1FY27.pdf,PDF p.3,commentary,,Prepared remarks.,Y,company IR / SEC filing (no aggregator used)
HCLTech-60,HCLTech,Q1FY27,2026-07-13,"C. Vijayakumar, Chief Executive Officer & Managing Director",deflation,"disrupted services, we intend to innovate faster than the market to stay ahead of the deflatio nary curve rather than be defined by it.",N,,https://www.hcltech.com/sites/default/files/documents/investor-reports/HCLTech-Earnings-Q1-FY27-Transcript.pdf,data/sources/hcltech/transcripts_task3/HCL_Q1FY27.pdf,PDF p.3,commentary,,"Prepared remarks; corpus text splits ""deflationary"" as ""deflatio nary"" (PDF extraction artifact), quoted as in corpus.",N,company IR / SEC filing (no aggregator used)
HCLTech-61,HCLTech,Q1FY27,2026-07-13,"Shiv Walia, Chief Financial Officer",productivity_passthrough,This tailwind was offset by 110 basis points headwind from the seasonality due to annual productivity benefits and decline in ERS revenue.,Y,110 bps margin headwind (annual productivity benefits + ERS decline),https://www.hcltech.com/sites/default/files/documents/investor-reports/HCLTech-Earnings-Q1-FY27-Transcript.pdf,data/sources/hcltech/transcripts_task3/HCL_Q1FY27.pdf,PDF p.14,measured,Firm-reported EBIT margin bridge item (combined with ERS revenue decline).,Margin walk.,Y,company IR / SEC filing (no aggregator used)
HCLTech-62,HCLTech,Q1FY27,2026-07-13,"C. Vijayakumar, Chief Executive Officer & Managing Director",other,drive more and more outcome - based contracts and managed services contracts where we can consume some of this capacity which gets bundled into our outcome - based pricing and managed services pricing for global clients.,N,,https://www.hcltech.com/sites/default/files/documents/investor-reports/HCLTech-Earnings-Q1-FY27-Transcript.pdf,data/sources/hcltech/transcripts_task3/HCL_Q1FY27.pdf,PDF p.21,commentary,,Shift toward outcome-based pricing bundled with AI datacenter capacity.,N,company IR / SEC filing (no aggregator used)
Wipro-00,Wipro,Q4FY21,2021-04-15,"Thierry Delaporte, Chief Executive Officer & Managing Director",pricing_level,"They have certainly asked for effort and discounts and some super, at that time, but that was more to help on the short term. ... I have seen times where there was a tremendous pressure on price. I do not think we are in this period. But I have never seen a period where there is no normal pressure.",N,,https://www.wipro.com/content/dam/nexus/en/investor/quarterly-results/2020-2021/q4fy21/wipro-limited-q4-fy21-quarterly-investor-conference-call-transcript.pdf,data/sources/wipro/2020-2021_q4fy21_wipro-limited-q4-fy21-quarterly-investor-conference-call-transcript.pdf,PDF p.10,commentary,,"Analyst (Manik Taneja, JM Financial) asked about pricing trends / skill-based pricing. Pandemic-era discounts described as short-term.",N,company IR / SEC filing (no aggregator used)
Wipro-01,Wipro,Q4FY21,2021-04-15,"Thierry Delaporte, Chief Executive Officer & Managing Director",pricing_level,"yes, there is a pressure on pricing, but not more than what we have seen for many, many years, frankly. And second is, when you are on the right offerings, when you provide the right talent, the clients are willing to pay",N,,https://www.wipro.com/content/dam/nexus/en/investor/quarterly-results/2020-2021/q4fy21/wipro-limited-q4-fy21-quarterly-investor-conference-call-transcript.pdf,data/sources/wipro/2020-2021_q4fy21_wipro-limited-q4-fy21-quarterly-investor-conference-call-transcript.pdf,PDF p.11,commentary,,"Continuation of same answer; pricing pressure characterized as normal/structural, not elevated.",Y,company IR / SEC filing (no aggregator used)
Wipro-02,Wipro,Q1FY22,2021-07-15,"Thierry Delaporte, Chief Executive Officer & Managing Director",other,"the way we can leverage platform, the way we can raise prices, the way we can leverage automation to create a slight disconnect between growth and in headcount evolution. But for the best part, my view is that there will be a certain level of continuity of the linear between those two parameters.",N,,https://www.wipro.com/content/dam/nexus/en/investor/quarterly-results/2021-2022/q1fy22/wipro-limited-q1-fy22-quarterly-investor-conference-call-transcript.pdf,data/sources/wipro/2021-2022_q1fy22_wipro-limited-q1-fy22-quarterly-investor-conference-call-transcript.pdf,PDF p.12,commentary,,Analyst (Dipesh Mehta) asked about non-linearity via pricing or automation. CEO expects revenue to stay roughly linear in headcount (no large automation-driven labor decoupling).,N,company IR / SEC filing (no aggregator used)
Wipro-03,Wipro,Q2FY22,2021-10-13,"Thierry Delaporte, Chief Executive Officer & Managing Director",pricing_level,"There is opportunities to have these discussions with our clients. In this current context, our clients feel the same they are also exposed to attrition. ... Now, from a portfolio standpoint, I would say, I would still talk about a certain level of stability of the pricing.",N,,https://www.wipro.com/content/dam/nexus/en/investor/quarterly-results/2021-2022/q2fy22/wipro-limited-q2-fy22-quarterly-investor-conference-call-transcript.pdf,data/sources/wipro/2021-2022_q2fy22_wipro-limited-q2-fy22-quarterly-investor-conference-call-transcript.pdf,PDF p.11,commentary,,Analyst (Apurva Prasad) asked about propensity for rate card increases amid tight supply.,Y,company IR / SEC filing (no aggregator used)
Wipro-04,Wipro,Q2FY22,2021-10-13,"Jatin Dalal, Chief Financial Officer",pricing_increase,"we were able to drive operational improvements in realizations, utilization and offshoring and that covered effectively the impact that we had to take for three months impact on salary.",N,,https://www.wipro.com/content/dam/nexus/en/investor/quarterly-results/2021-2022/q2fy22/wipro-limited-q2-fy22-quarterly-investor-conference-call-transcript.pdf,data/sources/wipro/2021-2022_q2fy22_wipro-limited-q2-fy22-quarterly-investor-conference-call-transcript.pdf,PDF p.12,commentary,,Realization (billing rate) improvement cited as margin lever offsetting wage hikes; no figure given.,N,company IR / SEC filing (no aggregator used)
Wipro-05,Wipro,Q1FY23,2022-07-20,"Jatin Dalal, Chief Financial Officer",pricing_level,The fourth lever is pricing power. The attrition on one hand and our ability to position ourselves very differently,N,,https://www.wipro.com/content/dam/nexus/en/investor/quarterly-results/2022-2023/q1fy23/wipro-limited-q1-fy23-quarterly-investor-conference-call-transcript.pdf,data/sources/wipro/2022-2023_q1fy23_wipro-limited-q1-fy23-quarterly-investor-conference-call-transcript.pdf,PDF p.8,commentary,,Listed among margin levers; continues that consulting/cybersecurity (Agile acquisition) and cloud command better rates than traditional managed services.,N,company IR / SEC filing (no aggregator used)
Wipro-06,Wipro,Q1FY23,2022-07-20,"Jatin Dalal, Chief Financial Officer",pricing_level,"realization is one-third in India. So, that has definitely played out in terms of IT services per employee realization coming down. I am not seeing from a pricing power standpoint, any concern where we are giving away price discounts.",Y,offshore (India) realization is one-third of onsite,https://www.wipro.com/content/dam/nexus/en/investor/quarterly-results/2022-2023/q1fy23/wipro-limited-q1-fy23-quarterly-investor-conference-call-transcript.pdf,data/sources/wipro/2022-2023_q1fy23_wipro-limited-q1-fy23-quarterly-investor-conference-call-transcript.pdf,PDF p.10,commentary,,"Analyst (Sandeep Shah) noted revenue per employee down 8% YoY and asked if traditional business faces higher pricing pressure; CFO attributes decline to offshore mix, not price discounts.",Y,company IR / SEC filing (no aggregator used)
Wipro-07,Wipro,Q1FY23,2022-07-20,"Stephanie Trautman, Chief Growth Officer",pricing_level,"we are seeing margin pressure on more commoditized type services, as we compete for those, but a lot of our deals are actually more transformational in nature, where we are delivering on outcomes for clients, and therefore, we can value price our opportunity.",N,,https://www.wipro.com/content/dam/nexus/en/investor/quarterly-results/2022-2023/q1fy23/wipro-limited-q1-fy23-quarterly-investor-conference-call-transcript.pdf,data/sources/wipro/2022-2023_q1fy23_wipro-limited-q1-fy23-quarterly-investor-conference-call-transcript.pdf,PDF p.13,commentary,,Analyst (Gaurav Rateria) asked whether contractual profitability/gross margins in large deals have changed.,N,company IR / SEC filing (no aggregator used)
Wipro-08,Wipro,Q2FY23,2022-10-12,"Thierry Delaporte, Chief Executive Officer & Managing Director",pricing_increase,"As we continue to enhance our portfolio with the newer and more strategic service offerings, our clients are recognizing the value we deliver. This is increasingly reflected in our improved price realizations.",N,,https://www.wipro.com/content/dam/nexus/en/investor/quarterly-results/2022-2023/q2fy23/wipro-limited-q2-fy23-quarterly-investor-conference-call-transcript.pdf,data/sources/wipro/2022-2023_q2fy23_wipro-limited-q2-fy23-quarterly-investor-conference-call-transcript.pdf,PDF p.4,commentary,,Prepared remarks. Improved price realization cited qualitatively (no figure).,N,company IR / SEC filing (no aggregator used)
Wipro-09,Wipro,Q2FY23,2022-10-12,"Thierry Delaporte, Chief Executive Officer & Managing Director",pricing_increase,"Over the last quarters it has been the case, we’ve been able to raise prices with a lot of our clients, and we’ve really driven conscious focus on that",N,,https://www.wipro.com/content/dam/nexus/en/investor/quarterly-results/2022-2023/q2fy23/wipro-limited-q2-fy23-quarterly-investor-conference-call-transcript.pdf,data/sources/wipro/2022-2023_q2fy23_wipro-limited-q2-fy23-quarterly-investor-conference-call-transcript.pdf,PDF p.14,commentary,,Analyst (Manik Taneja) asked whether price increases remain a margin lever over next 6-9 months. Price increases framed as passing through supply-side/inflation cost pressure.,Y,company IR / SEC filing (no aggregator used)
Wipro-10,Wipro,Q2FY23,2022-10-12,"Thierry Delaporte, Chief Executive Officer & Managing Director",pricing_increase,"for the time being I believe that we should continue to expect price increase from our clients. Certainly, our view.",N,,https://www.wipro.com/content/dam/nexus/en/investor/quarterly-results/2022-2023/q2fy23/wipro-limited-q2-fy23-quarterly-investor-conference-call-transcript.pdf,data/sources/wipro/2022-2023_q2fy23_wipro-limited-q2-fy23-quarterly-investor-conference-call-transcript.pdf,PDF p.14,commentary,,Same answer; forward-looking expectation of continued price increases (late 2022).,Y,company IR / SEC filing (no aggregator used)
Wipro-11,Wipro,Q3FY23,2023-01-13,"Jatin Dalal, Chief Financial Officer",other,we have released a lot of efficiency gains from our fixed price projects and those get redeployed for our T&M and other work.,N,,https://www.wipro.com/content/dam/nexus/en/investor/quarterly-results/2022-2023/q3fy23/q3fy23-earnings-transcript.pdf,data/sources/wipro/2022-2023_q3fy23_q3fy23-earnings-transcript.pdf,PDF p.9,commentary,,Explaining flat employee cost: productivity gains in fixed-price projects retained by Wipro (staff redeployed) rather than passed to clients as lower prices.,N,company IR / SEC filing (no aggregator used)
Wipro-12,Wipro,Q1FY24,2023-07-13,"Thierry Delaporte, Chief Executive Officer & Managing Director",productivity_passthrough,More and more clients are expecting faster return on investments and optimizing costs through increased use of automation and vendor consolidation.,N,,https://www.wipro.com/content/dam/nexus/en/investor/quarterly-results/2023-2024/q1fy24/q1fy24-earnings-transcript.pdf,data/sources/wipro/2023-2024_q1fy24_q1fy24-earnings-transcript.pdf,PDF p.5,commentary,,Prepared remarks on demand environment.,N,company IR / SEC filing (no aggregator used)
Wipro-13,Wipro,Q1FY24,2023-07-13,"Thierry Delaporte, Chief Executive Officer & Managing Director",productivity_passthrough,"We will help this client achieve 40% automation, cost optimization and while simplifying their global operations.",Y,40% automation (client deal),https://www.wipro.com/content/dam/nexus/en/investor/quarterly-results/2023-2024/q1fy24/q1fy24-earnings-transcript.pdf,data/sources/wipro/2023-2024_q1fy24_q1fy24-earnings-transcript.pdf,PDF p.5,commentary,,"Deal example (global medical device/healthcare company, cloud-first operations infrastructure). Automation target is a client outcome commitment; no explicit price figure.",appendix,company IR / SEC filing (no aggregator used)
Wipro-14,Wipro,Q1FY24,2023-07-13,"Jatin Dalal, Chief Financial Officer",pricing_level,"if there is a USD200 million or USD300 million deal, you would benchmark it with the best standards on productivity, best standards on pricing, but that is not out of ordinary behavior of dropping prices or giving deferrals in billing, etcetera. Those behavior, we have not yet observed that would worry us.",N,,https://www.wipro.com/content/dam/nexus/en/investor/quarterly-results/2023-2024/q1fy24/q1fy24-earnings-transcript.pdf,data/sources/wipro/2023-2024_q1fy24_q1fy24-earnings-transcript.pdf,PDF p.11,commentary,,Analyst (Girish Pai) asked if higher competitive intensity is impacting pricing or letting clients extract larger productivity benefits.,N,company IR / SEC filing (no aggregator used)
Wipro-15,Wipro,Q1FY24,2023-07-13,"Jatin Dalal, Chief Financial Officer",productivity_passthrough,"we haven't seen that yet. But as you already know that, every competitive deal goes with a certain assumptions of year-on-year productivity numbers that are baked in and those numbers will continue gradually. They will continue to bake in the productivity benefits that Gen AI will bake in",N,,https://www.wipro.com/content/dam/nexus/en/investor/quarterly-results/2023-2024/q1fy24/q1fy24-earnings-transcript.pdf,data/sources/wipro/2023-2024_q1fy24_q1fy24-earnings-transcript.pdf,PDF p.11,commentary,,"Analyst (Girish Pai) asked whether GenAI productivity gains will be passed on to customers causing revenue compression. CFO: not yet, but GenAI will enter the standard YoY productivity commitments.",N,company IR / SEC filing (no aggregator used)
Wipro-16,Wipro,Q1FY25,2024-07-19,"Srini Pallia, Chief Executive Officer & Managing Director",renewal_terms,Deal tenures are definitely becoming shorter. Three-year to five-year deals are becoming more commonplace. The only deals where tenures exceed five years include optionalities and clients agree only when cost savings are front-loaded with potentially financial engineering involved.,N,,https://www.wipro.com/content/dam/nexus/en/investor/quarterly-results/2024-2025/q1fy25/q1fy25-earnings-transcript.pdf,data/sources/wipro/2024-2025_q1fy25_q1fy25-earnings-transcript.pdf,PDF p.7,commentary,,Analyst (Gaurav Rateria) asked about deal tenor and new vs renewal mix. Front-loaded client savings implies upfront price concessions in long deals.,Y,company IR / SEC filing (no aggregator used)
Wipro-17,Wipro,Q1FY25,2024-07-19,"Srini Pallia, Chief Executive Officer & Managing Director",productivity_passthrough,"So, GenAI does help us in terms of productivity. So, to me, this kind of trend is not new. There will be always in the context of bidding and risky deals. There will be some companies who will try to pick up deals at an extremely low margin or extremely high risk.",N,,https://www.wipro.com/content/dam/nexus/en/investor/quarterly-results/2024-2025/q1fy25/q1fy25-earnings-transcript.pdf,data/sources/wipro/2024-2025_q1fy25_q1fy25-earnings-transcript.pdf,PDF p.17,commentary,,Analyst (Girish Pai) cited a larger peer giving large GenAI productivity gains back to customers in BPO/testing and asked if Wipro sees heightened competitive intensity.,N,company IR / SEC filing (no aggregator used)
Wipro-18,Wipro,Q2FY25,2024-10-17,"Srini Pallia, Chief Executive Officer & Managing Director",other,what happens sometimes is the combination of cost optimization and vendor consolidation comes together in the broader context of cost benefit to the client.,N,,https://www.wipro.com/content/dam/nexus/en/investor/quarterly-results/2024-2025/q2fy25/q2fy25-earnings-transcript.pdf,data/sources/wipro/2024-2025_q2fy25_q2fy25-earnings-transcript.pdf,PDF p.17,commentary,,Vendor consolidation framed as delivering cost benefit to client.,N,company IR / SEC filing (no aggregator used)
Wipro-19,Wipro,Q4FY25,2025-04-16,"Aparna Iyer, Chief Financial Officer",pricing_level,a lot of deals that we've spoken about which are a part of our pipeline are actually cost takeout and vendor consolidation deals which inherently come with pricing pressure and therefore are also very competitively fought.,N,,https://www.wipro.com/content/dam/nexus/en/investor/quarterly-results/2024-2025/q4fy25/q4fy25-earnings-transcript.pdf,data/sources/wipro/2024-2025_q4fy25_q4fy25-earnings-transcript.pdf,PDF p.12,commentary,,Cited as margin headwind entering Q1FY26 alongside weak revenue environment.,Y,company IR / SEC filing (no aggregator used)
Wipro-20,Wipro,Q4FY25,2025-04-16,"Srini Pallia, Chief Executive Officer & Managing Director",productivity_passthrough,"So at this point in time, Ankur, I am not seeing any significant impact either on revenues or margins, right. What we are doing is whatever benefits of GenAI that are applicable to our customers, right in many of the cases, some of the times, the customers budgets are getting freed up.",N,,https://www.wipro.com/content/dam/nexus/en/investor/quarterly-results/2024-2025/q4fy25/q4fy25-earnings-transcript.pdf,data/sources/wipro/2024-2025_q4fy25_q4fy25-earnings-transcript.pdf,PDF p.17,commentary,,Analyst (Ankur Rudra) asked how AI productivity pass-backs or deflation play into contract renewals. CEO says freed budgets yield incremental work that could offset revenue drops.,N,company IR / SEC filing (no aggregator used)
Wipro-21,Wipro,Q1FY26,2025-07-17,"Srini Pallia, Chief Executive Officer & Managing Director",pricing_level,"some of these large deal wins are very competitive. There will be price pressures on that. What matters is, how do you transition and how do you execute these deals.",N,,https://www.wipro.com/content/dam/nexus/en/investor/quarterly-results/2025-2026/q1fy26/q1fy26-earnings-transcript.pdf,data/sources/wipro/2025-2026_q1fy26_q1fy26-earnings-transcript.pdf,PDF p.17,commentary,,Analyst (Sandeep Shah) asked whether mega-deal margin pressure reflects competitive pricing.,Y,company IR / SEC filing (no aggregator used)
Wipro-22,Wipro,Q1FY26,2025-07-17,"Aparna Iyer, Chief Financial Officer",pricing_level,"these are larger deals and are like strongly contested. And therefore, the nature of the deals, the margin profile is weaker compared to the rest of portfolio.",N,,https://www.wipro.com/content/dam/nexus/en/investor/quarterly-results/2025-2026/q1fy26/q1fy26-earnings-transcript.pdf,data/sources/wipro/2025-2026_q1fy26_q1fy26-earnings-transcript.pdf,PDF p.8,commentary,,Large vendor-consolidation/cost-takeout deals (renewal + expansion) carry weaker margin profile.,N,company IR / SEC filing (no aggregator used)
Wipro-23,Wipro,Q1FY26,2025-07-17,"Aparna Iyer, Chief Financial Officer",other,"I think productivity and fixed price programs; they continue to be a theme. I know we talk about it all the time, but with newer technology, with a lot of AI focus, the productivity that we can drive is certainly a big lever.",N,,https://www.wipro.com/content/dam/nexus/en/investor/quarterly-results/2025-2026/q1fy26/q1fy26-earnings-transcript.pdf,data/sources/wipro/2025-2026_q1fy26_q1fy26-earnings-transcript.pdf,PDF p.17,commentary,,AI productivity in fixed-price programs as a margin lever (retained by firm) to offset deal pricing pressure.,N,company IR / SEC filing (no aggregator used)
Wipro-24,Wipro,Q2FY26,2025-10-16,"Aparna Iyer, Chief Financial Officer",productivity_passthrough,"But over a period of time, as we realize the productivity that we have offered to our clients and that starts to kick in, the margins then tend to improve.",N,,https://www.wipro.com/content/dam/nexus/en/investor/quarterly-results/2025-2026/q2fy26/q2fy26-earnings-transcript.pdf,data/sources/wipro/2025-2026_q2fy26_q2fy26-earnings-transcript.pdf,PDF p.8,commentary,,Vendor-consolidation deals start margin-dilutive because productivity is committed to clients upfront; margins improve as delivered productivity catches up.,N,company IR / SEC filing (no aggregator used)
Wipro-25,Wipro,Q2FY26,2025-10-16,"Srini Pallia, Chief Executive Officer & Managing Director",productivity_passthrough,"Now, wherever the clients are able to get this efficiency and productivity, they are actually investing, especially on the business innovation, leveraging AI.",N,,https://www.wipro.com/content/dam/nexus/en/investor/quarterly-results/2025-2026/q2fy26/q2fy26-earnings-transcript.pdf,data/sources/wipro/2025-2026_q2fy26_q2fy26-earnings-transcript.pdf,PDF p.12,commentary,,Analyst (Girish Pai) asked whether clients demand greater savings in renewals given AI and what they do with savings.,N,company IR / SEC filing (no aggregator used)
Wipro-26,Wipro,Q2FY26,2025-10-16,"Aparna Iyer, Chief Financial Officer",deflation,"In terms of just renewal, is there a deflationary pressure, like I said, every deal, every time there is a productive renewal, there is a productivity that gets passed on.",N,,https://www.wipro.com/content/dam/nexus/en/investor/quarterly-results/2025-2026/q2fy26/q2fy26-earnings-transcript.pdf,data/sources/wipro/2025-2026_q2fy26_q2fy26-earnings-transcript.pdf,PDF p.15,commentary,,Analyst (Abhishek Kumar) asked whether deflation in renewals offsets new scope.,Y,company IR / SEC filing (no aggregator used)
Wipro-27,Wipro,Q2FY26,2025-10-16,"Aparna Iyer, Chief Financial Officer",renewal_terms,"In a full-fledged renewal, is there a compression? I wouldn't call it a compression, but this is just the standard productivity that gets passed on. It is very typical to what we have seen in renewal deals over the last few years.",N,,https://www.wipro.com/content/dam/nexus/en/investor/quarterly-results/2025-2026/q2fy26/q2fy26-earnings-transcript.pdf,data/sources/wipro/2025-2026_q2fy26_q2fy26-earnings-transcript.pdf,PDF p.15,commentary,,"Same answer; renewal price reduction framed as standard, not AI-elevated.",N,company IR / SEC filing (no aggregator used)
Wipro-28,Wipro,Q2FY26,2025-10-16,"Aparna Iyer, Chief Financial Officer",renewal_terms,"Yes. So, therefore, what happens is, yes, there is a timing difference, there is a productivity that gets passed on, the way the deals are configured and structured, typically have a certain timing and pacing",N,,https://www.wipro.com/content/dam/nexus/en/investor/quarterly-results/2025-2026/q2fy26/q2fy26-earnings-transcript.pdf,data/sources/wipro/2025-2026_q2fy26_q2fy26-earnings-transcript.pdf,PDF p.16,commentary,,Follow-up: analyst asked if renewal deflation hits before new scope ramps (H2 FY26).,N,company IR / SEC filing (no aggregator used)
Wipro-29,Wipro,Q3FY26,2026-01-16,"Srini Pallia, Chief Executive Officer & Managing Director",other,"a significant piece of this pipeline is around cost optimization and vendor consolidation, which are the key levers for our clients. And they are using this as a lever for savings, and they want to reinvest these savings into AI capabilities",N,,https://www.wipro.com/content/dam/nexus/en/investor/quarterly-results/2025-2026/q3fy26/q3fy26-earnings-transcript.pdf,data/sources/wipro/2025-2026_q3fy26_q3fy26-earnings-transcript.pdf,PDF p.9,commentary,,Client savings from consolidation recycled into AI spend.,N,company IR / SEC filing (no aggregator used)
Wipro-30,Wipro,Q4FY26,2026-04-16,"Aparna Iyer, Chief Financial Officer",pricing_level,"we are winning some of these large deals and they are one in a competitive environment. They will come with their share of lower margins, especially as we start these deals, right?",N,,https://www.wipro.com/content/dam/nexus/en/investor/quarterly-results/2025-2026/q4fy26/q4fy26-earnings-transcript.pdf,data/sources/wipro/2025-2026_q4fy26_q4fy26-earnings-transcript.pdf,PDF p.10,commentary,,Margin outlook for Q1FY27.,N,company IR / SEC filing (no aggregator used)
Wipro-31,Wipro,Q1FY27,2026-07-16,"Srini Pallia, Chief Executive Officer and Managing Director",productivity_passthrough,"As the tokenization landscape evolves, clients are focused on net productivity and require a tighter linkage between investment and outcomes.",N,,https://www.wipro.com/content/dam/nexus/en/investor/quarterly-results/2026-2027/q1fy27/q1fy27-earnings-transcript.pdf,data/sources/wipro/2026-2027_q1fy27_q1fy27-earnings-transcript.pdf,PDF p.2,commentary,,Prepared remarks.,N,company IR / SEC filing (no aggregator used)
Wipro-32,Wipro,Q1FY27,2026-07-16,"Srini Pallia, Chief Executive Officer and Managing Director",other,"Yes, short term, SDLC life cycle will continue to bring in higher productivity and shorter development life cycle.",N,,https://www.wipro.com/content/dam/nexus/en/investor/quarterly-results/2026-2027/q1fy27/q1fy27-earnings-transcript.pdf,data/sources/wipro/2026-2027_q1fy27_q1fy27-earnings-transcript.pdf,PDF p.8,commentary,,Analyst (Ravi Menon) asked whether investor concern about erosion of the existing book of business is unfounded; CEO concedes short-term SDLC productivity impact while emphasising new AI services.,N,company IR / SEC filing (no aggregator used)
Wipro-33,Wipro,Q1FY27,2026-07-16,"Aparna Iyer, Chief Financial Officer",productivity_passthrough,"Wherever the intention is to use AI for you to be able to drive higher productivity and take costs out for a large operations for a client where the cost take-out is priority, you will see that, there will be a lot of productivity, forward productivity that gets baked into deals.",N,,https://www.wipro.com/content/dam/nexus/en/investor/quarterly-results/2026-2027/q1fy27/q1fy27-earnings-transcript.pdf,data/sources/wipro/2026-2027_q1fy27_q1fy27-earnings-transcript.pdf,PDF p.13,commentary,,Analyst (Vibhor Singhal) asked about margins on AI-driven deals.,Y,company IR / SEC filing (no aggregator used)
Wipro-34,Wipro,Q1FY27,2026-07-16,"Aparna Iyer, Chief Financial Officer",pricing_level,"there we are very confident we will drive a premium in rate realization. Similarly, service offerings around data, AI advisory they'll all be very incrementally net positive to the realizations and margins.",N,,https://www.wipro.com/content/dam/nexus/en/investor/quarterly-results/2026-2027/q1fy27/q1fy27-earnings-transcript.pdf,data/sources/wipro/2026-2027_q1fy27_q1fy27-earnings-transcript.pdf,PDF p.13,commentary,,Contrast: new 'Reimagine AI' work expected to command premium rates vs. forward productivity in large cost-takeout deals.,N,company IR / SEC filing (no aggregator used)
Wipro-35,Wipro,Q1FY27,2026-07-16,"Srini Pallia, Chief Executive Officer and Managing Director",other,"the traditional IT, the traditional BPO that we do and the support aspects of it, those budgets are getting compressed.",N,,https://www.wipro.com/content/dam/nexus/en/investor/quarterly-results/2026-2027/q1fy27/q1fy27-earnings-transcript.pdf,data/sources/wipro/2026-2027_q1fy27_q1fy27-earnings-transcript.pdf,PDF p.14,commentary,,Analyst (Abhishek Bhandari) asked about competitive intensity and margin pressure. AI reallocating client spend away from traditional run work.,Y,company IR / SEC filing (no aggregator used)
Wipro-36,Wipro,Q1FY27,2026-07-16,"Srini Pallia, Chief Executive Officer and Managing Director",pricing_level,"So in that context, the pricing aspects also changes and we have to relook at how the solutioning happens. Because when you deploy AI quickly, the token costs also increases for our client.",N,,https://www.wipro.com/content/dam/nexus/en/investor/quarterly-results/2026-2027/q1fy27/q1fy27-earnings-transcript.pdf,data/sources/wipro/2026-2027_q1fy27_q1fy27-earnings-transcript.pdf,PDF p.15,commentary,,Same answer; pricing restructured around total cost of ownership including token costs.,N,company IR / SEC filing (no aggregator used)
Wipro-37,Wipro,Q1FY27,2026-07-16,"Srini Pallia, Chief Executive Officer and Managing Director",productivity_passthrough,"But if it's a traditional work where you have to bring in the productivity through AI at the same time help the clients to shift the budgets, there are competitive pressures.",N,,https://www.wipro.com/content/dam/nexus/en/investor/quarterly-results/2026-2027/q1fy27/q1fy27-earnings-transcript.pdf,data/sources/wipro/2026-2027_q1fy27_q1fy27-earnings-transcript.pdf,PDF p.15,commentary,,"Same answer; traditional work with AI productivity faces competitive (price/margin) pressure, while net-new AI work has better margins.",N,company IR / SEC filing (no aggregator used)
TechM-00,TechM,Q3FY21,2021-01-29,"Ritesh Idnani, President (Business Process Services)",other,"there is an opportunity to continue to take market share away on the back of the value proposition that we've been saying consistently now for the last several quarters, cannibalize our existing business through hyper automation driven by AI, analytics and platforms, and number two, deliver to outcomes.",N,,https://insights.techmahindra.com/investors/tml-q3-fy-21-earnings-transcript.pdf,data/sources/techm/transcripts_task3/TechM_Q3FY21.pdf,PDF p.10,commentary,,Early framing: TechM says it will cannibalize its own (BPS) revenue via AI-driven hyper-automation and outcome-based delivery to win share.,N,company IR / SEC filing (no aggregator used)
TechM-01,TechM,Q3FY22,2022-02-01,"Rohit Anand, Global Head of Business Finance",pricing_increase,"When we think about the cost pressures, another big thing that we had articulated was price increases. And that's something that we are trying to have a great momentum going across the business units, because that's the inflationary environment, right, and hence, from a price perspective, that's an important lever that we'll have to drive.",N,,https://insights.techmahindra.com/investors/tml-q3-fy-22-earnings-transcript.pdf,data/sources/techm/transcripts_task3/TechM_Q3FY22.pdf,PDF p.10,commentary,,Answer on FY23 margin levers; inflation pass-through via client price increases.,Y,company IR / SEC filing (no aggregator used)
TechM-02,TechM,Q4FY22,2022-05-13,"Rohit Anand, Global Head of Business Finance",pricing_increase,"we've also seen in the second half a little bit of advantage come through for price, but that's lagging, the cost increases dramatically. So, when you look forward, one of the big levers that we'll continue to work on with our customers going to be price increase, right",N,,https://insights.techmahindra.com/investors/tml-q4-fy-22-earnings-transcript.pdf,data/sources/techm/transcripts_task3/TechM_Q4FY22.pdf,PDF p.5,commentary,,Margin puts and takes; price increases lagging wage/supply-side cost inflation.,Y,company IR / SEC filing (no aggregator used)
TechM-03,TechM,Q4FY22,2022-05-13,"Rohit Anand, Global Head of Business Finance",pricing_increase,"So, pricing is one of the big levers, but not the only one. So, there’s definitely a lag on pricing. As I’ve mentioned, we’ve seen some positive impact come through in the second half more towards the fourth quarter",N,,https://insights.techmahindra.com/investors/tml-q4-fy-22-earnings-transcript.pdf,data/sources/techm/transcripts_task3/TechM_Q4FY22.pdf,PDF p.11,commentary,,Analyst (Gaurav Rateria) asked what pricing lever is needed to absorb hiring costs.,N,company IR / SEC filing (no aggregator used)
TechM-04,TechM,Q1FY23,2022-07-25,"Rohit Anand, Chief Financial Officer",pricing_increase,"Specifically for current quarter walk versus last quarter, as I mentioned, we saw approximately a 50 bps expansion due to pricing actions",Y,~50 bps QoQ EBIT margin benefit from pricing actions,https://insights.techmahindra.com/investors/tml-q1-fy-23-earnings-transcript.pdf,data/sources/techm/transcripts_task3/TechM_Q1FY23.pdf,PDF p.7,measured,Firm-reported margin-walk component attributed to price increases (Q1FY23 vs Q4FY22).,Margin walk: pricing +50 bps vs salary/subcon/large-deal -100 bps.,Y,company IR / SEC filing (no aggregator used)
TechM-05,TechM,Q1FY23,2022-07-25,"Rohit Anand, Chief Financial Officer",pricing_increase,So we've sequentially quarter-over-quarter seen increase in the quantum of price increase we've got. This time the impact as I mentioned was 50 bps. What we look at next quarter is similar or better outcome of that.,Y,50 bps margin impact from price increases; similar or better expected next quarter,https://insights.techmahindra.com/investors/tml-q1-fy-23-earnings-transcript.pdf,data/sources/techm/transcripts_task3/TechM_Q1FY23.pdf,PDF p.10,measured,Reported margin impact of realized price increases.,Analyst (Sandeep Shah) asked how much the 100-150 bps margin target depends on pricing.,Y,company IR / SEC filing (no aggregator used)
TechM-06,TechM,Q1FY23,2022-07-25,"Rohit Anand, Chief Financial Officer",pricing_increase,"From a pricing perspective, we started getting some benefit from Q4 incrementally in Q1 ... we are not factoring price as a lever in 3Q-4Q, if it happens, it will be an upside towards our margin profile.",N,,https://insights.techmahindra.com/investors/tml-q1-fy-23-earnings-transcript.pdf,data/sources/techm/transcripts_task3/TechM_Q1FY23.pdf,PDF p.15-16,commentary,,Analyst (Girish Pai) asked about client pushback on price; management expects price-increase quantum to fade in H2 FY23 amid macro.,N,company IR / SEC filing (no aggregator used)
TechM-07,TechM,Q2FY23,2022-11-01,"Rohit Anand, Chief Financial Officer",pricing_increase,"price improvements which we had articulated before, we are continuing to work with customers & that has helped us in the quarter by 50 basis points, consecutively now for two quarters in a row",Y,50 bps margin benefit from price improvements (2nd consecutive quarter),https://insights.techmahindra.com/investors/tml-q2-fy-23-earnings-transcript.pdf,data/sources/techm/transcripts_task3/TechM_Q2FY23.pdf,PDF p.3,measured,Firm-reported margin-walk component from price improvements.,Prepared remarks margin walk; offset wage hike/inflation of ~120 bps.,Y,company IR / SEC filing (no aggregator used)
TechM-08,TechM,Q2FY23,2022-11-01,"Rohit Anand, Chief Financial Officer",pricing_level,"Not really, pricing is on an upward trend, but there was a couple of projects, which from an implementation, closure perspective came to a close from a timeline perspective.",N,,https://insights.techmahindra.com/investors/tml-q2-fy-23-earnings-transcript.pdf,data/sources/techm/transcripts_task3/TechM_Q2FY23.pdf,PDF p.6,commentary,,Analyst (Rishi Jhunjhunwala) asked whether top-5 client decline reflected pricing corrections.,N,company IR / SEC filing (no aggregator used)
TechM-09,TechM,Q2FY23,2022-11-01,"Rohit Anand, Chief Financial Officer",pricing_level,"So, I think from that perspective, it's slightly better than what I had anticipated. And our programmatic approach and pricing will continue.",N,,https://insights.techmahindra.com/investors/tml-q2-fy-23-earnings-transcript.pdf,data/sources/techm/transcripts_task3/TechM_Q2FY23.pdf,PDF p.13,commentary,,Analyst (Girish Pai) asked about price pushback given macro; Rohit said macro impact may play out in Q4 rather than Q3.,N,company IR / SEC filing (no aggregator used)
TechM-10,TechM,Q3FY23,2023-01-30,"Rohit Anand, Chief Financial Officer",pricing_level,"Not really, I don’t see if there is a realization pressure.",N,,https://insights.techmahindra.com/investors/tml-q3-fy-23-earnings-transcript.pdf,data/sources/techm/transcripts_task3/TechM_Q3FY23.pdf,PDF p.10,commentary,,Analyst (Sandeep Shah) asked whether there is realization pressure.,N,company IR / SEC filing (no aggregator used)
TechM-11,TechM,Q4FY23,2023-04-27,"Rohit Anand, Chief Financial Officer",pricing_increase,"The offset for the year were driven by pricing, we had communicated at the beginning of the year that we will target close to 1% of expansion due to price and that is what we've delivered close to that number.",Y,~1% (100 bps) FY23 margin expansion from price,https://insights.techmahindra.com/investors/tml-q4-fy-23-earnings-transcript.pdf,data/sources/techm/transcripts_task3/TechM_Q4FY23.pdf,PDF p.5,measured,Firm-reported full-year margin bridge component attributed to pricing.,FY23 prepared remarks margin bridge (EBIT 11.4% vs 14.5% FY22).,Y,company IR / SEC filing (no aggregator used)
TechM-12,TechM,Q4FY23,2023-04-27,"Rohit Anand, Chief Financial Officer",pricing_level,But on a broad-based perspective versus last year is going to be quite limited as an opportunity. ... So that's kind of what we'll drive and the pricing as a lever is going to be limited this year versus last year.,N,,https://insights.techmahindra.com/investors/tml-q4-fy-23-earnings-transcript.pdf,data/sources/techm/transcripts_task3/TechM_Q4FY23.pdf,PDF p.10,commentary,,Analyst (Girish Pai) asked about pricing view for FY24 after FY23 price increases; carry-forward of FY23 increases only.,Y,company IR / SEC filing (no aggregator used)
TechM-13,TechM,Q3FY24,2024-01-24,"Mohit Joshi, Managing Director & Chief Executive Officer",other,"can we be moving into more outcome-based engagements, can we be moving into more team and squad-based structure, so really changing the way we price for teams rather than pricing for individuals.",N,,https://insights.techmahindra.com/investors/tml-q3-fy-24-earnings-transcript.pdf,data/sources/techm/transcripts_task3/TechM_Q3FY24.pdf,PDF p.13,commentary,,New CEO's margin levers; also cites productivity via automation and GenAI.,N,company IR / SEC filing (no aggregator used)
TechM-14,TechM,Q3FY24,2024-01-24,"Mohit Joshi, Managing Director & Chief Executive Officer",pricing_level,I would say that the gap is largely in execution and not so much in pricing or the mix.,N,,https://insights.techmahindra.com/investors/tml-q3-fy-24-earnings-transcript.pdf,data/sources/techm/transcripts_task3/TechM_Q3FY24.pdf,PDF p.14,commentary,,Analyst (Kawaljeet Saluja) asked whether TechM's contract pricing vs peers is a handicap to margins.,N,company IR / SEC filing (no aggregator used)
TechM-15,TechM,Q3FY24,2024-01-24,"Rohit Anand, Chief Financial Officer",pricing_level,the wage inflation that we saw the annual hikes that we did at the beginning of the year with the market that we saw through the year didn't come up with equal and price increases. That's a big value drop.,N,,https://insights.techmahindra.com/investors/tml-q3-fy-24-earnings-transcript.pdf,data/sources/techm/transcripts_task3/TechM_Q3FY24.pdf,PDF p.16,commentary,,"Explaining ~500 bps YoY margin decline: wage inflation not matched by client price increases, plus service revenue drop.",Y,company IR / SEC filing (no aggregator used)
TechM-16,TechM,Q4FY24,2024-04-25,"Rohit Anand, Chief Financial Officer",pricing_increase,"And then, the pricing. I think we are working on another steam of price improvements, and that again, would be short-term return-oriented, as we keep on enabling the whole infrastructure better to drive value-based pricing over a period of time.",N,,https://insights.techmahindra.com/investors/tml-q4-fy-24-earnings-transcript.pdf,data/sources/techm/transcripts_task3/TechM_Q4FY24.pdf,PDF p.26,commentary,,April 2024 Analyst Day (Q4FY24); Project Fortius margin levers.,N,company IR / SEC filing (no aggregator used)
TechM-17,TechM,Q4FY24,2024-04-25,"Mohit Joshi, Managing Director & Chief Executive Officer",pricing_level,"I do feel that the billing rates by and large are comparable. ... Maybe you will have marginally lower billing rates, but you will have significantly lower cost.",N,,https://insights.techmahindra.com/investors/tml-q4-fy-24-earnings-transcript.pdf,data/sources/techm/transcripts_task3/TechM_Q4FY24.pdf,PDF p.33,commentary,,Analyst asked whether TechM billing rates are comparable to peers and whether pyramid restructuring lowers average billing rates.,N,company IR / SEC filing (no aggregator used)
TechM-18,TechM,Q2FY25,2024-10-19,"Mohit Joshi, Managing Director & Chief Executive Officer",pricing_level,"we have clearly identified that we cannot be a me-too player, right not a cut price player from a BFSI perspective.",N,,https://insights.techmahindra.com/investors/tml-q2-fy-25-earnings-transcript.pdf,data/sources/techm/transcripts_task3/TechM_Q2FY25.pdf,PDF p.10,commentary,,BFSI strategy; differentiation rather than price-cutting.,N,company IR / SEC filing (no aggregator used)
TechM-19,TechM,Q2FY25,2024-10-19,"Mohit Joshi, Managing Director & Chief Executive Officer",productivity_passthrough,"there is a level of productivity that we can see coming from GenAI. But from what I understand, and it is quite evident in the pricing, that when people are making assumptions about deals that could be, have a five-year type tenure, they are assuming productivity in the out-years, which is not visible to me just now.",N,,https://insights.techmahindra.com/investors/tml-q2-fy-25-earnings-transcript.pdf,data/sources/techm/transcripts_task3/TechM_Q2FY25.pdf,PDF p.15,commentary,,Analyst (Kawaljeet Saluja) asked about competitors' large-deal assumptions; Mohit says peers bake unproven GenAI productivity into deal pricing; TechM will not.,Y,company IR / SEC filing (no aggregator used)
TechM-20,TechM,Q2FY25,2024-10-19,"Rohit Anand, Chief Financial Officer",pricing_increase,"So, as I mentioned, there is better price realization that we are going after the program.",N,,https://insights.techmahindra.com/investors/tml-q2-fy-25-earnings-transcript.pdf,data/sources/techm/transcripts_task3/TechM_Q2FY25.pdf,PDF p.19,commentary,,Analyst asked how revenue held despite offshore shift; Rohit cites a pricing program plus fixed-price automation.,N,company IR / SEC filing (no aggregator used)
TechM-21,TechM,Q3FY25,2025-01-17,"Mohit Joshi, Managing Director & Chief Executive Officer",other,"Through these solutions, enterprises can automate complex business, IT and data tasks, improving productivity by up to 70%.",Y,up to 70% productivity improvement (TechM agentX GenAI suite),https://insights.techmahindra.com/investors/tml-q3-fy-25-earnings-transcript.pdf,data/sources/techm/transcripts_task3/TechM_Q3FY25.pdf,PDF p.5,commentary,,"Product marketing claim for client-side productivity from GenAI automation, not a contracted pass-through.",appendix,company IR / SEC filing (no aggregator used)
TechM-22,TechM,Q3FY25,2025-01-17,"Rohit Anand, Chief Financial Officer",renewal_terms,"There is obviously challenge at every renewal opportunity to pass on new technology benefits, right. So, I think that continues to be a discussion at each and every renewal that we do ... the discussions on renewals are paying in the new technology benefits, but I think we are seeing a decent renewal rate from a trend perspective.",N,,https://insights.techmahindra.com/investors/tml-q3-fy-25-earnings-transcript.pdf,data/sources/techm/transcripts_task3/TechM_Q3FY25.pdf,PDF p.14-15,commentary,,Analyst (Abhishek Kumar) asked about renewals and client asks for productivity pass-through pricing.,Y,company IR / SEC filing (no aggregator used)
TechM-23,TechM,Q4FY25,2025-04-24,"Atul Soneja, Chief Operating Officer",pricing_increase,"The other area that we focused on was around pricing, which is around really finding out the right rate for the right role. ... be able to charge a premium for the premium and the niche skills that ... we are developing. For the entire pricing strategy, which has actually yielded results for us in the last year",N,,https://insights.techmahindra.com/investors/tml-q4-fy-25-earnings-transcript.pdf,data/sources/techm/transcripts_task3/TechM_Q4FY25.pdf,PDF p.27-28,commentary,,April 2025 Analyst Day (Q4FY25); value-based pricing for experienced talent under Project Fortius.,N,company IR / SEC filing (no aggregator used)
TechM-24,TechM,Q1FY26,2025-07-16,"Mohit Joshi, Managing Director & Chief Executive Officer",pricing_level,prudent from a pricing perspective and not wanting to sort of win revenue at any price. I think that has stood us in good stead in this environment compared to our peers who may have been too aggressive.,N,,https://insights.techmahindra.com/investors/tml-q1-fy-26-earnings-transcript.pdf,data/sources/techm/transcripts_task3/TechM_Q1FY26.pdf,PDF p.8,commentary,,Answer on holding FY27 margin target despite weaker growth environment.,N,company IR / SEC filing (no aggregator used)
TechM-25,TechM,Q2FY26,2025-10-14,"Mohit Joshi, Managing Director & Chief Executive Officer",pricing_increase,"That is a testament to the discipline we instituted under Project Fortius to bring in operational efficiency, disciplined execution and cost optimization along with early initial progress in value-based price optimization.",N,,https://insights.techmahindra.com/investors/tml-q2-fy-26-earnings-transcript.pdf,data/sources/techm/transcripts_task3/TechM_Q2FY26.pdf,PDF p.3,commentary,,Prepared remarks on EBIT margin of 12.1%.,N,company IR / SEC filing (no aggregator used)
TechM-26,TechM,Q2FY26,2025-10-14,"Mohit Joshi, Managing Director & Chief Executive Officer",productivity_passthrough,"while there is productivity expectation from customers, I think customers' expectations are becoming more realistic over time. ... Nobody's expecting, and if people are giving it, I know how they're giving it, 80% productivity over the next five years.",Y,80% productivity over five years (cited as unrealistic),https://insights.techmahindra.com/investors/tml-q2-fy-26-earnings-transcript.pdf,data/sources/techm/transcripts_task3/TechM_Q2FY26.pdf,PDF p.9,commentary,,Analyst (Sudheer Guntupalli) asked whether AI is deflationary or expansionary for TechM.,Y,company IR / SEC filing (no aggregator used)
TechM-27,TechM,Q2FY26,2025-10-14,"Mohit Joshi, Managing Director & Chief Executive Officer",other,"I think the final piece that we will be unveiling hopefully soon is a new commercial model, which is a new commercial model of how AI plus services will be delivered to our clients.",N,,https://insights.techmahindra.com/investors/tml-q2-fy-26-earnings-transcript.pdf,data/sources/techm/transcripts_task3/TechM_Q2FY26.pdf,PDF p.10,commentary,,Same answer on AI deflation; foreshadows AI-native pricing model.,N,company IR / SEC filing (no aggregator used)
TechM-28,TechM,Q3FY26,2026-01-16,"Mohit Joshi, Managing Director & Chief Executive Officer",productivity_passthrough,"BFSI declined 0.8% year-on-year, primarily due to higher than normal furloughs during the quarter and the passing of annual productivity gains to the large infrastructure contract in the rest of the world, which impacted revenues.",Y,BFSI revenue -0.8% YoY (attributed to furloughs and annual productivity pass-through),https://insights.techmahindra.com/investors/tml-q3-fy-26-earnings-transcript.pdf,data/sources/techm/transcripts_task3/TechM_Q3FY26.pdf,PDF p.3,measured,"Reported segment revenue change (BFSI -0.8% YoY); attribution to furloughs + productivity give-backs is commentary, give-back share not separated.",First explicit statement that contractual productivity give-backs reduced reported revenue.,Y,company IR / SEC filing (no aggregator used)
TechM-29,TechM,Q3FY26,2026-01-16,"Mohit Joshi, Managing Director & Chief Executive Officer",productivity_passthrough,"Revenue from the ROW declined by 4% YoY, primarily on account of furlough and annual productivity gains.",Y,ROW revenue -4% YoY (attributed to furlough and annual productivity gains),https://insights.techmahindra.com/investors/tml-q3-fy-26-earnings-transcript.pdf,data/sources/techm/transcripts_task3/TechM_Q3FY26.pdf,PDF p.3,measured,"Reported geography revenue change (ROW -4% YoY); attribution to furlough + annual productivity gains is commentary, not separated.",Same large infrastructure contract in ROW.,Y,company IR / SEC filing (no aggregator used)
TechM-30,TechM,Q3FY26,2026-01-16,"Mohit Joshi, Managing Director & Chief Executive Officer",renewal_terms,"As far as the productivity benefit for a larger client that we have spoken about, again, the productivity stepped down because it is a multi-year contract, you have to take a step down every year.",N,,https://insights.techmahindra.com/investors/tml-q3-fy-26-earnings-transcript.pdf,data/sources/techm/transcripts_task3/TechM_Q3FY26.pdf,PDF p.8,commentary,,Analyst (Kumar Rakesh) asked about the BFSI productivity pass-through and whether more is to come; Mohit says it does not spill into the next quarter.,Y,company IR / SEC filing (no aggregator used)
TechM-31,TechM,Q3FY26,2026-01-16,"Mohit Joshi, Managing Director & Chief Executive Officer",other,"building a new pricing model itself, where the pricing for human labour and the pricing for digital labour is very clearly distinguished. And the pricing for digital labour is then based on token consumption, right?",N,,https://insights.techmahindra.com/investors/tml-q3-fy-26-earnings-transcript.pdf,data/sources/techm/transcripts_task3/TechM_Q3FY26.pdf,PDF p.10,commentary,,Asked how to measure AI revenue; cites white paper with Forrester on new pricing model.,Y,company IR / SEC filing (no aggregator used)
TechM-32,TechM,Q4FY26,2026-04-22,"Mohit Joshi, Managing Director & Chief Executive Officer",deflation,"for each of these moves, there was always a concern that it would result in significant deflation for the industry and for TechM. But we've continued to thrive despite this",N,,https://insights.techmahindra.com/investors/tml-q4-fy-26-earnings-transcript.pdf,data/sources/techm/transcripts_task3/TechM_Q4FY26.pdf,PDF p.8,commentary,,"April 2026 Analyst Day (served as Q4FY26 results call); argues AI, like prior tech waves, drives modernization not deflation.",N,company IR / SEC filing (no aggregator used)
TechM-33,TechM,Q4FY26,2026-04-22,"Mohit Joshi, Managing Director & Chief Executive Officer",deflation,"And we're looking about a new commercial model, right? A new commercial model in the age of AI, rather than just looking at AI as a deflationary factor and just looking at AI as a productivity enhancer.",N,,https://insights.techmahindra.com/investors/tml-q4-fy-26-earnings-transcript.pdf,data/sources/techm/transcripts_task3/TechM_Q4FY26.pdf,PDF p.9,commentary,,April 2026 Analyst Day; one of eight AI themes.,N,company IR / SEC filing (no aggregator used)
TechM-34,TechM,Q4FY26,2026-04-22,"Mohit Joshi, Managing Director & Chief Executive Officer",productivity_passthrough,"if you're thinking about AI and the only thing that you're doing is going and talking to a client saying, I'll give you 20% productivity or 30% productivity. It's really a very simplistic way of looking about how clients are thinking about deriving the benefit of AI.",Y,"20% or 30% productivity (typical give-back framing, criticized)",https://insights.techmahindra.com/investors/tml-q4-fy-26-earnings-transcript.pdf,data/sources/techm/transcripts_task3/TechM_Q4FY26.pdf,PDF p.10,commentary,,April 2026 Analyst Day; proposes service-token pricing mixing human and digital labour instead of flat productivity commitments.,Y,company IR / SEC filing (no aggregator used)
TechM-35,TechM,Q4FY26,2026-04-22,"Atul Soneja, Chief Operating Officer",pricing_level,it's also important to make sure that we are charging the customers the right price for the right capabilities that we are bringing in.,N,,https://insights.techmahindra.com/investors/tml-q4-fy-26-earnings-transcript.pdf,data/sources/techm/transcripts_task3/TechM_Q4FY26.pdf,PDF p.14,commentary,,April 2026 Analyst Day; COO on pricing track under Project Fortius.,N,company IR / SEC filing (no aggregator used)
TechM-36,TechM,Q4FY26,2026-04-22,"Atul Soneja, Chief Operating Officer",other,"But this year, obviously, the big focus is around using AI to drive and enhance the productivity that we can drive from our fixed price programs majorly. We have made a very good start around that and that is something that we will carry on this year. Anyways, this is something which our clients expect",N,,https://insights.techmahindra.com/investors/tml-q4-fy-26-earnings-transcript.pdf,data/sources/techm/transcripts_task3/TechM_Q4FY26.pdf,PDF p.15,commentary,,"April 2026 Analyst Day; AI productivity in fixed-price programs (~55-60% of portfolio), noting client expectations.",N,company IR / SEC filing (no aggregator used)
TechM-37,TechM,Q4FY26,2026-04-22,"Atul Soneja, Chief Operating Officer",other,We started measuring the true AI-led productivity improvement in our programs starting last year and 7% improvement might not sound much but I think it's a very healthy start with respect to AI-only led productivity improvement.,Y,7% AI-only productivity improvement in programs,https://insights.techmahindra.com/investors/tml-q4-fy-26-earnings-transcript.pdf,data/sources/techm/transcripts_task3/TechM_Q4FY26.pdf,PDF p.17,measured,Firm-measured internal delivery productivity (not a price change).,April 2026 Analyst Day; measured labor-productivity effect of AI in delivery.,Y,company IR / SEC filing (no aggregator used)
TechM-38,TechM,Q4FY26,2026-04-22,"Mohit Joshi, Managing Director & Chief Executive Officer",productivity_passthrough,There are obviously some clients who questioned about whether productivity in the outer year should be higher with the evolution that we're seeing of models. But this is not common behavior.,N,,https://insights.techmahindra.com/investors/tml-q4-fy-26-earnings-transcript.pdf,data/sources/techm/transcripts_task3/TechM_Q4FY26.pdf,PDF p.24,commentary,,"Analyst (Sudhir, Kotak AMC) asked whether post-Claude-release clients are asking for price deflation or productivity pass-ons.",N,company IR / SEC filing (no aggregator used)
TechM-39,TechM,Q4FY26,2026-04-22,"Mohit Joshi, Managing Director & Chief Executive Officer",pricing_level,"We obviously have to make sure, as you very rightly pointed out, that we get the right rate realization, the right price for this experience.",N,,https://insights.techmahindra.com/investors/tml-q4-fy-26-earnings-transcript.pdf,data/sources/techm/transcripts_task3/TechM_Q4FY26.pdf,PDF p.26,commentary,,Analyst (Kawaljeet) asked whether margin improvement comes from pyramid correction or getting the right price.,N,company IR / SEC filing (no aggregator used)
TechM-40,TechM,Q1FY27,2026-07-16,"Atul Soneja, Chief Operating Officer",other,"The commercial model is tied to measurable outcomes, roughly 40% fewer tickets, 20% lower mean time to resolution, 30% to 35% reduction in technical debt, and significant productivity improvement over the deal duration.",Y,40% fewer tickets; 20% lower MTTR; 30-35% less technical debt,https://insights.techmahindra.com/investors/tml-q1-fy-27-earnings-transcript.pdf,data/sources/techm/transcripts_task3/TechM_Q1FY27.pdf,PDF p.7,commentary,,Healthcare deal win with outcome-linked commercial model.,appendix,company IR / SEC filing (no aggregator used)
TechM-41,TechM,Q1FY27,2026-07-16,"Atul Soneja, Chief Operating Officer",productivity_passthrough,"The program targets doubling the release velocity and about 40% reduction in incident handling effort, leading to significant cost reduction.",Y,~40% reduction in incident handling effort; 2x release velocity,https://insights.techmahindra.com/investors/tml-q1-fy-27-earnings-transcript.pdf,data/sources/techm/transcripts_task3/TechM_Q1FY27.pdf,PDF p.7,commentary,,Telecom managed-operations deal win where AI is central.,appendix,company IR / SEC filing (no aggregator used)
TechM-42,TechM,Q1FY27,2026-07-16,"Atul Soneja, Chief Operating Officer",other,Some traditional work will become more productive and require new commercial constructs.,N,,https://insights.techmahindra.com/investors/tml-q1-fy-27-earnings-transcript.pdf,data/sources/techm/transcripts_task3/TechM_Q1FY27.pdf,PDF p.8,commentary,,Prepared remarks on AI as operating model change.,N,company IR / SEC filing (no aggregator used)
TechM-43,TechM,Q1FY27,2026-07-16,"Mohit Joshi, Managing Director & Chief Executive Officer",productivity_passthrough,"I think one example is obviously the level of productivity baked into, 5 to 7 year deals. Now, obviously, we want to make sure that we are aggressive, but getting into a 70%, 80% productivity benefit over a 5-year deal, I feel is getting into productivity benefits that are not visible today",Y,70%-80% productivity benefit over 5-year deals (competitor offers; TechM holds back),https://insights.techmahindra.com/investors/tml-q1-fy-27-earnings-transcript.pdf,data/sources/techm/transcripts_task3/TechM_Q1FY27.pdf,PDF p.15,commentary,,Analyst (Kawaljeet Saluja) asked for examples of 'irrational' competition.,Y,company IR / SEC filing (no aggregator used)
TechM-44,TechM,Q1FY27,2026-07-16,"Mohit Joshi, Managing Director & Chief Executive Officer",other,"If you're seeing a pricing inflation of 20% year-on-year, to tell clients that you will hold the price for a 3 or 5-year deal, we think is a forward call which doesn't really make sense.",Y,20% YoY memory/chip price inflation; 3-5 year price holds,https://insights.techmahindra.com/investors/tml-q1-fy-27-earnings-transcript.pdf,data/sources/techm/transcripts_task3/TechM_Q1FY27.pdf,PDF p.16,commentary,,Hardware/memory price inflation in infrastructure deals (TechM declines multi-year price holds); not services pricing.,appendix,company IR / SEC filing (no aggregator used)
TechM-45,TechM,Q1FY27,2026-07-16,"Mohit Joshi, Managing Director & Chief Executive Officer",productivity_passthrough,"There is some pressure certainly, there is a huge ask of productivity, but in some cases, this has also meant consolidation opportunities.",N,,https://insights.techmahindra.com/investors/tml-q1-fy-27-earnings-transcript.pdf,data/sources/techm/transcripts_task3/TechM_Q1FY27.pdf,PDF p.19,commentary,,Analyst (Vibhor Singhal) asked about manufacturing/auto; auto clients seeking AI for cost reduction.,N,company IR / SEC filing (no aggregator used)
TechM-46,TechM,Q1FY27,2026-07-16,"Mohit Joshi, Managing Director & Chief Executive Officer",other,"our productivity for our fixed price engagements was below our expectations, and so we've driven with the help of the new AI tooling a higher level of productivity, which has meant lower headcount.",N,,https://insights.techmahindra.com/investors/tml-q1-fy-27-earnings-transcript.pdf,data/sources/techm/transcripts_task3/TechM_Q1FY27.pdf,PDF p.17,commentary,,"Analyst (Surendra Goyal) noted IT services headcount down 7% YoY; Mohit says revenue up, headcount down via AI in fixed-price work (labor per unit falling, gains retained as margin).",Y,company IR / SEC filing (no aggregator used)
LTIMindtree-00,LTIMindtree,Q3FY21,2021-01-28,"Sanjay Jalona, Chief Executive Officer & Managing Director",pricing_level,I wouldn't worry about pricing too much. I think it's hyper competitive out there and it's about what value you can create.,N,,https://www.ltimindtree.com/content/dam/ltimcorporatewebsite/uploads/investors/2021/01/Earnings-call-Transcript.pdf,data/sources/ltim/transcripts_task3/LTIM_Q3FY21.pdf,PDF p.12,commentary,,LTI (pre-merger). Analyst asked whether higher offshore mix/work-from-anywhere would bring better pricing.,N,company IR / SEC filing (no aggregator used)
LTIMindtree-01,LTIMindtree,Q4FY21,2021-05-12,"Sudhir Chaturvedi, President (Sales)",pricing_level,"If you reflect back to the same time last year, we had huge pressure on pricing, requests for discounts, deferment of payment terms, etc. What we are seeing now is a more stable pricing environment.",N,,https://www.ltimindtree.com/content/dam/ltimcorporatewebsite/uploads/investors/2021/05/Transcript.pdf,data/sources/ltim/transcripts_task3/LTIM_Q4FY21.pdf,PDF p.14,commentary,,LTI (pre-merger). Contrast of COVID-era (2020) discounts with stable pricing in 2021.,N,company IR / SEC filing (no aggregator used)
LTIMindtree-02,LTIMindtree,Q4FY21,2021-05-12,"Sanjay Jalona, Chief Executive Officer & Managing Director",pricing_level,"Divya, rates are stable, pricing is stable. ... Last year was about a lot of discounts, this year I don't want to preempt by saying we are able to increase pricing, so we will leave it at stable pricing right now.",N,,https://www.ltimindtree.com/content/dam/ltimcorporatewebsite/uploads/investors/2021/05/Transcript.pdf,data/sources/ltim/transcripts_task3/LTIM_Q4FY21.pdf,PDF p.18,commentary,,LTI (pre-merger). Analyst (UBS) asked whether supply constraints let rates move up.,Y,company IR / SEC filing (no aggregator used)
LTIMindtree-03,LTIMindtree,Q1FY22,2021-07-21,"Sanjay Jalona, Chief Executive Officer & Managing Director",productivity_passthrough,"bulk of the conversation is why does it take ten people, why can't you do with four people using technology, AI, ML, ops and all the investments we have made? Pricing has not been an effective pro and con for a while now.",N,,https://www.ltimindtree.com/content/dam/ltimcorporatewebsite/uploads/investors/2021/07/Earnings-Call-Transcript-FY2022-Q1.pdf,data/sources/ltim/transcripts_task3/LTIM_Q1FY22.pdf,PDF p.12,commentary,,LTI (pre-merger). Analyst asked if clients were open to pricing renegotiations; client asks framed as productivity (fewer people) rather than rate.,N,company IR / SEC filing (no aggregator used)
LTIMindtree-04,LTIMindtree,Q2FY22,2021-10-22,"Sanjay Jalona, Chief Executive Officer & Managing Director",pricing_increase,I think we are seeing increased rates in pockets ... We are seeing some increased rate realizations as well.,N,,https://www.ltimindtree.com/content/dam/ltimcorporatewebsite/uploads/investors/2021/10/IntimationSigned.pdf,data/sources/ltim/transcripts_task3/LTIM_Q2FY22.pdf,PDF p.10,commentary,,LTI (pre-merger). Question on whether demand allows offsetting talent cost inflation via higher pricing.,Y,company IR / SEC filing (no aggregator used)
LTIMindtree-05,LTIMindtree,Q2FY22,2021-10-22,"Sanjay Jalona, Chief Executive Officer & Managing Director",pricing_level,"But definitely pricing pressures are not there like they used to be there, but this is also an opportunity, and we need to think on how we can improve the pricing.",N,,https://www.ltimindtree.com/content/dam/ltimcorporatewebsite/uploads/investors/2021/10/IntimationSigned.pdf,data/sources/ltim/transcripts_task3/LTIM_Q2FY22.pdf,PDF p.13,commentary,,LTI (pre-merger). Analyst asked if clients would absorb price hikes to pass on supply-side (wage) pressure.,N,company IR / SEC filing (no aggregator used)
LTIMindtree-06,LTIMindtree,Q3FY22,2022-01-27,"Sanjay Jalona, Chief Executive Officer & Managing Director",pricing_increase,"So, pricing more or less is stable. We have seen pockets where there has been price increase as the demand is much higher than the supply.",N,,https://www.ltimindtree.com/content/dam/ltimcorporatewebsite/uploads/investors/2022/01/Earnings-call-transcript-Q3FY2022.pdf,data/sources/ltim/transcripts_task3/LTIM_Q3FY22.pdf,PDF p.9,commentary,,"LTI (pre-merger). Same answer continues on next page: ""Pricing you take it as stable with a positive bias.""",N,company IR / SEC filing (no aggregator used)
LTIMindtree-07,LTIMindtree,Q4FY22,2022-04-25,"Sanjay Jalona, Chief Executive Officer & Managing Director",pricing_increase,Pricing is also there and we are increasing pricing in pockets and we will continue to do that.,N,,https://www.ltimindtree.com/content/dam/ltimcorporatewebsite/uploads/investors/2022/04/Earnings-Call-Transcript-Q4FY2022.pdf,data/sources/ltim/transcripts_task3/LTIM_Q4FY22.pdf,PDF p.14,commentary,,LTI (pre-merger). Asked whether pricing would be a margin tailwind in FY23.,N,company IR / SEC filing (no aggregator used)
LTIMindtree-08,LTIMindtree,Q1FY23,2022-07-21,"Sudhir Chaturvedi, President (Sales)",pricing_increase,"we are not seeing any conversations on that. In fact, right now, just to cover the point on pricing, we are still able to get some price increase in pockets because there is still a gap between demand and supply, especially on new technology talent and clients are open to increases for hot skills.",N,,https://www.ltimindtree.com/content/dam/ltimcorporatewebsite/uploads/investors/2022/07/Earnings-call-transcript-Q1FY2023.pdf,data/sources/ltim/transcripts_task3/LTIM_Q1FY23.pdf,PDF p.11,commentary,,"LTI (pre-merger). ""that"" = pricing cuts; analyst asked about recession prep / reluctance to negotiate pricing.",Y,company IR / SEC filing (no aggregator used)
LTIMindtree-09,LTIMindtree,Q2FY23,2022-10-21,"Sudhir Chaturvedi, President, (Sales)",other,"Many of these implementations were done at high price points because speed was of the essence. There is now a need for organizations to go back and meet the planned business cases for all these programs. And therefore, there will be an efficiency play on the new stack.",N,,https://www.ltimindtree.com/content/dam/ltimcorporatewebsite/uploads/investors/2022/10/Earnings-call-transcript-Q2FY2023.pdf,data/sources/ltim/transcripts_task3/LTIM_Q2FY23.pdf,PDF p.4,commentary,,LTI (pre-merger). Prepared remarks; early signal of client shift to efficiency/cost-control on recently built cloud/data stack.,N,company IR / SEC filing (no aggregator used)
LTIMindtree-10,LTIMindtree,Q3FY23,2023-01-20,"Debashis Chatterjee, Chief Executive Officer & Managing Director",pricing_increase,"The continued revenue momentum was driven by significant deal wins, including new logos, rate increases, and a growing pipeline of large deals.",N,,https://www.ltimindtree.com/content/dam/ltimcorporatewebsite/uploads/investors/2023/01/Earnings-call-transcript-Q3FY2023.pdf,data/sources/ltim/transcripts_task3/LTIM_Q3FY23.pdf,PDF p.5,commentary,,First merged LTIMindtree call; prepared remarks on BFSI vertical.,N,company IR / SEC filing (no aggregator used)
LTIMindtree-11,LTIMindtree,Q3FY23,2023-01-20,"Vinit Teredesai, Chief Financial Officer",pricing_increase,"So, we continue to go back to the clients and look at price increases, rate increases wherever possible. We have been able to gain that in the past multiple times and we intent to get this back in the coming year.",N,,https://www.ltimindtree.com/content/dam/ltimcorporatewebsite/uploads/investors/2023/01/Earnings-call-transcript-Q3FY2023.pdf,data/sources/ltim/transcripts_task3/LTIM_Q3FY23.pdf,PDF p.19,commentary,,Asked how to claw back intervention-based wage cost increases for niche skills.,N,company IR / SEC filing (no aggregator used)
LTIMindtree-12,LTIMindtree,Q4FY23,2023-05-02,"Vinit Teredesai, Chief Financial Officer",pricing_level,"Pricing is pretty much stable. Just remember as DC has mentioned that in his opening remarks that the nature of the deals and the revenue profile is changing from the transformation to the cost takeouts, to that extent that's the change that is coming in.",N,,https://www.ltimindtree.com/content/dam/ltimcorporatewebsite/uploads/investors/2023/05/Earnings-call-transcript-Q4FY2023.pdf,data/sources/ltim/transcripts_task3/LTIM_Q4FY23.pdf,PDF p.9,commentary,,Analyst asked about Q4 pricing given lower headcount/utilization but higher revenue.,Y,company IR / SEC filing (no aggregator used)
LTIMindtree-13,LTIMindtree,Q1FY24,2023-07-17,"Debashis Chatterjee, Chief Executive Officer & Managing Director",other,Application modernization use cases have shown 40% to 60% productivity improvement in large legacy code conversions for cloud.,Y,"40%-60% productivity improvement (GenAI, legacy code conversion)",https://www.ltimindtree.com/content/dam/ltimcorporatewebsite/uploads/investors/2023/07/Earnings-call-transcript-FY2024.pdf,data/sources/ltim/transcripts_task3/LTIM_Q1FY24.pdf,PDF p.5,commentary,Productivity from GenAI use cases; not a stated client price change.,"Prepared remarks on Canvas.ai GenAI platform; relevant to labor per unit of work, no pass-through stated.",appendix,company IR / SEC filing (no aggregator used)
LTIMindtree-14,LTIMindtree,Q2FY24,2023-10-20,"Debashis Chatterjee, Chief Executive Officer & Managing Director",productivity_passthrough,"Whereas if you look at the efficiency or the cost takeout deals, you cannot really commit to that efficiency to the client unless it's a slightly longer tenure because you need to understand the environment and then do a few things in terms of whether it is Gen AI or whatever you say.",N,,https://www.ltimindtree.com/content/dam/ltimcorporatewebsite/uploads/investors/2023/10/Earnings-call-transcript-Q2FY2024.pdf,data/sources/ltim/transcripts_task3/LTIM_Q2FY24.pdf,PDF p.22,commentary,,Efficiency commitments (incl. GenAI) built into longer-tenure cost-takeout deals.,Y,company IR / SEC filing (no aggregator used)
LTIMindtree-15,LTIMindtree,Q2FY24,2023-10-20,"Debashis Chatterjee, Chief Executive Officer & Managing Director",other,"all the opportunities that we have been focusing on and the deals that we have closed in the last two quarters, they seem to be ramping up well, but of course that is offset by some furloughs and some pressures in terms of the cost takeout in the existing book of business as well.",N,,https://www.ltimindtree.com/content/dam/ltimcorporatewebsite/uploads/investors/2023/10/Earnings-call-transcript-Q2FY2024.pdf,data/sources/ltim/transcripts_task3/LTIM_Q2FY24.pdf,PDF p.10,commentary,,Cost-takeout pressure on existing book (revenue compression) cited alongside furloughs.,N,company IR / SEC filing (no aggregator used)
LTIMindtree-16,LTIMindtree,Q4FY24,2024-04-26,"Debashis Chatterjee, Chief Executive Officer & Managing Director",other,"There is still caution as far as discretionary spend is concerned, 80% of the pipeline that we have are still cost takeout, consolidation kind of opportunities.",Y,80% of pipeline = cost takeout/consolidation,https://www.ltimindtree.com/content/dam/ltimcorporatewebsite/uploads/investors/2024/04/Earnings-call-transcript-Q4FY24.pdf,data/sources/ltim/transcripts_task3/LTIM_Q4FY24.pdf,PDF p.10,commentary,"Pipeline composition, not a price figure.",Demand-mix evidence (discretionary weak) rather than pricing per se.,Y,company IR / SEC filing (no aggregator used)
LTIMindtree-17,LTIMindtree,Q4FY24,2024-04-26,"Vinit Teredesai, Chief Financial Officer",pricing_increase,"we are also working out on the right role, right pricing and the red programs, whereby the margin needs to be improved over a period of time.",N,,https://www.ltimindtree.com/content/dam/ltimcorporatewebsite/uploads/investors/2024/04/Earnings-call-transcript-Q4FY24.pdf,data/sources/ltim/transcripts_task3/LTIM_Q4FY24.pdf,PDF p.15,commentary,,Margin-improvement program; repricing low-margin (red) accounts.,N,company IR / SEC filing (no aggregator used)
LTIMindtree-18,LTIMindtree,Q3FY25,2025-01-20,"Debashis Chatterjee, Chief Executive Officer & Managing Director",other,"while AI may cannibalize some revenue, it offers substantial opportunity for growth and increased market share when strategically leveraged.",N,,https://www.ltimindtree.com/content/dam/ltimcorporatewebsite/uploads/investors/2025/01/Earnings-Call-Transcript-Q3FY25.pdf,data/sources/ltim/transcripts_task3/LTIM_Q3FY25.pdf,PDF p.4,commentary,,Prepared remarks; references Investor Day Nov 2024.,Y,company IR / SEC filing (no aggregator used)
LTIMindtree-19,LTIMindtree,Q3FY25,2025-01-20,"Debashis Chatterjee, Chief Executive Officer & Managing Director",productivity_passthrough,"Technology, Media and Communications vertical grew 9.1% year-over-year and declined by 5.5% quarter-over-quarter in constant currency. Tech companies continue to be at the forefront of AI adoption. In the spirit of doing more for less, we are passing on AI-driven productivity benefits to our clients.",Y,"TMC vertical +9.1% YoY, -5.5% QoQ cc",https://www.ltimindtree.com/content/dam/ltimcorporatewebsite/uploads/investors/2025/01/Earnings-Call-Transcript-Q3FY25.pdf,data/sources/ltim/transcripts_task3/LTIM_Q3FY25.pdf,PDF p.7,measured,Reported segment revenue change (-5.5% QoQ cc) that management links to AI productivity pass-back to top Hi-Tech client; not an isolated price measure.,First explicit AI productivity give-back; top client (Hi-Tech).,Y,company IR / SEC filing (no aggregator used)
LTIMindtree-20,LTIMindtree,Q3FY25,2025-01-20,"Debashis Chatterjee, Chief Executive Officer & Managing Director",productivity_passthrough,"The entire theme of doing more with less and the productivity benefits that we are talking about, I think you can probably say at least two months within this quarter, and which will also extend into the next quarter.",Y,"pass-back in effect ~2 months of Q3FY25, extends into Q4FY25",https://www.ltimindtree.com/content/dam/ltimcorporatewebsite/uploads/investors/2025/01/Earnings-Call-Transcript-Q3FY25.pdf,data/sources/ltim/transcripts_task3/LTIM_Q3FY25.pdf,PDF p.13,commentary,,Kawaljeet Saluja asked when the pass-on to the large client happened.,Y,company IR / SEC filing (no aggregator used)
LTIMindtree-21,LTIMindtree,Q3FY25,2025-01-20,"Nachiket Deshpande, Chief Operating Officer",productivity_passthrough,"Where we are passing on the productivity benefit, we are actually generating those benefits and passing on. That's why it is relatively margin-neutral.",N,,https://www.ltimindtree.com/content/dam/ltimcorporatewebsite/uploads/investors/2025/01/Earnings-Call-Transcript-Q3FY25.pdf,data/sources/ltim/transcripts_task3/LTIM_Q3FY25.pdf,PDF p.14,commentary,,"Analyst then asked ""So, it's not a pricing reset ... from that large account?""; Nachiket answered ""No.""",Y,company IR / SEC filing (no aggregator used)
LTIMindtree-22,LTIMindtree,Q3FY25,2025-01-20,"Nachiket Deshpande, Chief Operating Officer",productivity_passthrough,We are able to infuse AI in delivering higher levels of productivity than we could in the past and that is becoming a key differentiator for us to win some of these vendor consolidation and cost take out deals.,N,,https://www.ltimindtree.com/content/dam/ltimcorporatewebsite/uploads/investors/2025/01/Earnings-Call-Transcript-Q3FY25.pdf,data/sources/ltim/transcripts_task3/LTIM_Q3FY25.pdf,PDF p.12,commentary,,Analyst asked whether the same give-back will be offered to clients of the hyperscaler client.,N,company IR / SEC filing (no aggregator used)
LTIMindtree-23,LTIMindtree,Q3FY25,2025-01-20,"Debashis Chatterjee, Chief Executive Officer & Managing Director",productivity_passthrough,"there are deals which we have won, and I think some of them we announced earlier, where we would not have won that vendor consolidation unless we had committed to AI productivity gain. ... we know very well that for our existing client base, in some areas we may be cannibalizing",N,,https://www.ltimindtree.com/content/dam/ltimcorporatewebsite/uploads/investors/2025/01/Earnings-Call-Transcript-Q3FY25.pdf,data/sources/ltim/transcripts_task3/LTIM_Q3FY25.pdf,PDF p.24,commentary,,AI productivity commitments required to win vendor-consolidation deals; acknowledged cannibalization.,N,company IR / SEC filing (no aggregator used)
LTIMindtree-24,LTIMindtree,Q4FY25,2025-04-28,"Vipul Chandra, Chief Financial Officer",productivity_passthrough,"It was productivity pass back as we had called out in Q3 and that is what it was. As we had said in our Q3 earnings call also, it had not affected the margins of our segment. So there is no pricing reset.",N,,https://www.ltimindtree.com/content/dam/ltimcorporatewebsite/uploads/investors/2025/04/Earnings-Call-Transcript-Q4FY25.pdf,data/sources/ltim/transcripts_task3/LTIM_Q4FY25.pdf,PDF p.22,commentary,,"Venu Lambu (CEO Designate) also said ""There is no pricing reset that has happened."" Analyst asked whether Hi-Tech client had a pricing reset.",Y,company IR / SEC filing (no aggregator used)
LTIMindtree-25,LTIMindtree,Q4FY25,2025-04-28,"Venu Lambu, Chief Executive Officer (Designate)",productivity_passthrough,"that's been factored already in Q3 and Q4 quarter. So that's the end of the initiative we are driving, and we are happy that we successfully delivered those benefits to our customers.",N,,https://www.ltimindtree.com/content/dam/ltimcorporatewebsite/uploads/investors/2025/04/Earnings-Call-Transcript-Q4FY25.pdf,data/sources/ltim/transcripts_task3/LTIM_Q4FY25.pdf,PDF p.11,commentary,,Top Hi-Tech client productivity pass-on declared complete.,N,company IR / SEC filing (no aggregator used)
LTIMindtree-26,LTIMindtree,Q1FY26,2025-07-22,"Venu Lambu, Chief Executive Officer & Managing Director",renewal_terms,"With regard to the productivity ask that comes from the clients at the time of renewal or even outside of the renewal process, is always a discussion that we will evaluate it because we have this relationship.",N,,https://www.ltimindtree.com/content/dam/ltimcorporatewebsite/uploads/2025/07/Earnings-Call-Transcript-Q1FY26.pdf,data/sources/ltim/transcripts_task3/LTIM_Q1FY26.pdf,PDF p.25,commentary,,Analyst asked about GenAI deflation in existing business/renewals and passing on productivity.,N,company IR / SEC filing (no aggregator used)
LTIMindtree-27,LTIMindtree,Q1FY26,2025-07-22,"Venu Lambu, Chief Executive Officer & Managing Director",productivity_passthrough,"There is no material impact because of productivity as a topic that I can call out but is there an ask from the clients with regard to productivity? Absolutely, yes and that ask is always there.",N,,https://www.ltimindtree.com/content/dam/ltimcorporatewebsite/uploads/2025/07/Earnings-Call-Transcript-Q1FY26.pdf,data/sources/ltim/transcripts_task3/LTIM_Q1FY26.pdf,PDF p.25,commentary,,Same answer as previous row.,N,company IR / SEC filing (no aggregator used)
LTIMindtree-28,LTIMindtree,Q2FY26,2025-10-23,"Venu Lambu, Chief Executive Officer & Managing Director",renewal_terms,"these are the large accounts, which is going through recalibration because of the AI productivity benefit that they get. ... And those things get applied when the renewal comes.",N,,https://www.ltimindtree.com/content/dam/ltimcorporatewebsite/uploads/investors/2025/10/earnings-call-transcript-q2fy26.pdf,data/sources/ltim/transcripts_task3/LTIM_Q2FY26.pdf,PDF p.9,commentary,,Explaining top-5 client bucket weakness.,N,company IR / SEC filing (no aggregator used)
LTIMindtree-29,LTIMindtree,Q2FY26,2025-10-23,"Venu Lambu, Chief Executive Officer & Managing Director",deflation,The price points did change. The renewal recalibration happened. We passed on the benefit to the customer as well at that time.,N,,https://www.ltimindtree.com/content/dam/ltimcorporatewebsite/uploads/investors/2025/10/earnings-call-transcript-q2fy26.pdf,data/sources/ltim/transcripts_task3/LTIM_Q2FY26.pdf,PDF p.13,commentary,,"""Pre-productivity era"" vs ""post-productivity era"" framing for BFSI/Tech (~60% of revenue).",Y,company IR / SEC filing (no aggregator used)
LTIMindtree-30,LTIMindtree,Q2FY26,2025-10-23,"Venu Lambu, Chief Executive Officer & Managing Director",renewal_terms,the third is some of our renewal deals gets recalibrated to a new price point as we go along.,N,,https://www.ltimindtree.com/content/dam/ltimcorporatewebsite/uploads/investors/2025/10/earnings-call-transcript-q2fy26.pdf,data/sources/ltim/transcripts_task3/LTIM_Q2FY26.pdf,PDF p.14,commentary,,Third reason order bookings do not map 1:1 to revenue.,N,company IR / SEC filing (no aggregator used)
LTIMindtree-31,LTIMindtree,Q2FY26,2025-10-23,"Venu Lambu, Chief Executive Officer & Managing Director",productivity_passthrough,The right strategy is to let go what is right productivity gain to our customers because we win back more. We win back more compared to what we give.,N,,https://www.ltimindtree.com/content/dam/ltimcorporatewebsite/uploads/investors/2025/10/earnings-call-transcript-q2fy26.pdf,data/sources/ltim/transcripts_task3/LTIM_Q2FY26.pdf,PDF p.15,commentary,,"Said pressure in large accounts is ""more to do with AI"" than macro.",N,company IR / SEC filing (no aggregator used)
LTIMindtree-32,LTIMindtree,Q2FY26,2025-10-23,"Venu Lambu, Chief Executive Officer & Managing Director",other,"when it comes to the AI productivity things like managed services, fixed price project, the development and capacity-based engagements. These are the engagements where we have an opportunity to keep a part of it, if not full, of the productivity, towards us.",N,,https://www.ltimindtree.com/content/dam/ltimcorporatewebsite/uploads/investors/2025/10/earnings-call-transcript-q2fy26.pdf,data/sources/ltim/transcripts_task3/LTIM_Q2FY26.pdf,PDF p.16,commentary,,Analyst asked whether vendors can retain AI productivity margin benefits this time.,N,company IR / SEC filing (no aggregator used)
LTIMindtree-33,LTIMindtree,Q2FY26,2025-10-23,"Venu Lambu, Chief Executive Officer & Managing Director",other,"We developed an AI-powered quality engineering framework for a global real estate major, streamlining story refinement and automating test case generation. This resulted in a 60% productivity improvement.",Y,60% productivity improvement (client case),https://www.ltimindtree.com/content/dam/ltimcorporatewebsite/uploads/investors/2025/10/earnings-call-transcript-q2fy26.pdf,data/sources/ltim/transcripts_task3/LTIM_Q2FY26.pdf,PDF p.6,commentary,Client case-study productivity; no price change stated.,Prepared remarks.,appendix,company IR / SEC filing (no aggregator used)
LTIMindtree-34,LTIMindtree,Q2FY26,2025-10-23,"Venu Lambu, Chief Executive Officer & Managing Director",productivity_passthrough,"we are talking about the top five bringing it minus 5%. ... because if you are just passing on the productivity benefit, you do not just degrow at minus 5%, it will be much higher.",Y,top-5 client bucket -5%,https://www.ltimindtree.com/content/dam/ltimcorporatewebsite/uploads/investors/2025/10/earnings-call-transcript-q2fy26.pdf,data/sources/ltim/transcripts_task3/LTIM_Q2FY26.pdf,PDF p.22,measured,Reported top-5 client revenue decline (-5%) attributed to productivity pass-on net of new business.,Analyst asked if AI recalibration at renewals risks wallet share.,Y,company IR / SEC filing (no aggregator used)
LTIMindtree-35,LTIMindtree,Q3FY26,2026-01-23,"Venu Lambu, Chief Executive Officer & Managing Director",productivity_passthrough,"So unless all the five clients complete their journey, we will have to live through this short-term decline in that bucket.",N,,https://www.ltimindtree.com/content/dam/ltimcorporatewebsite/uploads/2026/01/earnings-call-transcript-q3fy26.pdf,data/sources/ltim/transcripts_task3/LTIM_Q3FY26.pdf,PDF p.13,commentary,,"""Productivity journey"" of top-5 clients; Venu said one client remains to pass through.",N,company IR / SEC filing (no aggregator used)
LTIMindtree-36,LTIMindtree,Q3FY26,2026-01-23,"Vipul Chandra, Chief Financial Officer",pricing_increase,"So pyramid improvement, rate realization, all of these things have played a role, as well as to some extent foreign exchange benefits.",N,,https://www.ltimindtree.com/content/dam/ltimcorporatewebsite/uploads/2026/01/earnings-call-transcript-q3fy26.pdf,data/sources/ltim/transcripts_task3/LTIM_Q3FY26.pdf,PDF p.17,commentary,,BFS segment margin improvement.,N,company IR / SEC filing (no aggregator used)
LTIMindtree-37,LTIMindtree,Q3FY26,2026-01-23,"Venu Lambu, Chief Executive Officer & Managing Director",renewal_terms,But I think the clients are looking at renewal as an inflection point where they want to reimagine their partner ecosystem or they want to reimagine their vendor ecosystem.,N,,https://www.ltimindtree.com/content/dam/ltimcorporatewebsite/uploads/2026/01/earnings-call-transcript-q3fy26.pdf,data/sources/ltim/transcripts_task3/LTIM_Q3FY26.pdf,PDF p.15,commentary,,Renewals used for vendor consolidation.,N,company IR / SEC filing (no aggregator used)
LTIMindtree-38,LTIMindtree,Q4FY26,2026-04-29,"Vipul Chandra, Chief Financial Officer",productivity_passthrough,"Q4 operating EBIT margin declined by 100-basis points sequentially to 15.1%. The decline was primarily on account of partial wage hikes implemented from 1st January and due to productivity commitments, we have made in key accounts offset by the Forex benefit.",Y,EBIT margin -100 bps QoQ to 15.1%,https://www.ltimindtree.com/content/dam/ltimcorporatewebsite/uploads/investors/2026/04/earnings-call-transcript-q4fy26.pdf,data/sources/ltim/transcripts_task3/LTIM_Q4FY26.pdf,PDF p.13,measured,Reported margin decline partly attributed to productivity commitments in key accounts (not separately quantified).,Prepared remarks.,Y,company IR / SEC filing (no aggregator used)
LTIMindtree-39,LTIMindtree,Q4FY26,2026-04-29,"Venu Lambu, Chief Executive Officer & Managing Director",productivity_passthrough,this is the quarter where I am really going to push it for that number to be bottomed out. So that we can push the productivity benefit accelerator and get it done.,N,,https://www.ltimindtree.com/content/dam/ltimcorporatewebsite/uploads/investors/2026/04/earnings-call-transcript-q4fy26.pdf,data/sources/ltim/transcripts_task3/LTIM_Q4FY26.pdf,PDF p.18,commentary,,Top BFSI account.,N,company IR / SEC filing (no aggregator used)
LTIMindtree-40,LTIMindtree,Q4FY26,2026-04-29,"Venu Lambu, Chief Executive Officer & Managing Director",productivity_passthrough,"The AI productivity journey started in Q3. In fact, in the later part of Q2, went up in Q3. And I said that in the Q3 earnings call, the plan was to go for another four months, but we wanted to squeeze it in three months.",Y,planned 4 months compressed into 3 months,https://www.ltimindtree.com/content/dam/ltimcorporatewebsite/uploads/investors/2026/04/earnings-call-transcript-q4fy26.pdf,data/sources/ltim/transcripts_task3/LTIM_Q4FY26.pdf,PDF p.27,commentary,,Top BFSI account productivity give-back timing.,Y,company IR / SEC filing (no aggregator used)
LTIMindtree-41,LTIMindtree,Q4FY26,2026-04-29,"Venu Lambu, Chief Executive Officer & Managing Director",productivity_passthrough,"Yes even if you look at the whole year performance of 3.7% for the full year, in spite of having a decline in that category of that account that you are highlighting, we still grew, right?",Y,FY26 growth 3.7% despite top-account decline,https://www.ltimindtree.com/content/dam/ltimcorporatewebsite/uploads/investors/2026/04/earnings-call-transcript-q4fy26.pdf,data/sources/ltim/transcripts_task3/LTIM_Q4FY26.pdf,PDF p.19,measured,Reported FY26 revenue growth (3.7%); pass-back impact not separately quantified.,"Continues: ""if I did not have this productivity journey going through in the top account, we probably would have delivered much more.""",Y,company IR / SEC filing (no aggregator used)
LTIMindtree-42,LTIMindtree,Q4FY26,2026-04-29,"Venu Lambu, Chief Executive Officer & Managing Director",renewal_terms,"What they would do though is that they will ask for, better innovation on the existing contracts, on the existing scope, better productivity, better innovation of AI infusion on the existing book of business. Those conversations are happening and those things we are delivering as well.",N,,https://www.ltimindtree.com/content/dam/ltimcorporatewebsite/uploads/investors/2026/04/earnings-call-transcript-q4fy26.pdf,data/sources/ltim/transcripts_task3/LTIM_Q4FY26.pdf,PDF p.16,commentary,,Asked whether long contracts are being renegotiated early.,N,company IR / SEC filing (no aggregator used)
LTIMindtree-43,LTIMindtree,Q1FY27,2026-07-16,"Venu Lambu, Chief Executive Officer & Managing Director",deflation,The productivity-linked pricing conversations we have had with some of our large clients are now behind us. That transition is complete,N,,https://www.ltimindtree.com/content/dam/ltimcorporatewebsite/uploads/investors/2026/07/earnings-call-transcript-q1fy27.pdf,data/sources/ltim/transcripts_task3/LTIM_Q1FY27.pdf,PDF p.15,commentary,,Prepared outlook; firm now LTM Limited.,Y,company IR / SEC filing (no aggregator used)
LTIMindtree-44,LTIMindtree,Q1FY27,2026-07-16,"Venu Lambu, Chief Executive Officer & Managing Director",other,"We launched BlueVerse™ Currency, our new commercial construct that offers outcome-based pricing for AI services.",N,,https://www.ltimindtree.com/content/dam/ltimcorporatewebsite/uploads/investors/2026/07/earnings-call-transcript-q1fy27.pdf,data/sources/ltim/transcripts_task3/LTIM_Q1FY27.pdf,PDF p.9,commentary,,Shift to outcome-based pricing.,N,company IR / SEC filing (no aggregator used)
LTIMindtree-45,LTIMindtree,Q1FY27,2026-07-16,"Venu Lambu, Chief Executive Officer & Managing Director",deflation,"you should assume that there is a natural deflation adjustment that has happened, so it is not fair to say USD 1.7 billion is the same as USD 1.7 billion of last year, so that means we are delivering more work for the same amount of order book",Y,order book USD 1.7bn vs USD 1.7bn last year,https://www.ltimindtree.com/content/dam/ltimcorporatewebsite/uploads/investors/2026/07/earnings-call-transcript-q1fy27.pdf,data/sources/ltim/transcripts_task3/LTIM_Q1FY27.pdf,PDF p.34,measured,"Reported order book (USD 1.7bn, flat YoY); the deflation adjustment within it is not quantified.",Second (re-scheduled) call; analyst asked about reaching USD 2bn+ bookings.,Y,company IR / SEC filing (no aggregator used)
LTIMindtree-46,LTIMindtree,Q1FY27,2026-07-16,"Venu Lambu, Chief Executive Officer & Managing Director",deflation,"the same requirement or the same deal, I would have priced probably, let us say, 15% higher a year back, but the same scope of work I am picking up at, let us say, 15% less.",Y,~15% lower price for same scope vs a year ago,https://www.ltimindtree.com/content/dam/ltimcorporatewebsite/uploads/investors/2026/07/earnings-call-transcript-q1fy27.pdf,data/sources/ltim/transcripts_task3/LTIM_Q1FY27.pdf,PDF p.36,commentary,"Illustrative (""let us say"") rather than a reported realized-price metric.","Analyst asked if 15%-20% AI deflation is built into deals; Venu said ""it is fair"".",Y,company IR / SEC filing (no aggregator used)
LTIMindtree-47,LTIMindtree,Q1FY27,2026-07-16,"Venu Lambu, Chief Executive Officer & Managing Director",deflation,"for certain category of services, the price at which we get paid not the unit level, but at the order book level, is definitely lesser than what it was in FY2026, but in spite of that, we keep the order book steady.",N,,https://www.ltimindtree.com/content/dam/ltimcorporatewebsite/uploads/investors/2026/07/earnings-call-transcript-q1fy27.pdf,data/sources/ltim/transcripts_task3/LTIM_Q1FY27.pdf,PDF p.36,commentary,,Same answer; distinguishes renewal deflation from new-deal price normalization.,N,company IR / SEC filing (no aggregator used)
LTIMindtree-48,LTIMindtree,Q1FY27,2026-07-16,"Venu Lambu, Chief Executive Officer & Managing Director",deflation,All the new deals that we are pricing anyway as per the new productivity level that a particular scope of work can be delivered with using different AI technologies so the reference point is a new reference point.,N,,https://www.ltimindtree.com/content/dam/ltimcorporatewebsite/uploads/investors/2026/07/earnings-call-transcript-q1fy27.pdf,data/sources/ltim/transcripts_task3/LTIM_Q1FY27.pdf,PDF p.47,commentary,,Asked whether further productivity-led discounts are being asked on deals already through a cycle.,Y,company IR / SEC filing (no aggregator used)
LTIMindtree-49,LTIMindtree,Q1FY27,2026-07-16,"Venu Lambu, Chief Executive Officer & Managing Director",deflation,"Look, I think that chapter, as I called out, is behind us, because I have been consistent in my earnings that, the productivity headwinds in top accounts, in top segments is what is material.",N,,https://www.ltimindtree.com/content/dam/ltimcorporatewebsite/uploads/investors/2026/07/earnings-call-transcript-q1fy27.pdf,data/sources/ltim/transcripts_task3/LTIM_Q1FY27.pdf,PDF p.28,commentary,,Analyst (Sumeet Jain) asked about AI deflation seen in top accounts in high tech and financial services.,N,company IR / SEC filing (no aggregator used)
Cognizant-00,Cognizant,Q4CY2020,2021-02-03,"Brian J. Humphries, Chief Executive Officer & Director, Cognizant Technology Solutions Corp.",pricing_level,"But you guys know, as much as we do, that in a high-demand environment where you have an imbalance, it can lead to certain outcomes. Now, we've got to understand what that means in terms of pricing environment as well to be very, very clear.",N,,"https://cognizant.q4cdn.com/123993165/files/doc_financials/2020/q4/CORRECTED-TRANSCRIPT_-Cognizant-Technology-Solutions-Corp.(CTSH-US),-Q4-2020-Earnings-Call,-3-February-2021-5_00-PM-ET.pdf",data/sources/cognizant/transcripts_task3/CTSH_Q4CY2020.pdf,PDF p.15,commentary,,"Answer to Ashwin Shirvaikar (Citi) on supply side/attrition; weak, early hint that talent imbalance could support pricing.",N,company IR / SEC filing (no aggregator used)
Cognizant-01,Cognizant,Q2CY2021,2021-07-28,"Jan Siegmund, Chief Financial Officer, Cognizant Technology Solutions Corp.",pricing_level,"we have been expanding our gross margins on the digital business, and we have seen an ability to the tight labor market, allowing us to get good pricing for our services.",N,,https://cognizant.q4cdn.com/123993165/files/doc_financials/2021/q2/Q2-2021-Earnings-Transcript.pdf,data/sources/cognizant/transcripts_task3/CTSH_Q2CY2021.pdf,PDF p.17,commentary,,Answer to question on pricing trends by segment; digital pricing favorable.,N,company IR / SEC filing (no aggregator used)
Cognizant-02,Cognizant,Q2CY2021,2021-07-28,"Jan Siegmund, Chief Financial Officer, Cognizant Technology Solutions Corp.",pricing_level,"We see also continued pricing pressure in the more traditional services that we have been talking about in past quarters, where clients are seeking additional cost benefit and that pricing pressure in those more traditional type of services haven't changed at this point in time.",N,,https://cognizant.q4cdn.com/123993165/files/doc_financials/2021/q2/Q2-2021-Earnings-Transcript.pdf,data/sources/cognizant/transcripts_task3/CTSH_Q2CY2021.pdf,PDF p.17,commentary,,Same answer; pre-GenAI pricing pressure in legacy/traditional services.,Y,company IR / SEC filing (no aggregator used)
Cognizant-03,Cognizant,Q3CY2021,2021-10-27,"Brian J. Humphries, Chief Executive Officer & Director, Cognizant Technology Solutions Corp.",pricing_level,"I think the implications of digital is, of course, important from a pricing point of view but also the competitors against which we're going up enables us to be a very strong challenger brand. And so we have pricing, I would say, accretion as opposed to dilution.",N,,https://cognizant.q4cdn.com/123993165/files/doc_financials/2021/q3/Q3-2021-CTSH-Earnings-Transcript.pdf,data/sources/cognizant/transcripts_task3/CTSH_Q3CY2021.pdf,PDF p.9,commentary,,Answer to Tien-Tsin Huang (JPMorgan) on pricing/margins.,N,company IR / SEC filing (no aggregator used)
Cognizant-04,Cognizant,Q3CY2021,2021-10-27,"Brian J. Humphries, Chief Executive Officer & Director, Cognizant Technology Solutions Corp.",pricing_increase,"we've been faced with choice points, which clients to serve, which deals to chase, where we walk away, where we're willing to make pricing stances that may put a deal at risk but it's the appropriate thing to do given the demand-supply imbalance.",N,,https://cognizant.q4cdn.com/123993165/files/doc_financials/2021/q3/Q3-2021-CTSH-Earnings-Transcript.pdf,data/sources/cognizant/transcripts_task3/CTSH_Q3CY2021.pdf,PDF p.10,commentary,,Supply-constrained 2021 labor market.,N,company IR / SEC filing (no aggregator used)
Cognizant-05,Cognizant,Q4CY2021,2022-02-02,"Brian J. Humphries, Chief Executive Officer & Director, Cognizant Technology Solutions Corp.",pricing_level,"clients are certainly willing to spend for skills and innovation, but certainly expect more efficiencies and a more traditional non-digital work. And we see that on our pricing dynamics",N,,https://cognizant.q4cdn.com/123993165/files/doc_financials/2021/q4/Q4-2021-Transcript-(FactSet).pdf,data/sources/cognizant/transcripts_task3/CTSH_Q4CY2021.pdf,PDF p.11,commentary,,Answer to Lisa Ellis; legacy work faces price-efficiency demands while digital commands spend.,N,company IR / SEC filing (no aggregator used)
Cognizant-06,Cognizant,Q4CY2021,2022-02-02,"Brian J. Humphries, Chief Executive Officer & Director, Cognizant Technology Solutions Corp.",pricing_increase,"So, Darrin, first of all, pricing remained somewhat stable. ... But, of course, price increases can and have lagged talent related to cost increases.",N,,https://cognizant.q4cdn.com/123993165/files/doc_financials/2021/q4/Q4-2021-Transcript-(FactSet).pdf,data/sources/cognizant/transcripts_task3/CTSH_Q4CY2021.pdf,PDF p.12,commentary,,Answer to Darrin Peller on pricing vs wage inflation.,Y,company IR / SEC filing (no aggregator used)
Cognizant-07,Cognizant,Q4CY2021,2022-02-02,"Brian J. Humphries, Chief Executive Officer & Director, Cognizant Technology Solutions Corp.",renewal_terms,"We've taken out double-digit thousands of people from our fixed price contracts in the last few years, so we continue to automate our agenda. ... So it's a street combat every single time you're coming up for renewal.",N,,https://cognizant.q4cdn.com/123993165/files/doc_financials/2021/q4/Q4-2021-Transcript-(FactSet).pdf,data/sources/cognizant/transcripts_task3/CTSH_Q4CY2021.pdf,PDF p.17,commentary,,"Answer to David Togut, who asked how much ""price efficiency"" clients seek in legacy work and whether it is offset by lower costs.",N,company IR / SEC filing (no aggregator used)
Cognizant-08,Cognizant,Q1CY2022,2022-05-04,"Jan Siegmund, Chief Financial Officer, Cognizant Technology Solutions Corp.",pricing_increase,"many of our clients obviously have regular price increases built into their contracts. But I think the extraordinary situation of wage inflation and cost pressure that also our clients experience has, I think, opened more opportunities for us to drive pricing initiatives across the entire company.",N,,"https://cognizant.q4cdn.com/123993165/files/doc_financials/2022/q1/CORRECTED-TRANSCRIPT_-Cognizant-Technology-Solutions-Corp.(CTSH-US),-Q1-2022-Earnings-Call,-4-May-2022-5_00-PM-ET.pdf",data/sources/cognizant/transcripts_task3/CTSH_Q1CY2022.pdf,PDF p.12,commentary,,Inflation pass-through era.,N,company IR / SEC filing (no aggregator used)
Cognizant-09,Cognizant,Q1CY2022,2022-05-04,"Brian J. Humphries, Chief Executive Officer & Director, Cognizant Technology Solutions Corp.",pricing_increase,"And as costs of our people go up by definition we have an obligation to in one form or another either automate, change the pyramid, shape, change the offshoring mix or near shoring mix, and/or find a way to pass on cost to clients, notwithstanding automation agendas or whatnot.",N,,"https://cognizant.q4cdn.com/123993165/files/doc_financials/2022/q1/CORRECTED-TRANSCRIPT_-Cognizant-Technology-Solutions-Corp.(CTSH-US),-Q1-2022-Earnings-Call,-4-May-2022-5_00-PM-ET.pdf",data/sources/cognizant/transcripts_task3/CTSH_Q1CY2022.pdf,PDF p.14,commentary,,Answer to Ashwin Shirvaikar on pricing.,N,company IR / SEC filing (no aggregator used)
Cognizant-10,Cognizant,Q1CY2022,2022-05-04,"Brian J. Humphries, Chief Executive Officer & Director, Cognizant Technology Solutions Corp.",pricing_increase,So pricing is ultimately the factor that gives us an ability to maintain margin growth of 20 to 30 basis points for the year.,Y,20-30 bps margin expansion guidance attributed mainly to pricing,"https://cognizant.q4cdn.com/123993165/files/doc_financials/2022/q1/CORRECTED-TRANSCRIPT_-Cognizant-Technology-Solutions-Corp.(CTSH-US),-Q1-2022-Earnings-Call,-4-May-2022-5_00-PM-ET.pdf",data/sources/cognizant/transcripts_task3/CTSH_Q1CY2022.pdf,PDF p.18,commentary,"Guidance-related, not a measured price change.",,Y,company IR / SEC filing (no aggregator used)
Cognizant-11,Cognizant,Q1CY2022,2022-05-04,"Brian J. Humphries, Chief Executive Officer & Director, Cognizant Technology Solutions Corp.",renewal_terms,we're not the only company in the world approaching clients outside of standard renewal dates to intersect the classic rate card work.,N,,"https://cognizant.q4cdn.com/123993165/files/doc_financials/2022/q1/CORRECTED-TRANSCRIPT_-Cognizant-Technology-Solutions-Corp.(CTSH-US),-Q1-2022-Earnings-Call,-4-May-2022-5_00-PM-ET.pdf",data/sources/cognizant/transcripts_task3/CTSH_Q1CY2022.pdf,PDF p.19,commentary,,Off-cycle rate card increases in 2022.,Y,company IR / SEC filing (no aggregator used)
Cognizant-12,Cognizant,Q2CY2022,2022-07-27,"Brian J. Humphries, Chief Executive Officer & Director, Cognizant Technology Solutions Corp.",pricing_increase,"Market pricing, dynamics remain consistent. ... This, coupled with the pent-up demand for digital transformation, means clients are more predisposed to engage in price increase discussions.",N,,https://cognizant.q4cdn.com/123993165/files/doc_financials/2022/q2/Q2-2022-Transcript-(FactSet).pdf,data/sources/cognizant/transcripts_task3/CTSH_Q2CY2022.pdf,PDF p.5,commentary,,Prepared remarks.,N,company IR / SEC filing (no aggregator used)
Cognizant-13,Cognizant,Q2CY2022,2022-07-27,"Jan Siegmund, Chief Financial Officer, Cognizant Technology Solutions Corp.",pricing_increase,We also experienced a benefit from the depreciation of the rupee against the dollar and a modest benefit from our recent pricing initiatives.,N,,https://cognizant.q4cdn.com/123993165/files/doc_financials/2022/q2/Q2-2022-Transcript-(FactSet).pdf,data/sources/cognizant/transcripts_task3/CTSH_Q2CY2022.pdf,PDF p.7,commentary,Realized pricing benefit to margin mentioned but not quantified.,Prepared remarks on Q2 margin.,N,company IR / SEC filing (no aggregator used)
Cognizant-14,Cognizant,Q3CY2022,2022-11-02,"Brian J. Humphries, Chief Executive Officer & Director, Cognizant Technology Solutions Corp.",pricing_increase,"as people were dialoguing with clients around price increases, which has been one of our success stories helping margin",N,,"https://cognizant.q4cdn.com/123993165/files/doc_financials/2022/q3/Cognizant-Technology-Solutions-Corp.(CTSH-US),-Q3-2022-Earnings-Call,-2-November-2022-5_00-PM-ET.pdf",data/sources/cognizant/transcripts_task3/CTSH_Q3CY2022.pdf,PDF p.9,commentary,,Answer to Lisa Ellis; also says price talks distracted commercial team from bookings.,N,company IR / SEC filing (no aggregator used)
Cognizant-15,Cognizant,Q4CY2022,2023-02-02,"Jan Siegmund, Chief Financial Officer, Cognizant Technology Solutions Corp.",pricing_increase,"the contribution of our pricing initiative to gross margin in the fourth quarter was the highest. So we have really built quarter-after-quarter momentum, and it was 50% higher than all other quarters together.",Y,Q4 2022 pricing contribution to gross margin 50% higher than all prior quarters of the initiative combined,"https://cognizant.q4cdn.com/123993165/files/doc_financials/2022/q4/Cognizant-Technology-Solutions-Corp.(CTSH-US),-Q4-2022-Earnings-Call,-2-February-2023-5_00-PM-ET.pdf",data/sources/cognizant/transcripts_task3/CTSH_Q4CY2022.pdf,PDF p.16,measured,Firm-reported realized contribution of price increases to gross margin (relative magnitude only).,Answer to David Togut on 2023 gross margin.,Y,company IR / SEC filing (no aggregator used)
Cognizant-16,Cognizant,Q4CY2022,2023-02-02,"Ravi Kumar Singisetti, Chief Executive Officer & Director, Cognizant Technology Solutions Corp.",deflation,"In fact, I would say, digital technologies is almost like a deflationary force in an inflationary economy.",N,,"https://cognizant.q4cdn.com/123993165/files/doc_financials/2022/q4/Cognizant-Technology-Solutions-Corp.(CTSH-US),-Q4-2022-Earnings-Call,-2-February-2023-5_00-PM-ET.pdf",data/sources/cognizant/transcripts_task3/CTSH_Q4CY2022.pdf,PDF p.15,commentary,,Context: clients pursuing cost takeout/vendor consolidation.,Y,company IR / SEC filing (no aggregator used)
Cognizant-17,Cognizant,Q1CY2023,2023-05-03,"Jan Siegmund, Chief Financial Officer, Cognizant Technology Solutions Corp.",pricing_level,"First, we expect the macroeconomic environment will impact pricing, which was a key lever for us in 2022 to help offset the elevated wage inflation.",N,,https://cognizant.q4cdn.com/123993165/files/doc_financials/2023/q1/Corrected-Transcript_CTSHQ1-2023-Earnings-Call-3-May-2023-5_00-PM-ET.pdf,data/sources/cognizant/transcripts_task3/CTSH_Q1CY2023.pdf,PDF p.9,commentary,,Prepared remarks on 2023 margin outlook; pricing tailwind ending.,Y,company IR / SEC filing (no aggregator used)
Cognizant-18,Cognizant,Q1CY2023,2023-05-03,"Ravi Kumar Singisetti, Chief Executive Officer & Director, Cognizant Technology Solutions Corp.",productivity_passthrough,"Automation is a moving scale. When everybody moves on that scale, you then start to share those benefits with your clients. And when you start to share those benefits with your clients, you have to reinnovate so that you can actually be ahead of the curve and keep it for yourself.",N,,https://cognizant.q4cdn.com/123993165/files/doc_financials/2023/q1/Corrected-Transcript_CTSHQ1-2023-Earnings-Call-3-May-2023-5_00-PM-ET.pdf,data/sources/cognizant/transcripts_task3/CTSH_Q1CY2023.pdf,PDF p.15,commentary,,Answer to Ashwin Shirvaikar on headcount and automation.,N,company IR / SEC filing (no aggregator used)
Cognizant-19,Cognizant,Q2CY2023,2023-08-02,"Ravi Kumar Singisetti, Chief Executive Officer & Director, Cognizant Technology Solutions Corp.",productivity_passthrough,including the productivity gains which we have baked into those deals as we factor them to win and execute.,N,,https://cognizant.q4cdn.com/123993165/files/doc_earnings/2023/q2/transcript/Corrected-Transcript_CTSHQ2-2023-Earnings-Call.pdf,data/sources/cognizant/transcripts_task3/CTSH_Q2CY2023.pdf,PDF p.9,commentary,,Large deals over-indexed to efficiency/cost takeout/consolidation.,N,company IR / SEC filing (no aggregator used)
Cognizant-20,Cognizant,Q2CY2023,2023-08-02,"Ravi Kumar Singisetti, Chief Executive Officer & Director, Cognizant Technology Solutions Corp.",productivity_passthrough,The question is how much of the productivity has to be shared with the clients so that we stay competitive to win as well as keep a part of it for ourselves.,N,,https://cognizant.q4cdn.com/123993165/files/doc_earnings/2023/q2/transcript/Corrected-Transcript_CTSHQ2-2023-Earnings-Call.pdf,data/sources/cognizant/transcripts_task3/CTSH_Q2CY2023.pdf,PDF p.11,commentary,,Answer to Lisa Ellis on internal GenAI deployment.,Y,company IR / SEC filing (no aggregator used)
Cognizant-21,Cognizant,Q2CY2023,2023-08-02,"Jan Siegmund, Chief Financial Officer, Cognizant Technology Solutions Corp.",pricing_level,"I think from my perspective, pricing is definitely a very important factor. All these deals are or the vast, vast majority of these deals is competitive.",N,,https://cognizant.q4cdn.com/123993165/files/doc_earnings/2023/q2/transcript/Corrected-Transcript_CTSHQ2-2023-Earnings-Call.pdf,data/sources/cognizant/transcripts_task3/CTSH_Q2CY2023.pdf,PDF p.16,commentary,,Answer to Tien-Tsin Huang on what drives large-deal wins.,N,company IR / SEC filing (no aggregator used)
Cognizant-22,Cognizant,Q3CY2023,2023-11-01,"Jan Siegmund, Chief Financial Officer, Cognizant Technology Solutions Corp.",renewal_terms,"Growth was negatively impacted by a large renewal that we signed earlier this year with a payer customer, which resulted in a lower revenue run rate, but meaningfully improved profitability.",N,,https://cognizant.q4cdn.com/123993165/files/doc_earnings/2023/q3/transcript/Corrected-Transcript_CTSHQ3-2023-Earnings-Call.pdf,data/sources/cognizant/transcripts_task3/CTSH_Q3CY2023.pdf,PDF p.8,commentary,Revenue impact of renewal described but not quantified.,"Health Sciences segment, prepared remarks.",Y,company IR / SEC filing (no aggregator used)
Cognizant-23,Cognizant,Q4CY2023,2024-02-06,"Ravi Kumar Singisetti, Chief Executive Officer & Director, Cognizant Technology Solutions Corp.",productivity_passthrough,"But we also have this unique opportunity to share the productivity benefits with our clients, which is the technology arbitrage versus the labor arbitrage driven by Generative AI tooling.",N,,https://cognizant.q4cdn.com/123993165/files/doc_financials/2023/q4/q4-2023-earnings-transcript.pdf,data/sources/cognizant/transcripts_task3/CTSH_Q4CY2023.pdf,PDF p.12,commentary,,,N,company IR / SEC filing (no aggregator used)
Cognizant-24,Cognizant,Q4CY2023,2024-02-06,"Ravi Kumar Singisetti, Chief Executive Officer & Director, Cognizant Technology Solutions Corp.",other,And I call them two subsegments because one is to cannibalize the business you do and share the benefits with your clients.,N,,https://cognizant.q4cdn.com/123993165/files/doc_financials/2023/q4/q4-2023-earnings-transcript.pdf,data/sources/cognizant/transcripts_task3/CTSH_Q4CY2023.pdf,PDF p.14,commentary,,Revenue cannibalization from GenAI productivity; answer to Surinder Thind on AI pricing.,N,company IR / SEC filing (no aggregator used)
Cognizant-25,Cognizant,Q4CY2023,2024-02-06,"Ravi Kumar Singisetti, Chief Executive Officer & Director, Cognizant Technology Solutions Corp.",pricing_level,"So you would have noticed that these large deals we are doing, we're doing based on a differentiated value proposition, and we are holding our pricing.",N,,https://cognizant.q4cdn.com/123993165/files/doc_financials/2023/q4/q4-2023-earnings-transcript.pdf,data/sources/cognizant/transcripts_task3/CTSH_Q4CY2023.pdf,PDF p.16,commentary,,Answer to James Faucette on large-deal win rates.,N,company IR / SEC filing (no aggregator used)
Cognizant-26,Cognizant,Q1CY2024,2024-05-01,"Jatin Pravinchandra Dalal, Chief Financial Officer, Cognizant Technology Solutions Corp.",pricing_level,"By design, these deals come with an expectation of superior pricing than what is the pricing, which is inherent in the current work. So yes, there is a downward pressure on pricing, but it is nothing out of ordinary that one would expect in the current demand environment.",N,,https://cognizant.q4cdn.com/123993165/files/doc_financials/2024/q1/ctsh-q1-2024-earnings-call-transcript.pdf,data/sources/cognizant/transcripts_task3/CTSH_Q1CY2024.pdf,PDF p.11,commentary,,Answer to Bryan Keane on rate-card pressure; consolidation/productivity deals priced below incumbent work.,Y,company IR / SEC filing (no aggregator used)
Cognizant-27,Cognizant,Q2CY2024,2024-07-31,"Ravi Kumar Singisetti, Chief Executive Officer & Director, Cognizant Technology Solutions Corp.",productivity_passthrough,"The challenges in that particular case you have to share the productivity benefits with your clients. So the good news is it increases our win rates. And if we are ahead of the curve, we get to save some of that.",N,,https://cognizant.q4cdn.com/123993165/files/doc_financials/2024/q2/ctsh-q2-2024-earnings-call-transcript.pdf,data/sources/cognizant/transcripts_task3/CTSH_Q2CY2024.pdf,PDF p.10,commentary,,GenAI applied to development cycles (tech for tech).,N,company IR / SEC filing (no aggregator used)
Cognizant-28,Cognizant,Q3CY2024,2024-10-30,"Ravi Kumar Singisetti, Chief Executive Officer & Director, Cognizant Technology Solutions Corp.",productivity_passthrough,It's a great example of how AI is enabling hyper productivity as we share these productivity gains with clients and lower the cost of technology deployment.,N,,https://cognizant.q4cdn.com/123993165/files/doc_financials/2024/q3/00/CTSH-Q3-2024-Earnings-Call-Transcript.pdf,data/sources/cognizant/transcripts_task3/CTSH_Q3CY2024.pdf,PDF p.4,commentary,,Prepared remarks.,N,company IR / SEC filing (no aggregator used)
Cognizant-29,Cognizant,Q3CY2024,2024-10-30,"Ravi Kumar Singisetti, Chief Executive Officer & Director, Cognizant Technology Solutions Corp.",other,"Now there is a third set, where you could arguably say clients, it will cannibalize our revenue. But those are the times you want to be creative and you go back to clients and say, ""Look, the work packet we did, we could do it for less.",N,,https://cognizant.q4cdn.com/123993165/files/doc_financials/2024/q3/00/CTSH-Q3-2024-Earnings-Call-Transcript.pdf,data/sources/cognizant/transcripts_task3/CTSH_Q3CY2024.pdf,PDF p.10,commentary,,Answer to Jason Kupferberg on sharing AI coding savings and avoiding revenue cannibalization.,N,company IR / SEC filing (no aggregator used)
Cognizant-30,Cognizant,Q3CY2024,2024-10-30,"Ravi Kumar Singisetti, Chief Executive Officer & Director, Cognizant Technology Solutions Corp.",pricing_level,"And finally, pricing. Pricing in the current environment is, I would say, competitive. It's not something that is adding to gross margin today, but it is a factor of the demand environment.",N,,https://cognizant.q4cdn.com/123993165/files/doc_financials/2024/q3/00/CTSH-Q3-2024-Earnings-Call-Transcript.pdf,data/sources/cognizant/transcripts_task3/CTSH_Q3CY2024.pdf,PDF p.12,commentary,,,N,company IR / SEC filing (no aggregator used)
Cognizant-31,Cognizant,Q3CY2024,2024-10-30,"Ravi Kumar Singisetti, Chief Executive Officer & Director, Cognizant Technology Solutions Corp.",productivity_passthrough,"And AI-led and automation-led productivity sharing the benefit with our clients, I think, is a mainstream model which we are adapting to win these large deals where we have had sustained momentum.",N,,https://cognizant.q4cdn.com/123993165/files/doc_financials/2024/q3/00/CTSH-Q3-2024-Earnings-Call-Transcript.pdf,data/sources/cognizant/transcripts_task3/CTSH_Q3CY2024.pdf,PDF p.15,commentary,,"Bryan Keane asked if Cognizant uses GenAI to price below peers and pass on productivity gains; Ravi answered ""Yes"".",N,company IR / SEC filing (no aggregator used)
Cognizant-32,Cognizant,Q3CY2024,2024-10-30,"Ravi Kumar Singisetti, Chief Executive Officer & Director, Cognizant Technology Solutions Corp.",productivity_passthrough,"Equally, if you're in a fiercely competitive situation, you probably give it away to – you partially give it away to clients.",N,,https://cognizant.q4cdn.com/123993165/files/doc_financials/2024/q3/00/CTSH-Q3-2024-Earnings-Call-Transcript.pdf,data/sources/cognizant/transcripts_task3/CTSH_Q3CY2024.pdf,PDF p.16,commentary,,"Bryan Keane asked whether pricing is roughly 20%-40% less; Ravi declined to give a number (""hard to put a number"").",Y,company IR / SEC filing (no aggregator used)
Cognizant-33,Cognizant,Q4CY2024,2025-02-05,"Ravi Kumar Singisetti, Chief Executive Officer & Director, Cognizant Technology Solutions Corp.",productivity_passthrough,"we have the pyramid, continuing to sharpen the pyramid, AI-led productivity sharing with our clients and part of it accruing to us.",N,,https://cognizant.q4cdn.com/123993165/files/doc_financials/2024/q4/CTSH-Q4-2024-Earnings-Transcript.pdf,data/sources/cognizant/transcripts_task3/CTSH_Q4CY2024.pdf,PDF p.15,commentary,,Margin runway discussion.,N,company IR / SEC filing (no aggregator used)
Cognizant-34,Cognizant,Q1CY2025,2025-04-30,"Ravi Kumar Singisetti, Chief Executive Officer & Director, Cognizant Technology Solutions Corp.",productivity_passthrough,"Clearly, the productivity gain of leveraging AI and sharing the benefits of lower cost of deployment I think we seem to be leading that swim lane.",N,,https://cognizant.q4cdn.com/123993165/files/doc_earnings/2025/q1/transcript/Transcript_CTSHQ1-2025-Earnings-Call.pdf,data/sources/cognizant/transcripts_task3/CTSH_Q1CY2025.pdf,PDF p.9,commentary,,,N,company IR / SEC filing (no aggregator used)
Cognizant-35,Cognizant,Q1CY2025,2025-04-30,"Jatin Pravinchandra Dalal, Chief Financial Officer, Cognizant Technology Solutions Corp.",pricing_level,"the pricing ability to get a superior pricing in an environment like this, as you can imagine, is low.",N,,https://cognizant.q4cdn.com/123993165/files/doc_earnings/2025/q1/transcript/Transcript_CTSHQ1-2025-Earnings-Call.pdf,data/sources/cognizant/transcripts_task3/CTSH_Q1CY2025.pdf,PDF p.13,commentary,,Answer to Jim Schneider on gross margin.,N,company IR / SEC filing (no aggregator used)
Cognizant-36,Cognizant,Q1CY2025,2025-04-30,"Jatin Pravinchandra Dalal, Chief Financial Officer, Cognizant Technology Solutions Corp.",pricing_level,"It's intense, intensity is certainly there on the pricing for large deals. But it is more led by your ability to reduce the total cost of ownership of owning a project or owning a technology for a customer as against negotiations around outright rate cards.",N,,https://cognizant.q4cdn.com/123993165/files/doc_earnings/2025/q1/transcript/Transcript_CTSHQ1-2025-Earnings-Call.pdf,data/sources/cognizant/transcripts_task3/CTSH_Q1CY2025.pdf,PDF p.16,commentary,,Answer to Maggie Nolan on pricing environment.,N,company IR / SEC filing (no aggregator used)
Cognizant-37,Cognizant,Q2CY2025,2025-07-30,"Ravi Kumar Singisetti, Chief Executive Officer & Director, Cognizant Technology Solutions Corp.",renewal_terms,I would equally say that clients are looking for sharing productivity when the renewal cycles come.,N,,https://cognizant.q4cdn.com/123993165/files/doc_earnings/2025/q2/transcript/Transcript_CTSHQ2-2025-Earnings-Call.pdf,data/sources/cognizant/transcripts_task3/CTSH_Q2CY2025.pdf,PDF p.10,commentary,,Answer to Tien-Tsin Huang on early renewals tied to AI efficiencies.,Y,company IR / SEC filing (no aggregator used)
Cognizant-38,Cognizant,Q2CY2025,2025-07-30,"Ravi Kumar Singisetti, Chief Executive Officer & Director, Cognizant Technology Solutions Corp.",productivity_passthrough,"Productivity, you share it with clients, while innovation capital, you can monetize in a nonlinear way.",N,,https://cognizant.q4cdn.com/123993165/files/doc_earnings/2025/q2/transcript/Transcript_CTSHQ2-2025-Earnings-Call.pdf,data/sources/cognizant/transcripts_task3/CTSH_Q2CY2025.pdf,PDF p.12,commentary,,,N,company IR / SEC filing (no aggregator used)
Cognizant-39,Cognizant,Q2CY2025,2025-07-30,"Ravi Kumar Singisetti, Chief Executive Officer & Director, Cognizant Technology Solutions Corp.",other,"The way to go about that opportunity is, can you actually grow faster than what it cannibalizes?",N,,https://cognizant.q4cdn.com/123993165/files/doc_earnings/2025/q2/transcript/Transcript_CTSHQ2-2025-Earnings-Call.pdf,data/sources/cognizant/transcripts_task3/CTSH_Q2CY2025.pdf,PDF p.17,commentary,,On AI/agentic applied to BPO operations.,N,company IR / SEC filing (no aggregator used)
Cognizant-40,Cognizant,Q3CY2025,2025-10-29,"Ravi Kumar Singisetti, Chief Executive Officer & Director, Cognizant Technology Solutions Corp.",productivity_passthrough,"So, productivity has gone up 30%, which means there is more throughput. So, you can actually create more throughput, share the savings, lower cost of deployment with our clients.",Y,productivity up 30%,https://cognizant.q4cdn.com/123993165/files/doc_earnings/2025/q3/transcript/Transcript_CTSHQ3-2025-Earnings-Call.pdf,data/sources/cognizant/transcripts_task3/CTSH_Q3CY2025.pdf,PDF p.10,commentary,"Productivity figure is internal, not a measured price change.",Answer on revenue per person (+8%) and margin per person (+10%).,Y,company IR / SEC filing (no aggregator used)
Cognizant-41,Cognizant,Q3CY2025,2025-10-29,"Ravi Kumar Singisetti, Chief Executive Officer & Director, Cognizant Technology Solutions Corp.",pricing_level,"Right now, pricing is productivity-led, and it depends on how much you can use your platforms and how much you can use your AI tooling and the culture we have established now. So, pricing is kind of linked to how fast we can keep that runway on productivity.",N,,https://cognizant.q4cdn.com/123993165/files/doc_earnings/2025/q3/transcript/Transcript_CTSHQ3-2025-Earnings-Call.pdf,data/sources/cognizant/transcripts_task3/CTSH_Q3CY2025.pdf,PDF p.14,commentary,,Darrin Peller asked whether Cognizant passes AI savings through into price.,Y,company IR / SEC filing (no aggregator used)
Cognizant-42,Cognizant,Q3CY2025,2025-10-29,"Ravi Kumar Singisetti, Chief Executive Officer & Director, Cognizant Technology Solutions Corp.",pricing_level,Large deals on consolidation and productivity will always be price-sensitive because they're done for saving and creating more velocity. ... I don't see much of a change in the pricing.,N,,https://cognizant.q4cdn.com/123993165/files/doc_earnings/2025/q3/transcript/Transcript_CTSHQ3-2025-Earnings-Call.pdf,data/sources/cognizant/transcripts_task3/CTSH_Q3CY2025.pdf,PDF p.14,commentary,,Same answer.,N,company IR / SEC filing (no aggregator used)
Cognizant-43,Cognizant,Q4CY2025,2026-02-04,"Jatin Pravinchandra Dalal, Chief Financial Officer, Cognizant Technology Solutions Corp.",deflation,there is a productivity lag pressure in the industry and therefore the expectation that for a dollar value you get a superior throughput than what you have traditionally enjoyed through traditional productivity levers in past. And that does impact the revenue,N,,https://cognizant.q4cdn.com/123993165/files/doc_earnings/2025/q4/transcript/Transcript_CTSHQ4-2025-Earnings-Call.pdf,data/sources/cognizant/transcripts_task3/CTSH_Q4CY2025.pdf,PDF p.11,commentary,,Jason Kupferberg asked about like-for-like pricing pressure in gross margin.,N,company IR / SEC filing (no aggregator used)
Cognizant-44,Cognizant,Q4CY2025,2026-02-04,"Ravi Kumar Singisetti, Chief Executive Officer & Director, Cognizant Technology Solutions Corp.",productivity_passthrough,"And we are very excited about the fact that our fixed price business now is almost 50%. I mean, three years ago, that used to be 41% to 42%. So, we can in some ways fixed price it, share the productivity of our clients and actually pass on some of it to ourselves.",Y,fixed price ~50% of revenue vs 41-42% three years ago,https://cognizant.q4cdn.com/123993165/files/doc_earnings/2025/q4/transcript/Transcript_CTSHQ4-2025-Earnings-Call.pdf,data/sources/cognizant/transcripts_task3/CTSH_Q4CY2025.pdf,PDF p.12,measured,"Firm-reported share of revenue that is fixed price (~50% vs 41-42% three years earlier): commercial-mix metric, not a price change.",,Y,company IR / SEC filing (no aggregator used)
Cognizant-45,Cognizant,Q4CY2025,2026-02-04,"Ravi Kumar Singisetti, Chief Executive Officer & Director, Cognizant Technology Solutions Corp.",productivity_passthrough,"Look at our revenue per person and margin per person. It's gone up by 5% trailing 12 months, 8% margin and 5% revenue trailing 12 months, which essentially means we are able to share with our clients the productivity win",Y,revenue per person +5% TTM; margin per person +8% TTM,https://cognizant.q4cdn.com/123993165/files/doc_earnings/2025/q4/transcript/Transcript_CTSHQ4-2025-Earnings-Call.pdf,data/sources/cognizant/transcripts_task3/CTSH_Q4CY2025.pdf,PDF p.14,measured,"Firm-reported revenue per person (+5% TTM) and margin per person (+8% TTM); a per-FTE realization metric, not price per unit of work. Attribution to productivity sharing is commentary.",Keith Bachman asked whether prices on fixed-price contracts are more aggressive.,Y,company IR / SEC filing (no aggregator used)
Cognizant-46,Cognizant,Q1CY2026,2026-04-29,"Ravi Kumar Singisetti, Chief Executive Officer & Director, Cognizant Technology Solutions Corp.",pricing_level,"unlike in the past where pricing was determined by the unit price which is billing rate equivalent, the race now is about the number of units and how well we could deliver with lower number of units for the same output, for the same outcome.",N,,https://cognizant.q4cdn.com/123993165/files/doc_earnings/2026/q1/transcript/Transcript_CTSHQ1-2026-Earnings-Call.pdf,data/sources/cognizant/transcripts_task3/CTSH_Q1CY2026.pdf,PDF p.10,commentary,,Jason Kupferberg asked about competitor comments on more pass-through of AI productivity and irrational pricing.,Y,company IR / SEC filing (no aggregator used)
Cognizant-47,Cognizant,Q1CY2026,2026-04-29,"Ravi Kumar Singisetti, Chief Executive Officer & Director, Cognizant Technology Solutions Corp.",productivity_passthrough,"We have infused AI into our rate cards now. So, when we are up for a consolidation opportunity, we seem to be in the winner's spot because we are able to share the productivity and also keep it for ourselves.",N,,https://cognizant.q4cdn.com/123993165/files/doc_earnings/2026/q1/transcript/Transcript_CTSHQ1-2026-Earnings-Call.pdf,data/sources/cognizant/transcripts_task3/CTSH_Q1CY2026.pdf,PDF p.10,commentary,,Preceding sentence (not quoted) cites 40% of software development cycle AI-assisted.,N,company IR / SEC filing (no aggregator used)
Cognizant-48,Cognizant,Q1CY2026,2026-04-29,"Ravi Kumar Singisetti, Chief Executive Officer & Director, Cognizant Technology Solutions Corp.",pricing_level,"So, we think – while there is price pressure on it, I would say it's an opportunity not to look at labor cost; it's an opportunity to look at how much of the number of units you could optimize using AI.",N,,https://cognizant.q4cdn.com/123993165/files/doc_earnings/2026/q1/transcript/Transcript_CTSHQ1-2026-Earnings-Call.pdf,data/sources/cognizant/transcripts_task3/CTSH_Q1CY2026.pdf,PDF p.11,commentary,,Refers to legacy modernization work.,N,company IR / SEC filing (no aggregator used)
Cognizant-49,Cognizant,Q1CY2026,2026-04-29,"Ravi Kumar Singisetti, Chief Executive Officer & Director, Cognizant Technology Solutions Corp.",other,We're beginning to see the emergence of AI-infused rate cards where pricing reflects a blended model of human effort and digital effort.,N,,https://cognizant.q4cdn.com/123993165/files/doc_earnings/2026/q1/transcript/Transcript_CTSHQ1-2026-Earnings-Call.pdf,data/sources/cognizant/transcripts_task3/CTSH_Q1CY2026.pdf,PDF p.6,commentary,,Prepared remarks; shift to fixed/outcome-based pricing and tokenized rate cards.,N,company IR / SEC filing (no aggregator used)
Cognizant-50,Cognizant,Q2CY2026,2026-07-29,"Ravi Kumar Singisetti, Chief Executive Officer & Director, Cognizant Technology Solutions Corp.",productivity_passthrough,"We signed a major engagement with a leading insurance brokerage, committing to more than 50% productivity improvement over five years through AI and operating model redesign.",Y,>50% productivity improvement over five years committed,https://cognizant.q4cdn.com/123993165/files/doc_earnings/2026/q2/transcript/Transcript_CTSHQ2-2026-Earnings-Call.pdf,data/sources/cognizant/transcripts_task3/CTSH_Q2CY2026.pdf,PDF p.6,commentary,"Contractual commitment, not measured outcome.",Prepared remarks.,Y,company IR / SEC filing (no aggregator used)
Cognizant-51,Cognizant,Q2CY2026,2026-07-29,"Ravi Kumar Singisetti, Chief Executive Officer & Director, Cognizant Technology Solutions Corp.",productivity_passthrough,"Now you have a level of nonlinearity, because you could pass on that productivity to clients and outbeat what you have actually committed to clients and keep some for yourself.",N,,https://cognizant.q4cdn.com/123993165/files/doc_earnings/2026/q2/transcript/Transcript_CTSHQ2-2026-Earnings-Call.pdf,data/sources/cognizant/transcripts_task3/CTSH_Q2CY2026.pdf,PDF p.15,commentary,,Darrin Peller asked how important pricing is and what productivity savings clients demand at renewal.,N,company IR / SEC filing (no aggregator used)
Cognizant-52,Cognizant,Q2CY2026,2026-07-29,"Ravi Kumar Singisetti, Chief Executive Officer & Director, Cognizant Technology Solutions Corp.",productivity_passthrough,"we can pass on the productivity, stay competitive in the market and still be margin accretive for ourselves.",N,,https://cognizant.q4cdn.com/123993165/files/doc_earnings/2026/q2/transcript/Transcript_CTSHQ2-2026-Earnings-Call.pdf,data/sources/cognizant/transcripts_task3/CTSH_Q2CY2026.pdf,PDF p.15,commentary,,Same answer.,N,company IR / SEC filing (no aggregator used)
Cognizant-53,Cognizant,Q2CY2026,2026-07-29,"Jatin Pravinchandra Dalal, Chief Financial Officer, Cognizant Technology Solutions Corp.",renewal_terms,"So, our view is that time and material is continually every time we renew it and that short-cycle business, typically six to nine months, sometimes 12 to 15 months, but never more than 2 years or 2.5 years. So that's a short-cycle business. So that's continually embedding in itself, even on managed services basis, the benefit of AI into itself.",Y,"T&M ~50% of revenue; renewal cycles 6-9 to 12-15 months, max 2-2.5 years; fixed-price contracts 24-36 months",https://cognizant.q4cdn.com/123993165/files/doc_earnings/2026/q2/transcript/Transcript_CTSHQ2-2026-Earnings-Call.pdf,data/sources/cognizant/transcripts_task3/CTSH_Q2CY2026.pdf,PDF p.17,commentary,,"Bryan Bergin asked about the multiyear book still to be renewed and ""existing base compression"" from AI.",Y,company IR / SEC filing (no aggregator used)
Cognizant-54,Cognizant,Q2CY2026,2026-07-29,"Ravi Kumar Singisetti, Chief Executive Officer & Director, Cognizant Technology Solutions Corp.",other,"And some of our clients are starting to ask us to deliver an AI-infused rate card, which means you embed the pre-training costs and you embed the inference costs into that process.",N,,https://cognizant.q4cdn.com/123993165/files/doc_earnings/2026/q2/transcript/Transcript_CTSHQ2-2026-Earnings-Call.pdf,data/sources/cognizant/transcripts_task3/CTSH_Q2CY2026.pdf,PDF p.12,commentary,,Pricing model change.,N,company IR / SEC filing (no aggregator used)
Accenture-00,Accenture,Q2FY21,2021-03-18,"KC McClure, Chief Financial Officer",pricing_level,"the business environment does remain competitive. And in some areas, we experience pricing pressure, but we are seeing signs of stability.",N,,https://investor.accenture.com/~/media/Files/A/Accenture-IR-V3/quarterly-earnings/2021/q2fy21/q2fy21-conference-call-transcript.pdf,data/sources/accenture/transcripts_task3/ACN_Q2FY21.pdf,PDF p.14,commentary,,"Answer to Ashwin Shirvaikar (Citi) asking about pricing/price-for-value. Accenture defines ""pricing"" as contract profitability / margin on the work sold, not bill rates.",Y,company IR / SEC filing (no aggregator used)
Accenture-01,Accenture,Q3FY21,2021-06-24,"KC McClure, Chief Financial Officer",pricing_level,"when we talk about pricing, we define it as the contract profitability or margin on the work that we sell, Bryan. And as always, the environment remains competitive, and in many areas of our business, we did see pricing was lower",N,,https://investor.accenture.com/~/media/Files/A/Accenture-IR-V3/quarterly-earnings/2021/q3fy21/q3fy21-conference-call-transcript.pdf,data/sources/accenture/transcripts_task3/ACN_Q3FY21.pdf,PDF p.15,commentary,,Answer to Bryan Bergin (Cowen) asking whether clients' appetite for pricing increases had changed; pricing lower attributed to competition and Accenture's investments.,N,company IR / SEC filing (no aggregator used)
Accenture-02,Accenture,Q1FY22,2021-12-16,"KC McClure, Chief Financial Officer",pricing_increase,"And, we saw improved pricing in many parts of our business.",N,,https://investor.accenture.com/~/media/Files/A/Accenture-IR-V3/quarterly-earnings/2022/q1fy22/q1-fy22-conference-call-transcript.pdf,data/sources/accenture/transcripts_task3/ACN_Q1FY22.pdf,PDF p.3,commentary,,"Prepared remarks. Accenture defines ""pricing"" as contract profitability / margin on the work sold, not bill rates.",N,company IR / SEC filing (no aggregator used)
Accenture-03,Accenture,Q1FY22,2021-12-16,"KC McClure, Chief Financial Officer",pricing_increase,"we’re focused on pricing to absorb our higher labor costs. And one of the things that we can point out, Lisa, is that we were very pleased with the improved pricing that we had this quarter on our record bookings.",N,,https://investor.accenture.com/~/media/Files/A/Accenture-IR-V3/quarterly-earnings/2022/q1fy22/q1-fy22-conference-call-transcript.pdf,data/sources/accenture/transcripts_task3/ACN_Q1FY22.pdf,PDF p.12,commentary,,Answer to Lisa Ellis (MoffettNathanson) asking whether Accenture can pass labor-cost inflation through to clients; KC adds improved pricing lags compensation in the P&L.,Y,company IR / SEC filing (no aggregator used)
Accenture-04,Accenture,Q2FY22,2022-03-17,"Julie Sweet, Chair & Chief Executive Officer",pricing_increase,"We had record bookings of almost $20 billion and continued improved pricing, which refers to contract profitability or margin on the work that we sell, across the business",N,,https://investor.accenture.com/~/media/Files/A/Accenture-IR-V3/quarterly-earnings/2022/q2fy22/q2fy22-conference-call-transcript.pdf,data/sources/accenture/transcripts_task3/ACN_Q2FY22.pdf,PDF p.3,commentary,,Prepared remarks (quarter highlights).,N,company IR / SEC filing (no aggregator used)
Accenture-05,Accenture,Q2FY22,2022-03-17,"KC McClure, Chief Financial Officer",pricing_increase,"we're focusing on pricing to absorb our higher labor costs. And again, as it relates to pricing, what we're seeing is that it's going to take some time, Keith, for the improved pricing, which we did have in the second quarter, again on our record bookings.",N,,https://investor.accenture.com/~/media/Files/A/Accenture-IR-V3/quarterly-earnings/2022/q2fy22/q2fy22-conference-call-transcript.pdf,data/sources/accenture/transcripts_task3/ACN_Q2FY22.pdf,PDF p.15,commentary,,"Answer to Keith Bachman on wage inflation; inflation pass-through via pricing, lagging compensation.",N,company IR / SEC filing (no aggregator used)
Accenture-06,Accenture,Q2FY22,2022-03-17,"Julie Sweet, Chair & Chief Executive Officer",productivity_passthrough,we will create an “intelligent” data-driven banking operation with greater agility and productivity—lowering costs by up to 30% by leveraging our strategic managed services,Y,up to 30% cost reduction for client (BBVA) via managed services,https://investor.accenture.com/~/media/Files/A/Accenture-IR-V3/quarterly-earnings/2022/q2fy22/q2fy22-conference-call-transcript.pdf,data/sources/accenture/transcripts_task3/ACN_Q2FY22.pdf,PDF p.7,commentary,"Client deal example; projected client cost saving, not a reported Accenture price change.","Prepared remarks, BBVA managed-services example.",appendix,company IR / SEC filing (no aggregator used)
Accenture-07,Accenture,Q3FY22,2022-06-23,"KC McClure, Chief Financial Officer",pricing_increase,"we were pleased that we did see, again, improvement, Bryan, in our pricing. ... we are seeing some improvement coming from pricing in our PL.",N,,https://investor.accenture.com/~/media/Files/A/Accenture-IR-V3/quarterly-earnings/2022/q3fy22/q3fy22-conference-call-transcript.pdf,data/sources/accenture/transcripts_task3/ACN_Q3FY22.pdf,PDF p.14,commentary,,Answer to Bryan Keane asking about ability to get pricing increases; KC calls pricing 'the biggest lever' to offset wage inflation.,N,company IR / SEC filing (no aggregator used)
Accenture-08,Accenture,Q4FY22,2022-09-22,"KC McClure, Chief Financial Officer",pricing_increase,I just want to point out that we did see the benefit of improved pricing in our P&L in ‘22.,N,,https://investor.accenture.com/~/media/Files/A/Accenture-IR-V3/quarterly-earnings/2022/q4fy22/accenture-fourth-quarter-2022-financial-results-transcript-1.pdf,data/sources/accenture/transcripts/Q4FY22.pdf,PDF p.11,commentary,,Discussing FY23 wage inflation outlook; pricing lags compensation.,N,company IR / SEC filing (no aggregator used)
Accenture-09,Accenture,Q4FY22,2022-09-22,"KC McClure, Chief Financial Officer",pricing_increase,I'm really pleased that we've continued to see improvements in pricing. And we are seeing the benefits. ... And we continue to focus on improvements in pricing as we enter into fiscal year '23.,N,,https://investor.accenture.com/~/media/Files/A/Accenture-IR-V3/quarterly-earnings/2022/q4fy22/accenture-fourth-quarter-2022-financial-results-transcript-1.pdf,data/sources/accenture/transcripts/Q4FY22.pdf,PDF p.14,commentary,,Answer to James Faucette asking about tone of pricing conversations.,N,company IR / SEC filing (no aggregator used)
Accenture-10,Accenture,Q1FY23,2022-12-16,"KC McClure, Chief Financial Officer",pricing_increase,"we continue to see improved pricing on our new bookings, which refer to contract profitability or margin on the work that we sell.",N,,https://investor.accenture.com/~/media/Files/A/Accenture-IR-V3/quarterly-earnings/2023/q1fy23/accenture-first-quarter-fiscal-2023-conference-call-transcript.pdf,data/sources/accenture/transcripts_task3/ACN_Q1FY23.pdf,PDF p.3,commentary,,Prepared remarks; KC also cites 'continued strong pricing' in the pipeline (p10).,N,company IR / SEC filing (no aggregator used)
Accenture-11,Accenture,Q1FY23,2022-12-16,"KC McClure, Chief Financial Officer",pricing_increase,"We do have comp increases that are kicking in that we've planned for, of course, and included in our pricing.",N,,https://investor.accenture.com/~/media/Files/A/Accenture-IR-V3/quarterly-earnings/2023/q1fy23/accenture-first-quarter-fiscal-2023-conference-call-transcript.pdf,data/sources/accenture/transcripts_task3/ACN_Q1FY23.pdf,PDF p.16,commentary,,Answer to Ashwin Shirvaikar on wage inflation; inflation pass-through.,N,company IR / SEC filing (no aggregator used)
Accenture-12,Accenture,Q2FY23,2023-03-23,"KC McClure, Chief Financial Officer",pricing_level,"when we talk about pricing, it's the margin on the work that we sold. And that has been improving over the last 5 quarters, it's now stable, which we're really happy with.",N,,https://investor.accenture.com/~/media/Files/A/Accenture-IR-V3/quarterly-earnings/2023/q2fy23/q2fy23-conference-call-transcript.pdf,data/sources/accenture/transcripts_task3/ACN_Q2FY23.pdf,PDF p.17,commentary,,Pricing turns from improving (5 quarters) to stable.,Y,company IR / SEC filing (no aggregator used)
Accenture-13,Accenture,Q3FY23,2023-06-22,"KC McClure, Chief Financial Officer",pricing_level,"after five quarters of consecutive improvement in pricing - we mentioned last quarter that it's stabilized. And this quarter, we see the pricing is lower in some areas of our business.",N,,https://investor.accenture.com/~/media/Files/A/Accenture-IR-V3/quarterly-earnings/2023/q3fy23/accenture-third-quarter-fiscal-2023-conference-call-transcript.pdf,data/sources/accenture/transcripts_task3/ACN_Q3FY23.pdf,PDF p.17,commentary,,Answer to Rod Bourgeois (DeepDive) asking about like-for-like pricing and contract terms in consulting and outsourcing.,Y,company IR / SEC filing (no aggregator used)
Accenture-14,Accenture,Q3FY23,2023-06-22,"Julie Sweet, Chair and Chief Executive Officer",productivity_passthrough,"Every year, right, we have to find at least 10% of productivity. ... Our business model requires us to get at least 10% productivity year in and year out. ... we see generative AI as our ability to continue to give at least that 10% productivity year in and year out.",Y,at least 10% productivity per year (Managed Services),https://investor.accenture.com/~/media/Files/A/Accenture-IR-V3/quarterly-earnings/2023/q3fy23/accenture-third-quarter-fiscal-2023-conference-call-transcript.pdf,data/sources/accenture/transcripts_task3/ACN_Q3FY23.pdf,PDF p.11,commentary,"Stated business-model requirement, not a reported measured price change.","Answer to Lisa Ellis on GenAI impact; context is Managed Services, where productivity is given to clients annually; also notes 13,000 jobs automated YTD in operations.",Y,company IR / SEC filing (no aggregator used)
Accenture-15,Accenture,Q3FY24,2024-06-20,"KC McClure, Chief Financial Officer",pricing_level,We're looking at our record $60 billion of bookings and also the continued pressure in pricing that we've had across the business.,N,,https://investor.accenture.com/~/media/Files/A/Accenture-IR-V3/quarterly-earnings/2024/q3fy24/accenture-third-quarter-fiscal-2024-earnings-transcript.pdf,data/sources/accenture/transcripts/Q3FY24.pdf,PDF p.16,commentary,,Answer on margin outlook.,N,company IR / SEC filing (no aggregator used)
Accenture-16,Accenture,Q3FY24,2024-06-20,"KC McClure, Chief Financial Officer",pricing_level,we've had overall in our entire business continued pricing pressure.,N,,https://investor.accenture.com/~/media/Files/A/Accenture-IR-V3/quarterly-earnings/2024/q3fy24/accenture-third-quarter-fiscal-2024-earnings-transcript.pdf,data/sources/accenture/transcripts/Q3FY24.pdf,PDF p.22,commentary,,Answer to Keith Bachman (BMO) asking whether BPO pricing is under 'material duress' as a competitor said; Julie adds 'it's a tight market'.,Y,company IR / SEC filing (no aggregator used)
Accenture-17,Accenture,Q4FY24,2024-09-26,"Julie Sweet, Chair and Chief Executive Officer",productivity_passthrough,"Through a Managed Services program we are consolidating IT vendors, increasing productivity by an estimated 60% and reducing costs by half.",Y,~60% productivity increase; costs reduced by half (client deal),https://investor.accenture.com/~/media/Files/A/Accenture-IR-V3/quarterly-earnings/2024/q4fy24/accenture-fourth-quarter-fiscal-2024-conference-call-transcript.pdf,data/sources/accenture/transcripts/Q4FY24.pdf,PDF p.7,commentary,"Client deal example (global telco); projected outcome, not reported Accenture price change.",Prepared remarks; vendor consolidation plus productivity/cost cut in a managed-services deal.,appendix,company IR / SEC filing (no aggregator used)
Accenture-18,Accenture,Q1FY25,2024-12-19,"Julie Sweet, Chair and Chief Executive Officer",pricing_level,"It's a very competitive market, which is what we've been saying every quarter and we did see lower pricing across the business, which has been pretty consistent.",N,,https://investor.accenture.com/~/media/Files/A/Accenture-IR-V3/quarterly-earnings/2025/q1fy25/accenture-first-quarter-fiscal-2025-conference-call-transcript.pdf,data/sources/accenture/transcripts/Q1FY25.pdf,PDF p.20,commentary,,"Answer to Keith Bachman (BMO) on pricing in legacy areas (AMS, BPO); Angie Park adds pricing 'continues to be highly competitive' (p21).",N,company IR / SEC filing (no aggregator used)
Accenture-19,Accenture,Q2FY25,2025-03-20,"Angie Park, Chief Financial Officer",pricing_level,"So what are we focused on? Pricing, which this quarter was relatively stable.",N,,https://investor.accenture.com/~/media/Files/A/Accenture-IR-V3/quarterly-earnings/2025/q2fy25/accenture-second-quarter-fiscal-2025-conference-call-transcript.pdf,data/sources/accenture/transcripts/Q2FY25.pdf,PDF p.13,commentary,,On margin guidance; at p15 Angie reiterates 'relatively stable' after David Koning (Baird) notes pricing had been called down for ~7 quarters.,Y,company IR / SEC filing (no aggregator used)
Accenture-20,Accenture,Q3FY25,2025-06-20,"Julie Sweet, Chair and Chief Executive Officer",productivity_passthrough,our guidance takes into account how we deliver and any effects on how Gen AI is being built into our commercial models.,N,,https://investor.accenture.com/~/media/Files/A/Accenture-IR-V3/quarterly-earnings/2025/q3-fy25/accenture-third-quarter-fiscal-2025-conference-call-transcript.pdf,data/sources/accenture/transcripts/Q3FY25.pdf,PDF p.21,commentary,,Answer to Jason Kupferberg (BofA) asking whether Accenture shares AI-related savings with clients or sees net deflationary pressure on revenue.,N,company IR / SEC filing (no aggregator used)
Accenture-21,Accenture,Q3FY25,2025-06-20,"Julie Sweet, Chair and Chief Executive Officer",pricing_level,"Of course, you're also seeing our pricing improve as well this quarter. Remember, we keep talking about this kind of technology wave, where it drives efficiency and allows us to deliver more efficiently is something we have managed over and over again",N,,https://investor.accenture.com/~/media/Files/A/Accenture-IR-V3/quarterly-earnings/2025/q3-fy25/accenture-third-quarter-fiscal-2025-conference-call-transcript.pdf,data/sources/accenture/transcripts/Q3FY25.pdf,PDF p.21,commentary,,Same answer to Kupferberg on AI savings/deflation.,N,company IR / SEC filing (no aggregator used)
Accenture-22,Accenture,Q4FY25,2025-09-25,"Julie Sweet, Chair and Chief Executive Officer",deflation,So we don't see AI as deﬂationary. We do see and are seeing it as expansionary similar to every tech evolution we've been through.,N,,https://investor.accenture.com/~/media/Files/A/Accenture-IR-V3/quarterly-earnings/2025/q4-fy-25/accenture-fourth-quarter-fiscal-2025-conference-call-transcript.pdf,data/sources/accenture/transcripts/Q4FY25.pdf,PDF p.14,commentary,,Answer to Tien-Tsin Huang (JPMorgan) asking about AI-driven productivity and potential deflationary effects.,Y,company IR / SEC filing (no aggregator used)
Accenture-23,Accenture,Q4FY25,2025-09-25,"Julie Sweet, Chair and Chief Executive Officer",productivity_passthrough,"Yes, AI absolutely boosts eﬃciency in areas like coding or operations, but those savings don't disappear. They're being reinvested into new priorities. ... And so when we can save them money by delivering our services with advanced AI, that frees up their budget to do the next things on their list",N,,https://investor.accenture.com/~/media/Files/A/Accenture-IR-V3/quarterly-earnings/2025/q4-fy-25/accenture-fourth-quarter-fiscal-2025-conference-call-transcript.pdf,data/sources/accenture/transcripts/Q4FY25.pdf,PDF p.14,commentary,,"Same answer; acknowledges AI delivery savings go to clients, argues they are re-spent.",N,company IR / SEC filing (no aggregator used)
Accenture-24,Accenture,Q4FY25,2025-09-25,"Angie Park, Chief Financial Officer",pricing_level,"Let me just start on the pricing for our Gen AI projects and the pure Gen AI that we were -- or advanced AI that we've been talking about, we do see pricing that is accretive overall to average.",N,,https://investor.accenture.com/~/media/Files/A/Accenture-IR-V3/quarterly-earnings/2025/q4-fy-25/accenture-fourth-quarter-fiscal-2025-conference-call-transcript.pdf,data/sources/accenture/transcripts/Q4FY25.pdf,PDF p.17,commentary,,Answer to James Faucette (Morgan Stanley) on pricing of GenAI projects.,Y,company IR / SEC filing (no aggregator used)
Accenture-25,Accenture,Q1FY26,2025-12-18,"Angie Park, Chief Financial Officer",other,"In FY25, about 60% of our work was ﬁxed-price, which is up about 10 points over the last three years.",Y,~60% of FY25 work fixed-price; +~10 pts over 3 years,https://investor.accenture.com/~/media/Files/A/accenture-v4/investors/earnings-reports/2026/accenture-first-quarter-fiscal-2026-conference-call-transcript.pdf,data/sources/accenture/transcripts/Q1FY26.pdf,PDF p.8,measured,"Firm-reported share of work that is fixed-price (commercial-model mix), not a price change.",Prepared remarks 'update on our commercial models'; attributed to proprietary platforms and clients wanting cost/delivery certainty.,Y,company IR / SEC filing (no aggregator used)
Accenture-26,Accenture,Q1FY26,2025-12-18,"Angie Park, Chief Financial Officer",pricing_level,"it's early, but we're seeing pricing improve in several parts of our business. ... we're starting to see some of that improved pricing show up in the P&L, and we saw that this quarter.",N,,https://investor.accenture.com/~/media/Files/A/accenture-v4/investors/earnings-reports/2026/accenture-first-quarter-fiscal-2026-conference-call-transcript.pdf,data/sources/accenture/transcripts/Q1FY26.pdf,PDF p.17,commentary,,Answer to James Faucette asking about like-for-like pricing.,N,company IR / SEC filing (no aggregator used)
Accenture-27,Accenture,Q1FY26,2025-12-18,"Julie Sweet, Chair and Chief Executive Officer",productivity_passthrough,"And then with respect to pricing and passing it along to our clients, remember: this has been a business model for the industry, really all the way going back to the introduction of technology in RPA, right, where we're signing contracts that depend on our use of more technology over time to provide productivity.",N,,https://investor.accenture.com/~/media/Files/A/accenture-v4/investors/earnings-reports/2026/accenture-first-quarter-fiscal-2026-conference-call-transcript.pdf,data/sources/accenture/transcripts/Q1FY26.pdf,PDF p.18,commentary,,Answer to Bryan Keane (Citi) asking how pricing works with AI productivity in fixed-price deals: 'how do you pass on some savings and keep it yourselves?'. Julie also says clients are moving toward outcome-based models.,N,company IR / SEC filing (no aggregator used)
Accenture-28,Accenture,Q2FY26,2026-03-19,"Angie Park, Chief Financial Officer",other,"Within bookings, the percentage of our work which is fixed price continues to increase over 60% in FY25.",Y,fixed-price >60% of work (FY25),https://investor.accenture.com/~/media/Files/A/accenture-v4/investors/earnings-reports/2026/second-quarter-fiscal-2026-conference-call-transcript.pdf,data/sources/accenture/transcripts/Q2FY26.pdf,PDF p.6,measured,"Firm-reported fixed-price share of work, not a price change.",Prepared remarks.,Y,company IR / SEC filing (no aggregator used)
Accenture-29,Accenture,Q2FY26,2026-03-19,"Julie Sweet, Chair and Chief Executive Officer",other,"our strategy is always that the more that we can use technology to bring more value to clients faster, the better it is for our business. ... the actual technical piece is a small piece compared to the rest of the work and it leads to more work.",N,,https://investor.accenture.com/~/media/Files/A/accenture-v4/investors/earnings-reports/2026/second-quarter-fiscal-2026-conference-call-transcript.pdf,data/sources/accenture/transcripts/Q2FY26.pdf,PDF p.21,commentary,,"Answer to Jonathan Lee (Guggenheim) on whether AI is compressing project timelines, rate cards and SI TAM (AI revenue compression); no direct statement on rates.",N,company IR / SEC filing (no aggregator used)
Accenture-30,Accenture,Q2FY26,2026-03-19,"Angie Park, Chief Financial Officer",pricing_level,"pricing, which is the margin on the work that we sell, we saw improvements in some areas of our business and we continue to operate in a highly competitive environment.",N,,https://investor.accenture.com/~/media/Files/A/accenture-v4/investors/earnings-reports/2026/second-quarter-fiscal-2026-conference-call-transcript.pdf,data/sources/accenture/transcripts/Q2FY26.pdf,PDF p.22,commentary,,Answer to Sean Kennedy (Mizuho) on higher-margin AI services offsetting more competitive legacy pricing.,N,company IR / SEC filing (no aggregator used)
Accenture-31,Accenture,Q3FY26,2026-06-18,"Angie Park, Chief Financial Officer",other,"We continue to see our fixed price work be over 60% and continuing to increase. ... So margins, not a big difference that I would call out relative to fixed-price versus the other commercial constructs",Y,fixed-price >60% of work,https://investor.accenture.com/~/media/Files/A/accenture-v4/investors/earnings-reports/2026/accenture-third-quarter-fiscal-2026-conference-call-transcript.pdf,data/sources/accenture/transcripts/Q3FY26.pdf,PDF p.23,measured,"Firm-reported fixed-price share, not a price change.",Answer to Jamie Friedman (Susquehanna). No explicit pricing-level statement found in this call; Julie also describes shift to more non-FTE commercial models (p4).,Y,company IR / SEC filing (no aggregator used)
Accenture-32,Accenture,Q4FY26,2026-10-01,"Julie Sweet, Chair and Chief Executive Officer",productivity_passthrough,We continue to believe the opportunities related to AI are greater than the impact of AI-related efficiencies on our business,N,,https://investor.accenture.com/~/media/Files/A/accenture-v4/investors/earnings-reports/2026/fourth-quarter-fiscal-2026-conference-call-transcript.pdf,data/sources/accenture/transcripts_task3/ACN_Q4FY26.pdf,PDF p.7,commentary,,Prepared remarks; continues: AI-driven delivery productivity 'creates greater value for our clients' and faster implementations as partners embed AI.,N,company IR / SEC filing (no aggregator used)
Accenture-33,Accenture,Q4FY26,2026-10-01,"Angie Park, Chief Financial Officer",other,"Fixed price work, which includes outcome based, is now over 65% of bookings and continues to grow.",Y,fixed-price (incl. outcome-based) >65% of bookings,https://investor.accenture.com/~/media/Files/A/accenture-v4/investors/earnings-reports/2026/fourth-quarter-fiscal-2026-conference-call-transcript.pdf,data/sources/accenture/transcripts_task3/ACN_Q4FY26.pdf,PDF p.9,measured,"Firm-reported share of bookings, not a price change.",Prepared remarks.,Y,company IR / SEC filing (no aggregator used)
Accenture-34,Accenture,Q4FY26,2026-10-01,"Julie Sweet, Chair and Chief Executive Officer",pricing_level,"when you think about pricing in '26, it was overall stable. And at the same time, in Q4, we saw lower pricing in many areas of our business.",N,,https://investor.accenture.com/~/media/Files/A/accenture-v4/investors/earnings-reports/2026/fourth-quarter-fiscal-2026-conference-call-transcript.pdf,data/sources/accenture/transcripts_task3/ACN_Q4FY26.pdf,PDF p.15,commentary,,Answer to Darrin Peller (Wolfe) asking whether competitors price more aggressively for large/agentic deals; FY27 guide assumes continued intense competition.,N,company IR / SEC filing (no aggregator used)
Accenture-35,Accenture,Q4FY26,2026-10-01,"Angie Park, Chief Financial Officer",renewal_terms,"I think that as you step back and you think about the productivity, that's always been a part of what we do. That's what we provide to",N,,https://investor.accenture.com/~/media/Files/A/accenture-v4/investors/earnings-reports/2026/fourth-quarter-fiscal-2026-conference-call-transcript.pdf,data/sources/accenture/transcripts_task3/ACN_Q4FY26.pdf,PDF p.18,commentary,,Answer to Keith Bachman (BMO) asking about economics of like-for-like renewals and AI deflation baked into FY27; Angie continues on p19 that the impact 'has really been steady'.,N,company IR / SEC filing (no aggregator used)
Accenture-36,Accenture,Q4FY26,2026-10-01,"Julie Sweet, Chair and Chief Executive Officer",productivity_passthrough,"So we are definitely giving more productivity due to AI. And like overall though, the impact has been steady. So -- and we're offsetting as we have in the past with new kinds of work, more scope, et cetera. So absolutely giving more AI efficiencies and more than offsetting that as a whole.",N,,https://investor.accenture.com/~/media/Files/A/accenture-v4/investors/earnings-reports/2026/fourth-quarter-fiscal-2026-conference-call-transcript.pdf,data/sources/accenture/transcripts_task3/ACN_Q4FY26.pdf,PDF p.19,commentary,,Same renewals/deflation question from Keith Bachman; explicit statement that AI productivity is being given to clients.,Y,company IR / SEC filing (no aggregator used)
