cal_q,firm,value,series,source
2016Q3,accenture,-35.24961713678438,total_ttm,DOL OFLC LCA disclosure data; https://www.dol.gov/agencies/eta/foreign-labor/performance
2016Q3,capgemini,-7.08990034533888,total_ttm,DOL OFLC LCA disclosure data; https://www.dol.gov/agencies/eta/foreign-labor/performance
2016Q3,coforge,37.94896217049037,total_ttm,DOL OFLC LCA disclosure data; https://www.dol.gov/agencies/eta/foreign-labor/performance
2016Q3,cognizant,28.070819611766872,total_ttm,DOL OFLC LCA disclosure data; https://www.dol.gov/agencies/eta/foreign-labor/performance
2016Q3,hcltech,-22.174885094866017,total_ttm,DOL OFLC LCA disclosure data; https://www.dol.gov/agencies/eta/foreign-labor/performance
2016Q3,hexaware,-7.873807604687159,total_ttm,DOL OFLC LCA disclosure data; https://www.dol.gov/agencies/eta/foreign-labor/performance
2016Q3,infosys,-27.145531810570333,total_ttm,DOL OFLC LCA disclosure data; https://www.dol.gov/agencies/eta/foreign-labor/performance
2016Q3,ltim,-57.377565986176535,total_ttm,DOL OFLC LCA disclosure data; https://www.dol.gov/agencies/eta/foreign-labor/performance
2016Q3,mphasis,-19.2040640550028,total_ttm,DOL OFLC LCA disclosure data; https://www.dol.gov/agencies/eta/foreign-labor/performance
2016Q3,persistent,-29.649270213393574,total_ttm,DOL OFLC LCA disclosure data; https://www.dol.gov/agencies/eta/foreign-labor/performance
2016Q3,tcs,-92.76316891585682,total_ttm,DOL OFLC LCA disclosure data; https://www.dol.gov/agencies/eta/foreign-labor/performance
2016Q3,techm,-19.476591325921355,total_ttm,DOL OFLC LCA disclosure data; https://www.dol.gov/agencies/eta/foreign-labor/performance
2016Q3,wipro,-5.6080533227383365,total_ttm,DOL OFLC LCA disclosure data; https://www.dol.gov/agencies/eta/foreign-labor/performance
2016Q3,pooled8,-14.653457503953737,total_ttm,DOL OFLC LCA disclosure data; https://www.dol.gov/agencies/eta/foreign-labor/performance
2016Q3,pooled_mid,-9.984982893340364,total_ttm,DOL OFLC LCA disclosure data; https://www.dol.gov/agencies/eta/foreign-labor/performance
2016Q4,accenture,-38.79477451461456,total_ttm,DOL OFLC LCA disclosure data; https://www.dol.gov/agencies/eta/foreign-labor/performance
2016Q4,capgemini,13.913011954533674,total_ttm,DOL OFLC LCA disclosure data; https://www.dol.gov/agencies/eta/foreign-labor/performance
2016Q4,coforge,29.882663700484603,total_ttm,DOL OFLC LCA disclosure data; https://www.dol.gov/agencies/eta/foreign-labor/performance
2016Q4,cognizant,-10.058706762551537,total_ttm,DOL OFLC LCA disclosure data; https://www.dol.gov/agencies/eta/foreign-labor/performance
2016Q4,hcltech,-20.298266972176943,total_ttm,DOL OFLC LCA disclosure data; https://www.dol.gov/agencies/eta/foreign-labor/performance
2016Q4,hexaware,-7.365823074744552,total_ttm,DOL OFLC LCA disclosure data; https://www.dol.gov/agencies/eta/foreign-labor/performance
2016Q4,infosys,-17.1298686579991,total_ttm,DOL OFLC LCA disclosure data; https://www.dol.gov/agencies/eta/foreign-labor/performance
2016Q4,ltim,-68.91157578482546,total_ttm,DOL OFLC LCA disclosure data; https://www.dol.gov/agencies/eta/foreign-labor/performance
2016Q4,mphasis,-12.115572013502273,total_ttm,DOL OFLC LCA disclosure data; https://www.dol.gov/agencies/eta/foreign-labor/performance
2016Q4,persistent,-31.064054200768883,total_ttm,DOL OFLC LCA disclosure data; https://www.dol.gov/agencies/eta/foreign-labor/performance
2016Q4,tcs,-91.92253772703339,total_ttm,DOL OFLC LCA disclosure data; https://www.dol.gov/agencies/eta/foreign-labor/performance
2016Q4,techm,-17.434375550677323,total_ttm,DOL OFLC LCA disclosure data; https://www.dol.gov/agencies/eta/foreign-labor/performance
2016Q4,wipro,-28.494371506763414,total_ttm,DOL OFLC LCA disclosure data; https://www.dol.gov/agencies/eta/foreign-labor/performance
2016Q4,pooled8,-30.83866335491851,total_ttm,DOL OFLC LCA disclosure data; https://www.dol.gov/agencies/eta/foreign-labor/performance
2016Q4,pooled_mid,6.303408452622647,total_ttm,DOL OFLC LCA disclosure data; https://www.dol.gov/agencies/eta/foreign-labor/performance
2017Q1,accenture,-31.224742349829814,total_ttm,DOL OFLC LCA disclosure data; https://www.dol.gov/agencies/eta/foreign-labor/performance
2017Q1,capgemini,10.227234951526928,total_ttm,DOL OFLC LCA disclosure data; https://www.dol.gov/agencies/eta/foreign-labor/performance
2017Q1,coforge,-3.709034420955714,total_ttm,DOL OFLC LCA disclosure data; https://www.dol.gov/agencies/eta/foreign-labor/performance
2017Q1,cognizant,-33.29247529095527,total_ttm,DOL OFLC LCA disclosure data; https://www.dol.gov/agencies/eta/foreign-labor/performance
2017Q1,hcltech,22.50875087072571,total_ttm,DOL OFLC LCA disclosure data; https://www.dol.gov/agencies/eta/foreign-labor/performance
2017Q1,hexaware,8.272430877570965,total_ttm,DOL OFLC LCA disclosure data; https://www.dol.gov/agencies/eta/foreign-labor/performance
2017Q1,infosys,-29.845116851691202,total_ttm,DOL OFLC LCA disclosure data; https://www.dol.gov/agencies/eta/foreign-labor/performance
2017Q1,ltim,-33.6672156653866,total_ttm,DOL OFLC LCA disclosure data; https://www.dol.gov/agencies/eta/foreign-labor/performance
2017Q1,mphasis,21.596109233102553,total_ttm,DOL OFLC LCA disclosure data; https://www.dol.gov/agencies/eta/foreign-labor/performance
2017Q1,persistent,-22.19306948890005,total_ttm,DOL OFLC LCA disclosure data; https://www.dol.gov/agencies/eta/foreign-labor/performance
2017Q1,tcs,2.963261371405174,total_ttm,DOL OFLC LCA disclosure data; https://www.dol.gov/agencies/eta/foreign-labor/performance
2017Q1,techm,-10.811733690469685,total_ttm,DOL OFLC LCA disclosure data; https://www.dol.gov/agencies/eta/foreign-labor/performance
2017Q1,wipro,-91.8439902639332,total_ttm,DOL OFLC LCA disclosure data; https://www.dol.gov/agencies/eta/foreign-labor/performance
2017Q1,pooled8,-30.669170717176797,total_ttm,DOL OFLC LCA disclosure data; https://www.dol.gov/agencies/eta/foreign-labor/performance
2017Q1,pooled_mid,13.372253833122864,total_ttm,DOL OFLC LCA disclosure data; https://www.dol.gov/agencies/eta/foreign-labor/performance
2017Q2,accenture,-46.89476798331849,total_ttm,DOL OFLC LCA disclosure data; https://www.dol.gov/agencies/eta/foreign-labor/performance
2017Q2,capgemini,31.444949892375302,total_ttm,DOL OFLC LCA disclosure data; https://www.dol.gov/agencies/eta/foreign-labor/performance
2017Q2,coforge,-15.209009801429088,total_ttm,DOL OFLC LCA disclosure data; https://www.dol.gov/agencies/eta/foreign-labor/performance
2017Q2,cognizant,-63.775137651478154,total_ttm,DOL OFLC LCA disclosure data; https://www.dol.gov/agencies/eta/foreign-labor/performance
2017Q2,hcltech,83.57541708546798,total_ttm,DOL OFLC LCA disclosure data; https://www.dol.gov/agencies/eta/foreign-labor/performance
2017Q2,hexaware,-3.62252041734828,total_ttm,DOL OFLC LCA disclosure data; https://www.dol.gov/agencies/eta/foreign-labor/performance
2017Q2,infosys,-23.66214102990041,total_ttm,DOL OFLC LCA disclosure data; https://www.dol.gov/agencies/eta/foreign-labor/performance
2017Q2,ltim,-27.327526133965783,total_ttm,DOL OFLC LCA disclosure data; https://www.dol.gov/agencies/eta/foreign-labor/performance
2017Q2,mphasis,31.58827428013692,total_ttm,DOL OFLC LCA disclosure data; https://www.dol.gov/agencies/eta/foreign-labor/performance
2017Q2,persistent,-19.35518943235084,total_ttm,DOL OFLC LCA disclosure data; https://www.dol.gov/agencies/eta/foreign-labor/performance
2017Q2,tcs,8.385248208107567,total_ttm,DOL OFLC LCA disclosure data; https://www.dol.gov/agencies/eta/foreign-labor/performance
2017Q2,techm,-8.79161014407796,total_ttm,DOL OFLC LCA disclosure data; https://www.dol.gov/agencies/eta/foreign-labor/performance
2017Q2,wipro,-106.02664788822327,total_ttm,DOL OFLC LCA disclosure data; https://www.dol.gov/agencies/eta/foreign-labor/performance
2017Q2,pooled8,-33.566201994708464,total_ttm,DOL OFLC LCA disclosure data; https://www.dol.gov/agencies/eta/foreign-labor/performance
2017Q2,pooled_mid,29.814890608729222,total_ttm,DOL OFLC LCA disclosure data; https://www.dol.gov/agencies/eta/foreign-labor/performance
2017Q3,accenture,-49.02030187077177,total_ttm,DOL OFLC LCA disclosure data; https://www.dol.gov/agencies/eta/foreign-labor/performance
2017Q3,capgemini,-104.39814737691357,total_ttm,DOL OFLC LCA disclosure data; https://www.dol.gov/agencies/eta/foreign-labor/performance
2017Q3,coforge,-11.966450375608906,total_ttm,DOL OFLC LCA disclosure data; https://www.dol.gov/agencies/eta/foreign-labor/performance
2017Q3,cognizant,-63.60524102422358,total_ttm,DOL OFLC LCA disclosure data; https://www.dol.gov/agencies/eta/foreign-labor/performance
2017Q3,hcltech,114.26094713386993,total_ttm,DOL OFLC LCA disclosure data; https://www.dol.gov/agencies/eta/foreign-labor/performance
2017Q3,hexaware,-6.617199514531011,total_ttm,DOL OFLC LCA disclosure data; https://www.dol.gov/agencies/eta/foreign-labor/performance
2017Q3,infosys,-20.67223099078838,total_ttm,DOL OFLC LCA disclosure data; https://www.dol.gov/agencies/eta/foreign-labor/performance
2017Q3,ltim,-14.961365856887006,total_ttm,DOL OFLC LCA disclosure data; https://www.dol.gov/agencies/eta/foreign-labor/performance
2017Q3,mphasis,29.616469416311787,total_ttm,DOL OFLC LCA disclosure data; https://www.dol.gov/agencies/eta/foreign-labor/performance
2017Q3,persistent,-21.65283121954905,total_ttm,DOL OFLC LCA disclosure data; https://www.dol.gov/agencies/eta/foreign-labor/performance
2017Q3,tcs,10.453546931188464,total_ttm,DOL OFLC LCA disclosure data; https://www.dol.gov/agencies/eta/foreign-labor/performance
2017Q3,techm,-0.38666070406464276,total_ttm,DOL OFLC LCA disclosure data; https://www.dol.gov/agencies/eta/foreign-labor/performance
2017Q3,wipro,-101.47093442601522,total_ttm,DOL OFLC LCA disclosure data; https://www.dol.gov/agencies/eta/foreign-labor/performance
2017Q3,pooled8,-24.613371043938216,total_ttm,DOL OFLC LCA disclosure data; https://www.dol.gov/agencies/eta/foreign-labor/performance
2017Q3,pooled_mid,-48.76318383627607,total_ttm,DOL OFLC LCA disclosure data; https://www.dol.gov/agencies/eta/foreign-labor/performance
2017Q4,accenture,-48.70520904340826,total_ttm,DOL OFLC LCA disclosure data; https://www.dol.gov/agencies/eta/foreign-labor/performance
2017Q4,capgemini,-108.7801372563894,total_ttm,DOL OFLC LCA disclosure data; https://www.dol.gov/agencies/eta/foreign-labor/performance
2017Q4,coforge,-11.077440550190644,total_ttm,DOL OFLC LCA disclosure data; https://www.dol.gov/agencies/eta/foreign-labor/performance
2017Q4,cognizant,-80.36509194025616,total_ttm,DOL OFLC LCA disclosure data; https://www.dol.gov/agencies/eta/foreign-labor/performance
2017Q4,hcltech,133.07228208125082,total_ttm,DOL OFLC LCA disclosure data; https://www.dol.gov/agencies/eta/foreign-labor/performance
2017Q4,hexaware,-15.640141226513737,total_ttm,DOL OFLC LCA disclosure data; https://www.dol.gov/agencies/eta/foreign-labor/performance
2017Q4,infosys,-31.22511378248963,total_ttm,DOL OFLC LCA disclosure data; https://www.dol.gov/agencies/eta/foreign-labor/performance
2017Q4,ltim,-11.803452399168544,total_ttm,DOL OFLC LCA disclosure data; https://www.dol.gov/agencies/eta/foreign-labor/performance
2017Q4,mphasis,24.40149539241079,total_ttm,DOL OFLC LCA disclosure data; https://www.dol.gov/agencies/eta/foreign-labor/performance
2017Q4,persistent,-20.10755537672764,total_ttm,DOL OFLC LCA disclosure data; https://www.dol.gov/agencies/eta/foreign-labor/performance
2017Q4,tcs,10.410515405348136,total_ttm,DOL OFLC LCA disclosure data; https://www.dol.gov/agencies/eta/foreign-labor/performance
2017Q4,techm,0.46844119052367117,total_ttm,DOL OFLC LCA disclosure data; https://www.dol.gov/agencies/eta/foreign-labor/performance
2017Q4,wipro,-90.50524036785188,total_ttm,DOL OFLC LCA disclosure data; https://www.dol.gov/agencies/eta/foreign-labor/performance
2017Q4,pooled8,-20.811031990423686,total_ttm,DOL OFLC LCA disclosure data; https://www.dol.gov/agencies/eta/foreign-labor/performance
2017Q4,pooled_mid,-53.75238806171934,total_ttm,DOL OFLC LCA disclosure data; https://www.dol.gov/agencies/eta/foreign-labor/performance
2018Q1,accenture,-11.904470078643707,total_ttm,DOL OFLC LCA disclosure data; https://www.dol.gov/agencies/eta/foreign-labor/performance
2018Q1,capgemini,-108.39338955421647,total_ttm,DOL OFLC LCA disclosure data; https://www.dol.gov/agencies/eta/foreign-labor/performance
2018Q1,coforge,20.324375330520642,total_ttm,DOL OFLC LCA disclosure data; https://www.dol.gov/agencies/eta/foreign-labor/performance
2018Q1,cognizant,-19.114513452196874,total_ttm,DOL OFLC LCA disclosure data; https://www.dol.gov/agencies/eta/foreign-labor/performance
2018Q1,hcltech,107.59149542487052,total_ttm,DOL OFLC LCA disclosure data; https://www.dol.gov/agencies/eta/foreign-labor/performance
2018Q1,hexaware,57.64859162389078,total_ttm,DOL OFLC LCA disclosure data; https://www.dol.gov/agencies/eta/foreign-labor/performance
2018Q1,infosys,-38.54760885743993,total_ttm,DOL OFLC LCA disclosure data; https://www.dol.gov/agencies/eta/foreign-labor/performance
2018Q1,ltim,-35.59753986146469,total_ttm,DOL OFLC LCA disclosure data; https://www.dol.gov/agencies/eta/foreign-labor/performance
2018Q1,mphasis,-30.89770957854058,total_ttm,DOL OFLC LCA disclosure data; https://www.dol.gov/agencies/eta/foreign-labor/performance
2018Q1,persistent,-6.037212844304447,total_ttm,DOL OFLC LCA disclosure data; https://www.dol.gov/agencies/eta/foreign-labor/performance
2018Q1,tcs,20.414294682492702,total_ttm,DOL OFLC LCA disclosure data; https://www.dol.gov/agencies/eta/foreign-labor/performance
2018Q1,techm,-23.811768023832965,total_ttm,DOL OFLC LCA disclosure data; https://www.dol.gov/agencies/eta/foreign-labor/performance
2018Q1,wipro,-50.80243309043448,total_ttm,DOL OFLC LCA disclosure data; https://www.dol.gov/agencies/eta/foreign-labor/performance
2018Q1,pooled8,3.3317851248290378,total_ttm,DOL OFLC LCA disclosure data; https://www.dol.gov/agencies/eta/foreign-labor/performance
2018Q1,pooled_mid,-67.96222874129528,total_ttm,DOL OFLC LCA disclosure data; https://www.dol.gov/agencies/eta/foreign-labor/performance
2018Q2,accenture,-4.1531170918941065,total_ttm,DOL OFLC LCA disclosure data; https://www.dol.gov/agencies/eta/foreign-labor/performance
2018Q2,capgemini,-114.91630227982597,total_ttm,DOL OFLC LCA disclosure data; https://www.dol.gov/agencies/eta/foreign-labor/performance
2018Q2,coforge,52.05762028813679,total_ttm,DOL OFLC LCA disclosure data; https://www.dol.gov/agencies/eta/foreign-labor/performance
2018Q2,cognizant,-1.4612343958979364,total_ttm,DOL OFLC LCA disclosure data; https://www.dol.gov/agencies/eta/foreign-labor/performance
2018Q2,hcltech,36.5928304254397,total_ttm,DOL OFLC LCA disclosure data; https://www.dol.gov/agencies/eta/foreign-labor/performance
2018Q2,hexaware,66.3807696240545,total_ttm,DOL OFLC LCA disclosure data; https://www.dol.gov/agencies/eta/foreign-labor/performance
2018Q2,infosys,-48.00093143120653,total_ttm,DOL OFLC LCA disclosure data; https://www.dol.gov/agencies/eta/foreign-labor/performance
2018Q2,ltim,-45.790867655888995,total_ttm,DOL OFLC LCA disclosure data; https://www.dol.gov/agencies/eta/foreign-labor/performance
2018Q2,mphasis,-35.66873577403972,total_ttm,DOL OFLC LCA disclosure data; https://www.dol.gov/agencies/eta/foreign-labor/performance
2018Q2,persistent,-6.796670413163934,total_ttm,DOL OFLC LCA disclosure data; https://www.dol.gov/agencies/eta/foreign-labor/performance
2018Q2,tcs,9.458339299047449,total_ttm,DOL OFLC LCA disclosure data; https://www.dol.gov/agencies/eta/foreign-labor/performance
2018Q2,techm,-23.421881293182075,total_ttm,DOL OFLC LCA disclosure data; https://www.dol.gov/agencies/eta/foreign-labor/performance
2018Q2,wipro,-26.825060992092283,total_ttm,DOL OFLC LCA disclosure data; https://www.dol.gov/agencies/eta/foreign-labor/performance
2018Q2,pooled8,-1.9975974261005571,total_ttm,DOL OFLC LCA disclosure data; https://www.dol.gov/agencies/eta/foreign-labor/performance
2018Q2,pooled_mid,-71.73892662602839,total_ttm,DOL OFLC LCA disclosure data; https://www.dol.gov/agencies/eta/foreign-labor/performance
2018Q3,accenture,-0.34565309607118977,total_ttm,DOL OFLC LCA disclosure data; https://www.dol.gov/agencies/eta/foreign-labor/performance
2018Q3,capgemini,-25.655752894785127,total_ttm,DOL OFLC LCA disclosure data; https://www.dol.gov/agencies/eta/foreign-labor/performance
2018Q3,coforge,66.37649164069519,total_ttm,DOL OFLC LCA disclosure data; https://www.dol.gov/agencies/eta/foreign-labor/performance
2018Q3,cognizant,-7.559357412971349,total_ttm,DOL OFLC LCA disclosure data; https://www.dol.gov/agencies/eta/foreign-labor/performance
2018Q3,hcltech,6.932961717978873,total_ttm,DOL OFLC LCA disclosure data; https://www.dol.gov/agencies/eta/foreign-labor/performance
2018Q3,hexaware,67.12800493959726,total_ttm,DOL OFLC LCA disclosure data; https://www.dol.gov/agencies/eta/foreign-labor/performance
2018Q3,infosys,-57.35218530862497,total_ttm,DOL OFLC LCA disclosure data; https://www.dol.gov/agencies/eta/foreign-labor/performance
2018Q3,ltim,-66.13653965036625,total_ttm,DOL OFLC LCA disclosure data; https://www.dol.gov/agencies/eta/foreign-labor/performance
2018Q3,mphasis,-26.92337939259064,total_ttm,DOL OFLC LCA disclosure data; https://www.dol.gov/agencies/eta/foreign-labor/performance
2018Q3,persistent,12.38694817127857,total_ttm,DOL OFLC LCA disclosure data; https://www.dol.gov/agencies/eta/foreign-labor/performance
2018Q3,tcs,8.83363860680635,total_ttm,DOL OFLC LCA disclosure data; https://www.dol.gov/agencies/eta/foreign-labor/performance
2018Q3,techm,-25.982511794881464,total_ttm,DOL OFLC LCA disclosure data; https://www.dol.gov/agencies/eta/foreign-labor/performance
2018Q3,wipro,-21.612029175902588,total_ttm,DOL OFLC LCA disclosure data; https://www.dol.gov/agencies/eta/foreign-labor/performance
2018Q3,pooled8,-11.583665977152004,total_ttm,DOL OFLC LCA disclosure data; https://www.dol.gov/agencies/eta/foreign-labor/performance
2018Q3,pooled_mid,-19.652705625988094,total_ttm,DOL OFLC LCA disclosure data; https://www.dol.gov/agencies/eta/foreign-labor/performance
2018Q4,accenture,-5.195616718961227,total_ttm,DOL OFLC LCA disclosure data; https://www.dol.gov/agencies/eta/foreign-labor/performance
2018Q4,capgemini,-32.35561306209333,total_ttm,DOL OFLC LCA disclosure data; https://www.dol.gov/agencies/eta/foreign-labor/performance
2018Q4,coforge,88.31770470897307,total_ttm,DOL OFLC LCA disclosure data; https://www.dol.gov/agencies/eta/foreign-labor/performance
2018Q4,cognizant,18.876772882100678,total_ttm,DOL OFLC LCA disclosure data; https://www.dol.gov/agencies/eta/foreign-labor/performance
2018Q4,hcltech,-23.592778283403188,total_ttm,DOL OFLC LCA disclosure data; https://www.dol.gov/agencies/eta/foreign-labor/performance
2018Q4,hexaware,70.30871002231662,total_ttm,DOL OFLC LCA disclosure data; https://www.dol.gov/agencies/eta/foreign-labor/performance
2018Q4,infosys,-55.970624065132725,total_ttm,DOL OFLC LCA disclosure data; https://www.dol.gov/agencies/eta/foreign-labor/performance
2018Q4,ltim,-77.58604298559297,total_ttm,DOL OFLC LCA disclosure data; https://www.dol.gov/agencies/eta/foreign-labor/performance
2018Q4,mphasis,-25.17669307284259,total_ttm,DOL OFLC LCA disclosure data; https://www.dol.gov/agencies/eta/foreign-labor/performance
2018Q4,persistent,14.872715401111266,total_ttm,DOL OFLC LCA disclosure data; https://www.dol.gov/agencies/eta/foreign-labor/performance
2018Q4,tcs,6.44534657042769,total_ttm,DOL OFLC LCA disclosure data; https://www.dol.gov/agencies/eta/foreign-labor/performance
2018Q4,techm,-28.06368465828253,total_ttm,DOL OFLC LCA disclosure data; https://www.dol.gov/agencies/eta/foreign-labor/performance
2018Q4,wipro,-14.226457244060562,total_ttm,DOL OFLC LCA disclosure data; https://www.dol.gov/agencies/eta/foreign-labor/performance
2018Q4,pooled8,-13.00497212127377,total_ttm,DOL OFLC LCA disclosure data; https://www.dol.gov/agencies/eta/foreign-labor/performance
2018Q4,pooled_mid,-20.10280028200637,total_ttm,DOL OFLC LCA disclosure data; https://www.dol.gov/agencies/eta/foreign-labor/performance
2019Q1,accenture,-2.982526061944905,total_ttm,DOL OFLC LCA disclosure data; https://www.dol.gov/agencies/eta/foreign-labor/performance
2019Q1,capgemini,-18.73299145083271,total_ttm,DOL OFLC LCA disclosure data; https://www.dol.gov/agencies/eta/foreign-labor/performance
2019Q1,coforge,66.52280025626119,total_ttm,DOL OFLC LCA disclosure data; https://www.dol.gov/agencies/eta/foreign-labor/performance
2019Q1,cognizant,-77.09569046592331,total_ttm,DOL OFLC LCA disclosure data; https://www.dol.gov/agencies/eta/foreign-labor/performance
2019Q1,hcltech,-62.1256390264373,total_ttm,DOL OFLC LCA disclosure data; https://www.dol.gov/agencies/eta/foreign-labor/performance
2019Q1,hexaware,-59.076507365638,total_ttm,DOL OFLC LCA disclosure data; https://www.dol.gov/agencies/eta/foreign-labor/performance
2019Q1,infosys,40.62413686884096,total_ttm,DOL OFLC LCA disclosure data; https://www.dol.gov/agencies/eta/foreign-labor/performance
2019Q1,ltim,-63.701048952221974,total_ttm,DOL OFLC LCA disclosure data; https://www.dol.gov/agencies/eta/foreign-labor/performance
2019Q1,mphasis,-49.796020866921495,total_ttm,DOL OFLC LCA disclosure data; https://www.dol.gov/agencies/eta/foreign-labor/performance
2019Q1,persistent,1.067245989077198,total_ttm,DOL OFLC LCA disclosure data; https://www.dol.gov/agencies/eta/foreign-labor/performance
2019Q1,tcs,-32.75384139202436,total_ttm,DOL OFLC LCA disclosure data; https://www.dol.gov/agencies/eta/foreign-labor/performance
2019Q1,techm,-42.69729832591161,total_ttm,DOL OFLC LCA disclosure data; https://www.dol.gov/agencies/eta/foreign-labor/performance
2019Q1,wipro,53.58089073040681,total_ttm,DOL OFLC LCA disclosure data; https://www.dol.gov/agencies/eta/foreign-labor/performance
2019Q1,pooled8,-36.28192710210857,total_ttm,DOL OFLC LCA disclosure data; https://www.dol.gov/agencies/eta/foreign-labor/performance
2019Q1,pooled_mid,-30.177201297369788,total_ttm,DOL OFLC LCA disclosure data; https://www.dol.gov/agencies/eta/foreign-labor/performance
2019Q2,accenture,-1.5454181118701322,total_ttm,DOL OFLC LCA disclosure data; https://www.dol.gov/agencies/eta/foreign-labor/performance
2019Q2,capgemini,-21.297529788495698,total_ttm,DOL OFLC LCA disclosure data; https://www.dol.gov/agencies/eta/foreign-labor/performance
2019Q2,coforge,56.35220429024878,total_ttm,DOL OFLC LCA disclosure data; https://www.dol.gov/agencies/eta/foreign-labor/performance
2019Q2,cognizant,-60.120573853833484,total_ttm,DOL OFLC LCA disclosure data; https://www.dol.gov/agencies/eta/foreign-labor/performance
2019Q2,hcltech,-82.10017506368078,total_ttm,DOL OFLC LCA disclosure data; https://www.dol.gov/agencies/eta/foreign-labor/performance
2019Q2,hexaware,-63.143606138305195,total_ttm,DOL OFLC LCA disclosure data; https://www.dol.gov/agencies/eta/foreign-labor/performance
2019Q2,infosys,52.427721955566675,total_ttm,DOL OFLC LCA disclosure data; https://www.dol.gov/agencies/eta/foreign-labor/performance
2019Q2,ltim,-51.7618856683594,total_ttm,DOL OFLC LCA disclosure data; https://www.dol.gov/agencies/eta/foreign-labor/performance
2019Q2,mphasis,-82.12401486807306,total_ttm,DOL OFLC LCA disclosure data; https://www.dol.gov/agencies/eta/foreign-labor/performance
2019Q2,persistent,-3.807850857450426,total_ttm,DOL OFLC LCA disclosure data; https://www.dol.gov/agencies/eta/foreign-labor/performance
2019Q2,tcs,-29.26508515327095,total_ttm,DOL OFLC LCA disclosure data; https://www.dol.gov/agencies/eta/foreign-labor/performance
2019Q2,techm,-44.82460616294283,total_ttm,DOL OFLC LCA disclosure data; https://www.dol.gov/agencies/eta/foreign-labor/performance
2019Q2,wipro,42.36054286551513,total_ttm,DOL OFLC LCA disclosure data; https://www.dol.gov/agencies/eta/foreign-labor/performance
2019Q2,pooled8,-33.086603939085094,total_ttm,DOL OFLC LCA disclosure data; https://www.dol.gov/agencies/eta/foreign-labor/performance
2019Q2,pooled_mid,-43.15857694948744,total_ttm,DOL OFLC LCA disclosure data; https://www.dol.gov/agencies/eta/foreign-labor/performance
2019Q3,accenture,-4.5778323973449515,total_ttm,DOL OFLC LCA disclosure data; https://www.dol.gov/agencies/eta/foreign-labor/performance
2019Q3,capgemini,-33.057567705437016,total_ttm,DOL OFLC LCA disclosure data; https://www.dol.gov/agencies/eta/foreign-labor/performance
2019Q3,coforge,51.31501925884265,total_ttm,DOL OFLC LCA disclosure data; https://www.dol.gov/agencies/eta/foreign-labor/performance
2019Q3,cognizant,-50.084000187943026,total_ttm,DOL OFLC LCA disclosure data; https://www.dol.gov/agencies/eta/foreign-labor/performance
2019Q3,hcltech,-152.485504556303,total_ttm,DOL OFLC LCA disclosure data; https://www.dol.gov/agencies/eta/foreign-labor/performance
2019Q3,hexaware,-56.18032687021797,total_ttm,DOL OFLC LCA disclosure data; https://www.dol.gov/agencies/eta/foreign-labor/performance
2019Q3,infosys,61.21801808942422,total_ttm,DOL OFLC LCA disclosure data; https://www.dol.gov/agencies/eta/foreign-labor/performance
2019Q3,ltim,-30.259119797643518,total_ttm,DOL OFLC LCA disclosure data; https://www.dol.gov/agencies/eta/foreign-labor/performance
2019Q3,mphasis,-138.05527185522155,total_ttm,DOL OFLC LCA disclosure data; https://www.dol.gov/agencies/eta/foreign-labor/performance
2019Q3,persistent,-19.44334454317784,total_ttm,DOL OFLC LCA disclosure data; https://www.dol.gov/agencies/eta/foreign-labor/performance
2019Q3,tcs,-27.22713822097945,total_ttm,DOL OFLC LCA disclosure data; https://www.dol.gov/agencies/eta/foreign-labor/performance
2019Q3,techm,-44.79564701295684,total_ttm,DOL OFLC LCA disclosure data; https://www.dol.gov/agencies/eta/foreign-labor/performance
2019Q3,wipro,34.55318877151558,total_ttm,DOL OFLC LCA disclosure data; https://www.dol.gov/agencies/eta/foreign-labor/performance
2019Q3,pooled8,-37.667133677280965,total_ttm,DOL OFLC LCA disclosure data; https://www.dol.gov/agencies/eta/foreign-labor/performance
2019Q3,pooled_mid,-65.72035916206272,total_ttm,DOL OFLC LCA disclosure data; https://www.dol.gov/agencies/eta/foreign-labor/performance
2019Q4,accenture,5.101814367024641,total_ttm,DOL OFLC LCA disclosure data; https://www.dol.gov/agencies/eta/foreign-labor/performance
2019Q4,capgemini,-33.632197240635286,total_ttm,DOL OFLC LCA disclosure data; https://www.dol.gov/agencies/eta/foreign-labor/performance
2019Q4,coforge,21.781336398334645,total_ttm,DOL OFLC LCA disclosure data; https://www.dol.gov/agencies/eta/foreign-labor/performance
2019Q4,cognizant,-31.781597078032707,total_ttm,DOL OFLC LCA disclosure data; https://www.dol.gov/agencies/eta/foreign-labor/performance
2019Q4,hcltech,-198.33715371499258,total_ttm,DOL OFLC LCA disclosure data; https://www.dol.gov/agencies/eta/foreign-labor/performance
2019Q4,hexaware,-49.15777361902974,total_ttm,DOL OFLC LCA disclosure data; https://www.dol.gov/agencies/eta/foreign-labor/performance
2019Q4,infosys,67.31844318968554,total_ttm,DOL OFLC LCA disclosure data; https://www.dol.gov/agencies/eta/foreign-labor/performance
2019Q4,ltim,-17.28364136994552,total_ttm,DOL OFLC LCA disclosure data; https://www.dol.gov/agencies/eta/foreign-labor/performance
2019Q4,mphasis,-181.62545089247848,total_ttm,DOL OFLC LCA disclosure data; https://www.dol.gov/agencies/eta/foreign-labor/performance
2019Q4,persistent,-16.444015967566877,total_ttm,DOL OFLC LCA disclosure data; https://www.dol.gov/agencies/eta/foreign-labor/performance
2019Q4,tcs,-24.117990153217608,total_ttm,DOL OFLC LCA disclosure data; https://www.dol.gov/agencies/eta/foreign-labor/performance
2019Q4,techm,-42.930729707092404,total_ttm,DOL OFLC LCA disclosure data; https://www.dol.gov/agencies/eta/foreign-labor/performance
2019Q4,wipro,32.579938881315464,total_ttm,DOL OFLC LCA disclosure data; https://www.dol.gov/agencies/eta/foreign-labor/performance
2019Q4,pooled8,-31.172511304209394,total_ttm,DOL OFLC LCA disclosure data; https://www.dol.gov/agencies/eta/foreign-labor/performance
2019Q4,pooled_mid,-77.81364306157082,total_ttm,DOL OFLC LCA disclosure data; https://www.dol.gov/agencies/eta/foreign-labor/performance
2020Q1,accenture,-53.17187270081135,total_ttm,DOL OFLC LCA disclosure data; https://www.dol.gov/agencies/eta/foreign-labor/performance
2020Q1,capgemini,-82.5937664222622,total_ttm,DOL OFLC LCA disclosure data; https://www.dol.gov/agencies/eta/foreign-labor/performance
2020Q1,coforge,-2.988728200618019,total_ttm,DOL OFLC LCA disclosure data; https://www.dol.gov/agencies/eta/foreign-labor/performance
2020Q1,cognizant,13.244789117651434,total_ttm,DOL OFLC LCA disclosure data; https://www.dol.gov/agencies/eta/foreign-labor/performance
2020Q1,hcltech,-197.96074476541347,total_ttm,DOL OFLC LCA disclosure data; https://www.dol.gov/agencies/eta/foreign-labor/performance
2020Q1,hexaware,-10.397657973672292,total_ttm,DOL OFLC LCA disclosure data; https://www.dol.gov/agencies/eta/foreign-labor/performance
2020Q1,infosys,-65.16030991773735,total_ttm,DOL OFLC LCA disclosure data; https://www.dol.gov/agencies/eta/foreign-labor/performance
2020Q1,ltim,-50.0303166662985,total_ttm,DOL OFLC LCA disclosure data; https://www.dol.gov/agencies/eta/foreign-labor/performance
2020Q1,mphasis,-227.1224668805873,total_ttm,DOL OFLC LCA disclosure data; https://www.dol.gov/agencies/eta/foreign-labor/performance
2020Q1,persistent,-39.91158804295057,total_ttm,DOL OFLC LCA disclosure data; https://www.dol.gov/agencies/eta/foreign-labor/performance
2020Q1,tcs,-69.25947452268643,total_ttm,DOL OFLC LCA disclosure data; https://www.dol.gov/agencies/eta/foreign-labor/performance
2020Q1,techm,-47.732966933780844,total_ttm,DOL OFLC LCA disclosure data; https://www.dol.gov/agencies/eta/foreign-labor/performance
2020Q1,wipro,-121.23111492430898,total_ttm,DOL OFLC LCA disclosure data; https://www.dol.gov/agencies/eta/foreign-labor/performance
2020Q1,pooled8,-59.65335008787621,total_ttm,DOL OFLC LCA disclosure data; https://www.dol.gov/agencies/eta/foreign-labor/performance
2020Q1,pooled_mid,-100.464436188512,total_ttm,DOL OFLC LCA disclosure data; https://www.dol.gov/agencies/eta/foreign-labor/performance
2020Q2,accenture,-27.81573351560428,total_ttm,DOL OFLC LCA disclosure data; https://www.dol.gov/agencies/eta/foreign-labor/performance
2020Q2,capgemini,-60.85971295492134,total_ttm,DOL OFLC LCA disclosure data; https://www.dol.gov/agencies/eta/foreign-labor/performance
2020Q2,coforge,-5.612695423328633,total_ttm,DOL OFLC LCA disclosure data; https://www.dol.gov/agencies/eta/foreign-labor/performance
2020Q2,cognizant,-7.560367059137388,total_ttm,DOL OFLC LCA disclosure data; https://www.dol.gov/agencies/eta/foreign-labor/performance
2020Q2,hcltech,-148.94256017802394,total_ttm,DOL OFLC LCA disclosure data; https://www.dol.gov/agencies/eta/foreign-labor/performance
2020Q2,hexaware,8.950183820857793,total_ttm,DOL OFLC LCA disclosure data; https://www.dol.gov/agencies/eta/foreign-labor/performance
2020Q2,infosys,8.601489525393328,total_ttm,DOL OFLC LCA disclosure data; https://www.dol.gov/agencies/eta/foreign-labor/performance
2020Q2,ltim,-33.78364385741467,total_ttm,DOL OFLC LCA disclosure data; https://www.dol.gov/agencies/eta/foreign-labor/performance
2020Q2,mphasis,-181.41617758543623,total_ttm,DOL OFLC LCA disclosure data; https://www.dol.gov/agencies/eta/foreign-labor/performance
2020Q2,persistent,-5.15336501151829,total_ttm,DOL OFLC LCA disclosure data; https://www.dol.gov/agencies/eta/foreign-labor/performance
2020Q2,tcs,-33.84351927578593,total_ttm,DOL OFLC LCA disclosure data; https://www.dol.gov/agencies/eta/foreign-labor/performance
2020Q2,techm,-31.833299462578307,total_ttm,DOL OFLC LCA disclosure data; https://www.dol.gov/agencies/eta/foreign-labor/performance
2020Q2,wipro,-84.59836531236505,total_ttm,DOL OFLC LCA disclosure data; https://www.dol.gov/agencies/eta/foreign-labor/performance
2020Q2,pooled8,-31.8879091781705,total_ttm,DOL OFLC LCA disclosure data; https://www.dol.gov/agencies/eta/foreign-labor/performance
2020Q2,pooled_mid,-70.94349434910454,total_ttm,DOL OFLC LCA disclosure data; https://www.dol.gov/agencies/eta/foreign-labor/performance
2020Q3,accenture,-14.175053479352604,total_ttm,DOL OFLC LCA disclosure data; https://www.dol.gov/agencies/eta/foreign-labor/performance
2020Q3,capgemini,-46.48645320955396,total_ttm,DOL OFLC LCA disclosure data; https://www.dol.gov/agencies/eta/foreign-labor/performance
2020Q3,coforge,-40.89539908446959,total_ttm,DOL OFLC LCA disclosure data; https://www.dol.gov/agencies/eta/foreign-labor/performance
2020Q3,cognizant,2.113145000883991,total_ttm,DOL OFLC LCA disclosure data; https://www.dol.gov/agencies/eta/foreign-labor/performance
2020Q3,hcltech,-76.90476040574978,total_ttm,DOL OFLC LCA disclosure data; https://www.dol.gov/agencies/eta/foreign-labor/performance
2020Q3,hexaware,3.107218458937625,total_ttm,DOL OFLC LCA disclosure data; https://www.dol.gov/agencies/eta/foreign-labor/performance
2020Q3,infosys,17.99205952564164,total_ttm,DOL OFLC LCA disclosure data; https://www.dol.gov/agencies/eta/foreign-labor/performance
2020Q3,ltim,-40.69534250966904,total_ttm,DOL OFLC LCA disclosure data; https://www.dol.gov/agencies/eta/foreign-labor/performance
2020Q3,mphasis,-122.77911172937903,total_ttm,DOL OFLC LCA disclosure data; https://www.dol.gov/agencies/eta/foreign-labor/performance
2020Q3,persistent,-8.872811560868431,total_ttm,DOL OFLC LCA disclosure data; https://www.dol.gov/agencies/eta/foreign-labor/performance
2020Q3,tcs,-21.3736944646363,total_ttm,DOL OFLC LCA disclosure data; https://www.dol.gov/agencies/eta/foreign-labor/performance
2020Q3,techm,-39.05885991480405,total_ttm,DOL OFLC LCA disclosure data; https://www.dol.gov/agencies/eta/foreign-labor/performance
2020Q3,wipro,-56.01319579653461,total_ttm,DOL OFLC LCA disclosure data; https://www.dol.gov/agencies/eta/foreign-labor/performance
2020Q3,pooled8,-12.790941092280987,total_ttm,DOL OFLC LCA disclosure data; https://www.dol.gov/agencies/eta/foreign-labor/performance
2020Q3,pooled_mid,-53.6393818584488,total_ttm,DOL OFLC LCA disclosure data; https://www.dol.gov/agencies/eta/foreign-labor/performance
2020Q4,accenture,-22.15025871309091,total_ttm,DOL OFLC LCA disclosure data; https://www.dol.gov/agencies/eta/foreign-labor/performance
2020Q4,capgemini,-52.06513081087101,total_ttm,DOL OFLC LCA disclosure data; https://www.dol.gov/agencies/eta/foreign-labor/performance
2020Q4,coforge,-42.58617360158102,total_ttm,DOL OFLC LCA disclosure data; https://www.dol.gov/agencies/eta/foreign-labor/performance
2020Q4,cognizant,-42.287893468508955,total_ttm,DOL OFLC LCA disclosure data; https://www.dol.gov/agencies/eta/foreign-labor/performance
2020Q4,hcltech,-15.811995520507981,total_ttm,DOL OFLC LCA disclosure data; https://www.dol.gov/agencies/eta/foreign-labor/performance
2020Q4,hexaware,-12.590100375883098,total_ttm,DOL OFLC LCA disclosure data; https://www.dol.gov/agencies/eta/foreign-labor/performance
2020Q4,infosys,20.810930924407153,total_ttm,DOL OFLC LCA disclosure data; https://www.dol.gov/agencies/eta/foreign-labor/performance
2020Q4,ltim,-52.76293256091631,total_ttm,DOL OFLC LCA disclosure data; https://www.dol.gov/agencies/eta/foreign-labor/performance
2020Q4,mphasis,-61.930626676006064,total_ttm,DOL OFLC LCA disclosure data; https://www.dol.gov/agencies/eta/foreign-labor/performance
2020Q4,persistent,-18.322694390876716,total_ttm,DOL OFLC LCA disclosure data; https://www.dol.gov/agencies/eta/foreign-labor/performance
2020Q4,tcs,-33.42387698903717,total_ttm,DOL OFLC LCA disclosure data; https://www.dol.gov/agencies/eta/foreign-labor/performance
2020Q4,techm,-46.781251455292065,total_ttm,DOL OFLC LCA disclosure data; https://www.dol.gov/agencies/eta/foreign-labor/performance
2020Q4,wipro,-46.99538007388365,total_ttm,DOL OFLC LCA disclosure data; https://www.dol.gov/agencies/eta/foreign-labor/performance
2020Q4,pooled8,-22.794610979257758,total_ttm,DOL OFLC LCA disclosure data; https://www.dol.gov/agencies/eta/foreign-labor/performance
2020Q4,pooled_mid,-47.464189379130225,total_ttm,DOL OFLC LCA disclosure data; https://www.dol.gov/agencies/eta/foreign-labor/performance
2021Q1,accenture,25.580779100654354,total_ttm,DOL OFLC LCA disclosure data; https://www.dol.gov/agencies/eta/foreign-labor/performance
2021Q1,capgemini,-16.233905720661635,total_ttm,DOL OFLC LCA disclosure data; https://www.dol.gov/agencies/eta/foreign-labor/performance
2021Q1,coforge,-48.33951132874875,total_ttm,DOL OFLC LCA disclosure data; https://www.dol.gov/agencies/eta/foreign-labor/performance
2021Q1,cognizant,-50.42290431788189,total_ttm,DOL OFLC LCA disclosure data; https://www.dol.gov/agencies/eta/foreign-labor/performance
2021Q1,hcltech,16.633014126947028,total_ttm,DOL OFLC LCA disclosure data; https://www.dol.gov/agencies/eta/foreign-labor/performance
2021Q1,hexaware,0.9528923345878326,total_ttm,DOL OFLC LCA disclosure data; https://www.dol.gov/agencies/eta/foreign-labor/performance
2021Q1,infosys,155.6923416508219,total_ttm,DOL OFLC LCA disclosure data; https://www.dol.gov/agencies/eta/foreign-labor/performance
2021Q1,ltim,-10.674603718186157,total_ttm,DOL OFLC LCA disclosure data; https://www.dol.gov/agencies/eta/foreign-labor/performance
2021Q1,mphasis,54.02901619739073,total_ttm,DOL OFLC LCA disclosure data; https://www.dol.gov/agencies/eta/foreign-labor/performance
2021Q1,persistent,8.780220344444768,total_ttm,DOL OFLC LCA disclosure data; https://www.dol.gov/agencies/eta/foreign-labor/performance
2021Q1,tcs,48.50923373145052,total_ttm,DOL OFLC LCA disclosure data; https://www.dol.gov/agencies/eta/foreign-labor/performance
2021Q1,techm,-11.276717315524072,total_ttm,DOL OFLC LCA disclosure data; https://www.dol.gov/agencies/eta/foreign-labor/performance
2021Q1,wipro,95.77173282748483,total_ttm,DOL OFLC LCA disclosure data; https://www.dol.gov/agencies/eta/foreign-labor/performance
2021Q1,pooled8,50.2841767719273,total_ttm,DOL OFLC LCA disclosure data; https://www.dol.gov/agencies/eta/foreign-labor/performance
2021Q1,pooled_mid,-7.475809678383688,total_ttm,DOL OFLC LCA disclosure data; https://www.dol.gov/agencies/eta/foreign-labor/performance
2021Q2,accenture,-22.153511561761448,total_ttm,DOL OFLC LCA disclosure data; https://www.dol.gov/agencies/eta/foreign-labor/performance
2021Q2,capgemini,-46.95048346556284,total_ttm,DOL OFLC LCA disclosure data; https://www.dol.gov/agencies/eta/foreign-labor/performance
2021Q2,coforge,-144.57598611631693,total_ttm,DOL OFLC LCA disclosure data; https://www.dol.gov/agencies/eta/foreign-labor/performance
2021Q2,cognizant,-38.1560492210283,total_ttm,DOL OFLC LCA disclosure data; https://www.dol.gov/agencies/eta/foreign-labor/performance
2021Q2,hcltech,-6.983257260271109,total_ttm,DOL OFLC LCA disclosure data; https://www.dol.gov/agencies/eta/foreign-labor/performance
2021Q2,hexaware,-36.821524067759846,total_ttm,DOL OFLC LCA disclosure data; https://www.dol.gov/agencies/eta/foreign-labor/performance
2021Q2,infosys,117.74342803830878,total_ttm,DOL OFLC LCA disclosure data; https://www.dol.gov/agencies/eta/foreign-labor/performance
2021Q2,ltim,-28.899453162583562,total_ttm,DOL OFLC LCA disclosure data; https://www.dol.gov/agencies/eta/foreign-labor/performance
2021Q2,mphasis,47.540029641789,total_ttm,DOL OFLC LCA disclosure data; https://www.dol.gov/agencies/eta/foreign-labor/performance
2021Q2,persistent,-38.523836261802565,total_ttm,DOL OFLC LCA disclosure data; https://www.dol.gov/agencies/eta/foreign-labor/performance
2021Q2,tcs,16.890389800720186,total_ttm,DOL OFLC LCA disclosure data; https://www.dol.gov/agencies/eta/foreign-labor/performance
2021Q2,techm,-45.13213334764007,total_ttm,DOL OFLC LCA disclosure data; https://www.dol.gov/agencies/eta/foreign-labor/performance
2021Q2,wipro,80.35599597155394,total_ttm,DOL OFLC LCA disclosure data; https://www.dol.gov/agencies/eta/foreign-labor/performance
2021Q2,pooled8,47.58484679529706,total_ttm,DOL OFLC LCA disclosure data; https://www.dol.gov/agencies/eta/foreign-labor/performance
2021Q2,pooled_mid,-40.02241040665624,total_ttm,DOL OFLC LCA disclosure data; https://www.dol.gov/agencies/eta/foreign-labor/performance
2021Q3,accenture,-48.910866858767854,total_ttm,DOL OFLC LCA disclosure data; https://www.dol.gov/agencies/eta/foreign-labor/performance
2021Q3,capgemini,-60.384134749679205,total_ttm,DOL OFLC LCA disclosure data; https://www.dol.gov/agencies/eta/foreign-labor/performance
2021Q3,coforge,-125.73606777439974,total_ttm,DOL OFLC LCA disclosure data; https://www.dol.gov/agencies/eta/foreign-labor/performance
2021Q3,cognizant,-84.35229584027111,total_ttm,DOL OFLC LCA disclosure data; https://www.dol.gov/agencies/eta/foreign-labor/performance
2021Q3,hcltech,120.63065276721561,total_ttm,DOL OFLC LCA disclosure data; https://www.dol.gov/agencies/eta/foreign-labor/performance
2021Q3,hexaware,-58.86611730470514,total_ttm,DOL OFLC LCA disclosure data; https://www.dol.gov/agencies/eta/foreign-labor/performance
2021Q3,infosys,128.49515597406668,total_ttm,DOL OFLC LCA disclosure data; https://www.dol.gov/agencies/eta/foreign-labor/performance
2021Q3,ltim,-21.5945805699453,total_ttm,DOL OFLC LCA disclosure data; https://www.dol.gov/agencies/eta/foreign-labor/performance
2021Q3,mphasis,48.42542115057069,total_ttm,DOL OFLC LCA disclosure data; https://www.dol.gov/agencies/eta/foreign-labor/performance
2021Q3,persistent,-37.00183591124168,total_ttm,DOL OFLC LCA disclosure data; https://www.dol.gov/agencies/eta/foreign-labor/performance
2021Q3,tcs,-0.18836831564653106,total_ttm,DOL OFLC LCA disclosure data; https://www.dol.gov/agencies/eta/foreign-labor/performance
2021Q3,techm,-33.65448608995411,total_ttm,DOL OFLC LCA disclosure data; https://www.dol.gov/agencies/eta/foreign-labor/performance
2021Q3,wipro,61.17308582387837,total_ttm,DOL OFLC LCA disclosure data; https://www.dol.gov/agencies/eta/foreign-labor/performance
2021Q3,pooled8,52.391155381348995,total_ttm,DOL OFLC LCA disclosure data; https://www.dol.gov/agencies/eta/foreign-labor/performance
2021Q3,pooled_mid,-44.03578982680277,total_ttm,DOL OFLC LCA disclosure data; https://www.dol.gov/agencies/eta/foreign-labor/performance
2021Q4,accenture,-49.92372375892269,total_ttm,DOL OFLC LCA disclosure data; https://www.dol.gov/agencies/eta/foreign-labor/performance
2021Q4,capgemini,-30.861830820767672,total_ttm,DOL OFLC LCA disclosure data; https://www.dol.gov/agencies/eta/foreign-labor/performance
2021Q4,coforge,-112.36504154871028,total_ttm,DOL OFLC LCA disclosure data; https://www.dol.gov/agencies/eta/foreign-labor/performance
2021Q4,cognizant,-52.66562778898414,total_ttm,DOL OFLC LCA disclosure data; https://www.dol.gov/agencies/eta/foreign-labor/performance
2021Q4,hcltech,114.13901599636431,total_ttm,DOL OFLC LCA disclosure data; https://www.dol.gov/agencies/eta/foreign-labor/performance
2021Q4,hexaware,-43.286408229627874,total_ttm,DOL OFLC LCA disclosure data; https://www.dol.gov/agencies/eta/foreign-labor/performance
2021Q4,infosys,141.21588682898462,total_ttm,DOL OFLC LCA disclosure data; https://www.dol.gov/agencies/eta/foreign-labor/performance
2021Q4,ltim,-1.0302288922535474,total_ttm,DOL OFLC LCA disclosure data; https://www.dol.gov/agencies/eta/foreign-labor/performance
2021Q4,mphasis,27.14044749314632,total_ttm,DOL OFLC LCA disclosure data; https://www.dol.gov/agencies/eta/foreign-labor/performance
2021Q4,persistent,-42.74440148269396,total_ttm,DOL OFLC LCA disclosure data; https://www.dol.gov/agencies/eta/foreign-labor/performance
2021Q4,tcs,22.97176023650221,total_ttm,DOL OFLC LCA disclosure data; https://www.dol.gov/agencies/eta/foreign-labor/performance
2021Q4,techm,-33.631660670882965,total_ttm,DOL OFLC LCA disclosure data; https://www.dol.gov/agencies/eta/foreign-labor/performance
2021Q4,wipro,63.54414940785688,total_ttm,DOL OFLC LCA disclosure data; https://www.dol.gov/agencies/eta/foreign-labor/performance
2021Q4,pooled8,73.11515073002037,total_ttm,DOL OFLC LCA disclosure data; https://www.dol.gov/agencies/eta/foreign-labor/performance
2021Q4,pooled_mid,-28.700152010357733,total_ttm,DOL OFLC LCA disclosure data; https://www.dol.gov/agencies/eta/foreign-labor/performance
2022Q1,accenture,-49.81988226174958,total_ttm,DOL OFLC LCA disclosure data; https://www.dol.gov/agencies/eta/foreign-labor/performance
2022Q1,capgemini,-13.920004990659084,total_ttm,DOL OFLC LCA disclosure data; https://www.dol.gov/agencies/eta/foreign-labor/performance
2022Q1,coforge,-84.06971763558515,total_ttm,DOL OFLC LCA disclosure data; https://www.dol.gov/agencies/eta/foreign-labor/performance
2022Q1,cognizant,-25.247073953124254,total_ttm,DOL OFLC LCA disclosure data; https://www.dol.gov/agencies/eta/foreign-labor/performance
2022Q1,hcltech,120.12512034718685,total_ttm,DOL OFLC LCA disclosure data; https://www.dol.gov/agencies/eta/foreign-labor/performance
2022Q1,hexaware,-32.453117088404255,total_ttm,DOL OFLC LCA disclosure data; https://www.dol.gov/agencies/eta/foreign-labor/performance
2022Q1,infosys,66.50067329514962,total_ttm,DOL OFLC LCA disclosure data; https://www.dol.gov/agencies/eta/foreign-labor/performance
2022Q1,ltim,0.7940659711210114,total_ttm,DOL OFLC LCA disclosure data; https://www.dol.gov/agencies/eta/foreign-labor/performance
2022Q1,mphasis,-6.786228911666536,total_ttm,DOL OFLC LCA disclosure data; https://www.dol.gov/agencies/eta/foreign-labor/performance
2022Q1,persistent,-40.982241347712005,total_ttm,DOL OFLC LCA disclosure data; https://www.dol.gov/agencies/eta/foreign-labor/performance
2022Q1,tcs,3.7519228670572655,total_ttm,DOL OFLC LCA disclosure data; https://www.dol.gov/agencies/eta/foreign-labor/performance
2022Q1,techm,-31.495518527602133,total_ttm,DOL OFLC LCA disclosure data; https://www.dol.gov/agencies/eta/foreign-labor/performance
2022Q1,wipro,-7.4602458639592655,total_ttm,DOL OFLC LCA disclosure data; https://www.dol.gov/agencies/eta/foreign-labor/performance
2022Q1,pooled8,39.28682564548612,total_ttm,DOL OFLC LCA disclosure data; https://www.dol.gov/agencies/eta/foreign-labor/performance
2022Q1,pooled_mid,-21.741120907839218,total_ttm,DOL OFLC LCA disclosure data; https://www.dol.gov/agencies/eta/foreign-labor/performance
2022Q2,accenture,-23.549631928121077,total_ttm,DOL OFLC LCA disclosure data; https://www.dol.gov/agencies/eta/foreign-labor/performance
2022Q2,capgemini,16.555951499496928,total_ttm,DOL OFLC LCA disclosure data; https://www.dol.gov/agencies/eta/foreign-labor/performance
2022Q2,coforge,-24.415040449350435,total_ttm,DOL OFLC LCA disclosure data; https://www.dol.gov/agencies/eta/foreign-labor/performance
2022Q2,cognizant,-25.53140481076987,total_ttm,DOL OFLC LCA disclosure data; https://www.dol.gov/agencies/eta/foreign-labor/performance
2022Q2,hcltech,128.86882007941577,total_ttm,DOL OFLC LCA disclosure data; https://www.dol.gov/agencies/eta/foreign-labor/performance
2022Q2,hexaware,-12.049717478561565,total_ttm,DOL OFLC LCA disclosure data; https://www.dol.gov/agencies/eta/foreign-labor/performance
2022Q2,infosys,42.01144395229377,total_ttm,DOL OFLC LCA disclosure data; https://www.dol.gov/agencies/eta/foreign-labor/performance
2022Q2,ltim,19.22780796167573,total_ttm,DOL OFLC LCA disclosure data; https://www.dol.gov/agencies/eta/foreign-labor/performance
2022Q2,mphasis,-11.2080809760489,total_ttm,DOL OFLC LCA disclosure data; https://www.dol.gov/agencies/eta/foreign-labor/performance
2022Q2,persistent,2.787636952825487,total_ttm,DOL OFLC LCA disclosure data; https://www.dol.gov/agencies/eta/foreign-labor/performance
2022Q2,tcs,-6.769588202124528,total_ttm,DOL OFLC LCA disclosure data; https://www.dol.gov/agencies/eta/foreign-labor/performance
2022Q2,techm,-10.895868563588479,total_ttm,DOL OFLC LCA disclosure data; https://www.dol.gov/agencies/eta/foreign-labor/performance
2022Q2,wipro,-17.776531663707036,total_ttm,DOL OFLC LCA disclosure data; https://www.dol.gov/agencies/eta/foreign-labor/performance
2022Q2,pooled8,27.835382653899643,total_ttm,DOL OFLC LCA disclosure data; https://www.dol.gov/agencies/eta/foreign-labor/performance
2022Q2,pooled_mid,4.114678075217411,total_ttm,DOL OFLC LCA disclosure data; https://www.dol.gov/agencies/eta/foreign-labor/performance
2022Q3,accenture,-20.677317144212033,total_ttm,DOL OFLC LCA disclosure data; https://www.dol.gov/agencies/eta/foreign-labor/performance
2022Q3,capgemini,30.641310915784416,total_ttm,DOL OFLC LCA disclosure data; https://www.dol.gov/agencies/eta/foreign-labor/performance
2022Q3,coforge,-28.00309257162612,total_ttm,DOL OFLC LCA disclosure data; https://www.dol.gov/agencies/eta/foreign-labor/performance
2022Q3,cognizant,7.511486404343037,total_ttm,DOL OFLC LCA disclosure data; https://www.dol.gov/agencies/eta/foreign-labor/performance
2022Q3,hcltech,-126.72378553965444,total_ttm,DOL OFLC LCA disclosure data; https://www.dol.gov/agencies/eta/foreign-labor/performance
2022Q3,hexaware,1.7174504889910216,total_ttm,DOL OFLC LCA disclosure data; https://www.dol.gov/agencies/eta/foreign-labor/performance
2022Q3,infosys,12.139855311021812,total_ttm,DOL OFLC LCA disclosure data; https://www.dol.gov/agencies/eta/foreign-labor/performance
2022Q3,ltim,9.278641300668912,total_ttm,DOL OFLC LCA disclosure data; https://www.dol.gov/agencies/eta/foreign-labor/performance
2022Q3,mphasis,-20.59810855374365,total_ttm,DOL OFLC LCA disclosure data; https://www.dol.gov/agencies/eta/foreign-labor/performance
2022Q3,persistent,8.918562850621072,total_ttm,DOL OFLC LCA disclosure data; https://www.dol.gov/agencies/eta/foreign-labor/performance
2022Q3,tcs,-6.96159402046423,total_ttm,DOL OFLC LCA disclosure data; https://www.dol.gov/agencies/eta/foreign-labor/performance
2022Q3,techm,-27.104443129875765,total_ttm,DOL OFLC LCA disclosure data; https://www.dol.gov/agencies/eta/foreign-labor/performance
2022Q3,wipro,-32.17578340404469,total_ttm,DOL OFLC LCA disclosure data; https://www.dol.gov/agencies/eta/foreign-labor/performance
2022Q3,pooled8,-1.7511844928308138,total_ttm,DOL OFLC LCA disclosure data; https://www.dol.gov/agencies/eta/foreign-labor/performance
2022Q3,pooled_mid,10.315726497310886,total_ttm,DOL OFLC LCA disclosure data; https://www.dol.gov/agencies/eta/foreign-labor/performance
2022Q4,accenture,-14.318565768593002,total_ttm,DOL OFLC LCA disclosure data; https://www.dol.gov/agencies/eta/foreign-labor/performance
2022Q4,capgemini,6.4052998898649225,total_ttm,DOL OFLC LCA disclosure data; https://www.dol.gov/agencies/eta/foreign-labor/performance
2022Q4,coforge,-30.346594015304284,total_ttm,DOL OFLC LCA disclosure data; https://www.dol.gov/agencies/eta/foreign-labor/performance
2022Q4,cognizant,4.268547791515949,total_ttm,DOL OFLC LCA disclosure data; https://www.dol.gov/agencies/eta/foreign-labor/performance
2022Q4,hcltech,-125.21536603996009,total_ttm,DOL OFLC LCA disclosure data; https://www.dol.gov/agencies/eta/foreign-labor/performance
2022Q4,hexaware,-12.67517056391439,total_ttm,DOL OFLC LCA disclosure data; https://www.dol.gov/agencies/eta/foreign-labor/performance
2022Q4,infosys,-14.409144356149655,total_ttm,DOL OFLC LCA disclosure data; https://www.dol.gov/agencies/eta/foreign-labor/performance
2022Q4,ltim,-2.9779744838794917,total_ttm,DOL OFLC LCA disclosure data; https://www.dol.gov/agencies/eta/foreign-labor/performance
2022Q4,mphasis,-22.195315371315367,total_ttm,DOL OFLC LCA disclosure data; https://www.dol.gov/agencies/eta/foreign-labor/performance
2022Q4,persistent,30.318625898774627,total_ttm,DOL OFLC LCA disclosure data; https://www.dol.gov/agencies/eta/foreign-labor/performance
2022Q4,tcs,-23.698526711969624,total_ttm,DOL OFLC LCA disclosure data; https://www.dol.gov/agencies/eta/foreign-labor/performance
2022Q4,techm,-26.187418849590827,total_ttm,DOL OFLC LCA disclosure data; https://www.dol.gov/agencies/eta/foreign-labor/performance
2022Q4,wipro,-43.373251483023274,total_ttm,DOL OFLC LCA disclosure data; https://www.dol.gov/agencies/eta/foreign-labor/performance
2022Q4,pooled8,-21.204995448086393,total_ttm,DOL OFLC LCA disclosure data; https://www.dol.gov/agencies/eta/foreign-labor/performance
2022Q4,pooled_mid,-3.5127126811542437,total_ttm,DOL OFLC LCA disclosure data; https://www.dol.gov/agencies/eta/foreign-labor/performance
2023Q1,accenture,-11.425119998377438,total_ttm,DOL OFLC LCA disclosure data; https://www.dol.gov/agencies/eta/foreign-labor/performance
2023Q1,capgemini,-1.6150390112571533,total_ttm,DOL OFLC LCA disclosure data; https://www.dol.gov/agencies/eta/foreign-labor/performance
2023Q1,coforge,-40.21810329069744,total_ttm,DOL OFLC LCA disclosure data; https://www.dol.gov/agencies/eta/foreign-labor/performance
2023Q1,cognizant,1.6407018593883556,total_ttm,DOL OFLC LCA disclosure data; https://www.dol.gov/agencies/eta/foreign-labor/performance
2023Q1,hcltech,-128.70704822276812,total_ttm,DOL OFLC LCA disclosure data; https://www.dol.gov/agencies/eta/foreign-labor/performance
2023Q1,hexaware,-22.277918621635457,total_ttm,DOL OFLC LCA disclosure data; https://www.dol.gov/agencies/eta/foreign-labor/performance
2023Q1,infosys,-25.05923133047509,total_ttm,DOL OFLC LCA disclosure data; https://www.dol.gov/agencies/eta/foreign-labor/performance
2023Q1,ltim,-7.458422563540533,total_ttm,DOL OFLC LCA disclosure data; https://www.dol.gov/agencies/eta/foreign-labor/performance
2023Q1,mphasis,-15.273924698885061,total_ttm,DOL OFLC LCA disclosure data; https://www.dol.gov/agencies/eta/foreign-labor/performance
2023Q1,persistent,46.06808307106112,total_ttm,DOL OFLC LCA disclosure data; https://www.dol.gov/agencies/eta/foreign-labor/performance
2023Q1,tcs,-26.122961986769738,total_ttm,DOL OFLC LCA disclosure data; https://www.dol.gov/agencies/eta/foreign-labor/performance
2023Q1,techm,-22.635008372203007,total_ttm,DOL OFLC LCA disclosure data; https://www.dol.gov/agencies/eta/foreign-labor/performance
2023Q1,wipro,1.0333212053531629,total_ttm,DOL OFLC LCA disclosure data; https://www.dol.gov/agencies/eta/foreign-labor/performance
2023Q1,pooled8,-25.70415881294606,total_ttm,DOL OFLC LCA disclosure data; https://www.dol.gov/agencies/eta/foreign-labor/performance
2023Q1,pooled_mid,-6.751213374700941,total_ttm,DOL OFLC LCA disclosure data; https://www.dol.gov/agencies/eta/foreign-labor/performance
2023Q2,accenture,-20.946632600675613,total_ttm,DOL OFLC LCA disclosure data; https://www.dol.gov/agencies/eta/foreign-labor/performance
2023Q2,capgemini,-29.061628062851973,total_ttm,DOL OFLC LCA disclosure data; https://www.dol.gov/agencies/eta/foreign-labor/performance
2023Q2,coforge,-6.342182643749607,total_ttm,DOL OFLC LCA disclosure data; https://www.dol.gov/agencies/eta/foreign-labor/performance
2023Q2,cognizant,-8.53075020720406,total_ttm,DOL OFLC LCA disclosure data; https://www.dol.gov/agencies/eta/foreign-labor/performance
2023Q2,hcltech,-136.56694034238504,total_ttm,DOL OFLC LCA disclosure data; https://www.dol.gov/agencies/eta/foreign-labor/performance
2023Q2,hexaware,-37.849399133337215,total_ttm,DOL OFLC LCA disclosure data; https://www.dol.gov/agencies/eta/foreign-labor/performance
2023Q2,infosys,-103.00104821208522,total_ttm,DOL OFLC LCA disclosure data; https://www.dol.gov/agencies/eta/foreign-labor/performance
2023Q2,ltim,-30.370238803146187,total_ttm,DOL OFLC LCA disclosure data; https://www.dol.gov/agencies/eta/foreign-labor/performance
2023Q2,mphasis,-18.461195620400275,total_ttm,DOL OFLC LCA disclosure data; https://www.dol.gov/agencies/eta/foreign-labor/performance
2023Q2,persistent,23.475967099743837,total_ttm,DOL OFLC LCA disclosure data; https://www.dol.gov/agencies/eta/foreign-labor/performance
2023Q2,tcs,-32.430748433602076,total_ttm,DOL OFLC LCA disclosure data; https://www.dol.gov/agencies/eta/foreign-labor/performance
2023Q2,techm,-35.33581913127385,total_ttm,DOL OFLC LCA disclosure data; https://www.dol.gov/agencies/eta/foreign-labor/performance
2023Q2,wipro,-16.822708552762435,total_ttm,DOL OFLC LCA disclosure data; https://www.dol.gov/agencies/eta/foreign-labor/performance
2023Q2,pooled8,-76.04134945846076,total_ttm,DOL OFLC LCA disclosure data; https://www.dol.gov/agencies/eta/foreign-labor/performance
2023Q2,pooled_mid,-23.575295050431283,total_ttm,DOL OFLC LCA disclosure data; https://www.dol.gov/agencies/eta/foreign-labor/performance
2023Q3,accenture,11.9499774275438,total_ttm,DOL OFLC LCA disclosure data; https://www.dol.gov/agencies/eta/foreign-labor/performance
2023Q3,capgemini,-26.048744718086386,total_ttm,DOL OFLC LCA disclosure data; https://www.dol.gov/agencies/eta/foreign-labor/performance
2023Q3,coforge,21.33395512175889,total_ttm,DOL OFLC LCA disclosure data; https://www.dol.gov/agencies/eta/foreign-labor/performance
2023Q3,cognizant,-4.38169645345202,total_ttm,DOL OFLC LCA disclosure data; https://www.dol.gov/agencies/eta/foreign-labor/performance
2023Q3,hcltech,-4.780976585065643,total_ttm,DOL OFLC LCA disclosure data; https://www.dol.gov/agencies/eta/foreign-labor/performance
2023Q3,hexaware,-23.442991357889735,total_ttm,DOL OFLC LCA disclosure data; https://www.dol.gov/agencies/eta/foreign-labor/performance
2023Q3,infosys,-96.75350250611665,total_ttm,DOL OFLC LCA disclosure data; https://www.dol.gov/agencies/eta/foreign-labor/performance
2023Q3,ltim,-10.468688814835213,total_ttm,DOL OFLC LCA disclosure data; https://www.dol.gov/agencies/eta/foreign-labor/performance
2023Q3,mphasis,-25.25482347298346,total_ttm,DOL OFLC LCA disclosure data; https://www.dol.gov/agencies/eta/foreign-labor/performance
2023Q3,persistent,44.66965750971176,total_ttm,DOL OFLC LCA disclosure data; https://www.dol.gov/agencies/eta/foreign-labor/performance
2023Q3,tcs,-33.29074701888312,total_ttm,DOL OFLC LCA disclosure data; https://www.dol.gov/agencies/eta/foreign-labor/performance
2023Q3,techm,-7.976496846886255,total_ttm,DOL OFLC LCA disclosure data; https://www.dol.gov/agencies/eta/foreign-labor/performance
2023Q3,wipro,13.467490332660168,total_ttm,DOL OFLC LCA disclosure data; https://www.dol.gov/agencies/eta/foreign-labor/performance
2023Q3,pooled8,-59.39555285002336,total_ttm,DOL OFLC LCA disclosure data; https://www.dol.gov/agencies/eta/foreign-labor/performance
2023Q3,pooled_mid,-18.99602521897546,total_ttm,DOL OFLC LCA disclosure data; https://www.dol.gov/agencies/eta/foreign-labor/performance
2023Q4,accenture,2.139792151755507,total_ttm,DOL OFLC LCA disclosure data; https://www.dol.gov/agencies/eta/foreign-labor/performance
2023Q4,capgemini,-14.315881297491174,total_ttm,DOL OFLC LCA disclosure data; https://www.dol.gov/agencies/eta/foreign-labor/performance
2023Q4,coforge,19.486877284604322,total_ttm,DOL OFLC LCA disclosure data; https://www.dol.gov/agencies/eta/foreign-labor/performance
2023Q4,cognizant,-11.61977864820528,total_ttm,DOL OFLC LCA disclosure data; https://www.dol.gov/agencies/eta/foreign-labor/performance
2023Q4,hcltech,-5.862011099741479,total_ttm,DOL OFLC LCA disclosure data; https://www.dol.gov/agencies/eta/foreign-labor/performance
2023Q4,hexaware,-11.44103511777442,total_ttm,DOL OFLC LCA disclosure data; https://www.dol.gov/agencies/eta/foreign-labor/performance
2023Q4,infosys,-101.73610511078009,total_ttm,DOL OFLC LCA disclosure data; https://www.dol.gov/agencies/eta/foreign-labor/performance
2023Q4,ltim,-4.845238338594674,total_ttm,DOL OFLC LCA disclosure data; https://www.dol.gov/agencies/eta/foreign-labor/performance
2023Q4,mphasis,-17.42904425989019,total_ttm,DOL OFLC LCA disclosure data; https://www.dol.gov/agencies/eta/foreign-labor/performance
2023Q4,persistent,39.41189317208629,total_ttm,DOL OFLC LCA disclosure data; https://www.dol.gov/agencies/eta/foreign-labor/performance
2023Q4,tcs,-34.27490349147123,total_ttm,DOL OFLC LCA disclosure data; https://www.dol.gov/agencies/eta/foreign-labor/performance
2023Q4,techm,-2.1460051019769226,total_ttm,DOL OFLC LCA disclosure data; https://www.dol.gov/agencies/eta/foreign-labor/performance
2023Q4,wipro,15.965863075111777,total_ttm,DOL OFLC LCA disclosure data; https://www.dol.gov/agencies/eta/foreign-labor/performance
2023Q4,pooled8,-61.0156633452867,total_ttm,DOL OFLC LCA disclosure data; https://www.dol.gov/agencies/eta/foreign-labor/performance
2023Q4,pooled_mid,-9.468732086173413,total_ttm,DOL OFLC LCA disclosure data; https://www.dol.gov/agencies/eta/foreign-labor/performance
2024Q1,accenture,4.7590011278663775,total_ttm,DOL OFLC LCA disclosure data; https://www.dol.gov/agencies/eta/foreign-labor/performance
2024Q1,capgemini,-17.739672890119827,total_ttm,DOL OFLC LCA disclosure data; https://www.dol.gov/agencies/eta/foreign-labor/performance
2024Q1,coforge,27.614031201160948,total_ttm,DOL OFLC LCA disclosure data; https://www.dol.gov/agencies/eta/foreign-labor/performance
2024Q1,cognizant,-24.573611845580505,total_ttm,DOL OFLC LCA disclosure data; https://www.dol.gov/agencies/eta/foreign-labor/performance
2024Q1,hcltech,-10.999495808261614,total_ttm,DOL OFLC LCA disclosure data; https://www.dol.gov/agencies/eta/foreign-labor/performance
2024Q1,hexaware,-2.210034700066597,total_ttm,DOL OFLC LCA disclosure data; https://www.dol.gov/agencies/eta/foreign-labor/performance
2024Q1,infosys,-97.003477660242,total_ttm,DOL OFLC LCA disclosure data; https://www.dol.gov/agencies/eta/foreign-labor/performance
2024Q1,ltim,-1.643667934196549,total_ttm,DOL OFLC LCA disclosure data; https://www.dol.gov/agencies/eta/foreign-labor/performance
2024Q1,mphasis,-14.549059059591613,total_ttm,DOL OFLC LCA disclosure data; https://www.dol.gov/agencies/eta/foreign-labor/performance
2024Q1,persistent,27.101501996656918,total_ttm,DOL OFLC LCA disclosure data; https://www.dol.gov/agencies/eta/foreign-labor/performance
2024Q1,tcs,-10.439498097049894,total_ttm,DOL OFLC LCA disclosure data; https://www.dol.gov/agencies/eta/foreign-labor/performance
2024Q1,techm,1.3773323932173074,total_ttm,DOL OFLC LCA disclosure data; https://www.dol.gov/agencies/eta/foreign-labor/performance
2024Q1,wipro,-3.791355923570458,total_ttm,DOL OFLC LCA disclosure data; https://www.dol.gov/agencies/eta/foreign-labor/performance
2024Q1,pooled8,-56.62802217316695,total_ttm,DOL OFLC LCA disclosure data; https://www.dol.gov/agencies/eta/foreign-labor/performance
2024Q1,pooled_mid,-9.997726979410432,total_ttm,DOL OFLC LCA disclosure data; https://www.dol.gov/agencies/eta/foreign-labor/performance
2024Q2,accenture,23.70485174910958,total_ttm,DOL OFLC LCA disclosure data; https://www.dol.gov/agencies/eta/foreign-labor/performance
2024Q2,capgemini,-16.333477829176424,total_ttm,DOL OFLC LCA disclosure data; https://www.dol.gov/agencies/eta/foreign-labor/performance
2024Q2,coforge,9.909090264423098,total_ttm,DOL OFLC LCA disclosure data; https://www.dol.gov/agencies/eta/foreign-labor/performance
2024Q2,cognizant,-6.838457840611505,total_ttm,DOL OFLC LCA disclosure data; https://www.dol.gov/agencies/eta/foreign-labor/performance
2024Q2,hcltech,9.694194519223053,total_ttm,DOL OFLC LCA disclosure data; https://www.dol.gov/agencies/eta/foreign-labor/performance
2024Q2,hexaware,35.2253418680855,total_ttm,DOL OFLC LCA disclosure data; https://www.dol.gov/agencies/eta/foreign-labor/performance
2024Q2,infosys,-64.92413975393613,total_ttm,DOL OFLC LCA disclosure data; https://www.dol.gov/agencies/eta/foreign-labor/performance
2024Q2,ltim,25.485030244029417,total_ttm,DOL OFLC LCA disclosure data; https://www.dol.gov/agencies/eta/foreign-labor/performance
2024Q2,mphasis,-10.126560447991917,total_ttm,DOL OFLC LCA disclosure data; https://www.dol.gov/agencies/eta/foreign-labor/performance
2024Q2,persistent,78.64791203521645,total_ttm,DOL OFLC LCA disclosure data; https://www.dol.gov/agencies/eta/foreign-labor/performance
2024Q2,tcs,8.368132156977431,total_ttm,DOL OFLC LCA disclosure data; https://www.dol.gov/agencies/eta/foreign-labor/performance
2024Q2,techm,28.10375297331124,total_ttm,DOL OFLC LCA disclosure data; https://www.dol.gov/agencies/eta/foreign-labor/performance
2024Q2,wipro,-19.021210047696098,total_ttm,DOL OFLC LCA disclosure data; https://www.dol.gov/agencies/eta/foreign-labor/performance
2024Q2,pooled8,-26.640899547458897,total_ttm,DOL OFLC LCA disclosure data; https://www.dol.gov/agencies/eta/foreign-labor/performance
2024Q2,pooled_mid,0.7287550259281724,total_ttm,DOL OFLC LCA disclosure data; https://www.dol.gov/agencies/eta/foreign-labor/performance
2024Q3,accenture,-4.233590911231884,total_ttm,DOL OFLC LCA disclosure data; https://www.dol.gov/agencies/eta/foreign-labor/performance
2024Q3,capgemini,-19.753780916268425,total_ttm,DOL OFLC LCA disclosure data; https://www.dol.gov/agencies/eta/foreign-labor/performance
2024Q3,coforge,-2.2416878914542258,total_ttm,DOL OFLC LCA disclosure data; https://www.dol.gov/agencies/eta/foreign-labor/performance
2024Q3,cognizant,-13.754415481720397,total_ttm,DOL OFLC LCA disclosure data; https://www.dol.gov/agencies/eta/foreign-labor/performance
2024Q3,hcltech,5.375184820189286,total_ttm,DOL OFLC LCA disclosure data; https://www.dol.gov/agencies/eta/foreign-labor/performance
2024Q3,hexaware,32.18282126085643,total_ttm,DOL OFLC LCA disclosure data; https://www.dol.gov/agencies/eta/foreign-labor/performance
2024Q3,infosys,-86.01467212561154,total_ttm,DOL OFLC LCA disclosure data; https://www.dol.gov/agencies/eta/foreign-labor/performance
2024Q3,ltim,5.884050002293339,total_ttm,DOL OFLC LCA disclosure data; https://www.dol.gov/agencies/eta/foreign-labor/performance
2024Q3,mphasis,-0.8768489819945975,total_ttm,DOL OFLC LCA disclosure data; https://www.dol.gov/agencies/eta/foreign-labor/performance
2024Q3,persistent,54.895403752066294,total_ttm,DOL OFLC LCA disclosure data; https://www.dol.gov/agencies/eta/foreign-labor/performance
2024Q3,tcs,15.631360413820108,total_ttm,DOL OFLC LCA disclosure data; https://www.dol.gov/agencies/eta/foreign-labor/performance
2024Q3,techm,4.930576098415406,total_ttm,DOL OFLC LCA disclosure data; https://www.dol.gov/agencies/eta/foreign-labor/performance
2024Q3,wipro,-66.35883783184009,total_ttm,DOL OFLC LCA disclosure data; https://www.dol.gov/agencies/eta/foreign-labor/performance
2024Q3,pooled8,-41.23638122746291,total_ttm,DOL OFLC LCA disclosure data; https://www.dol.gov/agencies/eta/foreign-labor/performance
2024Q3,pooled_mid,-1.579333902163045,total_ttm,DOL OFLC LCA disclosure data; https://www.dol.gov/agencies/eta/foreign-labor/performance
2024Q4,accenture,7.553019461567356,total_ttm,DOL OFLC LCA disclosure data; https://www.dol.gov/agencies/eta/foreign-labor/performance
2024Q4,capgemini,-24.92048537565407,total_ttm,DOL OFLC LCA disclosure data; https://www.dol.gov/agencies/eta/foreign-labor/performance
2024Q4,coforge,15.664134113971025,total_ttm,DOL OFLC LCA disclosure data; https://www.dol.gov/agencies/eta/foreign-labor/performance
2024Q4,cognizant,-1.613615984472596,total_ttm,DOL OFLC LCA disclosure data; https://www.dol.gov/agencies/eta/foreign-labor/performance
2024Q4,hcltech,4.320213845246617,total_ttm,DOL OFLC LCA disclosure data; https://www.dol.gov/agencies/eta/foreign-labor/performance
2024Q4,hexaware,35.09769228240947,total_ttm,DOL OFLC LCA disclosure data; https://www.dol.gov/agencies/eta/foreign-labor/performance
2024Q4,infosys,-80.0970068442948,total_ttm,DOL OFLC LCA disclosure data; https://www.dol.gov/agencies/eta/foreign-labor/performance
2024Q4,ltim,9.873165030786838,total_ttm,DOL OFLC LCA disclosure data; https://www.dol.gov/agencies/eta/foreign-labor/performance
2024Q4,mphasis,-1.4263316293385746,total_ttm,DOL OFLC LCA disclosure data; https://www.dol.gov/agencies/eta/foreign-labor/performance
2024Q4,persistent,50.16550717937827,total_ttm,DOL OFLC LCA disclosure data; https://www.dol.gov/agencies/eta/foreign-labor/performance
2024Q4,tcs,21.146236844201617,total_ttm,DOL OFLC LCA disclosure data; https://www.dol.gov/agencies/eta/foreign-labor/performance
2024Q4,techm,9.313862629081706,total_ttm,DOL OFLC LCA disclosure data; https://www.dol.gov/agencies/eta/foreign-labor/performance
2024Q4,wipro,-70.82579988171463,total_ttm,DOL OFLC LCA disclosure data; https://www.dol.gov/agencies/eta/foreign-labor/performance
2024Q4,pooled8,-33.77197499639655,total_ttm,DOL OFLC LCA disclosure data; https://www.dol.gov/agencies/eta/foreign-labor/performance
2024Q4,pooled_mid,-2.8953962363017345,total_ttm,DOL OFLC LCA disclosure data; https://www.dol.gov/agencies/eta/foreign-labor/performance
2025Q1,accenture,8.143336174473015,total_ttm,DOL OFLC LCA disclosure data; https://www.dol.gov/agencies/eta/foreign-labor/performance
2025Q1,capgemini,-14.230515478535407,total_ttm,DOL OFLC LCA disclosure data; https://www.dol.gov/agencies/eta/foreign-labor/performance
2025Q1,coforge,21.213793747760764,total_ttm,DOL OFLC LCA disclosure data; https://www.dol.gov/agencies/eta/foreign-labor/performance
2025Q1,cognizant,11.93711396500168,total_ttm,DOL OFLC LCA disclosure data; https://www.dol.gov/agencies/eta/foreign-labor/performance
2025Q1,hcltech,7.59789561860531,total_ttm,DOL OFLC LCA disclosure data; https://www.dol.gov/agencies/eta/foreign-labor/performance
2025Q1,hexaware,34.73203387715122,total_ttm,DOL OFLC LCA disclosure data; https://www.dol.gov/agencies/eta/foreign-labor/performance
2025Q1,infosys,-76.59453147271272,total_ttm,DOL OFLC LCA disclosure data; https://www.dol.gov/agencies/eta/foreign-labor/performance
2025Q1,ltim,42.12840840516516,total_ttm,DOL OFLC LCA disclosure data; https://www.dol.gov/agencies/eta/foreign-labor/performance
2025Q1,mphasis,5.552576041606334,total_ttm,DOL OFLC LCA disclosure data; https://www.dol.gov/agencies/eta/foreign-labor/performance
2025Q1,persistent,59.267665019631075,total_ttm,DOL OFLC LCA disclosure data; https://www.dol.gov/agencies/eta/foreign-labor/performance
2025Q1,tcs,-19.62862282678016,total_ttm,DOL OFLC LCA disclosure data; https://www.dol.gov/agencies/eta/foreign-labor/performance
2025Q1,techm,7.954416175544138,total_ttm,DOL OFLC LCA disclosure data; https://www.dol.gov/agencies/eta/foreign-labor/performance
2025Q1,wipro,-66.05345073993571,total_ttm,DOL OFLC LCA disclosure data; https://www.dol.gov/agencies/eta/foreign-labor/performance
2025Q1,pooled8,-31.45052614392795,total_ttm,DOL OFLC LCA disclosure data; https://www.dol.gov/agencies/eta/foreign-labor/performance
2025Q1,pooled_mid,5.830127110719844,total_ttm,DOL OFLC LCA disclosure data; https://www.dol.gov/agencies/eta/foreign-labor/performance
2025Q2,accenture,-14.907974454513878,total_ttm,DOL OFLC LCA disclosure data; https://www.dol.gov/agencies/eta/foreign-labor/performance
2025Q2,capgemini,-3.3558985361281093,total_ttm,DOL OFLC LCA disclosure data; https://www.dol.gov/agencies/eta/foreign-labor/performance
2025Q2,coforge,32.7964838056301,total_ttm,DOL OFLC LCA disclosure data; https://www.dol.gov/agencies/eta/foreign-labor/performance
2025Q2,cognizant,-2.6704770758638667,total_ttm,DOL OFLC LCA disclosure data; https://www.dol.gov/agencies/eta/foreign-labor/performance
2025Q2,hcltech,-22.884157242884754,total_ttm,DOL OFLC LCA disclosure data; https://www.dol.gov/agencies/eta/foreign-labor/performance
2025Q2,hexaware,-3.916163070370577,total_ttm,DOL OFLC LCA disclosure data; https://www.dol.gov/agencies/eta/foreign-labor/performance
2025Q2,infosys,-55.12859673872818,total_ttm,DOL OFLC LCA disclosure data; https://www.dol.gov/agencies/eta/foreign-labor/performance
2025Q2,ltim,16.47758086573678,total_ttm,DOL OFLC LCA disclosure data; https://www.dol.gov/agencies/eta/foreign-labor/performance
2025Q2,mphasis,9.472725935645766,total_ttm,DOL OFLC LCA disclosure data; https://www.dol.gov/agencies/eta/foreign-labor/performance
2025Q2,persistent,-45.623743348158754,total_ttm,DOL OFLC LCA disclosure data; https://www.dol.gov/agencies/eta/foreign-labor/performance
2025Q2,tcs,-15.919751764321738,total_ttm,DOL OFLC LCA disclosure data; https://www.dol.gov/agencies/eta/foreign-labor/performance
2025Q2,techm,-19.69277091833167,total_ttm,DOL OFLC LCA disclosure data; https://www.dol.gov/agencies/eta/foreign-labor/performance
2025Q2,wipro,-34.63723828600438,total_ttm,DOL OFLC LCA disclosure data; https://www.dol.gov/agencies/eta/foreign-labor/performance
2025Q2,pooled8,-25.52782067933535,total_ttm,DOL OFLC LCA disclosure data; https://www.dol.gov/agencies/eta/foreign-labor/performance
2025Q2,pooled_mid,-2.5135973271542276,total_ttm,DOL OFLC LCA disclosure data; https://www.dol.gov/agencies/eta/foreign-labor/performance
2025Q3,accenture,-14.273384590735267,total_ttm,DOL OFLC LCA disclosure data; https://www.dol.gov/agencies/eta/foreign-labor/performance
2025Q3,capgemini,-5.739279799665265,total_ttm,DOL OFLC LCA disclosure data; https://www.dol.gov/agencies/eta/foreign-labor/performance
2025Q3,coforge,13.636113826375992,total_ttm,DOL OFLC LCA disclosure data; https://www.dol.gov/agencies/eta/foreign-labor/performance
2025Q3,cognizant,0.30083193807840997,total_ttm,DOL OFLC LCA disclosure data; https://www.dol.gov/agencies/eta/foreign-labor/performance
2025Q3,hcltech,-32.362010249179804,total_ttm,DOL OFLC LCA disclosure data; https://www.dol.gov/agencies/eta/foreign-labor/performance
2025Q3,hexaware,-13.170934535457784,total_ttm,DOL OFLC LCA disclosure data; https://www.dol.gov/agencies/eta/foreign-labor/performance
2025Q3,infosys,-2.5736054446657333,total_ttm,DOL OFLC LCA disclosure data; https://www.dol.gov/agencies/eta/foreign-labor/performance
2025Q3,ltim,24.36030157902455,total_ttm,DOL OFLC LCA disclosure data; https://www.dol.gov/agencies/eta/foreign-labor/performance
2025Q3,mphasis,10.696051599915966,total_ttm,DOL OFLC LCA disclosure data; https://www.dol.gov/agencies/eta/foreign-labor/performance
2025Q3,persistent,-47.53140475921579,total_ttm,DOL OFLC LCA disclosure data; https://www.dol.gov/agencies/eta/foreign-labor/performance
2025Q3,tcs,-19.916444423596342,total_ttm,DOL OFLC LCA disclosure data; https://www.dol.gov/agencies/eta/foreign-labor/performance
2025Q3,techm,-12.113917666640555,total_ttm,DOL OFLC LCA disclosure data; https://www.dol.gov/agencies/eta/foreign-labor/performance
2025Q3,wipro,-8.892285527240013,total_ttm,DOL OFLC LCA disclosure data; https://www.dol.gov/agencies/eta/foreign-labor/performance
2025Q3,pooled8,-6.752212795653224,total_ttm,DOL OFLC LCA disclosure data; https://www.dol.gov/agencies/eta/foreign-labor/performance
2025Q3,pooled_mid,-5.966191855616945,total_ttm,DOL OFLC LCA disclosure data; https://www.dol.gov/agencies/eta/foreign-labor/performance
2025Q4,accenture,-24.91722176899054,total_ttm,DOL OFLC LCA disclosure data; https://www.dol.gov/agencies/eta/foreign-labor/performance
2025Q4,capgemini,-8.292898126607398,total_ttm,DOL OFLC LCA disclosure data; https://www.dol.gov/agencies/eta/foreign-labor/performance
2025Q4,coforge,-18.959742882300596,total_ttm,DOL OFLC LCA disclosure data; https://www.dol.gov/agencies/eta/foreign-labor/performance
2025Q4,cognizant,-10.185531770923353,total_ttm,DOL OFLC LCA disclosure data; https://www.dol.gov/agencies/eta/foreign-labor/performance
2025Q4,hcltech,-38.55426234421111,total_ttm,DOL OFLC LCA disclosure data; https://www.dol.gov/agencies/eta/foreign-labor/performance
2025Q4,hexaware,-27.268399687434595,total_ttm,DOL OFLC LCA disclosure data; https://www.dol.gov/agencies/eta/foreign-labor/performance
2025Q4,infosys,11.869933833123591,total_ttm,DOL OFLC LCA disclosure data; https://www.dol.gov/agencies/eta/foreign-labor/performance
2025Q4,ltim,12.776573310477266,total_ttm,DOL OFLC LCA disclosure data; https://www.dol.gov/agencies/eta/foreign-labor/performance
2025Q4,mphasis,14.118360387780257,total_ttm,DOL OFLC LCA disclosure data; https://www.dol.gov/agencies/eta/foreign-labor/performance
2025Q4,persistent,-54.62011428477345,total_ttm,DOL OFLC LCA disclosure data; https://www.dol.gov/agencies/eta/foreign-labor/performance
2025Q4,tcs,-25.7705327593931,total_ttm,DOL OFLC LCA disclosure data; https://www.dol.gov/agencies/eta/foreign-labor/performance
2025Q4,techm,-28.98803586744786,total_ttm,DOL OFLC LCA disclosure data; https://www.dol.gov/agencies/eta/foreign-labor/performance
2025Q4,wipro,-10.056834063623642,total_ttm,DOL OFLC LCA disclosure data; https://www.dol.gov/agencies/eta/foreign-labor/performance
2025Q4,pooled8,-7.599462085346185,total_ttm,DOL OFLC LCA disclosure data; https://www.dol.gov/agencies/eta/foreign-labor/performance
2025Q4,pooled_mid,-10.971594766421799,total_ttm,DOL OFLC LCA disclosure data; https://www.dol.gov/agencies/eta/foreign-labor/performance
2026Q1,accenture,-25.172525775137355,total_ttm,DOL OFLC LCA disclosure data; https://www.dol.gov/agencies/eta/foreign-labor/performance
2026Q1,capgemini,-12.458485755405356,total_ttm,DOL OFLC LCA disclosure data; https://www.dol.gov/agencies/eta/foreign-labor/performance
2026Q1,coforge,-23.223911679869495,total_ttm,DOL OFLC LCA disclosure data; https://www.dol.gov/agencies/eta/foreign-labor/performance
2026Q1,cognizant,-13.566516059412988,total_ttm,DOL OFLC LCA disclosure data; https://www.dol.gov/agencies/eta/foreign-labor/performance
2026Q1,hcltech,-36.69913519023945,total_ttm,DOL OFLC LCA disclosure data; https://www.dol.gov/agencies/eta/foreign-labor/performance
2026Q1,hexaware,-32.521999177084616,total_ttm,DOL OFLC LCA disclosure data; https://www.dol.gov/agencies/eta/foreign-labor/performance
2026Q1,infosys,35.860548084985616,total_ttm,DOL OFLC LCA disclosure data; https://www.dol.gov/agencies/eta/foreign-labor/performance
2026Q1,ltim,-52.05947220725925,total_ttm,DOL OFLC LCA disclosure data; https://www.dol.gov/agencies/eta/foreign-labor/performance
2026Q1,mphasis,11.641035184441137,total_ttm,DOL OFLC LCA disclosure data; https://www.dol.gov/agencies/eta/foreign-labor/performance
2026Q1,persistent,-76.41330771211616,total_ttm,DOL OFLC LCA disclosure data; https://www.dol.gov/agencies/eta/foreign-labor/performance
2026Q1,tcs,-5.685810902831018,total_ttm,DOL OFLC LCA disclosure data; https://www.dol.gov/agencies/eta/foreign-labor/performance
2026Q1,techm,-32.01173482049347,total_ttm,DOL OFLC LCA disclosure data; https://www.dol.gov/agencies/eta/foreign-labor/performance
2026Q1,wipro,-10.492316598980116,total_ttm,DOL OFLC LCA disclosure data; https://www.dol.gov/agencies/eta/foreign-labor/performance
2026Q1,pooled8,-0.8128080666823915,total_ttm,DOL OFLC LCA disclosure data; https://www.dol.gov/agencies/eta/foreign-labor/performance
2026Q1,pooled_mid,-16.461516656838484,total_ttm,DOL OFLC LCA disclosure data; https://www.dol.gov/agencies/eta/foreign-labor/performance
2026Q2,accenture,-38.65071943635503,total_ttm,DOL OFLC LCA disclosure data; https://www.dol.gov/agencies/eta/foreign-labor/performance
2026Q2,capgemini,-27.879204252043927,total_ttm,DOL OFLC LCA disclosure data; https://www.dol.gov/agencies/eta/foreign-labor/performance
2026Q2,coforge,-41.81667932832859,total_ttm,DOL OFLC LCA disclosure data; https://www.dol.gov/agencies/eta/foreign-labor/performance
2026Q2,cognizant,-32.79211156319628,total_ttm,DOL OFLC LCA disclosure data; https://www.dol.gov/agencies/eta/foreign-labor/performance
2026Q2,hcltech,-52.01860665255544,total_ttm,DOL OFLC LCA disclosure data; https://www.dol.gov/agencies/eta/foreign-labor/performance
2026Q2,hexaware,-31.0993151320228,total_ttm,DOL OFLC LCA disclosure data; https://www.dol.gov/agencies/eta/foreign-labor/performance
2026Q2,infosys,15.96392609763742,total_ttm,DOL OFLC LCA disclosure data; https://www.dol.gov/agencies/eta/foreign-labor/performance
2026Q2,ltim,-66.24674294342701,total_ttm,DOL OFLC LCA disclosure data; https://www.dol.gov/agencies/eta/foreign-labor/performance
2026Q2,mphasis,-3.93956555685159,total_ttm,DOL OFLC LCA disclosure data; https://www.dol.gov/agencies/eta/foreign-labor/performance
2026Q2,persistent,-24.187253642048674,total_ttm,DOL OFLC LCA disclosure data; https://www.dol.gov/agencies/eta/foreign-labor/performance
2026Q2,tcs,-69.81513611445212,total_ttm,DOL OFLC LCA disclosure data; https://www.dol.gov/agencies/eta/foreign-labor/performance
2026Q2,techm,-51.769850305375265,total_ttm,DOL OFLC LCA disclosure data; https://www.dol.gov/agencies/eta/foreign-labor/performance
2026Q2,wipro,-67.43646665221846,total_ttm,DOL OFLC LCA disclosure data; https://www.dol.gov/agencies/eta/foreign-labor/performance
2026Q2,pooled8,-29.29992447183191,total_ttm,DOL OFLC LCA disclosure data; https://www.dol.gov/agencies/eta/foreign-labor/performance
2026Q2,pooled_mid,-22.769936785007044,total_ttm,DOL OFLC LCA disclosure data; https://www.dol.gov/agencies/eta/foreign-labor/performance
2015Q4,accenture,33.43896256636864,total_q,DOL OFLC LCA disclosure data; https://www.dol.gov/agencies/eta/foreign-labor/performance
2015Q4,capgemini,-167.2144873391864,total_q,DOL OFLC LCA disclosure data; https://www.dol.gov/agencies/eta/foreign-labor/performance
2015Q4,coforge,48.13031844996689,total_q,DOL OFLC LCA disclosure data; https://www.dol.gov/agencies/eta/foreign-labor/performance
2015Q4,cognizant,122.21432439961337,total_q,DOL OFLC LCA disclosure data; https://www.dol.gov/agencies/eta/foreign-labor/performance
2015Q4,hcltech,-20.232222350062422,total_q,DOL OFLC LCA disclosure data; https://www.dol.gov/agencies/eta/foreign-labor/performance
2015Q4,hexaware,36.772478012531735,total_q,DOL OFLC LCA disclosure data; https://www.dol.gov/agencies/eta/foreign-labor/performance
2015Q4,infosys,-54.25196303504938,total_q,DOL OFLC LCA disclosure data; https://www.dol.gov/agencies/eta/foreign-labor/performance
2015Q4,ltim,61.44617198228256,total_q,DOL OFLC LCA disclosure data; https://www.dol.gov/agencies/eta/foreign-labor/performance
2015Q4,mphasis,-34.78704892449416,total_q,DOL OFLC LCA disclosure data; https://www.dol.gov/agencies/eta/foreign-labor/performance
2015Q4,persistent,-13.51747783682526,total_q,DOL OFLC LCA disclosure data; https://www.dol.gov/agencies/eta/foreign-labor/performance
2015Q4,tcs,-3.665174439460248,total_q,DOL OFLC LCA disclosure data; https://www.dol.gov/agencies/eta/foreign-labor/performance
2015Q4,techm,-29.927506108796265,total_q,DOL OFLC LCA disclosure data; https://www.dol.gov/agencies/eta/foreign-labor/performance
2015Q4,wipro,8.522731601745768,total_q,DOL OFLC LCA disclosure data; https://www.dol.gov/agencies/eta/foreign-labor/performance
2015Q4,pooled8,57.21779502536772,total_q,DOL OFLC LCA disclosure data; https://www.dol.gov/agencies/eta/foreign-labor/performance
2015Q4,pooled_mid,-111.71552951783927,total_q,DOL OFLC LCA disclosure data; https://www.dol.gov/agencies/eta/foreign-labor/performance
2016Q1,accenture,-61.186927002685174,total_q,DOL OFLC LCA disclosure data; https://www.dol.gov/agencies/eta/foreign-labor/performance
2016Q1,capgemini,-27.816481890406493,total_q,DOL OFLC LCA disclosure data; https://www.dol.gov/agencies/eta/foreign-labor/performance
2016Q1,coforge,43.37956147343904,total_q,DOL OFLC LCA disclosure data; https://www.dol.gov/agencies/eta/foreign-labor/performance
2016Q1,cognizant,-4.299602119412998,total_q,DOL OFLC LCA disclosure data; https://www.dol.gov/agencies/eta/foreign-labor/performance
2016Q1,hcltech,-21.322154749161264,total_q,DOL OFLC LCA disclosure data; https://www.dol.gov/agencies/eta/foreign-labor/performance
2016Q1,hexaware,-39.957407487092695,total_q,DOL OFLC LCA disclosure data; https://www.dol.gov/agencies/eta/foreign-labor/performance
2016Q1,infosys,-19.953550786737374,total_q,DOL OFLC LCA disclosure data; https://www.dol.gov/agencies/eta/foreign-labor/performance
2016Q1,ltim,-90.23580669625657,total_q,DOL OFLC LCA disclosure data; https://www.dol.gov/agencies/eta/foreign-labor/performance
2016Q1,mphasis,-8.901100484407548,total_q,DOL OFLC LCA disclosure data; https://www.dol.gov/agencies/eta/foreign-labor/performance
2016Q1,persistent,-36.43634324226125,total_q,DOL OFLC LCA disclosure data; https://www.dol.gov/agencies/eta/foreign-labor/performance
2016Q1,tcs,-133.88434800710334,total_q,DOL OFLC LCA disclosure data; https://www.dol.gov/agencies/eta/foreign-labor/performance
2016Q1,techm,-10.834188846386269,total_q,DOL OFLC LCA disclosure data; https://www.dol.gov/agencies/eta/foreign-labor/performance
2016Q1,wipro,7.897634353145603,total_q,DOL OFLC LCA disclosure data; https://www.dol.gov/agencies/eta/foreign-labor/performance
2016Q1,pooled8,-37.213191490141405,total_q,DOL OFLC LCA disclosure data; https://www.dol.gov/agencies/eta/foreign-labor/performance
2016Q1,pooled_mid,-20.96333551059116,total_q,DOL OFLC LCA disclosure data; https://www.dol.gov/agencies/eta/foreign-labor/performance
2016Q2,accenture,39.514509907617494,total_q,DOL OFLC LCA disclosure data; https://www.dol.gov/agencies/eta/foreign-labor/performance
2016Q2,capgemini,-137.89016023205346,total_q,DOL OFLC LCA disclosure data; https://www.dol.gov/agencies/eta/foreign-labor/performance
2016Q2,coforge,41.419878807691894,total_q,DOL OFLC LCA disclosure data; https://www.dol.gov/agencies/eta/foreign-labor/performance
2016Q2,cognizant,34.18477291086393,total_q,DOL OFLC LCA disclosure data; https://www.dol.gov/agencies/eta/foreign-labor/performance
2016Q2,hcltech,-31.015492830383963,total_q,DOL OFLC LCA disclosure data; https://www.dol.gov/agencies/eta/foreign-labor/performance
2016Q2,hexaware,32.001095956714096,total_q,DOL OFLC LCA disclosure data; https://www.dol.gov/agencies/eta/foreign-labor/performance
2016Q2,infosys,-35.25193135571236,total_q,DOL OFLC LCA disclosure data; https://www.dol.gov/agencies/eta/foreign-labor/performance
2016Q2,ltim,-52.26465232524906,total_q,DOL OFLC LCA disclosure data; https://www.dol.gov/agencies/eta/foreign-labor/performance
2016Q2,mphasis,-36.69288967213849,total_q,DOL OFLC LCA disclosure data; https://www.dol.gov/agencies/eta/foreign-labor/performance
2016Q2,persistent,-22.31435513142097,total_q,DOL OFLC LCA disclosure data; https://www.dol.gov/agencies/eta/foreign-labor/performance
2016Q2,tcs,-1.5673838543424172,total_q,DOL OFLC LCA disclosure data; https://www.dol.gov/agencies/eta/foreign-labor/performance
2016Q2,techm,-23.169583312952692,total_q,DOL OFLC LCA disclosure data; https://www.dol.gov/agencies/eta/foreign-labor/performance
2016Q2,wipro,-24.192023570759883,total_q,DOL OFLC LCA disclosure data; https://www.dol.gov/agencies/eta/foreign-labor/performance
2016Q2,pooled8,2.475490232437178,total_q,DOL OFLC LCA disclosure data; https://www.dol.gov/agencies/eta/foreign-labor/performance
2016Q2,pooled_mid,-89.51781560608407,total_q,DOL OFLC LCA disclosure data; https://www.dol.gov/agencies/eta/foreign-labor/performance
2016Q3,accenture,-12.540872252302023,total_q,DOL OFLC LCA disclosure data; https://www.dol.gov/agencies/eta/foreign-labor/performance
2016Q3,capgemini,77.84879653071354,total_q,DOL OFLC LCA disclosure data; https://www.dol.gov/agencies/eta/foreign-labor/performance
2016Q3,coforge,-16.16413515564159,total_q,DOL OFLC LCA disclosure data; https://www.dol.gov/agencies/eta/foreign-labor/performance
2016Q3,cognizant,-21.912641626487616,total_q,DOL OFLC LCA disclosure data; https://www.dol.gov/agencies/eta/foreign-labor/performance
2016Q3,hcltech,-22.9500117069045,total_q,DOL OFLC LCA disclosure data; https://www.dol.gov/agencies/eta/foreign-labor/performance
2016Q3,hexaware,11.011111841642421,total_q,DOL OFLC LCA disclosure data; https://www.dol.gov/agencies/eta/foreign-labor/performance
2016Q3,infosys,-21.760337093859444,total_q,DOL OFLC LCA disclosure data; https://www.dol.gov/agencies/eta/foreign-labor/performance
2016Q3,ltim,-60.92089237042755,total_q,DOL OFLC LCA disclosure data; https://www.dol.gov/agencies/eta/foreign-labor/performance
2016Q3,mphasis,-13.711253578458807,total_q,DOL OFLC LCA disclosure data; https://www.dol.gov/agencies/eta/foreign-labor/performance
2016Q3,persistent,-27.25072744325458,total_q,DOL OFLC LCA disclosure data; https://www.dol.gov/agencies/eta/foreign-labor/performance
2016Q3,tcs,-21.194868435098677,total_q,DOL OFLC LCA disclosure data; https://www.dol.gov/agencies/eta/foreign-labor/performance
2016Q3,techm,-60.787584229018876,total_q,DOL OFLC LCA disclosure data; https://www.dol.gov/agencies/eta/foreign-labor/performance
2016Q3,wipro,-93.06532265676144,total_q,DOL OFLC LCA disclosure data; https://www.dol.gov/agencies/eta/foreign-labor/performance
2016Q3,pooled8,-34.03506786974899,total_q,DOL OFLC LCA disclosure data; https://www.dol.gov/agencies/eta/foreign-labor/performance
2016Q3,pooled_mid,61.496659543395715,total_q,DOL OFLC LCA disclosure data; https://www.dol.gov/agencies/eta/foreign-labor/performance
2016Q4,accenture,-11.085780022306894,total_q,DOL OFLC LCA disclosure data; https://www.dol.gov/agencies/eta/foreign-labor/performance
2016Q4,capgemini,51.304426122306126,total_q,DOL OFLC LCA disclosure data; https://www.dol.gov/agencies/eta/foreign-labor/performance
2016Q4,coforge,-19.81769285837487,total_q,DOL OFLC LCA disclosure data; https://www.dol.gov/agencies/eta/foreign-labor/performance
2016Q4,cognizant,-46.65235203359164,total_q,DOL OFLC LCA disclosure data; https://www.dol.gov/agencies/eta/foreign-labor/performance
2016Q4,hcltech,5.6933921752351795,total_q,DOL OFLC LCA disclosure data; https://www.dol.gov/agencies/eta/foreign-labor/performance
2016Q4,hexaware,27.8020161540044,total_q,DOL OFLC LCA disclosure data; https://www.dol.gov/agencies/eta/foreign-labor/performance
2016Q4,infosys,28.73319936804828,total_q,DOL OFLC LCA disclosure data; https://www.dol.gov/agencies/eta/foreign-labor/performance
2016Q4,ltim,-35.13813153193572,total_q,DOL OFLC LCA disclosure data; https://www.dol.gov/agencies/eta/foreign-labor/performance
2016Q4,mphasis,14.091791328245751,total_q,DOL OFLC LCA disclosure data; https://www.dol.gov/agencies/eta/foreign-labor/performance
2016Q4,persistent,-23.63887780642304,total_q,DOL OFLC LCA disclosure data; https://www.dol.gov/agencies/eta/foreign-labor/performance
2016Q4,tcs,7.0867897512180225,total_q,DOL OFLC LCA disclosure data; https://www.dol.gov/agencies/eta/foreign-labor/performance
2016Q4,techm,2.5784117155714634,total_q,DOL OFLC LCA disclosure data; https://www.dol.gov/agencies/eta/foreign-labor/performance
2016Q4,wipro,-127.25368210272643,total_q,DOL OFLC LCA disclosure data; https://www.dol.gov/agencies/eta/foreign-labor/performance
2016Q4,pooled8,-42.67385358513045,total_q,DOL OFLC LCA disclosure data; https://www.dol.gov/agencies/eta/foreign-labor/performance
2016Q4,pooled_mid,31.367429931925507,total_q,DOL OFLC LCA disclosure data; https://www.dol.gov/agencies/eta/foreign-labor/performance
2017Q1,accenture,-66.5290226056979,total_q,DOL OFLC LCA disclosure data; https://www.dol.gov/agencies/eta/foreign-labor/performance
2017Q1,capgemini,-67.0127030763283,total_q,DOL OFLC LCA disclosure data; https://www.dol.gov/agencies/eta/foreign-labor/performance
2017Q1,coforge,-7.942216778393718,total_q,DOL OFLC LCA disclosure data; https://www.dol.gov/agencies/eta/foreign-labor/performance
2017Q1,cognizant,-81.23489209530705,total_q,DOL OFLC LCA disclosure data; https://www.dol.gov/agencies/eta/foreign-labor/performance
2017Q1,hcltech,34.23465785597376,total_q,DOL OFLC LCA disclosure data; https://www.dol.gov/agencies/eta/foreign-labor/performance
2017Q1,hexaware,-12.663265093336603,total_q,DOL OFLC LCA disclosure data; https://www.dol.gov/agencies/eta/foreign-labor/performance
2017Q1,infosys,-46.925644449623825,total_q,DOL OFLC LCA disclosure data; https://www.dol.gov/agencies/eta/foreign-labor/performance
2017Q1,ltim,-2.143668340297665,total_q,DOL OFLC LCA disclosure data; https://www.dol.gov/agencies/eta/foreign-labor/performance
2017Q1,mphasis,58.01278516584084,total_q,DOL OFLC LCA disclosure data; https://www.dol.gov/agencies/eta/foreign-labor/performance
2017Q1,persistent,-19.99252612122025,total_q,DOL OFLC LCA disclosure data; https://www.dol.gov/agencies/eta/foreign-labor/performance
2017Q1,tcs,12.628240318101028,total_q,DOL OFLC LCA disclosure data; https://www.dol.gov/agencies/eta/foreign-labor/performance
2017Q1,techm,-0.7870759881568912,total_q,DOL OFLC LCA disclosure data; https://www.dol.gov/agencies/eta/foreign-labor/performance
2017Q1,wipro,-105.69707557439499,total_q,DOL OFLC LCA disclosure data; https://www.dol.gov/agencies/eta/foreign-labor/performance
2017Q1,pooled8,-39.81727761135111,total_q,DOL OFLC LCA disclosure data; https://www.dol.gov/agencies/eta/foreign-labor/performance
2017Q1,pooled_mid,-4.065544015122473,total_q,DOL OFLC LCA disclosure data; https://www.dol.gov/agencies/eta/foreign-labor/performance
2017Q2,accenture,-46.60465081754083,total_q,DOL OFLC LCA disclosure data; https://www.dol.gov/agencies/eta/foreign-labor/performance
2017Q2,capgemini,20.851963478453722,total_q,DOL OFLC LCA disclosure data; https://www.dol.gov/agencies/eta/foreign-labor/performance
2017Q2,coforge,-52.542442318714336,total_q,DOL OFLC LCA disclosure data; https://www.dol.gov/agencies/eta/foreign-labor/performance
2017Q2,cognizant,-103.14539434707513,total_q,DOL OFLC LCA disclosure data; https://www.dol.gov/agencies/eta/foreign-labor/performance
2017Q2,hcltech,264.7866707415679,total_q,DOL OFLC LCA disclosure data; https://www.dol.gov/agencies/eta/foreign-labor/performance
2017Q2,hexaware,-25.90502597774537,total_q,DOL OFLC LCA disclosure data; https://www.dol.gov/agencies/eta/foreign-labor/performance
2017Q2,infosys,-0.3731811769627989,total_q,DOL OFLC LCA disclosure data; https://www.dol.gov/agencies/eta/foreign-labor/performance
2017Q2,ltim,-32.48584300684069,total_q,DOL OFLC LCA disclosure data; https://www.dol.gov/agencies/eta/foreign-labor/performance
2017Q2,mphasis,20.732726187092474,total_q,DOL OFLC LCA disclosure data; https://www.dol.gov/agencies/eta/foreign-labor/performance
2017Q2,persistent,-7.696104113612832,total_q,DOL OFLC LCA disclosure data; https://www.dol.gov/agencies/eta/foreign-labor/performance
2017Q2,tcs,25.37291293533167,total_q,DOL OFLC LCA disclosure data; https://www.dol.gov/agencies/eta/foreign-labor/performance
2017Q2,techm,-6.87737894398489,total_q,DOL OFLC LCA disclosure data; https://www.dol.gov/agencies/eta/foreign-labor/performance
2017Q2,wipro,-85.4402055082488,total_q,DOL OFLC LCA disclosure data; https://www.dol.gov/agencies/eta/foreign-labor/performance
2017Q2,pooled8,-10.414264233698736,total_q,DOL OFLC LCA disclosure data; https://www.dol.gov/agencies/eta/foreign-labor/performance
2017Q2,pooled_mid,17.591366660166607,total_q,DOL OFLC LCA disclosure data; https://www.dol.gov/agencies/eta/foreign-labor/performance
2017Q3,accenture,-21.8457263123131,total_q,DOL OFLC LCA disclosure data; https://www.dol.gov/agencies/eta/foreign-labor/performance
2017Q3,capgemini,-206.9991611782545,total_q,DOL OFLC LCA disclosure data; https://www.dol.gov/agencies/eta/foreign-labor/performance
2017Q3,coforge,21.962860920676537,total_q,DOL OFLC LCA disclosure data; https://www.dol.gov/agencies/eta/foreign-labor/performance
2017Q3,cognizant,-12.932585453412823,total_q,DOL OFLC LCA disclosure data; https://www.dol.gov/agencies/eta/foreign-labor/performance
2017Q3,hcltech,235.25248147104642,total_q,DOL OFLC LCA disclosure data; https://www.dol.gov/agencies/eta/foreign-labor/performance
2017Q3,hexaware,-4.359043607486173,total_q,DOL OFLC LCA disclosure data; https://www.dol.gov/agencies/eta/foreign-labor/performance
2017Q3,infosys,-2.347788106228265,total_q,DOL OFLC LCA disclosure data; https://www.dol.gov/agencies/eta/foreign-labor/performance
2017Q3,ltim,-0.3308522455560733,total_q,DOL OFLC LCA disclosure data; https://www.dol.gov/agencies/eta/foreign-labor/performance
2017Q3,mphasis,-38.131061270417185,total_q,DOL OFLC LCA disclosure data; https://www.dol.gov/agencies/eta/foreign-labor/performance
2017Q3,persistent,-48.701497507227224,total_q,DOL OFLC LCA disclosure data; https://www.dol.gov/agencies/eta/foreign-labor/performance
2017Q3,tcs,-14.206786192113574,total_q,DOL OFLC LCA disclosure data; https://www.dol.gov/agencies/eta/foreign-labor/performance
2017Q3,techm,8.092649032054426,total_q,DOL OFLC LCA disclosure data; https://www.dol.gov/agencies/eta/foreign-labor/performance
2017Q3,wipro,-28.653462539530416,total_q,DOL OFLC LCA disclosure data; https://www.dol.gov/agencies/eta/foreign-labor/performance
2017Q3,pooled8,26.18573472132085,total_q,DOL OFLC LCA disclosure data; https://www.dol.gov/agencies/eta/foreign-labor/performance
2017Q3,pooled_mid,-163.19167428762273,total_q,DOL OFLC LCA disclosure data; https://www.dol.gov/agencies/eta/foreign-labor/performance
2017Q4,accenture,-5.505977718302743,total_q,DOL OFLC LCA disclosure data; https://www.dol.gov/agencies/eta/foreign-labor/performance
2017Q4,capgemini,-8.64346044280135,total_q,DOL OFLC LCA disclosure data; https://www.dol.gov/agencies/eta/foreign-labor/performance
2017Q4,coforge,-11.607217125275401,total_q,DOL OFLC LCA disclosure data; https://www.dol.gov/agencies/eta/foreign-labor/performance
2017Q4,cognizant,-114.37115489477844,total_q,DOL OFLC LCA disclosure data; https://www.dol.gov/agencies/eta/foreign-labor/performance
2017Q4,hcltech,220.02944998234568,total_q,DOL OFLC LCA disclosure data; https://www.dol.gov/agencies/eta/foreign-labor/performance
2017Q4,hexaware,-23.412596798281875,total_q,DOL OFLC LCA disclosure data; https://www.dol.gov/agencies/eta/foreign-labor/performance
2017Q4,infosys,-45.00362437318671,total_q,DOL OFLC LCA disclosure data; https://www.dol.gov/agencies/eta/foreign-labor/performance
2017Q4,ltim,-20.375773236900624,total_q,DOL OFLC LCA disclosure data; https://www.dol.gov/agencies/eta/foreign-labor/performance
2017Q4,mphasis,-29.071697614693505,total_q,DOL OFLC LCA disclosure data; https://www.dol.gov/agencies/eta/foreign-labor/performance
2017Q4,persistent,-10.536051565782628,total_q,DOL OFLC LCA disclosure data; https://www.dol.gov/agencies/eta/foreign-labor/performance
2017Q4,tcs,6.884082648133703,total_q,DOL OFLC LCA disclosure data; https://www.dol.gov/agencies/eta/foreign-labor/performance
2017Q4,techm,14.370672066617503,total_q,DOL OFLC LCA disclosure data; https://www.dol.gov/agencies/eta/foreign-labor/performance
2017Q4,wipro,-62.872032264620735,total_q,DOL OFLC LCA disclosure data; https://www.dol.gov/agencies/eta/foreign-labor/performance
2017Q4,pooled8,-25.47421856485278,total_q,DOL OFLC LCA disclosure data; https://www.dol.gov/agencies/eta/foreign-labor/performance
2017Q4,pooled_mid,-17.263579120491073,total_q,DOL OFLC LCA disclosure data; https://www.dol.gov/agencies/eta/foreign-labor/performance
2018Q1,accenture,4.9925433535133665,total_q,DOL OFLC LCA disclosure data; https://www.dol.gov/agencies/eta/foreign-labor/performance
2018Q1,capgemini,-37.61180364523203,total_q,DOL OFLC LCA disclosure data; https://www.dol.gov/agencies/eta/foreign-labor/performance
2018Q1,coforge,35.020242943311494,total_q,DOL OFLC LCA disclosure data; https://www.dol.gov/agencies/eta/foreign-labor/performance
2018Q1,cognizant,75.2449673953183,total_q,DOL OFLC LCA disclosure data; https://www.dol.gov/agencies/eta/foreign-labor/performance
2018Q1,hcltech,5.0401756722073,total_q,DOL OFLC LCA disclosure data; https://www.dol.gov/agencies/eta/foreign-labor/performance
2018Q1,hexaware,120.29723039923526,total_q,DOL OFLC LCA disclosure data; https://www.dol.gov/agencies/eta/foreign-labor/performance
2018Q1,infosys,-80.52644786806515,total_q,DOL OFLC LCA disclosure data; https://www.dol.gov/agencies/eta/foreign-labor/performance
2018Q1,ltim,-65.71726857663242,total_q,DOL OFLC LCA disclosure data; https://www.dol.gov/agencies/eta/foreign-labor/performance
2018Q1,mphasis,-44.56130914295067,total_q,DOL OFLC LCA disclosure data; https://www.dol.gov/agencies/eta/foreign-labor/performance
2018Q1,persistent,6.735218202949156,total_q,DOL OFLC LCA disclosure data; https://www.dol.gov/agencies/eta/foreign-labor/performance
2018Q1,tcs,29.472228926880177,total_q,DOL OFLC LCA disclosure data; https://www.dol.gov/agencies/eta/foreign-labor/performance
2018Q1,techm,-36.914550044504466,total_q,DOL OFLC LCA disclosure data; https://www.dol.gov/agencies/eta/foreign-labor/performance
2018Q1,wipro,-36.27048209067893,total_q,DOL OFLC LCA disclosure data; https://www.dol.gov/agencies/eta/foreign-labor/performance
2018Q1,pooled8,12.771918801688775,total_q,DOL OFLC LCA disclosure data; https://www.dol.gov/agencies/eta/foreign-labor/performance
2018Q1,pooled_mid,-31.544208974289905,total_q,DOL OFLC LCA disclosure data; https://www.dol.gov/agencies/eta/foreign-labor/performance
2018Q2,accenture,-12.340128667678723,total_q,DOL OFLC LCA disclosure data; https://www.dol.gov/agencies/eta/foreign-labor/performance
2018Q2,capgemini,-29.54533810634189,total_q,DOL OFLC LCA disclosure data; https://www.dol.gov/agencies/eta/foreign-labor/performance
2018Q2,coforge,157.3505903208037,total_q,DOL OFLC LCA disclosure data; https://www.dol.gov/agencies/eta/foreign-labor/performance
2018Q2,cognizant,-54.94809440846991,total_q,DOL OFLC LCA disclosure data; https://www.dol.gov/agencies/eta/foreign-labor/performance
2018Q2,hcltech,-52.98434409848042,total_q,DOL OFLC LCA disclosure data; https://www.dol.gov/agencies/eta/foreign-labor/performance
2018Q2,hexaware,29.97062654185826,total_q,DOL OFLC LCA disclosure data; https://www.dol.gov/agencies/eta/foreign-labor/performance
2018Q2,infosys,-38.68214419844817,total_q,DOL OFLC LCA disclosure data; https://www.dol.gov/agencies/eta/foreign-labor/performance
2018Q2,ltim,-90.24328659053607,total_q,DOL OFLC LCA disclosure data; https://www.dol.gov/agencies/eta/foreign-labor/performance
2018Q2,mphasis,-9.510730183472733,total_q,DOL OFLC LCA disclosure data; https://www.dol.gov/agencies/eta/foreign-labor/performance
2018Q2,persistent,-11.65338162559515,total_q,DOL OFLC LCA disclosure data; https://www.dol.gov/agencies/eta/foreign-labor/performance
2018Q2,tcs,-35.100845977752236,total_q,DOL OFLC LCA disclosure data; https://www.dol.gov/agencies/eta/foreign-labor/performance
2018Q2,techm,-2.889089828538897,total_q,DOL OFLC LCA disclosure data; https://www.dol.gov/agencies/eta/foreign-labor/performance
2018Q2,wipro,30.561145536628032,total_q,DOL OFLC LCA disclosure data; https://www.dol.gov/agencies/eta/foreign-labor/performance
2018Q2,pooled8,-43.122090427377536,total_q,DOL OFLC LCA disclosure data; https://www.dol.gov/agencies/eta/foreign-labor/performance
2018Q2,pooled_mid,-11.67370886054803,total_q,DOL OFLC LCA disclosure data; https://www.dol.gov/agencies/eta/foreign-labor/performance
2018Q3,accenture,0.8620743043906954,total_q,DOL OFLC LCA disclosure data; https://www.dol.gov/agencies/eta/foreign-labor/performance
2018Q3,capgemini,-18.88145719248419,total_q,DOL OFLC LCA disclosure data; https://www.dol.gov/agencies/eta/foreign-labor/performance
2018Q3,coforge,136.49412366493218,total_q,DOL OFLC LCA disclosure data; https://www.dol.gov/agencies/eta/foreign-labor/performance
2018Q3,cognizant,-60.69072908745555,total_q,DOL OFLC LCA disclosure data; https://www.dol.gov/agencies/eta/foreign-labor/performance
2018Q3,hcltech,-4.2719473742931475,total_q,DOL OFLC LCA disclosure data; https://www.dol.gov/agencies/eta/foreign-labor/performance
2018Q3,hexaware,-1.4962872676712378,total_q,DOL OFLC LCA disclosure data; https://www.dol.gov/agencies/eta/foreign-labor/performance
2018Q3,infosys,-41.32726571733551,total_q,DOL OFLC LCA disclosure data; https://www.dol.gov/agencies/eta/foreign-labor/performance
2018Q3,ltim,-102.16972763920846,total_q,DOL OFLC LCA disclosure data; https://www.dol.gov/agencies/eta/foreign-labor/performance
2018Q3,mphasis,19.744654343714014,total_q,DOL OFLC LCA disclosure data; https://www.dol.gov/agencies/eta/foreign-labor/performance
2018Q3,persistent,77.77045685880083,total_q,DOL OFLC LCA disclosure data; https://www.dol.gov/agencies/eta/foreign-labor/performance
2018Q3,tcs,-24.2973833860049,total_q,DOL OFLC LCA disclosure data; https://www.dol.gov/agencies/eta/foreign-labor/performance
2018Q3,techm,-14.282906758247101,total_q,DOL OFLC LCA disclosure data; https://www.dol.gov/agencies/eta/foreign-labor/performance
2018Q3,wipro,8.847564591272349,total_q,DOL OFLC LCA disclosure data; https://www.dol.gov/agencies/eta/foreign-labor/performance
2018Q3,pooled8,-28.582773572616656,total_q,DOL OFLC LCA disclosure data; https://www.dol.gov/agencies/eta/foreign-labor/performance
2018Q3,pooled_mid,2.522071589236448,total_q,DOL OFLC LCA disclosure data; https://www.dol.gov/agencies/eta/foreign-labor/performance
2018Q4,accenture,-42.36775320314628,total_q,DOL OFLC LCA disclosure data; https://www.dol.gov/agencies/eta/foreign-labor/performance
2018Q4,capgemini,-42.05703832808038,total_q,DOL OFLC LCA disclosure data; https://www.dol.gov/agencies/eta/foreign-labor/performance
2018Q4,coforge,177.3647719285009,total_q,DOL OFLC LCA disclosure data; https://www.dol.gov/agencies/eta/foreign-labor/performance
2018Q4,cognizant,-23.97282349839292,total_q,DOL OFLC LCA disclosure data; https://www.dol.gov/agencies/eta/foreign-labor/performance
2018Q4,hcltech,-64.90033655669177,total_q,DOL OFLC LCA disclosure data; https://www.dol.gov/agencies/eta/foreign-labor/performance
2018Q4,hexaware,-15.927626767607062,total_q,DOL OFLC LCA disclosure data; https://www.dol.gov/agencies/eta/foreign-labor/performance
2018Q4,infosys,-29.817071401110567,total_q,DOL OFLC LCA disclosure data; https://www.dol.gov/agencies/eta/foreign-labor/performance
2018Q4,ltim,-71.14150564038077,total_q,DOL OFLC LCA disclosure data; https://www.dol.gov/agencies/eta/foreign-labor/performance
2018Q4,mphasis,-12.04461530758672,total_q,DOL OFLC LCA disclosure data; https://www.dol.gov/agencies/eta/foreign-labor/performance
2018Q4,persistent,10.536051565782635,total_q,DOL OFLC LCA disclosure data; https://www.dol.gov/agencies/eta/foreign-labor/performance
2018Q4,tcs,-21.005764651830347,total_q,DOL OFLC LCA disclosure data; https://www.dol.gov/agencies/eta/foreign-labor/performance
2018Q4,techm,-11.150358017154032,total_q,DOL OFLC LCA disclosure data; https://www.dol.gov/agencies/eta/foreign-labor/performance
2018Q4,wipro,-20.673782566122252,total_q,DOL OFLC LCA disclosure data; https://www.dol.gov/agencies/eta/foreign-labor/performance
2018Q4,pooled8,-41.78088028413836,total_q,DOL OFLC LCA disclosure data; https://www.dol.gov/agencies/eta/foreign-labor/performance
2018Q4,pooled_mid,-20.159512353815202,total_q,DOL OFLC LCA disclosure data; https://www.dol.gov/agencies/eta/foreign-labor/performance
2019Q1,accenture,8.407489227500422,total_q,DOL OFLC LCA disclosure data; https://www.dol.gov/agencies/eta/foreign-labor/performance
2019Q1,capgemini,-0.5986761520137214,total_q,DOL OFLC LCA disclosure data; https://www.dol.gov/agencies/eta/foreign-labor/performance
2019Q1,coforge,9.86619942096051,total_q,DOL OFLC LCA disclosure data; https://www.dol.gov/agencies/eta/foreign-labor/performance
2019Q1,cognizant,-105.50826787065029,total_q,DOL OFLC LCA disclosure data; https://www.dol.gov/agencies/eta/foreign-labor/performance
2019Q1,hcltech,-174.92877568512802,total_q,DOL OFLC LCA disclosure data; https://www.dol.gov/agencies/eta/foreign-labor/performance
2019Q1,hexaware,-107.63396530589866,total_q,DOL OFLC LCA disclosure data; https://www.dol.gov/agencies/eta/foreign-labor/performance
2019Q1,infosys,123.46272660822133,total_q,DOL OFLC LCA disclosure data; https://www.dol.gov/agencies/eta/foreign-labor/performance
2019Q1,ltim,-22.32265010052697,total_q,DOL OFLC LCA disclosure data; https://www.dol.gov/agencies/eta/foreign-labor/performance
2019Q1,mphasis,-145.681356208149,total_q,DOL OFLC LCA disclosure data; https://www.dol.gov/agencies/eta/foreign-labor/performance
2019Q1,persistent,-21.266227384662688,total_q,DOL OFLC LCA disclosure data; https://www.dol.gov/agencies/eta/foreign-labor/performance
2019Q1,tcs,-35.519360127954776,total_q,DOL OFLC LCA disclosure data; https://www.dol.gov/agencies/eta/foreign-labor/performance
2019Q1,techm,-69.31471805599453,total_q,DOL OFLC LCA disclosure data; https://www.dol.gov/agencies/eta/foreign-labor/performance
2019Q1,wipro,83.34264617137924,total_q,DOL OFLC LCA disclosure data; https://www.dol.gov/agencies/eta/foreign-labor/performance
2019Q1,pooled8,-34.789019893296825,total_q,DOL OFLC LCA disclosure data; https://www.dol.gov/agencies/eta/foreign-labor/performance
2019Q1,pooled_mid,-64.7506099170701,total_q,DOL OFLC LCA disclosure data; https://www.dol.gov/agencies/eta/foreign-labor/performance
2019Q2,accenture,-4.071809301878491,total_q,DOL OFLC LCA disclosure data; https://www.dol.gov/agencies/eta/foreign-labor/performance
2019Q2,capgemini,-54.25292489494081,total_q,DOL OFLC LCA disclosure data; https://www.dol.gov/agencies/eta/foreign-labor/performance
2019Q2,coforge,62.69813197629988,total_q,DOL OFLC LCA disclosure data; https://www.dol.gov/agencies/eta/foreign-labor/performance
2019Q2,cognizant,49.46636558089925,total_q,DOL OFLC LCA disclosure data; https://www.dol.gov/agencies/eta/foreign-labor/performance
2019Q2,hcltech,-209.2380835817537,total_q,DOL OFLC LCA disclosure data; https://www.dol.gov/agencies/eta/foreign-labor/performance
2019Q2,hexaware,-2.828471383858199,total_q,DOL OFLC LCA disclosure data; https://www.dol.gov/agencies/eta/foreign-labor/performance
2019Q2,infosys,16.53589295743752,total_q,DOL OFLC LCA disclosure data; https://www.dol.gov/agencies/eta/foreign-labor/performance
2019Q2,ltim,-31.945959876411457,total_q,DOL OFLC LCA disclosure data; https://www.dol.gov/agencies/eta/foreign-labor/performance
2019Q2,mphasis,-256.2084482033992,total_q,DOL OFLC LCA disclosure data; https://www.dol.gov/agencies/eta/foreign-labor/performance
2019Q2,persistent,-46.32846789969906,total_q,DOL OFLC LCA disclosure data; https://www.dol.gov/agencies/eta/foreign-labor/performance
2019Q2,tcs,-13.221819479956212,total_q,DOL OFLC LCA disclosure data; https://www.dol.gov/agencies/eta/foreign-labor/performance
2019Q2,techm,-12.726983246989358,total_q,DOL OFLC LCA disclosure data; https://www.dol.gov/agencies/eta/foreign-labor/performance
2019Q2,wipro,-33.28025077322505,total_q,DOL OFLC LCA disclosure data; https://www.dol.gov/agencies/eta/foreign-labor/performance
2019Q2,pooled8,-25.44724230432954,total_q,DOL OFLC LCA disclosure data; https://www.dol.gov/agencies/eta/foreign-labor/performance
2019Q2,pooled_mid,-90.65932808578296,total_q,DOL OFLC LCA disclosure data; https://www.dol.gov/agencies/eta/foreign-labor/performance
2019Q3,accenture,-19.981269455151445,total_q,DOL OFLC LCA disclosure data; https://www.dol.gov/agencies/eta/foreign-labor/performance
2019Q3,capgemini,-77.41966441802191,total_q,DOL OFLC LCA disclosure data; https://www.dol.gov/agencies/eta/foreign-labor/performance
2019Q3,coforge,63.19603503742859,total_q,DOL OFLC LCA disclosure data; https://www.dol.gov/agencies/eta/foreign-labor/performance
2019Q3,cognizant,7.783813800191785,total_q,DOL OFLC LCA disclosure data; https://www.dol.gov/agencies/eta/foreign-labor/performance
2019Q3,hcltech,-257.8664078899348,total_q,DOL OFLC LCA disclosure data; https://www.dol.gov/agencies/eta/foreign-labor/performance
2019Q3,hexaware,31.24972415715049,total_q,DOL OFLC LCA disclosure data; https://www.dol.gov/agencies/eta/foreign-labor/performance
2019Q3,infosys,-9.360150788070822,total_q,DOL OFLC LCA disclosure data; https://www.dol.gov/agencies/eta/foreign-labor/performance
2019Q3,ltim,6.136894637629202,total_q,DOL OFLC LCA disclosure data; https://www.dol.gov/agencies/eta/foreign-labor/performance
2019Q3,mphasis,-258.52759163007954,total_q,DOL OFLC LCA disclosure data; https://www.dol.gov/agencies/eta/foreign-labor/performance
2019Q3,persistent,-13.481922280895137,total_q,DOL OFLC LCA disclosure data; https://www.dol.gov/agencies/eta/foreign-labor/performance
2019Q3,tcs,-5.70754503853028,total_q,DOL OFLC LCA disclosure data; https://www.dol.gov/agencies/eta/foreign-labor/performance
2019Q3,techm,-10.144307807302205,total_q,DOL OFLC LCA disclosure data; https://www.dol.gov/agencies/eta/foreign-labor/performance
2019Q3,wipro,-88.29141605237693,total_q,DOL OFLC LCA disclosure data; https://www.dol.gov/agencies/eta/foreign-labor/performance
2019Q3,pooled8,-57.891698849339626,total_q,DOL OFLC LCA disclosure data; https://www.dol.gov/agencies/eta/foreign-labor/performance
2019Q3,pooled_mid,-97.91799681362926,total_q,DOL OFLC LCA disclosure data; https://www.dol.gov/agencies/eta/foreign-labor/performance
2019Q4,accenture,30.630458454978278,total_q,DOL OFLC LCA disclosure data; https://www.dol.gov/agencies/eta/foreign-labor/performance
2019Q4,capgemini,-51.14948558471837,total_q,DOL OFLC LCA disclosure data; https://www.dol.gov/agencies/eta/foreign-labor/performance
2019Q4,coforge,-69.57615611340161,total_q,DOL OFLC LCA disclosure data; https://www.dol.gov/agencies/eta/foreign-labor/performance
2019Q4,cognizant,70.01957605813665,total_q,DOL OFLC LCA disclosure data; https://www.dol.gov/agencies/eta/foreign-labor/performance
2019Q4,hcltech,-167.50557644913474,total_q,DOL OFLC LCA disclosure data; https://www.dol.gov/agencies/eta/foreign-labor/performance
2019Q4,hexaware,38.85360460077163,total_q,DOL OFLC LCA disclosure data; https://www.dol.gov/agencies/eta/foreign-labor/performance
2019Q4,infosys,6.862284373064795,total_q,DOL OFLC LCA disclosure data; https://www.dol.gov/agencies/eta/foreign-labor/performance
2019Q4,ltim,-9.60926087270448,total_q,DOL OFLC LCA disclosure data; https://www.dol.gov/agencies/eta/foreign-labor/performance
2019Q4,mphasis,-201.63326133518592,total_q,DOL OFLC LCA disclosure data; https://www.dol.gov/agencies/eta/foreign-labor/performance
2019Q4,persistent,26.236426446749107,total_q,DOL OFLC LCA disclosure data; https://www.dol.gov/agencies/eta/foreign-labor/performance
2019Q4,tcs,13.435180451728632,total_q,DOL OFLC LCA disclosure data; https://www.dol.gov/agencies/eta/foreign-labor/performance
2019Q4,techm,5.647351581405621,total_q,DOL OFLC LCA disclosure data; https://www.dol.gov/agencies/eta/foreign-labor/performance
2019Q4,wipro,-84.76412080300616,total_q,DOL OFLC LCA disclosure data; https://www.dol.gov/agencies/eta/foreign-labor/performance
2019Q4,pooled8,4.891626443103714,total_q,DOL OFLC LCA disclosure data; https://www.dol.gov/agencies/eta/foreign-labor/performance
2019Q4,pooled_mid,-82.1506176260644,total_q,DOL OFLC LCA disclosure data; https://www.dol.gov/agencies/eta/foreign-labor/performance
2020Q1,accenture,-129.0259898643254,total_q,DOL OFLC LCA disclosure data; https://www.dol.gov/agencies/eta/foreign-labor/performance
2020Q1,capgemini,-124.8483056120147,total_q,DOL OFLC LCA disclosure data; https://www.dol.gov/agencies/eta/foreign-labor/performance
2020Q1,coforge,-69.96029809028165,total_q,DOL OFLC LCA disclosure data; https://www.dol.gov/agencies/eta/foreign-labor/performance
2020Q1,cognizant,-52.799224535456055,total_q,DOL OFLC LCA disclosure data; https://www.dol.gov/agencies/eta/foreign-labor/performance
2020Q1,hcltech,-104.46940558727869,total_q,DOL OFLC LCA disclosure data; https://www.dol.gov/agencies/eta/foreign-labor/performance
2020Q1,hexaware,-72.90254682248472,total_q,DOL OFLC LCA disclosure data; https://www.dol.gov/agencies/eta/foreign-labor/performance
2020Q1,infosys,-132.99851911179923,total_q,DOL OFLC LCA disclosure data; https://www.dol.gov/agencies/eta/foreign-labor/performance
2020Q1,ltim,-129.55570431607,total_q,DOL OFLC LCA disclosure data; https://www.dol.gov/agencies/eta/foreign-labor/performance
2020Q1,mphasis,-181.75473861295666,total_q,DOL OFLC LCA disclosure data; https://www.dol.gov/agencies/eta/foreign-labor/performance
2020Q1,persistent,-90.92068769857501,total_q,DOL OFLC LCA disclosure data; https://www.dol.gov/agencies/eta/foreign-labor/performance
2020Q1,tcs,-171.2912257326123,total_q,DOL OFLC LCA disclosure data; https://www.dol.gov/agencies/eta/foreign-labor/performance
2020Q1,techm,-125.17906786764289,total_q,DOL OFLC LCA disclosure data; https://www.dol.gov/agencies/eta/foreign-labor/performance
2020Q1,wipro,-177.04554053584883,total_q,DOL OFLC LCA disclosure data; https://www.dol.gov/agencies/eta/foreign-labor/performance
2020Q1,pooled8,-119.05521795792104,total_q,DOL OFLC LCA disclosure data; https://www.dol.gov/agencies/eta/foreign-labor/performance
2020Q1,pooled_mid,-123.48916419974829,total_q,DOL OFLC LCA disclosure data; https://www.dol.gov/agencies/eta/foreign-labor/performance
2020Q2,accenture,72.25798873470637,total_q,DOL OFLC LCA disclosure data; https://www.dol.gov/agencies/eta/foreign-labor/performance
2020Q2,capgemini,48.60007908964418,total_q,DOL OFLC LCA disclosure data; https://www.dol.gov/agencies/eta/foreign-labor/performance
2020Q2,coforge,31.340696369021682,total_q,DOL OFLC LCA disclosure data; https://www.dol.gov/agencies/eta/foreign-labor/performance
2020Q2,cognizant,-46.872813617622235,total_q,DOL OFLC LCA disclosure data; https://www.dol.gov/agencies/eta/foreign-labor/performance
2020Q2,hcltech,48.49833729901338,total_q,DOL OFLC LCA disclosure data; https://www.dol.gov/agencies/eta/foreign-labor/performance
2020Q2,hexaware,58.276496980238825,total_q,DOL OFLC LCA disclosure data; https://www.dol.gov/agencies/eta/foreign-labor/performance
2020Q2,infosys,159.4711028696697,total_q,DOL OFLC LCA disclosure data; https://www.dol.gov/agencies/eta/foreign-labor/performance
2020Q2,ltim,35.63058721500809,total_q,DOL OFLC LCA disclosure data; https://www.dol.gov/agencies/eta/foreign-labor/performance
2020Q2,mphasis,41.64241218978839,total_q,DOL OFLC LCA disclosure data; https://www.dol.gov/agencies/eta/foreign-labor/performance
2020Q2,persistent,102.45043165143876,total_q,DOL OFLC LCA disclosure data; https://www.dol.gov/agencies/eta/foreign-labor/performance
2020Q2,tcs,78.7365992294415,total_q,DOL OFLC LCA disclosure data; https://www.dol.gov/agencies/eta/foreign-labor/performance
2020Q2,techm,39.38745082932546,total_q,DOL OFLC LCA disclosure data; https://www.dol.gov/agencies/eta/foreign-labor/performance
2020Q2,wipro,70.11280688909581,total_q,DOL OFLC LCA disclosure data; https://www.dol.gov/agencies/eta/foreign-labor/performance
2020Q2,pooled8,65.62871293159705,total_q,DOL OFLC LCA disclosure data; https://www.dol.gov/agencies/eta/foreign-labor/performance
2020Q2,pooled_mid,46.54696558221963,total_q,DOL OFLC LCA disclosure data; https://www.dol.gov/agencies/eta/foreign-labor/performance
2020Q3,accenture,50.95669703587945,total_q,DOL OFLC LCA disclosure data; https://www.dol.gov/agencies/eta/foreign-labor/performance
2020Q3,capgemini,-9.84163082723229,total_q,DOL OFLC LCA disclosure data; https://www.dol.gov/agencies/eta/foreign-labor/performance
2020Q3,coforge,-156.8233581835779,total_q,DOL OFLC LCA disclosure data; https://www.dol.gov/agencies/eta/foreign-labor/performance
2020Q3,cognizant,44.51540408649897,total_q,DOL OFLC LCA disclosure data; https://www.dol.gov/agencies/eta/foreign-labor/performance
2020Q3,hcltech,3.111638719645315,total_q,DOL OFLC LCA disclosure data; https://www.dol.gov/agencies/eta/foreign-labor/performance
2020Q3,hexaware,3.964483134724038,total_q,DOL OFLC LCA disclosure data; https://www.dol.gov/agencies/eta/foreign-labor/performance
2020Q3,infosys,68.22903356606635,total_q,DOL OFLC LCA disclosure data; https://www.dol.gov/agencies/eta/foreign-labor/performance
2020Q3,ltim,-24.530284948291953,total_q,DOL OFLC LCA disclosure data; https://www.dol.gov/agencies/eta/foreign-labor/performance
2020Q3,mphasis,26.950947187213544,total_q,DOL OFLC LCA disclosure data; https://www.dol.gov/agencies/eta/foreign-labor/performance
2020Q3,persistent,-34.06044739061234,total_q,DOL OFLC LCA disclosure data; https://www.dol.gov/agencies/eta/foreign-labor/performance
2020Q3,tcs,53.200346524171636,total_q,DOL OFLC LCA disclosure data; https://www.dol.gov/agencies/eta/foreign-labor/performance
2020Q3,techm,-49.09738552132591,total_q,DOL OFLC LCA disclosure data; https://www.dol.gov/agencies/eta/foreign-labor/performance
2020Q3,wipro,122.90367729891523,total_q,DOL OFLC LCA disclosure data; https://www.dol.gov/agencies/eta/foreign-labor/performance
2020Q3,pooled8,47.325743321059136,total_q,DOL OFLC LCA disclosure data; https://www.dol.gov/agencies/eta/foreign-labor/performance
2020Q3,pooled_mid,-21.263287164844293,total_q,DOL OFLC LCA disclosure data; https://www.dol.gov/agencies/eta/foreign-labor/performance
2020Q4,accenture,-25.978456891488992,total_q,DOL OFLC LCA disclosure data; https://www.dol.gov/agencies/eta/foreign-labor/performance
2020Q4,capgemini,-108.944937574659,total_q,DOL OFLC LCA disclosure data; https://www.dol.gov/agencies/eta/foreign-labor/performance
2020Q4,coforge,-156.33939739326937,total_q,DOL OFLC LCA disclosure data; https://www.dol.gov/agencies/eta/foreign-labor/performance
2020Q4,cognizant,-145.5182405309718,total_q,DOL OFLC LCA disclosure data; https://www.dol.gov/agencies/eta/foreign-labor/performance
2020Q4,hcltech,17.219122414028263,total_q,DOL OFLC LCA disclosure data; https://www.dol.gov/agencies/eta/foreign-labor/performance
2020Q4,hexaware,-74.82990006350254,total_q,DOL OFLC LCA disclosure data; https://www.dol.gov/agencies/eta/foreign-labor/performance
2020Q4,infosys,38.098836168161014,total_q,DOL OFLC LCA disclosure data; https://www.dol.gov/agencies/eta/foreign-labor/performance
2020Q4,ltim,-75.26961203671647,total_q,DOL OFLC LCA disclosure data; https://www.dol.gov/agencies/eta/foreign-labor/performance
2020Q4,mphasis,64.70358286005397,total_q,DOL OFLC LCA disclosure data; https://www.dol.gov/agencies/eta/foreign-labor/performance
2020Q4,persistent,-29.62658161431724,total_q,DOL OFLC LCA disclosure data; https://www.dol.gov/agencies/eta/foreign-labor/performance
2020Q4,tcs,-135.13218179097697,total_q,DOL OFLC LCA disclosure data; https://www.dol.gov/agencies/eta/foreign-labor/performance
2020Q4,techm,-36.55087127364061,total_q,DOL OFLC LCA disclosure data; https://www.dol.gov/agencies/eta/foreign-labor/performance
2020Q4,wipro,58.6717717713214,total_q,DOL OFLC LCA disclosure data; https://www.dol.gov/agencies/eta/foreign-labor/performance
2020Q4,pooled8,-64.05410423880463,total_q,DOL OFLC LCA disclosure data; https://www.dol.gov/agencies/eta/foreign-labor/performance
2020Q4,pooled_mid,-60.176402079202326,total_q,DOL OFLC LCA disclosure data; https://www.dol.gov/agencies/eta/foreign-labor/performance
2021Q1,accenture,-33.83479298985664,total_q,DOL OFLC LCA disclosure data; https://www.dol.gov/agencies/eta/foreign-labor/performance
2021Q1,capgemini,-64.49978366623628,total_q,DOL OFLC LCA disclosure data; https://www.dol.gov/agencies/eta/foreign-labor/performance
2021Q1,coforge,-173.63296642887244,total_q,DOL OFLC LCA disclosure data; https://www.dol.gov/agencies/eta/foreign-labor/performance
2021Q1,cognizant,-115.08807172138664,total_q,DOL OFLC LCA disclosure data; https://www.dol.gov/agencies/eta/foreign-labor/performance
2021Q1,hcltech,-24.053529402607893,total_q,DOL OFLC LCA disclosure data; https://www.dol.gov/agencies/eta/foreign-labor/performance
2021Q1,hexaware,-50.626980723013006,total_q,DOL OFLC LCA disclosure data; https://www.dol.gov/agencies/eta/foreign-labor/performance
2021Q1,infosys,205.40765983463825,total_q,DOL OFLC LCA disclosure data; https://www.dol.gov/agencies/eta/foreign-labor/performance
2021Q1,ltim,-6.575137756278042,total_q,DOL OFLC LCA disclosure data; https://www.dol.gov/agencies/eta/foreign-labor/performance
2021Q1,mphasis,70.7155191716056,total_q,DOL OFLC LCA disclosure data; https://www.dol.gov/agencies/eta/foreign-labor/performance
2021Q1,persistent,-31.551687144522493,total_q,DOL OFLC LCA disclosure data; https://www.dol.gov/agencies/eta/foreign-labor/performance
2021Q1,tcs,70.54983357056622,total_q,DOL OFLC LCA disclosure data; https://www.dol.gov/agencies/eta/foreign-labor/performance
2021Q1,techm,-45.78330936254803,total_q,DOL OFLC LCA disclosure data; https://www.dol.gov/agencies/eta/foreign-labor/performance
2021Q1,wipro,112.71332685169739,total_q,DOL OFLC LCA disclosure data; https://www.dol.gov/agencies/eta/foreign-labor/performance
2021Q1,pooled8,92.65551912295216,total_q,DOL OFLC LCA disclosure data; https://www.dol.gov/agencies/eta/foreign-labor/performance
2021Q1,pooled_mid,-37.62828126740491,total_q,DOL OFLC LCA disclosure data; https://www.dol.gov/agencies/eta/foreign-labor/performance
2021Q2,accenture,-66.86493808216862,total_q,DOL OFLC LCA disclosure data; https://www.dol.gov/agencies/eta/foreign-labor/performance
2021Q2,capgemini,-41.41274565441363,total_q,DOL OFLC LCA disclosure data; https://www.dol.gov/agencies/eta/foreign-labor/performance
2021Q2,coforge,-125.2762968495368,total_q,DOL OFLC LCA disclosure data; https://www.dol.gov/agencies/eta/foreign-labor/performance
2021Q2,cognizant,8.1826918717056,total_q,DOL OFLC LCA disclosure data; https://www.dol.gov/agencies/eta/foreign-labor/performance
2021Q2,hcltech,-19.82754847361963,total_q,DOL OFLC LCA disclosure data; https://www.dol.gov/agencies/eta/foreign-labor/performance
2021Q2,hexaware,-47.413112879959286,total_q,DOL OFLC LCA disclosure data; https://www.dol.gov/agencies/eta/foreign-labor/performance
2021Q2,infosys,93.17514054199319,total_q,DOL OFLC LCA disclosure data; https://www.dol.gov/agencies/eta/foreign-labor/performance
2021Q2,ltim,-21.009384211251188,total_q,DOL OFLC LCA disclosure data; https://www.dol.gov/agencies/eta/foreign-labor/performance
2021Q2,mphasis,21.93215428396345,total_q,DOL OFLC LCA disclosure data; https://www.dol.gov/agencies/eta/foreign-labor/performance
2021Q2,persistent,-50.65612249795331,total_q,DOL OFLC LCA disclosure data; https://www.dol.gov/agencies/eta/foreign-labor/performance
2021Q2,tcs,3.256413951076335,total_q,DOL OFLC LCA disclosure data; https://www.dol.gov/agencies/eta/foreign-labor/performance
2021Q2,techm,-47.24245192401144,total_q,DOL OFLC LCA disclosure data; https://www.dol.gov/agencies/eta/foreign-labor/performance
2021Q2,wipro,48.90968182547276,total_q,DOL OFLC LCA disclosure data; https://www.dol.gov/agencies/eta/foreign-labor/performance
2021Q2,pooled8,52.663478469776436,total_q,DOL OFLC LCA disclosure data; https://www.dol.gov/agencies/eta/foreign-labor/performance
2021Q2,pooled_mid,-46.546965582219634,total_q,DOL OFLC LCA disclosure data; https://www.dol.gov/agencies/eta/foreign-labor/performance
2021Q3,accenture,-54.043690429465585,total_q,DOL OFLC LCA disclosure data; https://www.dol.gov/agencies/eta/foreign-labor/performance
2021Q3,capgemini,-53.78022114641927,total_q,DOL OFLC LCA disclosure data; https://www.dol.gov/agencies/eta/foreign-labor/performance
2021Q3,coforge,-23.700058597563594,total_q,DOL OFLC LCA disclosure data; https://www.dol.gov/agencies/eta/foreign-labor/performance
2021Q3,cognizant,-95.99448978270536,total_q,DOL OFLC LCA disclosure data; https://www.dol.gov/agencies/eta/foreign-labor/performance
2021Q3,hcltech,261.46010336377316,total_q,DOL OFLC LCA disclosure data; https://www.dol.gov/agencies/eta/foreign-labor/performance
2021Q3,hexaware,-74.76070976923262,total_q,DOL OFLC LCA disclosure data; https://www.dol.gov/agencies/eta/foreign-labor/performance
2021Q3,infosys,158.11341362712486,total_q,DOL OFLC LCA disclosure data; https://www.dol.gov/agencies/eta/foreign-labor/performance
2021Q3,ltim,5.384880912569234,total_q,DOL OFLC LCA disclosure data; https://www.dol.gov/agencies/eta/foreign-labor/performance
2021Q3,mphasis,36.248328553447934,total_q,DOL OFLC LCA disclosure data; https://www.dol.gov/agencies/eta/foreign-labor/performance
2021Q3,persistent,-24.512245803298498,total_q,DOL OFLC LCA disclosure data; https://www.dol.gov/agencies/eta/foreign-labor/performance
2021Q3,tcs,-22.900867076660788,total_q,DOL OFLC LCA disclosure data; https://www.dol.gov/agencies/eta/foreign-labor/performance
2021Q3,techm,11.367962407179103,total_q,DOL OFLC LCA disclosure data; https://www.dol.gov/agencies/eta/foreign-labor/performance
2021Q3,wipro,17.528364738782145,total_q,DOL OFLC LCA disclosure data; https://www.dol.gov/agencies/eta/foreign-labor/performance
2021Q3,pooled8,66.2948363125824,total_q,DOL OFLC LCA disclosure data; https://www.dol.gov/agencies/eta/foreign-labor/performance
2021Q3,pooled_mid,-33.86809089551973,total_q,DOL OFLC LCA disclosure data; https://www.dol.gov/agencies/eta/foreign-labor/performance
2021Q4,accenture,-25.6282318583801,total_q,DOL OFLC LCA disclosure data; https://www.dol.gov/agencies/eta/foreign-labor/performance
2021Q4,capgemini,83.11771458838311,total_q,DOL OFLC LCA disclosure data; https://www.dol.gov/agencies/eta/foreign-labor/performance
2021Q4,coforge,28.14124594381855,total_q,DOL OFLC LCA disclosure data; https://www.dol.gov/agencies/eta/foreign-labor/performance
2021Q4,cognizant,14.99060274963126,total_q,DOL OFLC LCA disclosure data; https://www.dol.gov/agencies/eta/foreign-labor/performance
2021Q4,hcltech,-38.8339858582701,total_q,DOL OFLC LCA disclosure data; https://www.dol.gov/agencies/eta/foreign-labor/performance
2021Q4,hexaware,32.312882144752855,total_q,DOL OFLC LCA disclosure data; https://www.dol.gov/agencies/eta/foreign-labor/performance
2021Q4,infosys,191.35332203308536,total_q,DOL OFLC LCA disclosure data; https://www.dol.gov/agencies/eta/foreign-labor/performance
2021Q4,ltim,40.63350516167045,total_q,DOL OFLC LCA disclosure data; https://www.dol.gov/agencies/eta/foreign-labor/performance
2021Q4,mphasis,-26.61918048827235,total_q,DOL OFLC LCA disclosure data; https://www.dol.gov/agencies/eta/foreign-labor/performance
2021Q4,persistent,-65.92456288842638,total_q,DOL OFLC LCA disclosure data; https://www.dol.gov/agencies/eta/foreign-labor/performance
2021Q4,tcs,155.89611826880144,total_q,DOL OFLC LCA disclosure data; https://www.dol.gov/agencies/eta/foreign-labor/performance
2021Q4,techm,-37.70944109789489,total_q,DOL OFLC LCA disclosure data; https://www.dol.gov/agencies/eta/foreign-labor/performance
2021Q4,wipro,81.6854404158658,total_q,DOL OFLC LCA disclosure data; https://www.dol.gov/agencies/eta/foreign-labor/performance
2021Q4,pooled8,113.01592639894108,total_q,DOL OFLC LCA disclosure data; https://www.dol.gov/agencies/eta/foreign-labor/performance
2021Q4,pooled_mid,35.157559195448655,total_q,DOL OFLC LCA disclosure data; https://www.dol.gov/agencies/eta/foreign-labor/performance
2022Q1,accenture,-27.462550714935325,total_q,DOL OFLC LCA disclosure data; https://www.dol.gov/agencies/eta/foreign-labor/performance
2022Q1,capgemini,17.708469645627183,total_q,DOL OFLC LCA disclosure data; https://www.dol.gov/agencies/eta/foreign-labor/performance
2022Q1,coforge,12.429771667757713,total_q,DOL OFLC LCA disclosure data; https://www.dol.gov/agencies/eta/foreign-labor/performance
2022Q1,cognizant,26.835006610350547,total_q,DOL OFLC LCA disclosure data; https://www.dol.gov/agencies/eta/foreign-labor/performance
2022Q1,hcltech,30.2916317023629,total_q,DOL OFLC LCA disclosure data; https://www.dol.gov/agencies/eta/foreign-labor/performance
2022Q1,hexaware,10.08046991219655,total_q,DOL OFLC LCA disclosure data; https://www.dol.gov/agencies/eta/foreign-labor/performance
2022Q1,infosys,-28.220904611499932,total_q,DOL OFLC LCA disclosure data; https://www.dol.gov/agencies/eta/foreign-labor/performance
2022Q1,ltim,1.7642799242749818,total_q,DOL OFLC LCA disclosure data; https://www.dol.gov/agencies/eta/foreign-labor/performance
2022Q1,mphasis,-45.618913480254704,total_q,DOL OFLC LCA disclosure data; https://www.dol.gov/agencies/eta/foreign-labor/performance
2022Q1,persistent,-19.53087523207657,total_q,DOL OFLC LCA disclosure data; https://www.dol.gov/agencies/eta/foreign-labor/performance
2022Q1,tcs,-21.617389078472744,total_q,DOL OFLC LCA disclosure data; https://www.dol.gov/agencies/eta/foreign-labor/performance
2022Q1,techm,-38.155958725461005,total_q,DOL OFLC LCA disclosure data; https://www.dol.gov/agencies/eta/foreign-labor/performance
2022Q1,wipro,-173.30624391699305,total_q,DOL OFLC LCA disclosure data; https://www.dol.gov/agencies/eta/foreign-labor/performance
2022Q1,pooled8,-31.397775353614165,total_q,DOL OFLC LCA disclosure data; https://www.dol.gov/agencies/eta/foreign-labor/performance
2022Q1,pooled_mid,-5.682984475534323,total_q,DOL OFLC LCA disclosure data; https://www.dol.gov/agencies/eta/foreign-labor/performance
2022Q2,accenture,8.865072161906284,total_q,DOL OFLC LCA disclosure data; https://www.dol.gov/agencies/eta/foreign-labor/performance
2022Q2,capgemini,35.263996872655326,total_q,DOL OFLC LCA disclosure data; https://www.dol.gov/agencies/eta/foreign-labor/performance
2022Q2,coforge,-52.48118657407306,total_q,DOL OFLC LCA disclosure data; https://www.dol.gov/agencies/eta/foreign-labor/performance
2022Q2,cognizant,5.1812951425607245,total_q,DOL OFLC LCA disclosure data; https://www.dol.gov/agencies/eta/foreign-labor/performance
2022Q2,hcltech,14.154017223532875,total_q,DOL OFLC LCA disclosure data; https://www.dol.gov/agencies/eta/foreign-labor/performance
2022Q2,hexaware,3.255260303774855,total_q,DOL OFLC LCA disclosure data; https://www.dol.gov/agencies/eta/foreign-labor/performance
2022Q2,infosys,31.511397556348886,total_q,DOL OFLC LCA disclosure data; https://www.dol.gov/agencies/eta/foreign-labor/performance
2022Q2,ltim,29.430198276511156,total_q,DOL OFLC LCA disclosure data; https://www.dol.gov/agencies/eta/foreign-labor/performance
2022Q2,mphasis,1.95022432314411,total_q,DOL OFLC LCA disclosure data; https://www.dol.gov/agencies/eta/foreign-labor/performance
2022Q2,persistent,50.65612249795331,total_q,DOL OFLC LCA disclosure data; https://www.dol.gov/agencies/eta/foreign-labor/performance
2022Q2,tcs,-21.902323234118963,total_q,DOL OFLC LCA disclosure data; https://www.dol.gov/agencies/eta/foreign-labor/performance
2022Q2,techm,0.276625349289011,total_q,DOL OFLC LCA disclosure data; https://www.dol.gov/agencies/eta/foreign-labor/performance
2022Q2,wipro,12.277478048717205,total_q,DOL OFLC LCA disclosure data; https://www.dol.gov/agencies/eta/foreign-labor/performance
2022Q2,pooled8,22.477445649840764,total_q,DOL OFLC LCA disclosure data; https://www.dol.gov/agencies/eta/foreign-labor/performance
2022Q2,pooled_mid,20.568758608882447,total_q,DOL OFLC LCA disclosure data; https://www.dol.gov/agencies/eta/foreign-labor/performance
2022Q3,accenture,-63.743124803755315,total_q,DOL OFLC LCA disclosure data; https://www.dol.gov/agencies/eta/foreign-labor/performance
2022Q3,capgemini,-9.844007281325252,total_q,DOL OFLC LCA disclosure data; https://www.dol.gov/agencies/eta/foreign-labor/performance
2022Q3,coforge,-42.89956055183584,total_q,DOL OFLC LCA disclosure data; https://www.dol.gov/agencies/eta/foreign-labor/performance
2022Q3,cognizant,-8.879113274306407,total_q,DOL OFLC LCA disclosure data; https://www.dol.gov/agencies/eta/foreign-labor/performance
2022Q3,hcltech,-266.10043427310904,total_q,DOL OFLC LCA disclosure data; https://www.dol.gov/agencies/eta/foreign-labor/performance
2022Q3,hexaware,-45.518854346059484,total_q,DOL OFLC LCA disclosure data; https://www.dol.gov/agencies/eta/foreign-labor/performance
2022Q3,infosys,-86.76679760839035,total_q,DOL OFLC LCA disclosure data; https://www.dol.gov/agencies/eta/foreign-labor/performance
2022Q3,ltim,-42.065193019959224,total_q,DOL OFLC LCA disclosure data; https://www.dol.gov/agencies/eta/foreign-labor/performance
2022Q3,mphasis,-9.19374953256856,total_q,DOL OFLC LCA disclosure data; https://www.dol.gov/agencies/eta/foreign-labor/performance
2022Q3,persistent,3.636764417087479,total_q,DOL OFLC LCA disclosure data; https://www.dol.gov/agencies/eta/foreign-labor/performance
2022Q3,tcs,-28.621256447242093,total_q,DOL OFLC LCA disclosure data; https://www.dol.gov/agencies/eta/foreign-labor/performance
2022Q3,techm,-65.8661004488776,total_q,DOL OFLC LCA disclosure data; https://www.dol.gov/agencies/eta/foreign-labor/performance
2022Q3,wipro,-66.1658175289648,total_q,DOL OFLC LCA disclosure data; https://www.dol.gov/agencies/eta/foreign-labor/performance
2022Q3,pooled8,-91.53545520118583,total_q,DOL OFLC LCA disclosure data; https://www.dol.gov/agencies/eta/foreign-labor/performance
2022Q3,pooled_mid,-13.52633280136692,total_q,DOL OFLC LCA disclosure data; https://www.dol.gov/agencies/eta/foreign-labor/performance
2022Q4,accenture,5.99879977214488,total_q,DOL OFLC LCA disclosure data; https://www.dol.gov/agencies/eta/foreign-labor/performance
2022Q4,capgemini,-53.79136635938549,total_q,DOL OFLC LCA disclosure data; https://www.dol.gov/agencies/eta/foreign-labor/performance
2022Q4,coforge,3.7041271680349075,total_q,DOL OFLC LCA disclosure data; https://www.dol.gov/agencies/eta/foreign-labor/performance
2022Q4,cognizant,-2.189297761023689,total_q,DOL OFLC LCA disclosure data; https://www.dol.gov/agencies/eta/foreign-labor/performance
2022Q4,hcltech,-5.511036271051881,total_q,DOL OFLC LCA disclosure data; https://www.dol.gov/agencies/eta/foreign-labor/performance
2022Q4,hexaware,-51.58131652770298,total_q,DOL OFLC LCA disclosure data; https://www.dol.gov/agencies/eta/foreign-labor/performance
2022Q4,infosys,-78.50471462415604,total_q,DOL OFLC LCA disclosure data; https://www.dol.gov/agencies/eta/foreign-labor/performance
2022Q4,ltim,-31.649912087521265,total_q,DOL OFLC LCA disclosure data; https://www.dol.gov/agencies/eta/foreign-labor/performance
2022Q4,mphasis,-38.51451056172069,total_q,DOL OFLC LCA disclosure data; https://www.dol.gov/agencies/eta/foreign-labor/performance
2022Q4,persistent,72.59370033829363,total_q,DOL OFLC LCA disclosure data; https://www.dol.gov/agencies/eta/foreign-labor/performance
2022Q4,tcs,-26.18979552960663,total_q,DOL OFLC LCA disclosure data; https://www.dol.gov/agencies/eta/foreign-labor/performance
2022Q4,techm,-36.26869860953602,total_q,DOL OFLC LCA disclosure data; https://www.dol.gov/agencies/eta/foreign-labor/performance
2022Q4,wipro,-27.41881745370087,total_q,DOL OFLC LCA disclosure data; https://www.dol.gov/agencies/eta/foreign-labor/performance
2022Q4,pooled8,-54.01987388897941,total_q,DOL OFLC LCA disclosure data; https://www.dol.gov/agencies/eta/foreign-labor/performance
2022Q4,pooled_mid,-42.52407269912218,total_q,DOL OFLC LCA disclosure data; https://www.dol.gov/agencies/eta/foreign-labor/performance
2023Q1,accenture,-14.710012183059154,total_q,DOL OFLC LCA disclosure data; https://www.dol.gov/agencies/eta/foreign-labor/performance
2023Q1,capgemini,-23.123105982622892,total_q,DOL OFLC LCA disclosure data; https://www.dol.gov/agencies/eta/foreign-labor/performance
2023Q1,coforge,-39.25617032722565,total_q,DOL OFLC LCA disclosure data; https://www.dol.gov/agencies/eta/foreign-labor/performance
2023Q1,cognizant,10.338168476213848,total_q,DOL OFLC LCA disclosure data; https://www.dol.gov/agencies/eta/foreign-labor/performance
2023Q1,hcltech,-7.860385850443728,total_q,DOL OFLC LCA disclosure data; https://www.dol.gov/agencies/eta/foreign-labor/performance
2023Q1,hexaware,-34.88776334787006,total_q,DOL OFLC LCA disclosure data; https://www.dol.gov/agencies/eta/foreign-labor/performance
2023Q1,infosys,-114.43799691596077,total_q,DOL OFLC LCA disclosure data; https://www.dol.gov/agencies/eta/foreign-labor/performance
2023Q1,ltim,-19.802449121887786,total_q,DOL OFLC LCA disclosure data; https://www.dol.gov/agencies/eta/foreign-labor/performance
2023Q1,mphasis,-26.35845208727204,total_q,DOL OFLC LCA disclosure data; https://www.dol.gov/agencies/eta/foreign-labor/performance
2023Q1,persistent,55.681073700781404,total_q,DOL OFLC LCA disclosure data; https://www.dol.gov/agencies/eta/foreign-labor/performance
2023Q1,tcs,-33.18761528721198,total_q,DOL OFLC LCA disclosure data; https://www.dol.gov/agencies/eta/foreign-labor/performance
2023Q1,techm,-18.547613354247012,total_q,DOL OFLC LCA disclosure data; https://www.dol.gov/agencies/eta/foreign-labor/performance
2023Q1,wipro,76.22915557211506,total_q,DOL OFLC LCA disclosure data; https://www.dol.gov/agencies/eta/foreign-labor/performance
2023Q1,pooled8,-65.94548781286342,total_q,DOL OFLC LCA disclosure data; https://www.dol.gov/agencies/eta/foreign-labor/performance
2023Q1,pooled_mid,-21.790107534935977,total_q,DOL OFLC LCA disclosure data; https://www.dol.gov/agencies/eta/foreign-labor/performance
2023Q2,accenture,-15.040395382564958,total_q,DOL OFLC LCA disclosure data; https://www.dol.gov/agencies/eta/foreign-labor/performance
2023Q2,capgemini,-29.680814491615898,total_q,DOL OFLC LCA disclosure data; https://www.dol.gov/agencies/eta/foreign-labor/performance
2023Q2,coforge,19.746453689651815,total_q,DOL OFLC LCA disclosure data; https://www.dol.gov/agencies/eta/foreign-labor/performance
2023Q2,cognizant,-23.110033150660666,total_q,DOL OFLC LCA disclosure data; https://www.dol.gov/agencies/eta/foreign-labor/performance
2023Q2,hcltech,-16.74579502391157,total_q,DOL OFLC LCA disclosure data; https://www.dol.gov/agencies/eta/foreign-labor/performance
2023Q2,hexaware,-30.081658963242784,total_q,DOL OFLC LCA disclosure data; https://www.dol.gov/agencies/eta/foreign-labor/performance
2023Q2,infosys,-115.55807399984023,total_q,DOL OFLC LCA disclosure data; https://www.dol.gov/agencies/eta/foreign-labor/performance
2023Q2,ltim,-28.68906200954694,total_q,DOL OFLC LCA disclosure data; https://www.dol.gov/agencies/eta/foreign-labor/performance
2023Q2,mphasis,-8.272871519762896,total_q,DOL OFLC LCA disclosure data; https://www.dol.gov/agencies/eta/foreign-labor/performance
2023Q2,persistent,3.154835773492606,total_q,DOL OFLC LCA disclosure data; https://www.dol.gov/agencies/eta/foreign-labor/performance
2023Q2,tcs,-37.111135605890624,total_q,DOL OFLC LCA disclosure data; https://www.dol.gov/agencies/eta/foreign-labor/performance
2023Q2,techm,-25.328954249202535,total_q,DOL OFLC LCA disclosure data; https://www.dol.gov/agencies/eta/foreign-labor/performance
2023Q2,wipro,-21.11873762340773,total_q,DOL OFLC LCA disclosure data; https://www.dol.gov/agencies/eta/foreign-labor/performance
2023Q2,pooled8,-81.61618123943549,total_q,DOL OFLC LCA disclosure data; https://www.dol.gov/agencies/eta/foreign-labor/performance
2023Q2,pooled_mid,-21.194673441811315,total_q,DOL OFLC LCA disclosure data; https://www.dol.gov/agencies/eta/foreign-labor/performance
2023Q3,accenture,82.51436534663843,total_q,DOL OFLC LCA disclosure data; https://www.dol.gov/agencies/eta/foreign-labor/performance
2023Q3,capgemini,6.3999582832960815,total_q,DOL OFLC LCA disclosure data; https://www.dol.gov/agencies/eta/foreign-labor/performance
2023Q3,coforge,81.09302162163287,total_q,DOL OFLC LCA disclosure data; https://www.dol.gov/agencies/eta/foreign-labor/performance
2023Q3,cognizant,8.664947673095776,total_q,DOL OFLC LCA disclosure data; https://www.dol.gov/agencies/eta/foreign-labor/performance
2023Q3,hcltech,19.211512027475237,total_q,DOL OFLC LCA disclosure data; https://www.dol.gov/agencies/eta/foreign-labor/performance
2023Q3,hexaware,34.48404862917296,total_q,DOL OFLC LCA disclosure data; https://www.dol.gov/agencies/eta/foreign-labor/performance
2023Q3,infosys,-23.76064318658956,total_q,DOL OFLC LCA disclosure data; https://www.dol.gov/agencies/eta/foreign-labor/performance
2023Q3,ltim,45.54268443762023,total_q,DOL OFLC LCA disclosure data; https://www.dol.gov/agencies/eta/foreign-labor/performance
2023Q3,mphasis,-35.491282894533306,total_q,DOL OFLC LCA disclosure data; https://www.dol.gov/agencies/eta/foreign-labor/performance
2023Q3,persistent,95.82549309731873,total_q,DOL OFLC LCA disclosure data; https://www.dol.gov/agencies/eta/foreign-labor/performance
2023Q3,tcs,-32.23772280594613,total_q,DOL OFLC LCA disclosure data; https://www.dol.gov/agencies/eta/foreign-labor/performance
2023Q3,techm,55.961578793542266,total_q,DOL OFLC LCA disclosure data; https://www.dol.gov/agencies/eta/foreign-labor/performance
2023Q3,wipro,92.49487946172697,total_q,DOL OFLC LCA disclosure data; https://www.dol.gov/agencies/eta/foreign-labor/performance
2023Q3,pooled8,5.960335462449677,total_q,DOL OFLC LCA disclosure data; https://www.dol.gov/agencies/eta/foreign-labor/performance
2023Q3,pooled_mid,8.842280982803747,total_q,DOL OFLC LCA disclosure data; https://www.dol.gov/agencies/eta/foreign-labor/performance
2023Q4,accenture,-53.83728649157802,total_q,DOL OFLC LCA disclosure data; https://www.dol.gov/agencies/eta/foreign-labor/performance
2023Q4,capgemini,14.803607882740424,total_q,DOL OFLC LCA disclosure data; https://www.dol.gov/agencies/eta/foreign-labor/performance
2023Q4,coforge,-9.53101798043249,total_q,DOL OFLC LCA disclosure data; https://www.dol.gov/agencies/eta/foreign-labor/performance
2023Q4,cognizant,-47.332931130374156,total_q,DOL OFLC LCA disclosure data; https://www.dol.gov/agencies/eta/foreign-labor/performance
2023Q4,hcltech,-11.86686968603214,total_q,DOL OFLC LCA disclosure data; https://www.dol.gov/agencies/eta/foreign-labor/performance
2023Q4,hexaware,19.268434382950115,total_q,DOL OFLC LCA disclosure data; https://www.dol.gov/agencies/eta/foreign-labor/performance
2023Q4,infosys,-106.07447228903766,total_q,DOL OFLC LCA disclosure data; https://www.dol.gov/agencies/eta/foreign-labor/performance
2023Q4,ltim,1.4218249002279173,total_q,DOL OFLC LCA disclosure data; https://www.dol.gov/agencies/eta/foreign-labor/performance
2023Q4,mphasis,4.632407167423841,total_q,DOL OFLC LCA disclosure data; https://www.dol.gov/agencies/eta/foreign-labor/performance
2023Q4,persistent,32.72129112084162,total_q,DOL OFLC LCA disclosure data; https://www.dol.gov/agencies/eta/foreign-labor/performance
2023Q4,tcs,-30.520850436851397,total_q,DOL OFLC LCA disclosure data; https://www.dol.gov/agencies/eta/foreign-labor/performance
2023Q4,techm,-1.0101095986503934,total_q,DOL OFLC LCA disclosure data; https://www.dol.gov/agencies/eta/foreign-labor/performance
2023Q4,wipro,-16.70540846631662,total_q,DOL OFLC LCA disclosure data; https://www.dol.gov/agencies/eta/foreign-labor/performance
2023Q4,pooled8,-63.92293259428678,total_q,DOL OFLC LCA disclosure data; https://www.dol.gov/agencies/eta/foreign-labor/performance
2023Q4,pooled_mid,12.874204944610302,total_q,DOL OFLC LCA disclosure data; https://www.dol.gov/agencies/eta/foreign-labor/performance
2024Q1,accenture,-1.0989121575595207,total_q,DOL OFLC LCA disclosure data; https://www.dol.gov/agencies/eta/foreign-labor/performance
2024Q1,capgemini,-49.8372162694704,total_q,DOL OFLC LCA disclosure data; https://www.dol.gov/agencies/eta/foreign-labor/performance
2024Q1,coforge,1.9048194970694412,total_q,DOL OFLC LCA disclosure data; https://www.dol.gov/agencies/eta/foreign-labor/performance
2024Q1,cognizant,-53.33902185291727,total_q,DOL OFLC LCA disclosure data; https://www.dol.gov/agencies/eta/foreign-labor/performance
2024Q1,hcltech,-34.70419181109007,total_q,DOL OFLC LCA disclosure data; https://www.dol.gov/agencies/eta/foreign-labor/performance
2024Q1,hexaware,8.376988306545874,total_q,DOL OFLC LCA disclosure data; https://www.dol.gov/agencies/eta/foreign-labor/performance
2024Q1,infosys,-86.36487959945019,total_q,DOL OFLC LCA disclosure data; https://www.dol.gov/agencies/eta/foreign-labor/performance
2024Q1,ltim,-4.7628048989254586,total_q,DOL OFLC LCA disclosure data; https://www.dol.gov/agencies/eta/foreign-labor/performance
2024Q1,mphasis,-15.415067982725835,total_q,DOL OFLC LCA disclosure data; https://www.dol.gov/agencies/eta/foreign-labor/performance
2024Q1,persistent,-6.979576193554197,total_q,DOL OFLC LCA disclosure data; https://www.dol.gov/agencies/eta/foreign-labor/performance
2024Q1,tcs,54.17499082707994,total_q,DOL OFLC LCA disclosure data; https://www.dol.gov/agencies/eta/foreign-labor/performance
2024Q1,techm,2.8039220064393127,total_q,DOL OFLC LCA disclosure data; https://www.dol.gov/agencies/eta/foreign-labor/performance
2024Q1,wipro,-72.00160725729123,total_q,DOL OFLC LCA disclosure data; https://www.dol.gov/agencies/eta/foreign-labor/performance
2024Q1,pooled8,-38.32647689494396,total_q,DOL OFLC LCA disclosure data; https://www.dol.gov/agencies/eta/foreign-labor/performance
2024Q1,pooled_mid,-28.33342395156776,total_q,DOL OFLC LCA disclosure data; https://www.dol.gov/agencies/eta/foreign-labor/performance
2024Q2,accenture,32.05141169809573,total_q,DOL OFLC LCA disclosure data; https://www.dol.gov/agencies/eta/foreign-labor/performance
2024Q2,capgemini,-30.3318496221536,total_q,DOL OFLC LCA disclosure data; https://www.dol.gov/agencies/eta/foreign-labor/performance
2024Q2,coforge,-19.746453689651815,total_q,DOL OFLC LCA disclosure data; https://www.dol.gov/agencies/eta/foreign-labor/performance
2024Q2,cognizant,22.86295519544864,total_q,DOL OFLC LCA disclosure data; https://www.dol.gov/agencies/eta/foreign-labor/performance
2024Q2,hcltech,33.957533685882865,total_q,DOL OFLC LCA disclosure data; https://www.dol.gov/agencies/eta/foreign-labor/performance
2024Q2,hexaware,51.46644000731564,total_q,DOL OFLC LCA disclosure data; https://www.dol.gov/agencies/eta/foreign-labor/performance
2024Q2,infosys,-65.26064287655412,total_q,DOL OFLC LCA disclosure data; https://www.dol.gov/agencies/eta/foreign-labor/performance
2024Q2,ltim,36.748132303342715,total_q,DOL OFLC LCA disclosure data; https://www.dol.gov/agencies/eta/foreign-labor/performance
2024Q2,mphasis,5.001042057466141,total_q,DOL OFLC LCA disclosure data; https://www.dol.gov/agencies/eta/foreign-labor/performance
2024Q2,persistent,111.91048090582272,total_q,DOL OFLC LCA disclosure data; https://www.dol.gov/agencies/eta/foreign-labor/performance
2024Q2,tcs,9.460563000957888,total_q,DOL OFLC LCA disclosure data; https://www.dol.gov/agencies/eta/foreign-labor/performance
2024Q2,techm,31.877719869373095,total_q,DOL OFLC LCA disclosure data; https://www.dol.gov/agencies/eta/foreign-labor/performance
2024Q2,wipro,-67.395030373399,total_q,DOL OFLC LCA disclosure data; https://www.dol.gov/agencies/eta/foreign-labor/performance
2024Q2,pooled8,-25.699375247123957,total_q,DOL OFLC LCA disclosure data; https://www.dol.gov/agencies/eta/foreign-labor/performance
2024Q2,pooled_mid,3.7786836365991374,total_q,DOL OFLC LCA disclosure data; https://www.dol.gov/agencies/eta/foreign-labor/performance
2024Q3,accenture,-29.60804421506127,total_q,DOL OFLC LCA disclosure data; https://www.dol.gov/agencies/eta/foreign-labor/performance
2024Q3,capgemini,-7.99304049051551,total_q,DOL OFLC LCA disclosure data; https://www.dol.gov/agencies/eta/foreign-labor/performance
2024Q3,coforge,18.759861389479834,total_q,DOL OFLC LCA disclosure data; https://www.dol.gov/agencies/eta/foreign-labor/performance
2024Q3,cognizant,-18.63111278367848,total_q,DOL OFLC LCA disclosure data; https://www.dol.gov/agencies/eta/foreign-labor/performance
2024Q3,hcltech,0.3172927040577492,total_q,DOL OFLC LCA disclosure data; https://www.dol.gov/agencies/eta/foreign-labor/performance
2024Q3,hexaware,20.97205309820691,total_q,DOL OFLC LCA disclosure data; https://www.dol.gov/agencies/eta/foreign-labor/performance
2024Q3,infosys,-129.47714033118,total_q,DOL OFLC LCA disclosure data; https://www.dol.gov/agencies/eta/foreign-labor/performance
2024Q3,ltim,-36.39345039515365,total_q,DOL OFLC LCA disclosure data; https://www.dol.gov/agencies/eta/foreign-labor/performance
2024Q3,mphasis,0.3514942107444592,total_q,DOL OFLC LCA disclosure data; https://www.dol.gov/agencies/eta/foreign-labor/performance
2024Q3,persistent,-10.840929850718485,total_q,DOL OFLC LCA disclosure data; https://www.dol.gov/agencies/eta/foreign-labor/performance
2024Q3,tcs,5.584373621609286,total_q,DOL OFLC LCA disclosure data; https://www.dol.gov/agencies/eta/foreign-labor/performance
2024Q3,techm,-43.24606124501761,total_q,DOL OFLC LCA disclosure data; https://www.dol.gov/agencies/eta/foreign-labor/performance
2024Q3,wipro,-90.6599655949073,total_q,DOL OFLC LCA disclosure data; https://www.dol.gov/agencies/eta/foreign-labor/performance
2024Q3,pooled8,-58.424423563875116,total_q,DOL OFLC LCA disclosure data; https://www.dol.gov/agencies/eta/foreign-labor/performance
2024Q3,pooled_mid,-1.2061160755065787,total_q,DOL OFLC LCA disclosure data; https://www.dol.gov/agencies/eta/foreign-labor/performance
2024Q4,accenture,24.436319773293857,total_q,DOL OFLC LCA disclosure data; https://www.dol.gov/agencies/eta/foreign-labor/performance
2024Q4,capgemini,-12.239364821406665,total_q,DOL OFLC LCA disclosure data; https://www.dol.gov/agencies/eta/foreign-labor/performance
2024Q4,coforge,89.19980393051105,total_q,DOL OFLC LCA disclosure data; https://www.dol.gov/agencies/eta/foreign-labor/performance
2024Q4,cognizant,28.418612101265772,total_q,DOL OFLC LCA disclosure data; https://www.dol.gov/agencies/eta/foreign-labor/performance
2024Q4,hcltech,-22.23464209411915,total_q,DOL OFLC LCA disclosure data; https://www.dol.gov/agencies/eta/foreign-labor/performance
2024Q4,hexaware,38.111607909787786,total_q,DOL OFLC LCA disclosure data; https://www.dol.gov/agencies/eta/foreign-labor/performance
2024Q4,infosys,-70.61322140157519,total_q,DOL OFLC LCA disclosure data; https://www.dol.gov/agencies/eta/foreign-labor/performance
2024Q4,ltim,25.23596334975644,total_q,DOL OFLC LCA disclosure data; https://www.dol.gov/agencies/eta/foreign-labor/performance
2024Q4,mphasis,1.6326893287428665,total_q,DOL OFLC LCA disclosure data; https://www.dol.gov/agencies/eta/foreign-labor/performance
2024Q4,persistent,3.4289073478632166,total_q,DOL OFLC LCA disclosure data; https://www.dol.gov/agencies/eta/foreign-labor/performance
2024Q4,tcs,2.2765210773012425,total_q,DOL OFLC LCA disclosure data; https://www.dol.gov/agencies/eta/foreign-labor/performance
2024Q4,techm,27.74779022775392,total_q,DOL OFLC LCA disclosure data; https://www.dol.gov/agencies/eta/foreign-labor/performance
2024Q4,wipro,-38.09740880998686,total_q,DOL OFLC LCA disclosure data; https://www.dol.gov/agencies/eta/foreign-labor/performance
2024Q4,pooled8,-14.55949136419538,total_q,DOL OFLC LCA disclosure data; https://www.dol.gov/agencies/eta/foreign-labor/performance
2024Q4,pooled_mid,4.61483835463791,total_q,DOL OFLC LCA disclosure data; https://www.dol.gov/agencies/eta/foreign-labor/performance
2025Q1,accenture,2.5455919993348517,total_q,DOL OFLC LCA disclosure data; https://www.dol.gov/agencies/eta/foreign-labor/performance
2025Q1,capgemini,17.445239214461104,total_q,DOL OFLC LCA disclosure data; https://www.dol.gov/agencies/eta/foreign-labor/performance
2025Q1,coforge,42.4157241120317,total_q,DOL OFLC LCA disclosure data; https://www.dol.gov/agencies/eta/foreign-labor/performance
2025Q1,cognizant,17.233299891044883,total_q,DOL OFLC LCA disclosure data; https://www.dol.gov/agencies/eta/foreign-labor/performance
2025Q1,hcltech,-26.319105244348517,total_q,DOL OFLC LCA disclosure data; https://www.dol.gov/agencies/eta/foreign-labor/performance
2025Q1,hexaware,8.552217343816192,total_q,DOL OFLC LCA disclosure data; https://www.dol.gov/agencies/eta/foreign-labor/performance
2025Q1,infosys,-60.74669185755144,total_q,DOL OFLC LCA disclosure data; https://www.dol.gov/agencies/eta/foreign-labor/performance
2025Q1,ltim,116.73341207171639,total_q,DOL OFLC LCA disclosure data; https://www.dol.gov/agencies/eta/foreign-labor/performance
2025Q1,mphasis,14.778123154177841,total_q,DOL OFLC LCA disclosure data; https://www.dol.gov/agencies/eta/foreign-labor/performance
2025Q1,persistent,57.83716659675171,total_q,DOL OFLC LCA disclosure data; https://www.dol.gov/agencies/eta/foreign-labor/performance
2025Q1,tcs,-95.76395337148479,total_q,DOL OFLC LCA disclosure data; https://www.dol.gov/agencies/eta/foreign-labor/performance
2025Q1,techm,-6.669137449867228,total_q,DOL OFLC LCA disclosure data; https://www.dol.gov/agencies/eta/foreign-labor/performance
2025Q1,wipro,-30.305010268009486,total_q,DOL OFLC LCA disclosure data; https://www.dol.gov/agencies/eta/foreign-labor/performance
2025Q1,pooled8,-25.4942072537667,total_q,DOL OFLC LCA disclosure data; https://www.dol.gov/agencies/eta/foreign-labor/performance
2025Q1,pooled_mid,21.661469243174615,total_q,DOL OFLC LCA disclosure data; https://www.dol.gov/agencies/eta/foreign-labor/performance
2025Q2,accenture,-24.491137623800608,total_q,DOL OFLC LCA disclosure data; https://www.dol.gov/agencies/eta/foreign-labor/performance
2025Q2,capgemini,-3.9946860210852337,total_q,DOL OFLC LCA disclosure data; https://www.dol.gov/agencies/eta/foreign-labor/performance
2025Q2,coforge,11.934675763256623,total_q,DOL OFLC LCA disclosure data; https://www.dol.gov/agencies/eta/foreign-labor/performance
2025Q2,cognizant,-12.188276967249646,total_q,DOL OFLC LCA disclosure data; https://www.dol.gov/agencies/eta/foreign-labor/performance
2025Q2,hcltech,-36.0038347201161,total_q,DOL OFLC LCA disclosure data; https://www.dol.gov/agencies/eta/foreign-labor/performance
2025Q2,hexaware,-37.57389278429636,total_q,DOL OFLC LCA disclosure data; https://www.dol.gov/agencies/eta/foreign-labor/performance
2025Q2,infosys,-17.29367810218535,total_q,DOL OFLC LCA disclosure data; https://www.dol.gov/agencies/eta/foreign-labor/performance
2025Q2,ltim,-36.537384069386235,total_q,DOL OFLC LCA disclosure data; https://www.dol.gov/agencies/eta/foreign-labor/performance
2025Q2,mphasis,15.573320903868392,total_q,DOL OFLC LCA disclosure data; https://www.dol.gov/agencies/eta/foreign-labor/performance
2025Q2,persistent,-123.06958744666896,total_q,DOL OFLC LCA disclosure data; https://www.dol.gov/agencies/eta/foreign-labor/performance
2025Q2,tcs,14.602418916128634,total_q,DOL OFLC LCA disclosure data; https://www.dol.gov/agencies/eta/foreign-labor/performance
2025Q2,techm,-28.209186223692967,total_q,DOL OFLC LCA disclosure data; https://www.dol.gov/agencies/eta/foreign-labor/performance
2025Q2,wipro,9.823110823198856,total_q,DOL OFLC LCA disclosure data; https://www.dol.gov/agencies/eta/foreign-labor/performance
2025Q2,pooled8,-11.104215406658591,total_q,DOL OFLC LCA disclosure data; https://www.dol.gov/agencies/eta/foreign-labor/performance
2025Q2,pooled_mid,-17.821873940602174,total_q,DOL OFLC LCA disclosure data; https://www.dol.gov/agencies/eta/foreign-labor/performance
2025Q3,accenture,-32.11682554818226,total_q,DOL OFLC LCA disclosure data; https://www.dol.gov/agencies/eta/foreign-labor/performance
2025Q3,capgemini,-18.905953453447328,total_q,DOL OFLC LCA disclosure data; https://www.dol.gov/agencies/eta/foreign-labor/performance
2025Q3,coforge,-50.20919437972361,total_q,DOL OFLC LCA disclosure data; https://www.dol.gov/agencies/eta/foreign-labor/performance
2025Q3,cognizant,-8.025798299612747,total_q,DOL OFLC LCA disclosure data; https://www.dol.gov/agencies/eta/foreign-labor/performance
2025Q3,hcltech,-36.40941618607611,total_q,DOL OFLC LCA disclosure data; https://www.dol.gov/agencies/eta/foreign-labor/performance
2025Q3,hexaware,-25.22801454008651,total_q,DOL OFLC LCA disclosure data; https://www.dol.gov/agencies/eta/foreign-labor/performance
2025Q3,infosys,113.19575320628826,total_q,DOL OFLC LCA disclosure data; https://www.dol.gov/agencies/eta/foreign-labor/performance
2025Q3,ltim,-1.8382870600533425,total_q,DOL OFLC LCA disclosure data; https://www.dol.gov/agencies/eta/foreign-labor/performance
2025Q3,mphasis,6.124362524071859,total_q,DOL OFLC LCA disclosure data; https://www.dol.gov/agencies/eta/foreign-labor/performance
2025Q3,persistent,-15.669845190605702,total_q,DOL OFLC LCA disclosure data; https://www.dol.gov/agencies/eta/foreign-labor/performance
2025Q3,tcs,-18.168278321745987,total_q,DOL OFLC LCA disclosure data; https://www.dol.gov/agencies/eta/foreign-labor/performance
2025Q3,techm,-9.792553717030822,total_q,DOL OFLC LCA disclosure data; https://www.dol.gov/agencies/eta/foreign-labor/performance
2025Q3,wipro,-12.085097808946072,total_q,DOL OFLC LCA disclosure data; https://www.dol.gov/agencies/eta/foreign-labor/performance
2025Q3,pooled8,24.233373659656984,total_q,DOL OFLC LCA disclosure data; https://www.dol.gov/agencies/eta/foreign-labor/performance
2025Q3,pooled_mid,-16.407364964622516,total_q,DOL OFLC LCA disclosure data; https://www.dol.gov/agencies/eta/foreign-labor/performance
2025Q4,accenture,-51.801284843209615,total_q,DOL OFLC LCA disclosure data; https://www.dol.gov/agencies/eta/foreign-labor/performance
2025Q4,capgemini,-27.272516783995343,total_q,DOL OFLC LCA disclosure data; https://www.dol.gov/agencies/eta/foreign-labor/performance
2025Q4,coforge,-79.66878595007857,total_q,DOL OFLC LCA disclosure data; https://www.dol.gov/agencies/eta/foreign-labor/performance
2025Q4,cognizant,-37.79112632367606,total_q,DOL OFLC LCA disclosure data; https://www.dol.gov/agencies/eta/foreign-labor/performance
2025Q4,hcltech,-73.38031862010742,total_q,DOL OFLC LCA disclosure data; https://www.dol.gov/agencies/eta/foreign-labor/performance
2025Q4,hexaware,-40.195016600071995,total_q,DOL OFLC LCA disclosure data; https://www.dol.gov/agencies/eta/foreign-labor/performance
2025Q4,infosys,44.6179858272051,total_q,DOL OFLC LCA disclosure data; https://www.dol.gov/agencies/eta/foreign-labor/performance
2025Q4,ltim,-63.45678794414616,total_q,DOL OFLC LCA disclosure data; https://www.dol.gov/agencies/eta/foreign-labor/performance
2025Q4,mphasis,19.43941380282238,total_q,DOL OFLC LCA disclosure data; https://www.dol.gov/agencies/eta/foreign-labor/performance
2025Q4,persistent,-44.55851018975896,total_q,DOL OFLC LCA disclosure data; https://www.dol.gov/agencies/eta/foreign-labor/performance
2025Q4,tcs,-43.897866543261024,total_q,DOL OFLC LCA disclosure data; https://www.dol.gov/agencies/eta/foreign-labor/performance
2025Q4,techm,-88.78527965536216,total_q,DOL OFLC LCA disclosure data; https://www.dol.gov/agencies/eta/foreign-labor/performance
2025Q4,wipro,-69.31471805599453,total_q,DOL OFLC LCA disclosure data; https://www.dol.gov/agencies/eta/foreign-labor/performance
2025Q4,pooled8,-22.87372602804442,total_q,DOL OFLC LCA disclosure data; https://www.dol.gov/agencies/eta/foreign-labor/performance
2025Q4,pooled_mid,-21.709078748285844,total_q,DOL OFLC LCA disclosure data; https://www.dol.gov/agencies/eta/foreign-labor/performance
2026Q1,accenture,0.7155665595412232,total_q,DOL OFLC LCA disclosure data; https://www.dol.gov/agencies/eta/foreign-labor/performance
2026Q1,capgemini,-7.107403769077596,total_q,DOL OFLC LCA disclosure data; https://www.dol.gov/agencies/eta/foreign-labor/performance
2026Q1,coforge,7.1458963982145045,total_q,DOL OFLC LCA disclosure data; https://www.dol.gov/agencies/eta/foreign-labor/performance
2026Q1,cognizant,-3.33691411746183,total_q,DOL OFLC LCA disclosure data; https://www.dol.gov/agencies/eta/foreign-labor/performance
2026Q1,hcltech,-10.655597306259999,total_q,DOL OFLC LCA disclosure data; https://www.dol.gov/agencies/eta/foreign-labor/performance
2026Q1,hexaware,-19.885085874516516,total_q,DOL OFLC LCA disclosure data; https://www.dol.gov/agencies/eta/foreign-labor/performance
2026Q1,infosys,98.31160136697935,total_q,DOL OFLC LCA disclosure data; https://www.dol.gov/agencies/eta/foreign-labor/performance
2026Q1,ltim,-92.80611874730705,total_q,DOL OFLC LCA disclosure data; https://www.dol.gov/agencies/eta/foreign-labor/performance
2026Q1,mphasis,4.0694190826554415,total_q,DOL OFLC LCA disclosure data; https://www.dol.gov/agencies/eta/foreign-labor/performance
2026Q1,persistent,-51.98754592859085,total_q,DOL OFLC LCA disclosure data; https://www.dol.gov/agencies/eta/foreign-labor/performance
2026Q1,tcs,-26.498746252408246,total_q,DOL OFLC LCA disclosure data; https://www.dol.gov/agencies/eta/foreign-labor/performance
2026Q1,techm,-24.430177682155577,total_q,DOL OFLC LCA disclosure data; https://www.dol.gov/agencies/eta/foreign-labor/performance
2026Q1,wipro,-43.010241249354955,total_q,DOL OFLC LCA disclosure data; https://www.dol.gov/agencies/eta/foreign-labor/performance
2026Q1,pooled8,11.931891433755961,total_q,DOL OFLC LCA disclosure data; https://www.dol.gov/agencies/eta/foreign-labor/performance
2026Q1,pooled_mid,-8.75673075920429,total_q,DOL OFLC LCA disclosure data; https://www.dol.gov/agencies/eta/foreign-labor/performance
2026Q2,accenture,-62.437008208062785,total_q,DOL OFLC LCA disclosure data; https://www.dol.gov/agencies/eta/foreign-labor/performance
2026Q2,capgemini,-47.43869795595861,total_q,DOL OFLC LCA disclosure data; https://www.dol.gov/agencies/eta/foreign-labor/performance
2026Q2,coforge,-42.12134650763035,total_q,DOL OFLC LCA disclosure data; https://www.dol.gov/agencies/eta/foreign-labor/performance
2026Q2,cognizant,-67.65192127125216,total_q,DOL OFLC LCA disclosure data; https://www.dol.gov/agencies/eta/foreign-labor/performance
2026Q2,hcltech,-78.28071964437743,total_q,DOL OFLC LCA disclosure data; https://www.dol.gov/agencies/eta/foreign-labor/performance
2026Q2,hexaware,-35.84697395147556,total_q,DOL OFLC LCA disclosure data; https://www.dol.gov/agencies/eta/foreign-labor/performance
2026Q2,infosys,-119.71113391265833,total_q,DOL OFLC LCA disclosure data; https://www.dol.gov/agencies/eta/foreign-labor/performance
2026Q2,ltim,-82.57767243333231,total_q,DOL OFLC LCA disclosure data; https://www.dol.gov/agencies/eta/foreign-labor/performance
2026Q2,mphasis,-30.10538094176703,total_q,DOL OFLC LCA disclosure data; https://www.dol.gov/agencies/eta/foreign-labor/performance
2026Q2,persistent,0.6920442844573758,total_q,DOL OFLC LCA disclosure data; https://www.dol.gov/agencies/eta/foreign-labor/performance
2026Q2,tcs,-139.87871576566545,total_q,DOL OFLC LCA disclosure data; https://www.dol.gov/agencies/eta/foreign-labor/performance
2026Q2,techm,-75.50590799624221,total_q,DOL OFLC LCA disclosure data; https://www.dol.gov/agencies/eta/foreign-labor/performance
2026Q2,wipro,-121.92402764567242,total_q,DOL OFLC LCA disclosure data; https://www.dol.gov/agencies/eta/foreign-labor/performance
2026Q2,pooled8,-101.22897058854015,total_q,DOL OFLC LCA disclosure data; https://www.dol.gov/agencies/eta/foreign-labor/performance
2026Q2,pooled_mid,-37.067281645760744,total_q,DOL OFLC LCA disclosure data; https://www.dol.gov/agencies/eta/foreign-labor/performance
2016Q3,accenture,-45.44004333340432,contrast_gpt4,DOL OFLC LCA disclosure data; https://www.dol.gov/agencies/eta/foreign-labor/performance
2016Q3,capgemini,-65.37937911951258,contrast_gpt4,DOL OFLC LCA disclosure data; https://www.dol.gov/agencies/eta/foreign-labor/performance
2016Q3,cognizant,-236.8963463530203,contrast_gpt4,DOL OFLC LCA disclosure data; https://www.dol.gov/agencies/eta/foreign-labor/performance
2016Q3,hcltech,-29.892454179663172,contrast_gpt4,DOL OFLC LCA disclosure data; https://www.dol.gov/agencies/eta/foreign-labor/performance
2016Q3,infosys,-31.541720602533083,contrast_gpt4,DOL OFLC LCA disclosure data; https://www.dol.gov/agencies/eta/foreign-labor/performance
2016Q3,ltim,-13.868081494183258,contrast_gpt4,DOL OFLC LCA disclosure data; https://www.dol.gov/agencies/eta/foreign-labor/performance
2016Q3,mphasis,45.50657792115152,contrast_gpt4,DOL OFLC LCA disclosure data; https://www.dol.gov/agencies/eta/foreign-labor/performance
2016Q3,tcs,16.783852388042774,contrast_gpt4,DOL OFLC LCA disclosure data; https://www.dol.gov/agencies/eta/foreign-labor/performance
2016Q3,techm,-6.302500838176693,contrast_gpt4,DOL OFLC LCA disclosure data; https://www.dol.gov/agencies/eta/foreign-labor/performance
2016Q3,wipro,-113.19728404855401,contrast_gpt4,DOL OFLC LCA disclosure data; https://www.dol.gov/agencies/eta/foreign-labor/performance
2016Q3,pooled8,-161.9537527622324,contrast_gpt4,DOL OFLC LCA disclosure data; https://www.dol.gov/agencies/eta/foreign-labor/performance
2016Q3,pooled_mid,-37.59267251197284,contrast_gpt4,DOL OFLC LCA disclosure data; https://www.dol.gov/agencies/eta/foreign-labor/performance
2016Q4,accenture,-34.03210568017822,contrast_gpt4,DOL OFLC LCA disclosure data; https://www.dol.gov/agencies/eta/foreign-labor/performance
2016Q4,capgemini,-81.48341553056507,contrast_gpt4,DOL OFLC LCA disclosure data; https://www.dol.gov/agencies/eta/foreign-labor/performance
2016Q4,cognizant,-130.75294185859062,contrast_gpt4,DOL OFLC LCA disclosure data; https://www.dol.gov/agencies/eta/foreign-labor/performance
2016Q4,hcltech,-26.181862796323237,contrast_gpt4,DOL OFLC LCA disclosure data; https://www.dol.gov/agencies/eta/foreign-labor/performance
2016Q4,infosys,-40.32584787993871,contrast_gpt4,DOL OFLC LCA disclosure data; https://www.dol.gov/agencies/eta/foreign-labor/performance
2016Q4,ltim,-16.186871365071,contrast_gpt4,DOL OFLC LCA disclosure data; https://www.dol.gov/agencies/eta/foreign-labor/performance
2016Q4,mphasis,36.12185001216193,contrast_gpt4,DOL OFLC LCA disclosure data; https://www.dol.gov/agencies/eta/foreign-labor/performance
2016Q4,persistent,-250.14359517392109,contrast_gpt4,DOL OFLC LCA disclosure data; https://www.dol.gov/agencies/eta/foreign-labor/performance
2016Q4,tcs,26.73941206489171,contrast_gpt4,DOL OFLC LCA disclosure data; https://www.dol.gov/agencies/eta/foreign-labor/performance
2016Q4,techm,-9.27722736790635,contrast_gpt4,DOL OFLC LCA disclosure data; https://www.dol.gov/agencies/eta/foreign-labor/performance
2016Q4,wipro,-116.19279119617126,contrast_gpt4,DOL OFLC LCA disclosure data; https://www.dol.gov/agencies/eta/foreign-labor/performance
2016Q4,pooled8,-131.86861903609244,contrast_gpt4,DOL OFLC LCA disclosure data; https://www.dol.gov/agencies/eta/foreign-labor/performance
2016Q4,pooled_mid,-46.99243257891957,contrast_gpt4,DOL OFLC LCA disclosure data; https://www.dol.gov/agencies/eta/foreign-labor/performance
2017Q1,accenture,-23.281731915467443,contrast_gpt4,DOL OFLC LCA disclosure data; https://www.dol.gov/agencies/eta/foreign-labor/performance
2017Q1,capgemini,-68.77346285423943,contrast_gpt4,DOL OFLC LCA disclosure data; https://www.dol.gov/agencies/eta/foreign-labor/performance
2017Q1,cognizant,-134.91850175904702,contrast_gpt4,DOL OFLC LCA disclosure data; https://www.dol.gov/agencies/eta/foreign-labor/performance
2017Q1,hcltech,22.45447450696085,contrast_gpt4,DOL OFLC LCA disclosure data; https://www.dol.gov/agencies/eta/foreign-labor/performance
2017Q1,infosys,-168.40696369445322,contrast_gpt4,DOL OFLC LCA disclosure data; https://www.dol.gov/agencies/eta/foreign-labor/performance
2017Q1,ltim,-13.835302144949718,contrast_gpt4,DOL OFLC LCA disclosure data; https://www.dol.gov/agencies/eta/foreign-labor/performance
2017Q1,mphasis,-5.247633388053988,contrast_gpt4,DOL OFLC LCA disclosure data; https://www.dol.gov/agencies/eta/foreign-labor/performance
2017Q1,persistent,-600.3887067106539,contrast_gpt4,DOL OFLC LCA disclosure data; https://www.dol.gov/agencies/eta/foreign-labor/performance
2017Q1,tcs,21.362086479521974,contrast_gpt4,DOL OFLC LCA disclosure data; https://www.dol.gov/agencies/eta/foreign-labor/performance
2017Q1,techm,-3.903715006954222,contrast_gpt4,DOL OFLC LCA disclosure data; https://www.dol.gov/agencies/eta/foreign-labor/performance
2017Q1,wipro,-125.5187278953943,contrast_gpt4,DOL OFLC LCA disclosure data; https://www.dol.gov/agencies/eta/foreign-labor/performance
2017Q1,pooled8,-70.60582993966368,contrast_gpt4,DOL OFLC LCA disclosure data; https://www.dol.gov/agencies/eta/foreign-labor/performance
2017Q1,pooled_mid,-50.07351803515381,contrast_gpt4,DOL OFLC LCA disclosure data; https://www.dol.gov/agencies/eta/foreign-labor/performance
2017Q2,accenture,-29.28295529256576,contrast_gpt4,DOL OFLC LCA disclosure data; https://www.dol.gov/agencies/eta/foreign-labor/performance
2017Q2,capgemini,-89.74442898519075,contrast_gpt4,DOL OFLC LCA disclosure data; https://www.dol.gov/agencies/eta/foreign-labor/performance
2017Q2,cognizant,0.27445504811174715,contrast_gpt4,DOL OFLC LCA disclosure data; https://www.dol.gov/agencies/eta/foreign-labor/performance
2017Q2,hcltech,14.92218200431192,contrast_gpt4,DOL OFLC LCA disclosure data; https://www.dol.gov/agencies/eta/foreign-labor/performance
2017Q2,infosys,-166.19327800358363,contrast_gpt4,DOL OFLC LCA disclosure data; https://www.dol.gov/agencies/eta/foreign-labor/performance
2017Q2,ltim,-18.36512813714223,contrast_gpt4,DOL OFLC LCA disclosure data; https://www.dol.gov/agencies/eta/foreign-labor/performance
2017Q2,mphasis,-11.964561345722913,contrast_gpt4,DOL OFLC LCA disclosure data; https://www.dol.gov/agencies/eta/foreign-labor/performance
2017Q2,tcs,-18.222378649975106,contrast_gpt4,DOL OFLC LCA disclosure data; https://www.dol.gov/agencies/eta/foreign-labor/performance
2017Q2,techm,-7.023461103052259,contrast_gpt4,DOL OFLC LCA disclosure data; https://www.dol.gov/agencies/eta/foreign-labor/performance
2017Q2,wipro,-102.51593554160048,contrast_gpt4,DOL OFLC LCA disclosure data; https://www.dol.gov/agencies/eta/foreign-labor/performance
2017Q2,pooled8,24.78455898916001,contrast_gpt4,DOL OFLC LCA disclosure data; https://www.dol.gov/agencies/eta/foreign-labor/performance
2017Q2,pooled_mid,-64.38271365660974,contrast_gpt4,DOL OFLC LCA disclosure data; https://www.dol.gov/agencies/eta/foreign-labor/performance
2017Q3,accenture,-34.985332763034876,contrast_gpt4,DOL OFLC LCA disclosure data; https://www.dol.gov/agencies/eta/foreign-labor/performance
2017Q3,capgemini,91.2080982502863,contrast_gpt4,DOL OFLC LCA disclosure data; https://www.dol.gov/agencies/eta/foreign-labor/performance
2017Q3,cognizant,20.736390148917167,contrast_gpt4,DOL OFLC LCA disclosure data; https://www.dol.gov/agencies/eta/foreign-labor/performance
2017Q3,hcltech,13.286122063186909,contrast_gpt4,DOL OFLC LCA disclosure data; https://www.dol.gov/agencies/eta/foreign-labor/performance
2017Q3,infosys,-167.79284552857064,contrast_gpt4,DOL OFLC LCA disclosure data; https://www.dol.gov/agencies/eta/foreign-labor/performance
2017Q3,ltim,196.6112856372833,contrast_gpt4,DOL OFLC LCA disclosure data; https://www.dol.gov/agencies/eta/foreign-labor/performance
2017Q3,mphasis,-36.157161845794974,contrast_gpt4,DOL OFLC LCA disclosure data; https://www.dol.gov/agencies/eta/foreign-labor/performance
2017Q3,tcs,-44.013732543737156,contrast_gpt4,DOL OFLC LCA disclosure data; https://www.dol.gov/agencies/eta/foreign-labor/performance
2017Q3,techm,-4.2819533953233755,contrast_gpt4,DOL OFLC LCA disclosure data; https://www.dol.gov/agencies/eta/foreign-labor/performance
2017Q3,wipro,-75.3185308296882,contrast_gpt4,DOL OFLC LCA disclosure data; https://www.dol.gov/agencies/eta/foreign-labor/performance
2017Q3,pooled8,35.36520656132971,contrast_gpt4,DOL OFLC LCA disclosure data; https://www.dol.gov/agencies/eta/foreign-labor/performance
2017Q3,pooled_mid,44.75714134956472,contrast_gpt4,DOL OFLC LCA disclosure data; https://www.dol.gov/agencies/eta/foreign-labor/performance
2017Q4,accenture,-41.30042712904699,contrast_gpt4,DOL OFLC LCA disclosure data; https://www.dol.gov/agencies/eta/foreign-labor/performance
2017Q4,capgemini,81.44126731997558,contrast_gpt4,DOL OFLC LCA disclosure data; https://www.dol.gov/agencies/eta/foreign-labor/performance
2017Q4,cognizant,62.5502129425594,contrast_gpt4,DOL OFLC LCA disclosure data; https://www.dol.gov/agencies/eta/foreign-labor/performance
2017Q4,hcltech,13.310194140892804,contrast_gpt4,DOL OFLC LCA disclosure data; https://www.dol.gov/agencies/eta/foreign-labor/performance
2017Q4,infosys,-162.99304767669716,contrast_gpt4,DOL OFLC LCA disclosure data; https://www.dol.gov/agencies/eta/foreign-labor/performance
2017Q4,ltim,135.50296028310106,contrast_gpt4,DOL OFLC LCA disclosure data; https://www.dol.gov/agencies/eta/foreign-labor/performance
2017Q4,mphasis,-27.192928290864817,contrast_gpt4,DOL OFLC LCA disclosure data; https://www.dol.gov/agencies/eta/foreign-labor/performance
2017Q4,persistent,-259.02671654458265,contrast_gpt4,DOL OFLC LCA disclosure data; https://www.dol.gov/agencies/eta/foreign-labor/performance
2017Q4,tcs,-55.709669240523134,contrast_gpt4,DOL OFLC LCA disclosure data; https://www.dol.gov/agencies/eta/foreign-labor/performance
2017Q4,techm,-2.9371330542100678,contrast_gpt4,DOL OFLC LCA disclosure data; https://www.dol.gov/agencies/eta/foreign-labor/performance
2017Q4,wipro,-43.82417347432333,contrast_gpt4,DOL OFLC LCA disclosure data; https://www.dol.gov/agencies/eta/foreign-labor/performance
2017Q4,pooled8,36.06626965276943,contrast_gpt4,DOL OFLC LCA disclosure data; https://www.dol.gov/agencies/eta/foreign-labor/performance
2017Q4,pooled_mid,41.81854207618814,contrast_gpt4,DOL OFLC LCA disclosure data; https://www.dol.gov/agencies/eta/foreign-labor/performance
2018Q1,accenture,-29.293868127316166,contrast_gpt4,DOL OFLC LCA disclosure data; https://www.dol.gov/agencies/eta/foreign-labor/performance
2018Q1,capgemini,96.60820408088989,contrast_gpt4,DOL OFLC LCA disclosure data; https://www.dol.gov/agencies/eta/foreign-labor/performance
2018Q1,cognizant,187.57160762227278,contrast_gpt4,DOL OFLC LCA disclosure data; https://www.dol.gov/agencies/eta/foreign-labor/performance
2018Q1,hcltech,-9.99093991377994,contrast_gpt4,DOL OFLC LCA disclosure data; https://www.dol.gov/agencies/eta/foreign-labor/performance
2018Q1,infosys,-30.522965859917,contrast_gpt4,DOL OFLC LCA disclosure data; https://www.dol.gov/agencies/eta/foreign-labor/performance
2018Q1,ltim,-64.95956272161516,contrast_gpt4,DOL OFLC LCA disclosure data; https://www.dol.gov/agencies/eta/foreign-labor/performance
2018Q1,mphasis,-18.926080695614605,contrast_gpt4,DOL OFLC LCA disclosure data; https://www.dol.gov/agencies/eta/foreign-labor/performance
2018Q1,persistent,443.0816798843314,contrast_gpt4,DOL OFLC LCA disclosure data; https://www.dol.gov/agencies/eta/foreign-labor/performance
2018Q1,tcs,-109.12147637341346,contrast_gpt4,DOL OFLC LCA disclosure data; https://www.dol.gov/agencies/eta/foreign-labor/performance
2018Q1,techm,-19.559778125559255,contrast_gpt4,DOL OFLC LCA disclosure data; https://www.dol.gov/agencies/eta/foreign-labor/performance
2018Q1,wipro,54.96590301098685,contrast_gpt4,DOL OFLC LCA disclosure data; https://www.dol.gov/agencies/eta/foreign-labor/performance
2018Q1,pooled8,60.385612732959494,contrast_gpt4,DOL OFLC LCA disclosure data; https://www.dol.gov/agencies/eta/foreign-labor/performance
2018Q1,pooled_mid,47.833258418335305,contrast_gpt4,DOL OFLC LCA disclosure data; https://www.dol.gov/agencies/eta/foreign-labor/performance
2018Q2,accenture,-25.193306795322382,contrast_gpt4,DOL OFLC LCA disclosure data; https://www.dol.gov/agencies/eta/foreign-labor/performance
2018Q2,capgemini,83.16717744985449,contrast_gpt4,DOL OFLC LCA disclosure data; https://www.dol.gov/agencies/eta/foreign-labor/performance
2018Q2,cognizant,166.5382657537778,contrast_gpt4,DOL OFLC LCA disclosure data; https://www.dol.gov/agencies/eta/foreign-labor/performance
2018Q2,hcltech,7.174919037803967,contrast_gpt4,DOL OFLC LCA disclosure data; https://www.dol.gov/agencies/eta/foreign-labor/performance
2018Q2,infosys,-48.02146057539561,contrast_gpt4,DOL OFLC LCA disclosure data; https://www.dol.gov/agencies/eta/foreign-labor/performance
2018Q2,ltim,-78.26210064668479,contrast_gpt4,DOL OFLC LCA disclosure data; https://www.dol.gov/agencies/eta/foreign-labor/performance
2018Q2,mphasis,9.589952145794939,contrast_gpt4,DOL OFLC LCA disclosure data; https://www.dol.gov/agencies/eta/foreign-labor/performance
2018Q2,persistent,552.1460917862247,contrast_gpt4,DOL OFLC LCA disclosure data; https://www.dol.gov/agencies/eta/foreign-labor/performance
2018Q2,tcs,-102.21075907099647,contrast_gpt4,DOL OFLC LCA disclosure data; https://www.dol.gov/agencies/eta/foreign-labor/performance
2018Q2,techm,-16.74520187984337,contrast_gpt4,DOL OFLC LCA disclosure data; https://www.dol.gov/agencies/eta/foreign-labor/performance
2018Q2,wipro,55.31929487142639,contrast_gpt4,DOL OFLC LCA disclosure data; https://www.dol.gov/agencies/eta/foreign-labor/performance
2018Q2,pooled8,21.072405251662108,contrast_gpt4,DOL OFLC LCA disclosure data; https://www.dol.gov/agencies/eta/foreign-labor/performance
2018Q2,pooled_mid,54.547696144572114,contrast_gpt4,DOL OFLC LCA disclosure data; https://www.dol.gov/agencies/eta/foreign-labor/performance
2018Q3,accenture,-20.870874761641623,contrast_gpt4,DOL OFLC LCA disclosure data; https://www.dol.gov/agencies/eta/foreign-labor/performance
2018Q3,capgemini,-22.05502141432389,contrast_gpt4,DOL OFLC LCA disclosure data; https://www.dol.gov/agencies/eta/foreign-labor/performance
2018Q3,cognizant,185.21884475284193,contrast_gpt4,DOL OFLC LCA disclosure data; https://www.dol.gov/agencies/eta/foreign-labor/performance
2018Q3,hcltech,2.7316885781010587,contrast_gpt4,DOL OFLC LCA disclosure data; https://www.dol.gov/agencies/eta/foreign-labor/performance
2018Q3,infosys,-56.101642383751425,contrast_gpt4,DOL OFLC LCA disclosure data; https://www.dol.gov/agencies/eta/foreign-labor/performance
2018Q3,ltim,-268.7449382996059,contrast_gpt4,DOL OFLC LCA disclosure data; https://www.dol.gov/agencies/eta/foreign-labor/performance
2018Q3,mphasis,14.757794744009658,contrast_gpt4,DOL OFLC LCA disclosure data; https://www.dol.gov/agencies/eta/foreign-labor/performance
2018Q3,tcs,-95.45031499440674,contrast_gpt4,DOL OFLC LCA disclosure data; https://www.dol.gov/agencies/eta/foreign-labor/performance
2018Q3,techm,-17.669002320532364,contrast_gpt4,DOL OFLC LCA disclosure data; https://www.dol.gov/agencies/eta/foreign-labor/performance
2018Q3,wipro,38.4709657509143,contrast_gpt4,DOL OFLC LCA disclosure data; https://www.dol.gov/agencies/eta/foreign-labor/performance
2018Q3,pooled8,17.939778403132053,contrast_gpt4,DOL OFLC LCA disclosure data; https://www.dol.gov/agencies/eta/foreign-labor/performance
2018Q3,pooled_mid,-0.5887613841390351,contrast_gpt4,DOL OFLC LCA disclosure data; https://www.dol.gov/agencies/eta/foreign-labor/performance
2018Q4,accenture,-21.49182185019689,contrast_gpt4,DOL OFLC LCA disclosure data; https://www.dol.gov/agencies/eta/foreign-labor/performance
2018Q4,capgemini,-15.171360954891409,contrast_gpt4,DOL OFLC LCA disclosure data; https://www.dol.gov/agencies/eta/foreign-labor/performance
2018Q4,coforge,-331.4186004672526,contrast_gpt4,DOL OFLC LCA disclosure data; https://www.dol.gov/agencies/eta/foreign-labor/performance
2018Q4,cognizant,134.11644806201187,contrast_gpt4,DOL OFLC LCA disclosure data; https://www.dol.gov/agencies/eta/foreign-labor/performance
2018Q4,hcltech,0.7579846071242358,contrast_gpt4,DOL OFLC LCA disclosure data; https://www.dol.gov/agencies/eta/foreign-labor/performance
2018Q4,infosys,-34.468455059929305,contrast_gpt4,DOL OFLC LCA disclosure data; https://www.dol.gov/agencies/eta/foreign-labor/performance
2018Q4,ltim,-187.45716561150874,contrast_gpt4,DOL OFLC LCA disclosure data; https://www.dol.gov/agencies/eta/foreign-labor/performance
2018Q4,mphasis,10.350615389679264,contrast_gpt4,DOL OFLC LCA disclosure data; https://www.dol.gov/agencies/eta/foreign-labor/performance
2018Q4,persistent,368.8879454113936,contrast_gpt4,DOL OFLC LCA disclosure data; https://www.dol.gov/agencies/eta/foreign-labor/performance
2018Q4,tcs,-97.00420563065562,contrast_gpt4,DOL OFLC LCA disclosure data; https://www.dol.gov/agencies/eta/foreign-labor/performance
2018Q4,techm,-16.07918771151947,contrast_gpt4,DOL OFLC LCA disclosure data; https://www.dol.gov/agencies/eta/foreign-labor/performance
2018Q4,wipro,33.153260957172776,contrast_gpt4,DOL OFLC LCA disclosure data; https://www.dol.gov/agencies/eta/foreign-labor/performance
2018Q4,pooled8,17.794357139416608,contrast_gpt4,DOL OFLC LCA disclosure data; https://www.dol.gov/agencies/eta/foreign-labor/performance
2018Q4,pooled_mid,-3.0038853040506908,contrast_gpt4,DOL OFLC LCA disclosure data; https://www.dol.gov/agencies/eta/foreign-labor/performance
2019Q1,accenture,11.868074042101137,contrast_gpt4,DOL OFLC LCA disclosure data; https://www.dol.gov/agencies/eta/foreign-labor/performance
2019Q1,capgemini,-20.357781298870655,contrast_gpt4,DOL OFLC LCA disclosure data; https://www.dol.gov/agencies/eta/foreign-labor/performance
2019Q1,coforge,-85.74502318512218,contrast_gpt4,DOL OFLC LCA disclosure data; https://www.dol.gov/agencies/eta/foreign-labor/performance
2019Q1,cognizant,85.2812656223023,contrast_gpt4,DOL OFLC LCA disclosure data; https://www.dol.gov/agencies/eta/foreign-labor/performance
2019Q1,hcltech,13.65222271131833,contrast_gpt4,DOL OFLC LCA disclosure data; https://www.dol.gov/agencies/eta/foreign-labor/performance
2019Q1,infosys,-1.7225510515332463,contrast_gpt4,DOL OFLC LCA disclosure data; https://www.dol.gov/agencies/eta/foreign-labor/performance
2019Q1,ltim,-0.13995803544230512,contrast_gpt4,DOL OFLC LCA disclosure data; https://www.dol.gov/agencies/eta/foreign-labor/performance
2019Q1,mphasis,47.0448062125825,contrast_gpt4,DOL OFLC LCA disclosure data; https://www.dol.gov/agencies/eta/foreign-labor/performance
2019Q1,tcs,-97.80076530891988,contrast_gpt4,DOL OFLC LCA disclosure data; https://www.dol.gov/agencies/eta/foreign-labor/performance
2019Q1,techm,27.71494292305274,contrast_gpt4,DOL OFLC LCA disclosure data; https://www.dol.gov/agencies/eta/foreign-labor/performance
2019Q1,wipro,117.19420513323085,contrast_gpt4,DOL OFLC LCA disclosure data; https://www.dol.gov/agencies/eta/foreign-labor/performance
2019Q1,pooled8,19.778666137843167,contrast_gpt4,DOL OFLC LCA disclosure data; https://www.dol.gov/agencies/eta/foreign-labor/performance
2019Q1,pooled_mid,4.137244717709908,contrast_gpt4,DOL OFLC LCA disclosure data; https://www.dol.gov/agencies/eta/foreign-labor/performance
2019Q2,accenture,18.86545087538132,contrast_gpt4,DOL OFLC LCA disclosure data; https://www.dol.gov/agencies/eta/foreign-labor/performance
2019Q2,capgemini,2.268306858483861,contrast_gpt4,DOL OFLC LCA disclosure data; https://www.dol.gov/agencies/eta/foreign-labor/performance
2019Q2,coforge,-191.10228900548725,contrast_gpt4,DOL OFLC LCA disclosure data; https://www.dol.gov/agencies/eta/foreign-labor/performance
2019Q2,cognizant,155.10329841058936,contrast_gpt4,DOL OFLC LCA disclosure data; https://www.dol.gov/agencies/eta/foreign-labor/performance
2019Q2,hcltech,4.035876817171186,contrast_gpt4,DOL OFLC LCA disclosure data; https://www.dol.gov/agencies/eta/foreign-labor/performance
2019Q2,infosys,7.2407098699043075,contrast_gpt4,DOL OFLC LCA disclosure data; https://www.dol.gov/agencies/eta/foreign-labor/performance
2019Q2,ltim,42.95000422795651,contrast_gpt4,DOL OFLC LCA disclosure data; https://www.dol.gov/agencies/eta/foreign-labor/performance
2019Q2,mphasis,34.490270068364524,contrast_gpt4,DOL OFLC LCA disclosure data; https://www.dol.gov/agencies/eta/foreign-labor/performance
2019Q2,tcs,-73.69567420490758,contrast_gpt4,DOL OFLC LCA disclosure data; https://www.dol.gov/agencies/eta/foreign-labor/performance
2019Q2,techm,27.18402626761094,contrast_gpt4,DOL OFLC LCA disclosure data; https://www.dol.gov/agencies/eta/foreign-labor/performance
2019Q2,wipro,133.4884094648915,contrast_gpt4,DOL OFLC LCA disclosure data; https://www.dol.gov/agencies/eta/foreign-labor/performance
2019Q2,pooled8,28.09911738229909,contrast_gpt4,DOL OFLC LCA disclosure data; https://www.dol.gov/agencies/eta/foreign-labor/performance
2019Q2,pooled_mid,-0.3116880277857703,contrast_gpt4,DOL OFLC LCA disclosure data; https://www.dol.gov/agencies/eta/foreign-labor/performance
2019Q3,accenture,26.19355655825762,contrast_gpt4,DOL OFLC LCA disclosure data; https://www.dol.gov/agencies/eta/foreign-labor/performance
2019Q3,capgemini,9.995934105761812,contrast_gpt4,DOL OFLC LCA disclosure data; https://www.dol.gov/agencies/eta/foreign-labor/performance
2019Q3,cognizant,156.7417683543806,contrast_gpt4,DOL OFLC LCA disclosure data; https://www.dol.gov/agencies/eta/foreign-labor/performance
2019Q3,hcltech,20.554391630726798,contrast_gpt4,DOL OFLC LCA disclosure data; https://www.dol.gov/agencies/eta/foreign-labor/performance
2019Q3,hexaware,-87.37838169889804,contrast_gpt4,DOL OFLC LCA disclosure data; https://www.dol.gov/agencies/eta/foreign-labor/performance
2019Q3,infosys,13.786979422312086,contrast_gpt4,DOL OFLC LCA disclosure data; https://www.dol.gov/agencies/eta/foreign-labor/performance
2019Q3,ltim,13.063851908339274,contrast_gpt4,DOL OFLC LCA disclosure data; https://www.dol.gov/agencies/eta/foreign-labor/performance
2019Q3,mphasis,0.6492629662279796,contrast_gpt4,DOL OFLC LCA disclosure data; https://www.dol.gov/agencies/eta/foreign-labor/performance
2019Q3,persistent,155.42514968668095,contrast_gpt4,DOL OFLC LCA disclosure data; https://www.dol.gov/agencies/eta/foreign-labor/performance
2019Q3,tcs,-71.7383226364957,contrast_gpt4,DOL OFLC LCA disclosure data; https://www.dol.gov/agencies/eta/foreign-labor/performance
2019Q3,techm,27.27633328702273,contrast_gpt4,DOL OFLC LCA disclosure data; https://www.dol.gov/agencies/eta/foreign-labor/performance
2019Q3,wipro,142.9159640133636,contrast_gpt4,DOL OFLC LCA disclosure data; https://www.dol.gov/agencies/eta/foreign-labor/performance
2019Q3,pooled8,45.04272175500377,contrast_gpt4,DOL OFLC LCA disclosure data; https://www.dol.gov/agencies/eta/foreign-labor/performance
2019Q3,pooled_mid,-26.702428103915786,contrast_gpt4,DOL OFLC LCA disclosure data; https://www.dol.gov/agencies/eta/foreign-labor/performance
2019Q4,accenture,25.71282198276057,contrast_gpt4,DOL OFLC LCA disclosure data; https://www.dol.gov/agencies/eta/foreign-labor/performance
2019Q4,capgemini,35.47234730947335,contrast_gpt4,DOL OFLC LCA disclosure data; https://www.dol.gov/agencies/eta/foreign-labor/performance
2019Q4,cognizant,250.23445240754683,contrast_gpt4,DOL OFLC LCA disclosure data; https://www.dol.gov/agencies/eta/foreign-labor/performance
2019Q4,hcltech,0.5075441939328869,contrast_gpt4,DOL OFLC LCA disclosure data; https://www.dol.gov/agencies/eta/foreign-labor/performance
2019Q4,hexaware,-107.66693745348658,contrast_gpt4,DOL OFLC LCA disclosure data; https://www.dol.gov/agencies/eta/foreign-labor/performance
2019Q4,infosys,21.09885371784022,contrast_gpt4,DOL OFLC LCA disclosure data; https://www.dol.gov/agencies/eta/foreign-labor/performance
2019Q4,ltim,-16.03949694325486,contrast_gpt4,DOL OFLC LCA disclosure data; https://www.dol.gov/agencies/eta/foreign-labor/performance
2019Q4,mphasis,54.22425484314144,contrast_gpt4,DOL OFLC LCA disclosure data; https://www.dol.gov/agencies/eta/foreign-labor/performance
2019Q4,persistent,167.39764335716714,contrast_gpt4,DOL OFLC LCA disclosure data; https://www.dol.gov/agencies/eta/foreign-labor/performance
2019Q4,tcs,-66.13377757801675,contrast_gpt4,DOL OFLC LCA disclosure data; https://www.dol.gov/agencies/eta/foreign-labor/performance
2019Q4,techm,26.45346318266555,contrast_gpt4,DOL OFLC LCA disclosure data; https://www.dol.gov/agencies/eta/foreign-labor/performance
2019Q4,wipro,146.53873970176753,contrast_gpt4,DOL OFLC LCA disclosure data; https://www.dol.gov/agencies/eta/foreign-labor/performance
2019Q4,pooled8,44.01908046382788,contrast_gpt4,DOL OFLC LCA disclosure data; https://www.dol.gov/agencies/eta/foreign-labor/performance
2019Q4,pooled_mid,-6.9324618009078876,contrast_gpt4,DOL OFLC LCA disclosure data; https://www.dol.gov/agencies/eta/foreign-labor/performance
2020Q1,accenture,12.901810859961948,contrast_gpt4,DOL OFLC LCA disclosure data; https://www.dol.gov/agencies/eta/foreign-labor/performance
2020Q1,capgemini,49.427409641223704,contrast_gpt4,DOL OFLC LCA disclosure data; https://www.dol.gov/agencies/eta/foreign-labor/performance
2020Q1,cognizant,305.88650994959005,contrast_gpt4,DOL OFLC LCA disclosure data; https://www.dol.gov/agencies/eta/foreign-labor/performance
2020Q1,hcltech,-9.116956983098078,contrast_gpt4,DOL OFLC LCA disclosure data; https://www.dol.gov/agencies/eta/foreign-labor/performance
2020Q1,hexaware,186.31921101472471,contrast_gpt4,DOL OFLC LCA disclosure data; https://www.dol.gov/agencies/eta/foreign-labor/performance
2020Q1,infosys,94.07592654612415,contrast_gpt4,DOL OFLC LCA disclosure data; https://www.dol.gov/agencies/eta/foreign-labor/performance
2020Q1,ltim,17.369957868735895,contrast_gpt4,DOL OFLC LCA disclosure data; https://www.dol.gov/agencies/eta/foreign-labor/performance
2020Q1,mphasis,46.25793231926167,contrast_gpt4,DOL OFLC LCA disclosure data; https://www.dol.gov/agencies/eta/foreign-labor/performance
2020Q1,tcs,117.9226813783614,contrast_gpt4,DOL OFLC LCA disclosure data; https://www.dol.gov/agencies/eta/foreign-labor/performance
2020Q1,techm,-21.944278050312906,contrast_gpt4,DOL OFLC LCA disclosure data; https://www.dol.gov/agencies/eta/foreign-labor/performance
2020Q1,wipro,16.075435732747664,contrast_gpt4,DOL OFLC LCA disclosure data; https://www.dol.gov/agencies/eta/foreign-labor/performance
2020Q1,pooled8,30.857132870582532,contrast_gpt4,DOL OFLC LCA disclosure data; https://www.dol.gov/agencies/eta/foreign-labor/performance
2020Q1,pooled_mid,-21.56917086890772,contrast_gpt4,DOL OFLC LCA disclosure data; https://www.dol.gov/agencies/eta/foreign-labor/performance
2020Q2,accenture,21.82060974354073,contrast_gpt4,DOL OFLC LCA disclosure data; https://www.dol.gov/agencies/eta/foreign-labor/performance
2020Q2,capgemini,56.928947366206,contrast_gpt4,DOL OFLC LCA disclosure data; https://www.dol.gov/agencies/eta/foreign-labor/performance
2020Q2,cognizant,325.06984097603294,contrast_gpt4,DOL OFLC LCA disclosure data; https://www.dol.gov/agencies/eta/foreign-labor/performance
2020Q2,hcltech,-27.15955427663863,contrast_gpt4,DOL OFLC LCA disclosure data; https://www.dol.gov/agencies/eta/foreign-labor/performance
2020Q2,hexaware,196.94406464655074,contrast_gpt4,DOL OFLC LCA disclosure data; https://www.dol.gov/agencies/eta/foreign-labor/performance
2020Q2,infosys,156.48816410873934,contrast_gpt4,DOL OFLC LCA disclosure data; https://www.dol.gov/agencies/eta/foreign-labor/performance
2020Q2,ltim,-12.402174687629433,contrast_gpt4,DOL OFLC LCA disclosure data; https://www.dol.gov/agencies/eta/foreign-labor/performance
2020Q2,mphasis,53.90147882527356,contrast_gpt4,DOL OFLC LCA disclosure data; https://www.dol.gov/agencies/eta/foreign-labor/performance
2020Q2,tcs,60.457270943739275,contrast_gpt4,DOL OFLC LCA disclosure data; https://www.dol.gov/agencies/eta/foreign-labor/performance
2020Q2,techm,-2.8254885379309123,contrast_gpt4,DOL OFLC LCA disclosure data; https://www.dol.gov/agencies/eta/foreign-labor/performance
2020Q2,wipro,-4.879777628639985,contrast_gpt4,DOL OFLC LCA disclosure data; https://www.dol.gov/agencies/eta/foreign-labor/performance
2020Q2,pooled8,24.46397875227224,contrast_gpt4,DOL OFLC LCA disclosure data; https://www.dol.gov/agencies/eta/foreign-labor/performance
2020Q2,pooled_mid,-1.4613751209022041,contrast_gpt4,DOL OFLC LCA disclosure data; https://www.dol.gov/agencies/eta/foreign-labor/performance
2020Q3,accenture,39.81510405185569,contrast_gpt4,DOL OFLC LCA disclosure data; https://www.dol.gov/agencies/eta/foreign-labor/performance
2020Q3,capgemini,63.64879902671742,contrast_gpt4,DOL OFLC LCA disclosure data; https://www.dol.gov/agencies/eta/foreign-labor/performance
2020Q3,cognizant,299.2836753849689,contrast_gpt4,DOL OFLC LCA disclosure data; https://www.dol.gov/agencies/eta/foreign-labor/performance
2020Q3,hcltech,-39.177225032212114,contrast_gpt4,DOL OFLC LCA disclosure data; https://www.dol.gov/agencies/eta/foreign-labor/performance
2020Q3,hexaware,141.3201814039815,contrast_gpt4,DOL OFLC LCA disclosure data; https://www.dol.gov/agencies/eta/foreign-labor/performance
2020Q3,infosys,162.75511463032586,contrast_gpt4,DOL OFLC LCA disclosure data; https://www.dol.gov/agencies/eta/foreign-labor/performance
2020Q3,ltim,-37.135978104049,contrast_gpt4,DOL OFLC LCA disclosure data; https://www.dol.gov/agencies/eta/foreign-labor/performance
2020Q3,mphasis,112.27440847701904,contrast_gpt4,DOL OFLC LCA disclosure data; https://www.dol.gov/agencies/eta/foreign-labor/performance
2020Q3,persistent,-16.126814759612227,contrast_gpt4,DOL OFLC LCA disclosure data; https://www.dol.gov/agencies/eta/foreign-labor/performance
2020Q3,tcs,57.08430755687485,contrast_gpt4,DOL OFLC LCA disclosure data; https://www.dol.gov/agencies/eta/foreign-labor/performance
2020Q3,techm,-0.4827255014080549,contrast_gpt4,DOL OFLC LCA disclosure data; https://www.dol.gov/agencies/eta/foreign-labor/performance
2020Q3,wipro,-19.322850289599515,contrast_gpt4,DOL OFLC LCA disclosure data; https://www.dol.gov/agencies/eta/foreign-labor/performance
2020Q3,pooled8,12.934334045069289,contrast_gpt4,DOL OFLC LCA disclosure data; https://www.dol.gov/agencies/eta/foreign-labor/performance
2020Q3,pooled_mid,80.83287436086262,contrast_gpt4,DOL OFLC LCA disclosure data; https://www.dol.gov/agencies/eta/foreign-labor/performance
2020Q4,accenture,49.58596682771784,contrast_gpt4,DOL OFLC LCA disclosure data; https://www.dol.gov/agencies/eta/foreign-labor/performance
2020Q4,capgemini,46.634838645707525,contrast_gpt4,DOL OFLC LCA disclosure data; https://www.dol.gov/agencies/eta/foreign-labor/performance
2020Q4,cognizant,242.96120652545852,contrast_gpt4,DOL OFLC LCA disclosure data; https://www.dol.gov/agencies/eta/foreign-labor/performance
2020Q4,hcltech,-16.668647096731057,contrast_gpt4,DOL OFLC LCA disclosure data; https://www.dol.gov/agencies/eta/foreign-labor/performance
2020Q4,infosys,137.48986203730283,contrast_gpt4,DOL OFLC LCA disclosure data; https://www.dol.gov/agencies/eta/foreign-labor/performance
2020Q4,ltim,-28.907884510339485,contrast_gpt4,DOL OFLC LCA disclosure data; https://www.dol.gov/agencies/eta/foreign-labor/performance
2020Q4,mphasis,100.97877208605783,contrast_gpt4,DOL OFLC LCA disclosure data; https://www.dol.gov/agencies/eta/foreign-labor/performance
2020Q4,persistent,-45.02010019495559,contrast_gpt4,DOL OFLC LCA disclosure data; https://www.dol.gov/agencies/eta/foreign-labor/performance
2020Q4,tcs,34.160579639696266,contrast_gpt4,DOL OFLC LCA disclosure data; https://www.dol.gov/agencies/eta/foreign-labor/performance
2020Q4,techm,3.0414287890774077,contrast_gpt4,DOL OFLC LCA disclosure data; https://www.dol.gov/agencies/eta/foreign-labor/performance
2020Q4,wipro,-24.58706361319552,contrast_gpt4,DOL OFLC LCA disclosure data; https://www.dol.gov/agencies/eta/foreign-labor/performance
2020Q4,pooled8,11.420718048413415,contrast_gpt4,DOL OFLC LCA disclosure data; https://www.dol.gov/agencies/eta/foreign-labor/performance
2020Q4,pooled_mid,85.82646390209838,contrast_gpt4,DOL OFLC LCA disclosure data; https://www.dol.gov/agencies/eta/foreign-labor/performance
2021Q1,accenture,50.086758675728085,contrast_gpt4,DOL OFLC LCA disclosure data; https://www.dol.gov/agencies/eta/foreign-labor/performance
2021Q1,capgemini,38.330481026099406,contrast_gpt4,DOL OFLC LCA disclosure data; https://www.dol.gov/agencies/eta/foreign-labor/performance
2021Q1,cognizant,157.86355364604134,contrast_gpt4,DOL OFLC LCA disclosure data; https://www.dol.gov/agencies/eta/foreign-labor/performance
2021Q1,hcltech,-13.917121217444535,contrast_gpt4,DOL OFLC LCA disclosure data; https://www.dol.gov/agencies/eta/foreign-labor/performance
2021Q1,infosys,11.780406032883747,contrast_gpt4,DOL OFLC LCA disclosure data; https://www.dol.gov/agencies/eta/foreign-labor/performance
2021Q1,ltim,-44.42673346076778,contrast_gpt4,DOL OFLC LCA disclosure data; https://www.dol.gov/agencies/eta/foreign-labor/performance
2021Q1,mphasis,81.46664432414825,contrast_gpt4,DOL OFLC LCA disclosure data; https://www.dol.gov/agencies/eta/foreign-labor/performance
2021Q1,persistent,0.0,contrast_gpt4,DOL OFLC LCA disclosure data; https://www.dol.gov/agencies/eta/foreign-labor/performance
2021Q1,tcs,-43.902733165028756,contrast_gpt4,DOL OFLC LCA disclosure data; https://www.dol.gov/agencies/eta/foreign-labor/performance
2021Q1,techm,36.393251172742175,contrast_gpt4,DOL OFLC LCA disclosure data; https://www.dol.gov/agencies/eta/foreign-labor/performance
2021Q1,wipro,-0.8880576314894029,contrast_gpt4,DOL OFLC LCA disclosure data; https://www.dol.gov/agencies/eta/foreign-labor/performance
2021Q1,pooled8,2.4839347192501577,contrast_gpt4,DOL OFLC LCA disclosure data; https://www.dol.gov/agencies/eta/foreign-labor/performance
2021Q1,pooled_mid,91.73853612830327,contrast_gpt4,DOL OFLC LCA disclosure data; https://www.dol.gov/agencies/eta/foreign-labor/performance
2021Q2,accenture,43.57304391464905,contrast_gpt4,DOL OFLC LCA disclosure data; https://www.dol.gov/agencies/eta/foreign-labor/performance
2021Q2,capgemini,30.32832645987137,contrast_gpt4,DOL OFLC LCA disclosure data; https://www.dol.gov/agencies/eta/foreign-labor/performance
2021Q2,cognizant,-117.71340835009394,contrast_gpt4,DOL OFLC LCA disclosure data; https://www.dol.gov/agencies/eta/foreign-labor/performance
2021Q2,hcltech,19.56061745091042,contrast_gpt4,DOL OFLC LCA disclosure data; https://www.dol.gov/agencies/eta/foreign-labor/performance
2021Q2,hexaware,-100.96648026516137,contrast_gpt4,DOL OFLC LCA disclosure data; https://www.dol.gov/agencies/eta/foreign-labor/performance
2021Q2,infosys,-136.3617257645863,contrast_gpt4,DOL OFLC LCA disclosure data; https://www.dol.gov/agencies/eta/foreign-labor/performance
2021Q2,ltim,-33.16157382406047,contrast_gpt4,DOL OFLC LCA disclosure data; https://www.dol.gov/agencies/eta/foreign-labor/performance
2021Q2,mphasis,45.83893793289138,contrast_gpt4,DOL OFLC LCA disclosure data; https://www.dol.gov/agencies/eta/foreign-labor/performance
2021Q2,tcs,-31.55315454260561,contrast_gpt4,DOL OFLC LCA disclosure data; https://www.dol.gov/agencies/eta/foreign-labor/performance
2021Q2,techm,6.027140652959321,contrast_gpt4,DOL OFLC LCA disclosure data; https://www.dol.gov/agencies/eta/foreign-labor/performance
2021Q2,wipro,-9.742479744799454,contrast_gpt4,DOL OFLC LCA disclosure data; https://www.dol.gov/agencies/eta/foreign-labor/performance
2021Q2,pooled8,-48.98870499709669,contrast_gpt4,DOL OFLC LCA disclosure data; https://www.dol.gov/agencies/eta/foreign-labor/performance
2021Q2,pooled_mid,90.68492360909083,contrast_gpt4,DOL OFLC LCA disclosure data; https://www.dol.gov/agencies/eta/foreign-labor/performance
2021Q3,accenture,13.145671519711357,contrast_gpt4,DOL OFLC LCA disclosure data; https://www.dol.gov/agencies/eta/foreign-labor/performance
2021Q3,capgemini,20.562574134864185,contrast_gpt4,DOL OFLC LCA disclosure data; https://www.dol.gov/agencies/eta/foreign-labor/performance
2021Q3,coforge,215.46649629174235,contrast_gpt4,DOL OFLC LCA disclosure data; https://www.dol.gov/agencies/eta/foreign-labor/performance
2021Q3,cognizant,-134.80770401150107,contrast_gpt4,DOL OFLC LCA disclosure data; https://www.dol.gov/agencies/eta/foreign-labor/performance
2021Q3,hcltech,149.9080050066353,contrast_gpt4,DOL OFLC LCA disclosure data; https://www.dol.gov/agencies/eta/foreign-labor/performance
2021Q3,hexaware,-131.78916342354898,contrast_gpt4,DOL OFLC LCA disclosure data; https://www.dol.gov/agencies/eta/foreign-labor/performance
2021Q3,infosys,-167.71621421784297,contrast_gpt4,DOL OFLC LCA disclosure data; https://www.dol.gov/agencies/eta/foreign-labor/performance
2021Q3,ltim,-13.562122890478758,contrast_gpt4,DOL OFLC LCA disclosure data; https://www.dol.gov/agencies/eta/foreign-labor/performance
2021Q3,mphasis,-13.893513523297088,contrast_gpt4,DOL OFLC LCA disclosure data; https://www.dol.gov/agencies/eta/foreign-labor/performance
2021Q3,tcs,-41.915344444591014,contrast_gpt4,DOL OFLC LCA disclosure data; https://www.dol.gov/agencies/eta/foreign-labor/performance
2021Q3,techm,5.736926587669739,contrast_gpt4,DOL OFLC LCA disclosure data; https://www.dol.gov/agencies/eta/foreign-labor/performance
2021Q3,wipro,-5.448597109001113,contrast_gpt4,DOL OFLC LCA disclosure data; https://www.dol.gov/agencies/eta/foreign-labor/performance
2021Q3,pooled8,-59.92664693059582,contrast_gpt4,DOL OFLC LCA disclosure data; https://www.dol.gov/agencies/eta/foreign-labor/performance
2021Q3,pooled_mid,26.972629067212715,contrast_gpt4,DOL OFLC LCA disclosure data; https://www.dol.gov/agencies/eta/foreign-labor/performance
2021Q4,accenture,6.714687982933555,contrast_gpt4,DOL OFLC LCA disclosure data; https://www.dol.gov/agencies/eta/foreign-labor/performance
2021Q4,capgemini,13.079176977295695,contrast_gpt4,DOL OFLC LCA disclosure data; https://www.dol.gov/agencies/eta/foreign-labor/performance
2021Q4,coforge,121.6395324324493,contrast_gpt4,DOL OFLC LCA disclosure data; https://www.dol.gov/agencies/eta/foreign-labor/performance
2021Q4,cognizant,-191.35575935569744,contrast_gpt4,DOL OFLC LCA disclosure data; https://www.dol.gov/agencies/eta/foreign-labor/performance
2021Q4,hcltech,151.5535804804951,contrast_gpt4,DOL OFLC LCA disclosure data; https://www.dol.gov/agencies/eta/foreign-labor/performance
2021Q4,infosys,-195.6351659962855,contrast_gpt4,DOL OFLC LCA disclosure data; https://www.dol.gov/agencies/eta/foreign-labor/performance
2021Q4,ltim,-14.590109586831668,contrast_gpt4,DOL OFLC LCA disclosure data; https://www.dol.gov/agencies/eta/foreign-labor/performance
2021Q4,mphasis,-71.09351982918605,contrast_gpt4,DOL OFLC LCA disclosure data; https://www.dol.gov/agencies/eta/foreign-labor/performance
2021Q4,tcs,-8.598298222710604,contrast_gpt4,DOL OFLC LCA disclosure data; https://www.dol.gov/agencies/eta/foreign-labor/performance
2021Q4,techm,-3.1195190077938424,contrast_gpt4,DOL OFLC LCA disclosure data; https://www.dol.gov/agencies/eta/foreign-labor/performance
2021Q4,wipro,-12.428446936346973,contrast_gpt4,DOL OFLC LCA disclosure data; https://www.dol.gov/agencies/eta/foreign-labor/performance
2021Q4,pooled8,-75.39607420339084,contrast_gpt4,DOL OFLC LCA disclosure data; https://www.dol.gov/agencies/eta/foreign-labor/performance
2021Q4,pooled_mid,4.431950567394821,contrast_gpt4,DOL OFLC LCA disclosure data; https://www.dol.gov/agencies/eta/foreign-labor/performance
2022Q1,accenture,-12.80673809812879,contrast_gpt4,DOL OFLC LCA disclosure data; https://www.dol.gov/agencies/eta/foreign-labor/performance
2022Q1,capgemini,-4.9255590887100045,contrast_gpt4,DOL OFLC LCA disclosure data; https://www.dol.gov/agencies/eta/foreign-labor/performance
2022Q1,coforge,-34.2490308946776,contrast_gpt4,DOL OFLC LCA disclosure data; https://www.dol.gov/agencies/eta/foreign-labor/performance
2022Q1,cognizant,-206.89644865659136,contrast_gpt4,DOL OFLC LCA disclosure data; https://www.dol.gov/agencies/eta/foreign-labor/performance
2022Q1,hcltech,144.36347632386014,contrast_gpt4,DOL OFLC LCA disclosure data; https://www.dol.gov/agencies/eta/foreign-labor/performance
2022Q1,infosys,-153.55073782746268,contrast_gpt4,DOL OFLC LCA disclosure data; https://www.dol.gov/agencies/eta/foreign-labor/performance
2022Q1,ltim,-18.4837073904264,contrast_gpt4,DOL OFLC LCA disclosure data; https://www.dol.gov/agencies/eta/foreign-labor/performance
2022Q1,mphasis,-77.19596455065758,contrast_gpt4,DOL OFLC LCA disclosure data; https://www.dol.gov/agencies/eta/foreign-labor/performance
2022Q1,tcs,-68.4643388945238,contrast_gpt4,DOL OFLC LCA disclosure data; https://www.dol.gov/agencies/eta/foreign-labor/performance
2022Q1,techm,-10.35606951539736,contrast_gpt4,DOL OFLC LCA disclosure data; https://www.dol.gov/agencies/eta/foreign-labor/performance
2022Q1,wipro,-29.068908401390914,contrast_gpt4,DOL OFLC LCA disclosure data; https://www.dol.gov/agencies/eta/foreign-labor/performance
2022Q1,pooled8,-89.17168966019466,contrast_gpt4,DOL OFLC LCA disclosure data; https://www.dol.gov/agencies/eta/foreign-labor/performance
2022Q1,pooled_mid,0.6487784478742622,contrast_gpt4,DOL OFLC LCA disclosure data; https://www.dol.gov/agencies/eta/foreign-labor/performance
2022Q2,accenture,-16.98363207748324,contrast_gpt4,DOL OFLC LCA disclosure data; https://www.dol.gov/agencies/eta/foreign-labor/performance
2022Q2,capgemini,-58.85208555159264,contrast_gpt4,DOL OFLC LCA disclosure data; https://www.dol.gov/agencies/eta/foreign-labor/performance
2022Q2,coforge,-27.32933349996813,contrast_gpt4,DOL OFLC LCA disclosure data; https://www.dol.gov/agencies/eta/foreign-labor/performance
2022Q2,cognizant,-0.6669436374954429,contrast_gpt4,DOL OFLC LCA disclosure data; https://www.dol.gov/agencies/eta/foreign-labor/performance
2022Q2,hcltech,117.70527160667697,contrast_gpt4,DOL OFLC LCA disclosure data; https://www.dol.gov/agencies/eta/foreign-labor/performance
2022Q2,hexaware,-52.99192825815703,contrast_gpt4,DOL OFLC LCA disclosure data; https://www.dol.gov/agencies/eta/foreign-labor/performance
2022Q2,infosys,-14.133622872868742,contrast_gpt4,DOL OFLC LCA disclosure data; https://www.dol.gov/agencies/eta/foreign-labor/performance
2022Q2,ltim,-6.08593957819015,contrast_gpt4,DOL OFLC LCA disclosure data; https://www.dol.gov/agencies/eta/foreign-labor/performance
2022Q2,mphasis,-44.18593448411012,contrast_gpt4,DOL OFLC LCA disclosure data; https://www.dol.gov/agencies/eta/foreign-labor/performance
2022Q2,tcs,-32.90583938754608,contrast_gpt4,DOL OFLC LCA disclosure data; https://www.dol.gov/agencies/eta/foreign-labor/performance
2022Q2,techm,-8.692545827186603,contrast_gpt4,DOL OFLC LCA disclosure data; https://www.dol.gov/agencies/eta/foreign-labor/performance
2022Q2,wipro,-53.940982959389316,contrast_gpt4,DOL OFLC LCA disclosure data; https://www.dol.gov/agencies/eta/foreign-labor/performance
2022Q2,pooled8,-48.19737797254331,contrast_gpt4,DOL OFLC LCA disclosure data; https://www.dol.gov/agencies/eta/foreign-labor/performance
2022Q2,pooled_mid,-41.06054880997721,contrast_gpt4,DOL OFLC LCA disclosure data; https://www.dol.gov/agencies/eta/foreign-labor/performance
2022Q3,accenture,-24.274491161393748,contrast_gpt4,DOL OFLC LCA disclosure data; https://www.dol.gov/agencies/eta/foreign-labor/performance
2022Q3,capgemini,-64.08330841317795,contrast_gpt4,DOL OFLC LCA disclosure data; https://www.dol.gov/agencies/eta/foreign-labor/performance
2022Q3,coforge,84.10673106365675,contrast_gpt4,DOL OFLC LCA disclosure data; https://www.dol.gov/agencies/eta/foreign-labor/performance
2022Q3,cognizant,22.481529722965636,contrast_gpt4,DOL OFLC LCA disclosure data; https://www.dol.gov/agencies/eta/foreign-labor/performance
2022Q3,hcltech,-145.25297480127963,contrast_gpt4,DOL OFLC LCA disclosure data; https://www.dol.gov/agencies/eta/foreign-labor/performance
2022Q3,hexaware,-66.06239888543854,contrast_gpt4,DOL OFLC LCA disclosure data; https://www.dol.gov/agencies/eta/foreign-labor/performance
2022Q3,infosys,28.27772556262215,contrast_gpt4,DOL OFLC LCA disclosure data; https://www.dol.gov/agencies/eta/foreign-labor/performance
2022Q3,ltim,-6.513571434731734,contrast_gpt4,DOL OFLC LCA disclosure data; https://www.dol.gov/agencies/eta/foreign-labor/performance
2022Q3,mphasis,5.388652103996623,contrast_gpt4,DOL OFLC LCA disclosure data; https://www.dol.gov/agencies/eta/foreign-labor/performance
2022Q3,tcs,-16.883770817586104,contrast_gpt4,DOL OFLC LCA disclosure data; https://www.dol.gov/agencies/eta/foreign-labor/performance
2022Q3,techm,-15.383380296295528,contrast_gpt4,DOL OFLC LCA disclosure data; https://www.dol.gov/agencies/eta/foreign-labor/performance
2022Q3,wipro,-76.85428782445908,contrast_gpt4,DOL OFLC LCA disclosure data; https://www.dol.gov/agencies/eta/foreign-labor/performance
2022Q3,pooled8,-60.233114456067526,contrast_gpt4,DOL OFLC LCA disclosure data; https://www.dol.gov/agencies/eta/foreign-labor/performance
2022Q3,pooled_mid,-33.721573107925394,contrast_gpt4,DOL OFLC LCA disclosure data; https://www.dol.gov/agencies/eta/foreign-labor/performance
2022Q4,accenture,-92.04077232140484,contrast_gpt4,DOL OFLC LCA disclosure data; https://www.dol.gov/agencies/eta/foreign-labor/performance
2022Q4,capgemini,-75.41928693849798,contrast_gpt4,DOL OFLC LCA disclosure data; https://www.dol.gov/agencies/eta/foreign-labor/performance
2022Q4,coforge,76.72551527136672,contrast_gpt4,DOL OFLC LCA disclosure data; https://www.dol.gov/agencies/eta/foreign-labor/performance
2022Q4,cognizant,68.30728948238955,contrast_gpt4,DOL OFLC LCA disclosure data; https://www.dol.gov/agencies/eta/foreign-labor/performance
2022Q4,hcltech,-153.17174544547692,contrast_gpt4,DOL OFLC LCA disclosure data; https://www.dol.gov/agencies/eta/foreign-labor/performance
2022Q4,hexaware,60.87433669773965,contrast_gpt4,DOL OFLC LCA disclosure data; https://www.dol.gov/agencies/eta/foreign-labor/performance
2022Q4,infosys,80.64699587630726,contrast_gpt4,DOL OFLC LCA disclosure data; https://www.dol.gov/agencies/eta/foreign-labor/performance
2022Q4,ltim,-14.123981249785514,contrast_gpt4,DOL OFLC LCA disclosure data; https://www.dol.gov/agencies/eta/foreign-labor/performance
2022Q4,mphasis,32.475840373862056,contrast_gpt4,DOL OFLC LCA disclosure data; https://www.dol.gov/agencies/eta/foreign-labor/performance
2022Q4,tcs,-27.210567674292363,contrast_gpt4,DOL OFLC LCA disclosure data; https://www.dol.gov/agencies/eta/foreign-labor/performance
2022Q4,techm,-19.274804140683568,contrast_gpt4,DOL OFLC LCA disclosure data; https://www.dol.gov/agencies/eta/foreign-labor/performance
2022Q4,wipro,-80.498810740323,contrast_gpt4,DOL OFLC LCA disclosure data; https://www.dol.gov/agencies/eta/foreign-labor/performance
2022Q4,pooled8,-39.82071818339784,contrast_gpt4,DOL OFLC LCA disclosure data; https://www.dol.gov/agencies/eta/foreign-labor/performance
2022Q4,pooled_mid,-38.61353049419269,contrast_gpt4,DOL OFLC LCA disclosure data; https://www.dol.gov/agencies/eta/foreign-labor/performance
2023Q1,accenture,-90.18604085104809,contrast_gpt4,DOL OFLC LCA disclosure data; https://www.dol.gov/agencies/eta/foreign-labor/performance
2023Q1,capgemini,-66.2959355142259,contrast_gpt4,DOL OFLC LCA disclosure data; https://www.dol.gov/agencies/eta/foreign-labor/performance
2023Q1,coforge,215.8003864182938,contrast_gpt4,DOL OFLC LCA disclosure data; https://www.dol.gov/agencies/eta/foreign-labor/performance
2023Q1,cognizant,89.0406520491723,contrast_gpt4,DOL OFLC LCA disclosure data; https://www.dol.gov/agencies/eta/foreign-labor/performance
2023Q1,hcltech,-150.06538430947663,contrast_gpt4,DOL OFLC LCA disclosure data; https://www.dol.gov/agencies/eta/foreign-labor/performance
2023Q1,hexaware,12.155520157780696,contrast_gpt4,DOL OFLC LCA disclosure data; https://www.dol.gov/agencies/eta/foreign-labor/performance
2023Q1,infosys,118.23524034078726,contrast_gpt4,DOL OFLC LCA disclosure data; https://www.dol.gov/agencies/eta/foreign-labor/performance
2023Q1,ltim,-30.670106280028804,contrast_gpt4,DOL OFLC LCA disclosure data; https://www.dol.gov/agencies/eta/foreign-labor/performance
2023Q1,mphasis,37.91945389759544,contrast_gpt4,DOL OFLC LCA disclosure data; https://www.dol.gov/agencies/eta/foreign-labor/performance
2023Q1,tcs,-9.826026345927993,contrast_gpt4,DOL OFLC LCA disclosure data; https://www.dol.gov/agencies/eta/foreign-labor/performance
2023Q1,techm,-17.874970352179563,contrast_gpt4,DOL OFLC LCA disclosure data; https://www.dol.gov/agencies/eta/foreign-labor/performance
2023Q1,wipro,-71.39877151399243,contrast_gpt4,DOL OFLC LCA disclosure data; https://www.dol.gov/agencies/eta/foreign-labor/performance
2023Q1,pooled8,-2.012582527325444,contrast_gpt4,DOL OFLC LCA disclosure data; https://www.dol.gov/agencies/eta/foreign-labor/performance
2023Q1,pooled_mid,-36.42151726777082,contrast_gpt4,DOL OFLC LCA disclosure data; https://www.dol.gov/agencies/eta/foreign-labor/performance
2023Q2,accenture,-93.53492412614445,contrast_gpt4,DOL OFLC LCA disclosure data; https://www.dol.gov/agencies/eta/foreign-labor/performance
2023Q2,capgemini,-6.041168379192154,contrast_gpt4,DOL OFLC LCA disclosure data; https://www.dol.gov/agencies/eta/foreign-labor/performance
2023Q2,coforge,181.81927262962105,contrast_gpt4,DOL OFLC LCA disclosure data; https://www.dol.gov/agencies/eta/foreign-labor/performance
2023Q2,cognizant,47.8090979797349,contrast_gpt4,DOL OFLC LCA disclosure data; https://www.dol.gov/agencies/eta/foreign-labor/performance
2023Q2,hcltech,-135.29346946218308,contrast_gpt4,DOL OFLC LCA disclosure data; https://www.dol.gov/agencies/eta/foreign-labor/performance
2023Q2,hexaware,6.416194421728591,contrast_gpt4,DOL OFLC LCA disclosure data; https://www.dol.gov/agencies/eta/foreign-labor/performance
2023Q2,infosys,95.0554668532562,contrast_gpt4,DOL OFLC LCA disclosure data; https://www.dol.gov/agencies/eta/foreign-labor/performance
2023Q2,ltim,-73.2212780076162,contrast_gpt4,DOL OFLC LCA disclosure data; https://www.dol.gov/agencies/eta/foreign-labor/performance
2023Q2,mphasis,26.185925038850883,contrast_gpt4,DOL OFLC LCA disclosure data; https://www.dol.gov/agencies/eta/foreign-labor/performance
2023Q2,tcs,-1.0222312387087484,contrast_gpt4,DOL OFLC LCA disclosure data; https://www.dol.gov/agencies/eta/foreign-labor/performance
2023Q2,techm,-5.7914289428246875,contrast_gpt4,DOL OFLC LCA disclosure data; https://www.dol.gov/agencies/eta/foreign-labor/performance
2023Q2,wipro,-34.98631034144259,contrast_gpt4,DOL OFLC LCA disclosure data; https://www.dol.gov/agencies/eta/foreign-labor/performance
2023Q2,pooled8,21.936089190481887,contrast_gpt4,DOL OFLC LCA disclosure data; https://www.dol.gov/agencies/eta/foreign-labor/performance
2023Q2,pooled_mid,-2.0449649040527973,contrast_gpt4,DOL OFLC LCA disclosure data; https://www.dol.gov/agencies/eta/foreign-labor/performance
2023Q3,accenture,-117.34701426690768,contrast_gpt4,DOL OFLC LCA disclosure data; https://www.dol.gov/agencies/eta/foreign-labor/performance
2023Q3,capgemini,15.106178370349085,contrast_gpt4,DOL OFLC LCA disclosure data; https://www.dol.gov/agencies/eta/foreign-labor/performance
2023Q3,coforge,148.96886593241746,contrast_gpt4,DOL OFLC LCA disclosure data; https://www.dol.gov/agencies/eta/foreign-labor/performance
2023Q3,cognizant,62.97333881765947,contrast_gpt4,DOL OFLC LCA disclosure data; https://www.dol.gov/agencies/eta/foreign-labor/performance
2023Q3,hcltech,-6.2271206932452685,contrast_gpt4,DOL OFLC LCA disclosure data; https://www.dol.gov/agencies/eta/foreign-labor/performance
2023Q3,hexaware,52.51229284668152,contrast_gpt4,DOL OFLC LCA disclosure data; https://www.dol.gov/agencies/eta/foreign-labor/performance
2023Q3,infosys,86.46645993208716,contrast_gpt4,DOL OFLC LCA disclosure data; https://www.dol.gov/agencies/eta/foreign-labor/performance
2023Q3,ltim,-104.73609978508688,contrast_gpt4,DOL OFLC LCA disclosure data; https://www.dol.gov/agencies/eta/foreign-labor/performance
2023Q3,mphasis,9.611883794725149,contrast_gpt4,DOL OFLC LCA disclosure data; https://www.dol.gov/agencies/eta/foreign-labor/performance
2023Q3,persistent,127.91962255635235,contrast_gpt4,DOL OFLC LCA disclosure data; https://www.dol.gov/agencies/eta/foreign-labor/performance
2023Q3,tcs,-21.035358981198577,contrast_gpt4,DOL OFLC LCA disclosure data; https://www.dol.gov/agencies/eta/foreign-labor/performance
2023Q3,techm,2.515874515525738,contrast_gpt4,DOL OFLC LCA disclosure data; https://www.dol.gov/agencies/eta/foreign-labor/performance
2023Q3,wipro,16.348697381505332,contrast_gpt4,DOL OFLC LCA disclosure data; https://www.dol.gov/agencies/eta/foreign-labor/performance
2023Q3,pooled8,45.225034652170045,contrast_gpt4,DOL OFLC LCA disclosure data; https://www.dol.gov/agencies/eta/foreign-labor/performance
2023Q3,pooled_mid,9.824185894291887,contrast_gpt4,DOL OFLC LCA disclosure data; https://www.dol.gov/agencies/eta/foreign-labor/performance
2023Q4,accenture,-25.95747132727484,contrast_gpt4,DOL OFLC LCA disclosure data; https://www.dol.gov/agencies/eta/foreign-labor/performance
2023Q4,capgemini,25.565873337881282,contrast_gpt4,DOL OFLC LCA disclosure data; https://www.dol.gov/agencies/eta/foreign-labor/performance
2023Q4,coforge,149.9126891616418,contrast_gpt4,DOL OFLC LCA disclosure data; https://www.dol.gov/agencies/eta/foreign-labor/performance
2023Q4,cognizant,55.17252260793244,contrast_gpt4,DOL OFLC LCA disclosure data; https://www.dol.gov/agencies/eta/foreign-labor/performance
2023Q4,hcltech,3.3179638862037315,contrast_gpt4,DOL OFLC LCA disclosure data; https://www.dol.gov/agencies/eta/foreign-labor/performance
2023Q4,hexaware,-7.367100470084371,contrast_gpt4,DOL OFLC LCA disclosure data; https://www.dol.gov/agencies/eta/foreign-labor/performance
2023Q4,infosys,57.426061612288166,contrast_gpt4,DOL OFLC LCA disclosure data; https://www.dol.gov/agencies/eta/foreign-labor/performance
2023Q4,ltim,-98.67592698922076,contrast_gpt4,DOL OFLC LCA disclosure data; https://www.dol.gov/agencies/eta/foreign-labor/performance
2023Q4,mphasis,-7.671518053573914,contrast_gpt4,DOL OFLC LCA disclosure data; https://www.dol.gov/agencies/eta/foreign-labor/performance
2023Q4,persistent,108.98016589859549,contrast_gpt4,DOL OFLC LCA disclosure data; https://www.dol.gov/agencies/eta/foreign-labor/performance
2023Q4,tcs,-33.213634398236834,contrast_gpt4,DOL OFLC LCA disclosure data; https://www.dol.gov/agencies/eta/foreign-labor/performance
2023Q4,techm,16.388205798686414,contrast_gpt4,DOL OFLC LCA disclosure data; https://www.dol.gov/agencies/eta/foreign-labor/performance
2023Q4,wipro,40.26655355895076,contrast_gpt4,DOL OFLC LCA disclosure data; https://www.dol.gov/agencies/eta/foreign-labor/performance
2023Q4,pooled8,49.19651442773284,contrast_gpt4,DOL OFLC LCA disclosure data; https://www.dol.gov/agencies/eta/foreign-labor/performance
2023Q4,pooled_mid,14.754315995080297,contrast_gpt4,DOL OFLC LCA disclosure data; https://www.dol.gov/agencies/eta/foreign-labor/performance
2024Q1,accenture,-16.08906341433795,contrast_gpt4,DOL OFLC LCA disclosure data; https://www.dol.gov/agencies/eta/foreign-labor/performance
2024Q1,capgemini,29.255817797610277,contrast_gpt4,DOL OFLC LCA disclosure data; https://www.dol.gov/agencies/eta/foreign-labor/performance
2024Q1,coforge,142.5515074273172,contrast_gpt4,DOL OFLC LCA disclosure data; https://www.dol.gov/agencies/eta/foreign-labor/performance
2024Q1,cognizant,52.2938018161194,contrast_gpt4,DOL OFLC LCA disclosure data; https://www.dol.gov/agencies/eta/foreign-labor/performance
2024Q1,hcltech,9.073029863084631,contrast_gpt4,DOL OFLC LCA disclosure data; https://www.dol.gov/agencies/eta/foreign-labor/performance
2024Q1,hexaware,114.56797995260955,contrast_gpt4,DOL OFLC LCA disclosure data; https://www.dol.gov/agencies/eta/foreign-labor/performance
2024Q1,infosys,40.29242229881726,contrast_gpt4,DOL OFLC LCA disclosure data; https://www.dol.gov/agencies/eta/foreign-labor/performance
2024Q1,ltim,-82.23206313156165,contrast_gpt4,DOL OFLC LCA disclosure data; https://www.dol.gov/agencies/eta/foreign-labor/performance
2024Q1,mphasis,-12.170663387524007,contrast_gpt4,DOL OFLC LCA disclosure data; https://www.dol.gov/agencies/eta/foreign-labor/performance
2024Q1,persistent,76.49729151312009,contrast_gpt4,DOL OFLC LCA disclosure data; https://www.dol.gov/agencies/eta/foreign-labor/performance
2024Q1,tcs,-28.35897498520523,contrast_gpt4,DOL OFLC LCA disclosure data; https://www.dol.gov/agencies/eta/foreign-labor/performance
2024Q1,techm,5.173336260522506,contrast_gpt4,DOL OFLC LCA disclosure data; https://www.dol.gov/agencies/eta/foreign-labor/performance
2024Q1,wipro,38.43204145824634,contrast_gpt4,DOL OFLC LCA disclosure data; https://www.dol.gov/agencies/eta/foreign-labor/performance
2024Q1,pooled8,43.77378746510999,contrast_gpt4,DOL OFLC LCA disclosure data; https://www.dol.gov/agencies/eta/foreign-labor/performance
2024Q1,pooled_mid,21.251220623785187,contrast_gpt4,DOL OFLC LCA disclosure data; https://www.dol.gov/agencies/eta/foreign-labor/performance
2024Q2,accenture,-10.805214866690262,contrast_gpt4,DOL OFLC LCA disclosure data; https://www.dol.gov/agencies/eta/foreign-labor/performance
2024Q2,capgemini,2.848499941538302,contrast_gpt4,DOL OFLC LCA disclosure data; https://www.dol.gov/agencies/eta/foreign-labor/performance
2024Q2,coforge,108.9517558762227,contrast_gpt4,DOL OFLC LCA disclosure data; https://www.dol.gov/agencies/eta/foreign-labor/performance
2024Q2,cognizant,56.82046469697035,contrast_gpt4,DOL OFLC LCA disclosure data; https://www.dol.gov/agencies/eta/foreign-labor/performance
2024Q2,hcltech,10.372185953967545,contrast_gpt4,DOL OFLC LCA disclosure data; https://www.dol.gov/agencies/eta/foreign-labor/performance
2024Q2,hexaware,108.83907345965716,contrast_gpt4,DOL OFLC LCA disclosure data; https://www.dol.gov/agencies/eta/foreign-labor/performance
2024Q2,infosys,3.3786041778125977,contrast_gpt4,DOL OFLC LCA disclosure data; https://www.dol.gov/agencies/eta/foreign-labor/performance
2024Q2,ltim,-86.66844308900588,contrast_gpt4,DOL OFLC LCA disclosure data; https://www.dol.gov/agencies/eta/foreign-labor/performance
2024Q2,mphasis,-11.508957085594531,contrast_gpt4,DOL OFLC LCA disclosure data; https://www.dol.gov/agencies/eta/foreign-labor/performance
2024Q2,tcs,-52.978050179019334,contrast_gpt4,DOL OFLC LCA disclosure data; https://www.dol.gov/agencies/eta/foreign-labor/performance
2024Q2,techm,-0.2554279805096904,contrast_gpt4,DOL OFLC LCA disclosure data; https://www.dol.gov/agencies/eta/foreign-labor/performance
2024Q2,wipro,46.76043686896635,contrast_gpt4,DOL OFLC LCA disclosure data; https://www.dol.gov/agencies/eta/foreign-labor/performance
2024Q2,pooled8,25.61966841201203,contrast_gpt4,DOL OFLC LCA disclosure data; https://www.dol.gov/agencies/eta/foreign-labor/performance
2024Q2,pooled_mid,4.44502516049993,contrast_gpt4,DOL OFLC LCA disclosure data; https://www.dol.gov/agencies/eta/foreign-labor/performance
2024Q3,accenture,95.09332330326822,contrast_gpt4,DOL OFLC LCA disclosure data; https://www.dol.gov/agencies/eta/foreign-labor/performance
2024Q3,capgemini,-20.405989094887037,contrast_gpt4,DOL OFLC LCA disclosure data; https://www.dol.gov/agencies/eta/foreign-labor/performance
2024Q3,coforge,84.3459084080038,contrast_gpt4,DOL OFLC LCA disclosure data; https://www.dol.gov/agencies/eta/foreign-labor/performance
2024Q3,cognizant,54.49833426690378,contrast_gpt4,DOL OFLC LCA disclosure data; https://www.dol.gov/agencies/eta/foreign-labor/performance
2024Q3,hcltech,10.139686810481486,contrast_gpt4,DOL OFLC LCA disclosure data; https://www.dol.gov/agencies/eta/foreign-labor/performance
2024Q3,infosys,-8.653608546410183,contrast_gpt4,DOL OFLC LCA disclosure data; https://www.dol.gov/agencies/eta/foreign-labor/performance
2024Q3,ltim,-49.038689111398966,contrast_gpt4,DOL OFLC LCA disclosure data; https://www.dol.gov/agencies/eta/foreign-labor/performance
2024Q3,mphasis,-32.988845278095425,contrast_gpt4,DOL OFLC LCA disclosure data; https://www.dol.gov/agencies/eta/foreign-labor/performance
2024Q3,persistent,-48.22522513219347,contrast_gpt4,DOL OFLC LCA disclosure data; https://www.dol.gov/agencies/eta/foreign-labor/performance
2024Q3,tcs,-28.816421460489025,contrast_gpt4,DOL OFLC LCA disclosure data; https://www.dol.gov/agencies/eta/foreign-labor/performance
2024Q3,techm,-11.931367116883376,contrast_gpt4,DOL OFLC LCA disclosure data; https://www.dol.gov/agencies/eta/foreign-labor/performance
2024Q3,wipro,10.911021654615965,contrast_gpt4,DOL OFLC LCA disclosure data; https://www.dol.gov/agencies/eta/foreign-labor/performance
2024Q3,pooled8,27.16337479071771,contrast_gpt4,DOL OFLC LCA disclosure data; https://www.dol.gov/agencies/eta/foreign-labor/performance
2024Q3,pooled_mid,-11.871998226174421,contrast_gpt4,DOL OFLC LCA disclosure data; https://www.dol.gov/agencies/eta/foreign-labor/performance
2024Q4,accenture,79.99878085730104,contrast_gpt4,DOL OFLC LCA disclosure data; https://www.dol.gov/agencies/eta/foreign-labor/performance
2024Q4,capgemini,-15.571765958508339,contrast_gpt4,DOL OFLC LCA disclosure data; https://www.dol.gov/agencies/eta/foreign-labor/performance
2024Q4,coforge,115.17648956458436,contrast_gpt4,DOL OFLC LCA disclosure data; https://www.dol.gov/agencies/eta/foreign-labor/performance
2024Q4,cognizant,55.436196699898176,contrast_gpt4,DOL OFLC LCA disclosure data; https://www.dol.gov/agencies/eta/foreign-labor/performance
2024Q4,hcltech,6.034267000405977,contrast_gpt4,DOL OFLC LCA disclosure data; https://www.dol.gov/agencies/eta/foreign-labor/performance
2024Q4,infosys,0.37246008956104504,contrast_gpt4,DOL OFLC LCA disclosure data; https://www.dol.gov/agencies/eta/foreign-labor/performance
2024Q4,ltim,-49.45531203563957,contrast_gpt4,DOL OFLC LCA disclosure data; https://www.dol.gov/agencies/eta/foreign-labor/performance
2024Q4,mphasis,-32.07683350143695,contrast_gpt4,DOL OFLC LCA disclosure data; https://www.dol.gov/agencies/eta/foreign-labor/performance
2024Q4,persistent,-77.61441001309132,contrast_gpt4,DOL OFLC LCA disclosure data; https://www.dol.gov/agencies/eta/foreign-labor/performance
2024Q4,tcs,-23.30930197865428,contrast_gpt4,DOL OFLC LCA disclosure data; https://www.dol.gov/agencies/eta/foreign-labor/performance
2024Q4,techm,-15.339707208183606,contrast_gpt4,DOL OFLC LCA disclosure data; https://www.dol.gov/agencies/eta/foreign-labor/performance
2024Q4,wipro,-3.7072676574977095,contrast_gpt4,DOL OFLC LCA disclosure data; https://www.dol.gov/agencies/eta/foreign-labor/performance
2024Q4,pooled8,21.41890189913383,contrast_gpt4,DOL OFLC LCA disclosure data; https://www.dol.gov/agencies/eta/foreign-labor/performance
2024Q4,pooled_mid,-5.125161049534249,contrast_gpt4,DOL OFLC LCA disclosure data; https://www.dol.gov/agencies/eta/foreign-labor/performance
2025Q1,accenture,78.5985422360035,contrast_gpt4,DOL OFLC LCA disclosure data; https://www.dol.gov/agencies/eta/foreign-labor/performance
2025Q1,capgemini,-22.624284899871824,contrast_gpt4,DOL OFLC LCA disclosure data; https://www.dol.gov/agencies/eta/foreign-labor/performance
2025Q1,coforge,77.47911696004554,contrast_gpt4,DOL OFLC LCA disclosure data; https://www.dol.gov/agencies/eta/foreign-labor/performance
2025Q1,cognizant,50.08781209631222,contrast_gpt4,DOL OFLC LCA disclosure data; https://www.dol.gov/agencies/eta/foreign-labor/performance
2025Q1,hcltech,3.3578242083296317,contrast_gpt4,DOL OFLC LCA disclosure data; https://www.dol.gov/agencies/eta/foreign-labor/performance
2025Q1,hexaware,35.43734469504532,contrast_gpt4,DOL OFLC LCA disclosure data; https://www.dol.gov/agencies/eta/foreign-labor/performance
2025Q1,infosys,-18.16094324251832,contrast_gpt4,DOL OFLC LCA disclosure data; https://www.dol.gov/agencies/eta/foreign-labor/performance
2025Q1,ltim,-93.90920851011887,contrast_gpt4,DOL OFLC LCA disclosure data; https://www.dol.gov/agencies/eta/foreign-labor/performance
2025Q1,mphasis,-15.508221226536985,contrast_gpt4,DOL OFLC LCA disclosure data; https://www.dol.gov/agencies/eta/foreign-labor/performance
2025Q1,persistent,-42.54657748148338,contrast_gpt4,DOL OFLC LCA disclosure data; https://www.dol.gov/agencies/eta/foreign-labor/performance
2025Q1,tcs,-14.247345924259921,contrast_gpt4,DOL OFLC LCA disclosure data; https://www.dol.gov/agencies/eta/foreign-labor/performance
2025Q1,techm,-4.29091248259257,contrast_gpt4,DOL OFLC LCA disclosure data; https://www.dol.gov/agencies/eta/foreign-labor/performance
2025Q1,wipro,3.87025375702855,contrast_gpt4,DOL OFLC LCA disclosure data; https://www.dol.gov/agencies/eta/foreign-labor/performance
2025Q1,pooled8,3.7318767093952836,contrast_gpt4,DOL OFLC LCA disclosure data; https://www.dol.gov/agencies/eta/foreign-labor/performance
2025Q1,pooled_mid,-11.889246377469961,contrast_gpt4,DOL OFLC LCA disclosure data; https://www.dol.gov/agencies/eta/foreign-labor/performance
2025Q2,accenture,85.97560953092453,contrast_gpt4,DOL OFLC LCA disclosure data; https://www.dol.gov/agencies/eta/foreign-labor/performance
2025Q2,capgemini,-17.488163897988898,contrast_gpt4,DOL OFLC LCA disclosure data; https://www.dol.gov/agencies/eta/foreign-labor/performance
2025Q2,coforge,139.67770163006213,contrast_gpt4,DOL OFLC LCA disclosure data; https://www.dol.gov/agencies/eta/foreign-labor/performance
2025Q2,cognizant,80.1858584944402,contrast_gpt4,DOL OFLC LCA disclosure data; https://www.dol.gov/agencies/eta/foreign-labor/performance
2025Q2,hcltech,5.26293648393035,contrast_gpt4,DOL OFLC LCA disclosure data; https://www.dol.gov/agencies/eta/foreign-labor/performance
2025Q2,hexaware,3.146326945578511,contrast_gpt4,DOL OFLC LCA disclosure data; https://www.dol.gov/agencies/eta/foreign-labor/performance
2025Q2,infosys,-56.47705085557649,contrast_gpt4,DOL OFLC LCA disclosure data; https://www.dol.gov/agencies/eta/foreign-labor/performance
2025Q2,ltim,-73.57698090783875,contrast_gpt4,DOL OFLC LCA disclosure data; https://www.dol.gov/agencies/eta/foreign-labor/performance
2025Q2,mphasis,-9.626834020979217,contrast_gpt4,DOL OFLC LCA disclosure data; https://www.dol.gov/agencies/eta/foreign-labor/performance
2025Q2,persistent,115.32707012059738,contrast_gpt4,DOL OFLC LCA disclosure data; https://www.dol.gov/agencies/eta/foreign-labor/performance
2025Q2,tcs,7.792959094332435,contrast_gpt4,DOL OFLC LCA disclosure data; https://www.dol.gov/agencies/eta/foreign-labor/performance
2025Q2,techm,-0.7117467768864039,contrast_gpt4,DOL OFLC LCA disclosure data; https://www.dol.gov/agencies/eta/foreign-labor/performance
2025Q2,wipro,-27.82898057198784,contrast_gpt4,DOL OFLC LCA disclosure data; https://www.dol.gov/agencies/eta/foreign-labor/performance
2025Q2,pooled8,-6.11601577513097,contrast_gpt4,DOL OFLC LCA disclosure data; https://www.dol.gov/agencies/eta/foreign-labor/performance
2025Q2,pooled_mid,-6.619023824140502,contrast_gpt4,DOL OFLC LCA disclosure data; https://www.dol.gov/agencies/eta/foreign-labor/performance
2025Q3,accenture,25.181796537169458,contrast_gpt4,DOL OFLC LCA disclosure data; https://www.dol.gov/agencies/eta/foreign-labor/performance
2025Q3,capgemini,-16.968836549609925,contrast_gpt4,DOL OFLC LCA disclosure data; https://www.dol.gov/agencies/eta/foreign-labor/performance
2025Q3,coforge,124.27496319943822,contrast_gpt4,DOL OFLC LCA disclosure data; https://www.dol.gov/agencies/eta/foreign-labor/performance
2025Q3,cognizant,71.64671093383447,contrast_gpt4,DOL OFLC LCA disclosure data; https://www.dol.gov/agencies/eta/foreign-labor/performance
2025Q3,hcltech,-3.387641639596545,contrast_gpt4,DOL OFLC LCA disclosure data; https://www.dol.gov/agencies/eta/foreign-labor/performance
2025Q3,infosys,-71.2170928736254,contrast_gpt4,DOL OFLC LCA disclosure data; https://www.dol.gov/agencies/eta/foreign-labor/performance
2025Q3,ltim,-82.23568757628604,contrast_gpt4,DOL OFLC LCA disclosure data; https://www.dol.gov/agencies/eta/foreign-labor/performance
2025Q3,mphasis,39.38534149696213,contrast_gpt4,DOL OFLC LCA disclosure data; https://www.dol.gov/agencies/eta/foreign-labor/performance
2025Q3,persistent,72.43455514158067,contrast_gpt4,DOL OFLC LCA disclosure data; https://www.dol.gov/agencies/eta/foreign-labor/performance
2025Q3,tcs,4.442769854480822,contrast_gpt4,DOL OFLC LCA disclosure data; https://www.dol.gov/agencies/eta/foreign-labor/performance
2025Q3,techm,14.86718886901287,contrast_gpt4,DOL OFLC LCA disclosure data; https://www.dol.gov/agencies/eta/foreign-labor/performance
2025Q3,wipro,-10.310892693248329,contrast_gpt4,DOL OFLC LCA disclosure data; https://www.dol.gov/agencies/eta/foreign-labor/performance
2025Q3,pooled8,-23.014192780144995,contrast_gpt4,DOL OFLC LCA disclosure data; https://www.dol.gov/agencies/eta/foreign-labor/performance
2025Q3,pooled_mid,2.6040904212815326,contrast_gpt4,DOL OFLC LCA disclosure data; https://www.dol.gov/agencies/eta/foreign-labor/performance
2025Q4,accenture,11.155898089741285,contrast_gpt4,DOL OFLC LCA disclosure data; https://www.dol.gov/agencies/eta/foreign-labor/performance
2025Q4,capgemini,-22.521755184099217,contrast_gpt4,DOL OFLC LCA disclosure data; https://www.dol.gov/agencies/eta/foreign-labor/performance
2025Q4,coforge,71.39157055149184,contrast_gpt4,DOL OFLC LCA disclosure data; https://www.dol.gov/agencies/eta/foreign-labor/performance
2025Q4,cognizant,58.870959990071995,contrast_gpt4,DOL OFLC LCA disclosure data; https://www.dol.gov/agencies/eta/foreign-labor/performance
2025Q4,hcltech,-15.014298632314457,contrast_gpt4,DOL OFLC LCA disclosure data; https://www.dol.gov/agencies/eta/foreign-labor/performance
2025Q4,infosys,-100.23894639651142,contrast_gpt4,DOL OFLC LCA disclosure data; https://www.dol.gov/agencies/eta/foreign-labor/performance
2025Q4,ltim,-83.14971158558599,contrast_gpt4,DOL OFLC LCA disclosure data; https://www.dol.gov/agencies/eta/foreign-labor/performance
2025Q4,mphasis,90.6420082516621,contrast_gpt4,DOL OFLC LCA disclosure data; https://www.dol.gov/agencies/eta/foreign-labor/performance
2025Q4,tcs,22.37079037890053,contrast_gpt4,DOL OFLC LCA disclosure data; https://www.dol.gov/agencies/eta/foreign-labor/performance
2025Q4,techm,17.39681358731113,contrast_gpt4,DOL OFLC LCA disclosure data; https://www.dol.gov/agencies/eta/foreign-labor/performance
2025Q4,wipro,-12.873174069612425,contrast_gpt4,DOL OFLC LCA disclosure data; https://www.dol.gov/agencies/eta/foreign-labor/performance
2025Q4,pooled8,-32.973718912423536,contrast_gpt4,DOL OFLC LCA disclosure data; https://www.dol.gov/agencies/eta/foreign-labor/performance
2025Q4,pooled_mid,1.2166506376000323,contrast_gpt4,DOL OFLC LCA disclosure data; https://www.dol.gov/agencies/eta/foreign-labor/performance
2026Q1,accenture,-5.276833402013807,contrast_gpt4,DOL OFLC LCA disclosure data; https://www.dol.gov/agencies/eta/foreign-labor/performance
2026Q1,capgemini,-13.050427625951993,contrast_gpt4,DOL OFLC LCA disclosure data; https://www.dol.gov/agencies/eta/foreign-labor/performance
2026Q1,coforge,106.11516418505593,contrast_gpt4,DOL OFLC LCA disclosure data; https://www.dol.gov/agencies/eta/foreign-labor/performance
2026Q1,cognizant,61.154815120779254,contrast_gpt4,DOL OFLC LCA disclosure data; https://www.dol.gov/agencies/eta/foreign-labor/performance
2026Q1,hcltech,-26.574237549225707,contrast_gpt4,DOL OFLC LCA disclosure data; https://www.dol.gov/agencies/eta/foreign-labor/performance
2026Q1,infosys,-102.91738748490931,contrast_gpt4,DOL OFLC LCA disclosure data; https://www.dol.gov/agencies/eta/foreign-labor/performance
2026Q1,ltim,-44.926512485583075,contrast_gpt4,DOL OFLC LCA disclosure data; https://www.dol.gov/agencies/eta/foreign-labor/performance
2026Q1,mphasis,65.70901436287164,contrast_gpt4,DOL OFLC LCA disclosure data; https://www.dol.gov/agencies/eta/foreign-labor/performance
2026Q1,tcs,22.410180706118783,contrast_gpt4,DOL OFLC LCA disclosure data; https://www.dol.gov/agencies/eta/foreign-labor/performance
2026Q1,techm,18.58680540407594,contrast_gpt4,DOL OFLC LCA disclosure data; https://www.dol.gov/agencies/eta/foreign-labor/performance
2026Q1,wipro,-17.997597889946874,contrast_gpt4,DOL OFLC LCA disclosure data; https://www.dol.gov/agencies/eta/foreign-labor/performance
2026Q1,pooled8,-27.662918757835048,contrast_gpt4,DOL OFLC LCA disclosure data; https://www.dol.gov/agencies/eta/foreign-labor/performance
2026Q1,pooled_mid,8.434269892271056,contrast_gpt4,DOL OFLC LCA disclosure data; https://www.dol.gov/agencies/eta/foreign-labor/performance
2026Q2,accenture,-25.570385955952283,contrast_gpt4,DOL OFLC LCA disclosure data; https://www.dol.gov/agencies/eta/foreign-labor/performance
2026Q2,capgemini,9.536574649421258,contrast_gpt4,DOL OFLC LCA disclosure data; https://www.dol.gov/agencies/eta/foreign-labor/performance
2026Q2,coforge,34.2989490853478,contrast_gpt4,DOL OFLC LCA disclosure data; https://www.dol.gov/agencies/eta/foreign-labor/performance
2026Q2,cognizant,4.648878316561529,contrast_gpt4,DOL OFLC LCA disclosure data; https://www.dol.gov/agencies/eta/foreign-labor/performance
2026Q2,hcltech,-48.03468474739121,contrast_gpt4,DOL OFLC LCA disclosure data; https://www.dol.gov/agencies/eta/foreign-labor/performance
2026Q2,infosys,-65.5268618472964,contrast_gpt4,DOL OFLC LCA disclosure data; https://www.dol.gov/agencies/eta/foreign-labor/performance
2026Q2,ltim,11.96165446556008,contrast_gpt4,DOL OFLC LCA disclosure data; https://www.dol.gov/agencies/eta/foreign-labor/performance
2026Q2,mphasis,47.68634678661764,contrast_gpt4,DOL OFLC LCA disclosure data; https://www.dol.gov/agencies/eta/foreign-labor/performance
2026Q2,persistent,-74.40672709872022,contrast_gpt4,DOL OFLC LCA disclosure data; https://www.dol.gov/agencies/eta/foreign-labor/performance
2026Q2,tcs,37.55313138163448,contrast_gpt4,DOL OFLC LCA disclosure data; https://www.dol.gov/agencies/eta/foreign-labor/performance
2026Q2,techm,13.589648988682008,contrast_gpt4,DOL OFLC LCA disclosure data; https://www.dol.gov/agencies/eta/foreign-labor/performance
2026Q2,wipro,29.327816640259236,contrast_gpt4,DOL OFLC LCA disclosure data; https://www.dol.gov/agencies/eta/foreign-labor/performance
2026Q2,pooled8,-11.265561959844995,contrast_gpt4,DOL OFLC LCA disclosure data; https://www.dol.gov/agencies/eta/foreign-labor/performance
2026Q2,pooled_mid,17.2192205434364,contrast_gpt4,DOL OFLC LCA disclosure data; https://www.dol.gov/agencies/eta/foreign-labor/performance
2016Q3,accenture,-174.19920639175095,contrast_lmaioe,DOL OFLC LCA disclosure data; https://www.dol.gov/agencies/eta/foreign-labor/performance
2016Q3,capgemini,82.35724474790473,contrast_lmaioe,DOL OFLC LCA disclosure data; https://www.dol.gov/agencies/eta/foreign-labor/performance
2016Q3,cognizant,82.72553299052525,contrast_lmaioe,DOL OFLC LCA disclosure data; https://www.dol.gov/agencies/eta/foreign-labor/performance
2016Q3,hcltech,-52.82304139396641,contrast_lmaioe,DOL OFLC LCA disclosure data; https://www.dol.gov/agencies/eta/foreign-labor/performance
2016Q3,infosys,-10.920118425102292,contrast_lmaioe,DOL OFLC LCA disclosure data; https://www.dol.gov/agencies/eta/foreign-labor/performance
2016Q3,ltim,-41.30157453136506,contrast_lmaioe,DOL OFLC LCA disclosure data; https://www.dol.gov/agencies/eta/foreign-labor/performance
2016Q3,mphasis,-26.072160995233716,contrast_lmaioe,DOL OFLC LCA disclosure data; https://www.dol.gov/agencies/eta/foreign-labor/performance
2016Q3,tcs,7.95448236702218,contrast_lmaioe,DOL OFLC LCA disclosure data; https://www.dol.gov/agencies/eta/foreign-labor/performance
2016Q3,techm,-0.5080451232418994,contrast_lmaioe,DOL OFLC LCA disclosure data; https://www.dol.gov/agencies/eta/foreign-labor/performance
2016Q3,wipro,-11.438757592085846,contrast_lmaioe,DOL OFLC LCA disclosure data; https://www.dol.gov/agencies/eta/foreign-labor/performance
2016Q3,pooled8,15.00808908552995,contrast_lmaioe,DOL OFLC LCA disclosure data; https://www.dol.gov/agencies/eta/foreign-labor/performance
2016Q3,pooled_mid,48.843000156075206,contrast_lmaioe,DOL OFLC LCA disclosure data; https://www.dol.gov/agencies/eta/foreign-labor/performance
2016Q4,accenture,-148.19376330559837,contrast_lmaioe,DOL OFLC LCA disclosure data; https://www.dol.gov/agencies/eta/foreign-labor/performance
2016Q4,capgemini,81.25252223805731,contrast_lmaioe,DOL OFLC LCA disclosure data; https://www.dol.gov/agencies/eta/foreign-labor/performance
2016Q4,cognizant,17.467596970522308,contrast_lmaioe,DOL OFLC LCA disclosure data; https://www.dol.gov/agencies/eta/foreign-labor/performance
2016Q4,hcltech,-56.273489861138515,contrast_lmaioe,DOL OFLC LCA disclosure data; https://www.dol.gov/agencies/eta/foreign-labor/performance
2016Q4,infosys,6.959758150396379,contrast_lmaioe,DOL OFLC LCA disclosure data; https://www.dol.gov/agencies/eta/foreign-labor/performance
2016Q4,ltim,-10.348595552930071,contrast_lmaioe,DOL OFLC LCA disclosure data; https://www.dol.gov/agencies/eta/foreign-labor/performance
2016Q4,mphasis,-49.73439873363398,contrast_lmaioe,DOL OFLC LCA disclosure data; https://www.dol.gov/agencies/eta/foreign-labor/performance
2016Q4,tcs,3.270796728257338,contrast_lmaioe,DOL OFLC LCA disclosure data; https://www.dol.gov/agencies/eta/foreign-labor/performance
2016Q4,techm,-5.731735125883162,contrast_lmaioe,DOL OFLC LCA disclosure data; https://www.dol.gov/agencies/eta/foreign-labor/performance
2016Q4,wipro,-3.053357019400109,contrast_lmaioe,DOL OFLC LCA disclosure data; https://www.dol.gov/agencies/eta/foreign-labor/performance
2016Q4,pooled8,1.1846333689414124,contrast_lmaioe,DOL OFLC LCA disclosure data; https://www.dol.gov/agencies/eta/foreign-labor/performance
2016Q4,pooled_mid,36.86956445449481,contrast_lmaioe,DOL OFLC LCA disclosure data; https://www.dol.gov/agencies/eta/foreign-labor/performance
2017Q1,accenture,-2.729321723260757,contrast_lmaioe,DOL OFLC LCA disclosure data; https://www.dol.gov/agencies/eta/foreign-labor/performance
2017Q1,capgemini,91.67701877475909,contrast_lmaioe,DOL OFLC LCA disclosure data; https://www.dol.gov/agencies/eta/foreign-labor/performance
2017Q1,cognizant,-25.16992414194582,contrast_lmaioe,DOL OFLC LCA disclosure data; https://www.dol.gov/agencies/eta/foreign-labor/performance
2017Q1,hcltech,6.846030299645152,contrast_lmaioe,DOL OFLC LCA disclosure data; https://www.dol.gov/agencies/eta/foreign-labor/performance
2017Q1,infosys,-33.12279841787287,contrast_lmaioe,DOL OFLC LCA disclosure data; https://www.dol.gov/agencies/eta/foreign-labor/performance
2017Q1,ltim,57.97835750666081,contrast_lmaioe,DOL OFLC LCA disclosure data; https://www.dol.gov/agencies/eta/foreign-labor/performance
2017Q1,mphasis,-22.85931560817744,contrast_lmaioe,DOL OFLC LCA disclosure data; https://www.dol.gov/agencies/eta/foreign-labor/performance
2017Q1,tcs,-32.080956349510735,contrast_lmaioe,DOL OFLC LCA disclosure data; https://www.dol.gov/agencies/eta/foreign-labor/performance
2017Q1,techm,6.2606112473218065,contrast_lmaioe,DOL OFLC LCA disclosure data; https://www.dol.gov/agencies/eta/foreign-labor/performance
2017Q1,wipro,12.95078096190899,contrast_lmaioe,DOL OFLC LCA disclosure data; https://www.dol.gov/agencies/eta/foreign-labor/performance
2017Q1,pooled8,0.5168065543737939,contrast_lmaioe,DOL OFLC LCA disclosure data; https://www.dol.gov/agencies/eta/foreign-labor/performance
2017Q1,pooled_mid,41.547352372270865,contrast_lmaioe,DOL OFLC LCA disclosure data; https://www.dol.gov/agencies/eta/foreign-labor/performance
2017Q2,accenture,-18.256843989606033,contrast_lmaioe,DOL OFLC LCA disclosure data; https://www.dol.gov/agencies/eta/foreign-labor/performance
2017Q2,capgemini,76.16403839258466,contrast_lmaioe,DOL OFLC LCA disclosure data; https://www.dol.gov/agencies/eta/foreign-labor/performance
2017Q2,cognizant,-65.63207521607978,contrast_lmaioe,DOL OFLC LCA disclosure data; https://www.dol.gov/agencies/eta/foreign-labor/performance
2017Q2,hcltech,10.406976326166074,contrast_lmaioe,DOL OFLC LCA disclosure data; https://www.dol.gov/agencies/eta/foreign-labor/performance
2017Q2,infosys,-24.348232611342265,contrast_lmaioe,DOL OFLC LCA disclosure data; https://www.dol.gov/agencies/eta/foreign-labor/performance
2017Q2,ltim,35.37590063078683,contrast_lmaioe,DOL OFLC LCA disclosure data; https://www.dol.gov/agencies/eta/foreign-labor/performance
2017Q2,mphasis,-28.52639671431124,contrast_lmaioe,DOL OFLC LCA disclosure data; https://www.dol.gov/agencies/eta/foreign-labor/performance
2017Q2,tcs,-22.8076997414133,contrast_lmaioe,DOL OFLC LCA disclosure data; https://www.dol.gov/agencies/eta/foreign-labor/performance
2017Q2,techm,-0.953959001908977,contrast_lmaioe,DOL OFLC LCA disclosure data; https://www.dol.gov/agencies/eta/foreign-labor/performance
2017Q2,wipro,40.89411741774053,contrast_lmaioe,DOL OFLC LCA disclosure data; https://www.dol.gov/agencies/eta/foreign-labor/performance
2017Q2,pooled8,-48.85111777129391,contrast_lmaioe,DOL OFLC LCA disclosure data; https://www.dol.gov/agencies/eta/foreign-labor/performance
2017Q2,pooled_mid,19.052722692533763,contrast_lmaioe,DOL OFLC LCA disclosure data; https://www.dol.gov/agencies/eta/foreign-labor/performance
2017Q3,accenture,10.856087906028016,contrast_lmaioe,DOL OFLC LCA disclosure data; https://www.dol.gov/agencies/eta/foreign-labor/performance
2017Q3,capgemini,-45.691665123564704,contrast_lmaioe,DOL OFLC LCA disclosure data; https://www.dol.gov/agencies/eta/foreign-labor/performance
2017Q3,cognizant,-55.52678760681118,contrast_lmaioe,DOL OFLC LCA disclosure data; https://www.dol.gov/agencies/eta/foreign-labor/performance
2017Q3,hcltech,14.450034198543023,contrast_lmaioe,DOL OFLC LCA disclosure data; https://www.dol.gov/agencies/eta/foreign-labor/performance
2017Q3,infosys,-25.26287977966564,contrast_lmaioe,DOL OFLC LCA disclosure data; https://www.dol.gov/agencies/eta/foreign-labor/performance
2017Q3,ltim,44.33481576161165,contrast_lmaioe,DOL OFLC LCA disclosure data; https://www.dol.gov/agencies/eta/foreign-labor/performance
2017Q3,mphasis,4.682180149846825,contrast_lmaioe,DOL OFLC LCA disclosure data; https://www.dol.gov/agencies/eta/foreign-labor/performance
2017Q3,tcs,-19.642373070604968,contrast_lmaioe,DOL OFLC LCA disclosure data; https://www.dol.gov/agencies/eta/foreign-labor/performance
2017Q3,techm,2.6211551914944975,contrast_lmaioe,DOL OFLC LCA disclosure data; https://www.dol.gov/agencies/eta/foreign-labor/performance
2017Q3,wipro,42.06698157068966,contrast_lmaioe,DOL OFLC LCA disclosure data; https://www.dol.gov/agencies/eta/foreign-labor/performance
2017Q3,pooled8,-65.28612581787793,contrast_lmaioe,DOL OFLC LCA disclosure data; https://www.dol.gov/agencies/eta/foreign-labor/performance
2017Q3,pooled_mid,-11.556161978954052,contrast_lmaioe,DOL OFLC LCA disclosure data; https://www.dol.gov/agencies/eta/foreign-labor/performance
2017Q4,accenture,4.3268795599619985,contrast_lmaioe,DOL OFLC LCA disclosure data; https://www.dol.gov/agencies/eta/foreign-labor/performance
2017Q4,capgemini,7.7731384116261495,contrast_lmaioe,DOL OFLC LCA disclosure data; https://www.dol.gov/agencies/eta/foreign-labor/performance
2017Q4,cognizant,-59.03617204348408,contrast_lmaioe,DOL OFLC LCA disclosure data; https://www.dol.gov/agencies/eta/foreign-labor/performance
2017Q4,hcltech,21.81996017399827,contrast_lmaioe,DOL OFLC LCA disclosure data; https://www.dol.gov/agencies/eta/foreign-labor/performance
2017Q4,infosys,-45.738503215155305,contrast_lmaioe,DOL OFLC LCA disclosure data; https://www.dol.gov/agencies/eta/foreign-labor/performance
2017Q4,ltim,28.39770565227318,contrast_lmaioe,DOL OFLC LCA disclosure data; https://www.dol.gov/agencies/eta/foreign-labor/performance
2017Q4,mphasis,41.369113426260995,contrast_lmaioe,DOL OFLC LCA disclosure data; https://www.dol.gov/agencies/eta/foreign-labor/performance
2017Q4,persistent,-236.12926938208236,contrast_lmaioe,DOL OFLC LCA disclosure data; https://www.dol.gov/agencies/eta/foreign-labor/performance
2017Q4,tcs,-7.288785142887935,contrast_lmaioe,DOL OFLC LCA disclosure data; https://www.dol.gov/agencies/eta/foreign-labor/performance
2017Q4,techm,8.630828873501105,contrast_lmaioe,DOL OFLC LCA disclosure data; https://www.dol.gov/agencies/eta/foreign-labor/performance
2017Q4,wipro,47.86024001429995,contrast_lmaioe,DOL OFLC LCA disclosure data; https://www.dol.gov/agencies/eta/foreign-labor/performance
2017Q4,pooled8,-91.0333010349469,contrast_lmaioe,DOL OFLC LCA disclosure data; https://www.dol.gov/agencies/eta/foreign-labor/performance
2017Q4,pooled_mid,30.513225512730358,contrast_lmaioe,DOL OFLC LCA disclosure data; https://www.dol.gov/agencies/eta/foreign-labor/performance
2018Q1,accenture,7.977314850602731,contrast_lmaioe,DOL OFLC LCA disclosure data; https://www.dol.gov/agencies/eta/foreign-labor/performance
2018Q1,capgemini,26.770868366788534,contrast_lmaioe,DOL OFLC LCA disclosure data; https://www.dol.gov/agencies/eta/foreign-labor/performance
2018Q1,cognizant,-95.7490850173443,contrast_lmaioe,DOL OFLC LCA disclosure data; https://www.dol.gov/agencies/eta/foreign-labor/performance
2018Q1,hcltech,7.505008781439088,contrast_lmaioe,DOL OFLC LCA disclosure data; https://www.dol.gov/agencies/eta/foreign-labor/performance
2018Q1,infosys,1.1727681886160326,contrast_lmaioe,DOL OFLC LCA disclosure data; https://www.dol.gov/agencies/eta/foreign-labor/performance
2018Q1,ltim,-120.1152191060924,contrast_lmaioe,DOL OFLC LCA disclosure data; https://www.dol.gov/agencies/eta/foreign-labor/performance
2018Q1,mphasis,16.89846844764631,contrast_lmaioe,DOL OFLC LCA disclosure data; https://www.dol.gov/agencies/eta/foreign-labor/performance
2018Q1,persistent,-62.493893053341175,contrast_lmaioe,DOL OFLC LCA disclosure data; https://www.dol.gov/agencies/eta/foreign-labor/performance
2018Q1,tcs,40.913287746540796,contrast_lmaioe,DOL OFLC LCA disclosure data; https://www.dol.gov/agencies/eta/foreign-labor/performance
2018Q1,techm,0.9732670287473617,contrast_lmaioe,DOL OFLC LCA disclosure data; https://www.dol.gov/agencies/eta/foreign-labor/performance
2018Q1,wipro,-19.898668725397897,contrast_lmaioe,DOL OFLC LCA disclosure data; https://www.dol.gov/agencies/eta/foreign-labor/performance
2018Q1,pooled8,-84.97185990459728,contrast_lmaioe,DOL OFLC LCA disclosure data; https://www.dol.gov/agencies/eta/foreign-labor/performance
2018Q1,pooled_mid,32.790829343017634,contrast_lmaioe,DOL OFLC LCA disclosure data; https://www.dol.gov/agencies/eta/foreign-labor/performance
2018Q2,accenture,5.800560009594813,contrast_lmaioe,DOL OFLC LCA disclosure data; https://www.dol.gov/agencies/eta/foreign-labor/performance
2018Q2,capgemini,40.81395088252074,contrast_lmaioe,DOL OFLC LCA disclosure data; https://www.dol.gov/agencies/eta/foreign-labor/performance
2018Q2,cognizant,-83.30117762219999,contrast_lmaioe,DOL OFLC LCA disclosure data; https://www.dol.gov/agencies/eta/foreign-labor/performance
2018Q2,hcltech,17.869231972835575,contrast_lmaioe,DOL OFLC LCA disclosure data; https://www.dol.gov/agencies/eta/foreign-labor/performance
2018Q2,infosys,-2.805720466778695,contrast_lmaioe,DOL OFLC LCA disclosure data; https://www.dol.gov/agencies/eta/foreign-labor/performance
2018Q2,ltim,-75.0104343465781,contrast_lmaioe,DOL OFLC LCA disclosure data; https://www.dol.gov/agencies/eta/foreign-labor/performance
2018Q2,mphasis,-17.28750221743232,contrast_lmaioe,DOL OFLC LCA disclosure data; https://www.dol.gov/agencies/eta/foreign-labor/performance
2018Q2,persistent,-42.13940846017652,contrast_lmaioe,DOL OFLC LCA disclosure data; https://www.dol.gov/agencies/eta/foreign-labor/performance
2018Q2,tcs,25.362311816805445,contrast_lmaioe,DOL OFLC LCA disclosure data; https://www.dol.gov/agencies/eta/foreign-labor/performance
2018Q2,techm,1.2959901181174391,contrast_lmaioe,DOL OFLC LCA disclosure data; https://www.dol.gov/agencies/eta/foreign-labor/performance
2018Q2,wipro,-50.744770481936484,contrast_lmaioe,DOL OFLC LCA disclosure data; https://www.dol.gov/agencies/eta/foreign-labor/performance
2018Q2,pooled8,-30.318220746770287,contrast_lmaioe,DOL OFLC LCA disclosure data; https://www.dol.gov/agencies/eta/foreign-labor/performance
2018Q2,pooled_mid,22.430982251273505,contrast_lmaioe,DOL OFLC LCA disclosure data; https://www.dol.gov/agencies/eta/foreign-labor/performance
2018Q3,accenture,-20.360101112805566,contrast_lmaioe,DOL OFLC LCA disclosure data; https://www.dol.gov/agencies/eta/foreign-labor/performance
2018Q3,capgemini,55.66129787073636,contrast_lmaioe,DOL OFLC LCA disclosure data; https://www.dol.gov/agencies/eta/foreign-labor/performance
2018Q3,cognizant,-83.44818257080345,contrast_lmaioe,DOL OFLC LCA disclosure data; https://www.dol.gov/agencies/eta/foreign-labor/performance
2018Q3,hcltech,11.984354406810533,contrast_lmaioe,DOL OFLC LCA disclosure data; https://www.dol.gov/agencies/eta/foreign-labor/performance
2018Q3,infosys,11.648715498466537,contrast_lmaioe,DOL OFLC LCA disclosure data; https://www.dol.gov/agencies/eta/foreign-labor/performance
2018Q3,ltim,-96.3126595090126,contrast_lmaioe,DOL OFLC LCA disclosure data; https://www.dol.gov/agencies/eta/foreign-labor/performance
2018Q3,mphasis,-43.3999997552081,contrast_lmaioe,DOL OFLC LCA disclosure data; https://www.dol.gov/agencies/eta/foreign-labor/performance
2018Q3,persistent,-23.41933875007947,contrast_lmaioe,DOL OFLC LCA disclosure data; https://www.dol.gov/agencies/eta/foreign-labor/performance
2018Q3,tcs,20.793916808326806,contrast_lmaioe,DOL OFLC LCA disclosure data; https://www.dol.gov/agencies/eta/foreign-labor/performance
2018Q3,techm,10.494856920503873,contrast_lmaioe,DOL OFLC LCA disclosure data; https://www.dol.gov/agencies/eta/foreign-labor/performance
2018Q3,wipro,-43.287669987635326,contrast_lmaioe,DOL OFLC LCA disclosure data; https://www.dol.gov/agencies/eta/foreign-labor/performance
2018Q3,pooled8,-20.367111350657794,contrast_lmaioe,DOL OFLC LCA disclosure data; https://www.dol.gov/agencies/eta/foreign-labor/performance
2018Q3,pooled_mid,11.563768526314519,contrast_lmaioe,DOL OFLC LCA disclosure data; https://www.dol.gov/agencies/eta/foreign-labor/performance
2018Q4,accenture,31.50350730214852,contrast_lmaioe,DOL OFLC LCA disclosure data; https://www.dol.gov/agencies/eta/foreign-labor/performance
2018Q4,capgemini,32.36170919434044,contrast_lmaioe,DOL OFLC LCA disclosure data; https://www.dol.gov/agencies/eta/foreign-labor/performance
2018Q4,cognizant,-58.445072653474654,contrast_lmaioe,DOL OFLC LCA disclosure data; https://www.dol.gov/agencies/eta/foreign-labor/performance
2018Q4,hcltech,2.0589674404575753,contrast_lmaioe,DOL OFLC LCA disclosure data; https://www.dol.gov/agencies/eta/foreign-labor/performance
2018Q4,infosys,25.620845310022716,contrast_lmaioe,DOL OFLC LCA disclosure data; https://www.dol.gov/agencies/eta/foreign-labor/performance
2018Q4,ltim,-161.05493811495347,contrast_lmaioe,DOL OFLC LCA disclosure data; https://www.dol.gov/agencies/eta/foreign-labor/performance
2018Q4,mphasis,-75.04144255877779,contrast_lmaioe,DOL OFLC LCA disclosure data; https://www.dol.gov/agencies/eta/foreign-labor/performance
2018Q4,persistent,-34.78321984111517,contrast_lmaioe,DOL OFLC LCA disclosure data; https://www.dol.gov/agencies/eta/foreign-labor/performance
2018Q4,tcs,9.703020752846008,contrast_lmaioe,DOL OFLC LCA disclosure data; https://www.dol.gov/agencies/eta/foreign-labor/performance
2018Q4,techm,6.784754651536595,contrast_lmaioe,DOL OFLC LCA disclosure data; https://www.dol.gov/agencies/eta/foreign-labor/performance
2018Q4,wipro,-44.34888290742592,contrast_lmaioe,DOL OFLC LCA disclosure data; https://www.dol.gov/agencies/eta/foreign-labor/performance
2018Q4,pooled8,9.59756267070287,contrast_lmaioe,DOL OFLC LCA disclosure data; https://www.dol.gov/agencies/eta/foreign-labor/performance
2018Q4,pooled_mid,-12.877452270506364,contrast_lmaioe,DOL OFLC LCA disclosure data; https://www.dol.gov/agencies/eta/foreign-labor/performance
2019Q1,accenture,9.34392861553327,contrast_lmaioe,DOL OFLC LCA disclosure data; https://www.dol.gov/agencies/eta/foreign-labor/performance
2019Q1,capgemini,28.0229535201651,contrast_lmaioe,DOL OFLC LCA disclosure data; https://www.dol.gov/agencies/eta/foreign-labor/performance
2019Q1,cognizant,-81.76311816145609,contrast_lmaioe,DOL OFLC LCA disclosure data; https://www.dol.gov/agencies/eta/foreign-labor/performance
2019Q1,hcltech,11.154178260469486,contrast_lmaioe,DOL OFLC LCA disclosure data; https://www.dol.gov/agencies/eta/foreign-labor/performance
2019Q1,hexaware,-253.70924029585706,contrast_lmaioe,DOL OFLC LCA disclosure data; https://www.dol.gov/agencies/eta/foreign-labor/performance
2019Q1,infosys,-32.52750838661919,contrast_lmaioe,DOL OFLC LCA disclosure data; https://www.dol.gov/agencies/eta/foreign-labor/performance
2019Q1,ltim,14.568630039160382,contrast_lmaioe,DOL OFLC LCA disclosure data; https://www.dol.gov/agencies/eta/foreign-labor/performance
2019Q1,mphasis,-94.39153913341133,contrast_lmaioe,DOL OFLC LCA disclosure data; https://www.dol.gov/agencies/eta/foreign-labor/performance
2019Q1,persistent,191.8859971522287,contrast_lmaioe,DOL OFLC LCA disclosure data; https://www.dol.gov/agencies/eta/foreign-labor/performance
2019Q1,tcs,16.52287091432394,contrast_lmaioe,DOL OFLC LCA disclosure data; https://www.dol.gov/agencies/eta/foreign-labor/performance
2019Q1,techm,3.145775237732387,contrast_lmaioe,DOL OFLC LCA disclosure data; https://www.dol.gov/agencies/eta/foreign-labor/performance
2019Q1,wipro,74.68862683163138,contrast_lmaioe,DOL OFLC LCA disclosure data; https://www.dol.gov/agencies/eta/foreign-labor/performance
2019Q1,pooled8,0.16836536583735295,contrast_lmaioe,DOL OFLC LCA disclosure data; https://www.dol.gov/agencies/eta/foreign-labor/performance
2019Q1,pooled_mid,24.302002396176007,contrast_lmaioe,DOL OFLC LCA disclosure data; https://www.dol.gov/agencies/eta/foreign-labor/performance
2019Q2,accenture,30.862677215470725,contrast_lmaioe,DOL OFLC LCA disclosure data; https://www.dol.gov/agencies/eta/foreign-labor/performance
2019Q2,capgemini,17.247657164462517,contrast_lmaioe,DOL OFLC LCA disclosure data; https://www.dol.gov/agencies/eta/foreign-labor/performance
2019Q2,cognizant,-52.40630668748898,contrast_lmaioe,DOL OFLC LCA disclosure data; https://www.dol.gov/agencies/eta/foreign-labor/performance
2019Q2,hcltech,-11.179814255175813,contrast_lmaioe,DOL OFLC LCA disclosure data; https://www.dol.gov/agencies/eta/foreign-labor/performance
2019Q2,hexaware,-262.768769809496,contrast_lmaioe,DOL OFLC LCA disclosure data; https://www.dol.gov/agencies/eta/foreign-labor/performance
2019Q2,infosys,-30.558488857343562,contrast_lmaioe,DOL OFLC LCA disclosure data; https://www.dol.gov/agencies/eta/foreign-labor/performance
2019Q2,ltim,13.187001001916798,contrast_lmaioe,DOL OFLC LCA disclosure data; https://www.dol.gov/agencies/eta/foreign-labor/performance
2019Q2,mphasis,-9.914405031504714,contrast_lmaioe,DOL OFLC LCA disclosure data; https://www.dol.gov/agencies/eta/foreign-labor/performance
2019Q2,persistent,165.2430958919207,contrast_lmaioe,DOL OFLC LCA disclosure data; https://www.dol.gov/agencies/eta/foreign-labor/performance
2019Q2,tcs,23.680621758401585,contrast_lmaioe,DOL OFLC LCA disclosure data; https://www.dol.gov/agencies/eta/foreign-labor/performance
2019Q2,techm,0.8494781115610337,contrast_lmaioe,DOL OFLC LCA disclosure data; https://www.dol.gov/agencies/eta/foreign-labor/performance
2019Q2,wipro,104.49473829527565,contrast_lmaioe,DOL OFLC LCA disclosure data; https://www.dol.gov/agencies/eta/foreign-labor/performance
2019Q2,pooled8,16.4328217961544,contrast_lmaioe,DOL OFLC LCA disclosure data; https://www.dol.gov/agencies/eta/foreign-labor/performance
2019Q2,pooled_mid,71.03997906245118,contrast_lmaioe,DOL OFLC LCA disclosure data; https://www.dol.gov/agencies/eta/foreign-labor/performance
2019Q3,accenture,58.57773873520538,contrast_lmaioe,DOL OFLC LCA disclosure data; https://www.dol.gov/agencies/eta/foreign-labor/performance
2019Q3,capgemini,48.61053658442974,contrast_lmaioe,DOL OFLC LCA disclosure data; https://www.dol.gov/agencies/eta/foreign-labor/performance
2019Q3,cognizant,-66.00339581790901,contrast_lmaioe,DOL OFLC LCA disclosure data; https://www.dol.gov/agencies/eta/foreign-labor/performance
2019Q3,hcltech,-11.116492559807853,contrast_lmaioe,DOL OFLC LCA disclosure data; https://www.dol.gov/agencies/eta/foreign-labor/performance
2019Q3,hexaware,-89.17137195382328,contrast_lmaioe,DOL OFLC LCA disclosure data; https://www.dol.gov/agencies/eta/foreign-labor/performance
2019Q3,infosys,-40.91931481899007,contrast_lmaioe,DOL OFLC LCA disclosure data; https://www.dol.gov/agencies/eta/foreign-labor/performance
2019Q3,ltim,26.42318399157145,contrast_lmaioe,DOL OFLC LCA disclosure data; https://www.dol.gov/agencies/eta/foreign-labor/performance
2019Q3,mphasis,-39.0425621019603,contrast_lmaioe,DOL OFLC LCA disclosure data; https://www.dol.gov/agencies/eta/foreign-labor/performance
2019Q3,persistent,42.60843953109001,contrast_lmaioe,DOL OFLC LCA disclosure data; https://www.dol.gov/agencies/eta/foreign-labor/performance
2019Q3,tcs,24.194562087115337,contrast_lmaioe,DOL OFLC LCA disclosure data; https://www.dol.gov/agencies/eta/foreign-labor/performance
2019Q3,techm,-8.89287676246731,contrast_lmaioe,DOL OFLC LCA disclosure data; https://www.dol.gov/agencies/eta/foreign-labor/performance
2019Q3,wipro,109.98379829418799,contrast_lmaioe,DOL OFLC LCA disclosure data; https://www.dol.gov/agencies/eta/foreign-labor/performance
2019Q3,pooled8,54.140820724830675,contrast_lmaioe,DOL OFLC LCA disclosure data; https://www.dol.gov/agencies/eta/foreign-labor/performance
2019Q3,pooled_mid,93.34827599839682,contrast_lmaioe,DOL OFLC LCA disclosure data; https://www.dol.gov/agencies/eta/foreign-labor/performance
2019Q4,accenture,11.292019371952742,contrast_lmaioe,DOL OFLC LCA disclosure data; https://www.dol.gov/agencies/eta/foreign-labor/performance
2019Q4,capgemini,32.40186234983667,contrast_lmaioe,DOL OFLC LCA disclosure data; https://www.dol.gov/agencies/eta/foreign-labor/performance
2019Q4,cognizant,-105.98560986158785,contrast_lmaioe,DOL OFLC LCA disclosure data; https://www.dol.gov/agencies/eta/foreign-labor/performance
2019Q4,hcltech,-15.180360477417906,contrast_lmaioe,DOL OFLC LCA disclosure data; https://www.dol.gov/agencies/eta/foreign-labor/performance
2019Q4,hexaware,-50.80047474243494,contrast_lmaioe,DOL OFLC LCA disclosure data; https://www.dol.gov/agencies/eta/foreign-labor/performance
2019Q4,infosys,-39.870219361590934,contrast_lmaioe,DOL OFLC LCA disclosure data; https://www.dol.gov/agencies/eta/foreign-labor/performance
2019Q4,ltim,74.67477761615851,contrast_lmaioe,DOL OFLC LCA disclosure data; https://www.dol.gov/agencies/eta/foreign-labor/performance
2019Q4,mphasis,-95.23962298864859,contrast_lmaioe,DOL OFLC LCA disclosure data; https://www.dol.gov/agencies/eta/foreign-labor/performance
2019Q4,persistent,13.789015895547792,contrast_lmaioe,DOL OFLC LCA disclosure data; https://www.dol.gov/agencies/eta/foreign-labor/performance
2019Q4,tcs,30.49188095912603,contrast_lmaioe,DOL OFLC LCA disclosure data; https://www.dol.gov/agencies/eta/foreign-labor/performance
2019Q4,techm,-7.275080828917446,contrast_lmaioe,DOL OFLC LCA disclosure data; https://www.dol.gov/agencies/eta/foreign-labor/performance
2019Q4,wipro,111.03398382737441,contrast_lmaioe,DOL OFLC LCA disclosure data; https://www.dol.gov/agencies/eta/foreign-labor/performance
2019Q4,pooled8,70.33082345011829,contrast_lmaioe,DOL OFLC LCA disclosure data; https://www.dol.gov/agencies/eta/foreign-labor/performance
2019Q4,pooled_mid,81.15210314158429,contrast_lmaioe,DOL OFLC LCA disclosure data; https://www.dol.gov/agencies/eta/foreign-labor/performance
2020Q1,accenture,71.20830249494031,contrast_lmaioe,DOL OFLC LCA disclosure data; https://www.dol.gov/agencies/eta/foreign-labor/performance
2020Q1,capgemini,12.393651526218605,contrast_lmaioe,DOL OFLC LCA disclosure data; https://www.dol.gov/agencies/eta/foreign-labor/performance
2020Q1,cognizant,-94.13649085604827,contrast_lmaioe,DOL OFLC LCA disclosure data; https://www.dol.gov/agencies/eta/foreign-labor/performance
2020Q1,hcltech,6.893384265540533,contrast_lmaioe,DOL OFLC LCA disclosure data; https://www.dol.gov/agencies/eta/foreign-labor/performance
2020Q1,hexaware,129.92829841302608,contrast_lmaioe,DOL OFLC LCA disclosure data; https://www.dol.gov/agencies/eta/foreign-labor/performance
2020Q1,infosys,30.07723566424633,contrast_lmaioe,DOL OFLC LCA disclosure data; https://www.dol.gov/agencies/eta/foreign-labor/performance
2020Q1,ltim,-11.717272132556843,contrast_lmaioe,DOL OFLC LCA disclosure data; https://www.dol.gov/agencies/eta/foreign-labor/performance
2020Q1,mphasis,-20.04489413865113,contrast_lmaioe,DOL OFLC LCA disclosure data; https://www.dol.gov/agencies/eta/foreign-labor/performance
2020Q1,persistent,-171.12206067440428,contrast_lmaioe,DOL OFLC LCA disclosure data; https://www.dol.gov/agencies/eta/foreign-labor/performance
2020Q1,tcs,8.513424503313175,contrast_lmaioe,DOL OFLC LCA disclosure data; https://www.dol.gov/agencies/eta/foreign-labor/performance
2020Q1,techm,-35.66214236411467,contrast_lmaioe,DOL OFLC LCA disclosure data; https://www.dol.gov/agencies/eta/foreign-labor/performance
2020Q1,wipro,125.26631619438658,contrast_lmaioe,DOL OFLC LCA disclosure data; https://www.dol.gov/agencies/eta/foreign-labor/performance
2020Q1,pooled8,111.0885789636448,contrast_lmaioe,DOL OFLC LCA disclosure data; https://www.dol.gov/agencies/eta/foreign-labor/performance
2020Q1,pooled_mid,75.07370500618288,contrast_lmaioe,DOL OFLC LCA disclosure data; https://www.dol.gov/agencies/eta/foreign-labor/performance
2020Q2,accenture,-2.952541647135142,contrast_lmaioe,DOL OFLC LCA disclosure data; https://www.dol.gov/agencies/eta/foreign-labor/performance
2020Q2,capgemini,66.1303321185199,contrast_lmaioe,DOL OFLC LCA disclosure data; https://www.dol.gov/agencies/eta/foreign-labor/performance
2020Q2,cognizant,-172.73567063713176,contrast_lmaioe,DOL OFLC LCA disclosure data; https://www.dol.gov/agencies/eta/foreign-labor/performance
2020Q2,hcltech,31.591655915541452,contrast_lmaioe,DOL OFLC LCA disclosure data; https://www.dol.gov/agencies/eta/foreign-labor/performance
2020Q2,hexaware,202.77695311355149,contrast_lmaioe,DOL OFLC LCA disclosure data; https://www.dol.gov/agencies/eta/foreign-labor/performance
2020Q2,infosys,-104.97396123930676,contrast_lmaioe,DOL OFLC LCA disclosure data; https://www.dol.gov/agencies/eta/foreign-labor/performance
2020Q2,ltim,5.8020491776902645,contrast_lmaioe,DOL OFLC LCA disclosure data; https://www.dol.gov/agencies/eta/foreign-labor/performance
2020Q2,mphasis,-40.43822709693326,contrast_lmaioe,DOL OFLC LCA disclosure data; https://www.dol.gov/agencies/eta/foreign-labor/performance
2020Q2,persistent,-325.0374491927572,contrast_lmaioe,DOL OFLC LCA disclosure data; https://www.dol.gov/agencies/eta/foreign-labor/performance
2020Q2,tcs,24.924870621178542,contrast_lmaioe,DOL OFLC LCA disclosure data; https://www.dol.gov/agencies/eta/foreign-labor/performance
2020Q2,techm,-26.520086094984073,contrast_lmaioe,DOL OFLC LCA disclosure data; https://www.dol.gov/agencies/eta/foreign-labor/performance
2020Q2,wipro,80.88653720062705,contrast_lmaioe,DOL OFLC LCA disclosure data; https://www.dol.gov/agencies/eta/foreign-labor/performance
2020Q2,pooled8,29.460936799452497,contrast_lmaioe,DOL OFLC LCA disclosure data; https://www.dol.gov/agencies/eta/foreign-labor/performance
2020Q2,pooled_mid,69.80372335305563,contrast_lmaioe,DOL OFLC LCA disclosure data; https://www.dol.gov/agencies/eta/foreign-labor/performance
2020Q3,accenture,-7.0681585651285195,contrast_lmaioe,DOL OFLC LCA disclosure data; https://www.dol.gov/agencies/eta/foreign-labor/performance
2020Q3,capgemini,38.34331554849911,contrast_lmaioe,DOL OFLC LCA disclosure data; https://www.dol.gov/agencies/eta/foreign-labor/performance
2020Q3,cognizant,-140.20686886194534,contrast_lmaioe,DOL OFLC LCA disclosure data; https://www.dol.gov/agencies/eta/foreign-labor/performance
2020Q3,hcltech,45.4922358084067,contrast_lmaioe,DOL OFLC LCA disclosure data; https://www.dol.gov/agencies/eta/foreign-labor/performance
2020Q3,hexaware,140.13538067101217,contrast_lmaioe,DOL OFLC LCA disclosure data; https://www.dol.gov/agencies/eta/foreign-labor/performance
2020Q3,infosys,-126.3584413168383,contrast_lmaioe,DOL OFLC LCA disclosure data; https://www.dol.gov/agencies/eta/foreign-labor/performance
2020Q3,ltim,23.54622561037455,contrast_lmaioe,DOL OFLC LCA disclosure data; https://www.dol.gov/agencies/eta/foreign-labor/performance
2020Q3,mphasis,44.16257665085719,contrast_lmaioe,DOL OFLC LCA disclosure data; https://www.dol.gov/agencies/eta/foreign-labor/performance
2020Q3,persistent,-179.1759469228055,contrast_lmaioe,DOL OFLC LCA disclosure data; https://www.dol.gov/agencies/eta/foreign-labor/performance
2020Q3,tcs,23.790791622559023,contrast_lmaioe,DOL OFLC LCA disclosure data; https://www.dol.gov/agencies/eta/foreign-labor/performance
2020Q3,techm,-13.92119318463865,contrast_lmaioe,DOL OFLC LCA disclosure data; https://www.dol.gov/agencies/eta/foreign-labor/performance
2020Q3,wipro,75.58577543189956,contrast_lmaioe,DOL OFLC LCA disclosure data; https://www.dol.gov/agencies/eta/foreign-labor/performance
2020Q3,pooled8,-0.5511080949679652,contrast_lmaioe,DOL OFLC LCA disclosure data; https://www.dol.gov/agencies/eta/foreign-labor/performance
2020Q3,pooled_mid,41.75020243587097,contrast_lmaioe,DOL OFLC LCA disclosure data; https://www.dol.gov/agencies/eta/foreign-labor/performance
2020Q4,accenture,36.60136458085419,contrast_lmaioe,DOL OFLC LCA disclosure data; https://www.dol.gov/agencies/eta/foreign-labor/performance
2020Q4,capgemini,33.95510872645888,contrast_lmaioe,DOL OFLC LCA disclosure data; https://www.dol.gov/agencies/eta/foreign-labor/performance
2020Q4,cognizant,-96.46564825415942,contrast_lmaioe,DOL OFLC LCA disclosure data; https://www.dol.gov/agencies/eta/foreign-labor/performance
2020Q4,hcltech,55.66814519261956,contrast_lmaioe,DOL OFLC LCA disclosure data; https://www.dol.gov/agencies/eta/foreign-labor/performance
2020Q4,hexaware,72.54825612028816,contrast_lmaioe,DOL OFLC LCA disclosure data; https://www.dol.gov/agencies/eta/foreign-labor/performance
2020Q4,infosys,-142.21467811121687,contrast_lmaioe,DOL OFLC LCA disclosure data; https://www.dol.gov/agencies/eta/foreign-labor/performance
2020Q4,ltim,60.02447326106921,contrast_lmaioe,DOL OFLC LCA disclosure data; https://www.dol.gov/agencies/eta/foreign-labor/performance
2020Q4,mphasis,202.98868190056754,contrast_lmaioe,DOL OFLC LCA disclosure data; https://www.dol.gov/agencies/eta/foreign-labor/performance
2020Q4,persistent,-142.52965189231597,contrast_lmaioe,DOL OFLC LCA disclosure data; https://www.dol.gov/agencies/eta/foreign-labor/performance
2020Q4,tcs,19.378545364238548,contrast_lmaioe,DOL OFLC LCA disclosure data; https://www.dol.gov/agencies/eta/foreign-labor/performance
2020Q4,techm,-7.288783840622795,contrast_lmaioe,DOL OFLC LCA disclosure data; https://www.dol.gov/agencies/eta/foreign-labor/performance
2020Q4,wipro,72.03659732012846,contrast_lmaioe,DOL OFLC LCA disclosure data; https://www.dol.gov/agencies/eta/foreign-labor/performance
2020Q4,pooled8,-34.16612982845907,contrast_lmaioe,DOL OFLC LCA disclosure data; https://www.dol.gov/agencies/eta/foreign-labor/performance
2020Q4,pooled_mid,51.63706611512424,contrast_lmaioe,DOL OFLC LCA disclosure data; https://www.dol.gov/agencies/eta/foreign-labor/performance
2021Q1,accenture,-1.8035278538346518,contrast_lmaioe,DOL OFLC LCA disclosure data; https://www.dol.gov/agencies/eta/foreign-labor/performance
2021Q1,capgemini,79.00917195456947,contrast_lmaioe,DOL OFLC LCA disclosure data; https://www.dol.gov/agencies/eta/foreign-labor/performance
2021Q1,cognizant,-76.10755167549156,contrast_lmaioe,DOL OFLC LCA disclosure data; https://www.dol.gov/agencies/eta/foreign-labor/performance
2021Q1,hcltech,31.338916925994525,contrast_lmaioe,DOL OFLC LCA disclosure data; https://www.dol.gov/agencies/eta/foreign-labor/performance
2021Q1,hexaware,12.97363216559711,contrast_lmaioe,DOL OFLC LCA disclosure data; https://www.dol.gov/agencies/eta/foreign-labor/performance
2021Q1,infosys,-187.32938117967456,contrast_lmaioe,DOL OFLC LCA disclosure data; https://www.dol.gov/agencies/eta/foreign-labor/performance
2021Q1,ltim,47.78080664803978,contrast_lmaioe,DOL OFLC LCA disclosure data; https://www.dol.gov/agencies/eta/foreign-labor/performance
2021Q1,mphasis,284.102588379301,contrast_lmaioe,DOL OFLC LCA disclosure data; https://www.dol.gov/agencies/eta/foreign-labor/performance
2021Q1,persistent,-129.5322582914164,contrast_lmaioe,DOL OFLC LCA disclosure data; https://www.dol.gov/agencies/eta/foreign-labor/performance
2021Q1,tcs,38.730461499872945,contrast_lmaioe,DOL OFLC LCA disclosure data; https://www.dol.gov/agencies/eta/foreign-labor/performance
2021Q1,techm,22.773315527345297,contrast_lmaioe,DOL OFLC LCA disclosure data; https://www.dol.gov/agencies/eta/foreign-labor/performance
2021Q1,wipro,-32.57269933107165,contrast_lmaioe,DOL OFLC LCA disclosure data; https://www.dol.gov/agencies/eta/foreign-labor/performance
2021Q1,pooled8,-92.85554762763047,contrast_lmaioe,DOL OFLC LCA disclosure data; https://www.dol.gov/agencies/eta/foreign-labor/performance
2021Q1,pooled_mid,50.54470644320107,contrast_lmaioe,DOL OFLC LCA disclosure data; https://www.dol.gov/agencies/eta/foreign-labor/performance
2021Q2,accenture,203.13491035860915,contrast_lmaioe,DOL OFLC LCA disclosure data; https://www.dol.gov/agencies/eta/foreign-labor/performance
2021Q2,capgemini,-8.675532782679195,contrast_lmaioe,DOL OFLC LCA disclosure data; https://www.dol.gov/agencies/eta/foreign-labor/performance
2021Q2,cognizant,86.87207337515241,contrast_lmaioe,DOL OFLC LCA disclosure data; https://www.dol.gov/agencies/eta/foreign-labor/performance
2021Q2,hcltech,22.990732577259937,contrast_lmaioe,DOL OFLC LCA disclosure data; https://www.dol.gov/agencies/eta/foreign-labor/performance
2021Q2,hexaware,-61.543819623262905,contrast_lmaioe,DOL OFLC LCA disclosure data; https://www.dol.gov/agencies/eta/foreign-labor/performance
2021Q2,infosys,-66.4413768099871,contrast_lmaioe,DOL OFLC LCA disclosure data; https://www.dol.gov/agencies/eta/foreign-labor/performance
2021Q2,ltim,-38.092399919204674,contrast_lmaioe,DOL OFLC LCA disclosure data; https://www.dol.gov/agencies/eta/foreign-labor/performance
2021Q2,mphasis,269.27827289714213,contrast_lmaioe,DOL OFLC LCA disclosure data; https://www.dol.gov/agencies/eta/foreign-labor/performance
2021Q2,persistent,138.62943611198907,contrast_lmaioe,DOL OFLC LCA disclosure data; https://www.dol.gov/agencies/eta/foreign-labor/performance
2021Q2,tcs,9.922089665414958,contrast_lmaioe,DOL OFLC LCA disclosure data; https://www.dol.gov/agencies/eta/foreign-labor/performance
2021Q2,techm,18.61633739041354,contrast_lmaioe,DOL OFLC LCA disclosure data; https://www.dol.gov/agencies/eta/foreign-labor/performance
2021Q2,wipro,-26.628810961834915,contrast_lmaioe,DOL OFLC LCA disclosure data; https://www.dol.gov/agencies/eta/foreign-labor/performance
2021Q2,pooled8,-37.86225093927933,contrast_lmaioe,DOL OFLC LCA disclosure data; https://www.dol.gov/agencies/eta/foreign-labor/performance
2021Q2,pooled_mid,-15.98034490017114,contrast_lmaioe,DOL OFLC LCA disclosure data; https://www.dol.gov/agencies/eta/foreign-labor/performance
2021Q3,accenture,140.07145367095978,contrast_lmaioe,DOL OFLC LCA disclosure data; https://www.dol.gov/agencies/eta/foreign-labor/performance
2021Q3,capgemini,28.483442919233063,contrast_lmaioe,DOL OFLC LCA disclosure data; https://www.dol.gov/agencies/eta/foreign-labor/performance
2021Q3,cognizant,60.97246817898629,contrast_lmaioe,DOL OFLC LCA disclosure data; https://www.dol.gov/agencies/eta/foreign-labor/performance
2021Q3,hcltech,185.00932723843388,contrast_lmaioe,DOL OFLC LCA disclosure data; https://www.dol.gov/agencies/eta/foreign-labor/performance
2021Q3,hexaware,-113.85449990034806,contrast_lmaioe,DOL OFLC LCA disclosure data; https://www.dol.gov/agencies/eta/foreign-labor/performance
2021Q3,infosys,-42.12407809709691,contrast_lmaioe,DOL OFLC LCA disclosure data; https://www.dol.gov/agencies/eta/foreign-labor/performance
2021Q3,ltim,-69.84123299928461,contrast_lmaioe,DOL OFLC LCA disclosure data; https://www.dol.gov/agencies/eta/foreign-labor/performance
2021Q3,mphasis,141.41118078892129,contrast_lmaioe,DOL OFLC LCA disclosure data; https://www.dol.gov/agencies/eta/foreign-labor/performance
2021Q3,persistent,114.51323043030027,contrast_lmaioe,DOL OFLC LCA disclosure data; https://www.dol.gov/agencies/eta/foreign-labor/performance
2021Q3,tcs,24.03026113104472,contrast_lmaioe,DOL OFLC LCA disclosure data; https://www.dol.gov/agencies/eta/foreign-labor/performance
2021Q3,techm,4.452496097514128,contrast_lmaioe,DOL OFLC LCA disclosure data; https://www.dol.gov/agencies/eta/foreign-labor/performance
2021Q3,wipro,-36.04507595185191,contrast_lmaioe,DOL OFLC LCA disclosure data; https://www.dol.gov/agencies/eta/foreign-labor/performance
2021Q3,pooled8,-42.92258545792213,contrast_lmaioe,DOL OFLC LCA disclosure data; https://www.dol.gov/agencies/eta/foreign-labor/performance
2021Q3,pooled_mid,-2.4321420093106454,contrast_lmaioe,DOL OFLC LCA disclosure data; https://www.dol.gov/agencies/eta/foreign-labor/performance
2021Q4,accenture,78.21291402127315,contrast_lmaioe,DOL OFLC LCA disclosure data; https://www.dol.gov/agencies/eta/foreign-labor/performance
2021Q4,capgemini,15.676509618710504,contrast_lmaioe,DOL OFLC LCA disclosure data; https://www.dol.gov/agencies/eta/foreign-labor/performance
2021Q4,cognizant,65.51073537455642,contrast_lmaioe,DOL OFLC LCA disclosure data; https://www.dol.gov/agencies/eta/foreign-labor/performance
2021Q4,hcltech,191.27305377809716,contrast_lmaioe,DOL OFLC LCA disclosure data; https://www.dol.gov/agencies/eta/foreign-labor/performance
2021Q4,hexaware,-102.7349268646619,contrast_lmaioe,DOL OFLC LCA disclosure data; https://www.dol.gov/agencies/eta/foreign-labor/performance
2021Q4,infosys,-25.024528089401016,contrast_lmaioe,DOL OFLC LCA disclosure data; https://www.dol.gov/agencies/eta/foreign-labor/performance
2021Q4,ltim,-102.08441554927,contrast_lmaioe,DOL OFLC LCA disclosure data; https://www.dol.gov/agencies/eta/foreign-labor/performance
2021Q4,mphasis,4.483345005823878,contrast_lmaioe,DOL OFLC LCA disclosure data; https://www.dol.gov/agencies/eta/foreign-labor/performance
2021Q4,persistent,95.20088144762343,contrast_lmaioe,DOL OFLC LCA disclosure data; https://www.dol.gov/agencies/eta/foreign-labor/performance
2021Q4,tcs,31.312466788095488,contrast_lmaioe,DOL OFLC LCA disclosure data; https://www.dol.gov/agencies/eta/foreign-labor/performance
2021Q4,techm,-16.34280214463635,contrast_lmaioe,DOL OFLC LCA disclosure data; https://www.dol.gov/agencies/eta/foreign-labor/performance
2021Q4,wipro,-42.41000845961581,contrast_lmaioe,DOL OFLC LCA disclosure data; https://www.dol.gov/agencies/eta/foreign-labor/performance
2021Q4,pooled8,-28.123780522282523,contrast_lmaioe,DOL OFLC LCA disclosure data; https://www.dol.gov/agencies/eta/foreign-labor/performance
2021Q4,pooled_mid,-27.79803508601333,contrast_lmaioe,DOL OFLC LCA disclosure data; https://www.dol.gov/agencies/eta/foreign-labor/performance
2022Q1,accenture,42.35003866465108,contrast_lmaioe,DOL OFLC LCA disclosure data; https://www.dol.gov/agencies/eta/foreign-labor/performance
2022Q1,capgemini,-51.91237447503394,contrast_lmaioe,DOL OFLC LCA disclosure data; https://www.dol.gov/agencies/eta/foreign-labor/performance
2022Q1,cognizant,70.56831775754756,contrast_lmaioe,DOL OFLC LCA disclosure data; https://www.dol.gov/agencies/eta/foreign-labor/performance
2022Q1,hcltech,181.34694551659842,contrast_lmaioe,DOL OFLC LCA disclosure data; https://www.dol.gov/agencies/eta/foreign-labor/performance
2022Q1,hexaware,-116.71784645183382,contrast_lmaioe,DOL OFLC LCA disclosure data; https://www.dol.gov/agencies/eta/foreign-labor/performance
2022Q1,infosys,-1.9308266522518522,contrast_lmaioe,DOL OFLC LCA disclosure data; https://www.dol.gov/agencies/eta/foreign-labor/performance
2022Q1,ltim,-121.1024398111706,contrast_lmaioe,DOL OFLC LCA disclosure data; https://www.dol.gov/agencies/eta/foreign-labor/performance
2022Q1,mphasis,-165.57991222881293,contrast_lmaioe,DOL OFLC LCA disclosure data; https://www.dol.gov/agencies/eta/foreign-labor/performance
2022Q1,persistent,79.6331416795176,contrast_lmaioe,DOL OFLC LCA disclosure data; https://www.dol.gov/agencies/eta/foreign-labor/performance
2022Q1,tcs,-3.193823975250689,contrast_lmaioe,DOL OFLC LCA disclosure data; https://www.dol.gov/agencies/eta/foreign-labor/performance
2022Q1,techm,-17.22832673915689,contrast_lmaioe,DOL OFLC LCA disclosure data; https://www.dol.gov/agencies/eta/foreign-labor/performance
2022Q1,wipro,-27.666097148451936,contrast_lmaioe,DOL OFLC LCA disclosure data; https://www.dol.gov/agencies/eta/foreign-labor/performance
2022Q1,pooled8,-2.751866573018404,contrast_lmaioe,DOL OFLC LCA disclosure data; https://www.dol.gov/agencies/eta/foreign-labor/performance
2022Q1,pooled_mid,-92.9680313820698,contrast_lmaioe,DOL OFLC LCA disclosure data; https://www.dol.gov/agencies/eta/foreign-labor/performance
2022Q2,accenture,-78.01827679866956,contrast_lmaioe,DOL OFLC LCA disclosure data; https://www.dol.gov/agencies/eta/foreign-labor/performance
2022Q2,capgemini,-98.79562618093992,contrast_lmaioe,DOL OFLC LCA disclosure data; https://www.dol.gov/agencies/eta/foreign-labor/performance
2022Q2,cognizant,-49.56931951950905,contrast_lmaioe,DOL OFLC LCA disclosure data; https://www.dol.gov/agencies/eta/foreign-labor/performance
2022Q2,hcltech,163.48102730237542,contrast_lmaioe,DOL OFLC LCA disclosure data; https://www.dol.gov/agencies/eta/foreign-labor/performance
2022Q2,hexaware,-87.95893650237272,contrast_lmaioe,DOL OFLC LCA disclosure data; https://www.dol.gov/agencies/eta/foreign-labor/performance
2022Q2,infosys,0.4429109820611501,contrast_lmaioe,DOL OFLC LCA disclosure data; https://www.dol.gov/agencies/eta/foreign-labor/performance
2022Q2,ltim,-71.4053865379259,contrast_lmaioe,DOL OFLC LCA disclosure data; https://www.dol.gov/agencies/eta/foreign-labor/performance
2022Q2,mphasis,-220.72749131897208,contrast_lmaioe,DOL OFLC LCA disclosure data; https://www.dol.gov/agencies/eta/foreign-labor/performance
2022Q2,persistent,-230.25850929940455,contrast_lmaioe,DOL OFLC LCA disclosure data; https://www.dol.gov/agencies/eta/foreign-labor/performance
2022Q2,tcs,22.20938670848203,contrast_lmaioe,DOL OFLC LCA disclosure data; https://www.dol.gov/agencies/eta/foreign-labor/performance
2022Q2,techm,-20.475126967222643,contrast_lmaioe,DOL OFLC LCA disclosure data; https://www.dol.gov/agencies/eta/foreign-labor/performance
2022Q2,wipro,3.1009888948211213,contrast_lmaioe,DOL OFLC LCA disclosure data; https://www.dol.gov/agencies/eta/foreign-labor/performance
2022Q2,pooled8,-8.273673513162777,contrast_lmaioe,DOL OFLC LCA disclosure data; https://www.dol.gov/agencies/eta/foreign-labor/performance
2022Q2,pooled_mid,-127.82402025461573,contrast_lmaioe,DOL OFLC LCA disclosure data; https://www.dol.gov/agencies/eta/foreign-labor/performance
2022Q3,accenture,-174.48140077766078,contrast_lmaioe,DOL OFLC LCA disclosure data; https://www.dol.gov/agencies/eta/foreign-labor/performance
2022Q3,capgemini,-142.3108334242607,contrast_lmaioe,DOL OFLC LCA disclosure data; https://www.dol.gov/agencies/eta/foreign-labor/performance
2022Q3,cognizant,-43.53530833827122,contrast_lmaioe,DOL OFLC LCA disclosure data; https://www.dol.gov/agencies/eta/foreign-labor/performance
2022Q3,hcltech,-178.01767861423946,contrast_lmaioe,DOL OFLC LCA disclosure data; https://www.dol.gov/agencies/eta/foreign-labor/performance
2022Q3,hexaware,-56.14693565847456,contrast_lmaioe,DOL OFLC LCA disclosure data; https://www.dol.gov/agencies/eta/foreign-labor/performance
2022Q3,infosys,2.974665740691016,contrast_lmaioe,DOL OFLC LCA disclosure data; https://www.dol.gov/agencies/eta/foreign-labor/performance
2022Q3,ltim,-52.30763608290423,contrast_lmaioe,DOL OFLC LCA disclosure data; https://www.dol.gov/agencies/eta/foreign-labor/performance
2022Q3,mphasis,-122.36063842039124,contrast_lmaioe,DOL OFLC LCA disclosure data; https://www.dol.gov/agencies/eta/foreign-labor/performance
2022Q3,persistent,-262.10388241125804,contrast_lmaioe,DOL OFLC LCA disclosure data; https://www.dol.gov/agencies/eta/foreign-labor/performance
2022Q3,tcs,6.749902063330979,contrast_lmaioe,DOL OFLC LCA disclosure data; https://www.dol.gov/agencies/eta/foreign-labor/performance
2022Q3,techm,-9.64359629362956,contrast_lmaioe,DOL OFLC LCA disclosure data; https://www.dol.gov/agencies/eta/foreign-labor/performance
2022Q3,wipro,14.201766424725932,contrast_lmaioe,DOL OFLC LCA disclosure data; https://www.dol.gov/agencies/eta/foreign-labor/performance
2022Q3,pooled8,-8.507521293557517,contrast_lmaioe,DOL OFLC LCA disclosure data; https://www.dol.gov/agencies/eta/foreign-labor/performance
2022Q3,pooled_mid,-141.7894415807293,contrast_lmaioe,DOL OFLC LCA disclosure data; https://www.dol.gov/agencies/eta/foreign-labor/performance
2022Q4,accenture,-359.1006739492425,contrast_lmaioe,DOL OFLC LCA disclosure data; https://www.dol.gov/agencies/eta/foreign-labor/performance
2022Q4,capgemini,-136.54989066390937,contrast_lmaioe,DOL OFLC LCA disclosure data; https://www.dol.gov/agencies/eta/foreign-labor/performance
2022Q4,cognizant,-50.761583102324664,contrast_lmaioe,DOL OFLC LCA disclosure data; https://www.dol.gov/agencies/eta/foreign-labor/performance
2022Q4,hcltech,-185.4951677702907,contrast_lmaioe,DOL OFLC LCA disclosure data; https://www.dol.gov/agencies/eta/foreign-labor/performance
2022Q4,hexaware,39.30425881096072,contrast_lmaioe,DOL OFLC LCA disclosure data; https://www.dol.gov/agencies/eta/foreign-labor/performance
2022Q4,infosys,2.842094603874096,contrast_lmaioe,DOL OFLC LCA disclosure data; https://www.dol.gov/agencies/eta/foreign-labor/performance
2022Q4,ltim,-49.076268862005946,contrast_lmaioe,DOL OFLC LCA disclosure data; https://www.dol.gov/agencies/eta/foreign-labor/performance
2022Q4,mphasis,-88.40341002128231,contrast_lmaioe,DOL OFLC LCA disclosure data; https://www.dol.gov/agencies/eta/foreign-labor/performance
2022Q4,persistent,-230.25850929940458,contrast_lmaioe,DOL OFLC LCA disclosure data; https://www.dol.gov/agencies/eta/foreign-labor/performance
2022Q4,tcs,-4.378489829004472,contrast_lmaioe,DOL OFLC LCA disclosure data; https://www.dol.gov/agencies/eta/foreign-labor/performance
2022Q4,techm,0.8835244566900045,contrast_lmaioe,DOL OFLC LCA disclosure data; https://www.dol.gov/agencies/eta/foreign-labor/performance
2022Q4,wipro,33.08650068009638,contrast_lmaioe,DOL OFLC LCA disclosure data; https://www.dol.gov/agencies/eta/foreign-labor/performance
2022Q4,pooled8,-7.953254353316604,contrast_lmaioe,DOL OFLC LCA disclosure data; https://www.dol.gov/agencies/eta/foreign-labor/performance
2022Q4,pooled_mid,-124.04825113792474,contrast_lmaioe,DOL OFLC LCA disclosure data; https://www.dol.gov/agencies/eta/foreign-labor/performance
2023Q1,accenture,-339.33018873381644,contrast_lmaioe,DOL OFLC LCA disclosure data; https://www.dol.gov/agencies/eta/foreign-labor/performance
2023Q1,capgemini,-105.16826622655059,contrast_lmaioe,DOL OFLC LCA disclosure data; https://www.dol.gov/agencies/eta/foreign-labor/performance
2023Q1,coforge,-46.012352064602844,contrast_lmaioe,DOL OFLC LCA disclosure data; https://www.dol.gov/agencies/eta/foreign-labor/performance
2023Q1,cognizant,-64.17359060038766,contrast_lmaioe,DOL OFLC LCA disclosure data; https://www.dol.gov/agencies/eta/foreign-labor/performance
2023Q1,hcltech,-177.00972087000548,contrast_lmaioe,DOL OFLC LCA disclosure data; https://www.dol.gov/agencies/eta/foreign-labor/performance
2023Q1,hexaware,9.48341026708389,contrast_lmaioe,DOL OFLC LCA disclosure data; https://www.dol.gov/agencies/eta/foreign-labor/performance
2023Q1,infosys,-5.321311394850994,contrast_lmaioe,DOL OFLC LCA disclosure data; https://www.dol.gov/agencies/eta/foreign-labor/performance
2023Q1,ltim,-19.834187237363558,contrast_lmaioe,DOL OFLC LCA disclosure data; https://www.dol.gov/agencies/eta/foreign-labor/performance
2023Q1,mphasis,-63.74454312164606,contrast_lmaioe,DOL OFLC LCA disclosure data; https://www.dol.gov/agencies/eta/foreign-labor/performance
2023Q1,persistent,-173.46010553881064,contrast_lmaioe,DOL OFLC LCA disclosure data; https://www.dol.gov/agencies/eta/foreign-labor/performance
2023Q1,tcs,-1.0133295984966146,contrast_lmaioe,DOL OFLC LCA disclosure data; https://www.dol.gov/agencies/eta/foreign-labor/performance
2023Q1,techm,-1.1534892393573308,contrast_lmaioe,DOL OFLC LCA disclosure data; https://www.dol.gov/agencies/eta/foreign-labor/performance
2023Q1,wipro,41.27927749584578,contrast_lmaioe,DOL OFLC LCA disclosure data; https://www.dol.gov/agencies/eta/foreign-labor/performance
2023Q1,pooled8,-16.16670540541149,contrast_lmaioe,DOL OFLC LCA disclosure data; https://www.dol.gov/agencies/eta/foreign-labor/performance
2023Q1,pooled_mid,-96.56198343481974,contrast_lmaioe,DOL OFLC LCA disclosure data; https://www.dol.gov/agencies/eta/foreign-labor/performance
2023Q2,accenture,-375.3954905848139,contrast_lmaioe,DOL OFLC LCA disclosure data; https://www.dol.gov/agencies/eta/foreign-labor/performance
2023Q2,capgemini,-3.8085334023874804,contrast_lmaioe,DOL OFLC LCA disclosure data; https://www.dol.gov/agencies/eta/foreign-labor/performance
2023Q2,coforge,-15.2645788647838,contrast_lmaioe,DOL OFLC LCA disclosure data; https://www.dol.gov/agencies/eta/foreign-labor/performance
2023Q2,cognizant,-44.997805677428076,contrast_lmaioe,DOL OFLC LCA disclosure data; https://www.dol.gov/agencies/eta/foreign-labor/performance
2023Q2,hcltech,-157.47187210034969,contrast_lmaioe,DOL OFLC LCA disclosure data; https://www.dol.gov/agencies/eta/foreign-labor/performance
2023Q2,hexaware,5.424501485239581,contrast_lmaioe,DOL OFLC LCA disclosure data; https://www.dol.gov/agencies/eta/foreign-labor/performance
2023Q2,infosys,54.59349280713545,contrast_lmaioe,DOL OFLC LCA disclosure data; https://www.dol.gov/agencies/eta/foreign-labor/performance
2023Q2,ltim,-24.990696851302634,contrast_lmaioe,DOL OFLC LCA disclosure data; https://www.dol.gov/agencies/eta/foreign-labor/performance
2023Q2,mphasis,3.7179003241754103,contrast_lmaioe,DOL OFLC LCA disclosure data; https://www.dol.gov/agencies/eta/foreign-labor/performance
2023Q2,persistent,222.4623551524334,contrast_lmaioe,DOL OFLC LCA disclosure data; https://www.dol.gov/agencies/eta/foreign-labor/performance
2023Q2,tcs,-44.252024258838354,contrast_lmaioe,DOL OFLC LCA disclosure data; https://www.dol.gov/agencies/eta/foreign-labor/performance
2023Q2,techm,-1.8277384640971022,contrast_lmaioe,DOL OFLC LCA disclosure data; https://www.dol.gov/agencies/eta/foreign-labor/performance
2023Q2,wipro,44.52847845035027,contrast_lmaioe,DOL OFLC LCA disclosure data; https://www.dol.gov/agencies/eta/foreign-labor/performance
2023Q2,pooled8,11.975855430936477,contrast_lmaioe,DOL OFLC LCA disclosure data; https://www.dol.gov/agencies/eta/foreign-labor/performance
2023Q2,pooled_mid,6.666370705443322,contrast_lmaioe,DOL OFLC LCA disclosure data; https://www.dol.gov/agencies/eta/foreign-labor/performance
2023Q3,accenture,-290.87149602080376,contrast_lmaioe,DOL OFLC LCA disclosure data; https://www.dol.gov/agencies/eta/foreign-labor/performance
2023Q3,capgemini,21.52124969637125,contrast_lmaioe,DOL OFLC LCA disclosure data; https://www.dol.gov/agencies/eta/foreign-labor/performance
2023Q3,cognizant,-58.37857684798385,contrast_lmaioe,DOL OFLC LCA disclosure data; https://www.dol.gov/agencies/eta/foreign-labor/performance
2023Q3,hcltech,8.110866009362951,contrast_lmaioe,DOL OFLC LCA disclosure data; https://www.dol.gov/agencies/eta/foreign-labor/performance
2023Q3,hexaware,25.131442828090606,contrast_lmaioe,DOL OFLC LCA disclosure data; https://www.dol.gov/agencies/eta/foreign-labor/performance
2023Q3,infosys,40.75148541340035,contrast_lmaioe,DOL OFLC LCA disclosure data; https://www.dol.gov/agencies/eta/foreign-labor/performance
2023Q3,ltim,-28.340299088276183,contrast_lmaioe,DOL OFLC LCA disclosure data; https://www.dol.gov/agencies/eta/foreign-labor/performance
2023Q3,mphasis,-39.97344333991794,contrast_lmaioe,DOL OFLC LCA disclosure data; https://www.dol.gov/agencies/eta/foreign-labor/performance
2023Q3,persistent,262.10388241125804,contrast_lmaioe,DOL OFLC LCA disclosure data; https://www.dol.gov/agencies/eta/foreign-labor/performance
2023Q3,tcs,-47.93517291604212,contrast_lmaioe,DOL OFLC LCA disclosure data; https://www.dol.gov/agencies/eta/foreign-labor/performance
2023Q3,techm,-4.602768806982456,contrast_lmaioe,DOL OFLC LCA disclosure data; https://www.dol.gov/agencies/eta/foreign-labor/performance
2023Q3,wipro,23.2682647316949,contrast_lmaioe,DOL OFLC LCA disclosure data; https://www.dol.gov/agencies/eta/foreign-labor/performance
2023Q3,pooled8,-1.6698468746812054,contrast_lmaioe,DOL OFLC LCA disclosure data; https://www.dol.gov/agencies/eta/foreign-labor/performance
2023Q3,pooled_mid,28.43592292405122,contrast_lmaioe,DOL OFLC LCA disclosure data; https://www.dol.gov/agencies/eta/foreign-labor/performance
2023Q4,accenture,-36.3713292091609,contrast_lmaioe,DOL OFLC LCA disclosure data; https://www.dol.gov/agencies/eta/foreign-labor/performance
2023Q4,capgemini,27.000911914093336,contrast_lmaioe,DOL OFLC LCA disclosure data; https://www.dol.gov/agencies/eta/foreign-labor/performance
2023Q4,cognizant,-78.696731198293,contrast_lmaioe,DOL OFLC LCA disclosure data; https://www.dol.gov/agencies/eta/foreign-labor/performance
2023Q4,hcltech,9.84984209767607,contrast_lmaioe,DOL OFLC LCA disclosure data; https://www.dol.gov/agencies/eta/foreign-labor/performance
2023Q4,hexaware,-40.90429294560484,contrast_lmaioe,DOL OFLC LCA disclosure data; https://www.dol.gov/agencies/eta/foreign-labor/performance
2023Q4,infosys,30.747616487488884,contrast_lmaioe,DOL OFLC LCA disclosure data; https://www.dol.gov/agencies/eta/foreign-labor/performance
2023Q4,ltim,-20.20146010534788,contrast_lmaioe,DOL OFLC LCA disclosure data; https://www.dol.gov/agencies/eta/foreign-labor/performance
2023Q4,mphasis,-18.36127125575745,contrast_lmaioe,DOL OFLC LCA disclosure data; https://www.dol.gov/agencies/eta/foreign-labor/performance
2023Q4,persistent,202.0733940853058,contrast_lmaioe,DOL OFLC LCA disclosure data; https://www.dol.gov/agencies/eta/foreign-labor/performance
2023Q4,tcs,-52.25176924824179,contrast_lmaioe,DOL OFLC LCA disclosure data; https://www.dol.gov/agencies/eta/foreign-labor/performance
2023Q4,techm,3.7719619332843175,contrast_lmaioe,DOL OFLC LCA disclosure data; https://www.dol.gov/agencies/eta/foreign-labor/performance
2023Q4,wipro,4.632718853072868,contrast_lmaioe,DOL OFLC LCA disclosure data; https://www.dol.gov/agencies/eta/foreign-labor/performance
2023Q4,pooled8,-10.310761661740415,contrast_lmaioe,DOL OFLC LCA disclosure data; https://www.dol.gov/agencies/eta/foreign-labor/performance
2023Q4,pooled_mid,30.21092451176367,contrast_lmaioe,DOL OFLC LCA disclosure data; https://www.dol.gov/agencies/eta/foreign-labor/performance
2024Q1,accenture,-32.0174338844697,contrast_lmaioe,DOL OFLC LCA disclosure data; https://www.dol.gov/agencies/eta/foreign-labor/performance
2024Q1,capgemini,26.623648615000057,contrast_lmaioe,DOL OFLC LCA disclosure data; https://www.dol.gov/agencies/eta/foreign-labor/performance
2024Q1,cognizant,-86.12504108309298,contrast_lmaioe,DOL OFLC LCA disclosure data; https://www.dol.gov/agencies/eta/foreign-labor/performance
2024Q1,hcltech,2.6496358503734037,contrast_lmaioe,DOL OFLC LCA disclosure data; https://www.dol.gov/agencies/eta/foreign-labor/performance
2024Q1,hexaware,63.30432564902399,contrast_lmaioe,DOL OFLC LCA disclosure data; https://www.dol.gov/agencies/eta/foreign-labor/performance
2024Q1,infosys,24.32671986548131,contrast_lmaioe,DOL OFLC LCA disclosure data; https://www.dol.gov/agencies/eta/foreign-labor/performance
2024Q1,ltim,-36.43746932400352,contrast_lmaioe,DOL OFLC LCA disclosure data; https://www.dol.gov/agencies/eta/foreign-labor/performance
2024Q1,mphasis,80.21453866605961,contrast_lmaioe,DOL OFLC LCA disclosure data; https://www.dol.gov/agencies/eta/foreign-labor/performance
2024Q1,persistent,141.36933353080053,contrast_lmaioe,DOL OFLC LCA disclosure data; https://www.dol.gov/agencies/eta/foreign-labor/performance
2024Q1,tcs,-56.10315182910576,contrast_lmaioe,DOL OFLC LCA disclosure data; https://www.dol.gov/agencies/eta/foreign-labor/performance
2024Q1,techm,-5.748477186469011,contrast_lmaioe,DOL OFLC LCA disclosure data; https://www.dol.gov/agencies/eta/foreign-labor/performance
2024Q1,wipro,-9.7830401895451,contrast_lmaioe,DOL OFLC LCA disclosure data; https://www.dol.gov/agencies/eta/foreign-labor/performance
2024Q1,pooled8,-25.074814289065618,contrast_lmaioe,DOL OFLC LCA disclosure data; https://www.dol.gov/agencies/eta/foreign-labor/performance
2024Q1,pooled_mid,47.799301927921434,contrast_lmaioe,DOL OFLC LCA disclosure data; https://www.dol.gov/agencies/eta/foreign-labor/performance
2024Q2,accenture,-9.325114095064627,contrast_lmaioe,DOL OFLC LCA disclosure data; https://www.dol.gov/agencies/eta/foreign-labor/performance
2024Q2,capgemini,12.860858116130597,contrast_lmaioe,DOL OFLC LCA disclosure data; https://www.dol.gov/agencies/eta/foreign-labor/performance
2024Q2,cognizant,-154.98855512943473,contrast_lmaioe,DOL OFLC LCA disclosure data; https://www.dol.gov/agencies/eta/foreign-labor/performance
2024Q2,hcltech,-18.133989315705634,contrast_lmaioe,DOL OFLC LCA disclosure data; https://www.dol.gov/agencies/eta/foreign-labor/performance
2024Q2,hexaware,-34.34297171887117,contrast_lmaioe,DOL OFLC LCA disclosure data; https://www.dol.gov/agencies/eta/foreign-labor/performance
2024Q2,infosys,-39.79366451828469,contrast_lmaioe,DOL OFLC LCA disclosure data; https://www.dol.gov/agencies/eta/foreign-labor/performance
2024Q2,ltim,-19.811592604583936,contrast_lmaioe,DOL OFLC LCA disclosure data; https://www.dol.gov/agencies/eta/foreign-labor/performance
2024Q2,mphasis,41.995811541073124,contrast_lmaioe,DOL OFLC LCA disclosure data; https://www.dol.gov/agencies/eta/foreign-labor/performance
2024Q2,persistent,-53.82245979541052,contrast_lmaioe,DOL OFLC LCA disclosure data; https://www.dol.gov/agencies/eta/foreign-labor/performance
2024Q2,tcs,-14.363688092878881,contrast_lmaioe,DOL OFLC LCA disclosure data; https://www.dol.gov/agencies/eta/foreign-labor/performance
2024Q2,techm,2.179122187135391,contrast_lmaioe,DOL OFLC LCA disclosure data; https://www.dol.gov/agencies/eta/foreign-labor/performance
2024Q2,wipro,-13.86025118145099,contrast_lmaioe,DOL OFLC LCA disclosure data; https://www.dol.gov/agencies/eta/foreign-labor/performance
2024Q2,pooled8,-62.65535334398243,contrast_lmaioe,DOL OFLC LCA disclosure data; https://www.dol.gov/agencies/eta/foreign-labor/performance
2024Q2,pooled_mid,15.461177010432696,contrast_lmaioe,DOL OFLC LCA disclosure data; https://www.dol.gov/agencies/eta/foreign-labor/performance
2024Q3,accenture,227.82663738636558,contrast_lmaioe,DOL OFLC LCA disclosure data; https://www.dol.gov/agencies/eta/foreign-labor/performance
2024Q3,capgemini,-7.70496796189709,contrast_lmaioe,DOL OFLC LCA disclosure data; https://www.dol.gov/agencies/eta/foreign-labor/performance
2024Q3,cognizant,-167.96309464400198,contrast_lmaioe,DOL OFLC LCA disclosure data; https://www.dol.gov/agencies/eta/foreign-labor/performance
2024Q3,hcltech,-18.6464172336625,contrast_lmaioe,DOL OFLC LCA disclosure data; https://www.dol.gov/agencies/eta/foreign-labor/performance
2024Q3,hexaware,-23.074815069942908,contrast_lmaioe,DOL OFLC LCA disclosure data; https://www.dol.gov/agencies/eta/foreign-labor/performance
2024Q3,infosys,-28.720144074082583,contrast_lmaioe,DOL OFLC LCA disclosure data; https://www.dol.gov/agencies/eta/foreign-labor/performance
2024Q3,ltim,-16.572001114206678,contrast_lmaioe,DOL OFLC LCA disclosure data; https://www.dol.gov/agencies/eta/foreign-labor/performance
2024Q3,mphasis,146.3255402256019,contrast_lmaioe,DOL OFLC LCA disclosure data; https://www.dol.gov/agencies/eta/foreign-labor/performance
2024Q3,persistent,-38.29922522561058,contrast_lmaioe,DOL OFLC LCA disclosure data; https://www.dol.gov/agencies/eta/foreign-labor/performance
2024Q3,tcs,-4.655305718812709,contrast_lmaioe,DOL OFLC LCA disclosure data; https://www.dol.gov/agencies/eta/foreign-labor/performance
2024Q3,techm,9.385060480576922,contrast_lmaioe,DOL OFLC LCA disclosure data; https://www.dol.gov/agencies/eta/foreign-labor/performance
2024Q3,wipro,5.804757232583654,contrast_lmaioe,DOL OFLC LCA disclosure data; https://www.dol.gov/agencies/eta/foreign-labor/performance
2024Q3,pooled8,-45.91406108559387,contrast_lmaioe,DOL OFLC LCA disclosure data; https://www.dol.gov/agencies/eta/foreign-labor/performance
2024Q3,pooled_mid,9.389304662846197,contrast_lmaioe,DOL OFLC LCA disclosure data; https://www.dol.gov/agencies/eta/foreign-labor/performance
2024Q4,accenture,154.86709570587306,contrast_lmaioe,DOL OFLC LCA disclosure data; https://www.dol.gov/agencies/eta/foreign-labor/performance
2024Q4,capgemini,-4.062815045335348,contrast_lmaioe,DOL OFLC LCA disclosure data; https://www.dol.gov/agencies/eta/foreign-labor/performance
2024Q4,cognizant,-137.02214498628123,contrast_lmaioe,DOL OFLC LCA disclosure data; https://www.dol.gov/agencies/eta/foreign-labor/performance
2024Q4,hcltech,-16.563772381438913,contrast_lmaioe,DOL OFLC LCA disclosure data; https://www.dol.gov/agencies/eta/foreign-labor/performance
2024Q4,hexaware,-3.2789822822990864,contrast_lmaioe,DOL OFLC LCA disclosure data; https://www.dol.gov/agencies/eta/foreign-labor/performance
2024Q4,infosys,-38.7417356334483,contrast_lmaioe,DOL OFLC LCA disclosure data; https://www.dol.gov/agencies/eta/foreign-labor/performance
2024Q4,ltim,-19.09605083962289,contrast_lmaioe,DOL OFLC LCA disclosure data; https://www.dol.gov/agencies/eta/foreign-labor/performance
2024Q4,mphasis,27.107201788616067,contrast_lmaioe,DOL OFLC LCA disclosure data; https://www.dol.gov/agencies/eta/foreign-labor/performance
2024Q4,persistent,63.32490389788764,contrast_lmaioe,DOL OFLC LCA disclosure data; https://www.dol.gov/agencies/eta/foreign-labor/performance
2024Q4,tcs,7.187648349950845,contrast_lmaioe,DOL OFLC LCA disclosure data; https://www.dol.gov/agencies/eta/foreign-labor/performance
2024Q4,techm,9.922496658838838,contrast_lmaioe,DOL OFLC LCA disclosure data; https://www.dol.gov/agencies/eta/foreign-labor/performance
2024Q4,wipro,9.436693541531227,contrast_lmaioe,DOL OFLC LCA disclosure data; https://www.dol.gov/agencies/eta/foreign-labor/performance
2024Q4,pooled8,-40.36083592135677,contrast_lmaioe,DOL OFLC LCA disclosure data; https://www.dol.gov/agencies/eta/foreign-labor/performance
2024Q4,pooled_mid,7.346571751731869,contrast_lmaioe,DOL OFLC LCA disclosure data; https://www.dol.gov/agencies/eta/foreign-labor/performance
2025Q1,accenture,154.99423190369367,contrast_lmaioe,DOL OFLC LCA disclosure data; https://www.dol.gov/agencies/eta/foreign-labor/performance
2025Q1,capgemini,-0.5290820494346278,contrast_lmaioe,DOL OFLC LCA disclosure data; https://www.dol.gov/agencies/eta/foreign-labor/performance
2025Q1,cognizant,-107.55796645677259,contrast_lmaioe,DOL OFLC LCA disclosure data; https://www.dol.gov/agencies/eta/foreign-labor/performance
2025Q1,hcltech,-14.523531616930581,contrast_lmaioe,DOL OFLC LCA disclosure data; https://www.dol.gov/agencies/eta/foreign-labor/performance
2025Q1,hexaware,-53.77330766859151,contrast_lmaioe,DOL OFLC LCA disclosure data; https://www.dol.gov/agencies/eta/foreign-labor/performance
2025Q1,infosys,-35.67393928468829,contrast_lmaioe,DOL OFLC LCA disclosure data; https://www.dol.gov/agencies/eta/foreign-labor/performance
2025Q1,ltim,-50.44338333555503,contrast_lmaioe,DOL OFLC LCA disclosure data; https://www.dol.gov/agencies/eta/foreign-labor/performance
2025Q1,mphasis,-99.85288301111272,contrast_lmaioe,DOL OFLC LCA disclosure data; https://www.dol.gov/agencies/eta/foreign-labor/performance
2025Q1,persistent,-35.28213746227425,contrast_lmaioe,DOL OFLC LCA disclosure data; https://www.dol.gov/agencies/eta/foreign-labor/performance
2025Q1,tcs,30.9518047337513,contrast_lmaioe,DOL OFLC LCA disclosure data; https://www.dol.gov/agencies/eta/foreign-labor/performance
2025Q1,techm,12.340048384226762,contrast_lmaioe,DOL OFLC LCA disclosure data; https://www.dol.gov/agencies/eta/foreign-labor/performance
2025Q1,wipro,17.914260391590545,contrast_lmaioe,DOL OFLC LCA disclosure data; https://www.dol.gov/agencies/eta/foreign-labor/performance
2025Q1,pooled8,-26.749196535920614,contrast_lmaioe,DOL OFLC LCA disclosure data; https://www.dol.gov/agencies/eta/foreign-labor/performance
2025Q1,pooled_mid,-19.803299292134366,contrast_lmaioe,DOL OFLC LCA disclosure data; https://www.dol.gov/agencies/eta/foreign-labor/performance
2025Q2,accenture,102.72892358874365,contrast_lmaioe,DOL OFLC LCA disclosure data; https://www.dol.gov/agencies/eta/foreign-labor/performance
2025Q2,capgemini,-36.26883387545868,contrast_lmaioe,DOL OFLC LCA disclosure data; https://www.dol.gov/agencies/eta/foreign-labor/performance
2025Q2,cognizant,-28.06666455726583,contrast_lmaioe,DOL OFLC LCA disclosure data; https://www.dol.gov/agencies/eta/foreign-labor/performance
2025Q2,hcltech,6.549871599814239,contrast_lmaioe,DOL OFLC LCA disclosure data; https://www.dol.gov/agencies/eta/foreign-labor/performance
2025Q2,hexaware,-53.364030153216206,contrast_lmaioe,DOL OFLC LCA disclosure data; https://www.dol.gov/agencies/eta/foreign-labor/performance
2025Q2,infosys,-66.54126117843771,contrast_lmaioe,DOL OFLC LCA disclosure data; https://www.dol.gov/agencies/eta/foreign-labor/performance
2025Q2,ltim,-70.16876312468735,contrast_lmaioe,DOL OFLC LCA disclosure data; https://www.dol.gov/agencies/eta/foreign-labor/performance
2025Q2,mphasis,-51.626764187930775,contrast_lmaioe,DOL OFLC LCA disclosure data; https://www.dol.gov/agencies/eta/foreign-labor/performance
2025Q2,persistent,-48.86957622578882,contrast_lmaioe,DOL OFLC LCA disclosure data; https://www.dol.gov/agencies/eta/foreign-labor/performance
2025Q2,tcs,20.007642260268554,contrast_lmaioe,DOL OFLC LCA disclosure data; https://www.dol.gov/agencies/eta/foreign-labor/performance
2025Q2,techm,2.0942585882443883,contrast_lmaioe,DOL OFLC LCA disclosure data; https://www.dol.gov/agencies/eta/foreign-labor/performance
2025Q2,wipro,5.363860408387033,contrast_lmaioe,DOL OFLC LCA disclosure data; https://www.dol.gov/agencies/eta/foreign-labor/performance
2025Q2,pooled8,-20.454235489973332,contrast_lmaioe,DOL OFLC LCA disclosure data; https://www.dol.gov/agencies/eta/foreign-labor/performance
2025Q2,pooled_mid,-44.965247933811526,contrast_lmaioe,DOL OFLC LCA disclosure data; https://www.dol.gov/agencies/eta/foreign-labor/performance
2025Q3,accenture,-79.71461237655414,contrast_lmaioe,DOL OFLC LCA disclosure data; https://www.dol.gov/agencies/eta/foreign-labor/performance
2025Q3,capgemini,-25.89807566962791,contrast_lmaioe,DOL OFLC LCA disclosure data; https://www.dol.gov/agencies/eta/foreign-labor/performance
2025Q3,cognizant,18.54223344722029,contrast_lmaioe,DOL OFLC LCA disclosure data; https://www.dol.gov/agencies/eta/foreign-labor/performance
2025Q3,hcltech,-8.266359998085726,contrast_lmaioe,DOL OFLC LCA disclosure data; https://www.dol.gov/agencies/eta/foreign-labor/performance
2025Q3,hexaware,-70.08100533055143,contrast_lmaioe,DOL OFLC LCA disclosure data; https://www.dol.gov/agencies/eta/foreign-labor/performance
2025Q3,infosys,-97.65363347417052,contrast_lmaioe,DOL OFLC LCA disclosure data; https://www.dol.gov/agencies/eta/foreign-labor/performance
2025Q3,ltim,-63.72667221654888,contrast_lmaioe,DOL OFLC LCA disclosure data; https://www.dol.gov/agencies/eta/foreign-labor/performance
2025Q3,mphasis,-131.65610231052156,contrast_lmaioe,DOL OFLC LCA disclosure data; https://www.dol.gov/agencies/eta/foreign-labor/performance
2025Q3,persistent,-59.78370007556205,contrast_lmaioe,DOL OFLC LCA disclosure data; https://www.dol.gov/agencies/eta/foreign-labor/performance
2025Q3,tcs,14.180205517515194,contrast_lmaioe,DOL OFLC LCA disclosure data; https://www.dol.gov/agencies/eta/foreign-labor/performance
2025Q3,techm,-18.118201887828864,contrast_lmaioe,DOL OFLC LCA disclosure data; https://www.dol.gov/agencies/eta/foreign-labor/performance
2025Q3,wipro,11.252486067229206,contrast_lmaioe,DOL OFLC LCA disclosure data; https://www.dol.gov/agencies/eta/foreign-labor/performance
2025Q3,pooled8,-26.14435322312313,contrast_lmaioe,DOL OFLC LCA disclosure data; https://www.dol.gov/agencies/eta/foreign-labor/performance
2025Q3,pooled_mid,-51.33087880198339,contrast_lmaioe,DOL OFLC LCA disclosure data; https://www.dol.gov/agencies/eta/foreign-labor/performance
2025Q4,accenture,-28.22819081243876,contrast_lmaioe,DOL OFLC LCA disclosure data; https://www.dol.gov/agencies/eta/foreign-labor/performance
2025Q4,capgemini,-14.560361924879986,contrast_lmaioe,DOL OFLC LCA disclosure data; https://www.dol.gov/agencies/eta/foreign-labor/performance
2025Q4,cognizant,14.776767943222303,contrast_lmaioe,DOL OFLC LCA disclosure data; https://www.dol.gov/agencies/eta/foreign-labor/performance
2025Q4,hcltech,-32.91518688850939,contrast_lmaioe,DOL OFLC LCA disclosure data; https://www.dol.gov/agencies/eta/foreign-labor/performance
2025Q4,hexaware,-111.119107087497,contrast_lmaioe,DOL OFLC LCA disclosure data; https://www.dol.gov/agencies/eta/foreign-labor/performance
2025Q4,infosys,-97.04264547766408,contrast_lmaioe,DOL OFLC LCA disclosure data; https://www.dol.gov/agencies/eta/foreign-labor/performance
2025Q4,ltim,-64.33201620949224,contrast_lmaioe,DOL OFLC LCA disclosure data; https://www.dol.gov/agencies/eta/foreign-labor/performance
2025Q4,mphasis,36.25510626156853,contrast_lmaioe,DOL OFLC LCA disclosure data; https://www.dol.gov/agencies/eta/foreign-labor/performance
2025Q4,persistent,-134.9926716949016,contrast_lmaioe,DOL OFLC LCA disclosure data; https://www.dol.gov/agencies/eta/foreign-labor/performance
2025Q4,tcs,8.769895617725965,contrast_lmaioe,DOL OFLC LCA disclosure data; https://www.dol.gov/agencies/eta/foreign-labor/performance
2025Q4,techm,-33.536708990634764,contrast_lmaioe,DOL OFLC LCA disclosure data; https://www.dol.gov/agencies/eta/foreign-labor/performance
2025Q4,wipro,13.92514086632122,contrast_lmaioe,DOL OFLC LCA disclosure data; https://www.dol.gov/agencies/eta/foreign-labor/performance
2025Q4,pooled8,-28.574620571475865,contrast_lmaioe,DOL OFLC LCA disclosure data; https://www.dol.gov/agencies/eta/foreign-labor/performance
2025Q4,pooled_mid,-35.32872493108796,contrast_lmaioe,DOL OFLC LCA disclosure data; https://www.dol.gov/agencies/eta/foreign-labor/performance
2026Q1,accenture,-54.39487570511534,contrast_lmaioe,DOL OFLC LCA disclosure data; https://www.dol.gov/agencies/eta/foreign-labor/performance
2026Q1,capgemini,-14.4040572896963,contrast_lmaioe,DOL OFLC LCA disclosure data; https://www.dol.gov/agencies/eta/foreign-labor/performance
2026Q1,cognizant,14.895784098432369,contrast_lmaioe,DOL OFLC LCA disclosure data; https://www.dol.gov/agencies/eta/foreign-labor/performance
2026Q1,hcltech,-46.72049255402401,contrast_lmaioe,DOL OFLC LCA disclosure data; https://www.dol.gov/agencies/eta/foreign-labor/performance
2026Q1,hexaware,-161.77367152487955,contrast_lmaioe,DOL OFLC LCA disclosure data; https://www.dol.gov/agencies/eta/foreign-labor/performance
2026Q1,infosys,-121.50294625870517,contrast_lmaioe,DOL OFLC LCA disclosure data; https://www.dol.gov/agencies/eta/foreign-labor/performance
2026Q1,ltim,3.5918789017652486,contrast_lmaioe,DOL OFLC LCA disclosure data; https://www.dol.gov/agencies/eta/foreign-labor/performance
2026Q1,mphasis,103.98840157930411,contrast_lmaioe,DOL OFLC LCA disclosure data; https://www.dol.gov/agencies/eta/foreign-labor/performance
2026Q1,persistent,130.62516534463543,contrast_lmaioe,DOL OFLC LCA disclosure data; https://www.dol.gov/agencies/eta/foreign-labor/performance
2026Q1,tcs,-0.816267298552237,contrast_lmaioe,DOL OFLC LCA disclosure data; https://www.dol.gov/agencies/eta/foreign-labor/performance
2026Q1,techm,-17.3688272387967,contrast_lmaioe,DOL OFLC LCA disclosure data; https://www.dol.gov/agencies/eta/foreign-labor/performance
2026Q1,wipro,-1.0430342278872455,contrast_lmaioe,DOL OFLC LCA disclosure data; https://www.dol.gov/agencies/eta/foreign-labor/performance
2026Q1,pooled8,-32.65356780405516,contrast_lmaioe,DOL OFLC LCA disclosure data; https://www.dol.gov/agencies/eta/foreign-labor/performance
2026Q1,pooled_mid,-16.061326872530437,contrast_lmaioe,DOL OFLC LCA disclosure data; https://www.dol.gov/agencies/eta/foreign-labor/performance
2026Q2,accenture,0.41872478487307774,contrast_lmaioe,DOL OFLC LCA disclosure data; https://www.dol.gov/agencies/eta/foreign-labor/performance
2026Q2,capgemini,23.050193624539688,contrast_lmaioe,DOL OFLC LCA disclosure data; https://www.dol.gov/agencies/eta/foreign-labor/performance
2026Q2,cognizant,32.40337025014688,contrast_lmaioe,DOL OFLC LCA disclosure data; https://www.dol.gov/agencies/eta/foreign-labor/performance
2026Q2,hcltech,-69.03219895100855,contrast_lmaioe,DOL OFLC LCA disclosure data; https://www.dol.gov/agencies/eta/foreign-labor/performance
2026Q2,hexaware,-8.004270767353653,contrast_lmaioe,DOL OFLC LCA disclosure data; https://www.dol.gov/agencies/eta/foreign-labor/performance
2026Q2,infosys,-91.06943304114276,contrast_lmaioe,DOL OFLC LCA disclosure data; https://www.dol.gov/agencies/eta/foreign-labor/performance
2026Q2,ltim,68.99098841101542,contrast_lmaioe,DOL OFLC LCA disclosure data; https://www.dol.gov/agencies/eta/foreign-labor/performance
2026Q2,mphasis,-14.89751507228467,contrast_lmaioe,DOL OFLC LCA disclosure data; https://www.dol.gov/agencies/eta/foreign-labor/performance
2026Q2,persistent,94.23629721839302,contrast_lmaioe,DOL OFLC LCA disclosure data; https://www.dol.gov/agencies/eta/foreign-labor/performance
2026Q2,tcs,-34.61040347725465,contrast_lmaioe,DOL OFLC LCA disclosure data; https://www.dol.gov/agencies/eta/foreign-labor/performance
2026Q2,techm,-12.110969319833679,contrast_lmaioe,DOL OFLC LCA disclosure data; https://www.dol.gov/agencies/eta/foreign-labor/performance
2026Q2,wipro,-5.887334344193633,contrast_lmaioe,DOL OFLC LCA disclosure data; https://www.dol.gov/agencies/eta/foreign-labor/performance
2026Q2,pooled8,-22.332150426260185,contrast_lmaioe,DOL OFLC LCA disclosure data; https://www.dol.gov/agencies/eta/foreign-labor/performance
2026Q2,pooled_mid,5.162858357761532,contrast_lmaioe,DOL OFLC LCA disclosure data; https://www.dol.gov/agencies/eta/foreign-labor/performance
2016Q3,accenture,-157.37488420689704,contrast_devqa_vs_supnet,DOL OFLC LCA disclosure data; https://www.dol.gov/agencies/eta/foreign-labor/performance
2016Q3,capgemini,104.07062557400985,contrast_devqa_vs_supnet,DOL OFLC LCA disclosure data; https://www.dol.gov/agencies/eta/foreign-labor/performance
2016Q3,cognizant,140.72780134204814,contrast_devqa_vs_supnet,DOL OFLC LCA disclosure data; https://www.dol.gov/agencies/eta/foreign-labor/performance
2016Q3,hcltech,-7.6630032452365135,contrast_devqa_vs_supnet,DOL OFLC LCA disclosure data; https://www.dol.gov/agencies/eta/foreign-labor/performance
2016Q3,infosys,-30.536006739197273,contrast_devqa_vs_supnet,DOL OFLC LCA disclosure data; https://www.dol.gov/agencies/eta/foreign-labor/performance
2016Q3,ltim,-76.08432382262772,contrast_devqa_vs_supnet,DOL OFLC LCA disclosure data; https://www.dol.gov/agencies/eta/foreign-labor/performance
2016Q3,mphasis,-13.813602470259355,contrast_devqa_vs_supnet,DOL OFLC LCA disclosure data; https://www.dol.gov/agencies/eta/foreign-labor/performance
2016Q3,tcs,49.05584360765266,contrast_devqa_vs_supnet,DOL OFLC LCA disclosure data; https://www.dol.gov/agencies/eta/foreign-labor/performance
2016Q3,techm,45.30059231594445,contrast_devqa_vs_supnet,DOL OFLC LCA disclosure data; https://www.dol.gov/agencies/eta/foreign-labor/performance
2016Q3,wipro,-9.623268717103443,contrast_devqa_vs_supnet,DOL OFLC LCA disclosure data; https://www.dol.gov/agencies/eta/foreign-labor/performance
2016Q3,pooled8,-25.867975164767223,contrast_devqa_vs_supnet,DOL OFLC LCA disclosure data; https://www.dol.gov/agencies/eta/foreign-labor/performance
2016Q3,pooled_mid,60.338193688592185,contrast_devqa_vs_supnet,DOL OFLC LCA disclosure data; https://www.dol.gov/agencies/eta/foreign-labor/performance
2016Q4,accenture,-163.7517520135658,contrast_devqa_vs_supnet,DOL OFLC LCA disclosure data; https://www.dol.gov/agencies/eta/foreign-labor/performance
2016Q4,capgemini,90.65415745755992,contrast_devqa_vs_supnet,DOL OFLC LCA disclosure data; https://www.dol.gov/agencies/eta/foreign-labor/performance
2016Q4,cognizant,71.0158526386482,contrast_devqa_vs_supnet,DOL OFLC LCA disclosure data; https://www.dol.gov/agencies/eta/foreign-labor/performance
2016Q4,hcltech,-5.854787450118039,contrast_devqa_vs_supnet,DOL OFLC LCA disclosure data; https://www.dol.gov/agencies/eta/foreign-labor/performance
2016Q4,infosys,-21.68914471326459,contrast_devqa_vs_supnet,DOL OFLC LCA disclosure data; https://www.dol.gov/agencies/eta/foreign-labor/performance
2016Q4,ltim,-34.70156769695196,contrast_devqa_vs_supnet,DOL OFLC LCA disclosure data; https://www.dol.gov/agencies/eta/foreign-labor/performance
2016Q4,mphasis,-24.813770172538362,contrast_devqa_vs_supnet,DOL OFLC LCA disclosure data; https://www.dol.gov/agencies/eta/foreign-labor/performance
2016Q4,tcs,49.31546449677714,contrast_devqa_vs_supnet,DOL OFLC LCA disclosure data; https://www.dol.gov/agencies/eta/foreign-labor/performance
2016Q4,techm,43.8359891906859,contrast_devqa_vs_supnet,DOL OFLC LCA disclosure data; https://www.dol.gov/agencies/eta/foreign-labor/performance
2016Q4,wipro,-17.730856750235656,contrast_devqa_vs_supnet,DOL OFLC LCA disclosure data; https://www.dol.gov/agencies/eta/foreign-labor/performance
2016Q4,pooled8,-17.017040146433494,contrast_devqa_vs_supnet,DOL OFLC LCA disclosure data; https://www.dol.gov/agencies/eta/foreign-labor/performance
2016Q4,pooled_mid,48.12630861501212,contrast_devqa_vs_supnet,DOL OFLC LCA disclosure data; https://www.dol.gov/agencies/eta/foreign-labor/performance
2017Q1,accenture,-56.730489892470665,contrast_devqa_vs_supnet,DOL OFLC LCA disclosure data; https://www.dol.gov/agencies/eta/foreign-labor/performance
2017Q1,capgemini,39.969477247371515,contrast_devqa_vs_supnet,DOL OFLC LCA disclosure data; https://www.dol.gov/agencies/eta/foreign-labor/performance
2017Q1,cognizant,-46.48318408433415,contrast_devqa_vs_supnet,DOL OFLC LCA disclosure data; https://www.dol.gov/agencies/eta/foreign-labor/performance
2017Q1,hcltech,12.28807659891959,contrast_devqa_vs_supnet,DOL OFLC LCA disclosure data; https://www.dol.gov/agencies/eta/foreign-labor/performance
2017Q1,infosys,-179.6392164697642,contrast_devqa_vs_supnet,DOL OFLC LCA disclosure data; https://www.dol.gov/agencies/eta/foreign-labor/performance
2017Q1,ltim,78.64713733062763,contrast_devqa_vs_supnet,DOL OFLC LCA disclosure data; https://www.dol.gov/agencies/eta/foreign-labor/performance
2017Q1,mphasis,25.8423668975951,contrast_devqa_vs_supnet,DOL OFLC LCA disclosure data; https://www.dol.gov/agencies/eta/foreign-labor/performance
2017Q1,tcs,-35.34695003066201,contrast_devqa_vs_supnet,DOL OFLC LCA disclosure data; https://www.dol.gov/agencies/eta/foreign-labor/performance
2017Q1,techm,-7.76916607830813,contrast_devqa_vs_supnet,DOL OFLC LCA disclosure data; https://www.dol.gov/agencies/eta/foreign-labor/performance
2017Q1,wipro,-34.83779084343418,contrast_devqa_vs_supnet,DOL OFLC LCA disclosure data; https://www.dol.gov/agencies/eta/foreign-labor/performance
2017Q1,pooled8,12.145504360626166,contrast_devqa_vs_supnet,DOL OFLC LCA disclosure data; https://www.dol.gov/agencies/eta/foreign-labor/performance
2017Q1,pooled_mid,32.99934328075702,contrast_devqa_vs_supnet,DOL OFLC LCA disclosure data; https://www.dol.gov/agencies/eta/foreign-labor/performance
2017Q2,accenture,-63.94327540590196,contrast_devqa_vs_supnet,DOL OFLC LCA disclosure data; https://www.dol.gov/agencies/eta/foreign-labor/performance
2017Q2,capgemini,-3.2010423975899727,contrast_devqa_vs_supnet,DOL OFLC LCA disclosure data; https://www.dol.gov/agencies/eta/foreign-labor/performance
2017Q2,cognizant,-94.38154052642449,contrast_devqa_vs_supnet,DOL OFLC LCA disclosure data; https://www.dol.gov/agencies/eta/foreign-labor/performance
2017Q2,hcltech,10.777012565292111,contrast_devqa_vs_supnet,DOL OFLC LCA disclosure data; https://www.dol.gov/agencies/eta/foreign-labor/performance
2017Q2,infosys,-179.1491432594777,contrast_devqa_vs_supnet,DOL OFLC LCA disclosure data; https://www.dol.gov/agencies/eta/foreign-labor/performance
2017Q2,ltim,32.38208581426155,contrast_devqa_vs_supnet,DOL OFLC LCA disclosure data; https://www.dol.gov/agencies/eta/foreign-labor/performance
2017Q2,mphasis,25.133675344695057,contrast_devqa_vs_supnet,DOL OFLC LCA disclosure data; https://www.dol.gov/agencies/eta/foreign-labor/performance
2017Q2,tcs,-31.462696143451016,contrast_devqa_vs_supnet,DOL OFLC LCA disclosure data; https://www.dol.gov/agencies/eta/foreign-labor/performance
2017Q2,techm,-10.051044456601959,contrast_devqa_vs_supnet,DOL OFLC LCA disclosure data; https://www.dol.gov/agencies/eta/foreign-labor/performance
2017Q2,wipro,-5.536689037376561,contrast_devqa_vs_supnet,DOL OFLC LCA disclosure data; https://www.dol.gov/agencies/eta/foreign-labor/performance
2017Q2,pooled8,2.1686403025015304,contrast_devqa_vs_supnet,DOL OFLC LCA disclosure data; https://www.dol.gov/agencies/eta/foreign-labor/performance
2017Q2,pooled_mid,8.850260500121525,contrast_devqa_vs_supnet,DOL OFLC LCA disclosure data; https://www.dol.gov/agencies/eta/foreign-labor/performance
2017Q3,accenture,-61.500321184772055,contrast_devqa_vs_supnet,DOL OFLC LCA disclosure data; https://www.dol.gov/agencies/eta/foreign-labor/performance
2017Q3,capgemini,-19.586292215714977,contrast_devqa_vs_supnet,DOL OFLC LCA disclosure data; https://www.dol.gov/agencies/eta/foreign-labor/performance
2017Q3,cognizant,-91.2712910526271,contrast_devqa_vs_supnet,DOL OFLC LCA disclosure data; https://www.dol.gov/agencies/eta/foreign-labor/performance
2017Q3,hcltech,12.381797449943122,contrast_devqa_vs_supnet,DOL OFLC LCA disclosure data; https://www.dol.gov/agencies/eta/foreign-labor/performance
2017Q3,infosys,-181.0570067180659,contrast_devqa_vs_supnet,DOL OFLC LCA disclosure data; https://www.dol.gov/agencies/eta/foreign-labor/performance
2017Q3,ltim,19.63440256514189,contrast_devqa_vs_supnet,DOL OFLC LCA disclosure data; https://www.dol.gov/agencies/eta/foreign-labor/performance
2017Q3,mphasis,49.117684547854736,contrast_devqa_vs_supnet,DOL OFLC LCA disclosure data; https://www.dol.gov/agencies/eta/foreign-labor/performance
2017Q3,tcs,-23.876882226523087,contrast_devqa_vs_supnet,DOL OFLC LCA disclosure data; https://www.dol.gov/agencies/eta/foreign-labor/performance
2017Q3,techm,-13.549871649984908,contrast_devqa_vs_supnet,DOL OFLC LCA disclosure data; https://www.dol.gov/agencies/eta/foreign-labor/performance
2017Q3,wipro,-0.8128715210675068,contrast_devqa_vs_supnet,DOL OFLC LCA disclosure data; https://www.dol.gov/agencies/eta/foreign-labor/performance
2017Q3,pooled8,-2.0738230985991377,contrast_devqa_vs_supnet,DOL OFLC LCA disclosure data; https://www.dol.gov/agencies/eta/foreign-labor/performance
2017Q3,pooled_mid,-0.46638697116150496,contrast_devqa_vs_supnet,DOL OFLC LCA disclosure data; https://www.dol.gov/agencies/eta/foreign-labor/performance
2017Q4,accenture,-59.95491205330343,contrast_devqa_vs_supnet,DOL OFLC LCA disclosure data; https://www.dol.gov/agencies/eta/foreign-labor/performance
2017Q4,capgemini,36.27528240598427,contrast_devqa_vs_supnet,DOL OFLC LCA disclosure data; https://www.dol.gov/agencies/eta/foreign-labor/performance
2017Q4,cognizant,-40.34282589640067,contrast_devqa_vs_supnet,DOL OFLC LCA disclosure data; https://www.dol.gov/agencies/eta/foreign-labor/performance
2017Q4,hcltech,14.138057012215526,contrast_devqa_vs_supnet,DOL OFLC LCA disclosure data; https://www.dol.gov/agencies/eta/foreign-labor/performance
2017Q4,infosys,-195.01835642001762,contrast_devqa_vs_supnet,DOL OFLC LCA disclosure data; https://www.dol.gov/agencies/eta/foreign-labor/performance
2017Q4,ltim,-15.934574751104272,contrast_devqa_vs_supnet,DOL OFLC LCA disclosure data; https://www.dol.gov/agencies/eta/foreign-labor/performance
2017Q4,mphasis,74.1553184669187,contrast_devqa_vs_supnet,DOL OFLC LCA disclosure data; https://www.dol.gov/agencies/eta/foreign-labor/performance
2017Q4,tcs,-19.654841194200344,contrast_devqa_vs_supnet,DOL OFLC LCA disclosure data; https://www.dol.gov/agencies/eta/foreign-labor/performance
2017Q4,techm,-18.701923170957876,contrast_devqa_vs_supnet,DOL OFLC LCA disclosure data; https://www.dol.gov/agencies/eta/foreign-labor/performance
2017Q4,wipro,22.73613916450033,contrast_devqa_vs_supnet,DOL OFLC LCA disclosure data; https://www.dol.gov/agencies/eta/foreign-labor/performance
2017Q4,pooled8,-8.354471538103066,contrast_devqa_vs_supnet,DOL OFLC LCA disclosure data; https://www.dol.gov/agencies/eta/foreign-labor/performance
2017Q4,pooled_mid,36.30124523479836,contrast_devqa_vs_supnet,DOL OFLC LCA disclosure data; https://www.dol.gov/agencies/eta/foreign-labor/performance
2018Q1,accenture,26.526021293430865,contrast_devqa_vs_supnet,DOL OFLC LCA disclosure data; https://www.dol.gov/agencies/eta/foreign-labor/performance
2018Q1,capgemini,92.34690397759621,contrast_devqa_vs_supnet,DOL OFLC LCA disclosure data; https://www.dol.gov/agencies/eta/foreign-labor/performance
2018Q1,cognizant,-117.84320060408001,contrast_devqa_vs_supnet,DOL OFLC LCA disclosure data; https://www.dol.gov/agencies/eta/foreign-labor/performance
2018Q1,hcltech,9.541280997303303,contrast_devqa_vs_supnet,DOL OFLC LCA disclosure data; https://www.dol.gov/agencies/eta/foreign-labor/performance
2018Q1,infosys,-2.6484366948140377,contrast_devqa_vs_supnet,DOL OFLC LCA disclosure data; https://www.dol.gov/agencies/eta/foreign-labor/performance
2018Q1,ltim,-247.9687812984273,contrast_devqa_vs_supnet,DOL OFLC LCA disclosure data; https://www.dol.gov/agencies/eta/foreign-labor/performance
2018Q1,mphasis,36.110239078643076,contrast_devqa_vs_supnet,DOL OFLC LCA disclosure data; https://www.dol.gov/agencies/eta/foreign-labor/performance
2018Q1,tcs,-38.46972782150475,contrast_devqa_vs_supnet,DOL OFLC LCA disclosure data; https://www.dol.gov/agencies/eta/foreign-labor/performance
2018Q1,techm,-10.977658776264214,contrast_devqa_vs_supnet,DOL OFLC LCA disclosure data; https://www.dol.gov/agencies/eta/foreign-labor/performance
2018Q1,wipro,33.78185544560782,contrast_devqa_vs_supnet,DOL OFLC LCA disclosure data; https://www.dol.gov/agencies/eta/foreign-labor/performance
2018Q1,pooled8,-26.74883130176797,contrast_devqa_vs_supnet,DOL OFLC LCA disclosure data; https://www.dol.gov/agencies/eta/foreign-labor/performance
2018Q1,pooled_mid,53.79257406515658,contrast_devqa_vs_supnet,DOL OFLC LCA disclosure data; https://www.dol.gov/agencies/eta/foreign-labor/performance
2018Q2,accenture,19.173488232758217,contrast_devqa_vs_supnet,DOL OFLC LCA disclosure data; https://www.dol.gov/agencies/eta/foreign-labor/performance
2018Q2,capgemini,111.16508738192407,contrast_devqa_vs_supnet,DOL OFLC LCA disclosure data; https://www.dol.gov/agencies/eta/foreign-labor/performance
2018Q2,cognizant,-57.20964491590318,contrast_devqa_vs_supnet,DOL OFLC LCA disclosure data; https://www.dol.gov/agencies/eta/foreign-labor/performance
2018Q2,hcltech,17.925563309174155,contrast_devqa_vs_supnet,DOL OFLC LCA disclosure data; https://www.dol.gov/agencies/eta/foreign-labor/performance
2018Q2,infosys,-14.891718674122771,contrast_devqa_vs_supnet,DOL OFLC LCA disclosure data; https://www.dol.gov/agencies/eta/foreign-labor/performance
2018Q2,ltim,-122.68107598304432,contrast_devqa_vs_supnet,DOL OFLC LCA disclosure data; https://www.dol.gov/agencies/eta/foreign-labor/performance
2018Q2,mphasis,25.81033333026368,contrast_devqa_vs_supnet,DOL OFLC LCA disclosure data; https://www.dol.gov/agencies/eta/foreign-labor/performance
2018Q2,tcs,-55.092581009969095,contrast_devqa_vs_supnet,DOL OFLC LCA disclosure data; https://www.dol.gov/agencies/eta/foreign-labor/performance
2018Q2,techm,-16.622537075330577,contrast_devqa_vs_supnet,DOL OFLC LCA disclosure data; https://www.dol.gov/agencies/eta/foreign-labor/performance
2018Q2,wipro,-1.005249696197719,contrast_devqa_vs_supnet,DOL OFLC LCA disclosure data; https://www.dol.gov/agencies/eta/foreign-labor/performance
2018Q2,pooled8,-11.031410564743616,contrast_devqa_vs_supnet,DOL OFLC LCA disclosure data; https://www.dol.gov/agencies/eta/foreign-labor/performance
2018Q2,pooled_mid,50.234286915237,contrast_devqa_vs_supnet,DOL OFLC LCA disclosure data; https://www.dol.gov/agencies/eta/foreign-labor/performance
2018Q3,accenture,9.75708391919149,contrast_devqa_vs_supnet,DOL OFLC LCA disclosure data; https://www.dol.gov/agencies/eta/foreign-labor/performance
2018Q3,capgemini,91.89312042176607,contrast_devqa_vs_supnet,DOL OFLC LCA disclosure data; https://www.dol.gov/agencies/eta/foreign-labor/performance
2018Q3,cognizant,-16.163475614220737,contrast_devqa_vs_supnet,DOL OFLC LCA disclosure data; https://www.dol.gov/agencies/eta/foreign-labor/performance
2018Q3,hcltech,3.3721222969555584,contrast_devqa_vs_supnet,DOL OFLC LCA disclosure data; https://www.dol.gov/agencies/eta/foreign-labor/performance
2018Q3,infosys,-5.852733944729039,contrast_devqa_vs_supnet,DOL OFLC LCA disclosure data; https://www.dol.gov/agencies/eta/foreign-labor/performance
2018Q3,ltim,-32.30854112115633,contrast_devqa_vs_supnet,DOL OFLC LCA disclosure data; https://www.dol.gov/agencies/eta/foreign-labor/performance
2018Q3,mphasis,17.467211635087555,contrast_devqa_vs_supnet,DOL OFLC LCA disclosure data; https://www.dol.gov/agencies/eta/foreign-labor/performance
2018Q3,tcs,-58.63616892383385,contrast_devqa_vs_supnet,DOL OFLC LCA disclosure data; https://www.dol.gov/agencies/eta/foreign-labor/performance
2018Q3,techm,-2.202266901692198,contrast_devqa_vs_supnet,DOL OFLC LCA disclosure data; https://www.dol.gov/agencies/eta/foreign-labor/performance
2018Q3,wipro,-5.394308387647712,contrast_devqa_vs_supnet,DOL OFLC LCA disclosure data; https://www.dol.gov/agencies/eta/foreign-labor/performance
2018Q3,pooled8,-10.305121114469703,contrast_devqa_vs_supnet,DOL OFLC LCA disclosure data; https://www.dol.gov/agencies/eta/foreign-labor/performance
2018Q3,pooled_mid,41.35822576312328,contrast_devqa_vs_supnet,DOL OFLC LCA disclosure data; https://www.dol.gov/agencies/eta/foreign-labor/performance
2018Q4,accenture,42.189722578670406,contrast_devqa_vs_supnet,DOL OFLC LCA disclosure data; https://www.dol.gov/agencies/eta/foreign-labor/performance
2018Q4,capgemini,70.33583687980642,contrast_devqa_vs_supnet,DOL OFLC LCA disclosure data; https://www.dol.gov/agencies/eta/foreign-labor/performance
2018Q4,cognizant,-63.37906698613416,contrast_devqa_vs_supnet,DOL OFLC LCA disclosure data; https://www.dol.gov/agencies/eta/foreign-labor/performance
2018Q4,hcltech,-3.6592267567200736,contrast_devqa_vs_supnet,DOL OFLC LCA disclosure data; https://www.dol.gov/agencies/eta/foreign-labor/performance
2018Q4,infosys,19.056527915839233,contrast_devqa_vs_supnet,DOL OFLC LCA disclosure data; https://www.dol.gov/agencies/eta/foreign-labor/performance
2018Q4,ltim,18.1587279282191,contrast_devqa_vs_supnet,DOL OFLC LCA disclosure data; https://www.dol.gov/agencies/eta/foreign-labor/performance
2018Q4,mphasis,-0.4654688124787594,contrast_devqa_vs_supnet,DOL OFLC LCA disclosure data; https://www.dol.gov/agencies/eta/foreign-labor/performance
2018Q4,tcs,-66.81209743656757,contrast_devqa_vs_supnet,DOL OFLC LCA disclosure data; https://www.dol.gov/agencies/eta/foreign-labor/performance
2018Q4,techm,-4.034401771211854,contrast_devqa_vs_supnet,DOL OFLC LCA disclosure data; https://www.dol.gov/agencies/eta/foreign-labor/performance
2018Q4,wipro,-18.936603064643933,contrast_devqa_vs_supnet,DOL OFLC LCA disclosure data; https://www.dol.gov/agencies/eta/foreign-labor/performance
2018Q4,pooled8,-11.51333855656246,contrast_devqa_vs_supnet,DOL OFLC LCA disclosure data; https://www.dol.gov/agencies/eta/foreign-labor/performance
2018Q4,pooled_mid,17.37093129880457,contrast_devqa_vs_supnet,DOL OFLC LCA disclosure data; https://www.dol.gov/agencies/eta/foreign-labor/performance
2019Q1,accenture,-54.62709861895064,contrast_devqa_vs_supnet,DOL OFLC LCA disclosure data; https://www.dol.gov/agencies/eta/foreign-labor/performance
2019Q1,capgemini,53.532190233440076,contrast_devqa_vs_supnet,DOL OFLC LCA disclosure data; https://www.dol.gov/agencies/eta/foreign-labor/performance
2019Q1,cognizant,59.90098409896579,contrast_devqa_vs_supnet,DOL OFLC LCA disclosure data; https://www.dol.gov/agencies/eta/foreign-labor/performance
2019Q1,hcltech,-0.790330613955831,contrast_devqa_vs_supnet,DOL OFLC LCA disclosure data; https://www.dol.gov/agencies/eta/foreign-labor/performance
2019Q1,hexaware,-159.23700039219523,contrast_devqa_vs_supnet,DOL OFLC LCA disclosure data; https://www.dol.gov/agencies/eta/foreign-labor/performance
2019Q1,infosys,-65.01176939738758,contrast_devqa_vs_supnet,DOL OFLC LCA disclosure data; https://www.dol.gov/agencies/eta/foreign-labor/performance
2019Q1,ltim,329.72965001968726,contrast_devqa_vs_supnet,DOL OFLC LCA disclosure data; https://www.dol.gov/agencies/eta/foreign-labor/performance
2019Q1,mphasis,84.92220110004463,contrast_devqa_vs_supnet,DOL OFLC LCA disclosure data; https://www.dol.gov/agencies/eta/foreign-labor/performance
2019Q1,persistent,94.23629721839302,contrast_devqa_vs_supnet,DOL OFLC LCA disclosure data; https://www.dol.gov/agencies/eta/foreign-labor/performance
2019Q1,tcs,-59.08750419114182,contrast_devqa_vs_supnet,DOL OFLC LCA disclosure data; https://www.dol.gov/agencies/eta/foreign-labor/performance
2019Q1,techm,-6.243547094079226,contrast_devqa_vs_supnet,DOL OFLC LCA disclosure data; https://www.dol.gov/agencies/eta/foreign-labor/performance
2019Q1,wipro,76.05677695413105,contrast_devqa_vs_supnet,DOL OFLC LCA disclosure data; https://www.dol.gov/agencies/eta/foreign-labor/performance
2019Q1,pooled8,-0.8704514058013757,contrast_devqa_vs_supnet,DOL OFLC LCA disclosure data; https://www.dol.gov/agencies/eta/foreign-labor/performance
2019Q1,pooled_mid,69.79351353027658,contrast_devqa_vs_supnet,DOL OFLC LCA disclosure data; https://www.dol.gov/agencies/eta/foreign-labor/performance
2019Q2,accenture,-22.351745298242815,contrast_devqa_vs_supnet,DOL OFLC LCA disclosure data; https://www.dol.gov/agencies/eta/foreign-labor/performance
2019Q2,capgemini,29.664292458786708,contrast_devqa_vs_supnet,DOL OFLC LCA disclosure data; https://www.dol.gov/agencies/eta/foreign-labor/performance
2019Q2,cognizant,107.34537290319548,contrast_devqa_vs_supnet,DOL OFLC LCA disclosure data; https://www.dol.gov/agencies/eta/foreign-labor/performance
2019Q2,hcltech,-13.08245555473637,contrast_devqa_vs_supnet,DOL OFLC LCA disclosure data; https://www.dol.gov/agencies/eta/foreign-labor/performance
2019Q2,hexaware,-199.6059932740785,contrast_devqa_vs_supnet,DOL OFLC LCA disclosure data; https://www.dol.gov/agencies/eta/foreign-labor/performance
2019Q2,infosys,-54.16426702537666,contrast_devqa_vs_supnet,DOL OFLC LCA disclosure data; https://www.dol.gov/agencies/eta/foreign-labor/performance
2019Q2,ltim,279.0749081774898,contrast_devqa_vs_supnet,DOL OFLC LCA disclosure data; https://www.dol.gov/agencies/eta/foreign-labor/performance
2019Q2,mphasis,141.62497622946563,contrast_devqa_vs_supnet,DOL OFLC LCA disclosure data; https://www.dol.gov/agencies/eta/foreign-labor/performance
2019Q2,persistent,75.82107739070072,contrast_devqa_vs_supnet,DOL OFLC LCA disclosure data; https://www.dol.gov/agencies/eta/foreign-labor/performance
2019Q2,tcs,-52.144968277467655,contrast_devqa_vs_supnet,DOL OFLC LCA disclosure data; https://www.dol.gov/agencies/eta/foreign-labor/performance
2019Q2,techm,-4.889429287260313,contrast_devqa_vs_supnet,DOL OFLC LCA disclosure data; https://www.dol.gov/agencies/eta/foreign-labor/performance
2019Q2,wipro,105.64510770789317,contrast_devqa_vs_supnet,DOL OFLC LCA disclosure data; https://www.dol.gov/agencies/eta/foreign-labor/performance
2019Q2,pooled8,1.0079472844096387,contrast_devqa_vs_supnet,DOL OFLC LCA disclosure data; https://www.dol.gov/agencies/eta/foreign-labor/performance
2019Q2,pooled_mid,94.60307024103585,contrast_devqa_vs_supnet,DOL OFLC LCA disclosure data; https://www.dol.gov/agencies/eta/foreign-labor/performance
2019Q3,accenture,-4.97234353524305,contrast_devqa_vs_supnet,DOL OFLC LCA disclosure data; https://www.dol.gov/agencies/eta/foreign-labor/performance
2019Q3,capgemini,52.847532970704826,contrast_devqa_vs_supnet,DOL OFLC LCA disclosure data; https://www.dol.gov/agencies/eta/foreign-labor/performance
2019Q3,cognizant,77.34584527577226,contrast_devqa_vs_supnet,DOL OFLC LCA disclosure data; https://www.dol.gov/agencies/eta/foreign-labor/performance
2019Q3,hcltech,-1.2339745031356415,contrast_devqa_vs_supnet,DOL OFLC LCA disclosure data; https://www.dol.gov/agencies/eta/foreign-labor/performance
2019Q3,hexaware,-57.259736357457534,contrast_devqa_vs_supnet,DOL OFLC LCA disclosure data; https://www.dol.gov/agencies/eta/foreign-labor/performance
2019Q3,infosys,-64.62841705810965,contrast_devqa_vs_supnet,DOL OFLC LCA disclosure data; https://www.dol.gov/agencies/eta/foreign-labor/performance
2019Q3,ltim,192.6900175315808,contrast_devqa_vs_supnet,DOL OFLC LCA disclosure data; https://www.dol.gov/agencies/eta/foreign-labor/performance
2019Q3,mphasis,74.15591598400418,contrast_devqa_vs_supnet,DOL OFLC LCA disclosure data; https://www.dol.gov/agencies/eta/foreign-labor/performance
2019Q3,persistent,68.6080013336853,contrast_devqa_vs_supnet,DOL OFLC LCA disclosure data; https://www.dol.gov/agencies/eta/foreign-labor/performance
2019Q3,tcs,-59.75019542625462,contrast_devqa_vs_supnet,DOL OFLC LCA disclosure data; https://www.dol.gov/agencies/eta/foreign-labor/performance
2019Q3,techm,-6.219058690821541,contrast_devqa_vs_supnet,DOL OFLC LCA disclosure data; https://www.dol.gov/agencies/eta/foreign-labor/performance
2019Q3,wipro,111.92128989169325,contrast_devqa_vs_supnet,DOL OFLC LCA disclosure data; https://www.dol.gov/agencies/eta/foreign-labor/performance
2019Q3,pooled8,13.061014856989836,contrast_devqa_vs_supnet,DOL OFLC LCA disclosure data; https://www.dol.gov/agencies/eta/foreign-labor/performance
2019Q3,pooled_mid,81.24061778924,contrast_devqa_vs_supnet,DOL OFLC LCA disclosure data; https://www.dol.gov/agencies/eta/foreign-labor/performance
2019Q4,accenture,-8.305475814352816,contrast_devqa_vs_supnet,DOL OFLC LCA disclosure data; https://www.dol.gov/agencies/eta/foreign-labor/performance
2019Q4,capgemini,39.98968236835489,contrast_devqa_vs_supnet,DOL OFLC LCA disclosure data; https://www.dol.gov/agencies/eta/foreign-labor/performance
2019Q4,cognizant,136.44492310188582,contrast_devqa_vs_supnet,DOL OFLC LCA disclosure data; https://www.dol.gov/agencies/eta/foreign-labor/performance
2019Q4,hcltech,-17.41378173690913,contrast_devqa_vs_supnet,DOL OFLC LCA disclosure data; https://www.dol.gov/agencies/eta/foreign-labor/performance
2019Q4,hexaware,-56.63954749208015,contrast_devqa_vs_supnet,DOL OFLC LCA disclosure data; https://www.dol.gov/agencies/eta/foreign-labor/performance
2019Q4,infosys,-40.04367877205777,contrast_devqa_vs_supnet,DOL OFLC LCA disclosure data; https://www.dol.gov/agencies/eta/foreign-labor/performance
2019Q4,ltim,142.27087506454544,contrast_devqa_vs_supnet,DOL OFLC LCA disclosure data; https://www.dol.gov/agencies/eta/foreign-labor/performance
2019Q4,mphasis,26.989496852837078,contrast_devqa_vs_supnet,DOL OFLC LCA disclosure data; https://www.dol.gov/agencies/eta/foreign-labor/performance
2019Q4,persistent,80.54763655338651,contrast_devqa_vs_supnet,DOL OFLC LCA disclosure data; https://www.dol.gov/agencies/eta/foreign-labor/performance
2019Q4,tcs,-55.494695037581664,contrast_devqa_vs_supnet,DOL OFLC LCA disclosure data; https://www.dol.gov/agencies/eta/foreign-labor/performance
2019Q4,techm,-5.032053166492847,contrast_devqa_vs_supnet,DOL OFLC LCA disclosure data; https://www.dol.gov/agencies/eta/foreign-labor/performance
2019Q4,wipro,114.71190759690543,contrast_devqa_vs_supnet,DOL OFLC LCA disclosure data; https://www.dol.gov/agencies/eta/foreign-labor/performance
2019Q4,pooled8,15.805192656853215,contrast_devqa_vs_supnet,DOL OFLC LCA disclosure data; https://www.dol.gov/agencies/eta/foreign-labor/performance
2019Q4,pooled_mid,65.20850868408547,contrast_devqa_vs_supnet,DOL OFLC LCA disclosure data; https://www.dol.gov/agencies/eta/foreign-labor/performance
2020Q1,accenture,230.90812587540347,contrast_devqa_vs_supnet,DOL OFLC LCA disclosure data; https://www.dol.gov/agencies/eta/foreign-labor/performance
2020Q1,capgemini,-9.289839234050596,contrast_devqa_vs_supnet,DOL OFLC LCA disclosure data; https://www.dol.gov/agencies/eta/foreign-labor/performance
2020Q1,cognizant,117.55728884298952,contrast_devqa_vs_supnet,DOL OFLC LCA disclosure data; https://www.dol.gov/agencies/eta/foreign-labor/performance
2020Q1,hcltech,11.202260963353268,contrast_devqa_vs_supnet,DOL OFLC LCA disclosure data; https://www.dol.gov/agencies/eta/foreign-labor/performance
2020Q1,hexaware,99.32517730102835,contrast_devqa_vs_supnet,DOL OFLC LCA disclosure data; https://www.dol.gov/agencies/eta/foreign-labor/performance
2020Q1,infosys,193.07977221563002,contrast_devqa_vs_supnet,DOL OFLC LCA disclosure data; https://www.dol.gov/agencies/eta/foreign-labor/performance
2020Q1,ltim,5.074543255677199,contrast_devqa_vs_supnet,DOL OFLC LCA disclosure data; https://www.dol.gov/agencies/eta/foreign-labor/performance
2020Q1,mphasis,-35.67637989198019,contrast_devqa_vs_supnet,DOL OFLC LCA disclosure data; https://www.dol.gov/agencies/eta/foreign-labor/performance
2020Q1,tcs,83.46930637600556,contrast_devqa_vs_supnet,DOL OFLC LCA disclosure data; https://www.dol.gov/agencies/eta/foreign-labor/performance
2020Q1,techm,-3.746928854494975,contrast_devqa_vs_supnet,DOL OFLC LCA disclosure data; https://www.dol.gov/agencies/eta/foreign-labor/performance
2020Q1,wipro,58.32064868888561,contrast_devqa_vs_supnet,DOL OFLC LCA disclosure data; https://www.dol.gov/agencies/eta/foreign-labor/performance
2020Q1,pooled8,56.649622030241716,contrast_devqa_vs_supnet,DOL OFLC LCA disclosure data; https://www.dol.gov/agencies/eta/foreign-labor/performance
2020Q1,pooled_mid,12.068168682089436,contrast_devqa_vs_supnet,DOL OFLC LCA disclosure data; https://www.dol.gov/agencies/eta/foreign-labor/performance
2020Q2,accenture,35.450472422242285,contrast_devqa_vs_supnet,DOL OFLC LCA disclosure data; https://www.dol.gov/agencies/eta/foreign-labor/performance
2020Q2,capgemini,15.565020210076433,contrast_devqa_vs_supnet,DOL OFLC LCA disclosure data; https://www.dol.gov/agencies/eta/foreign-labor/performance
2020Q2,cognizant,114.66182993010167,contrast_devqa_vs_supnet,DOL OFLC LCA disclosure data; https://www.dol.gov/agencies/eta/foreign-labor/performance
2020Q2,hcltech,24.1091410228062,contrast_devqa_vs_supnet,DOL OFLC LCA disclosure data; https://www.dol.gov/agencies/eta/foreign-labor/performance
2020Q2,hexaware,138.46930797529168,contrast_devqa_vs_supnet,DOL OFLC LCA disclosure data; https://www.dol.gov/agencies/eta/foreign-labor/performance
2020Q2,infosys,167.13352209175704,contrast_devqa_vs_supnet,DOL OFLC LCA disclosure data; https://www.dol.gov/agencies/eta/foreign-labor/performance
2020Q2,ltim,-12.702589169281662,contrast_devqa_vs_supnet,DOL OFLC LCA disclosure data; https://www.dol.gov/agencies/eta/foreign-labor/performance
2020Q2,mphasis,-64.16627120440445,contrast_devqa_vs_supnet,DOL OFLC LCA disclosure data; https://www.dol.gov/agencies/eta/foreign-labor/performance
2020Q2,persistent,-54.690168023980036,contrast_devqa_vs_supnet,DOL OFLC LCA disclosure data; https://www.dol.gov/agencies/eta/foreign-labor/performance
2020Q2,tcs,45.872358745577074,contrast_devqa_vs_supnet,DOL OFLC LCA disclosure data; https://www.dol.gov/agencies/eta/foreign-labor/performance
2020Q2,techm,-4.193285162798684,contrast_devqa_vs_supnet,DOL OFLC LCA disclosure data; https://www.dol.gov/agencies/eta/foreign-labor/performance
2020Q2,wipro,21.268018375402903,contrast_devqa_vs_supnet,DOL OFLC LCA disclosure data; https://www.dol.gov/agencies/eta/foreign-labor/performance
2020Q2,pooled8,25.428489706717002,contrast_devqa_vs_supnet,DOL OFLC LCA disclosure data; https://www.dol.gov/agencies/eta/foreign-labor/performance
2020Q2,pooled_mid,4.210307091339175,contrast_devqa_vs_supnet,DOL OFLC LCA disclosure data; https://www.dol.gov/agencies/eta/foreign-labor/performance
2020Q3,accenture,38.62374788676064,contrast_devqa_vs_supnet,DOL OFLC LCA disclosure data; https://www.dol.gov/agencies/eta/foreign-labor/performance
2020Q3,capgemini,-13.7244518640602,contrast_devqa_vs_supnet,DOL OFLC LCA disclosure data; https://www.dol.gov/agencies/eta/foreign-labor/performance
2020Q3,cognizant,133.75916057176136,contrast_devqa_vs_supnet,DOL OFLC LCA disclosure data; https://www.dol.gov/agencies/eta/foreign-labor/performance
2020Q3,hcltech,27.84946687052677,contrast_devqa_vs_supnet,DOL OFLC LCA disclosure data; https://www.dol.gov/agencies/eta/foreign-labor/performance
2020Q3,hexaware,91.4765178565318,contrast_devqa_vs_supnet,DOL OFLC LCA disclosure data; https://www.dol.gov/agencies/eta/foreign-labor/performance
2020Q3,infosys,169.6261924992157,contrast_devqa_vs_supnet,DOL OFLC LCA disclosure data; https://www.dol.gov/agencies/eta/foreign-labor/performance
2020Q3,ltim,8.513321565662892,contrast_devqa_vs_supnet,DOL OFLC LCA disclosure data; https://www.dol.gov/agencies/eta/foreign-labor/performance
2020Q3,mphasis,21.136977188692654,contrast_devqa_vs_supnet,DOL OFLC LCA disclosure data; https://www.dol.gov/agencies/eta/foreign-labor/performance
2020Q3,persistent,-85.44153281560676,contrast_devqa_vs_supnet,DOL OFLC LCA disclosure data; https://www.dol.gov/agencies/eta/foreign-labor/performance
2020Q3,tcs,58.49745105666505,contrast_devqa_vs_supnet,DOL OFLC LCA disclosure data; https://www.dol.gov/agencies/eta/foreign-labor/performance
2020Q3,techm,-15.619880892770075,contrast_devqa_vs_supnet,DOL OFLC LCA disclosure data; https://www.dol.gov/agencies/eta/foreign-labor/performance
2020Q3,wipro,23.37712948356785,contrast_devqa_vs_supnet,DOL OFLC LCA disclosure data; https://www.dol.gov/agencies/eta/foreign-labor/performance
2020Q3,pooled8,19.308764092127415,contrast_devqa_vs_supnet,DOL OFLC LCA disclosure data; https://www.dol.gov/agencies/eta/foreign-labor/performance
2020Q3,pooled_mid,15.764413316181837,contrast_devqa_vs_supnet,DOL OFLC LCA disclosure data; https://www.dol.gov/agencies/eta/foreign-labor/performance
2020Q4,accenture,20.455231120432728,contrast_devqa_vs_supnet,DOL OFLC LCA disclosure data; https://www.dol.gov/agencies/eta/foreign-labor/performance
2020Q4,capgemini,-29.30077124694632,contrast_devqa_vs_supnet,DOL OFLC LCA disclosure data; https://www.dol.gov/agencies/eta/foreign-labor/performance
2020Q4,cognizant,118.4756652587659,contrast_devqa_vs_supnet,DOL OFLC LCA disclosure data; https://www.dol.gov/agencies/eta/foreign-labor/performance
2020Q4,hcltech,58.379835652700514,contrast_devqa_vs_supnet,DOL OFLC LCA disclosure data; https://www.dol.gov/agencies/eta/foreign-labor/performance
2020Q4,hexaware,38.57616822405666,contrast_devqa_vs_supnet,DOL OFLC LCA disclosure data; https://www.dol.gov/agencies/eta/foreign-labor/performance
2020Q4,infosys,127.74175953011306,contrast_devqa_vs_supnet,DOL OFLC LCA disclosure data; https://www.dol.gov/agencies/eta/foreign-labor/performance
2020Q4,ltim,31.21122638311487,contrast_devqa_vs_supnet,DOL OFLC LCA disclosure data; https://www.dol.gov/agencies/eta/foreign-labor/performance
2020Q4,mphasis,115.76543812731188,contrast_devqa_vs_supnet,DOL OFLC LCA disclosure data; https://www.dol.gov/agencies/eta/foreign-labor/performance
2020Q4,persistent,-114.33481825095012,contrast_devqa_vs_supnet,DOL OFLC LCA disclosure data; https://www.dol.gov/agencies/eta/foreign-labor/performance
2020Q4,tcs,52.39467456834383,contrast_devqa_vs_supnet,DOL OFLC LCA disclosure data; https://www.dol.gov/agencies/eta/foreign-labor/performance
2020Q4,techm,8.7112678113265,contrast_devqa_vs_supnet,DOL OFLC LCA disclosure data; https://www.dol.gov/agencies/eta/foreign-labor/performance
2020Q4,wipro,21.425073231448827,contrast_devqa_vs_supnet,DOL OFLC LCA disclosure data; https://www.dol.gov/agencies/eta/foreign-labor/performance
2020Q4,pooled8,20.55279952903278,contrast_devqa_vs_supnet,DOL OFLC LCA disclosure data; https://www.dol.gov/agencies/eta/foreign-labor/performance
2020Q4,pooled_mid,30.454560145554225,contrast_devqa_vs_supnet,DOL OFLC LCA disclosure data; https://www.dol.gov/agencies/eta/foreign-labor/performance
2021Q1,accenture,-159.6615219151288,contrast_devqa_vs_supnet,DOL OFLC LCA disclosure data; https://www.dol.gov/agencies/eta/foreign-labor/performance
2021Q1,capgemini,66.29581394370118,contrast_devqa_vs_supnet,DOL OFLC LCA disclosure data; https://www.dol.gov/agencies/eta/foreign-labor/performance
2021Q1,cognizant,87.4864365147229,contrast_devqa_vs_supnet,DOL OFLC LCA disclosure data; https://www.dol.gov/agencies/eta/foreign-labor/performance
2021Q1,hcltech,31.0211743922134,contrast_devqa_vs_supnet,DOL OFLC LCA disclosure data; https://www.dol.gov/agencies/eta/foreign-labor/performance
2021Q1,hexaware,-51.749549127509795,contrast_devqa_vs_supnet,DOL OFLC LCA disclosure data; https://www.dol.gov/agencies/eta/foreign-labor/performance
2021Q1,infosys,-81.73172547248132,contrast_devqa_vs_supnet,DOL OFLC LCA disclosure data; https://www.dol.gov/agencies/eta/foreign-labor/performance
2021Q1,ltim,9.967346631982423,contrast_devqa_vs_supnet,DOL OFLC LCA disclosure data; https://www.dol.gov/agencies/eta/foreign-labor/performance
2021Q1,mphasis,219.64798370299675,contrast_devqa_vs_supnet,DOL OFLC LCA disclosure data; https://www.dol.gov/agencies/eta/foreign-labor/performance
2021Q1,tcs,-22.267616170551193,contrast_devqa_vs_supnet,DOL OFLC LCA disclosure data; https://www.dol.gov/agencies/eta/foreign-labor/performance
2021Q1,techm,9.259930412350569,contrast_devqa_vs_supnet,DOL OFLC LCA disclosure data; https://www.dol.gov/agencies/eta/foreign-labor/performance
2021Q1,wipro,-19.537571185817256,contrast_devqa_vs_supnet,DOL OFLC LCA disclosure data; https://www.dol.gov/agencies/eta/foreign-labor/performance
2021Q1,pooled8,-31.218117264721393,contrast_devqa_vs_supnet,DOL OFLC LCA disclosure data; https://www.dol.gov/agencies/eta/foreign-labor/performance
2021Q1,pooled_mid,80.35511420991116,contrast_devqa_vs_supnet,DOL OFLC LCA disclosure data; https://www.dol.gov/agencies/eta/foreign-labor/performance
2021Q2,accenture,164.78121503698438,contrast_devqa_vs_supnet,DOL OFLC LCA disclosure data; https://www.dol.gov/agencies/eta/foreign-labor/performance
2021Q2,capgemini,28.071172816255,contrast_devqa_vs_supnet,DOL OFLC LCA disclosure data; https://www.dol.gov/agencies/eta/foreign-labor/performance
2021Q2,cognizant,-24.923661300596535,contrast_devqa_vs_supnet,DOL OFLC LCA disclosure data; https://www.dol.gov/agencies/eta/foreign-labor/performance
2021Q2,hcltech,22.190727278096468,contrast_devqa_vs_supnet,DOL OFLC LCA disclosure data; https://www.dol.gov/agencies/eta/foreign-labor/performance
2021Q2,hexaware,-72.79332966453609,contrast_devqa_vs_supnet,DOL OFLC LCA disclosure data; https://www.dol.gov/agencies/eta/foreign-labor/performance
2021Q2,infosys,-126.66447556399213,contrast_devqa_vs_supnet,DOL OFLC LCA disclosure data; https://www.dol.gov/agencies/eta/foreign-labor/performance
2021Q2,ltim,-40.81594915251092,contrast_devqa_vs_supnet,DOL OFLC LCA disclosure data; https://www.dol.gov/agencies/eta/foreign-labor/performance
2021Q2,mphasis,199.95790496403094,contrast_devqa_vs_supnet,DOL OFLC LCA disclosure data; https://www.dol.gov/agencies/eta/foreign-labor/performance
2021Q2,persistent,-32.699349266666914,contrast_devqa_vs_supnet,DOL OFLC LCA disclosure data; https://www.dol.gov/agencies/eta/foreign-labor/performance
2021Q2,tcs,14.621049842219367,contrast_devqa_vs_supnet,DOL OFLC LCA disclosure data; https://www.dol.gov/agencies/eta/foreign-labor/performance
2021Q2,techm,20.537682406705322,contrast_devqa_vs_supnet,DOL OFLC LCA disclosure data; https://www.dol.gov/agencies/eta/foreign-labor/performance
2021Q2,wipro,-18.236883442433353,contrast_devqa_vs_supnet,DOL OFLC LCA disclosure data; https://www.dol.gov/agencies/eta/foreign-labor/performance
2021Q2,pooled8,-34.968282310943124,contrast_devqa_vs_supnet,DOL OFLC LCA disclosure data; https://www.dol.gov/agencies/eta/foreign-labor/performance
2021Q2,pooled_mid,58.143206184514014,contrast_devqa_vs_supnet,DOL OFLC LCA disclosure data; https://www.dol.gov/agencies/eta/foreign-labor/performance
2021Q3,accenture,131.4302922183491,contrast_devqa_vs_supnet,DOL OFLC LCA disclosure data; https://www.dol.gov/agencies/eta/foreign-labor/performance
2021Q3,capgemini,77.62849556232177,contrast_devqa_vs_supnet,DOL OFLC LCA disclosure data; https://www.dol.gov/agencies/eta/foreign-labor/performance
2021Q3,cognizant,-43.23507100300435,contrast_devqa_vs_supnet,DOL OFLC LCA disclosure data; https://www.dol.gov/agencies/eta/foreign-labor/performance
2021Q3,hcltech,156.30083712597366,contrast_devqa_vs_supnet,DOL OFLC LCA disclosure data; https://www.dol.gov/agencies/eta/foreign-labor/performance
2021Q3,hexaware,-134.58999389116804,contrast_devqa_vs_supnet,DOL OFLC LCA disclosure data; https://www.dol.gov/agencies/eta/foreign-labor/performance
2021Q3,infosys,-142.1832262256711,contrast_devqa_vs_supnet,DOL OFLC LCA disclosure data; https://www.dol.gov/agencies/eta/foreign-labor/performance
2021Q3,ltim,-80.23697714147463,contrast_devqa_vs_supnet,DOL OFLC LCA disclosure data; https://www.dol.gov/agencies/eta/foreign-labor/performance
2021Q3,mphasis,80.35202081655984,contrast_devqa_vs_supnet,DOL OFLC LCA disclosure data; https://www.dol.gov/agencies/eta/foreign-labor/performance
2021Q3,persistent,0.0,contrast_devqa_vs_supnet,DOL OFLC LCA disclosure data; https://www.dol.gov/agencies/eta/foreign-labor/performance
2021Q3,tcs,-1.1294498018673256,contrast_devqa_vs_supnet,DOL OFLC LCA disclosure data; https://www.dol.gov/agencies/eta/foreign-labor/performance
2021Q3,techm,20.192143699205992,contrast_devqa_vs_supnet,DOL OFLC LCA disclosure data; https://www.dol.gov/agencies/eta/foreign-labor/performance
2021Q3,wipro,-32.60662120961709,contrast_devqa_vs_supnet,DOL OFLC LCA disclosure data; https://www.dol.gov/agencies/eta/foreign-labor/performance
2021Q3,pooled8,-34.38460651588751,contrast_devqa_vs_supnet,DOL OFLC LCA disclosure data; https://www.dol.gov/agencies/eta/foreign-labor/performance
2021Q3,pooled_mid,44.1668156772125,contrast_devqa_vs_supnet,DOL OFLC LCA disclosure data; https://www.dol.gov/agencies/eta/foreign-labor/performance
2021Q4,accenture,128.42576134411587,contrast_devqa_vs_supnet,DOL OFLC LCA disclosure data; https://www.dol.gov/agencies/eta/foreign-labor/performance
2021Q4,capgemini,88.4656075149789,contrast_devqa_vs_supnet,DOL OFLC LCA disclosure data; https://www.dol.gov/agencies/eta/foreign-labor/performance
2021Q4,cognizant,-81.91994864553178,contrast_devqa_vs_supnet,DOL OFLC LCA disclosure data; https://www.dol.gov/agencies/eta/foreign-labor/performance
2021Q4,hcltech,158.97838665731814,contrast_devqa_vs_supnet,DOL OFLC LCA disclosure data; https://www.dol.gov/agencies/eta/foreign-labor/performance
2021Q4,hexaware,-118.66973677318998,contrast_devqa_vs_supnet,DOL OFLC LCA disclosure data; https://www.dol.gov/agencies/eta/foreign-labor/performance
2021Q4,infosys,-163.49466890797143,contrast_devqa_vs_supnet,DOL OFLC LCA disclosure data; https://www.dol.gov/agencies/eta/foreign-labor/performance
2021Q4,ltim,-93.7360987291275,contrast_devqa_vs_supnet,DOL OFLC LCA disclosure data; https://www.dol.gov/agencies/eta/foreign-labor/performance
2021Q4,mphasis,4.631338271753396,contrast_devqa_vs_supnet,DOL OFLC LCA disclosure data; https://www.dol.gov/agencies/eta/foreign-labor/performance
2021Q4,persistent,9.352605801082355,contrast_devqa_vs_supnet,DOL OFLC LCA disclosure data; https://www.dol.gov/agencies/eta/foreign-labor/performance
2021Q4,tcs,12.697125169626824,contrast_devqa_vs_supnet,DOL OFLC LCA disclosure data; https://www.dol.gov/agencies/eta/foreign-labor/performance
2021Q4,techm,-9.401080306670051,contrast_devqa_vs_supnet,DOL OFLC LCA disclosure data; https://www.dol.gov/agencies/eta/foreign-labor/performance
2021Q4,wipro,-34.227292769617634,contrast_devqa_vs_supnet,DOL OFLC LCA disclosure data; https://www.dol.gov/agencies/eta/foreign-labor/performance
2021Q4,pooled8,-46.942482531607496,contrast_devqa_vs_supnet,DOL OFLC LCA disclosure data; https://www.dol.gov/agencies/eta/foreign-labor/performance
2021Q4,pooled_mid,28.083743836404672,contrast_devqa_vs_supnet,DOL OFLC LCA disclosure data; https://www.dol.gov/agencies/eta/foreign-labor/performance
2022Q1,accenture,110.95323518548096,contrast_devqa_vs_supnet,DOL OFLC LCA disclosure data; https://www.dol.gov/agencies/eta/foreign-labor/performance
2022Q1,capgemini,11.38586270258177,contrast_devqa_vs_supnet,DOL OFLC LCA disclosure data; https://www.dol.gov/agencies/eta/foreign-labor/performance
2022Q1,cognizant,-97.34208555628376,contrast_devqa_vs_supnet,DOL OFLC LCA disclosure data; https://www.dol.gov/agencies/eta/foreign-labor/performance
2022Q1,hcltech,148.33549356805688,contrast_devqa_vs_supnet,DOL OFLC LCA disclosure data; https://www.dol.gov/agencies/eta/foreign-labor/performance
2022Q1,hexaware,-118.53009048083109,contrast_devqa_vs_supnet,DOL OFLC LCA disclosure data; https://www.dol.gov/agencies/eta/foreign-labor/performance
2022Q1,infosys,-113.84898265127438,contrast_devqa_vs_supnet,DOL OFLC LCA disclosure data; https://www.dol.gov/agencies/eta/foreign-labor/performance
2022Q1,ltim,-107.73221847676221,contrast_devqa_vs_supnet,DOL OFLC LCA disclosure data; https://www.dol.gov/agencies/eta/foreign-labor/performance
2022Q1,mphasis,-164.1901843124502,contrast_devqa_vs_supnet,DOL OFLC LCA disclosure data; https://www.dol.gov/agencies/eta/foreign-labor/performance
2022Q1,persistent,34.96737484797489,contrast_devqa_vs_supnet,DOL OFLC LCA disclosure data; https://www.dol.gov/agencies/eta/foreign-labor/performance
2022Q1,tcs,-37.998475001135645,contrast_devqa_vs_supnet,DOL OFLC LCA disclosure data; https://www.dol.gov/agencies/eta/foreign-labor/performance
2022Q1,techm,9.47037543919032,contrast_devqa_vs_supnet,DOL OFLC LCA disclosure data; https://www.dol.gov/agencies/eta/foreign-labor/performance
2022Q1,wipro,-32.01818508710478,contrast_devqa_vs_supnet,DOL OFLC LCA disclosure data; https://www.dol.gov/agencies/eta/foreign-labor/performance
2022Q1,pooled8,-46.72520630406372,contrast_devqa_vs_supnet,DOL OFLC LCA disclosure data; https://www.dol.gov/agencies/eta/foreign-labor/performance
2022Q1,pooled_mid,-60.65282074622145,contrast_devqa_vs_supnet,DOL OFLC LCA disclosure data; https://www.dol.gov/agencies/eta/foreign-labor/performance
2022Q2,accenture,4.2881727483265735,contrast_devqa_vs_supnet,DOL OFLC LCA disclosure data; https://www.dol.gov/agencies/eta/foreign-labor/performance
2022Q2,capgemini,1.4368063266920252,contrast_devqa_vs_supnet,DOL OFLC LCA disclosure data; https://www.dol.gov/agencies/eta/foreign-labor/performance
2022Q2,cognizant,14.738521924328456,contrast_devqa_vs_supnet,DOL OFLC LCA disclosure data; https://www.dol.gov/agencies/eta/foreign-labor/performance
2022Q2,hcltech,144.8696435831114,contrast_devqa_vs_supnet,DOL OFLC LCA disclosure data; https://www.dol.gov/agencies/eta/foreign-labor/performance
2022Q2,hexaware,-63.30432564902399,contrast_devqa_vs_supnet,DOL OFLC LCA disclosure data; https://www.dol.gov/agencies/eta/foreign-labor/performance
2022Q2,infosys,-2.947269438214761,contrast_devqa_vs_supnet,DOL OFLC LCA disclosure data; https://www.dol.gov/agencies/eta/foreign-labor/performance
2022Q2,ltim,-70.64146966478621,contrast_devqa_vs_supnet,DOL OFLC LCA disclosure data; https://www.dol.gov/agencies/eta/foreign-labor/performance
2022Q2,mphasis,-200.51700292048835,contrast_devqa_vs_supnet,DOL OFLC LCA disclosure data; https://www.dol.gov/agencies/eta/foreign-labor/performance
2022Q2,persistent,-171.1509443216469,contrast_devqa_vs_supnet,DOL OFLC LCA disclosure data; https://www.dol.gov/agencies/eta/foreign-labor/performance
2022Q2,tcs,-18.756061974826714,contrast_devqa_vs_supnet,DOL OFLC LCA disclosure data; https://www.dol.gov/agencies/eta/foreign-labor/performance
2022Q2,techm,8.54657711686474,contrast_devqa_vs_supnet,DOL OFLC LCA disclosure data; https://www.dol.gov/agencies/eta/foreign-labor/performance
2022Q2,wipro,-2.9829531452957987,contrast_devqa_vs_supnet,DOL OFLC LCA disclosure data; https://www.dol.gov/agencies/eta/foreign-labor/performance
2022Q2,pooled8,-20.035939668599006,contrast_devqa_vs_supnet,DOL OFLC LCA disclosure data; https://www.dol.gov/agencies/eta/foreign-labor/performance
2022Q2,pooled_mid,-81.49149767976593,contrast_devqa_vs_supnet,DOL OFLC LCA disclosure data; https://www.dol.gov/agencies/eta/foreign-labor/performance
2022Q3,accenture,11.686770378469522,contrast_devqa_vs_supnet,DOL OFLC LCA disclosure data; https://www.dol.gov/agencies/eta/foreign-labor/performance
2022Q3,capgemini,-53.217303979598576,contrast_devqa_vs_supnet,DOL OFLC LCA disclosure data; https://www.dol.gov/agencies/eta/foreign-labor/performance
2022Q3,cognizant,18.322694390876713,contrast_devqa_vs_supnet,DOL OFLC LCA disclosure data; https://www.dol.gov/agencies/eta/foreign-labor/performance
2022Q3,hcltech,-129.5888974834901,contrast_devqa_vs_supnet,DOL OFLC LCA disclosure data; https://www.dol.gov/agencies/eta/foreign-labor/performance
2022Q3,hexaware,-33.47142519903149,contrast_devqa_vs_supnet,DOL OFLC LCA disclosure data; https://www.dol.gov/agencies/eta/foreign-labor/performance
2022Q3,infosys,31.578979887877374,contrast_devqa_vs_supnet,DOL OFLC LCA disclosure data; https://www.dol.gov/agencies/eta/foreign-labor/performance
2022Q3,ltim,-41.743203135723306,contrast_devqa_vs_supnet,DOL OFLC LCA disclosure data; https://www.dol.gov/agencies/eta/foreign-labor/performance
2022Q3,mphasis,-77.48448907851841,contrast_devqa_vs_supnet,DOL OFLC LCA disclosure data; https://www.dol.gov/agencies/eta/foreign-labor/performance
2022Q3,persistent,-216.44347545132285,contrast_devqa_vs_supnet,DOL OFLC LCA disclosure data; https://www.dol.gov/agencies/eta/foreign-labor/performance
2022Q3,tcs,5.048762054929865,contrast_devqa_vs_supnet,DOL OFLC LCA disclosure data; https://www.dol.gov/agencies/eta/foreign-labor/performance
2022Q3,techm,15.303820772489146,contrast_devqa_vs_supnet,DOL OFLC LCA disclosure data; https://www.dol.gov/agencies/eta/foreign-labor/performance
2022Q3,wipro,4.848700506015973,contrast_devqa_vs_supnet,DOL OFLC LCA disclosure data; https://www.dol.gov/agencies/eta/foreign-labor/performance
2022Q3,pooled8,-38.703972362892486,contrast_devqa_vs_supnet,DOL OFLC LCA disclosure data; https://www.dol.gov/agencies/eta/foreign-labor/performance
2022Q3,pooled_mid,-72.68571797017586,contrast_devqa_vs_supnet,DOL OFLC LCA disclosure data; https://www.dol.gov/agencies/eta/foreign-labor/performance
2022Q4,accenture,-137.09021929355708,contrast_devqa_vs_supnet,DOL OFLC LCA disclosure data; https://www.dol.gov/agencies/eta/foreign-labor/performance
2022Q4,capgemini,-60.680854442959415,contrast_devqa_vs_supnet,DOL OFLC LCA disclosure data; https://www.dol.gov/agencies/eta/foreign-labor/performance
2022Q4,cognizant,35.704676483597005,contrast_devqa_vs_supnet,DOL OFLC LCA disclosure data; https://www.dol.gov/agencies/eta/foreign-labor/performance
2022Q4,hcltech,-144.16687922568235,contrast_devqa_vs_supnet,DOL OFLC LCA disclosure data; https://www.dol.gov/agencies/eta/foreign-labor/performance
2022Q4,hexaware,63.04485863443814,contrast_devqa_vs_supnet,DOL OFLC LCA disclosure data; https://www.dol.gov/agencies/eta/foreign-labor/performance
2022Q4,infosys,86.12936713203602,contrast_devqa_vs_supnet,DOL OFLC LCA disclosure data; https://www.dol.gov/agencies/eta/foreign-labor/performance
2022Q4,ltim,-47.97494315541164,contrast_devqa_vs_supnet,DOL OFLC LCA disclosure data; https://www.dol.gov/agencies/eta/foreign-labor/performance
2022Q4,mphasis,-57.476404355696765,contrast_devqa_vs_supnet,DOL OFLC LCA disclosure data; https://www.dol.gov/agencies/eta/foreign-labor/performance
2022Q4,persistent,-190.50881545350583,contrast_devqa_vs_supnet,DOL OFLC LCA disclosure data; https://www.dol.gov/agencies/eta/foreign-labor/performance
2022Q4,tcs,-9.622988924099257,contrast_devqa_vs_supnet,DOL OFLC LCA disclosure data; https://www.dol.gov/agencies/eta/foreign-labor/performance
2022Q4,techm,12.334095896978198,contrast_devqa_vs_supnet,DOL OFLC LCA disclosure data; https://www.dol.gov/agencies/eta/foreign-labor/performance
2022Q4,wipro,9.026819985700541,contrast_devqa_vs_supnet,DOL OFLC LCA disclosure data; https://www.dol.gov/agencies/eta/foreign-labor/performance
2022Q4,pooled8,-18.549310863276247,contrast_devqa_vs_supnet,DOL OFLC LCA disclosure data; https://www.dol.gov/agencies/eta/foreign-labor/performance
2022Q4,pooled_mid,-58.30792008810158,contrast_devqa_vs_supnet,DOL OFLC LCA disclosure data; https://www.dol.gov/agencies/eta/foreign-labor/performance
2023Q1,accenture,-151.7061852760945,contrast_devqa_vs_supnet,DOL OFLC LCA disclosure data; https://www.dol.gov/agencies/eta/foreign-labor/performance
2023Q1,capgemini,-36.911858187888235,contrast_devqa_vs_supnet,DOL OFLC LCA disclosure data; https://www.dol.gov/agencies/eta/foreign-labor/performance
2023Q1,coforge,207.94415416798358,contrast_devqa_vs_supnet,DOL OFLC LCA disclosure data; https://www.dol.gov/agencies/eta/foreign-labor/performance
2023Q1,cognizant,45.40538962071056,contrast_devqa_vs_supnet,DOL OFLC LCA disclosure data; https://www.dol.gov/agencies/eta/foreign-labor/performance
2023Q1,hcltech,-136.38708963524107,contrast_devqa_vs_supnet,DOL OFLC LCA disclosure data; https://www.dol.gov/agencies/eta/foreign-labor/performance
2023Q1,hexaware,40.32284710764519,contrast_devqa_vs_supnet,DOL OFLC LCA disclosure data; https://www.dol.gov/agencies/eta/foreign-labor/performance
2023Q1,infosys,105.48031472196303,contrast_devqa_vs_supnet,DOL OFLC LCA disclosure data; https://www.dol.gov/agencies/eta/foreign-labor/performance
2023Q1,ltim,-26.076925509432225,contrast_devqa_vs_supnet,DOL OFLC LCA disclosure data; https://www.dol.gov/agencies/eta/foreign-labor/performance
2023Q1,mphasis,-34.83066942682157,contrast_devqa_vs_supnet,DOL OFLC LCA disclosure data; https://www.dol.gov/agencies/eta/foreign-labor/performance
2023Q1,persistent,-177.54989483562747,contrast_devqa_vs_supnet,DOL OFLC LCA disclosure data; https://www.dol.gov/agencies/eta/foreign-labor/performance
2023Q1,tcs,15.515161921593805,contrast_devqa_vs_supnet,DOL OFLC LCA disclosure data; https://www.dol.gov/agencies/eta/foreign-labor/performance
2023Q1,techm,4.633866456895831,contrast_devqa_vs_supnet,DOL OFLC LCA disclosure data; https://www.dol.gov/agencies/eta/foreign-labor/performance
2023Q1,wipro,19.76857984723729,contrast_devqa_vs_supnet,DOL OFLC LCA disclosure data; https://www.dol.gov/agencies/eta/foreign-labor/performance
2023Q1,pooled8,1.5322470008483222,contrast_devqa_vs_supnet,DOL OFLC LCA disclosure data; https://www.dol.gov/agencies/eta/foreign-labor/performance
2023Q1,pooled_mid,-37.63335735763957,contrast_devqa_vs_supnet,DOL OFLC LCA disclosure data; https://www.dol.gov/agencies/eta/foreign-labor/performance
2023Q2,accenture,-190.95425048844385,contrast_devqa_vs_supnet,DOL OFLC LCA disclosure data; https://www.dol.gov/agencies/eta/foreign-labor/performance
2023Q2,capgemini,-2.9346141675532493,contrast_devqa_vs_supnet,DOL OFLC LCA disclosure data; https://www.dol.gov/agencies/eta/foreign-labor/performance
2023Q2,coforge,187.18021769015914,contrast_devqa_vs_supnet,DOL OFLC LCA disclosure data; https://www.dol.gov/agencies/eta/foreign-labor/performance
2023Q2,cognizant,-37.630230175764275,contrast_devqa_vs_supnet,DOL OFLC LCA disclosure data; https://www.dol.gov/agencies/eta/foreign-labor/performance
2023Q2,hcltech,-124.12396827660925,contrast_devqa_vs_supnet,DOL OFLC LCA disclosure data; https://www.dol.gov/agencies/eta/foreign-labor/performance
2023Q2,hexaware,-13.710921397240664,contrast_devqa_vs_supnet,DOL OFLC LCA disclosure data; https://www.dol.gov/agencies/eta/foreign-labor/performance
2023Q2,infosys,122.47607896337796,contrast_devqa_vs_supnet,DOL OFLC LCA disclosure data; https://www.dol.gov/agencies/eta/foreign-labor/performance
2023Q2,ltim,-28.365866941976453,contrast_devqa_vs_supnet,DOL OFLC LCA disclosure data; https://www.dol.gov/agencies/eta/foreign-labor/performance
2023Q2,mphasis,30.538164955118184,contrast_devqa_vs_supnet,DOL OFLC LCA disclosure data; https://www.dol.gov/agencies/eta/foreign-labor/performance
2023Q2,persistent,164.3190199238992,contrast_devqa_vs_supnet,DOL OFLC LCA disclosure data; https://www.dol.gov/agencies/eta/foreign-labor/performance
2023Q2,tcs,-13.73057981500046,contrast_devqa_vs_supnet,DOL OFLC LCA disclosure data; https://www.dol.gov/agencies/eta/foreign-labor/performance
2023Q2,techm,-12.866061545613707,contrast_devqa_vs_supnet,DOL OFLC LCA disclosure data; https://www.dol.gov/agencies/eta/foreign-labor/performance
2023Q2,wipro,10.102212545941502,contrast_devqa_vs_supnet,DOL OFLC LCA disclosure data; https://www.dol.gov/agencies/eta/foreign-labor/performance
2023Q2,pooled8,32.4133830867457,contrast_devqa_vs_supnet,DOL OFLC LCA disclosure data; https://www.dol.gov/agencies/eta/foreign-labor/performance
2023Q2,pooled_mid,17.45232193367656,contrast_devqa_vs_supnet,DOL OFLC LCA disclosure data; https://www.dol.gov/agencies/eta/foreign-labor/performance
2023Q3,accenture,-173.59586445186892,contrast_devqa_vs_supnet,DOL OFLC LCA disclosure data; https://www.dol.gov/agencies/eta/foreign-labor/performance
2023Q3,capgemini,34.390979432217925,contrast_devqa_vs_supnet,DOL OFLC LCA disclosure data; https://www.dol.gov/agencies/eta/foreign-labor/performance
2023Q3,cognizant,0.1397624266637969,contrast_devqa_vs_supnet,DOL OFLC LCA disclosure data; https://www.dol.gov/agencies/eta/foreign-labor/performance
2023Q3,hcltech,6.777543517460192,contrast_devqa_vs_supnet,DOL OFLC LCA disclosure data; https://www.dol.gov/agencies/eta/foreign-labor/performance
2023Q3,hexaware,21.325879208166786,contrast_devqa_vs_supnet,DOL OFLC LCA disclosure data; https://www.dol.gov/agencies/eta/foreign-labor/performance
2023Q3,infosys,102.34121855137735,contrast_devqa_vs_supnet,DOL OFLC LCA disclosure data; https://www.dol.gov/agencies/eta/foreign-labor/performance
2023Q3,ltim,-44.72790829007543,contrast_devqa_vs_supnet,DOL OFLC LCA disclosure data; https://www.dol.gov/agencies/eta/foreign-labor/performance
2023Q3,mphasis,-32.836890443888436,contrast_devqa_vs_supnet,DOL OFLC LCA disclosure data; https://www.dol.gov/agencies/eta/foreign-labor/performance
2023Q3,persistent,280.62886406856234,contrast_devqa_vs_supnet,DOL OFLC LCA disclosure data; https://www.dol.gov/agencies/eta/foreign-labor/performance
2023Q3,tcs,-35.0796784102989,contrast_devqa_vs_supnet,DOL OFLC LCA disclosure data; https://www.dol.gov/agencies/eta/foreign-labor/performance
2023Q3,techm,-22.122843192990956,contrast_devqa_vs_supnet,DOL OFLC LCA disclosure data; https://www.dol.gov/agencies/eta/foreign-labor/performance
2023Q3,wipro,2.5032848358811997,contrast_devqa_vs_supnet,DOL OFLC LCA disclosure data; https://www.dol.gov/agencies/eta/foreign-labor/performance
2023Q3,pooled8,44.72518295688642,contrast_devqa_vs_supnet,DOL OFLC LCA disclosure data; https://www.dol.gov/agencies/eta/foreign-labor/performance
2023Q3,pooled_mid,25.042681287943868,contrast_devqa_vs_supnet,DOL OFLC LCA disclosure data; https://www.dol.gov/agencies/eta/foreign-labor/performance
2023Q4,accenture,57.14443778814787,contrast_devqa_vs_supnet,DOL OFLC LCA disclosure data; https://www.dol.gov/agencies/eta/foreign-labor/performance
2023Q4,capgemini,20.382838455607526,contrast_devqa_vs_supnet,DOL OFLC LCA disclosure data; https://www.dol.gov/agencies/eta/foreign-labor/performance
2023Q4,cognizant,18.459376257650227,contrast_devqa_vs_supnet,DOL OFLC LCA disclosure data; https://www.dol.gov/agencies/eta/foreign-labor/performance
2023Q4,hcltech,9.443683678958447,contrast_devqa_vs_supnet,DOL OFLC LCA disclosure data; https://www.dol.gov/agencies/eta/foreign-labor/performance
2023Q4,hexaware,-37.042449952183475,contrast_devqa_vs_supnet,DOL OFLC LCA disclosure data; https://www.dol.gov/agencies/eta/foreign-labor/performance
2023Q4,infosys,66.04118506052667,contrast_devqa_vs_supnet,DOL OFLC LCA disclosure data; https://www.dol.gov/agencies/eta/foreign-labor/performance
2023Q4,ltim,-36.517713287013514,contrast_devqa_vs_supnet,DOL OFLC LCA disclosure data; https://www.dol.gov/agencies/eta/foreign-labor/performance
2023Q4,mphasis,-17.02779295587068,contrast_devqa_vs_supnet,DOL OFLC LCA disclosure data; https://www.dol.gov/agencies/eta/foreign-labor/performance
2023Q4,persistent,189.61194845522976,contrast_devqa_vs_supnet,DOL OFLC LCA disclosure data; https://www.dol.gov/agencies/eta/foreign-labor/performance
2023Q4,tcs,-35.41376583410541,contrast_devqa_vs_supnet,DOL OFLC LCA disclosure data; https://www.dol.gov/agencies/eta/foreign-labor/performance
2023Q4,techm,-13.899678958054563,contrast_devqa_vs_supnet,DOL OFLC LCA disclosure data; https://www.dol.gov/agencies/eta/foreign-labor/performance
2023Q4,wipro,-1.2258913368282585,contrast_devqa_vs_supnet,DOL OFLC LCA disclosure data; https://www.dol.gov/agencies/eta/foreign-labor/performance
2023Q4,pooled8,35.18196130481676,contrast_devqa_vs_supnet,DOL OFLC LCA disclosure data; https://www.dol.gov/agencies/eta/foreign-labor/performance
2023Q4,pooled_mid,20.366476997279403,contrast_devqa_vs_supnet,DOL OFLC LCA disclosure data; https://www.dol.gov/agencies/eta/foreign-labor/performance
2024Q1,accenture,61.5013477602333,contrast_devqa_vs_supnet,DOL OFLC LCA disclosure data; https://www.dol.gov/agencies/eta/foreign-labor/performance
2024Q1,capgemini,15.01055610139624,contrast_devqa_vs_supnet,DOL OFLC LCA disclosure data; https://www.dol.gov/agencies/eta/foreign-labor/performance
2024Q1,cognizant,42.97348263113786,contrast_devqa_vs_supnet,DOL OFLC LCA disclosure data; https://www.dol.gov/agencies/eta/foreign-labor/performance
2024Q1,hcltech,7.855500806644185,contrast_devqa_vs_supnet,DOL OFLC LCA disclosure data; https://www.dol.gov/agencies/eta/foreign-labor/performance
2024Q1,hexaware,73.90970707518011,contrast_devqa_vs_supnet,DOL OFLC LCA disclosure data; https://www.dol.gov/agencies/eta/foreign-labor/performance
2024Q1,infosys,48.992895490209406,contrast_devqa_vs_supnet,DOL OFLC LCA disclosure data; https://www.dol.gov/agencies/eta/foreign-labor/performance
2024Q1,ltim,-40.9771907268205,contrast_devqa_vs_supnet,DOL OFLC LCA disclosure data; https://www.dol.gov/agencies/eta/foreign-labor/performance
2024Q1,mphasis,76.09609059488494,contrast_devqa_vs_supnet,DOL OFLC LCA disclosure data; https://www.dol.gov/agencies/eta/foreign-labor/performance
2024Q1,persistent,156.6597753757608,contrast_devqa_vs_supnet,DOL OFLC LCA disclosure data; https://www.dol.gov/agencies/eta/foreign-labor/performance
2024Q1,tcs,-57.063587142367346,contrast_devqa_vs_supnet,DOL OFLC LCA disclosure data; https://www.dol.gov/agencies/eta/foreign-labor/performance
2024Q1,techm,-23.536559606784,contrast_devqa_vs_supnet,DOL OFLC LCA disclosure data; https://www.dol.gov/agencies/eta/foreign-labor/performance
2024Q1,wipro,-14.537059788306458,contrast_devqa_vs_supnet,DOL OFLC LCA disclosure data; https://www.dol.gov/agencies/eta/foreign-labor/performance
2024Q1,pooled8,23.459100317837603,contrast_devqa_vs_supnet,DOL OFLC LCA disclosure data; https://www.dol.gov/agencies/eta/foreign-labor/performance
2024Q1,pooled_mid,62.2378109671738,contrast_devqa_vs_supnet,DOL OFLC LCA disclosure data; https://www.dol.gov/agencies/eta/foreign-labor/performance
2024Q2,accenture,45.99081985803846,contrast_devqa_vs_supnet,DOL OFLC LCA disclosure data; https://www.dol.gov/agencies/eta/foreign-labor/performance
2024Q2,capgemini,6.255003365398757,contrast_devqa_vs_supnet,DOL OFLC LCA disclosure data; https://www.dol.gov/agencies/eta/foreign-labor/performance
2024Q2,cognizant,79.32890554501513,contrast_devqa_vs_supnet,DOL OFLC LCA disclosure data; https://www.dol.gov/agencies/eta/foreign-labor/performance
2024Q2,hcltech,-24.960383611838857,contrast_devqa_vs_supnet,DOL OFLC LCA disclosure data; https://www.dol.gov/agencies/eta/foreign-labor/performance
2024Q2,hexaware,2.0107123299094525,contrast_devqa_vs_supnet,DOL OFLC LCA disclosure data; https://www.dol.gov/agencies/eta/foreign-labor/performance
2024Q2,infosys,-16.3442378713615,contrast_devqa_vs_supnet,DOL OFLC LCA disclosure data; https://www.dol.gov/agencies/eta/foreign-labor/performance
2024Q2,ltim,-49.59138842703079,contrast_devqa_vs_supnet,DOL OFLC LCA disclosure data; https://www.dol.gov/agencies/eta/foreign-labor/performance
2024Q2,mphasis,28.73631440485036,contrast_devqa_vs_supnet,DOL OFLC LCA disclosure data; https://www.dol.gov/agencies/eta/foreign-labor/performance
2024Q2,persistent,-11.778303565638353,contrast_devqa_vs_supnet,DOL OFLC LCA disclosure data; https://www.dol.gov/agencies/eta/foreign-labor/performance
2024Q2,tcs,-45.721462576766775,contrast_devqa_vs_supnet,DOL OFLC LCA disclosure data; https://www.dol.gov/agencies/eta/foreign-labor/performance
2024Q2,techm,-28.586883532760005,contrast_devqa_vs_supnet,DOL OFLC LCA disclosure data; https://www.dol.gov/agencies/eta/foreign-labor/performance
2024Q2,wipro,-0.8395270490059801,contrast_devqa_vs_supnet,DOL OFLC LCA disclosure data; https://www.dol.gov/agencies/eta/foreign-labor/performance
2024Q2,pooled8,-3.881665136109673,contrast_devqa_vs_supnet,DOL OFLC LCA disclosure data; https://www.dol.gov/agencies/eta/foreign-labor/performance
2024Q2,pooled_mid,5.514181500250809,contrast_devqa_vs_supnet,DOL OFLC LCA disclosure data; https://www.dol.gov/agencies/eta/foreign-labor/performance
2024Q3,accenture,53.204398141780516,contrast_devqa_vs_supnet,DOL OFLC LCA disclosure data; https://www.dol.gov/agencies/eta/foreign-labor/performance
2024Q3,capgemini,-76.21610359836939,contrast_devqa_vs_supnet,DOL OFLC LCA disclosure data; https://www.dol.gov/agencies/eta/foreign-labor/performance
2024Q3,cognizant,60.9662110858296,contrast_devqa_vs_supnet,DOL OFLC LCA disclosure data; https://www.dol.gov/agencies/eta/foreign-labor/performance
2024Q3,hcltech,-25.128026068886385,contrast_devqa_vs_supnet,DOL OFLC LCA disclosure data; https://www.dol.gov/agencies/eta/foreign-labor/performance
2024Q3,hexaware,17.122266372590577,contrast_devqa_vs_supnet,DOL OFLC LCA disclosure data; https://www.dol.gov/agencies/eta/foreign-labor/performance
2024Q3,infosys,-2.8278744637690494,contrast_devqa_vs_supnet,DOL OFLC LCA disclosure data; https://www.dol.gov/agencies/eta/foreign-labor/performance
2024Q3,ltim,-26.862382232253857,contrast_devqa_vs_supnet,DOL OFLC LCA disclosure data; https://www.dol.gov/agencies/eta/foreign-labor/performance
2024Q3,mphasis,128.71036722767474,contrast_devqa_vs_supnet,DOL OFLC LCA disclosure data; https://www.dol.gov/agencies/eta/foreign-labor/performance
2024Q3,persistent,-47.822446239059275,contrast_devqa_vs_supnet,DOL OFLC LCA disclosure data; https://www.dol.gov/agencies/eta/foreign-labor/performance
2024Q3,tcs,-34.413537069718124,contrast_devqa_vs_supnet,DOL OFLC LCA disclosure data; https://www.dol.gov/agencies/eta/foreign-labor/performance
2024Q3,techm,-10.209226876220342,contrast_devqa_vs_supnet,DOL OFLC LCA disclosure data; https://www.dol.gov/agencies/eta/foreign-labor/performance
2024Q3,wipro,16.789875452067307,contrast_devqa_vs_supnet,DOL OFLC LCA disclosure data; https://www.dol.gov/agencies/eta/foreign-labor/performance
2024Q3,pooled8,6.949122172882326,contrast_devqa_vs_supnet,DOL OFLC LCA disclosure data; https://www.dol.gov/agencies/eta/foreign-labor/performance
2024Q3,pooled_mid,-1.293408256884418,contrast_devqa_vs_supnet,DOL OFLC LCA disclosure data; https://www.dol.gov/agencies/eta/foreign-labor/performance
2024Q4,accenture,-147.00617831648378,contrast_devqa_vs_supnet,DOL OFLC LCA disclosure data; https://www.dol.gov/agencies/eta/foreign-labor/performance
2024Q4,capgemini,-61.042061620357956,contrast_devqa_vs_supnet,DOL OFLC LCA disclosure data; https://www.dol.gov/agencies/eta/foreign-labor/performance
2024Q4,cognizant,45.59361058559463,contrast_devqa_vs_supnet,DOL OFLC LCA disclosure data; https://www.dol.gov/agencies/eta/foreign-labor/performance
2024Q4,hcltech,-25.19923830473672,contrast_devqa_vs_supnet,DOL OFLC LCA disclosure data; https://www.dol.gov/agencies/eta/foreign-labor/performance
2024Q4,hexaware,20.443936204757353,contrast_devqa_vs_supnet,DOL OFLC LCA disclosure data; https://www.dol.gov/agencies/eta/foreign-labor/performance
2024Q4,infosys,0.021127102439400858,contrast_devqa_vs_supnet,DOL OFLC LCA disclosure data; https://www.dol.gov/agencies/eta/foreign-labor/performance
2024Q4,ltim,-30.910156338542738,contrast_devqa_vs_supnet,DOL OFLC LCA disclosure data; https://www.dol.gov/agencies/eta/foreign-labor/performance
2024Q4,mphasis,8.961215868968718,contrast_devqa_vs_supnet,DOL OFLC LCA disclosure data; https://www.dol.gov/agencies/eta/foreign-labor/performance
2024Q4,persistent,84.72978603872036,contrast_devqa_vs_supnet,DOL OFLC LCA disclosure data; https://www.dol.gov/agencies/eta/foreign-labor/performance
2024Q4,tcs,-27.454933722173852,contrast_devqa_vs_supnet,DOL OFLC LCA disclosure data; https://www.dol.gov/agencies/eta/foreign-labor/performance
2024Q4,techm,-5.42977272318798,contrast_devqa_vs_supnet,DOL OFLC LCA disclosure data; https://www.dol.gov/agencies/eta/foreign-labor/performance
2024Q4,wipro,18.283779195530414,contrast_devqa_vs_supnet,DOL OFLC LCA disclosure data; https://www.dol.gov/agencies/eta/foreign-labor/performance
2024Q4,pooled8,4.8702268061967615,contrast_devqa_vs_supnet,DOL OFLC LCA disclosure data; https://www.dol.gov/agencies/eta/foreign-labor/performance
2024Q4,pooled_mid,-18.281533560487723,contrast_devqa_vs_supnet,DOL OFLC LCA disclosure data; https://www.dol.gov/agencies/eta/foreign-labor/performance
2025Q1,accenture,-129.92829841302608,contrast_devqa_vs_supnet,DOL OFLC LCA disclosure data; https://www.dol.gov/agencies/eta/foreign-labor/performance
2025Q1,capgemini,-66.54559729001078,contrast_devqa_vs_supnet,DOL OFLC LCA disclosure data; https://www.dol.gov/agencies/eta/foreign-labor/performance
2025Q1,cognizant,30.31610274073121,contrast_devqa_vs_supnet,DOL OFLC LCA disclosure data; https://www.dol.gov/agencies/eta/foreign-labor/performance
2025Q1,hcltech,-27.260342207381935,contrast_devqa_vs_supnet,DOL OFLC LCA disclosure data; https://www.dol.gov/agencies/eta/foreign-labor/performance
2025Q1,hexaware,-54.7415071198283,contrast_devqa_vs_supnet,DOL OFLC LCA disclosure data; https://www.dol.gov/agencies/eta/foreign-labor/performance
2025Q1,infosys,-2.178295556967228,contrast_devqa_vs_supnet,DOL OFLC LCA disclosure data; https://www.dol.gov/agencies/eta/foreign-labor/performance
2025Q1,ltim,-72.54477669568784,contrast_devqa_vs_supnet,DOL OFLC LCA disclosure data; https://www.dol.gov/agencies/eta/foreign-labor/performance
2025Q1,mphasis,-101.00563352821946,contrast_devqa_vs_supnet,DOL OFLC LCA disclosure data; https://www.dol.gov/agencies/eta/foreign-labor/performance
2025Q1,persistent,-30.61836385267202,contrast_devqa_vs_supnet,DOL OFLC LCA disclosure data; https://www.dol.gov/agencies/eta/foreign-labor/performance
2025Q1,tcs,2.6592879155313014,contrast_devqa_vs_supnet,DOL OFLC LCA disclosure data; https://www.dol.gov/agencies/eta/foreign-labor/performance
2025Q1,techm,-19.032999674982634,contrast_devqa_vs_supnet,DOL OFLC LCA disclosure data; https://www.dol.gov/agencies/eta/foreign-labor/performance
2025Q1,wipro,28.89825124897068,contrast_devqa_vs_supnet,DOL OFLC LCA disclosure data; https://www.dol.gov/agencies/eta/foreign-labor/performance
2025Q1,pooled8,1.9938586107441765,contrast_devqa_vs_supnet,DOL OFLC LCA disclosure data; https://www.dol.gov/agencies/eta/foreign-labor/performance
2025Q1,pooled_mid,-83.65135807383848,contrast_devqa_vs_supnet,DOL OFLC LCA disclosure data; https://www.dol.gov/agencies/eta/foreign-labor/performance
2025Q2,accenture,-190.1913166714281,contrast_devqa_vs_supnet,DOL OFLC LCA disclosure data; https://www.dol.gov/agencies/eta/foreign-labor/performance
2025Q2,capgemini,-94.4288384021483,contrast_devqa_vs_supnet,DOL OFLC LCA disclosure data; https://www.dol.gov/agencies/eta/foreign-labor/performance
2025Q2,cognizant,28.865274437157844,contrast_devqa_vs_supnet,DOL OFLC LCA disclosure data; https://www.dol.gov/agencies/eta/foreign-labor/performance
2025Q2,hcltech,-3.3999501724657257,contrast_devqa_vs_supnet,DOL OFLC LCA disclosure data; https://www.dol.gov/agencies/eta/foreign-labor/performance
2025Q2,hexaware,-26.453289058481523,contrast_devqa_vs_supnet,DOL OFLC LCA disclosure data; https://www.dol.gov/agencies/eta/foreign-labor/performance
2025Q2,infosys,-48.795381640242525,contrast_devqa_vs_supnet,DOL OFLC LCA disclosure data; https://www.dol.gov/agencies/eta/foreign-labor/performance
2025Q2,ltim,-67.01988473561184,contrast_devqa_vs_supnet,DOL OFLC LCA disclosure data; https://www.dol.gov/agencies/eta/foreign-labor/performance
2025Q2,mphasis,-81.09805826320135,contrast_devqa_vs_supnet,DOL OFLC LCA disclosure data; https://www.dol.gov/agencies/eta/foreign-labor/performance
2025Q2,persistent,-23.601006190746006,contrast_devqa_vs_supnet,DOL OFLC LCA disclosure data; https://www.dol.gov/agencies/eta/foreign-labor/performance
2025Q2,tcs,12.294157470189255,contrast_devqa_vs_supnet,DOL OFLC LCA disclosure data; https://www.dol.gov/agencies/eta/foreign-labor/performance
2025Q2,techm,-5.240874347141613,contrast_devqa_vs_supnet,DOL OFLC LCA disclosure data; https://www.dol.gov/agencies/eta/foreign-labor/performance
2025Q2,wipro,4.163835261745305,contrast_devqa_vs_supnet,DOL OFLC LCA disclosure data; https://www.dol.gov/agencies/eta/foreign-labor/performance
2025Q2,pooled8,-10.74396472156014,contrast_devqa_vs_supnet,DOL OFLC LCA disclosure data; https://www.dol.gov/agencies/eta/foreign-labor/performance
2025Q2,pooled_mid,-69.18404178780736,contrast_devqa_vs_supnet,DOL OFLC LCA disclosure data; https://www.dol.gov/agencies/eta/foreign-labor/performance
2025Q3,accenture,-211.74351011175847,contrast_devqa_vs_supnet,DOL OFLC LCA disclosure data; https://www.dol.gov/agencies/eta/foreign-labor/performance
2025Q3,capgemini,-13.815239575322364,contrast_devqa_vs_supnet,DOL OFLC LCA disclosure data; https://www.dol.gov/agencies/eta/foreign-labor/performance
2025Q3,cognizant,23.8361415173163,contrast_devqa_vs_supnet,DOL OFLC LCA disclosure data; https://www.dol.gov/agencies/eta/foreign-labor/performance
2025Q3,hcltech,-6.098784457441695,contrast_devqa_vs_supnet,DOL OFLC LCA disclosure data; https://www.dol.gov/agencies/eta/foreign-labor/performance
2025Q3,hexaware,-39.389328998992006,contrast_devqa_vs_supnet,DOL OFLC LCA disclosure data; https://www.dol.gov/agencies/eta/foreign-labor/performance
2025Q3,infosys,-100.61948230491981,contrast_devqa_vs_supnet,DOL OFLC LCA disclosure data; https://www.dol.gov/agencies/eta/foreign-labor/performance
2025Q3,ltim,-76.09585438049099,contrast_devqa_vs_supnet,DOL OFLC LCA disclosure data; https://www.dol.gov/agencies/eta/foreign-labor/performance
2025Q3,mphasis,-151.06612165589897,contrast_devqa_vs_supnet,DOL OFLC LCA disclosure data; https://www.dol.gov/agencies/eta/foreign-labor/performance
2025Q3,persistent,-67.79333119241176,contrast_devqa_vs_supnet,DOL OFLC LCA disclosure data; https://www.dol.gov/agencies/eta/foreign-labor/performance
2025Q3,tcs,13.733152339321506,contrast_devqa_vs_supnet,DOL OFLC LCA disclosure data; https://www.dol.gov/agencies/eta/foreign-labor/performance
2025Q3,techm,-33.68204027267427,contrast_devqa_vs_supnet,DOL OFLC LCA disclosure data; https://www.dol.gov/agencies/eta/foreign-labor/performance
2025Q3,wipro,-3.0143464859547215,contrast_devqa_vs_supnet,DOL OFLC LCA disclosure data; https://www.dol.gov/agencies/eta/foreign-labor/performance
2025Q3,pooled8,-30.179792719455115,contrast_devqa_vs_supnet,DOL OFLC LCA disclosure data; https://www.dol.gov/agencies/eta/foreign-labor/performance
2025Q3,pooled_mid,-57.84451010620859,contrast_devqa_vs_supnet,DOL OFLC LCA disclosure data; https://www.dol.gov/agencies/eta/foreign-labor/performance
2025Q4,accenture,-68.00035083193949,contrast_devqa_vs_supnet,DOL OFLC LCA disclosure data; https://www.dol.gov/agencies/eta/foreign-labor/performance
2025Q4,capgemini,-11.784345314122188,contrast_devqa_vs_supnet,DOL OFLC LCA disclosure data; https://www.dol.gov/agencies/eta/foreign-labor/performance
2025Q4,cognizant,20.568818786221115,contrast_devqa_vs_supnet,DOL OFLC LCA disclosure data; https://www.dol.gov/agencies/eta/foreign-labor/performance
2025Q4,hcltech,-18.06441016944099,contrast_devqa_vs_supnet,DOL OFLC LCA disclosure data; https://www.dol.gov/agencies/eta/foreign-labor/performance
2025Q4,hexaware,-68.0210389529226,contrast_devqa_vs_supnet,DOL OFLC LCA disclosure data; https://www.dol.gov/agencies/eta/foreign-labor/performance
2025Q4,infosys,-130.01442685627347,contrast_devqa_vs_supnet,DOL OFLC LCA disclosure data; https://www.dol.gov/agencies/eta/foreign-labor/performance
2025Q4,ltim,-73.65375465517872,contrast_devqa_vs_supnet,DOL OFLC LCA disclosure data; https://www.dol.gov/agencies/eta/foreign-labor/performance
2025Q4,mphasis,24.838537269381597,contrast_devqa_vs_supnet,DOL OFLC LCA disclosure data; https://www.dol.gov/agencies/eta/foreign-labor/performance
2025Q4,persistent,-135.96261140377294,contrast_devqa_vs_supnet,DOL OFLC LCA disclosure data; https://www.dol.gov/agencies/eta/foreign-labor/performance
2025Q4,tcs,12.428773310056133,contrast_devqa_vs_supnet,DOL OFLC LCA disclosure data; https://www.dol.gov/agencies/eta/foreign-labor/performance
2025Q4,techm,-43.00590313686703,contrast_devqa_vs_supnet,DOL OFLC LCA disclosure data; https://www.dol.gov/agencies/eta/foreign-labor/performance
2025Q4,wipro,-6.091100091271809,contrast_devqa_vs_supnet,DOL OFLC LCA disclosure data; https://www.dol.gov/agencies/eta/foreign-labor/performance
2025Q4,pooled8,-34.88116862535851,contrast_devqa_vs_supnet,DOL OFLC LCA disclosure data; https://www.dol.gov/agencies/eta/foreign-labor/performance
2025Q4,pooled_mid,-20.14992115868364,contrast_devqa_vs_supnet,DOL OFLC LCA disclosure data; https://www.dol.gov/agencies/eta/foreign-labor/performance
2026Q1,accenture,-71.86262658609301,contrast_devqa_vs_supnet,DOL OFLC LCA disclosure data; https://www.dol.gov/agencies/eta/foreign-labor/performance
2026Q1,capgemini,-9.69122879662099,contrast_devqa_vs_supnet,DOL OFLC LCA disclosure data; https://www.dol.gov/agencies/eta/foreign-labor/performance
2026Q1,cognizant,13.617670430617853,contrast_devqa_vs_supnet,DOL OFLC LCA disclosure data; https://www.dol.gov/agencies/eta/foreign-labor/performance
2026Q1,hcltech,-31.099457413434102,contrast_devqa_vs_supnet,DOL OFLC LCA disclosure data; https://www.dol.gov/agencies/eta/foreign-labor/performance
2026Q1,hexaware,-107.68298021910718,contrast_devqa_vs_supnet,DOL OFLC LCA disclosure data; https://www.dol.gov/agencies/eta/foreign-labor/performance
2026Q1,infosys,-178.2476735789046,contrast_devqa_vs_supnet,DOL OFLC LCA disclosure data; https://www.dol.gov/agencies/eta/foreign-labor/performance
2026Q1,ltim,-5.783949726275495,contrast_devqa_vs_supnet,DOL OFLC LCA disclosure data; https://www.dol.gov/agencies/eta/foreign-labor/performance
2026Q1,mphasis,78.30850280982204,contrast_devqa_vs_supnet,DOL OFLC LCA disclosure data; https://www.dol.gov/agencies/eta/foreign-labor/performance
2026Q1,persistent,185.95320843097772,contrast_devqa_vs_supnet,DOL OFLC LCA disclosure data; https://www.dol.gov/agencies/eta/foreign-labor/performance
2026Q1,tcs,5.646162570406322,contrast_devqa_vs_supnet,DOL OFLC LCA disclosure data; https://www.dol.gov/agencies/eta/foreign-labor/performance
2026Q1,techm,-16.949862856898342,contrast_devqa_vs_supnet,DOL OFLC LCA disclosure data; https://www.dol.gov/agencies/eta/foreign-labor/performance
2026Q1,wipro,-20.224142855229978,contrast_devqa_vs_supnet,DOL OFLC LCA disclosure data; https://www.dol.gov/agencies/eta/foreign-labor/performance
2026Q1,pooled8,-36.40301663499057,contrast_devqa_vs_supnet,DOL OFLC LCA disclosure data; https://www.dol.gov/agencies/eta/foreign-labor/performance
2026Q1,pooled_mid,23.016402202377215,contrast_devqa_vs_supnet,DOL OFLC LCA disclosure data; https://www.dol.gov/agencies/eta/foreign-labor/performance
2026Q2,accenture,73.44690501218514,contrast_devqa_vs_supnet,DOL OFLC LCA disclosure data; https://www.dol.gov/agencies/eta/foreign-labor/performance
2026Q2,capgemini,60.339054548769546,contrast_devqa_vs_supnet,DOL OFLC LCA disclosure data; https://www.dol.gov/agencies/eta/foreign-labor/performance
2026Q2,cognizant,11.47137270796648,contrast_devqa_vs_supnet,DOL OFLC LCA disclosure data; https://www.dol.gov/agencies/eta/foreign-labor/performance
2026Q2,hcltech,-47.43914437821901,contrast_devqa_vs_supnet,DOL OFLC LCA disclosure data; https://www.dol.gov/agencies/eta/foreign-labor/performance
2026Q2,hexaware,-3.650890905689714,contrast_devqa_vs_supnet,DOL OFLC LCA disclosure data; https://www.dol.gov/agencies/eta/foreign-labor/performance
2026Q2,infosys,-146.84021040757844,contrast_devqa_vs_supnet,DOL OFLC LCA disclosure data; https://www.dol.gov/agencies/eta/foreign-labor/performance
2026Q2,ltim,72.45270454388228,contrast_devqa_vs_supnet,DOL OFLC LCA disclosure data; https://www.dol.gov/agencies/eta/foreign-labor/performance
2026Q2,mphasis,32.25978247647135,contrast_devqa_vs_supnet,DOL OFLC LCA disclosure data; https://www.dol.gov/agencies/eta/foreign-labor/performance
2026Q2,tcs,14.72881322908303,contrast_devqa_vs_supnet,DOL OFLC LCA disclosure data; https://www.dol.gov/agencies/eta/foreign-labor/performance
2026Q2,techm,-28.35314587254678,contrast_devqa_vs_supnet,DOL OFLC LCA disclosure data; https://www.dol.gov/agencies/eta/foreign-labor/performance
2026Q2,wipro,6.9406279918103095,contrast_devqa_vs_supnet,DOL OFLC LCA disclosure data; https://www.dol.gov/agencies/eta/foreign-labor/performance
2026Q2,pooled8,-11.367108669448967,contrast_devqa_vs_supnet,DOL OFLC LCA disclosure data; https://www.dol.gov/agencies/eta/foreign-labor/performance
2026Q2,pooled_mid,46.32472617962991,contrast_devqa_vs_supnet,DOL OFLC LCA disclosure data; https://www.dol.gov/agencies/eta/foreign-labor/performance
2016Q4,accenture,-107.80901880918466,contrast_L12_vs_L34,DOL OFLC LCA disclosure data; https://www.dol.gov/agencies/eta/foreign-labor/performance
2016Q4,capgemini,-203.38755539838235,contrast_L12_vs_L34,DOL OFLC LCA disclosure data; https://www.dol.gov/agencies/eta/foreign-labor/performance
2016Q4,coforge,-190.6244892662882,contrast_L12_vs_L34,DOL OFLC LCA disclosure data; https://www.dol.gov/agencies/eta/foreign-labor/performance
2016Q4,cognizant,13.72255771036427,contrast_L12_vs_L34,DOL OFLC LCA disclosure data; https://www.dol.gov/agencies/eta/foreign-labor/performance
2016Q4,hcltech,-16.35431714223327,contrast_L12_vs_L34,DOL OFLC LCA disclosure data; https://www.dol.gov/agencies/eta/foreign-labor/performance
2016Q4,hexaware,74.84163825836904,contrast_L12_vs_L34,DOL OFLC LCA disclosure data; https://www.dol.gov/agencies/eta/foreign-labor/performance
2016Q4,infosys,-51.25017625357228,contrast_L12_vs_L34,DOL OFLC LCA disclosure data; https://www.dol.gov/agencies/eta/foreign-labor/performance
2016Q4,ltim,-64.65050814400323,contrast_L12_vs_L34,DOL OFLC LCA disclosure data; https://www.dol.gov/agencies/eta/foreign-labor/performance
2016Q4,mphasis,11.055488464595868,contrast_L12_vs_L34,DOL OFLC LCA disclosure data; https://www.dol.gov/agencies/eta/foreign-labor/performance
2016Q4,persistent,-243.12316930659622,contrast_L12_vs_L34,DOL OFLC LCA disclosure data; https://www.dol.gov/agencies/eta/foreign-labor/performance
2016Q4,tcs,-62.55916169692301,contrast_L12_vs_L34,DOL OFLC LCA disclosure data; https://www.dol.gov/agencies/eta/foreign-labor/performance
2016Q4,techm,-36.81313814224757,contrast_L12_vs_L34,DOL OFLC LCA disclosure data; https://www.dol.gov/agencies/eta/foreign-labor/performance
2016Q4,wipro,-31.251624789629602,contrast_L12_vs_L34,DOL OFLC LCA disclosure data; https://www.dol.gov/agencies/eta/foreign-labor/performance
2016Q4,pooled8,-31.299762050866917,contrast_L12_vs_L34,DOL OFLC LCA disclosure data; https://www.dol.gov/agencies/eta/foreign-labor/performance
2016Q4,pooled_mid,-147.26828687948807,contrast_L12_vs_L34,DOL OFLC LCA disclosure data; https://www.dol.gov/agencies/eta/foreign-labor/performance
2017Q1,accenture,-19.700964900906534,contrast_L12_vs_L34,DOL OFLC LCA disclosure data; https://www.dol.gov/agencies/eta/foreign-labor/performance
2017Q1,capgemini,-219.8902322491137,contrast_L12_vs_L34,DOL OFLC LCA disclosure data; https://www.dol.gov/agencies/eta/foreign-labor/performance
2017Q1,coforge,108.42235512160103,contrast_L12_vs_L34,DOL OFLC LCA disclosure data; https://www.dol.gov/agencies/eta/foreign-labor/performance
2017Q1,cognizant,21.075305964825464,contrast_L12_vs_L34,DOL OFLC LCA disclosure data; https://www.dol.gov/agencies/eta/foreign-labor/performance
2017Q1,hcltech,-44.24093923453427,contrast_L12_vs_L34,DOL OFLC LCA disclosure data; https://www.dol.gov/agencies/eta/foreign-labor/performance
2017Q1,hexaware,210.4654542342762,contrast_L12_vs_L34,DOL OFLC LCA disclosure data; https://www.dol.gov/agencies/eta/foreign-labor/performance
2017Q1,infosys,12.04749918432611,contrast_L12_vs_L34,DOL OFLC LCA disclosure data; https://www.dol.gov/agencies/eta/foreign-labor/performance
2017Q1,ltim,-10.592059074229173,contrast_L12_vs_L34,DOL OFLC LCA disclosure data; https://www.dol.gov/agencies/eta/foreign-labor/performance
2017Q1,mphasis,87.05645271003094,contrast_L12_vs_L34,DOL OFLC LCA disclosure data; https://www.dol.gov/agencies/eta/foreign-labor/performance
2017Q1,tcs,22.99241174518595,contrast_L12_vs_L34,DOL OFLC LCA disclosure data; https://www.dol.gov/agencies/eta/foreign-labor/performance
2017Q1,techm,312.44979320618086,contrast_L12_vs_L34,DOL OFLC LCA disclosure data; https://www.dol.gov/agencies/eta/foreign-labor/performance
2017Q1,wipro,2.4395624205219892,contrast_L12_vs_L34,DOL OFLC LCA disclosure data; https://www.dol.gov/agencies/eta/foreign-labor/performance
2017Q1,pooled8,-10.219450630581605,contrast_L12_vs_L34,DOL OFLC LCA disclosure data; https://www.dol.gov/agencies/eta/foreign-labor/performance
2017Q1,pooled_mid,-109.51456405622304,contrast_L12_vs_L34,DOL OFLC LCA disclosure data; https://www.dol.gov/agencies/eta/foreign-labor/performance
2017Q2,accenture,-20.803420250965985,contrast_L12_vs_L34,DOL OFLC LCA disclosure data; https://www.dol.gov/agencies/eta/foreign-labor/performance
2017Q2,capgemini,-227.21284286521654,contrast_L12_vs_L34,DOL OFLC LCA disclosure data; https://www.dol.gov/agencies/eta/foreign-labor/performance
2017Q2,coforge,124.63935202098882,contrast_L12_vs_L34,DOL OFLC LCA disclosure data; https://www.dol.gov/agencies/eta/foreign-labor/performance
2017Q2,cognizant,25.02824473342112,contrast_L12_vs_L34,DOL OFLC LCA disclosure data; https://www.dol.gov/agencies/eta/foreign-labor/performance
2017Q2,hcltech,-31.274029276912643,contrast_L12_vs_L34,DOL OFLC LCA disclosure data; https://www.dol.gov/agencies/eta/foreign-labor/performance
2017Q2,hexaware,140.18186056233827,contrast_L12_vs_L34,DOL OFLC LCA disclosure data; https://www.dol.gov/agencies/eta/foreign-labor/performance
2017Q2,infosys,22.97782413803202,contrast_L12_vs_L34,DOL OFLC LCA disclosure data; https://www.dol.gov/agencies/eta/foreign-labor/performance
2017Q2,ltim,9.463575504505272,contrast_L12_vs_L34,DOL OFLC LCA disclosure data; https://www.dol.gov/agencies/eta/foreign-labor/performance
2017Q2,mphasis,84.88024035060494,contrast_L12_vs_L34,DOL OFLC LCA disclosure data; https://www.dol.gov/agencies/eta/foreign-labor/performance
2017Q2,tcs,29.95933338131303,contrast_L12_vs_L34,DOL OFLC LCA disclosure data; https://www.dol.gov/agencies/eta/foreign-labor/performance
2017Q2,techm,269.61121537646477,contrast_L12_vs_L34,DOL OFLC LCA disclosure data; https://www.dol.gov/agencies/eta/foreign-labor/performance
2017Q2,wipro,1.225916517636449,contrast_L12_vs_L34,DOL OFLC LCA disclosure data; https://www.dol.gov/agencies/eta/foreign-labor/performance
2017Q2,pooled8,-12.692202250472093,contrast_L12_vs_L34,DOL OFLC LCA disclosure data; https://www.dol.gov/agencies/eta/foreign-labor/performance
2017Q2,pooled_mid,-119.1551105667398,contrast_L12_vs_L34,DOL OFLC LCA disclosure data; https://www.dol.gov/agencies/eta/foreign-labor/performance
2017Q4,accenture,11.490847501750977,contrast_L12_vs_L34,DOL OFLC LCA disclosure data; https://www.dol.gov/agencies/eta/foreign-labor/performance
2017Q4,capgemini,-1.9025810761534103,contrast_L12_vs_L34,DOL OFLC LCA disclosure data; https://www.dol.gov/agencies/eta/foreign-labor/performance
2017Q4,coforge,139.3287396610861,contrast_L12_vs_L34,DOL OFLC LCA disclosure data; https://www.dol.gov/agencies/eta/foreign-labor/performance
2017Q4,cognizant,-80.13770289642343,contrast_L12_vs_L34,DOL OFLC LCA disclosure data; https://www.dol.gov/agencies/eta/foreign-labor/performance
2017Q4,hcltech,-31.433309433207057,contrast_L12_vs_L34,DOL OFLC LCA disclosure data; https://www.dol.gov/agencies/eta/foreign-labor/performance
2017Q4,hexaware,51.21815561771264,contrast_L12_vs_L34,DOL OFLC LCA disclosure data; https://www.dol.gov/agencies/eta/foreign-labor/performance
2017Q4,infosys,12.071316791780845,contrast_L12_vs_L34,DOL OFLC LCA disclosure data; https://www.dol.gov/agencies/eta/foreign-labor/performance
2017Q4,ltim,65.87088107236815,contrast_L12_vs_L34,DOL OFLC LCA disclosure data; https://www.dol.gov/agencies/eta/foreign-labor/performance
2017Q4,mphasis,15.869229976746652,contrast_L12_vs_L34,DOL OFLC LCA disclosure data; https://www.dol.gov/agencies/eta/foreign-labor/performance
2017Q4,persistent,190.6398836781471,contrast_L12_vs_L34,DOL OFLC LCA disclosure data; https://www.dol.gov/agencies/eta/foreign-labor/performance
2017Q4,tcs,29.747010336472187,contrast_L12_vs_L34,DOL OFLC LCA disclosure data; https://www.dol.gov/agencies/eta/foreign-labor/performance
2017Q4,techm,228.39325249649102,contrast_L12_vs_L34,DOL OFLC LCA disclosure data; https://www.dol.gov/agencies/eta/foreign-labor/performance
2017Q4,wipro,22.794902161874802,contrast_L12_vs_L34,DOL OFLC LCA disclosure data; https://www.dol.gov/agencies/eta/foreign-labor/performance
2017Q4,pooled8,-49.09669643183372,contrast_L12_vs_L34,DOL OFLC LCA disclosure data; https://www.dol.gov/agencies/eta/foreign-labor/performance
2017Q4,pooled_mid,31.577628840995885,contrast_L12_vs_L34,DOL OFLC LCA disclosure data; https://www.dol.gov/agencies/eta/foreign-labor/performance
2018Q1,accenture,-16.4506494083311,contrast_L12_vs_L34,DOL OFLC LCA disclosure data; https://www.dol.gov/agencies/eta/foreign-labor/performance
2018Q1,capgemini,-31.989485936557074,contrast_L12_vs_L34,DOL OFLC LCA disclosure data; https://www.dol.gov/agencies/eta/foreign-labor/performance
2018Q1,coforge,-179.35577074396568,contrast_L12_vs_L34,DOL OFLC LCA disclosure data; https://www.dol.gov/agencies/eta/foreign-labor/performance
2018Q1,cognizant,-34.651185284932076,contrast_L12_vs_L34,DOL OFLC LCA disclosure data; https://www.dol.gov/agencies/eta/foreign-labor/performance
2018Q1,hcltech,-9.827486499228428,contrast_L12_vs_L34,DOL OFLC LCA disclosure data; https://www.dol.gov/agencies/eta/foreign-labor/performance
2018Q1,hexaware,33.084246790396705,contrast_L12_vs_L34,DOL OFLC LCA disclosure data; https://www.dol.gov/agencies/eta/foreign-labor/performance
2018Q1,infosys,-23.699678286719795,contrast_L12_vs_L34,DOL OFLC LCA disclosure data; https://www.dol.gov/agencies/eta/foreign-labor/performance
2018Q1,ltim,60.47602799749735,contrast_L12_vs_L34,DOL OFLC LCA disclosure data; https://www.dol.gov/agencies/eta/foreign-labor/performance
2018Q1,mphasis,-9.748265517486352,contrast_L12_vs_L34,DOL OFLC LCA disclosure data; https://www.dol.gov/agencies/eta/foreign-labor/performance
2018Q1,persistent,-164.83757801605208,contrast_L12_vs_L34,DOL OFLC LCA disclosure data; https://www.dol.gov/agencies/eta/foreign-labor/performance
2018Q1,tcs,-19.767951408113653,contrast_L12_vs_L34,DOL OFLC LCA disclosure data; https://www.dol.gov/agencies/eta/foreign-labor/performance
2018Q1,techm,-42.62432572818446,contrast_L12_vs_L34,DOL OFLC LCA disclosure data; https://www.dol.gov/agencies/eta/foreign-labor/performance
2018Q1,wipro,-18.609298412217115,contrast_L12_vs_L34,DOL OFLC LCA disclosure data; https://www.dol.gov/agencies/eta/foreign-labor/performance
2018Q1,pooled8,-38.99936623343372,contrast_L12_vs_L34,DOL OFLC LCA disclosure data; https://www.dol.gov/agencies/eta/foreign-labor/performance
2018Q1,pooled_mid,-31.08662503589303,contrast_L12_vs_L34,DOL OFLC LCA disclosure data; https://www.dol.gov/agencies/eta/foreign-labor/performance
2018Q2,accenture,-11.273740495878549,contrast_L12_vs_L34,DOL OFLC LCA disclosure data; https://www.dol.gov/agencies/eta/foreign-labor/performance
2018Q2,capgemini,-40.823229464202605,contrast_L12_vs_L34,DOL OFLC LCA disclosure data; https://www.dol.gov/agencies/eta/foreign-labor/performance
2018Q2,coforge,-173.52402372571035,contrast_L12_vs_L34,DOL OFLC LCA disclosure data; https://www.dol.gov/agencies/eta/foreign-labor/performance
2018Q2,cognizant,-31.141749633177962,contrast_L12_vs_L34,DOL OFLC LCA disclosure data; https://www.dol.gov/agencies/eta/foreign-labor/performance
2018Q2,hcltech,-25.16729731945585,contrast_L12_vs_L34,DOL OFLC LCA disclosure data; https://www.dol.gov/agencies/eta/foreign-labor/performance
2018Q2,hexaware,26.829830945611114,contrast_L12_vs_L34,DOL OFLC LCA disclosure data; https://www.dol.gov/agencies/eta/foreign-labor/performance
2018Q2,infosys,-22.55336412592407,contrast_L12_vs_L34,DOL OFLC LCA disclosure data; https://www.dol.gov/agencies/eta/foreign-labor/performance
2018Q2,ltim,89.31969475616509,contrast_L12_vs_L34,DOL OFLC LCA disclosure data; https://www.dol.gov/agencies/eta/foreign-labor/performance
2018Q2,mphasis,-50.48152526209706,contrast_L12_vs_L34,DOL OFLC LCA disclosure data; https://www.dol.gov/agencies/eta/foreign-labor/performance
2018Q2,persistent,-126.52787764271987,contrast_L12_vs_L34,DOL OFLC LCA disclosure data; https://www.dol.gov/agencies/eta/foreign-labor/performance
2018Q2,tcs,-24.692491222106007,contrast_L12_vs_L34,DOL OFLC LCA disclosure data; https://www.dol.gov/agencies/eta/foreign-labor/performance
2018Q2,techm,17.808156398407505,contrast_L12_vs_L34,DOL OFLC LCA disclosure data; https://www.dol.gov/agencies/eta/foreign-labor/performance
2018Q2,wipro,-35.73522266899168,contrast_L12_vs_L34,DOL OFLC LCA disclosure data; https://www.dol.gov/agencies/eta/foreign-labor/performance
2018Q2,pooled8,-29.88755965572247,contrast_L12_vs_L34,DOL OFLC LCA disclosure data; https://www.dol.gov/agencies/eta/foreign-labor/performance
2018Q2,pooled_mid,-34.388110801670365,contrast_L12_vs_L34,DOL OFLC LCA disclosure data; https://www.dol.gov/agencies/eta/foreign-labor/performance
2018Q3,accenture,-13.160765858975784,contrast_L12_vs_L34,DOL OFLC LCA disclosure data; https://www.dol.gov/agencies/eta/foreign-labor/performance
2018Q3,capgemini,-49.81878439439511,contrast_L12_vs_L34,DOL OFLC LCA disclosure data; https://www.dol.gov/agencies/eta/foreign-labor/performance
2018Q3,coforge,-173.76254500754777,contrast_L12_vs_L34,DOL OFLC LCA disclosure data; https://www.dol.gov/agencies/eta/foreign-labor/performance
2018Q3,cognizant,-36.144140143422284,contrast_L12_vs_L34,DOL OFLC LCA disclosure data; https://www.dol.gov/agencies/eta/foreign-labor/performance
2018Q3,hcltech,-27.14635767570497,contrast_L12_vs_L34,DOL OFLC LCA disclosure data; https://www.dol.gov/agencies/eta/foreign-labor/performance
2018Q3,hexaware,-87.68560920968896,contrast_L12_vs_L34,DOL OFLC LCA disclosure data; https://www.dol.gov/agencies/eta/foreign-labor/performance
2018Q3,infosys,-26.41440128083279,contrast_L12_vs_L34,DOL OFLC LCA disclosure data; https://www.dol.gov/agencies/eta/foreign-labor/performance
2018Q3,ltim,73.07194289984602,contrast_L12_vs_L34,DOL OFLC LCA disclosure data; https://www.dol.gov/agencies/eta/foreign-labor/performance
2018Q3,mphasis,-62.605798817087546,contrast_L12_vs_L34,DOL OFLC LCA disclosure data; https://www.dol.gov/agencies/eta/foreign-labor/performance
2018Q3,persistent,-101.87336095359072,contrast_L12_vs_L34,DOL OFLC LCA disclosure data; https://www.dol.gov/agencies/eta/foreign-labor/performance
2018Q3,tcs,-26.93902678467844,contrast_L12_vs_L34,DOL OFLC LCA disclosure data; https://www.dol.gov/agencies/eta/foreign-labor/performance
2018Q3,techm,-75.10196807774317,contrast_L12_vs_L34,DOL OFLC LCA disclosure data; https://www.dol.gov/agencies/eta/foreign-labor/performance
2018Q3,wipro,-40.33837756535524,contrast_L12_vs_L34,DOL OFLC LCA disclosure data; https://www.dol.gov/agencies/eta/foreign-labor/performance
2018Q3,pooled8,-36.9363973764956,contrast_L12_vs_L34,DOL OFLC LCA disclosure data; https://www.dol.gov/agencies/eta/foreign-labor/performance
2018Q3,pooled_mid,-47.04611986351671,contrast_L12_vs_L34,DOL OFLC LCA disclosure data; https://www.dol.gov/agencies/eta/foreign-labor/performance
2018Q4,accenture,-9.376819654845434,contrast_L12_vs_L34,DOL OFLC LCA disclosure data; https://www.dol.gov/agencies/eta/foreign-labor/performance
2018Q4,capgemini,-52.82876955319204,contrast_L12_vs_L34,DOL OFLC LCA disclosure data; https://www.dol.gov/agencies/eta/foreign-labor/performance
2018Q4,coforge,-161.40163455162087,contrast_L12_vs_L34,DOL OFLC LCA disclosure data; https://www.dol.gov/agencies/eta/foreign-labor/performance
2018Q4,cognizant,-10.711347681385888,contrast_L12_vs_L34,DOL OFLC LCA disclosure data; https://www.dol.gov/agencies/eta/foreign-labor/performance
2018Q4,hcltech,-21.334040816019428,contrast_L12_vs_L34,DOL OFLC LCA disclosure data; https://www.dol.gov/agencies/eta/foreign-labor/performance
2018Q4,hexaware,-128.60739620765025,contrast_L12_vs_L34,DOL OFLC LCA disclosure data; https://www.dol.gov/agencies/eta/foreign-labor/performance
2018Q4,infosys,-22.896492590921145,contrast_L12_vs_L34,DOL OFLC LCA disclosure data; https://www.dol.gov/agencies/eta/foreign-labor/performance
2018Q4,ltim,41.28557103015277,contrast_L12_vs_L34,DOL OFLC LCA disclosure data; https://www.dol.gov/agencies/eta/foreign-labor/performance
2018Q4,mphasis,-30.27884883577468,contrast_L12_vs_L34,DOL OFLC LCA disclosure data; https://www.dol.gov/agencies/eta/foreign-labor/performance
2018Q4,persistent,-169.7398413191981,contrast_L12_vs_L34,DOL OFLC LCA disclosure data; https://www.dol.gov/agencies/eta/foreign-labor/performance
2018Q4,tcs,-29.50398519404308,contrast_L12_vs_L34,DOL OFLC LCA disclosure data; https://www.dol.gov/agencies/eta/foreign-labor/performance
2018Q4,techm,-173.52986176589806,contrast_L12_vs_L34,DOL OFLC LCA disclosure data; https://www.dol.gov/agencies/eta/foreign-labor/performance
2018Q4,wipro,-39.22845892539896,contrast_L12_vs_L34,DOL OFLC LCA disclosure data; https://www.dol.gov/agencies/eta/foreign-labor/performance
2018Q4,pooled8,-20.577710689131933,contrast_L12_vs_L34,DOL OFLC LCA disclosure data; https://www.dol.gov/agencies/eta/foreign-labor/performance
2018Q4,pooled_mid,-40.68869139914413,contrast_L12_vs_L34,DOL OFLC LCA disclosure data; https://www.dol.gov/agencies/eta/foreign-labor/performance
2019Q1,accenture,-1.921899618416333,contrast_L12_vs_L34,DOL OFLC LCA disclosure data; https://www.dol.gov/agencies/eta/foreign-labor/performance
2019Q1,capgemini,-22.899156023718497,contrast_L12_vs_L34,DOL OFLC LCA disclosure data; https://www.dol.gov/agencies/eta/foreign-labor/performance
2019Q1,coforge,-11.932657816481253,contrast_L12_vs_L34,DOL OFLC LCA disclosure data; https://www.dol.gov/agencies/eta/foreign-labor/performance
2019Q1,cognizant,-19.594936081334417,contrast_L12_vs_L34,DOL OFLC LCA disclosure data; https://www.dol.gov/agencies/eta/foreign-labor/performance
2019Q1,hcltech,-9.349233468307432,contrast_L12_vs_L34,DOL OFLC LCA disclosure data; https://www.dol.gov/agencies/eta/foreign-labor/performance
2019Q1,hexaware,-271.98586590612075,contrast_L12_vs_L34,DOL OFLC LCA disclosure data; https://www.dol.gov/agencies/eta/foreign-labor/performance
2019Q1,infosys,43.31749542185152,contrast_L12_vs_L34,DOL OFLC LCA disclosure data; https://www.dol.gov/agencies/eta/foreign-labor/performance
2019Q1,ltim,-32.351184434646086,contrast_L12_vs_L34,DOL OFLC LCA disclosure data; https://www.dol.gov/agencies/eta/foreign-labor/performance
2019Q1,mphasis,-74.5032482045554,contrast_L12_vs_L34,DOL OFLC LCA disclosure data; https://www.dol.gov/agencies/eta/foreign-labor/performance
2019Q1,persistent,138.13803463174617,contrast_L12_vs_L34,DOL OFLC LCA disclosure data; https://www.dol.gov/agencies/eta/foreign-labor/performance
2019Q1,tcs,38.630693296040135,contrast_L12_vs_L34,DOL OFLC LCA disclosure data; https://www.dol.gov/agencies/eta/foreign-labor/performance
2019Q1,techm,-188.96534185193693,contrast_L12_vs_L34,DOL OFLC LCA disclosure data; https://www.dol.gov/agencies/eta/foreign-labor/performance
2019Q1,wipro,2.441004711632985,contrast_L12_vs_L34,DOL OFLC LCA disclosure data; https://www.dol.gov/agencies/eta/foreign-labor/performance
2019Q1,pooled8,11.982230650936636,contrast_L12_vs_L34,DOL OFLC LCA disclosure data; https://www.dol.gov/agencies/eta/foreign-labor/performance
2019Q1,pooled_mid,-50.297516825151845,contrast_L12_vs_L34,DOL OFLC LCA disclosure data; https://www.dol.gov/agencies/eta/foreign-labor/performance
2019Q2,accenture,-8.765279102907789,contrast_L12_vs_L34,DOL OFLC LCA disclosure data; https://www.dol.gov/agencies/eta/foreign-labor/performance
2019Q2,capgemini,-1.7303936641988624,contrast_L12_vs_L34,DOL OFLC LCA disclosure data; https://www.dol.gov/agencies/eta/foreign-labor/performance
2019Q2,coforge,-49.66884270019234,contrast_L12_vs_L34,DOL OFLC LCA disclosure data; https://www.dol.gov/agencies/eta/foreign-labor/performance
2019Q2,cognizant,-34.443758316570225,contrast_L12_vs_L34,DOL OFLC LCA disclosure data; https://www.dol.gov/agencies/eta/foreign-labor/performance
2019Q2,hcltech,-2.7997254728375225,contrast_L12_vs_L34,DOL OFLC LCA disclosure data; https://www.dol.gov/agencies/eta/foreign-labor/performance
2019Q2,hexaware,-280.9080499271171,contrast_L12_vs_L34,DOL OFLC LCA disclosure data; https://www.dol.gov/agencies/eta/foreign-labor/performance
2019Q2,infosys,37.63526302466985,contrast_L12_vs_L34,DOL OFLC LCA disclosure data; https://www.dol.gov/agencies/eta/foreign-labor/performance
2019Q2,ltim,-85.2453962524271,contrast_L12_vs_L34,DOL OFLC LCA disclosure data; https://www.dol.gov/agencies/eta/foreign-labor/performance
2019Q2,mphasis,-5.506495777006151,contrast_L12_vs_L34,DOL OFLC LCA disclosure data; https://www.dol.gov/agencies/eta/foreign-labor/performance
2019Q2,persistent,133.49347779119253,contrast_L12_vs_L34,DOL OFLC LCA disclosure data; https://www.dol.gov/agencies/eta/foreign-labor/performance
2019Q2,tcs,41.65933970241829,contrast_L12_vs_L34,DOL OFLC LCA disclosure data; https://www.dol.gov/agencies/eta/foreign-labor/performance
2019Q2,techm,-227.52636575212907,contrast_L12_vs_L34,DOL OFLC LCA disclosure data; https://www.dol.gov/agencies/eta/foreign-labor/performance
2019Q2,wipro,31.709767092078938,contrast_L12_vs_L34,DOL OFLC LCA disclosure data; https://www.dol.gov/agencies/eta/foreign-labor/performance
2019Q2,pooled8,12.027324359744268,contrast_L12_vs_L34,DOL OFLC LCA disclosure data; https://www.dol.gov/agencies/eta/foreign-labor/performance
2019Q2,pooled_mid,-48.41314569668109,contrast_L12_vs_L34,DOL OFLC LCA disclosure data; https://www.dol.gov/agencies/eta/foreign-labor/performance
2019Q3,accenture,-14.528874603123006,contrast_L12_vs_L34,DOL OFLC LCA disclosure data; https://www.dol.gov/agencies/eta/foreign-labor/performance
2019Q3,capgemini,13.503898344745508,contrast_L12_vs_L34,DOL OFLC LCA disclosure data; https://www.dol.gov/agencies/eta/foreign-labor/performance
2019Q3,coforge,-61.51867996953498,contrast_L12_vs_L34,DOL OFLC LCA disclosure data; https://www.dol.gov/agencies/eta/foreign-labor/performance
2019Q3,cognizant,-34.730000094681586,contrast_L12_vs_L34,DOL OFLC LCA disclosure data; https://www.dol.gov/agencies/eta/foreign-labor/performance
2019Q3,hcltech,5.037551820630313,contrast_L12_vs_L34,DOL OFLC LCA disclosure data; https://www.dol.gov/agencies/eta/foreign-labor/performance
2019Q3,hexaware,-165.28390342846205,contrast_L12_vs_L34,DOL OFLC LCA disclosure data; https://www.dol.gov/agencies/eta/foreign-labor/performance
2019Q3,infosys,38.63782327410977,contrast_L12_vs_L34,DOL OFLC LCA disclosure data; https://www.dol.gov/agencies/eta/foreign-labor/performance
2019Q3,ltim,-103.35900168073232,contrast_L12_vs_L34,DOL OFLC LCA disclosure data; https://www.dol.gov/agencies/eta/foreign-labor/performance
2019Q3,mphasis,64.25034256604792,contrast_L12_vs_L34,DOL OFLC LCA disclosure data; https://www.dol.gov/agencies/eta/foreign-labor/performance
2019Q3,persistent,64.75016730699849,contrast_L12_vs_L34,DOL OFLC LCA disclosure data; https://www.dol.gov/agencies/eta/foreign-labor/performance
2019Q3,tcs,42.92042258481,contrast_L12_vs_L34,DOL OFLC LCA disclosure data; https://www.dol.gov/agencies/eta/foreign-labor/performance
2019Q3,techm,-134.2735526097421,contrast_L12_vs_L34,DOL OFLC LCA disclosure data; https://www.dol.gov/agencies/eta/foreign-labor/performance
2019Q3,wipro,41.26981564468592,contrast_L12_vs_L34,DOL OFLC LCA disclosure data; https://www.dol.gov/agencies/eta/foreign-labor/performance
2019Q3,pooled8,26.692750154833025,contrast_L12_vs_L34,DOL OFLC LCA disclosure data; https://www.dol.gov/agencies/eta/foreign-labor/performance
2019Q3,pooled_mid,-43.73777588608773,contrast_L12_vs_L34,DOL OFLC LCA disclosure data; https://www.dol.gov/agencies/eta/foreign-labor/performance
2019Q4,accenture,-17.07966771502303,contrast_L12_vs_L34,DOL OFLC LCA disclosure data; https://www.dol.gov/agencies/eta/foreign-labor/performance
2019Q4,capgemini,24.477605836180604,contrast_L12_vs_L34,DOL OFLC LCA disclosure data; https://www.dol.gov/agencies/eta/foreign-labor/performance
2019Q4,coforge,-67.53961133742136,contrast_L12_vs_L34,DOL OFLC LCA disclosure data; https://www.dol.gov/agencies/eta/foreign-labor/performance
2019Q4,cognizant,-34.54581696173429,contrast_L12_vs_L34,DOL OFLC LCA disclosure data; https://www.dol.gov/agencies/eta/foreign-labor/performance
2019Q4,hcltech,18.307517249562437,contrast_L12_vs_L34,DOL OFLC LCA disclosure data; https://www.dol.gov/agencies/eta/foreign-labor/performance
2019Q4,hexaware,-150.6868971155052,contrast_L12_vs_L34,DOL OFLC LCA disclosure data; https://www.dol.gov/agencies/eta/foreign-labor/performance
2019Q4,infosys,37.05147906241858,contrast_L12_vs_L34,DOL OFLC LCA disclosure data; https://www.dol.gov/agencies/eta/foreign-labor/performance
2019Q4,ltim,-107.14295370222645,contrast_L12_vs_L34,DOL OFLC LCA disclosure data; https://www.dol.gov/agencies/eta/foreign-labor/performance
2019Q4,mphasis,73.57720223264033,contrast_L12_vs_L34,DOL OFLC LCA disclosure data; https://www.dol.gov/agencies/eta/foreign-labor/performance
2019Q4,persistent,40.93866817613463,contrast_L12_vs_L34,DOL OFLC LCA disclosure data; https://www.dol.gov/agencies/eta/foreign-labor/performance
2019Q4,tcs,43.844771647880236,contrast_L12_vs_L34,DOL OFLC LCA disclosure data; https://www.dol.gov/agencies/eta/foreign-labor/performance
2019Q4,techm,-54.048470799100556,contrast_L12_vs_L34,DOL OFLC LCA disclosure data; https://www.dol.gov/agencies/eta/foreign-labor/performance
2019Q4,wipro,50.2636875554641,contrast_L12_vs_L34,DOL OFLC LCA disclosure data; https://www.dol.gov/agencies/eta/foreign-labor/performance
2019Q4,pooled8,25.45409678723076,contrast_L12_vs_L34,DOL OFLC LCA disclosure data; https://www.dol.gov/agencies/eta/foreign-labor/performance
2019Q4,pooled_mid,-52.348520047100756,contrast_L12_vs_L34,DOL OFLC LCA disclosure data; https://www.dol.gov/agencies/eta/foreign-labor/performance
2020Q1,accenture,-73.22839023622379,contrast_L12_vs_L34,DOL OFLC LCA disclosure data; https://www.dol.gov/agencies/eta/foreign-labor/performance
2020Q1,capgemini,-32.37796581350626,contrast_L12_vs_L34,DOL OFLC LCA disclosure data; https://www.dol.gov/agencies/eta/foreign-labor/performance
2020Q1,coforge,-92.26236740676052,contrast_L12_vs_L34,DOL OFLC LCA disclosure data; https://www.dol.gov/agencies/eta/foreign-labor/performance
2020Q1,cognizant,-45.67040411871132,contrast_L12_vs_L34,DOL OFLC LCA disclosure data; https://www.dol.gov/agencies/eta/foreign-labor/performance
2020Q1,hcltech,-3.7543806389136023,contrast_L12_vs_L34,DOL OFLC LCA disclosure data; https://www.dol.gov/agencies/eta/foreign-labor/performance
2020Q1,hexaware,-84.90886860104757,contrast_L12_vs_L34,DOL OFLC LCA disclosure data; https://www.dol.gov/agencies/eta/foreign-labor/performance
2020Q1,infosys,-70.65289962976861,contrast_L12_vs_L34,DOL OFLC LCA disclosure data; https://www.dol.gov/agencies/eta/foreign-labor/performance
2020Q1,ltim,-110.83452849949265,contrast_L12_vs_L34,DOL OFLC LCA disclosure data; https://www.dol.gov/agencies/eta/foreign-labor/performance
2020Q1,mphasis,10.021418868493242,contrast_L12_vs_L34,DOL OFLC LCA disclosure data; https://www.dol.gov/agencies/eta/foreign-labor/performance
2020Q1,persistent,-109.00285449767182,contrast_L12_vs_L34,DOL OFLC LCA disclosure data; https://www.dol.gov/agencies/eta/foreign-labor/performance
2020Q1,tcs,-58.039519729853225,contrast_L12_vs_L34,DOL OFLC LCA disclosure data; https://www.dol.gov/agencies/eta/foreign-labor/performance
2020Q1,techm,-27.198578141037423,contrast_L12_vs_L34,DOL OFLC LCA disclosure data; https://www.dol.gov/agencies/eta/foreign-labor/performance
2020Q1,wipro,-54.09471585897086,contrast_L12_vs_L34,DOL OFLC LCA disclosure data; https://www.dol.gov/agencies/eta/foreign-labor/performance
2020Q1,pooled8,-42.913854856817764,contrast_L12_vs_L34,DOL OFLC LCA disclosure data; https://www.dol.gov/agencies/eta/foreign-labor/performance
2020Q1,pooled_mid,-73.51329394430186,contrast_L12_vs_L34,DOL OFLC LCA disclosure data; https://www.dol.gov/agencies/eta/foreign-labor/performance
2020Q2,accenture,-57.09052467774782,contrast_L12_vs_L34,DOL OFLC LCA disclosure data; https://www.dol.gov/agencies/eta/foreign-labor/performance
2020Q2,capgemini,-20.152119155151716,contrast_L12_vs_L34,DOL OFLC LCA disclosure data; https://www.dol.gov/agencies/eta/foreign-labor/performance
2020Q2,coforge,-16.164160062809458,contrast_L12_vs_L34,DOL OFLC LCA disclosure data; https://www.dol.gov/agencies/eta/foreign-labor/performance
2020Q2,cognizant,-19.282556851181695,contrast_L12_vs_L34,DOL OFLC LCA disclosure data; https://www.dol.gov/agencies/eta/foreign-labor/performance
2020Q2,hcltech,12.339699053710746,contrast_L12_vs_L34,DOL OFLC LCA disclosure data; https://www.dol.gov/agencies/eta/foreign-labor/performance
2020Q2,hexaware,-11.785049610771946,contrast_L12_vs_L34,DOL OFLC LCA disclosure data; https://www.dol.gov/agencies/eta/foreign-labor/performance
2020Q2,infosys,-58.163569404382166,contrast_L12_vs_L34,DOL OFLC LCA disclosure data; https://www.dol.gov/agencies/eta/foreign-labor/performance
2020Q2,ltim,-72.02225671852048,contrast_L12_vs_L34,DOL OFLC LCA disclosure data; https://www.dol.gov/agencies/eta/foreign-labor/performance
2020Q2,mphasis,19.50783792406915,contrast_L12_vs_L34,DOL OFLC LCA disclosure data; https://www.dol.gov/agencies/eta/foreign-labor/performance
2020Q2,persistent,-44.81256052508794,contrast_L12_vs_L34,DOL OFLC LCA disclosure data; https://www.dol.gov/agencies/eta/foreign-labor/performance
2020Q2,tcs,-5.871563571434276,contrast_L12_vs_L34,DOL OFLC LCA disclosure data; https://www.dol.gov/agencies/eta/foreign-labor/performance
2020Q2,techm,54.468270804985025,contrast_L12_vs_L34,DOL OFLC LCA disclosure data; https://www.dol.gov/agencies/eta/foreign-labor/performance
2020Q2,wipro,-49.66268498231478,contrast_L12_vs_L34,DOL OFLC LCA disclosure data; https://www.dol.gov/agencies/eta/foreign-labor/performance
2020Q2,pooled8,-23.309340125281537,contrast_L12_vs_L34,DOL OFLC LCA disclosure data; https://www.dol.gov/agencies/eta/foreign-labor/performance
2020Q2,pooled_mid,-42.58203953171889,contrast_L12_vs_L34,DOL OFLC LCA disclosure data; https://www.dol.gov/agencies/eta/foreign-labor/performance
2020Q3,accenture,-49.631277093163206,contrast_L12_vs_L34,DOL OFLC LCA disclosure data; https://www.dol.gov/agencies/eta/foreign-labor/performance
2020Q3,capgemini,-26.6039592563502,contrast_L12_vs_L34,DOL OFLC LCA disclosure data; https://www.dol.gov/agencies/eta/foreign-labor/performance
2020Q3,coforge,-6.20091373455854,contrast_L12_vs_L34,DOL OFLC LCA disclosure data; https://www.dol.gov/agencies/eta/foreign-labor/performance
2020Q3,cognizant,-12.882839351131036,contrast_L12_vs_L34,DOL OFLC LCA disclosure data; https://www.dol.gov/agencies/eta/foreign-labor/performance
2020Q3,hcltech,6.656010628368591,contrast_L12_vs_L34,DOL OFLC LCA disclosure data; https://www.dol.gov/agencies/eta/foreign-labor/performance
2020Q3,hexaware,5.659776339338637,contrast_L12_vs_L34,DOL OFLC LCA disclosure data; https://www.dol.gov/agencies/eta/foreign-labor/performance
2020Q3,infosys,-53.001295455626504,contrast_L12_vs_L34,DOL OFLC LCA disclosure data; https://www.dol.gov/agencies/eta/foreign-labor/performance
2020Q3,ltim,-12.184237993329976,contrast_L12_vs_L34,DOL OFLC LCA disclosure data; https://www.dol.gov/agencies/eta/foreign-labor/performance
2020Q3,mphasis,-35.20017005434828,contrast_L12_vs_L34,DOL OFLC LCA disclosure data; https://www.dol.gov/agencies/eta/foreign-labor/performance
2020Q3,persistent,-36.77247801253172,contrast_L12_vs_L34,DOL OFLC LCA disclosure data; https://www.dol.gov/agencies/eta/foreign-labor/performance
2020Q3,tcs,7.540296506381846,contrast_L12_vs_L34,DOL OFLC LCA disclosure data; https://www.dol.gov/agencies/eta/foreign-labor/performance
2020Q3,techm,101.39514108152218,contrast_L12_vs_L34,DOL OFLC LCA disclosure data; https://www.dol.gov/agencies/eta/foreign-labor/performance
2020Q3,wipro,-51.162492605396814,contrast_L12_vs_L34,DOL OFLC LCA disclosure data; https://www.dol.gov/agencies/eta/foreign-labor/performance
2020Q3,pooled8,-28.734021030416493,contrast_L12_vs_L34,DOL OFLC LCA disclosure data; https://www.dol.gov/agencies/eta/foreign-labor/performance
2020Q3,pooled_mid,-31.857908277150415,contrast_L12_vs_L34,DOL OFLC LCA disclosure data; https://www.dol.gov/agencies/eta/foreign-labor/performance
2020Q4,accenture,-51.37242608298748,contrast_L12_vs_L34,DOL OFLC LCA disclosure data; https://www.dol.gov/agencies/eta/foreign-labor/performance
2020Q4,capgemini,-17.695704731178374,contrast_L12_vs_L34,DOL OFLC LCA disclosure data; https://www.dol.gov/agencies/eta/foreign-labor/performance
2020Q4,coforge,16.475666889941763,contrast_L12_vs_L34,DOL OFLC LCA disclosure data; https://www.dol.gov/agencies/eta/foreign-labor/performance
2020Q4,cognizant,-0.8847071312335331,contrast_L12_vs_L34,DOL OFLC LCA disclosure data; https://www.dol.gov/agencies/eta/foreign-labor/performance
2020Q4,hcltech,8.468785446134001,contrast_L12_vs_L34,DOL OFLC LCA disclosure data; https://www.dol.gov/agencies/eta/foreign-labor/performance
2020Q4,hexaware,45.363040620640874,contrast_L12_vs_L34,DOL OFLC LCA disclosure data; https://www.dol.gov/agencies/eta/foreign-labor/performance
2020Q4,infosys,-42.650044335453245,contrast_L12_vs_L34,DOL OFLC LCA disclosure data; https://www.dol.gov/agencies/eta/foreign-labor/performance
2020Q4,ltim,11.92883402567115,contrast_L12_vs_L34,DOL OFLC LCA disclosure data; https://www.dol.gov/agencies/eta/foreign-labor/performance
2020Q4,mphasis,-104.18670377997357,contrast_L12_vs_L34,DOL OFLC LCA disclosure data; https://www.dol.gov/agencies/eta/foreign-labor/performance
2020Q4,persistent,8.87855505636136,contrast_L12_vs_L34,DOL OFLC LCA disclosure data; https://www.dol.gov/agencies/eta/foreign-labor/performance
2020Q4,tcs,21.318373093156083,contrast_L12_vs_L34,DOL OFLC LCA disclosure data; https://www.dol.gov/agencies/eta/foreign-labor/performance
2020Q4,techm,58.21435362855823,contrast_L12_vs_L34,DOL OFLC LCA disclosure data; https://www.dol.gov/agencies/eta/foreign-labor/performance
2020Q4,wipro,-61.65452293993642,contrast_L12_vs_L34,DOL OFLC LCA disclosure data; https://www.dol.gov/agencies/eta/foreign-labor/performance
2020Q4,pooled8,-17.722230300497692,contrast_L12_vs_L34,DOL OFLC LCA disclosure data; https://www.dol.gov/agencies/eta/foreign-labor/performance
2020Q4,pooled_mid,-6.733488559618557,contrast_L12_vs_L34,DOL OFLC LCA disclosure data; https://www.dol.gov/agencies/eta/foreign-labor/performance
2021Q1,accenture,7.0352409826552815,contrast_L12_vs_L34,DOL OFLC LCA disclosure data; https://www.dol.gov/agencies/eta/foreign-labor/performance
2021Q1,capgemini,25.62607584404183,contrast_L12_vs_L34,DOL OFLC LCA disclosure data; https://www.dol.gov/agencies/eta/foreign-labor/performance
2021Q1,coforge,66.96504563223723,contrast_L12_vs_L34,DOL OFLC LCA disclosure data; https://www.dol.gov/agencies/eta/foreign-labor/performance
2021Q1,cognizant,21.28411984573058,contrast_L12_vs_L34,DOL OFLC LCA disclosure data; https://www.dol.gov/agencies/eta/foreign-labor/performance
2021Q1,hcltech,27.896260860094994,contrast_L12_vs_L34,DOL OFLC LCA disclosure data; https://www.dol.gov/agencies/eta/foreign-labor/performance
2021Q1,hexaware,85.0471266645394,contrast_L12_vs_L34,DOL OFLC LCA disclosure data; https://www.dol.gov/agencies/eta/foreign-labor/performance
2021Q1,infosys,10.89815916201482,contrast_L12_vs_L34,DOL OFLC LCA disclosure data; https://www.dol.gov/agencies/eta/foreign-labor/performance
2021Q1,ltim,50.71571280739494,contrast_L12_vs_L34,DOL OFLC LCA disclosure data; https://www.dol.gov/agencies/eta/foreign-labor/performance
2021Q1,mphasis,-1.9899772777112545,contrast_L12_vs_L34,DOL OFLC LCA disclosure data; https://www.dol.gov/agencies/eta/foreign-labor/performance
2021Q1,persistent,36.179004460550274,contrast_L12_vs_L34,DOL OFLC LCA disclosure data; https://www.dol.gov/agencies/eta/foreign-labor/performance
2021Q1,tcs,48.07447915637941,contrast_L12_vs_L34,DOL OFLC LCA disclosure data; https://www.dol.gov/agencies/eta/foreign-labor/performance
2021Q1,techm,72.01648765416496,contrast_L12_vs_L34,DOL OFLC LCA disclosure data; https://www.dol.gov/agencies/eta/foreign-labor/performance
2021Q1,wipro,33.272508621178304,contrast_L12_vs_L34,DOL OFLC LCA disclosure data; https://www.dol.gov/agencies/eta/foreign-labor/performance
2021Q1,pooled8,32.26122424556568,contrast_L12_vs_L34,DOL OFLC LCA disclosure data; https://www.dol.gov/agencies/eta/foreign-labor/performance
2021Q1,pooled_mid,49.33310494587997,contrast_L12_vs_L34,DOL OFLC LCA disclosure data; https://www.dol.gov/agencies/eta/foreign-labor/performance
2021Q2,accenture,-15.308021916129759,contrast_L12_vs_L34,DOL OFLC LCA disclosure data; https://www.dol.gov/agencies/eta/foreign-labor/performance
2021Q2,capgemini,-17.119428103571643,contrast_L12_vs_L34,DOL OFLC LCA disclosure data; https://www.dol.gov/agencies/eta/foreign-labor/performance
2021Q2,coforge,-1.5339345970356248,contrast_L12_vs_L34,DOL OFLC LCA disclosure data; https://www.dol.gov/agencies/eta/foreign-labor/performance
2021Q2,cognizant,-15.904111054310299,contrast_L12_vs_L34,DOL OFLC LCA disclosure data; https://www.dol.gov/agencies/eta/foreign-labor/performance
2021Q2,hcltech,11.096711879881543,contrast_L12_vs_L34,DOL OFLC LCA disclosure data; https://www.dol.gov/agencies/eta/foreign-labor/performance
2021Q2,hexaware,28.650441417301025,contrast_L12_vs_L34,DOL OFLC LCA disclosure data; https://www.dol.gov/agencies/eta/foreign-labor/performance
2021Q2,infosys,4.735967530673946,contrast_L12_vs_L34,DOL OFLC LCA disclosure data; https://www.dol.gov/agencies/eta/foreign-labor/performance
2021Q2,ltim,41.58197927352844,contrast_L12_vs_L34,DOL OFLC LCA disclosure data; https://www.dol.gov/agencies/eta/foreign-labor/performance
2021Q2,mphasis,-34.57891362934813,contrast_L12_vs_L34,DOL OFLC LCA disclosure data; https://www.dol.gov/agencies/eta/foreign-labor/performance
2021Q2,persistent,-41.03194865729625,contrast_L12_vs_L34,DOL OFLC LCA disclosure data; https://www.dol.gov/agencies/eta/foreign-labor/performance
2021Q2,tcs,-50.76675886397945,contrast_L12_vs_L34,DOL OFLC LCA disclosure data; https://www.dol.gov/agencies/eta/foreign-labor/performance
2021Q2,techm,2.8447309192739567,contrast_L12_vs_L34,DOL OFLC LCA disclosure data; https://www.dol.gov/agencies/eta/foreign-labor/performance
2021Q2,wipro,43.02996019288458,contrast_L12_vs_L34,DOL OFLC LCA disclosure data; https://www.dol.gov/agencies/eta/foreign-labor/performance
2021Q2,pooled8,7.282194561942177,contrast_L12_vs_L34,DOL OFLC LCA disclosure data; https://www.dol.gov/agencies/eta/foreign-labor/performance
2021Q2,pooled_mid,14.735979633171098,contrast_L12_vs_L34,DOL OFLC LCA disclosure data; https://www.dol.gov/agencies/eta/foreign-labor/performance
2021Q3,accenture,-30.35188525724989,contrast_L12_vs_L34,DOL OFLC LCA disclosure data; https://www.dol.gov/agencies/eta/foreign-labor/performance
2021Q3,capgemini,-29.978491387751212,contrast_L12_vs_L34,DOL OFLC LCA disclosure data; https://www.dol.gov/agencies/eta/foreign-labor/performance
2021Q3,coforge,28.7817730052206,contrast_L12_vs_L34,DOL OFLC LCA disclosure data; https://www.dol.gov/agencies/eta/foreign-labor/performance
2021Q3,cognizant,-31.67269668201058,contrast_L12_vs_L34,DOL OFLC LCA disclosure data; https://www.dol.gov/agencies/eta/foreign-labor/performance
2021Q3,hcltech,-1.4395053288686768,contrast_L12_vs_L34,DOL OFLC LCA disclosure data; https://www.dol.gov/agencies/eta/foreign-labor/performance
2021Q3,hexaware,-9.312493652971767,contrast_L12_vs_L34,DOL OFLC LCA disclosure data; https://www.dol.gov/agencies/eta/foreign-labor/performance
2021Q3,infosys,-4.599845117252059,contrast_L12_vs_L34,DOL OFLC LCA disclosure data; https://www.dol.gov/agencies/eta/foreign-labor/performance
2021Q3,ltim,20.989970593047467,contrast_L12_vs_L34,DOL OFLC LCA disclosure data; https://www.dol.gov/agencies/eta/foreign-labor/performance
2021Q3,mphasis,-25.447462590169295,contrast_L12_vs_L34,DOL OFLC LCA disclosure data; https://www.dol.gov/agencies/eta/foreign-labor/performance
2021Q3,persistent,100.01722158548571,contrast_L12_vs_L34,DOL OFLC LCA disclosure data; https://www.dol.gov/agencies/eta/foreign-labor/performance
2021Q3,tcs,-78.13774017123536,contrast_L12_vs_L34,DOL OFLC LCA disclosure data; https://www.dol.gov/agencies/eta/foreign-labor/performance
2021Q3,techm,-56.29766444634318,contrast_L12_vs_L34,DOL OFLC LCA disclosure data; https://www.dol.gov/agencies/eta/foreign-labor/performance
2021Q3,wipro,49.19383232526393,contrast_L12_vs_L34,DOL OFLC LCA disclosure data; https://www.dol.gov/agencies/eta/foreign-labor/performance
2021Q3,pooled8,-5.034381873491093,contrast_L12_vs_L34,DOL OFLC LCA disclosure data; https://www.dol.gov/agencies/eta/foreign-labor/performance
2021Q3,pooled_mid,13.092595296748215,contrast_L12_vs_L34,DOL OFLC LCA disclosure data; https://www.dol.gov/agencies/eta/foreign-labor/performance
2021Q4,accenture,-35.51156657011368,contrast_L12_vs_L34,DOL OFLC LCA disclosure data; https://www.dol.gov/agencies/eta/foreign-labor/performance
2021Q4,capgemini,-49.072572584060055,contrast_L12_vs_L34,DOL OFLC LCA disclosure data; https://www.dol.gov/agencies/eta/foreign-labor/performance
2021Q4,coforge,20.43480836941717,contrast_L12_vs_L34,DOL OFLC LCA disclosure data; https://www.dol.gov/agencies/eta/foreign-labor/performance
2021Q4,cognizant,-46.41345626277588,contrast_L12_vs_L34,DOL OFLC LCA disclosure data; https://www.dol.gov/agencies/eta/foreign-labor/performance
2021Q4,hcltech,-20.401109924731543,contrast_L12_vs_L34,DOL OFLC LCA disclosure data; https://www.dol.gov/agencies/eta/foreign-labor/performance
2021Q4,hexaware,-41.98170418406306,contrast_L12_vs_L34,DOL OFLC LCA disclosure data; https://www.dol.gov/agencies/eta/foreign-labor/performance
2021Q4,infosys,-28.45066819858195,contrast_L12_vs_L34,DOL OFLC LCA disclosure data; https://www.dol.gov/agencies/eta/foreign-labor/performance
2021Q4,ltim,9.481837017099055,contrast_L12_vs_L34,DOL OFLC LCA disclosure data; https://www.dol.gov/agencies/eta/foreign-labor/performance
2021Q4,mphasis,66.14352831155588,contrast_L12_vs_L34,DOL OFLC LCA disclosure data; https://www.dol.gov/agencies/eta/foreign-labor/performance
2021Q4,persistent,69.17534521113416,contrast_L12_vs_L34,DOL OFLC LCA disclosure data; https://www.dol.gov/agencies/eta/foreign-labor/performance
2021Q4,tcs,-102.46270455002943,contrast_L12_vs_L34,DOL OFLC LCA disclosure data; https://www.dol.gov/agencies/eta/foreign-labor/performance
2021Q4,techm,-41.300786962500474,contrast_L12_vs_L34,DOL OFLC LCA disclosure data; https://www.dol.gov/agencies/eta/foreign-labor/performance
2021Q4,wipro,52.84436961354925,contrast_L12_vs_L34,DOL OFLC LCA disclosure data; https://www.dol.gov/agencies/eta/foreign-labor/performance
2021Q4,pooled8,-25.149852208698974,contrast_L12_vs_L34,DOL OFLC LCA disclosure data; https://www.dol.gov/agencies/eta/foreign-labor/performance
2021Q4,pooled_mid,-16.763518058419116,contrast_L12_vs_L34,DOL OFLC LCA disclosure data; https://www.dol.gov/agencies/eta/foreign-labor/performance
2022Q1,accenture,-51.51027014155527,contrast_L12_vs_L34,DOL OFLC LCA disclosure data; https://www.dol.gov/agencies/eta/foreign-labor/performance
2022Q1,capgemini,-56.02164773203551,contrast_L12_vs_L34,DOL OFLC LCA disclosure data; https://www.dol.gov/agencies/eta/foreign-labor/performance
2022Q1,coforge,-30.63424951691838,contrast_L12_vs_L34,DOL OFLC LCA disclosure data; https://www.dol.gov/agencies/eta/foreign-labor/performance
2022Q1,cognizant,-62.22461384507368,contrast_L12_vs_L34,DOL OFLC LCA disclosure data; https://www.dol.gov/agencies/eta/foreign-labor/performance
2022Q1,hcltech,-22.56546443111229,contrast_L12_vs_L34,DOL OFLC LCA disclosure data; https://www.dol.gov/agencies/eta/foreign-labor/performance
2022Q1,hexaware,-36.527979113225086,contrast_L12_vs_L34,DOL OFLC LCA disclosure data; https://www.dol.gov/agencies/eta/foreign-labor/performance
2022Q1,infosys,-33.501802829435185,contrast_L12_vs_L34,DOL OFLC LCA disclosure data; https://www.dol.gov/agencies/eta/foreign-labor/performance
2022Q1,ltim,7.163167771097653,contrast_L12_vs_L34,DOL OFLC LCA disclosure data; https://www.dol.gov/agencies/eta/foreign-labor/performance
2022Q1,mphasis,37.99308565174463,contrast_L12_vs_L34,DOL OFLC LCA disclosure data; https://www.dol.gov/agencies/eta/foreign-labor/performance
2022Q1,tcs,-88.18731128950566,contrast_L12_vs_L34,DOL OFLC LCA disclosure data; https://www.dol.gov/agencies/eta/foreign-labor/performance
2022Q1,techm,2.1644402617980916,contrast_L12_vs_L34,DOL OFLC LCA disclosure data; https://www.dol.gov/agencies/eta/foreign-labor/performance
2022Q1,wipro,28.800226577123148,contrast_L12_vs_L34,DOL OFLC LCA disclosure data; https://www.dol.gov/agencies/eta/foreign-labor/performance
2022Q1,pooled8,-41.200402307052336,contrast_L12_vs_L34,DOL OFLC LCA disclosure data; https://www.dol.gov/agencies/eta/foreign-labor/performance
2022Q1,pooled_mid,-39.97078940944134,contrast_L12_vs_L34,DOL OFLC LCA disclosure data; https://www.dol.gov/agencies/eta/foreign-labor/performance
2022Q2,accenture,-42.50083957365458,contrast_L12_vs_L34,DOL OFLC LCA disclosure data; https://www.dol.gov/agencies/eta/foreign-labor/performance
2022Q2,capgemini,-33.85890616539024,contrast_L12_vs_L34,DOL OFLC LCA disclosure data; https://www.dol.gov/agencies/eta/foreign-labor/performance
2022Q2,coforge,-37.46011602068843,contrast_L12_vs_L34,DOL OFLC LCA disclosure data; https://www.dol.gov/agencies/eta/foreign-labor/performance
2022Q2,cognizant,-41.07505291056873,contrast_L12_vs_L34,DOL OFLC LCA disclosure data; https://www.dol.gov/agencies/eta/foreign-labor/performance
2022Q2,hcltech,-17.998558165112712,contrast_L12_vs_L34,DOL OFLC LCA disclosure data; https://www.dol.gov/agencies/eta/foreign-labor/performance
2022Q2,hexaware,2.7844229994927314,contrast_L12_vs_L34,DOL OFLC LCA disclosure data; https://www.dol.gov/agencies/eta/foreign-labor/performance
2022Q2,infosys,-27.187552004138723,contrast_L12_vs_L34,DOL OFLC LCA disclosure data; https://www.dol.gov/agencies/eta/foreign-labor/performance
2022Q2,ltim,0.23488074312124851,contrast_L12_vs_L34,DOL OFLC LCA disclosure data; https://www.dol.gov/agencies/eta/foreign-labor/performance
2022Q2,mphasis,7.697554814608326,contrast_L12_vs_L34,DOL OFLC LCA disclosure data; https://www.dol.gov/agencies/eta/foreign-labor/performance
2022Q2,persistent,115.53651052605592,contrast_L12_vs_L34,DOL OFLC LCA disclosure data; https://www.dol.gov/agencies/eta/foreign-labor/performance
2022Q2,tcs,-37.628486342018036,contrast_L12_vs_L34,DOL OFLC LCA disclosure data; https://www.dol.gov/agencies/eta/foreign-labor/performance
2022Q2,techm,26.032076645670955,contrast_L12_vs_L34,DOL OFLC LCA disclosure data; https://www.dol.gov/agencies/eta/foreign-labor/performance
2022Q2,wipro,-9.765633803410742,contrast_L12_vs_L34,DOL OFLC LCA disclosure data; https://www.dol.gov/agencies/eta/foreign-labor/performance
2022Q2,pooled8,-31.216492684314023,contrast_L12_vs_L34,DOL OFLC LCA disclosure data; https://www.dol.gov/agencies/eta/foreign-labor/performance
2022Q2,pooled_mid,-34.67928579115609,contrast_L12_vs_L34,DOL OFLC LCA disclosure data; https://www.dol.gov/agencies/eta/foreign-labor/performance
2022Q3,accenture,-38.93961558116009,contrast_L12_vs_L34,DOL OFLC LCA disclosure data; https://www.dol.gov/agencies/eta/foreign-labor/performance
2022Q3,capgemini,-20.566288355858852,contrast_L12_vs_L34,DOL OFLC LCA disclosure data; https://www.dol.gov/agencies/eta/foreign-labor/performance
2022Q3,coforge,-96.83077462136849,contrast_L12_vs_L34,DOL OFLC LCA disclosure data; https://www.dol.gov/agencies/eta/foreign-labor/performance
2022Q3,cognizant,-43.64375030994269,contrast_L12_vs_L34,DOL OFLC LCA disclosure data; https://www.dol.gov/agencies/eta/foreign-labor/performance
2022Q3,hcltech,-13.066403955998524,contrast_L12_vs_L34,DOL OFLC LCA disclosure data; https://www.dol.gov/agencies/eta/foreign-labor/performance
2022Q3,hexaware,29.41192350289469,contrast_L12_vs_L34,DOL OFLC LCA disclosure data; https://www.dol.gov/agencies/eta/foreign-labor/performance
2022Q3,infosys,-24.246667393580534,contrast_L12_vs_L34,DOL OFLC LCA disclosure data; https://www.dol.gov/agencies/eta/foreign-labor/performance
2022Q3,ltim,-7.743576748738796,contrast_L12_vs_L34,DOL OFLC LCA disclosure data; https://www.dol.gov/agencies/eta/foreign-labor/performance
2022Q3,mphasis,-27.003204941964796,contrast_L12_vs_L34,DOL OFLC LCA disclosure data; https://www.dol.gov/agencies/eta/foreign-labor/performance
2022Q3,persistent,11.223339494558825,contrast_L12_vs_L34,DOL OFLC LCA disclosure data; https://www.dol.gov/agencies/eta/foreign-labor/performance
2022Q3,tcs,-36.49986362482484,contrast_L12_vs_L34,DOL OFLC LCA disclosure data; https://www.dol.gov/agencies/eta/foreign-labor/performance
2022Q3,techm,83.18840075198587,contrast_L12_vs_L34,DOL OFLC LCA disclosure data; https://www.dol.gov/agencies/eta/foreign-labor/performance
2022Q3,wipro,-37.78703297543929,contrast_L12_vs_L34,DOL OFLC LCA disclosure data; https://www.dol.gov/agencies/eta/foreign-labor/performance
2022Q3,pooled8,-24.351123844948432,contrast_L12_vs_L34,DOL OFLC LCA disclosure data; https://www.dol.gov/agencies/eta/foreign-labor/performance
2022Q3,pooled_mid,-37.615238253109865,contrast_L12_vs_L34,DOL OFLC LCA disclosure data; https://www.dol.gov/agencies/eta/foreign-labor/performance
2022Q4,accenture,-19.75741922756807,contrast_L12_vs_L34,DOL OFLC LCA disclosure data; https://www.dol.gov/agencies/eta/foreign-labor/performance
2022Q4,capgemini,-14.51217718409573,contrast_L12_vs_L34,DOL OFLC LCA disclosure data; https://www.dol.gov/agencies/eta/foreign-labor/performance
2022Q4,coforge,-116.72838233913706,contrast_L12_vs_L34,DOL OFLC LCA disclosure data; https://www.dol.gov/agencies/eta/foreign-labor/performance
2022Q4,cognizant,-45.10475284316344,contrast_L12_vs_L34,DOL OFLC LCA disclosure data; https://www.dol.gov/agencies/eta/foreign-labor/performance
2022Q4,hcltech,-10.948651551017647,contrast_L12_vs_L34,DOL OFLC LCA disclosure data; https://www.dol.gov/agencies/eta/foreign-labor/performance
2022Q4,hexaware,46.84544422589062,contrast_L12_vs_L34,DOL OFLC LCA disclosure data; https://www.dol.gov/agencies/eta/foreign-labor/performance
2022Q4,infosys,-4.147488853874561,contrast_L12_vs_L34,DOL OFLC LCA disclosure data; https://www.dol.gov/agencies/eta/foreign-labor/performance
2022Q4,ltim,-19.19505059568463,contrast_L12_vs_L34,DOL OFLC LCA disclosure data; https://www.dol.gov/agencies/eta/foreign-labor/performance
2022Q4,mphasis,-83.33949552182122,contrast_L12_vs_L34,DOL OFLC LCA disclosure data; https://www.dol.gov/agencies/eta/foreign-labor/performance
2022Q4,persistent,-80.0524295055212,contrast_L12_vs_L34,DOL OFLC LCA disclosure data; https://www.dol.gov/agencies/eta/foreign-labor/performance
2022Q4,tcs,-20.23608902416217,contrast_L12_vs_L34,DOL OFLC LCA disclosure data; https://www.dol.gov/agencies/eta/foreign-labor/performance
2022Q4,techm,169.0274023088224,contrast_L12_vs_L34,DOL OFLC LCA disclosure data; https://www.dol.gov/agencies/eta/foreign-labor/performance
2022Q4,wipro,-44.18354763435615,contrast_L12_vs_L34,DOL OFLC LCA disclosure data; https://www.dol.gov/agencies/eta/foreign-labor/performance
2022Q4,pooled8,-11.24402864539825,contrast_L12_vs_L34,DOL OFLC LCA disclosure data; https://www.dol.gov/agencies/eta/foreign-labor/performance
2022Q4,pooled_mid,-23.836963491714563,contrast_L12_vs_L34,DOL OFLC LCA disclosure data; https://www.dol.gov/agencies/eta/foreign-labor/performance
2023Q1,accenture,-16.81478267397468,contrast_L12_vs_L34,DOL OFLC LCA disclosure data; https://www.dol.gov/agencies/eta/foreign-labor/performance
2023Q1,capgemini,-4.427864122718792,contrast_L12_vs_L34,DOL OFLC LCA disclosure data; https://www.dol.gov/agencies/eta/foreign-labor/performance
2023Q1,coforge,-91.57899807370013,contrast_L12_vs_L34,DOL OFLC LCA disclosure data; https://www.dol.gov/agencies/eta/foreign-labor/performance
2023Q1,cognizant,-44.39575107429007,contrast_L12_vs_L34,DOL OFLC LCA disclosure data; https://www.dol.gov/agencies/eta/foreign-labor/performance
2023Q1,hcltech,-13.544164134918148,contrast_L12_vs_L34,DOL OFLC LCA disclosure data; https://www.dol.gov/agencies/eta/foreign-labor/performance
2023Q1,hexaware,49.989392742127535,contrast_L12_vs_L34,DOL OFLC LCA disclosure data; https://www.dol.gov/agencies/eta/foreign-labor/performance
2023Q1,infosys,9.397610105845292,contrast_L12_vs_L34,DOL OFLC LCA disclosure data; https://www.dol.gov/agencies/eta/foreign-labor/performance
2023Q1,ltim,-11.637296499803414,contrast_L12_vs_L34,DOL OFLC LCA disclosure data; https://www.dol.gov/agencies/eta/foreign-labor/performance
2023Q1,mphasis,-52.00102356372629,contrast_L12_vs_L34,DOL OFLC LCA disclosure data; https://www.dol.gov/agencies/eta/foreign-labor/performance
2023Q1,tcs,0.27325544322953377,contrast_L12_vs_L34,DOL OFLC LCA disclosure data; https://www.dol.gov/agencies/eta/foreign-labor/performance
2023Q1,techm,138.7464636268081,contrast_L12_vs_L34,DOL OFLC LCA disclosure data; https://www.dol.gov/agencies/eta/foreign-labor/performance
2023Q1,wipro,-46.33800726081972,contrast_L12_vs_L34,DOL OFLC LCA disclosure data; https://www.dol.gov/agencies/eta/foreign-labor/performance
2023Q1,pooled8,2.1550945374656827,contrast_L12_vs_L34,DOL OFLC LCA disclosure data; https://www.dol.gov/agencies/eta/foreign-labor/performance
2023Q1,pooled_mid,-8.67301358678577,contrast_L12_vs_L34,DOL OFLC LCA disclosure data; https://www.dol.gov/agencies/eta/foreign-labor/performance
2023Q2,accenture,-33.03781273975332,contrast_L12_vs_L34,DOL OFLC LCA disclosure data; https://www.dol.gov/agencies/eta/foreign-labor/performance
2023Q2,capgemini,-14.176114749739433,contrast_L12_vs_L34,DOL OFLC LCA disclosure data; https://www.dol.gov/agencies/eta/foreign-labor/performance
2023Q2,coforge,-63.251936996291604,contrast_L12_vs_L34,DOL OFLC LCA disclosure data; https://www.dol.gov/agencies/eta/foreign-labor/performance
2023Q2,cognizant,-53.06415875003661,contrast_L12_vs_L34,DOL OFLC LCA disclosure data; https://www.dol.gov/agencies/eta/foreign-labor/performance
2023Q2,hcltech,-28.25851115125907,contrast_L12_vs_L34,DOL OFLC LCA disclosure data; https://www.dol.gov/agencies/eta/foreign-labor/performance
2023Q2,hexaware,24.604200543321774,contrast_L12_vs_L34,DOL OFLC LCA disclosure data; https://www.dol.gov/agencies/eta/foreign-labor/performance
2023Q2,infosys,-33.07783961677727,contrast_L12_vs_L34,DOL OFLC LCA disclosure data; https://www.dol.gov/agencies/eta/foreign-labor/performance
2023Q2,ltim,4.115015022569999,contrast_L12_vs_L34,DOL OFLC LCA disclosure data; https://www.dol.gov/agencies/eta/foreign-labor/performance
2023Q2,mphasis,3.5245519497304265,contrast_L12_vs_L34,DOL OFLC LCA disclosure data; https://www.dol.gov/agencies/eta/foreign-labor/performance
2023Q2,persistent,-86.8595858066138,contrast_L12_vs_L34,DOL OFLC LCA disclosure data; https://www.dol.gov/agencies/eta/foreign-labor/performance
2023Q2,tcs,-10.799383032619389,contrast_L12_vs_L34,DOL OFLC LCA disclosure data; https://www.dol.gov/agencies/eta/foreign-labor/performance
2023Q2,techm,184.82845245415575,contrast_L12_vs_L34,DOL OFLC LCA disclosure data; https://www.dol.gov/agencies/eta/foreign-labor/performance
2023Q2,wipro,-34.32075279195084,contrast_L12_vs_L34,DOL OFLC LCA disclosure data; https://www.dol.gov/agencies/eta/foreign-labor/performance
2023Q2,pooled8,-24.23590491439159,contrast_L12_vs_L34,DOL OFLC LCA disclosure data; https://www.dol.gov/agencies/eta/foreign-labor/performance
2023Q2,pooled_mid,-3.594588434818281,contrast_L12_vs_L34,DOL OFLC LCA disclosure data; https://www.dol.gov/agencies/eta/foreign-labor/performance
2023Q3,accenture,-8.59526156413877,contrast_L12_vs_L34,DOL OFLC LCA disclosure data; https://www.dol.gov/agencies/eta/foreign-labor/performance
2023Q3,capgemini,-15.691687221920802,contrast_L12_vs_L34,DOL OFLC LCA disclosure data; https://www.dol.gov/agencies/eta/foreign-labor/performance
2023Q3,coforge,-15.971552446066582,contrast_L12_vs_L34,DOL OFLC LCA disclosure data; https://www.dol.gov/agencies/eta/foreign-labor/performance
2023Q3,cognizant,-25.4758341777618,contrast_L12_vs_L34,DOL OFLC LCA disclosure data; https://www.dol.gov/agencies/eta/foreign-labor/performance
2023Q3,hcltech,-7.717048788366158,contrast_L12_vs_L34,DOL OFLC LCA disclosure data; https://www.dol.gov/agencies/eta/foreign-labor/performance
2023Q3,hexaware,33.56186466417458,contrast_L12_vs_L34,DOL OFLC LCA disclosure data; https://www.dol.gov/agencies/eta/foreign-labor/performance
2023Q3,infosys,-20.2734682518914,contrast_L12_vs_L34,DOL OFLC LCA disclosure data; https://www.dol.gov/agencies/eta/foreign-labor/performance
2023Q3,ltim,30.71919103591016,contrast_L12_vs_L34,DOL OFLC LCA disclosure data; https://www.dol.gov/agencies/eta/foreign-labor/performance
2023Q3,mphasis,42.62682357379278,contrast_L12_vs_L34,DOL OFLC LCA disclosure data; https://www.dol.gov/agencies/eta/foreign-labor/performance
2023Q3,persistent,-65.94739654533575,contrast_L12_vs_L34,DOL OFLC LCA disclosure data; https://www.dol.gov/agencies/eta/foreign-labor/performance
2023Q3,tcs,23.75751896996598,contrast_L12_vs_L34,DOL OFLC LCA disclosure data; https://www.dol.gov/agencies/eta/foreign-labor/performance
2023Q3,techm,153.22895627869283,contrast_L12_vs_L34,DOL OFLC LCA disclosure data; https://www.dol.gov/agencies/eta/foreign-labor/performance
2023Q3,wipro,-1.6957277277833036,contrast_L12_vs_L34,DOL OFLC LCA disclosure data; https://www.dol.gov/agencies/eta/foreign-labor/performance
2023Q3,pooled8,-9.98412537684603,contrast_L12_vs_L34,DOL OFLC LCA disclosure data; https://www.dol.gov/agencies/eta/foreign-labor/performance
2023Q3,pooled_mid,-2.020530263335605,contrast_L12_vs_L34,DOL OFLC LCA disclosure data; https://www.dol.gov/agencies/eta/foreign-labor/performance
2023Q4,accenture,-38.15980706598089,contrast_L12_vs_L34,DOL OFLC LCA disclosure data; https://www.dol.gov/agencies/eta/foreign-labor/performance
2023Q4,capgemini,-10.137397420571785,contrast_L12_vs_L34,DOL OFLC LCA disclosure data; https://www.dol.gov/agencies/eta/foreign-labor/performance
2023Q4,coforge,11.118352896061516,contrast_L12_vs_L34,DOL OFLC LCA disclosure data; https://www.dol.gov/agencies/eta/foreign-labor/performance
2023Q4,cognizant,-13.31570126348257,contrast_L12_vs_L34,DOL OFLC LCA disclosure data; https://www.dol.gov/agencies/eta/foreign-labor/performance
2023Q4,hcltech,0.027521232269875462,contrast_L12_vs_L34,DOL OFLC LCA disclosure data; https://www.dol.gov/agencies/eta/foreign-labor/performance
2023Q4,hexaware,25.68498499355704,contrast_L12_vs_L34,DOL OFLC LCA disclosure data; https://www.dol.gov/agencies/eta/foreign-labor/performance
2023Q4,infosys,-15.950961044278287,contrast_L12_vs_L34,DOL OFLC LCA disclosure data; https://www.dol.gov/agencies/eta/foreign-labor/performance
2023Q4,ltim,82.32056971165913,contrast_L12_vs_L34,DOL OFLC LCA disclosure data; https://www.dol.gov/agencies/eta/foreign-labor/performance
2023Q4,mphasis,35.030217455815475,contrast_L12_vs_L34,DOL OFLC LCA disclosure data; https://www.dol.gov/agencies/eta/foreign-labor/performance
2023Q4,persistent,149.57613405346166,contrast_L12_vs_L34,DOL OFLC LCA disclosure data; https://www.dol.gov/agencies/eta/foreign-labor/performance
2023Q4,tcs,22.670207878388098,contrast_L12_vs_L34,DOL OFLC LCA disclosure data; https://www.dol.gov/agencies/eta/foreign-labor/performance
2023Q4,techm,-2.1490798443521935,contrast_L12_vs_L34,DOL OFLC LCA disclosure data; https://www.dol.gov/agencies/eta/foreign-labor/performance
2023Q4,wipro,14.792440118743707,contrast_L12_vs_L34,DOL OFLC LCA disclosure data; https://www.dol.gov/agencies/eta/foreign-labor/performance
2023Q4,pooled8,-4.464830211897464,contrast_L12_vs_L34,DOL OFLC LCA disclosure data; https://www.dol.gov/agencies/eta/foreign-labor/performance
2023Q4,pooled_mid,0.4495124099194463,contrast_L12_vs_L34,DOL OFLC LCA disclosure data; https://www.dol.gov/agencies/eta/foreign-labor/performance
2024Q1,accenture,-28.663152408913074,contrast_L12_vs_L34,DOL OFLC LCA disclosure data; https://www.dol.gov/agencies/eta/foreign-labor/performance
2024Q1,capgemini,-13.189622242483695,contrast_L12_vs_L34,DOL OFLC LCA disclosure data; https://www.dol.gov/agencies/eta/foreign-labor/performance
2024Q1,coforge,5.037157923660281,contrast_L12_vs_L34,DOL OFLC LCA disclosure data; https://www.dol.gov/agencies/eta/foreign-labor/performance
2024Q1,cognizant,2.0428051042122384,contrast_L12_vs_L34,DOL OFLC LCA disclosure data; https://www.dol.gov/agencies/eta/foreign-labor/performance
2024Q1,hcltech,8.298264143538725,contrast_L12_vs_L34,DOL OFLC LCA disclosure data; https://www.dol.gov/agencies/eta/foreign-labor/performance
2024Q1,hexaware,5.01278488269977,contrast_L12_vs_L34,DOL OFLC LCA disclosure data; https://www.dol.gov/agencies/eta/foreign-labor/performance
2024Q1,infosys,-5.856296250662254,contrast_L12_vs_L34,DOL OFLC LCA disclosure data; https://www.dol.gov/agencies/eta/foreign-labor/performance
2024Q1,ltim,88.67753339401465,contrast_L12_vs_L34,DOL OFLC LCA disclosure data; https://www.dol.gov/agencies/eta/foreign-labor/performance
2024Q1,mphasis,58.338275718686376,contrast_L12_vs_L34,DOL OFLC LCA disclosure data; https://www.dol.gov/agencies/eta/foreign-labor/performance
2024Q1,persistent,67.42191706744265,contrast_L12_vs_L34,DOL OFLC LCA disclosure data; https://www.dol.gov/agencies/eta/foreign-labor/performance
2024Q1,tcs,29.639594816293076,contrast_L12_vs_L34,DOL OFLC LCA disclosure data; https://www.dol.gov/agencies/eta/foreign-labor/performance
2024Q1,techm,1.379332213233577,contrast_L12_vs_L34,DOL OFLC LCA disclosure data; https://www.dol.gov/agencies/eta/foreign-labor/performance
2024Q1,wipro,26.66829095505019,contrast_L12_vs_L34,DOL OFLC LCA disclosure data; https://www.dol.gov/agencies/eta/foreign-labor/performance
2024Q1,pooled8,6.100289049851149,contrast_L12_vs_L34,DOL OFLC LCA disclosure data; https://www.dol.gov/agencies/eta/foreign-labor/performance
2024Q1,pooled_mid,0.5300944543216435,contrast_L12_vs_L34,DOL OFLC LCA disclosure data; https://www.dol.gov/agencies/eta/foreign-labor/performance
2024Q2,accenture,7.3112219349531635,contrast_L12_vs_L34,DOL OFLC LCA disclosure data; https://www.dol.gov/agencies/eta/foreign-labor/performance
2024Q2,capgemini,9.747060797900225,contrast_L12_vs_L34,DOL OFLC LCA disclosure data; https://www.dol.gov/agencies/eta/foreign-labor/performance
2024Q2,coforge,18.468592255847685,contrast_L12_vs_L34,DOL OFLC LCA disclosure data; https://www.dol.gov/agencies/eta/foreign-labor/performance
2024Q2,cognizant,27.135829903397415,contrast_L12_vs_L34,DOL OFLC LCA disclosure data; https://www.dol.gov/agencies/eta/foreign-labor/performance
2024Q2,hcltech,54.21006948106224,contrast_L12_vs_L34,DOL OFLC LCA disclosure data; https://www.dol.gov/agencies/eta/foreign-labor/performance
2024Q2,hexaware,5.830458127487496,contrast_L12_vs_L34,DOL OFLC LCA disclosure data; https://www.dol.gov/agencies/eta/foreign-labor/performance
2024Q2,infosys,33.88213540080987,contrast_L12_vs_L34,DOL OFLC LCA disclosure data; https://www.dol.gov/agencies/eta/foreign-labor/performance
2024Q2,ltim,90.21170918739801,contrast_L12_vs_L34,DOL OFLC LCA disclosure data; https://www.dol.gov/agencies/eta/foreign-labor/performance
2024Q2,mphasis,12.573536384687841,contrast_L12_vs_L34,DOL OFLC LCA disclosure data; https://www.dol.gov/agencies/eta/foreign-labor/performance
2024Q2,persistent,117.5065844383552,contrast_L12_vs_L34,DOL OFLC LCA disclosure data; https://www.dol.gov/agencies/eta/foreign-labor/performance
2024Q2,tcs,52.566990591444906,contrast_L12_vs_L34,DOL OFLC LCA disclosure data; https://www.dol.gov/agencies/eta/foreign-labor/performance
2024Q2,techm,-41.25322753312568,contrast_L12_vs_L34,DOL OFLC LCA disclosure data; https://www.dol.gov/agencies/eta/foreign-labor/performance
2024Q2,wipro,15.747161800757606,contrast_L12_vs_L34,DOL OFLC LCA disclosure data; https://www.dol.gov/agencies/eta/foreign-labor/performance
2024Q2,pooled8,31.645703826345382,contrast_L12_vs_L34,DOL OFLC LCA disclosure data; https://www.dol.gov/agencies/eta/foreign-labor/performance
2024Q2,pooled_mid,27.00146974644958,contrast_L12_vs_L34,DOL OFLC LCA disclosure data; https://www.dol.gov/agencies/eta/foreign-labor/performance
2024Q3,accenture,-18.97013201103627,contrast_L12_vs_L34,DOL OFLC LCA disclosure data; https://www.dol.gov/agencies/eta/foreign-labor/performance
2024Q3,capgemini,7.058929546739499,contrast_L12_vs_L34,DOL OFLC LCA disclosure data; https://www.dol.gov/agencies/eta/foreign-labor/performance
2024Q3,coforge,-47.14999635066732,contrast_L12_vs_L34,DOL OFLC LCA disclosure data; https://www.dol.gov/agencies/eta/foreign-labor/performance
2024Q3,cognizant,6.4249092148476095,contrast_L12_vs_L34,DOL OFLC LCA disclosure data; https://www.dol.gov/agencies/eta/foreign-labor/performance
2024Q3,hcltech,37.90592497532341,contrast_L12_vs_L34,DOL OFLC LCA disclosure data; https://www.dol.gov/agencies/eta/foreign-labor/performance
2024Q3,hexaware,-29.699520499524695,contrast_L12_vs_L34,DOL OFLC LCA disclosure data; https://www.dol.gov/agencies/eta/foreign-labor/performance
2024Q3,infosys,14.409239967196982,contrast_L12_vs_L34,DOL OFLC LCA disclosure data; https://www.dol.gov/agencies/eta/foreign-labor/performance
2024Q3,ltim,69.52926723873259,contrast_L12_vs_L34,DOL OFLC LCA disclosure data; https://www.dol.gov/agencies/eta/foreign-labor/performance
2024Q3,mphasis,2.0790769669073783,contrast_L12_vs_L34,DOL OFLC LCA disclosure data; https://www.dol.gov/agencies/eta/foreign-labor/performance
2024Q3,persistent,23.89126034324413,contrast_L12_vs_L34,DOL OFLC LCA disclosure data; https://www.dol.gov/agencies/eta/foreign-labor/performance
2024Q3,tcs,27.72547452133957,contrast_L12_vs_L34,DOL OFLC LCA disclosure data; https://www.dol.gov/agencies/eta/foreign-labor/performance
2024Q3,techm,4.934052191584986,contrast_L12_vs_L34,DOL OFLC LCA disclosure data; https://www.dol.gov/agencies/eta/foreign-labor/performance
2024Q3,wipro,-3.353066726884677,contrast_L12_vs_L34,DOL OFLC LCA disclosure data; https://www.dol.gov/agencies/eta/foreign-labor/performance
2024Q3,pooled8,12.245950084041645,contrast_L12_vs_L34,DOL OFLC LCA disclosure data; https://www.dol.gov/agencies/eta/foreign-labor/performance
2024Q3,pooled_mid,21.50538438057253,contrast_L12_vs_L34,DOL OFLC LCA disclosure data; https://www.dol.gov/agencies/eta/foreign-labor/performance
2024Q4,accenture,1.2152124010642913,contrast_L12_vs_L34,DOL OFLC LCA disclosure data; https://www.dol.gov/agencies/eta/foreign-labor/performance
2024Q4,capgemini,-2.1257602073208055,contrast_L12_vs_L34,DOL OFLC LCA disclosure data; https://www.dol.gov/agencies/eta/foreign-labor/performance
2024Q4,coforge,-62.450268044039106,contrast_L12_vs_L34,DOL OFLC LCA disclosure data; https://www.dol.gov/agencies/eta/foreign-labor/performance
2024Q4,cognizant,0.6387998496482816,contrast_L12_vs_L34,DOL OFLC LCA disclosure data; https://www.dol.gov/agencies/eta/foreign-labor/performance
2024Q4,hcltech,34.20058735350746,contrast_L12_vs_L34,DOL OFLC LCA disclosure data; https://www.dol.gov/agencies/eta/foreign-labor/performance
2024Q4,hexaware,-45.32231601851754,contrast_L12_vs_L34,DOL OFLC LCA disclosure data; https://www.dol.gov/agencies/eta/foreign-labor/performance
2024Q4,infosys,1.5671316070094008,contrast_L12_vs_L34,DOL OFLC LCA disclosure data; https://www.dol.gov/agencies/eta/foreign-labor/performance
2024Q4,ltim,20.47416059712374,contrast_L12_vs_L34,DOL OFLC LCA disclosure data; https://www.dol.gov/agencies/eta/foreign-labor/performance
2024Q4,mphasis,33.15782627423505,contrast_L12_vs_L34,DOL OFLC LCA disclosure data; https://www.dol.gov/agencies/eta/foreign-labor/performance
2024Q4,persistent,-135.00758482594108,contrast_L12_vs_L34,DOL OFLC LCA disclosure data; https://www.dol.gov/agencies/eta/foreign-labor/performance
2024Q4,tcs,30.770256690694072,contrast_L12_vs_L34,DOL OFLC LCA disclosure data; https://www.dol.gov/agencies/eta/foreign-labor/performance
2024Q4,wipro,-14.362279811690179,contrast_L12_vs_L34,DOL OFLC LCA disclosure data; https://www.dol.gov/agencies/eta/foreign-labor/performance
2024Q4,pooled8,2.252913568027502,contrast_L12_vs_L34,DOL OFLC LCA disclosure data; https://www.dol.gov/agencies/eta/foreign-labor/performance
2024Q4,pooled_mid,15.21116071416013,contrast_L12_vs_L34,DOL OFLC LCA disclosure data; https://www.dol.gov/agencies/eta/foreign-labor/performance
2025Q1,accenture,3.1387325821952743,contrast_L12_vs_L34,DOL OFLC LCA disclosure data; https://www.dol.gov/agencies/eta/foreign-labor/performance
2025Q1,capgemini,-1.682885283688604,contrast_L12_vs_L34,DOL OFLC LCA disclosure data; https://www.dol.gov/agencies/eta/foreign-labor/performance
2025Q1,coforge,-60.977174924615326,contrast_L12_vs_L34,DOL OFLC LCA disclosure data; https://www.dol.gov/agencies/eta/foreign-labor/performance
2025Q1,cognizant,-5.657355431016642,contrast_L12_vs_L34,DOL OFLC LCA disclosure data; https://www.dol.gov/agencies/eta/foreign-labor/performance
2025Q1,hcltech,43.8239865611262,contrast_L12_vs_L34,DOL OFLC LCA disclosure data; https://www.dol.gov/agencies/eta/foreign-labor/performance
2025Q1,hexaware,-60.55711792825212,contrast_L12_vs_L34,DOL OFLC LCA disclosure data; https://www.dol.gov/agencies/eta/foreign-labor/performance
2025Q1,infosys,-13.460857818731967,contrast_L12_vs_L34,DOL OFLC LCA disclosure data; https://www.dol.gov/agencies/eta/foreign-labor/performance
2025Q1,ltim,29.948582257525167,contrast_L12_vs_L34,DOL OFLC LCA disclosure data; https://www.dol.gov/agencies/eta/foreign-labor/performance
2025Q1,mphasis,-36.05045321518303,contrast_L12_vs_L34,DOL OFLC LCA disclosure data; https://www.dol.gov/agencies/eta/foreign-labor/performance
2025Q1,persistent,-39.6587434076147,contrast_L12_vs_L34,DOL OFLC LCA disclosure data; https://www.dol.gov/agencies/eta/foreign-labor/performance
2025Q1,tcs,17.29265639679234,contrast_L12_vs_L34,DOL OFLC LCA disclosure data; https://www.dol.gov/agencies/eta/foreign-labor/performance
2025Q1,wipro,-31.885504726005287,contrast_L12_vs_L34,DOL OFLC LCA disclosure data; https://www.dol.gov/agencies/eta/foreign-labor/performance
2025Q1,pooled8,-11.354440068007364,contrast_L12_vs_L34,DOL OFLC LCA disclosure data; https://www.dol.gov/agencies/eta/foreign-labor/performance
2025Q1,pooled_mid,10.700243063852984,contrast_L12_vs_L34,DOL OFLC LCA disclosure data; https://www.dol.gov/agencies/eta/foreign-labor/performance
2025Q2,accenture,-23.833781042502828,contrast_L12_vs_L34,DOL OFLC LCA disclosure data; https://www.dol.gov/agencies/eta/foreign-labor/performance
2025Q2,capgemini,-25.30766088995049,contrast_L12_vs_L34,DOL OFLC LCA disclosure data; https://www.dol.gov/agencies/eta/foreign-labor/performance
2025Q2,coforge,-68.53591748604495,contrast_L12_vs_L34,DOL OFLC LCA disclosure data; https://www.dol.gov/agencies/eta/foreign-labor/performance
2025Q2,cognizant,-27.78180573997084,contrast_L12_vs_L34,DOL OFLC LCA disclosure data; https://www.dol.gov/agencies/eta/foreign-labor/performance
2025Q2,hcltech,28.170264127534402,contrast_L12_vs_L34,DOL OFLC LCA disclosure data; https://www.dol.gov/agencies/eta/foreign-labor/performance
2025Q2,hexaware,-101.30554003069632,contrast_L12_vs_L34,DOL OFLC LCA disclosure data; https://www.dol.gov/agencies/eta/foreign-labor/performance
2025Q2,infosys,-15.170918654274466,contrast_L12_vs_L34,DOL OFLC LCA disclosure data; https://www.dol.gov/agencies/eta/foreign-labor/performance
2025Q2,ltim,-5.496302327651293,contrast_L12_vs_L34,DOL OFLC LCA disclosure data; https://www.dol.gov/agencies/eta/foreign-labor/performance
2025Q2,mphasis,-35.95078070230365,contrast_L12_vs_L34,DOL OFLC LCA disclosure data; https://www.dol.gov/agencies/eta/foreign-labor/performance
2025Q2,persistent,-173.26289460012327,contrast_L12_vs_L34,DOL OFLC LCA disclosure data; https://www.dol.gov/agencies/eta/foreign-labor/performance
2025Q2,tcs,24.466617501959096,contrast_L12_vs_L34,DOL OFLC LCA disclosure data; https://www.dol.gov/agencies/eta/foreign-labor/performance
2025Q2,wipro,-7.0841084800652006,contrast_L12_vs_L34,DOL OFLC LCA disclosure data; https://www.dol.gov/agencies/eta/foreign-labor/performance
2025Q2,pooled8,-10.185046704169842,contrast_L12_vs_L34,DOL OFLC LCA disclosure data; https://www.dol.gov/agencies/eta/foreign-labor/performance
2025Q2,pooled_mid,-33.298748217861046,contrast_L12_vs_L34,DOL OFLC LCA disclosure data; https://www.dol.gov/agencies/eta/foreign-labor/performance
2025Q3,accenture,-18.353061702222647,contrast_L12_vs_L34,DOL OFLC LCA disclosure data; https://www.dol.gov/agencies/eta/foreign-labor/performance
2025Q3,capgemini,-18.683991849550083,contrast_L12_vs_L34,DOL OFLC LCA disclosure data; https://www.dol.gov/agencies/eta/foreign-labor/performance
2025Q3,coforge,19.155901511089546,contrast_L12_vs_L34,DOL OFLC LCA disclosure data; https://www.dol.gov/agencies/eta/foreign-labor/performance
2025Q3,cognizant,-20.39191102358467,contrast_L12_vs_L34,DOL OFLC LCA disclosure data; https://www.dol.gov/agencies/eta/foreign-labor/performance
2025Q3,hcltech,59.03762280145021,contrast_L12_vs_L34,DOL OFLC LCA disclosure data; https://www.dol.gov/agencies/eta/foreign-labor/performance
2025Q3,hexaware,-93.07982694451945,contrast_L12_vs_L34,DOL OFLC LCA disclosure data; https://www.dol.gov/agencies/eta/foreign-labor/performance
2025Q3,infosys,34.14252230989507,contrast_L12_vs_L34,DOL OFLC LCA disclosure data; https://www.dol.gov/agencies/eta/foreign-labor/performance
2025Q3,ltim,-23.137478845881795,contrast_L12_vs_L34,DOL OFLC LCA disclosure data; https://www.dol.gov/agencies/eta/foreign-labor/performance
2025Q3,mphasis,-65.41895554824883,contrast_L12_vs_L34,DOL OFLC LCA disclosure data; https://www.dol.gov/agencies/eta/foreign-labor/performance
2025Q3,persistent,-140.07397863076136,contrast_L12_vs_L34,DOL OFLC LCA disclosure data; https://www.dol.gov/agencies/eta/foreign-labor/performance
2025Q3,tcs,36.75511323939391,contrast_L12_vs_L34,DOL OFLC LCA disclosure data; https://www.dol.gov/agencies/eta/foreign-labor/performance
2025Q3,wipro,-12.069331169659376,contrast_L12_vs_L34,DOL OFLC LCA disclosure data; https://www.dol.gov/agencies/eta/foreign-labor/performance
2025Q3,pooled8,10.01343008568672,contrast_L12_vs_L34,DOL OFLC LCA disclosure data; https://www.dol.gov/agencies/eta/foreign-labor/performance
2025Q3,pooled_mid,-23.94378767108265,contrast_L12_vs_L34,DOL OFLC LCA disclosure data; https://www.dol.gov/agencies/eta/foreign-labor/performance
2025Q4,accenture,-19.614445571659257,contrast_L12_vs_L34,DOL OFLC LCA disclosure data; https://www.dol.gov/agencies/eta/foreign-labor/performance
2025Q4,capgemini,-9.138383532957135,contrast_L12_vs_L34,DOL OFLC LCA disclosure data; https://www.dol.gov/agencies/eta/foreign-labor/performance
2025Q4,coforge,58.666893006145855,contrast_L12_vs_L34,DOL OFLC LCA disclosure data; https://www.dol.gov/agencies/eta/foreign-labor/performance
2025Q4,cognizant,-18.22567902931765,contrast_L12_vs_L34,DOL OFLC LCA disclosure data; https://www.dol.gov/agencies/eta/foreign-labor/performance
2025Q4,hcltech,64.85252280788085,contrast_L12_vs_L34,DOL OFLC LCA disclosure data; https://www.dol.gov/agencies/eta/foreign-labor/performance
2025Q4,hexaware,-88.5839704158968,contrast_L12_vs_L34,DOL OFLC LCA disclosure data; https://www.dol.gov/agencies/eta/foreign-labor/performance
2025Q4,infosys,52.38616235007893,contrast_L12_vs_L34,DOL OFLC LCA disclosure data; https://www.dol.gov/agencies/eta/foreign-labor/performance
2025Q4,ltim,-13.596041562209134,contrast_L12_vs_L34,DOL OFLC LCA disclosure data; https://www.dol.gov/agencies/eta/foreign-labor/performance
2025Q4,mphasis,-65.38635723470502,contrast_L12_vs_L34,DOL OFLC LCA disclosure data; https://www.dol.gov/agencies/eta/foreign-labor/performance
2025Q4,persistent,-86.49015648054515,contrast_L12_vs_L34,DOL OFLC LCA disclosure data; https://www.dol.gov/agencies/eta/foreign-labor/performance
2025Q4,tcs,31.260433253426278,contrast_L12_vs_L34,DOL OFLC LCA disclosure data; https://www.dol.gov/agencies/eta/foreign-labor/performance
2025Q4,wipro,-10.904523062394814,contrast_L12_vs_L34,DOL OFLC LCA disclosure data; https://www.dol.gov/agencies/eta/foreign-labor/performance
2025Q4,pooled8,17.410149743620266,contrast_L12_vs_L34,DOL OFLC LCA disclosure data; https://www.dol.gov/agencies/eta/foreign-labor/performance
2025Q4,pooled_mid,-12.020455344994144,contrast_L12_vs_L34,DOL OFLC LCA disclosure data; https://www.dol.gov/agencies/eta/foreign-labor/performance
2026Q1,accenture,-27.498474463012293,contrast_L12_vs_L34,DOL OFLC LCA disclosure data; https://www.dol.gov/agencies/eta/foreign-labor/performance
2026Q1,capgemini,-11.626944947223652,contrast_L12_vs_L34,DOL OFLC LCA disclosure data; https://www.dol.gov/agencies/eta/foreign-labor/performance
2026Q1,coforge,95.95319321423523,contrast_L12_vs_L34,DOL OFLC LCA disclosure data; https://www.dol.gov/agencies/eta/foreign-labor/performance
2026Q1,cognizant,-13.18359152351794,contrast_L12_vs_L34,DOL OFLC LCA disclosure data; https://www.dol.gov/agencies/eta/foreign-labor/performance
2026Q1,hcltech,13.913532929379425,contrast_L12_vs_L34,DOL OFLC LCA disclosure data; https://www.dol.gov/agencies/eta/foreign-labor/performance
2026Q1,hexaware,-69.54138697846169,contrast_L12_vs_L34,DOL OFLC LCA disclosure data; https://www.dol.gov/agencies/eta/foreign-labor/performance
2026Q1,infosys,69.57444899933247,contrast_L12_vs_L34,DOL OFLC LCA disclosure data; https://www.dol.gov/agencies/eta/foreign-labor/performance
2026Q1,ltim,-58.86904155284756,contrast_L12_vs_L34,DOL OFLC LCA disclosure data; https://www.dol.gov/agencies/eta/foreign-labor/performance
2026Q1,mphasis,-29.338929733321372,contrast_L12_vs_L34,DOL OFLC LCA disclosure data; https://www.dol.gov/agencies/eta/foreign-labor/performance
2026Q1,persistent,-179.42879155814137,contrast_L12_vs_L34,DOL OFLC LCA disclosure data; https://www.dol.gov/agencies/eta/foreign-labor/performance
2026Q1,tcs,32.16177970022046,contrast_L12_vs_L34,DOL OFLC LCA disclosure data; https://www.dol.gov/agencies/eta/foreign-labor/performance
2026Q1,wipro,4.526098820712079,contrast_L12_vs_L34,DOL OFLC LCA disclosure data; https://www.dol.gov/agencies/eta/foreign-labor/performance
2026Q1,pooled8,21.140993491155125,contrast_L12_vs_L34,DOL OFLC LCA disclosure data; https://www.dol.gov/agencies/eta/foreign-labor/performance
2026Q1,pooled_mid,-11.407156160404744,contrast_L12_vs_L34,DOL OFLC LCA disclosure data; https://www.dol.gov/agencies/eta/foreign-labor/performance
2026Q2,accenture,-75.71427130484201,contrast_L12_vs_L34,DOL OFLC LCA disclosure data; https://www.dol.gov/agencies/eta/foreign-labor/performance
2026Q2,capgemini,-10.500514962707872,contrast_L12_vs_L34,DOL OFLC LCA disclosure data; https://www.dol.gov/agencies/eta/foreign-labor/performance
2026Q2,coforge,124.36642164759051,contrast_L12_vs_L34,DOL OFLC LCA disclosure data; https://www.dol.gov/agencies/eta/foreign-labor/performance
2026Q2,cognizant,-17.038339527589986,contrast_L12_vs_L34,DOL OFLC LCA disclosure data; https://www.dol.gov/agencies/eta/foreign-labor/performance
2026Q2,hcltech,-52.62098442474415,contrast_L12_vs_L34,DOL OFLC LCA disclosure data; https://www.dol.gov/agencies/eta/foreign-labor/performance
2026Q2,hexaware,-61.00841077730166,contrast_L12_vs_L34,DOL OFLC LCA disclosure data; https://www.dol.gov/agencies/eta/foreign-labor/performance
2026Q2,infosys,65.92278963140888,contrast_L12_vs_L34,DOL OFLC LCA disclosure data; https://www.dol.gov/agencies/eta/foreign-labor/performance
2026Q2,ltim,-53.479837925278964,contrast_L12_vs_L34,DOL OFLC LCA disclosure data; https://www.dol.gov/agencies/eta/foreign-labor/performance
2026Q2,mphasis,-41.69671741948524,contrast_L12_vs_L34,DOL OFLC LCA disclosure data; https://www.dol.gov/agencies/eta/foreign-labor/performance
2026Q2,persistent,-142.23430768874883,contrast_L12_vs_L34,DOL OFLC LCA disclosure data; https://www.dol.gov/agencies/eta/foreign-labor/performance
2026Q2,tcs,-63.76276678937032,contrast_L12_vs_L34,DOL OFLC LCA disclosure data; https://www.dol.gov/agencies/eta/foreign-labor/performance
2026Q2,wipro,-27.37156712590791,contrast_L12_vs_L34,DOL OFLC LCA disclosure data; https://www.dol.gov/agencies/eta/foreign-labor/performance
2026Q2,pooled8,-3.9666305973549463,contrast_L12_vs_L34,DOL OFLC LCA disclosure data; https://www.dol.gov/agencies/eta/foreign-labor/performance
2026Q2,pooled_mid,3.8328036693823258,contrast_L12_vs_L34,DOL OFLC LCA disclosure data; https://www.dol.gov/agencies/eta/foreign-labor/performance
2016Q4,accenture,-39.188387244462774,contrast_gpt4_withinL2,DOL OFLC LCA disclosure data; https://www.dol.gov/agencies/eta/foreign-labor/performance
2016Q4,capgemini,60.29245982282754,contrast_gpt4_withinL2,DOL OFLC LCA disclosure data; https://www.dol.gov/agencies/eta/foreign-labor/performance
2016Q4,cognizant,-211.45033886135195,contrast_gpt4_withinL2,DOL OFLC LCA disclosure data; https://www.dol.gov/agencies/eta/foreign-labor/performance
2016Q4,hcltech,58.07189131619873,contrast_gpt4_withinL2,DOL OFLC LCA disclosure data; https://www.dol.gov/agencies/eta/foreign-labor/performance
2016Q4,infosys,-10.285738543970808,contrast_gpt4_withinL2,DOL OFLC LCA disclosure data; https://www.dol.gov/agencies/eta/foreign-labor/performance
2016Q4,mphasis,10.777499841375175,contrast_gpt4_withinL2,DOL OFLC LCA disclosure data; https://www.dol.gov/agencies/eta/foreign-labor/performance
2016Q4,techm,-71.91088259316058,contrast_gpt4_withinL2,DOL OFLC LCA disclosure data; https://www.dol.gov/agencies/eta/foreign-labor/performance
2016Q4,wipro,-200.9803922657069,contrast_gpt4_withinL2,DOL OFLC LCA disclosure data; https://www.dol.gov/agencies/eta/foreign-labor/performance
2016Q4,pooled8,-135.07878726961974,contrast_gpt4_withinL2,DOL OFLC LCA disclosure data; https://www.dol.gov/agencies/eta/foreign-labor/performance
2016Q4,pooled_mid,23.847600327965637,contrast_gpt4_withinL2,DOL OFLC LCA disclosure data; https://www.dol.gov/agencies/eta/foreign-labor/performance
2017Q1,accenture,-121.82451524816794,contrast_gpt4_withinL2,DOL OFLC LCA disclosure data; https://www.dol.gov/agencies/eta/foreign-labor/performance
2017Q1,capgemini,37.21558792569138,contrast_gpt4_withinL2,DOL OFLC LCA disclosure data; https://www.dol.gov/agencies/eta/foreign-labor/performance
2017Q1,cognizant,-394.6795972183191,contrast_gpt4_withinL2,DOL OFLC LCA disclosure data; https://www.dol.gov/agencies/eta/foreign-labor/performance
2017Q1,hcltech,-2.8276536460514308,contrast_gpt4_withinL2,DOL OFLC LCA disclosure data; https://www.dol.gov/agencies/eta/foreign-labor/performance
2017Q1,infosys,-154.3479944642303,contrast_gpt4_withinL2,DOL OFLC LCA disclosure data; https://www.dol.gov/agencies/eta/foreign-labor/performance
2017Q1,ltim,286.1206020956848,contrast_gpt4_withinL2,DOL OFLC LCA disclosure data; https://www.dol.gov/agencies/eta/foreign-labor/performance
2017Q1,mphasis,-35.74252465035016,contrast_gpt4_withinL2,DOL OFLC LCA disclosure data; https://www.dol.gov/agencies/eta/foreign-labor/performance
2017Q1,tcs,145.7531127567514,contrast_gpt4_withinL2,DOL OFLC LCA disclosure data; https://www.dol.gov/agencies/eta/foreign-labor/performance
2017Q1,techm,29.66039894795007,contrast_gpt4_withinL2,DOL OFLC LCA disclosure data; https://www.dol.gov/agencies/eta/foreign-labor/performance
2017Q1,wipro,-171.6110698002143,contrast_gpt4_withinL2,DOL OFLC LCA disclosure data; https://www.dol.gov/agencies/eta/foreign-labor/performance
2017Q1,pooled8,-110.57679889850054,contrast_gpt4_withinL2,DOL OFLC LCA disclosure data; https://www.dol.gov/agencies/eta/foreign-labor/performance
2017Q1,pooled_mid,-6.966109286182552,contrast_gpt4_withinL2,DOL OFLC LCA disclosure data; https://www.dol.gov/agencies/eta/foreign-labor/performance
2017Q2,accenture,-82.32209258770152,contrast_gpt4_withinL2,DOL OFLC LCA disclosure data; https://www.dol.gov/agencies/eta/foreign-labor/performance
2017Q2,capgemini,14.490282764594358,contrast_gpt4_withinL2,DOL OFLC LCA disclosure data; https://www.dol.gov/agencies/eta/foreign-labor/performance
2017Q2,cognizant,-424.8717045310776,contrast_gpt4_withinL2,DOL OFLC LCA disclosure data; https://www.dol.gov/agencies/eta/foreign-labor/performance
2017Q2,hcltech,-31.716892520781585,contrast_gpt4_withinL2,DOL OFLC LCA disclosure data; https://www.dol.gov/agencies/eta/foreign-labor/performance
2017Q2,infosys,-147.06355095536412,contrast_gpt4_withinL2,DOL OFLC LCA disclosure data; https://www.dol.gov/agencies/eta/foreign-labor/performance
2017Q2,ltim,444.0785801827859,contrast_gpt4_withinL2,DOL OFLC LCA disclosure data; https://www.dol.gov/agencies/eta/foreign-labor/performance
2017Q2,mphasis,-27.697089457843504,contrast_gpt4_withinL2,DOL OFLC LCA disclosure data; https://www.dol.gov/agencies/eta/foreign-labor/performance
2017Q2,tcs,4.881043601487988,contrast_gpt4_withinL2,DOL OFLC LCA disclosure data; https://www.dol.gov/agencies/eta/foreign-labor/performance
2017Q2,techm,10.2589882577318,contrast_gpt4_withinL2,DOL OFLC LCA disclosure data; https://www.dol.gov/agencies/eta/foreign-labor/performance
2017Q2,wipro,-134.7824647540555,contrast_gpt4_withinL2,DOL OFLC LCA disclosure data; https://www.dol.gov/agencies/eta/foreign-labor/performance
2017Q2,pooled8,-112.76010549752533,contrast_gpt4_withinL2,DOL OFLC LCA disclosure data; https://www.dol.gov/agencies/eta/foreign-labor/performance
2017Q2,pooled_mid,-29.925249640690033,contrast_gpt4_withinL2,DOL OFLC LCA disclosure data; https://www.dol.gov/agencies/eta/foreign-labor/performance
2017Q4,accenture,-13.555983191353505,contrast_gpt4_withinL2,DOL OFLC LCA disclosure data; https://www.dol.gov/agencies/eta/foreign-labor/performance
2017Q4,capgemini,-58.82248194024032,contrast_gpt4_withinL2,DOL OFLC LCA disclosure data; https://www.dol.gov/agencies/eta/foreign-labor/performance
2017Q4,cognizant,-125.53600461499647,contrast_gpt4_withinL2,DOL OFLC LCA disclosure data; https://www.dol.gov/agencies/eta/foreign-labor/performance
2017Q4,hcltech,-74.12545344908852,contrast_gpt4_withinL2,DOL OFLC LCA disclosure data; https://www.dol.gov/agencies/eta/foreign-labor/performance
2017Q4,infosys,-31.585294941847707,contrast_gpt4_withinL2,DOL OFLC LCA disclosure data; https://www.dol.gov/agencies/eta/foreign-labor/performance
2017Q4,mphasis,-31.265070879628638,contrast_gpt4_withinL2,DOL OFLC LCA disclosure data; https://www.dol.gov/agencies/eta/foreign-labor/performance
2017Q4,techm,56.923732434138145,contrast_gpt4_withinL2,DOL OFLC LCA disclosure data; https://www.dol.gov/agencies/eta/foreign-labor/performance
2017Q4,wipro,56.44593658939351,contrast_gpt4_withinL2,DOL OFLC LCA disclosure data; https://www.dol.gov/agencies/eta/foreign-labor/performance
2017Q4,pooled8,10.696999960296864,contrast_gpt4_withinL2,DOL OFLC LCA disclosure data; https://www.dol.gov/agencies/eta/foreign-labor/performance
2017Q4,pooled_mid,-48.990432859476556,contrast_gpt4_withinL2,DOL OFLC LCA disclosure data; https://www.dol.gov/agencies/eta/foreign-labor/performance
2018Q1,accenture,5.003685599952895,contrast_gpt4_withinL2,DOL OFLC LCA disclosure data; https://www.dol.gov/agencies/eta/foreign-labor/performance
2018Q1,capgemini,-7.8770369291263584,contrast_gpt4_withinL2,DOL OFLC LCA disclosure data; https://www.dol.gov/agencies/eta/foreign-labor/performance
2018Q1,cognizant,61.26093008039958,contrast_gpt4_withinL2,DOL OFLC LCA disclosure data; https://www.dol.gov/agencies/eta/foreign-labor/performance
2018Q1,hcltech,-32.58103444599966,contrast_gpt4_withinL2,DOL OFLC LCA disclosure data; https://www.dol.gov/agencies/eta/foreign-labor/performance
2018Q1,infosys,39.35743615866427,contrast_gpt4_withinL2,DOL OFLC LCA disclosure data; https://www.dol.gov/agencies/eta/foreign-labor/performance
2018Q1,ltim,-162.04471979424696,contrast_gpt4_withinL2,DOL OFLC LCA disclosure data; https://www.dol.gov/agencies/eta/foreign-labor/performance
2018Q1,mphasis,-21.44415789641399,contrast_gpt4_withinL2,DOL OFLC LCA disclosure data; https://www.dol.gov/agencies/eta/foreign-labor/performance
2018Q1,tcs,-188.3761334441529,contrast_gpt4_withinL2,DOL OFLC LCA disclosure data; https://www.dol.gov/agencies/eta/foreign-labor/performance
2018Q1,techm,-26.776761329210267,contrast_gpt4_withinL2,DOL OFLC LCA disclosure data; https://www.dol.gov/agencies/eta/foreign-labor/performance
2018Q1,wipro,56.55096828873175,contrast_gpt4_withinL2,DOL OFLC LCA disclosure data; https://www.dol.gov/agencies/eta/foreign-labor/performance
2018Q1,pooled8,-0.13754894479768254,contrast_gpt4_withinL2,DOL OFLC LCA disclosure data; https://www.dol.gov/agencies/eta/foreign-labor/performance
2018Q1,pooled_mid,-9.082109316388486,contrast_gpt4_withinL2,DOL OFLC LCA disclosure data; https://www.dol.gov/agencies/eta/foreign-labor/performance
2018Q2,accenture,-22.0834339880687,contrast_gpt4_withinL2,DOL OFLC LCA disclosure data; https://www.dol.gov/agencies/eta/foreign-labor/performance
2018Q2,capgemini,-43.014710622972984,contrast_gpt4_withinL2,DOL OFLC LCA disclosure data; https://www.dol.gov/agencies/eta/foreign-labor/performance
2018Q2,cognizant,77.14373571911813,contrast_gpt4_withinL2,DOL OFLC LCA disclosure data; https://www.dol.gov/agencies/eta/foreign-labor/performance
2018Q2,hcltech,-0.8922595358836318,contrast_gpt4_withinL2,DOL OFLC LCA disclosure data; https://www.dol.gov/agencies/eta/foreign-labor/performance
2018Q2,infosys,9.813447056608679,contrast_gpt4_withinL2,DOL OFLC LCA disclosure data; https://www.dol.gov/agencies/eta/foreign-labor/performance
2018Q2,ltim,-252.0181371708909,contrast_gpt4_withinL2,DOL OFLC LCA disclosure data; https://www.dol.gov/agencies/eta/foreign-labor/performance
2018Q2,mphasis,17.673806936825404,contrast_gpt4_withinL2,DOL OFLC LCA disclosure data; https://www.dol.gov/agencies/eta/foreign-labor/performance
2018Q2,tcs,-123.34469135760524,contrast_gpt4_withinL2,DOL OFLC LCA disclosure data; https://www.dol.gov/agencies/eta/foreign-labor/performance
2018Q2,techm,-20.378072781516693,contrast_gpt4_withinL2,DOL OFLC LCA disclosure data; https://www.dol.gov/agencies/eta/foreign-labor/performance
2018Q2,wipro,58.59568014301644,contrast_gpt4_withinL2,DOL OFLC LCA disclosure data; https://www.dol.gov/agencies/eta/foreign-labor/performance
2018Q2,pooled8,11.414403610785516,contrast_gpt4_withinL2,DOL OFLC LCA disclosure data; https://www.dol.gov/agencies/eta/foreign-labor/performance
2018Q2,pooled_mid,4.145792853949144,contrast_gpt4_withinL2,DOL OFLC LCA disclosure data; https://www.dol.gov/agencies/eta/foreign-labor/performance
2018Q3,accenture,-22.14625073343062,contrast_gpt4_withinL2,DOL OFLC LCA disclosure data; https://www.dol.gov/agencies/eta/foreign-labor/performance
2018Q3,capgemini,-35.82608035000439,contrast_gpt4_withinL2,DOL OFLC LCA disclosure data; https://www.dol.gov/agencies/eta/foreign-labor/performance
2018Q3,cognizant,81.3678500269706,contrast_gpt4_withinL2,DOL OFLC LCA disclosure data; https://www.dol.gov/agencies/eta/foreign-labor/performance
2018Q3,hcltech,3.4503495156108173,contrast_gpt4_withinL2,DOL OFLC LCA disclosure data; https://www.dol.gov/agencies/eta/foreign-labor/performance
2018Q3,infosys,27.821431744784746,contrast_gpt4_withinL2,DOL OFLC LCA disclosure data; https://www.dol.gov/agencies/eta/foreign-labor/performance
2018Q3,ltim,-206.57813711583916,contrast_gpt4_withinL2,DOL OFLC LCA disclosure data; https://www.dol.gov/agencies/eta/foreign-labor/performance
2018Q3,mphasis,30.290568543354883,contrast_gpt4_withinL2,DOL OFLC LCA disclosure data; https://www.dol.gov/agencies/eta/foreign-labor/performance
2018Q3,tcs,-124.50377899334899,contrast_gpt4_withinL2,DOL OFLC LCA disclosure data; https://www.dol.gov/agencies/eta/foreign-labor/performance
2018Q3,techm,-19.441942358855087,contrast_gpt4_withinL2,DOL OFLC LCA disclosure data; https://www.dol.gov/agencies/eta/foreign-labor/performance
2018Q3,wipro,53.99844032904977,contrast_gpt4_withinL2,DOL OFLC LCA disclosure data; https://www.dol.gov/agencies/eta/foreign-labor/performance
2018Q3,pooled8,12.061530626524899,contrast_gpt4_withinL2,DOL OFLC LCA disclosure data; https://www.dol.gov/agencies/eta/foreign-labor/performance
2018Q3,pooled_mid,11.975033572613638,contrast_gpt4_withinL2,DOL OFLC LCA disclosure data; https://www.dol.gov/agencies/eta/foreign-labor/performance
2018Q4,accenture,-36.34985633560379,contrast_gpt4_withinL2,DOL OFLC LCA disclosure data; https://www.dol.gov/agencies/eta/foreign-labor/performance
2018Q4,capgemini,-0.22759431408453312,contrast_gpt4_withinL2,DOL OFLC LCA disclosure data; https://www.dol.gov/agencies/eta/foreign-labor/performance
2018Q4,cognizant,0.15071592905712805,contrast_gpt4_withinL2,DOL OFLC LCA disclosure data; https://www.dol.gov/agencies/eta/foreign-labor/performance
2018Q4,hcltech,9.893919697593905,contrast_gpt4_withinL2,DOL OFLC LCA disclosure data; https://www.dol.gov/agencies/eta/foreign-labor/performance
2018Q4,infosys,35.09442692297474,contrast_gpt4_withinL2,DOL OFLC LCA disclosure data; https://www.dol.gov/agencies/eta/foreign-labor/performance
2018Q4,ltim,-119.72142654726493,contrast_gpt4_withinL2,DOL OFLC LCA disclosure data; https://www.dol.gov/agencies/eta/foreign-labor/performance
2018Q4,mphasis,32.69431077975716,contrast_gpt4_withinL2,DOL OFLC LCA disclosure data; https://www.dol.gov/agencies/eta/foreign-labor/performance
2018Q4,persistent,158.24092400461808,contrast_gpt4_withinL2,DOL OFLC LCA disclosure data; https://www.dol.gov/agencies/eta/foreign-labor/performance
2018Q4,tcs,-123.31168551590969,contrast_gpt4_withinL2,DOL OFLC LCA disclosure data; https://www.dol.gov/agencies/eta/foreign-labor/performance
2018Q4,techm,-17.75347043633729,contrast_gpt4_withinL2,DOL OFLC LCA disclosure data; https://www.dol.gov/agencies/eta/foreign-labor/performance
2018Q4,wipro,47.567122605486475,contrast_gpt4_withinL2,DOL OFLC LCA disclosure data; https://www.dol.gov/agencies/eta/foreign-labor/performance
2018Q4,pooled8,16.66312546803633,contrast_gpt4_withinL2,DOL OFLC LCA disclosure data; https://www.dol.gov/agencies/eta/foreign-labor/performance
2018Q4,pooled_mid,21.940072432253427,contrast_gpt4_withinL2,DOL OFLC LCA disclosure data; https://www.dol.gov/agencies/eta/foreign-labor/performance
2019Q1,accenture,-13.602083891482401,contrast_gpt4_withinL2,DOL OFLC LCA disclosure data; https://www.dol.gov/agencies/eta/foreign-labor/performance
2019Q1,capgemini,8.235368512954718,contrast_gpt4_withinL2,DOL OFLC LCA disclosure data; https://www.dol.gov/agencies/eta/foreign-labor/performance
2019Q1,cognizant,91.3818542728766,contrast_gpt4_withinL2,DOL OFLC LCA disclosure data; https://www.dol.gov/agencies/eta/foreign-labor/performance
2019Q1,hcltech,37.02209967131454,contrast_gpt4_withinL2,DOL OFLC LCA disclosure data; https://www.dol.gov/agencies/eta/foreign-labor/performance
2019Q1,infosys,76.64193816662711,contrast_gpt4_withinL2,DOL OFLC LCA disclosure data; https://www.dol.gov/agencies/eta/foreign-labor/performance
2019Q1,ltim,-81.41370021260721,contrast_gpt4_withinL2,DOL OFLC LCA disclosure data; https://www.dol.gov/agencies/eta/foreign-labor/performance
2019Q1,mphasis,58.45127070938858,contrast_gpt4_withinL2,DOL OFLC LCA disclosure data; https://www.dol.gov/agencies/eta/foreign-labor/performance
2019Q1,tcs,-102.1269062394331,contrast_gpt4_withinL2,DOL OFLC LCA disclosure data; https://www.dol.gov/agencies/eta/foreign-labor/performance
2019Q1,techm,29.83181917568299,contrast_gpt4_withinL2,DOL OFLC LCA disclosure data; https://www.dol.gov/agencies/eta/foreign-labor/performance
2019Q1,wipro,116.23885702822544,contrast_gpt4_withinL2,DOL OFLC LCA disclosure data; https://www.dol.gov/agencies/eta/foreign-labor/performance
2019Q1,pooled8,37.37539480261218,contrast_gpt4_withinL2,DOL OFLC LCA disclosure data; https://www.dol.gov/agencies/eta/foreign-labor/performance
2019Q1,pooled_mid,28.572522017023267,contrast_gpt4_withinL2,DOL OFLC LCA disclosure data; https://www.dol.gov/agencies/eta/foreign-labor/performance
2019Q2,accenture,4.527420281140151,contrast_gpt4_withinL2,DOL OFLC LCA disclosure data; https://www.dol.gov/agencies/eta/foreign-labor/performance
2019Q2,capgemini,57.27863422529695,contrast_gpt4_withinL2,DOL OFLC LCA disclosure data; https://www.dol.gov/agencies/eta/foreign-labor/performance
2019Q2,coforge,-69.31471805599453,contrast_gpt4_withinL2,DOL OFLC LCA disclosure data; https://www.dol.gov/agencies/eta/foreign-labor/performance
2019Q2,cognizant,131.08914713362117,contrast_gpt4_withinL2,DOL OFLC LCA disclosure data; https://www.dol.gov/agencies/eta/foreign-labor/performance
2019Q2,hcltech,32.96155106806882,contrast_gpt4_withinL2,DOL OFLC LCA disclosure data; https://www.dol.gov/agencies/eta/foreign-labor/performance
2019Q2,infosys,76.64566055118706,contrast_gpt4_withinL2,DOL OFLC LCA disclosure data; https://www.dol.gov/agencies/eta/foreign-labor/performance
2019Q2,ltim,-3.794493156412358,contrast_gpt4_withinL2,DOL OFLC LCA disclosure data; https://www.dol.gov/agencies/eta/foreign-labor/performance
2019Q2,mphasis,36.39935885930508,contrast_gpt4_withinL2,DOL OFLC LCA disclosure data; https://www.dol.gov/agencies/eta/foreign-labor/performance
2019Q2,tcs,-83.34476408692873,contrast_gpt4_withinL2,DOL OFLC LCA disclosure data; https://www.dol.gov/agencies/eta/foreign-labor/performance
2019Q2,techm,29.324154006174734,contrast_gpt4_withinL2,DOL OFLC LCA disclosure data; https://www.dol.gov/agencies/eta/foreign-labor/performance
2019Q2,wipro,130.31989473967823,contrast_gpt4_withinL2,DOL OFLC LCA disclosure data; https://www.dol.gov/agencies/eta/foreign-labor/performance
2019Q2,pooled8,50.63082810903642,contrast_gpt4_withinL2,DOL OFLC LCA disclosure data; https://www.dol.gov/agencies/eta/foreign-labor/performance
2019Q2,pooled_mid,27.47632470135846,contrast_gpt4_withinL2,DOL OFLC LCA disclosure data; https://www.dol.gov/agencies/eta/foreign-labor/performance
2019Q3,accenture,6.49321361077882,contrast_gpt4_withinL2,DOL OFLC LCA disclosure data; https://www.dol.gov/agencies/eta/foreign-labor/performance
2019Q3,capgemini,56.477424622769476,contrast_gpt4_withinL2,DOL OFLC LCA disclosure data; https://www.dol.gov/agencies/eta/foreign-labor/performance
2019Q3,cognizant,173.1369007643853,contrast_gpt4_withinL2,DOL OFLC LCA disclosure data; https://www.dol.gov/agencies/eta/foreign-labor/performance
2019Q3,hcltech,47.768901309945676,contrast_gpt4_withinL2,DOL OFLC LCA disclosure data; https://www.dol.gov/agencies/eta/foreign-labor/performance
2019Q3,hexaware,-80.88662319954773,contrast_gpt4_withinL2,DOL OFLC LCA disclosure data; https://www.dol.gov/agencies/eta/foreign-labor/performance
2019Q3,infosys,61.59881000133273,contrast_gpt4_withinL2,DOL OFLC LCA disclosure data; https://www.dol.gov/agencies/eta/foreign-labor/performance
2019Q3,ltim,-52.15872247970441,contrast_gpt4_withinL2,DOL OFLC LCA disclosure data; https://www.dol.gov/agencies/eta/foreign-labor/performance
2019Q3,mphasis,3.7548602912447677,contrast_gpt4_withinL2,DOL OFLC LCA disclosure data; https://www.dol.gov/agencies/eta/foreign-labor/performance
2019Q3,persistent,156.03052238564555,contrast_gpt4_withinL2,DOL OFLC LCA disclosure data; https://www.dol.gov/agencies/eta/foreign-labor/performance
2019Q3,tcs,-82.26510344268466,contrast_gpt4_withinL2,DOL OFLC LCA disclosure data; https://www.dol.gov/agencies/eta/foreign-labor/performance
2019Q3,techm,29.057469996268495,contrast_gpt4_withinL2,DOL OFLC LCA disclosure data; https://www.dol.gov/agencies/eta/foreign-labor/performance
2019Q3,wipro,144.26237950096166,contrast_gpt4_withinL2,DOL OFLC LCA disclosure data; https://www.dol.gov/agencies/eta/foreign-labor/performance
2019Q3,pooled8,69.6626776568095,contrast_gpt4_withinL2,DOL OFLC LCA disclosure data; https://www.dol.gov/agencies/eta/foreign-labor/performance
2019Q3,pooled_mid,-13.097104992293666,contrast_gpt4_withinL2,DOL OFLC LCA disclosure data; https://www.dol.gov/agencies/eta/foreign-labor/performance
2019Q4,accenture,15.069476673633012,contrast_gpt4_withinL2,DOL OFLC LCA disclosure data; https://www.dol.gov/agencies/eta/foreign-labor/performance
2019Q4,capgemini,53.61804087567495,contrast_gpt4_withinL2,DOL OFLC LCA disclosure data; https://www.dol.gov/agencies/eta/foreign-labor/performance
2019Q4,cognizant,370.71085169626855,contrast_gpt4_withinL2,DOL OFLC LCA disclosure data; https://www.dol.gov/agencies/eta/foreign-labor/performance
2019Q4,hcltech,39.121363713168904,contrast_gpt4_withinL2,DOL OFLC LCA disclosure data; https://www.dol.gov/agencies/eta/foreign-labor/performance
2019Q4,hexaware,-78.73570484982618,contrast_gpt4_withinL2,DOL OFLC LCA disclosure data; https://www.dol.gov/agencies/eta/foreign-labor/performance
2019Q4,infosys,90.28385871663662,contrast_gpt4_withinL2,DOL OFLC LCA disclosure data; https://www.dol.gov/agencies/eta/foreign-labor/performance
2019Q4,ltim,-71.66487928282933,contrast_gpt4_withinL2,DOL OFLC LCA disclosure data; https://www.dol.gov/agencies/eta/foreign-labor/performance
2019Q4,mphasis,49.208787495085744,contrast_gpt4_withinL2,DOL OFLC LCA disclosure data; https://www.dol.gov/agencies/eta/foreign-labor/performance
2019Q4,persistent,169.47354929459954,contrast_gpt4_withinL2,DOL OFLC LCA disclosure data; https://www.dol.gov/agencies/eta/foreign-labor/performance
2019Q4,tcs,-76.6998766136443,contrast_gpt4_withinL2,DOL OFLC LCA disclosure data; https://www.dol.gov/agencies/eta/foreign-labor/performance
2019Q4,techm,27.514538863341194,contrast_gpt4_withinL2,DOL OFLC LCA disclosure data; https://www.dol.gov/agencies/eta/foreign-labor/performance
2019Q4,wipro,147.25246727290542,contrast_gpt4_withinL2,DOL OFLC LCA disclosure data; https://www.dol.gov/agencies/eta/foreign-labor/performance
2019Q4,pooled8,68.81967996040376,contrast_gpt4_withinL2,DOL OFLC LCA disclosure data; https://www.dol.gov/agencies/eta/foreign-labor/performance
2019Q4,pooled_mid,-5.05061908159702,contrast_gpt4_withinL2,DOL OFLC LCA disclosure data; https://www.dol.gov/agencies/eta/foreign-labor/performance
2020Q1,accenture,38.29228598276082,contrast_gpt4_withinL2,DOL OFLC LCA disclosure data; https://www.dol.gov/agencies/eta/foreign-labor/performance
2020Q1,capgemini,48.25645123776256,contrast_gpt4_withinL2,DOL OFLC LCA disclosure data; https://www.dol.gov/agencies/eta/foreign-labor/performance
2020Q1,cognizant,372.08465701854635,contrast_gpt4_withinL2,DOL OFLC LCA disclosure data; https://www.dol.gov/agencies/eta/foreign-labor/performance
2020Q1,hcltech,22.418555595702855,contrast_gpt4_withinL2,DOL OFLC LCA disclosure data; https://www.dol.gov/agencies/eta/foreign-labor/performance
2020Q1,infosys,242.47065302490273,contrast_gpt4_withinL2,DOL OFLC LCA disclosure data; https://www.dol.gov/agencies/eta/foreign-labor/performance
2020Q1,ltim,-2.6214967210018685,contrast_gpt4_withinL2,DOL OFLC LCA disclosure data; https://www.dol.gov/agencies/eta/foreign-labor/performance
2020Q1,mphasis,59.00384383637015,contrast_gpt4_withinL2,DOL OFLC LCA disclosure data; https://www.dol.gov/agencies/eta/foreign-labor/performance
2020Q1,tcs,116.46193928872074,contrast_gpt4_withinL2,DOL OFLC LCA disclosure data; https://www.dol.gov/agencies/eta/foreign-labor/performance
2020Q1,techm,-23.738279849243163,contrast_gpt4_withinL2,DOL OFLC LCA disclosure data; https://www.dol.gov/agencies/eta/foreign-labor/performance
2020Q1,wipro,23.527659234179026,contrast_gpt4_withinL2,DOL OFLC LCA disclosure data; https://www.dol.gov/agencies/eta/foreign-labor/performance
2020Q1,pooled8,60.06657303297962,contrast_gpt4_withinL2,DOL OFLC LCA disclosure data; https://www.dol.gov/agencies/eta/foreign-labor/performance
2020Q1,pooled_mid,-36.03537439346772,contrast_gpt4_withinL2,DOL OFLC LCA disclosure data; https://www.dol.gov/agencies/eta/foreign-labor/performance
2020Q2,accenture,35.72293554846931,contrast_gpt4_withinL2,DOL OFLC LCA disclosure data; https://www.dol.gov/agencies/eta/foreign-labor/performance
2020Q2,capgemini,51.400534942029445,contrast_gpt4_withinL2,DOL OFLC LCA disclosure data; https://www.dol.gov/agencies/eta/foreign-labor/performance
2020Q2,cognizant,521.4176852293427,contrast_gpt4_withinL2,DOL OFLC LCA disclosure data; https://www.dol.gov/agencies/eta/foreign-labor/performance
2020Q2,hcltech,-3.497595766140847,contrast_gpt4_withinL2,DOL OFLC LCA disclosure data; https://www.dol.gov/agencies/eta/foreign-labor/performance
2020Q2,infosys,224.97612418411035,contrast_gpt4_withinL2,DOL OFLC LCA disclosure data; https://www.dol.gov/agencies/eta/foreign-labor/performance
2020Q2,ltim,-18.564198043125714,contrast_gpt4_withinL2,DOL OFLC LCA disclosure data; https://www.dol.gov/agencies/eta/foreign-labor/performance
2020Q2,mphasis,59.73654286828105,contrast_gpt4_withinL2,DOL OFLC LCA disclosure data; https://www.dol.gov/agencies/eta/foreign-labor/performance
2020Q2,tcs,65.98039917292144,contrast_gpt4_withinL2,DOL OFLC LCA disclosure data; https://www.dol.gov/agencies/eta/foreign-labor/performance
2020Q2,techm,-3.9666430507723156,contrast_gpt4_withinL2,DOL OFLC LCA disclosure data; https://www.dol.gov/agencies/eta/foreign-labor/performance
2020Q2,wipro,2.220590387329551,contrast_gpt4_withinL2,DOL OFLC LCA disclosure data; https://www.dol.gov/agencies/eta/foreign-labor/performance
2020Q2,pooled8,60.04329096725407,contrast_gpt4_withinL2,DOL OFLC LCA disclosure data; https://www.dol.gov/agencies/eta/foreign-labor/performance
2020Q2,pooled_mid,-10.310007637240716,contrast_gpt4_withinL2,DOL OFLC LCA disclosure data; https://www.dol.gov/agencies/eta/foreign-labor/performance
2020Q3,accenture,50.284026205798675,contrast_gpt4_withinL2,DOL OFLC LCA disclosure data; https://www.dol.gov/agencies/eta/foreign-labor/performance
2020Q3,capgemini,51.35714597084586,contrast_gpt4_withinL2,DOL OFLC LCA disclosure data; https://www.dol.gov/agencies/eta/foreign-labor/performance
2020Q3,cognizant,463.6639489214893,contrast_gpt4_withinL2,DOL OFLC LCA disclosure data; https://www.dol.gov/agencies/eta/foreign-labor/performance
2020Q3,hcltech,-19.557107827084202,contrast_gpt4_withinL2,DOL OFLC LCA disclosure data; https://www.dol.gov/agencies/eta/foreign-labor/performance
2020Q3,infosys,225.81171254628728,contrast_gpt4_withinL2,DOL OFLC LCA disclosure data; https://www.dol.gov/agencies/eta/foreign-labor/performance
2020Q3,ltim,-34.872118860008335,contrast_gpt4_withinL2,DOL OFLC LCA disclosure data; https://www.dol.gov/agencies/eta/foreign-labor/performance
2020Q3,mphasis,117.90930302024093,contrast_gpt4_withinL2,DOL OFLC LCA disclosure data; https://www.dol.gov/agencies/eta/foreign-labor/performance
2020Q3,persistent,-14.698219034864582,contrast_gpt4_withinL2,DOL OFLC LCA disclosure data; https://www.dol.gov/agencies/eta/foreign-labor/performance
2020Q3,tcs,67.15076692903146,contrast_gpt4_withinL2,DOL OFLC LCA disclosure data; https://www.dol.gov/agencies/eta/foreign-labor/performance
2020Q3,techm,-1.5477887095815817,contrast_gpt4_withinL2,DOL OFLC LCA disclosure data; https://www.dol.gov/agencies/eta/foreign-labor/performance
2020Q3,wipro,-11.089494981120936,contrast_gpt4_withinL2,DOL OFLC LCA disclosure data; https://www.dol.gov/agencies/eta/foreign-labor/performance
2020Q3,pooled8,47.118213466367266,contrast_gpt4_withinL2,DOL OFLC LCA disclosure data; https://www.dol.gov/agencies/eta/foreign-labor/performance
2020Q3,pooled_mid,105.31242940715107,contrast_gpt4_withinL2,DOL OFLC LCA disclosure data; https://www.dol.gov/agencies/eta/foreign-labor/performance
2020Q4,accenture,58.47177571631215,contrast_gpt4_withinL2,DOL OFLC LCA disclosure data; https://www.dol.gov/agencies/eta/foreign-labor/performance
2020Q4,capgemini,38.758468283031604,contrast_gpt4_withinL2,DOL OFLC LCA disclosure data; https://www.dol.gov/agencies/eta/foreign-labor/performance
2020Q4,cognizant,377.6051793937595,contrast_gpt4_withinL2,DOL OFLC LCA disclosure data; https://www.dol.gov/agencies/eta/foreign-labor/performance
2020Q4,hcltech,-16.581058322550533,contrast_gpt4_withinL2,DOL OFLC LCA disclosure data; https://www.dol.gov/agencies/eta/foreign-labor/performance
2020Q4,infosys,143.5000353747671,contrast_gpt4_withinL2,DOL OFLC LCA disclosure data; https://www.dol.gov/agencies/eta/foreign-labor/performance
2020Q4,ltim,-19.52673049068151,contrast_gpt4_withinL2,DOL OFLC LCA disclosure data; https://www.dol.gov/agencies/eta/foreign-labor/performance
2020Q4,mphasis,119.05169438105443,contrast_gpt4_withinL2,DOL OFLC LCA disclosure data; https://www.dol.gov/agencies/eta/foreign-labor/performance
2020Q4,persistent,-44.39313889359605,contrast_gpt4_withinL2,DOL OFLC LCA disclosure data; https://www.dol.gov/agencies/eta/foreign-labor/performance
2020Q4,tcs,48.94886610314494,contrast_gpt4_withinL2,DOL OFLC LCA disclosure data; https://www.dol.gov/agencies/eta/foreign-labor/performance
2020Q4,techm,1.9831477960450883,contrast_gpt4_withinL2,DOL OFLC LCA disclosure data; https://www.dol.gov/agencies/eta/foreign-labor/performance
2020Q4,wipro,-17.422821657507342,contrast_gpt4_withinL2,DOL OFLC LCA disclosure data; https://www.dol.gov/agencies/eta/foreign-labor/performance
2020Q4,pooled8,40.39518078177176,contrast_gpt4_withinL2,DOL OFLC LCA disclosure data; https://www.dol.gov/agencies/eta/foreign-labor/performance
2020Q4,pooled_mid,115.02168329094135,contrast_gpt4_withinL2,DOL OFLC LCA disclosure data; https://www.dol.gov/agencies/eta/foreign-labor/performance
2021Q1,accenture,34.956595969697965,contrast_gpt4_withinL2,DOL OFLC LCA disclosure data; https://www.dol.gov/agencies/eta/foreign-labor/performance
2021Q1,capgemini,32.68533462859618,contrast_gpt4_withinL2,DOL OFLC LCA disclosure data; https://www.dol.gov/agencies/eta/foreign-labor/performance
2021Q1,cognizant,235.39245830489287,contrast_gpt4_withinL2,DOL OFLC LCA disclosure data; https://www.dol.gov/agencies/eta/foreign-labor/performance
2021Q1,hcltech,-12.526632674736309,contrast_gpt4_withinL2,DOL OFLC LCA disclosure data; https://www.dol.gov/agencies/eta/foreign-labor/performance
2021Q1,infosys,-50.01201945382593,contrast_gpt4_withinL2,DOL OFLC LCA disclosure data; https://www.dol.gov/agencies/eta/foreign-labor/performance
2021Q1,ltim,-23.9033541311408,contrast_gpt4_withinL2,DOL OFLC LCA disclosure data; https://www.dol.gov/agencies/eta/foreign-labor/performance
2021Q1,mphasis,106.5871716011348,contrast_gpt4_withinL2,DOL OFLC LCA disclosure data; https://www.dol.gov/agencies/eta/foreign-labor/performance
2021Q1,persistent,1.1696039763191235,contrast_gpt4_withinL2,DOL OFLC LCA disclosure data; https://www.dol.gov/agencies/eta/foreign-labor/performance
2021Q1,tcs,-30.972971714143817,contrast_gpt4_withinL2,DOL OFLC LCA disclosure data; https://www.dol.gov/agencies/eta/foreign-labor/performance
2021Q1,techm,37.812178399939484,contrast_gpt4_withinL2,DOL OFLC LCA disclosure data; https://www.dol.gov/agencies/eta/foreign-labor/performance
2021Q1,wipro,-3.3960260711917414,contrast_gpt4_withinL2,DOL OFLC LCA disclosure data; https://www.dol.gov/agencies/eta/foreign-labor/performance
2021Q1,pooled8,37.3960122911633,contrast_gpt4_withinL2,DOL OFLC LCA disclosure data; https://www.dol.gov/agencies/eta/foreign-labor/performance
2021Q1,pooled_mid,138.97622539377593,contrast_gpt4_withinL2,DOL OFLC LCA disclosure data; https://www.dol.gov/agencies/eta/foreign-labor/performance
2021Q2,accenture,46.39471405457914,contrast_gpt4_withinL2,DOL OFLC LCA disclosure data; https://www.dol.gov/agencies/eta/foreign-labor/performance
2021Q2,capgemini,-4.646063497515627,contrast_gpt4_withinL2,DOL OFLC LCA disclosure data; https://www.dol.gov/agencies/eta/foreign-labor/performance
2021Q2,cognizant,-173.30414256822016,contrast_gpt4_withinL2,DOL OFLC LCA disclosure data; https://www.dol.gov/agencies/eta/foreign-labor/performance
2021Q2,hcltech,15.6507347707389,contrast_gpt4_withinL2,DOL OFLC LCA disclosure data; https://www.dol.gov/agencies/eta/foreign-labor/performance
2021Q2,infosys,-152.4069021441974,contrast_gpt4_withinL2,DOL OFLC LCA disclosure data; https://www.dol.gov/agencies/eta/foreign-labor/performance
2021Q2,ltim,-24.11116650206617,contrast_gpt4_withinL2,DOL OFLC LCA disclosure data; https://www.dol.gov/agencies/eta/foreign-labor/performance
2021Q2,mphasis,81.67423665253384,contrast_gpt4_withinL2,DOL OFLC LCA disclosure data; https://www.dol.gov/agencies/eta/foreign-labor/performance
2021Q2,tcs,-12.382557131672492,contrast_gpt4_withinL2,DOL OFLC LCA disclosure data; https://www.dol.gov/agencies/eta/foreign-labor/performance
2021Q2,techm,8.185475620115948,contrast_gpt4_withinL2,DOL OFLC LCA disclosure data; https://www.dol.gov/agencies/eta/foreign-labor/performance
2021Q2,wipro,-15.393888136874438,contrast_gpt4_withinL2,DOL OFLC LCA disclosure data; https://www.dol.gov/agencies/eta/foreign-labor/performance
2021Q2,pooled8,-9.783823539873712,contrast_gpt4_withinL2,DOL OFLC LCA disclosure data; https://www.dol.gov/agencies/eta/foreign-labor/performance
2021Q2,pooled_mid,107.26329768711206,contrast_gpt4_withinL2,DOL OFLC LCA disclosure data; https://www.dol.gov/agencies/eta/foreign-labor/performance
2021Q3,accenture,22.998744287093025,contrast_gpt4_withinL2,DOL OFLC LCA disclosure data; https://www.dol.gov/agencies/eta/foreign-labor/performance
2021Q3,capgemini,-0.4788220333608848,contrast_gpt4_withinL2,DOL OFLC LCA disclosure data; https://www.dol.gov/agencies/eta/foreign-labor/performance
2021Q3,coforge,202.81482472922858,contrast_gpt4_withinL2,DOL OFLC LCA disclosure data; https://www.dol.gov/agencies/eta/foreign-labor/performance
2021Q3,cognizant,-160.19742308940107,contrast_gpt4_withinL2,DOL OFLC LCA disclosure data; https://www.dol.gov/agencies/eta/foreign-labor/performance
2021Q3,hcltech,78.4151500202533,contrast_gpt4_withinL2,DOL OFLC LCA disclosure data; https://www.dol.gov/agencies/eta/foreign-labor/performance
2021Q3,infosys,-173.66315077850524,contrast_gpt4_withinL2,DOL OFLC LCA disclosure data; https://www.dol.gov/agencies/eta/foreign-labor/performance
2021Q3,ltim,0.2767645495418023,contrast_gpt4_withinL2,DOL OFLC LCA disclosure data; https://www.dol.gov/agencies/eta/foreign-labor/performance
2021Q3,mphasis,10.6032332948798,contrast_gpt4_withinL2,DOL OFLC LCA disclosure data; https://www.dol.gov/agencies/eta/foreign-labor/performance
2021Q3,tcs,-31.338436807838733,contrast_gpt4_withinL2,DOL OFLC LCA disclosure data; https://www.dol.gov/agencies/eta/foreign-labor/performance
2021Q3,techm,9.455955061305653,contrast_gpt4_withinL2,DOL OFLC LCA disclosure data; https://www.dol.gov/agencies/eta/foreign-labor/performance
2021Q3,wipro,-18.33594324463003,contrast_gpt4_withinL2,DOL OFLC LCA disclosure data; https://www.dol.gov/agencies/eta/foreign-labor/performance
2021Q3,pooled8,-21.157493019202516,contrast_gpt4_withinL2,DOL OFLC LCA disclosure data; https://www.dol.gov/agencies/eta/foreign-labor/performance
2021Q3,pooled_mid,21.860692655364048,contrast_gpt4_withinL2,DOL OFLC LCA disclosure data; https://www.dol.gov/agencies/eta/foreign-labor/performance
2021Q4,accenture,11.949097800153957,contrast_gpt4_withinL2,DOL OFLC LCA disclosure data; https://www.dol.gov/agencies/eta/foreign-labor/performance
2021Q4,capgemini,2.1633611527103156,contrast_gpt4_withinL2,DOL OFLC LCA disclosure data; https://www.dol.gov/agencies/eta/foreign-labor/performance
2021Q4,coforge,9.53101798043248,contrast_gpt4_withinL2,DOL OFLC LCA disclosure data; https://www.dol.gov/agencies/eta/foreign-labor/performance
2021Q4,cognizant,-221.85290020070505,contrast_gpt4_withinL2,DOL OFLC LCA disclosure data; https://www.dol.gov/agencies/eta/foreign-labor/performance
2021Q4,hcltech,79.47388911732469,contrast_gpt4_withinL2,DOL OFLC LCA disclosure data; https://www.dol.gov/agencies/eta/foreign-labor/performance
2021Q4,infosys,-139.85035022634827,contrast_gpt4_withinL2,DOL OFLC LCA disclosure data; https://www.dol.gov/agencies/eta/foreign-labor/performance
2021Q4,ltim,-10.208182419612806,contrast_gpt4_withinL2,DOL OFLC LCA disclosure data; https://www.dol.gov/agencies/eta/foreign-labor/performance
2021Q4,mphasis,-59.09547581281423,contrast_gpt4_withinL2,DOL OFLC LCA disclosure data; https://www.dol.gov/agencies/eta/foreign-labor/performance
2021Q4,tcs,-7.989276492878966,contrast_gpt4_withinL2,DOL OFLC LCA disclosure data; https://www.dol.gov/agencies/eta/foreign-labor/performance
2021Q4,techm,2.5079357886188482,contrast_gpt4_withinL2,DOL OFLC LCA disclosure data; https://www.dol.gov/agencies/eta/foreign-labor/performance
2021Q4,wipro,-22.080201424051126,contrast_gpt4_withinL2,DOL OFLC LCA disclosure data; https://www.dol.gov/agencies/eta/foreign-labor/performance
2021Q4,pooled8,-18.351801541019526,contrast_gpt4_withinL2,DOL OFLC LCA disclosure data; https://www.dol.gov/agencies/eta/foreign-labor/performance
2021Q4,pooled_mid,-7.61979735676257,contrast_gpt4_withinL2,DOL OFLC LCA disclosure data; https://www.dol.gov/agencies/eta/foreign-labor/performance
2022Q1,accenture,-4.331537714528395,contrast_gpt4_withinL2,DOL OFLC LCA disclosure data; https://www.dol.gov/agencies/eta/foreign-labor/performance
2022Q1,capgemini,-24.504766239235504,contrast_gpt4_withinL2,DOL OFLC LCA disclosure data; https://www.dol.gov/agencies/eta/foreign-labor/performance
2022Q1,cognizant,-236.7638258811106,contrast_gpt4_withinL2,DOL OFLC LCA disclosure data; https://www.dol.gov/agencies/eta/foreign-labor/performance
2022Q1,hcltech,68.00020040300213,contrast_gpt4_withinL2,DOL OFLC LCA disclosure data; https://www.dol.gov/agencies/eta/foreign-labor/performance
2022Q1,infosys,-132.79352830570656,contrast_gpt4_withinL2,DOL OFLC LCA disclosure data; https://www.dol.gov/agencies/eta/foreign-labor/performance
2022Q1,ltim,-16.431654119745428,contrast_gpt4_withinL2,DOL OFLC LCA disclosure data; https://www.dol.gov/agencies/eta/foreign-labor/performance
2022Q1,mphasis,-94.35781101287094,contrast_gpt4_withinL2,DOL OFLC LCA disclosure data; https://www.dol.gov/agencies/eta/foreign-labor/performance
2022Q1,tcs,-72.32508311684751,contrast_gpt4_withinL2,DOL OFLC LCA disclosure data; https://www.dol.gov/agencies/eta/foreign-labor/performance
2022Q1,techm,-6.959449589093973,contrast_gpt4_withinL2,DOL OFLC LCA disclosure data; https://www.dol.gov/agencies/eta/foreign-labor/performance
2022Q1,wipro,-35.93999729050088,contrast_gpt4_withinL2,DOL OFLC LCA disclosure data; https://www.dol.gov/agencies/eta/foreign-labor/performance
2022Q1,pooled8,-42.89749220739796,contrast_gpt4_withinL2,DOL OFLC LCA disclosure data; https://www.dol.gov/agencies/eta/foreign-labor/performance
2022Q1,pooled_mid,-28.67993400951718,contrast_gpt4_withinL2,DOL OFLC LCA disclosure data; https://www.dol.gov/agencies/eta/foreign-labor/performance
2022Q2,accenture,-30.0268692601338,contrast_gpt4_withinL2,DOL OFLC LCA disclosure data; https://www.dol.gov/agencies/eta/foreign-labor/performance
2022Q2,capgemini,-53.280486187389435,contrast_gpt4_withinL2,DOL OFLC LCA disclosure data; https://www.dol.gov/agencies/eta/foreign-labor/performance
2022Q2,cognizant,44.15701127502807,contrast_gpt4_withinL2,DOL OFLC LCA disclosure data; https://www.dol.gov/agencies/eta/foreign-labor/performance
2022Q2,hcltech,51.983516206423296,contrast_gpt4_withinL2,DOL OFLC LCA disclosure data; https://www.dol.gov/agencies/eta/foreign-labor/performance
2022Q2,infosys,50.95896056224385,contrast_gpt4_withinL2,DOL OFLC LCA disclosure data; https://www.dol.gov/agencies/eta/foreign-labor/performance
2022Q2,ltim,-1.5447498800341606,contrast_gpt4_withinL2,DOL OFLC LCA disclosure data; https://www.dol.gov/agencies/eta/foreign-labor/performance
2022Q2,mphasis,-55.047438857737376,contrast_gpt4_withinL2,DOL OFLC LCA disclosure data; https://www.dol.gov/agencies/eta/foreign-labor/performance
2022Q2,tcs,-47.13320112930664,contrast_gpt4_withinL2,DOL OFLC LCA disclosure data; https://www.dol.gov/agencies/eta/foreign-labor/performance
2022Q2,techm,-7.994441995693943,contrast_gpt4_withinL2,DOL OFLC LCA disclosure data; https://www.dol.gov/agencies/eta/foreign-labor/performance
2022Q2,wipro,-57.1706702816724,contrast_gpt4_withinL2,DOL OFLC LCA disclosure data; https://www.dol.gov/agencies/eta/foreign-labor/performance
2022Q2,pooled8,-20.536418956780338,contrast_gpt4_withinL2,DOL OFLC LCA disclosure data; https://www.dol.gov/agencies/eta/foreign-labor/performance
2022Q2,pooled_mid,-39.68500444361887,contrast_gpt4_withinL2,DOL OFLC LCA disclosure data; https://www.dol.gov/agencies/eta/foreign-labor/performance
2022Q3,accenture,-47.200912322566694,contrast_gpt4_withinL2,DOL OFLC LCA disclosure data; https://www.dol.gov/agencies/eta/foreign-labor/performance
2022Q3,capgemini,-71.78329468165417,contrast_gpt4_withinL2,DOL OFLC LCA disclosure data; https://www.dol.gov/agencies/eta/foreign-labor/performance
2022Q3,cognizant,42.05822562905615,contrast_gpt4_withinL2,DOL OFLC LCA disclosure data; https://www.dol.gov/agencies/eta/foreign-labor/performance
2022Q3,hcltech,-79.06860844938345,contrast_gpt4_withinL2,DOL OFLC LCA disclosure data; https://www.dol.gov/agencies/eta/foreign-labor/performance
2022Q3,hexaware,81.81095404593665,contrast_gpt4_withinL2,DOL OFLC LCA disclosure data; https://www.dol.gov/agencies/eta/foreign-labor/performance
2022Q3,infosys,92.53586005381077,contrast_gpt4_withinL2,DOL OFLC LCA disclosure data; https://www.dol.gov/agencies/eta/foreign-labor/performance
2022Q3,ltim,-13.222318236473107,contrast_gpt4_withinL2,DOL OFLC LCA disclosure data; https://www.dol.gov/agencies/eta/foreign-labor/performance
2022Q3,mphasis,5.749881556389628,contrast_gpt4_withinL2,DOL OFLC LCA disclosure data; https://www.dol.gov/agencies/eta/foreign-labor/performance
2022Q3,tcs,-27.286367733150236,contrast_gpt4_withinL2,DOL OFLC LCA disclosure data; https://www.dol.gov/agencies/eta/foreign-labor/performance
2022Q3,techm,-17.66893475557223,contrast_gpt4_withinL2,DOL OFLC LCA disclosure data; https://www.dol.gov/agencies/eta/foreign-labor/performance
2022Q3,wipro,-74.34019408821294,contrast_gpt4_withinL2,DOL OFLC LCA disclosure data; https://www.dol.gov/agencies/eta/foreign-labor/performance
2022Q3,pooled8,-25.33930223161095,contrast_gpt4_withinL2,DOL OFLC LCA disclosure data; https://www.dol.gov/agencies/eta/foreign-labor/performance
2022Q3,pooled_mid,-36.25537097352068,contrast_gpt4_withinL2,DOL OFLC LCA disclosure data; https://www.dol.gov/agencies/eta/foreign-labor/performance
2022Q4,accenture,-158.1693479732352,contrast_gpt4_withinL2,DOL OFLC LCA disclosure data; https://www.dol.gov/agencies/eta/foreign-labor/performance
2022Q4,capgemini,-90.79861049306767,contrast_gpt4_withinL2,DOL OFLC LCA disclosure data; https://www.dol.gov/agencies/eta/foreign-labor/performance
2022Q4,cognizant,101.35148103329492,contrast_gpt4_withinL2,DOL OFLC LCA disclosure data; https://www.dol.gov/agencies/eta/foreign-labor/performance
2022Q4,hcltech,-85.26004385971962,contrast_gpt4_withinL2,DOL OFLC LCA disclosure data; https://www.dol.gov/agencies/eta/foreign-labor/performance
2022Q4,hexaware,69.62967894628416,contrast_gpt4_withinL2,DOL OFLC LCA disclosure data; https://www.dol.gov/agencies/eta/foreign-labor/performance
2022Q4,infosys,122.1780185660862,contrast_gpt4_withinL2,DOL OFLC LCA disclosure data; https://www.dol.gov/agencies/eta/foreign-labor/performance
2022Q4,ltim,-14.410621069935145,contrast_gpt4_withinL2,DOL OFLC LCA disclosure data; https://www.dol.gov/agencies/eta/foreign-labor/performance
2022Q4,mphasis,47.24584788039798,contrast_gpt4_withinL2,DOL OFLC LCA disclosure data; https://www.dol.gov/agencies/eta/foreign-labor/performance
2022Q4,tcs,-29.073358646329,contrast_gpt4_withinL2,DOL OFLC LCA disclosure data; https://www.dol.gov/agencies/eta/foreign-labor/performance
2022Q4,techm,-23.743402790918484,contrast_gpt4_withinL2,DOL OFLC LCA disclosure data; https://www.dol.gov/agencies/eta/foreign-labor/performance
2022Q4,wipro,-79.3496609926722,contrast_gpt4_withinL2,DOL OFLC LCA disclosure data; https://www.dol.gov/agencies/eta/foreign-labor/performance
2022Q4,pooled8,-31.319841899950813,contrast_gpt4_withinL2,DOL OFLC LCA disclosure data; https://www.dol.gov/agencies/eta/foreign-labor/performance
2022Q4,pooled_mid,-36.6289591673609,contrast_gpt4_withinL2,DOL OFLC LCA disclosure data; https://www.dol.gov/agencies/eta/foreign-labor/performance
2023Q1,accenture,-159.10054661190466,contrast_gpt4_withinL2,DOL OFLC LCA disclosure data; https://www.dol.gov/agencies/eta/foreign-labor/performance
2023Q1,capgemini,-70.99409426593414,contrast_gpt4_withinL2,DOL OFLC LCA disclosure data; https://www.dol.gov/agencies/eta/foreign-labor/performance
2023Q1,cognizant,119.20256569977067,contrast_gpt4_withinL2,DOL OFLC LCA disclosure data; https://www.dol.gov/agencies/eta/foreign-labor/performance
2023Q1,hcltech,-80.81208790987439,contrast_gpt4_withinL2,DOL OFLC LCA disclosure data; https://www.dol.gov/agencies/eta/foreign-labor/performance
2023Q1,hexaware,60.55912895356257,contrast_gpt4_withinL2,DOL OFLC LCA disclosure data; https://www.dol.gov/agencies/eta/foreign-labor/performance
2023Q1,infosys,126.5681067220822,contrast_gpt4_withinL2,DOL OFLC LCA disclosure data; https://www.dol.gov/agencies/eta/foreign-labor/performance
2023Q1,ltim,-28.62460643069691,contrast_gpt4_withinL2,DOL OFLC LCA disclosure data; https://www.dol.gov/agencies/eta/foreign-labor/performance
2023Q1,mphasis,66.74145363832842,contrast_gpt4_withinL2,DOL OFLC LCA disclosure data; https://www.dol.gov/agencies/eta/foreign-labor/performance
2023Q1,tcs,-10.614777500158265,contrast_gpt4_withinL2,DOL OFLC LCA disclosure data; https://www.dol.gov/agencies/eta/foreign-labor/performance
2023Q1,techm,-21.354544330790084,contrast_gpt4_withinL2,DOL OFLC LCA disclosure data; https://www.dol.gov/agencies/eta/foreign-labor/performance
2023Q1,wipro,-70.04389523833132,contrast_gpt4_withinL2,DOL OFLC LCA disclosure data; https://www.dol.gov/agencies/eta/foreign-labor/performance
2023Q1,pooled8,-20.875992802031625,contrast_gpt4_withinL2,DOL OFLC LCA disclosure data; https://www.dol.gov/agencies/eta/foreign-labor/performance
2023Q1,pooled_mid,-23.977869170671827,contrast_gpt4_withinL2,DOL OFLC LCA disclosure data; https://www.dol.gov/agencies/eta/foreign-labor/performance
2023Q2,accenture,-166.43963569455522,contrast_gpt4_withinL2,DOL OFLC LCA disclosure data; https://www.dol.gov/agencies/eta/foreign-labor/performance
2023Q2,capgemini,-30.911281496215828,contrast_gpt4_withinL2,DOL OFLC LCA disclosure data; https://www.dol.gov/agencies/eta/foreign-labor/performance
2023Q2,cognizant,34.51031258204881,contrast_gpt4_withinL2,DOL OFLC LCA disclosure data; https://www.dol.gov/agencies/eta/foreign-labor/performance
2023Q2,hcltech,-66.33893817530486,contrast_gpt4_withinL2,DOL OFLC LCA disclosure data; https://www.dol.gov/agencies/eta/foreign-labor/performance
2023Q2,infosys,135.51729482685272,contrast_gpt4_withinL2,DOL OFLC LCA disclosure data; https://www.dol.gov/agencies/eta/foreign-labor/performance
2023Q2,ltim,-70.77197432470452,contrast_gpt4_withinL2,DOL OFLC LCA disclosure data; https://www.dol.gov/agencies/eta/foreign-labor/performance
2023Q2,mphasis,24.600937605121285,contrast_gpt4_withinL2,DOL OFLC LCA disclosure data; https://www.dol.gov/agencies/eta/foreign-labor/performance
2023Q2,tcs,-10.261486108220488,contrast_gpt4_withinL2,DOL OFLC LCA disclosure data; https://www.dol.gov/agencies/eta/foreign-labor/performance
2023Q2,techm,-3.9679438481683533,contrast_gpt4_withinL2,DOL OFLC LCA disclosure data; https://www.dol.gov/agencies/eta/foreign-labor/performance
2023Q2,wipro,-33.13628979879166,contrast_gpt4_withinL2,DOL OFLC LCA disclosure data; https://www.dol.gov/agencies/eta/foreign-labor/performance
2023Q2,pooled8,-11.219115819480983,contrast_gpt4_withinL2,DOL OFLC LCA disclosure data; https://www.dol.gov/agencies/eta/foreign-labor/performance
2023Q2,pooled_mid,-11.366040361673445,contrast_gpt4_withinL2,DOL OFLC LCA disclosure data; https://www.dol.gov/agencies/eta/foreign-labor/performance
2023Q3,accenture,-131.1413149207864,contrast_gpt4_withinL2,DOL OFLC LCA disclosure data; https://www.dol.gov/agencies/eta/foreign-labor/performance
2023Q3,capgemini,-17.598345192065675,contrast_gpt4_withinL2,DOL OFLC LCA disclosure data; https://www.dol.gov/agencies/eta/foreign-labor/performance
2023Q3,cognizant,51.17362052882413,contrast_gpt4_withinL2,DOL OFLC LCA disclosure data; https://www.dol.gov/agencies/eta/foreign-labor/performance
2023Q3,hcltech,-1.3627791501075777,contrast_gpt4_withinL2,DOL OFLC LCA disclosure data; https://www.dol.gov/agencies/eta/foreign-labor/performance
2023Q3,hexaware,-11.14028301137889,contrast_gpt4_withinL2,DOL OFLC LCA disclosure data; https://www.dol.gov/agencies/eta/foreign-labor/performance
2023Q3,infosys,103.90184545894382,contrast_gpt4_withinL2,DOL OFLC LCA disclosure data; https://www.dol.gov/agencies/eta/foreign-labor/performance
2023Q3,ltim,-102.25658618245234,contrast_gpt4_withinL2,DOL OFLC LCA disclosure data; https://www.dol.gov/agencies/eta/foreign-labor/performance
2023Q3,mphasis,-16.264970288488872,contrast_gpt4_withinL2,DOL OFLC LCA disclosure data; https://www.dol.gov/agencies/eta/foreign-labor/performance
2023Q3,persistent,127.91962255635235,contrast_gpt4_withinL2,DOL OFLC LCA disclosure data; https://www.dol.gov/agencies/eta/foreign-labor/performance
2023Q3,tcs,-30.16384842942071,contrast_gpt4_withinL2,DOL OFLC LCA disclosure data; https://www.dol.gov/agencies/eta/foreign-labor/performance
2023Q3,techm,4.449777025412512,contrast_gpt4_withinL2,DOL OFLC LCA disclosure data; https://www.dol.gov/agencies/eta/foreign-labor/performance
2023Q3,wipro,20.50610830919991,contrast_gpt4_withinL2,DOL OFLC LCA disclosure data; https://www.dol.gov/agencies/eta/foreign-labor/performance
2023Q3,pooled8,1.690340870266283,contrast_gpt4_withinL2,DOL OFLC LCA disclosure data; https://www.dol.gov/agencies/eta/foreign-labor/performance
2023Q3,pooled_mid,-14.794718598766417,contrast_gpt4_withinL2,DOL OFLC LCA disclosure data; https://www.dol.gov/agencies/eta/foreign-labor/performance
2023Q4,accenture,82.1885894877304,contrast_gpt4_withinL2,DOL OFLC LCA disclosure data; https://www.dol.gov/agencies/eta/foreign-labor/performance
2023Q4,capgemini,8.989500411654799,contrast_gpt4_withinL2,DOL OFLC LCA disclosure data; https://www.dol.gov/agencies/eta/foreign-labor/performance
2023Q4,cognizant,25.40023339322639,contrast_gpt4_withinL2,DOL OFLC LCA disclosure data; https://www.dol.gov/agencies/eta/foreign-labor/performance
2023Q4,hcltech,11.722529013969003,contrast_gpt4_withinL2,DOL OFLC LCA disclosure data; https://www.dol.gov/agencies/eta/foreign-labor/performance
2023Q4,hexaware,-3.8466280827796053,contrast_gpt4_withinL2,DOL OFLC LCA disclosure data; https://www.dol.gov/agencies/eta/foreign-labor/performance
2023Q4,infosys,55.66092708492299,contrast_gpt4_withinL2,DOL OFLC LCA disclosure data; https://www.dol.gov/agencies/eta/foreign-labor/performance
2023Q4,ltim,-99.27047343555782,contrast_gpt4_withinL2,DOL OFLC LCA disclosure data; https://www.dol.gov/agencies/eta/foreign-labor/performance
2023Q4,mphasis,-46.51119353544813,contrast_gpt4_withinL2,DOL OFLC LCA disclosure data; https://www.dol.gov/agencies/eta/foreign-labor/performance
2023Q4,persistent,108.98016589859549,contrast_gpt4_withinL2,DOL OFLC LCA disclosure data; https://www.dol.gov/agencies/eta/foreign-labor/performance
2023Q4,tcs,-44.76458642017349,contrast_gpt4_withinL2,DOL OFLC LCA disclosure data; https://www.dol.gov/agencies/eta/foreign-labor/performance
2023Q4,techm,18.479097773521318,contrast_gpt4_withinL2,DOL OFLC LCA disclosure data; https://www.dol.gov/agencies/eta/foreign-labor/performance
2023Q4,wipro,44.99118732341918,contrast_gpt4_withinL2,DOL OFLC LCA disclosure data; https://www.dol.gov/agencies/eta/foreign-labor/performance
2023Q4,pooled8,17.86253528369445,contrast_gpt4_withinL2,DOL OFLC LCA disclosure data; https://www.dol.gov/agencies/eta/foreign-labor/performance
2023Q4,pooled_mid,-3.538408599686605,contrast_gpt4_withinL2,DOL OFLC LCA disclosure data; https://www.dol.gov/agencies/eta/foreign-labor/performance
2024Q1,accenture,95.35371107237188,contrast_gpt4_withinL2,DOL OFLC LCA disclosure data; https://www.dol.gov/agencies/eta/foreign-labor/performance
2024Q1,capgemini,6.53393377877261,contrast_gpt4_withinL2,DOL OFLC LCA disclosure data; https://www.dol.gov/agencies/eta/foreign-labor/performance
2024Q1,cognizant,29.525073254953185,contrast_gpt4_withinL2,DOL OFLC LCA disclosure data; https://www.dol.gov/agencies/eta/foreign-labor/performance
2024Q1,hcltech,23.312741484322466,contrast_gpt4_withinL2,DOL OFLC LCA disclosure data; https://www.dol.gov/agencies/eta/foreign-labor/performance
2024Q1,hexaware,4.785602117763514,contrast_gpt4_withinL2,DOL OFLC LCA disclosure data; https://www.dol.gov/agencies/eta/foreign-labor/performance
2024Q1,infosys,28.89733431969109,contrast_gpt4_withinL2,DOL OFLC LCA disclosure data; https://www.dol.gov/agencies/eta/foreign-labor/performance
2024Q1,ltim,-85.32948798595778,contrast_gpt4_withinL2,DOL OFLC LCA disclosure data; https://www.dol.gov/agencies/eta/foreign-labor/performance
2024Q1,mphasis,-61.51911023918706,contrast_gpt4_withinL2,DOL OFLC LCA disclosure data; https://www.dol.gov/agencies/eta/foreign-labor/performance
2024Q1,persistent,76.49729151312009,contrast_gpt4_withinL2,DOL OFLC LCA disclosure data; https://www.dol.gov/agencies/eta/foreign-labor/performance
2024Q1,tcs,-36.05026675362295,contrast_gpt4_withinL2,DOL OFLC LCA disclosure data; https://www.dol.gov/agencies/eta/foreign-labor/performance
2024Q1,techm,6.898908217999668,contrast_gpt4_withinL2,DOL OFLC LCA disclosure data; https://www.dol.gov/agencies/eta/foreign-labor/performance
2024Q1,wipro,44.77303414662003,contrast_gpt4_withinL2,DOL OFLC LCA disclosure data; https://www.dol.gov/agencies/eta/foreign-labor/performance
2024Q1,pooled8,19.945508174577895,contrast_gpt4_withinL2,DOL OFLC LCA disclosure data; https://www.dol.gov/agencies/eta/foreign-labor/performance
2024Q1,pooled_mid,-4.359710666472473,contrast_gpt4_withinL2,DOL OFLC LCA disclosure data; https://www.dol.gov/agencies/eta/foreign-labor/performance
2024Q2,accenture,118.94142154933857,contrast_gpt4_withinL2,DOL OFLC LCA disclosure data; https://www.dol.gov/agencies/eta/foreign-labor/performance
2024Q2,capgemini,-3.9554633427711607,contrast_gpt4_withinL2,DOL OFLC LCA disclosure data; https://www.dol.gov/agencies/eta/foreign-labor/performance
2024Q2,coforge,154.0445040947149,contrast_gpt4_withinL2,DOL OFLC LCA disclosure data; https://www.dol.gov/agencies/eta/foreign-labor/performance
2024Q2,cognizant,54.14391671663859,contrast_gpt4_withinL2,DOL OFLC LCA disclosure data; https://www.dol.gov/agencies/eta/foreign-labor/performance
2024Q2,hcltech,-2.578610773826849,contrast_gpt4_withinL2,DOL OFLC LCA disclosure data; https://www.dol.gov/agencies/eta/foreign-labor/performance
2024Q2,hexaware,37.83364407199117,contrast_gpt4_withinL2,DOL OFLC LCA disclosure data; https://www.dol.gov/agencies/eta/foreign-labor/performance
2024Q2,infosys,-67.73197447001738,contrast_gpt4_withinL2,DOL OFLC LCA disclosure data; https://www.dol.gov/agencies/eta/foreign-labor/performance
2024Q2,ltim,-76.93371691712287,contrast_gpt4_withinL2,DOL OFLC LCA disclosure data; https://www.dol.gov/agencies/eta/foreign-labor/performance
2024Q2,mphasis,-39.899523338217804,contrast_gpt4_withinL2,DOL OFLC LCA disclosure data; https://www.dol.gov/agencies/eta/foreign-labor/performance
2024Q2,tcs,-48.47121029344239,contrast_gpt4_withinL2,DOL OFLC LCA disclosure data; https://www.dol.gov/agencies/eta/foreign-labor/performance
2024Q2,techm,-5.613852593920324,contrast_gpt4_withinL2,DOL OFLC LCA disclosure data; https://www.dol.gov/agencies/eta/foreign-labor/performance
2024Q2,wipro,55.63590457035834,contrast_gpt4_withinL2,DOL OFLC LCA disclosure data; https://www.dol.gov/agencies/eta/foreign-labor/performance
2024Q2,pooled8,2.6651014239078386,contrast_gpt4_withinL2,DOL OFLC LCA disclosure data; https://www.dol.gov/agencies/eta/foreign-labor/performance
2024Q2,pooled_mid,-6.842762653466133,contrast_gpt4_withinL2,DOL OFLC LCA disclosure data; https://www.dol.gov/agencies/eta/foreign-labor/performance
2024Q3,accenture,133.53862685090314,contrast_gpt4_withinL2,DOL OFLC LCA disclosure data; https://www.dol.gov/agencies/eta/foreign-labor/performance
2024Q3,capgemini,-24.780760349216706,contrast_gpt4_withinL2,DOL OFLC LCA disclosure data; https://www.dol.gov/agencies/eta/foreign-labor/performance
2024Q3,coforge,11.778303565638339,contrast_gpt4_withinL2,DOL OFLC LCA disclosure data; https://www.dol.gov/agencies/eta/foreign-labor/performance
2024Q3,cognizant,58.61692040522034,contrast_gpt4_withinL2,DOL OFLC LCA disclosure data; https://www.dol.gov/agencies/eta/foreign-labor/performance
2024Q3,hcltech,-5.2049057114038675,contrast_gpt4_withinL2,DOL OFLC LCA disclosure data; https://www.dol.gov/agencies/eta/foreign-labor/performance
2024Q3,infosys,-67.84281039990441,contrast_gpt4_withinL2,DOL OFLC LCA disclosure data; https://www.dol.gov/agencies/eta/foreign-labor/performance
2024Q3,ltim,-34.23281288958816,contrast_gpt4_withinL2,DOL OFLC LCA disclosure data; https://www.dol.gov/agencies/eta/foreign-labor/performance
2024Q3,mphasis,-38.878142137998225,contrast_gpt4_withinL2,DOL OFLC LCA disclosure data; https://www.dol.gov/agencies/eta/foreign-labor/performance
2024Q3,persistent,-49.16862835552933,contrast_gpt4_withinL2,DOL OFLC LCA disclosure data; https://www.dol.gov/agencies/eta/foreign-labor/performance
2024Q3,tcs,-24.193818160527186,contrast_gpt4_withinL2,DOL OFLC LCA disclosure data; https://www.dol.gov/agencies/eta/foreign-labor/performance
2024Q3,techm,-16.04717436623413,contrast_gpt4_withinL2,DOL OFLC LCA disclosure data; https://www.dol.gov/agencies/eta/foreign-labor/performance
2024Q3,wipro,16.87620871531864,contrast_gpt4_withinL2,DOL OFLC LCA disclosure data; https://www.dol.gov/agencies/eta/foreign-labor/performance
2024Q3,pooled8,-2.6408856308615007,contrast_gpt4_withinL2,DOL OFLC LCA disclosure data; https://www.dol.gov/agencies/eta/foreign-labor/performance
2024Q3,pooled_mid,-9.867718635222907,contrast_gpt4_withinL2,DOL OFLC LCA disclosure data; https://www.dol.gov/agencies/eta/foreign-labor/performance
2024Q4,accenture,34.78023654351341,contrast_gpt4_withinL2,DOL OFLC LCA disclosure data; https://www.dol.gov/agencies/eta/foreign-labor/performance
2024Q4,capgemini,-30.8179730307638,contrast_gpt4_withinL2,DOL OFLC LCA disclosure data; https://www.dol.gov/agencies/eta/foreign-labor/performance
2024Q4,coforge,-44.183275227903934,contrast_gpt4_withinL2,DOL OFLC LCA disclosure data; https://www.dol.gov/agencies/eta/foreign-labor/performance
2024Q4,cognizant,63.8355631730263,contrast_gpt4_withinL2,DOL OFLC LCA disclosure data; https://www.dol.gov/agencies/eta/foreign-labor/performance
2024Q4,hcltech,-9.902096777226944,contrast_gpt4_withinL2,DOL OFLC LCA disclosure data; https://www.dol.gov/agencies/eta/foreign-labor/performance
2024Q4,infosys,-43.789554716043185,contrast_gpt4_withinL2,DOL OFLC LCA disclosure data; https://www.dol.gov/agencies/eta/foreign-labor/performance
2024Q4,ltim,-33.967435192636884,contrast_gpt4_withinL2,DOL OFLC LCA disclosure data; https://www.dol.gov/agencies/eta/foreign-labor/performance
2024Q4,mphasis,-40.97594734818794,contrast_gpt4_withinL2,DOL OFLC LCA disclosure data; https://www.dol.gov/agencies/eta/foreign-labor/performance
2024Q4,persistent,-62.88852463415762,contrast_gpt4_withinL2,DOL OFLC LCA disclosure data; https://www.dol.gov/agencies/eta/foreign-labor/performance
2024Q4,tcs,-18.250923532370635,contrast_gpt4_withinL2,DOL OFLC LCA disclosure data; https://www.dol.gov/agencies/eta/foreign-labor/performance
2024Q4,techm,-18.879899913275203,contrast_gpt4_withinL2,DOL OFLC LCA disclosure data; https://www.dol.gov/agencies/eta/foreign-labor/performance
2024Q4,wipro,-2.749523861633193,contrast_gpt4_withinL2,DOL OFLC LCA disclosure data; https://www.dol.gov/agencies/eta/foreign-labor/performance
2024Q4,pooled8,-13.161177400480646,contrast_gpt4_withinL2,DOL OFLC LCA disclosure data; https://www.dol.gov/agencies/eta/foreign-labor/performance
2024Q4,pooled_mid,-11.881385700725268,contrast_gpt4_withinL2,DOL OFLC LCA disclosure data; https://www.dol.gov/agencies/eta/foreign-labor/performance
2025Q1,accenture,33.513167216476866,contrast_gpt4_withinL2,DOL OFLC LCA disclosure data; https://www.dol.gov/agencies/eta/foreign-labor/performance
2025Q1,capgemini,-21.700619386595708,contrast_gpt4_withinL2,DOL OFLC LCA disclosure data; https://www.dol.gov/agencies/eta/foreign-labor/performance
2025Q1,coforge,40.54651081081644,contrast_gpt4_withinL2,DOL OFLC LCA disclosure data; https://www.dol.gov/agencies/eta/foreign-labor/performance
2025Q1,cognizant,39.1388521799453,contrast_gpt4_withinL2,DOL OFLC LCA disclosure data; https://www.dol.gov/agencies/eta/foreign-labor/performance
2025Q1,hcltech,-20.259203545100053,contrast_gpt4_withinL2,DOL OFLC LCA disclosure data; https://www.dol.gov/agencies/eta/foreign-labor/performance
2025Q1,hexaware,28.29982231393545,contrast_gpt4_withinL2,DOL OFLC LCA disclosure data; https://www.dol.gov/agencies/eta/foreign-labor/performance
2025Q1,infosys,-68.18653698858604,contrast_gpt4_withinL2,DOL OFLC LCA disclosure data; https://www.dol.gov/agencies/eta/foreign-labor/performance
2025Q1,ltim,-86.86311500750091,contrast_gpt4_withinL2,DOL OFLC LCA disclosure data; https://www.dol.gov/agencies/eta/foreign-labor/performance
2025Q1,mphasis,-15.212044712975233,contrast_gpt4_withinL2,DOL OFLC LCA disclosure data; https://www.dol.gov/agencies/eta/foreign-labor/performance
2025Q1,persistent,-32.466107569286834,contrast_gpt4_withinL2,DOL OFLC LCA disclosure data; https://www.dol.gov/agencies/eta/foreign-labor/performance
2025Q1,tcs,-11.03967181236725,contrast_gpt4_withinL2,DOL OFLC LCA disclosure data; https://www.dol.gov/agencies/eta/foreign-labor/performance
2025Q1,techm,-7.543231653148558,contrast_gpt4_withinL2,DOL OFLC LCA disclosure data; https://www.dol.gov/agencies/eta/foreign-labor/performance
2025Q1,wipro,3.578033266977627,contrast_gpt4_withinL2,DOL OFLC LCA disclosure data; https://www.dol.gov/agencies/eta/foreign-labor/performance
2025Q1,pooled8,-31.69382223063093,contrast_gpt4_withinL2,DOL OFLC LCA disclosure data; https://www.dol.gov/agencies/eta/foreign-labor/performance
2025Q1,pooled_mid,0.6939580235171725,contrast_gpt4_withinL2,DOL OFLC LCA disclosure data; https://www.dol.gov/agencies/eta/foreign-labor/performance
2025Q2,accenture,18.35307467840937,contrast_gpt4_withinL2,DOL OFLC LCA disclosure data; https://www.dol.gov/agencies/eta/foreign-labor/performance
2025Q2,capgemini,-27.577597202914408,contrast_gpt4_withinL2,DOL OFLC LCA disclosure data; https://www.dol.gov/agencies/eta/foreign-labor/performance
2025Q2,coforge,167.03986122237876,contrast_gpt4_withinL2,DOL OFLC LCA disclosure data; https://www.dol.gov/agencies/eta/foreign-labor/performance
2025Q2,cognizant,74.43320970274485,contrast_gpt4_withinL2,DOL OFLC LCA disclosure data; https://www.dol.gov/agencies/eta/foreign-labor/performance
2025Q2,hcltech,15.230011077196412,contrast_gpt4_withinL2,DOL OFLC LCA disclosure data; https://www.dol.gov/agencies/eta/foreign-labor/performance
2025Q2,hexaware,-10.536051565782628,contrast_gpt4_withinL2,DOL OFLC LCA disclosure data; https://www.dol.gov/agencies/eta/foreign-labor/performance
2025Q2,infosys,-240.57028847823466,contrast_gpt4_withinL2,DOL OFLC LCA disclosure data; https://www.dol.gov/agencies/eta/foreign-labor/performance
2025Q2,ltim,-72.45821643784309,contrast_gpt4_withinL2,DOL OFLC LCA disclosure data; https://www.dol.gov/agencies/eta/foreign-labor/performance
2025Q2,mphasis,-4.662719657305043,contrast_gpt4_withinL2,DOL OFLC LCA disclosure data; https://www.dol.gov/agencies/eta/foreign-labor/performance
2025Q2,persistent,160.0305428870828,contrast_gpt4_withinL2,DOL OFLC LCA disclosure data; https://www.dol.gov/agencies/eta/foreign-labor/performance
2025Q2,tcs,13.494536783710291,contrast_gpt4_withinL2,DOL OFLC LCA disclosure data; https://www.dol.gov/agencies/eta/foreign-labor/performance
2025Q2,techm,-0.7117467768864039,contrast_gpt4_withinL2,DOL OFLC LCA disclosure data; https://www.dol.gov/agencies/eta/foreign-labor/performance
2025Q2,wipro,-37.05583758335915,contrast_gpt4_withinL2,DOL OFLC LCA disclosure data; https://www.dol.gov/agencies/eta/foreign-labor/performance
2025Q2,pooled8,-52.919778397060796,contrast_gpt4_withinL2,DOL OFLC LCA disclosure data; https://www.dol.gov/agencies/eta/foreign-labor/performance
2025Q2,pooled_mid,-6.08690477009517,contrast_gpt4_withinL2,DOL OFLC LCA disclosure data; https://www.dol.gov/agencies/eta/foreign-labor/performance
2025Q3,accenture,-9.231642921932298,contrast_gpt4_withinL2,DOL OFLC LCA disclosure data; https://www.dol.gov/agencies/eta/foreign-labor/performance
2025Q3,capgemini,-9.733231222240383,contrast_gpt4_withinL2,DOL OFLC LCA disclosure data; https://www.dol.gov/agencies/eta/foreign-labor/performance
2025Q3,coforge,262.3056988268818,contrast_gpt4_withinL2,DOL OFLC LCA disclosure data; https://www.dol.gov/agencies/eta/foreign-labor/performance
2025Q3,cognizant,58.382656754106485,contrast_gpt4_withinL2,DOL OFLC LCA disclosure data; https://www.dol.gov/agencies/eta/foreign-labor/performance
2025Q3,hcltech,3.728752984605393,contrast_gpt4_withinL2,DOL OFLC LCA disclosure data; https://www.dol.gov/agencies/eta/foreign-labor/performance
2025Q3,infosys,-283.53077614276134,contrast_gpt4_withinL2,DOL OFLC LCA disclosure data; https://www.dol.gov/agencies/eta/foreign-labor/performance
2025Q3,ltim,-84.2063845316234,contrast_gpt4_withinL2,DOL OFLC LCA disclosure data; https://www.dol.gov/agencies/eta/foreign-labor/performance
2025Q3,mphasis,41.550367918657884,contrast_gpt4_withinL2,DOL OFLC LCA disclosure data; https://www.dol.gov/agencies/eta/foreign-labor/performance
2025Q3,persistent,107.46303239816243,contrast_gpt4_withinL2,DOL OFLC LCA disclosure data; https://www.dol.gov/agencies/eta/foreign-labor/performance
2025Q3,tcs,12.193331881505735,contrast_gpt4_withinL2,DOL OFLC LCA disclosure data; https://www.dol.gov/agencies/eta/foreign-labor/performance
2025Q3,techm,14.86718886901287,contrast_gpt4_withinL2,DOL OFLC LCA disclosure data; https://www.dol.gov/agencies/eta/foreign-labor/performance
2025Q3,wipro,-21.241652328221168,contrast_gpt4_withinL2,DOL OFLC LCA disclosure data; https://www.dol.gov/agencies/eta/foreign-labor/performance
2025Q3,pooled8,-71.56612847730864,contrast_gpt4_withinL2,DOL OFLC LCA disclosure data; https://www.dol.gov/agencies/eta/foreign-labor/performance
2025Q3,pooled_mid,10.428911560679909,contrast_gpt4_withinL2,DOL OFLC LCA disclosure data; https://www.dol.gov/agencies/eta/foreign-labor/performance
2025Q4,accenture,-10.075629289691562,contrast_gpt4_withinL2,DOL OFLC LCA disclosure data; https://www.dol.gov/agencies/eta/foreign-labor/performance
2025Q4,capgemini,-7.649460813145266,contrast_gpt4_withinL2,DOL OFLC LCA disclosure data; https://www.dol.gov/agencies/eta/foreign-labor/performance
2025Q4,coforge,313.54942159291494,contrast_gpt4_withinL2,DOL OFLC LCA disclosure data; https://www.dol.gov/agencies/eta/foreign-labor/performance
2025Q4,cognizant,50.09329143018981,contrast_gpt4_withinL2,DOL OFLC LCA disclosure data; https://www.dol.gov/agencies/eta/foreign-labor/performance
2025Q4,hcltech,-9.301503523874885,contrast_gpt4_withinL2,DOL OFLC LCA disclosure data; https://www.dol.gov/agencies/eta/foreign-labor/performance
2025Q4,infosys,-323.91822720411716,contrast_gpt4_withinL2,DOL OFLC LCA disclosure data; https://www.dol.gov/agencies/eta/foreign-labor/performance
2025Q4,ltim,-84.70374747277002,contrast_gpt4_withinL2,DOL OFLC LCA disclosure data; https://www.dol.gov/agencies/eta/foreign-labor/performance
2025Q4,mphasis,107.70307493952686,contrast_gpt4_withinL2,DOL OFLC LCA disclosure data; https://www.dol.gov/agencies/eta/foreign-labor/performance
2025Q4,tcs,28.599916249094274,contrast_gpt4_withinL2,DOL OFLC LCA disclosure data; https://www.dol.gov/agencies/eta/foreign-labor/performance
2025Q4,techm,17.39681358731113,contrast_gpt4_withinL2,DOL OFLC LCA disclosure data; https://www.dol.gov/agencies/eta/foreign-labor/performance
2025Q4,wipro,-18.283462920160197,contrast_gpt4_withinL2,DOL OFLC LCA disclosure data; https://www.dol.gov/agencies/eta/foreign-labor/performance
2025Q4,pooled8,-83.55000985826655,contrast_gpt4_withinL2,DOL OFLC LCA disclosure data; https://www.dol.gov/agencies/eta/foreign-labor/performance
2025Q4,pooled_mid,25.361117977109743,contrast_gpt4_withinL2,DOL OFLC LCA disclosure data; https://www.dol.gov/agencies/eta/foreign-labor/performance
2026Q1,accenture,-6.5888679726638895,contrast_gpt4_withinL2,DOL OFLC LCA disclosure data; https://www.dol.gov/agencies/eta/foreign-labor/performance
2026Q1,capgemini,-10.912936899108823,contrast_gpt4_withinL2,DOL OFLC LCA disclosure data; https://www.dol.gov/agencies/eta/foreign-labor/performance
2026Q1,coforge,218.9789598848701,contrast_gpt4_withinL2,DOL OFLC LCA disclosure data; https://www.dol.gov/agencies/eta/foreign-labor/performance
2026Q1,cognizant,91.35594970193569,contrast_gpt4_withinL2,DOL OFLC LCA disclosure data; https://www.dol.gov/agencies/eta/foreign-labor/performance
2026Q1,hcltech,-14.981058843862485,contrast_gpt4_withinL2,DOL OFLC LCA disclosure data; https://www.dol.gov/agencies/eta/foreign-labor/performance
2026Q1,infosys,-305.4314571537514,contrast_gpt4_withinL2,DOL OFLC LCA disclosure data; https://www.dol.gov/agencies/eta/foreign-labor/performance
2026Q1,ltim,-35.74326120651189,contrast_gpt4_withinL2,DOL OFLC LCA disclosure data; https://www.dol.gov/agencies/eta/foreign-labor/performance
2026Q1,mphasis,83.17168941779637,contrast_gpt4_withinL2,DOL OFLC LCA disclosure data; https://www.dol.gov/agencies/eta/foreign-labor/performance
2026Q1,tcs,27.21924410031828,contrast_gpt4_withinL2,DOL OFLC LCA disclosure data; https://www.dol.gov/agencies/eta/foreign-labor/performance
2026Q1,techm,18.58680540407594,contrast_gpt4_withinL2,DOL OFLC LCA disclosure data; https://www.dol.gov/agencies/eta/foreign-labor/performance
2026Q1,wipro,-21.932842425395194,contrast_gpt4_withinL2,DOL OFLC LCA disclosure data; https://www.dol.gov/agencies/eta/foreign-labor/performance
2026Q1,pooled8,-73.35663518437472,contrast_gpt4_withinL2,DOL OFLC LCA disclosure data; https://www.dol.gov/agencies/eta/foreign-labor/performance
2026Q1,pooled_mid,15.3195466911637,contrast_gpt4_withinL2,DOL OFLC LCA disclosure data; https://www.dol.gov/agencies/eta/foreign-labor/performance
2026Q2,accenture,32.77004742293961,contrast_gpt4_withinL2,DOL OFLC LCA disclosure data; https://www.dol.gov/agencies/eta/foreign-labor/performance
2026Q2,capgemini,31.12097807223269,contrast_gpt4_withinL2,DOL OFLC LCA disclosure data; https://www.dol.gov/agencies/eta/foreign-labor/performance
2026Q2,coforge,111.32890030840424,contrast_gpt4_withinL2,DOL OFLC LCA disclosure data; https://www.dol.gov/agencies/eta/foreign-labor/performance
2026Q2,cognizant,46.74963928347502,contrast_gpt4_withinL2,DOL OFLC LCA disclosure data; https://www.dol.gov/agencies/eta/foreign-labor/performance
2026Q2,hcltech,-61.31114882395091,contrast_gpt4_withinL2,DOL OFLC LCA disclosure data; https://www.dol.gov/agencies/eta/foreign-labor/performance
2026Q2,infosys,-133.12671704949108,contrast_gpt4_withinL2,DOL OFLC LCA disclosure data; https://www.dol.gov/agencies/eta/foreign-labor/performance
2026Q2,ltim,-1.7740976518040696,contrast_gpt4_withinL2,DOL OFLC LCA disclosure data; https://www.dol.gov/agencies/eta/foreign-labor/performance
2026Q2,mphasis,64.22571652539341,contrast_gpt4_withinL2,DOL OFLC LCA disclosure data; https://www.dol.gov/agencies/eta/foreign-labor/performance
2026Q2,persistent,-106.25723521849129,contrast_gpt4_withinL2,DOL OFLC LCA disclosure data; https://www.dol.gov/agencies/eta/foreign-labor/performance
2026Q2,tcs,38.94784701786704,contrast_gpt4_withinL2,DOL OFLC LCA disclosure data; https://www.dol.gov/agencies/eta/foreign-labor/performance
2026Q2,techm,13.589648988682008,contrast_gpt4_withinL2,DOL OFLC LCA disclosure data; https://www.dol.gov/agencies/eta/foreign-labor/performance
2026Q2,wipro,46.03999945596825,contrast_gpt4_withinL2,DOL OFLC LCA disclosure data; https://www.dol.gov/agencies/eta/foreign-labor/performance
2026Q2,pooled8,-38.06862333460056,contrast_gpt4_withinL2,DOL OFLC LCA disclosure data; https://www.dol.gov/agencies/eta/foreign-labor/performance
2026Q2,pooled_mid,40.5128787928186,contrast_gpt4_withinL2,DOL OFLC LCA disclosure data; https://www.dol.gov/agencies/eta/foreign-labor/performance
2016Q3,accenture,-1.421535365999782,comp_index_gpt4_dYoY_x100,DOL OFLC LCA disclosure data; https://www.dol.gov/agencies/eta/foreign-labor/performance
2016Q3,capgemini,0.40232991115541905,comp_index_gpt4_dYoY_x100,DOL OFLC LCA disclosure data; https://www.dol.gov/agencies/eta/foreign-labor/performance
2016Q3,coforge,0.20031393176093149,comp_index_gpt4_dYoY_x100,DOL OFLC LCA disclosure data; https://www.dol.gov/agencies/eta/foreign-labor/performance
2016Q3,cognizant,-2.138501119340175,comp_index_gpt4_dYoY_x100,DOL OFLC LCA disclosure data; https://www.dol.gov/agencies/eta/foreign-labor/performance
2016Q3,hcltech,-0.7038130255828223,comp_index_gpt4_dYoY_x100,DOL OFLC LCA disclosure data; https://www.dol.gov/agencies/eta/foreign-labor/performance
2016Q3,hexaware,-0.5102920904419994,comp_index_gpt4_dYoY_x100,DOL OFLC LCA disclosure data; https://www.dol.gov/agencies/eta/foreign-labor/performance
2016Q3,infosys,-0.35944516416531735,comp_index_gpt4_dYoY_x100,DOL OFLC LCA disclosure data; https://www.dol.gov/agencies/eta/foreign-labor/performance
2016Q3,ltim,-1.535659436833925,comp_index_gpt4_dYoY_x100,DOL OFLC LCA disclosure data; https://www.dol.gov/agencies/eta/foreign-labor/performance
2016Q3,mphasis,1.3636522295583986,comp_index_gpt4_dYoY_x100,DOL OFLC LCA disclosure data; https://www.dol.gov/agencies/eta/foreign-labor/performance
2016Q3,persistent,-1.3745417536063287,comp_index_gpt4_dYoY_x100,DOL OFLC LCA disclosure data; https://www.dol.gov/agencies/eta/foreign-labor/performance
2016Q3,tcs,1.5988795217968144,comp_index_gpt4_dYoY_x100,DOL OFLC LCA disclosure data; https://www.dol.gov/agencies/eta/foreign-labor/performance
2016Q3,techm,0.2976550015716839,comp_index_gpt4_dYoY_x100,DOL OFLC LCA disclosure data; https://www.dol.gov/agencies/eta/foreign-labor/performance
2016Q3,wipro,-0.5270596523041182,comp_index_gpt4_dYoY_x100,DOL OFLC LCA disclosure data; https://www.dol.gov/agencies/eta/foreign-labor/performance
2016Q3,pooled8,-3.831118582556825,comp_index_gpt4_dYoY_x100,DOL OFLC LCA disclosure data; https://www.dol.gov/agencies/eta/foreign-labor/performance
2016Q4,accenture,-1.4058201653719626,comp_index_gpt4_dYoY_x100,DOL OFLC LCA disclosure data; https://www.dol.gov/agencies/eta/foreign-labor/performance
2016Q4,capgemini,1.1838120167567578,comp_index_gpt4_dYoY_x100,DOL OFLC LCA disclosure data; https://www.dol.gov/agencies/eta/foreign-labor/performance
2016Q4,coforge,0.06681141178135341,comp_index_gpt4_dYoY_x100,DOL OFLC LCA disclosure data; https://www.dol.gov/agencies/eta/foreign-labor/performance
2016Q4,cognizant,-1.8790927562422621,comp_index_gpt4_dYoY_x100,DOL OFLC LCA disclosure data; https://www.dol.gov/agencies/eta/foreign-labor/performance
2016Q4,hcltech,-0.3136739700814073,comp_index_gpt4_dYoY_x100,DOL OFLC LCA disclosure data; https://www.dol.gov/agencies/eta/foreign-labor/performance
2016Q4,hexaware,-1.1776703368493124,comp_index_gpt4_dYoY_x100,DOL OFLC LCA disclosure data; https://www.dol.gov/agencies/eta/foreign-labor/performance
2016Q4,infosys,-0.6675680673528639,comp_index_gpt4_dYoY_x100,DOL OFLC LCA disclosure data; https://www.dol.gov/agencies/eta/foreign-labor/performance
2016Q4,ltim,-0.9553651288756182,comp_index_gpt4_dYoY_x100,DOL OFLC LCA disclosure data; https://www.dol.gov/agencies/eta/foreign-labor/performance
2016Q4,mphasis,2.4786140996679973,comp_index_gpt4_dYoY_x100,DOL OFLC LCA disclosure data; https://www.dol.gov/agencies/eta/foreign-labor/performance
2016Q4,persistent,-1.784745233420948,comp_index_gpt4_dYoY_x100,DOL OFLC LCA disclosure data; https://www.dol.gov/agencies/eta/foreign-labor/performance
2016Q4,tcs,1.6460627284261564,comp_index_gpt4_dYoY_x100,DOL OFLC LCA disclosure data; https://www.dol.gov/agencies/eta/foreign-labor/performance
2016Q4,techm,0.17127430870511606,comp_index_gpt4_dYoY_x100,DOL OFLC LCA disclosure data; https://www.dol.gov/agencies/eta/foreign-labor/performance
2016Q4,wipro,-1.1117537917988307,comp_index_gpt4_dYoY_x100,DOL OFLC LCA disclosure data; https://www.dol.gov/agencies/eta/foreign-labor/performance
2016Q4,pooled8,-2.756848194942829,comp_index_gpt4_dYoY_x100,DOL OFLC LCA disclosure data; https://www.dol.gov/agencies/eta/foreign-labor/performance
2017Q1,accenture,-2.924247989024631,comp_index_gpt4_dYoY_x100,DOL OFLC LCA disclosure data; https://www.dol.gov/agencies/eta/foreign-labor/performance
2017Q1,capgemini,0.368549296604781,comp_index_gpt4_dYoY_x100,DOL OFLC LCA disclosure data; https://www.dol.gov/agencies/eta/foreign-labor/performance
2017Q1,coforge,0.2928790975989748,comp_index_gpt4_dYoY_x100,DOL OFLC LCA disclosure data; https://www.dol.gov/agencies/eta/foreign-labor/performance
2017Q1,cognizant,-2.1380693208336576,comp_index_gpt4_dYoY_x100,DOL OFLC LCA disclosure data; https://www.dol.gov/agencies/eta/foreign-labor/performance
2017Q1,hcltech,0.91276350941214,comp_index_gpt4_dYoY_x100,DOL OFLC LCA disclosure data; https://www.dol.gov/agencies/eta/foreign-labor/performance
2017Q1,hexaware,-1.210129522738701,comp_index_gpt4_dYoY_x100,DOL OFLC LCA disclosure data; https://www.dol.gov/agencies/eta/foreign-labor/performance
2017Q1,infosys,-1.7498404059804296,comp_index_gpt4_dYoY_x100,DOL OFLC LCA disclosure data; https://www.dol.gov/agencies/eta/foreign-labor/performance
2017Q1,ltim,0.7666695924444578,comp_index_gpt4_dYoY_x100,DOL OFLC LCA disclosure data; https://www.dol.gov/agencies/eta/foreign-labor/performance
2017Q1,mphasis,3.2344830336880515,comp_index_gpt4_dYoY_x100,DOL OFLC LCA disclosure data; https://www.dol.gov/agencies/eta/foreign-labor/performance
2017Q1,persistent,-1.6031964242442354,comp_index_gpt4_dYoY_x100,DOL OFLC LCA disclosure data; https://www.dol.gov/agencies/eta/foreign-labor/performance
2017Q1,tcs,-0.5531338455116774,comp_index_gpt4_dYoY_x100,DOL OFLC LCA disclosure data; https://www.dol.gov/agencies/eta/foreign-labor/performance
2017Q1,techm,-0.8824628530500034,comp_index_gpt4_dYoY_x100,DOL OFLC LCA disclosure data; https://www.dol.gov/agencies/eta/foreign-labor/performance
2017Q1,wipro,-2.4175485736955604,comp_index_gpt4_dYoY_x100,DOL OFLC LCA disclosure data; https://www.dol.gov/agencies/eta/foreign-labor/performance
2017Q1,pooled8,-0.957794759289432,comp_index_gpt4_dYoY_x100,DOL OFLC LCA disclosure data; https://www.dol.gov/agencies/eta/foreign-labor/performance
2017Q2,accenture,-3.215512286757205,comp_index_gpt4_dYoY_x100,DOL OFLC LCA disclosure data; https://www.dol.gov/agencies/eta/foreign-labor/performance
2017Q2,capgemini,0.5269221077998876,comp_index_gpt4_dYoY_x100,DOL OFLC LCA disclosure data; https://www.dol.gov/agencies/eta/foreign-labor/performance
2017Q2,coforge,0.4211858898106269,comp_index_gpt4_dYoY_x100,DOL OFLC LCA disclosure data; https://www.dol.gov/agencies/eta/foreign-labor/performance
2017Q2,cognizant,0.3773427233139226,comp_index_gpt4_dYoY_x100,DOL OFLC LCA disclosure data; https://www.dol.gov/agencies/eta/foreign-labor/performance
2017Q2,hcltech,0.7203754939301921,comp_index_gpt4_dYoY_x100,DOL OFLC LCA disclosure data; https://www.dol.gov/agencies/eta/foreign-labor/performance
2017Q2,hexaware,-2.273901625909658,comp_index_gpt4_dYoY_x100,DOL OFLC LCA disclosure data; https://www.dol.gov/agencies/eta/foreign-labor/performance
2017Q2,infosys,-1.9056793213243495,comp_index_gpt4_dYoY_x100,DOL OFLC LCA disclosure data; https://www.dol.gov/agencies/eta/foreign-labor/performance
2017Q2,ltim,0.028089763705752002,comp_index_gpt4_dYoY_x100,DOL OFLC LCA disclosure data; https://www.dol.gov/agencies/eta/foreign-labor/performance
2017Q2,mphasis,3.5096006870349306,comp_index_gpt4_dYoY_x100,DOL OFLC LCA disclosure data; https://www.dol.gov/agencies/eta/foreign-labor/performance
2017Q2,persistent,-1.3213173500398634,comp_index_gpt4_dYoY_x100,DOL OFLC LCA disclosure data; https://www.dol.gov/agencies/eta/foreign-labor/performance
2017Q2,tcs,-0.8347554076146846,comp_index_gpt4_dYoY_x100,DOL OFLC LCA disclosure data; https://www.dol.gov/agencies/eta/foreign-labor/performance
2017Q2,techm,-0.769197633418317,comp_index_gpt4_dYoY_x100,DOL OFLC LCA disclosure data; https://www.dol.gov/agencies/eta/foreign-labor/performance
2017Q2,wipro,-2.1274365431052655,comp_index_gpt4_dYoY_x100,DOL OFLC LCA disclosure data; https://www.dol.gov/agencies/eta/foreign-labor/performance
2017Q2,pooled8,1.8485520832384639,comp_index_gpt4_dYoY_x100,DOL OFLC LCA disclosure data; https://www.dol.gov/agencies/eta/foreign-labor/performance
2017Q3,accenture,-3.557385705056071,comp_index_gpt4_dYoY_x100,DOL OFLC LCA disclosure data; https://www.dol.gov/agencies/eta/foreign-labor/performance
2017Q3,capgemini,5.614680510933933,comp_index_gpt4_dYoY_x100,DOL OFLC LCA disclosure data; https://www.dol.gov/agencies/eta/foreign-labor/performance
2017Q3,coforge,0.3440086889092919,comp_index_gpt4_dYoY_x100,DOL OFLC LCA disclosure data; https://www.dol.gov/agencies/eta/foreign-labor/performance
2017Q3,cognizant,0.6895099508484881,comp_index_gpt4_dYoY_x100,DOL OFLC LCA disclosure data; https://www.dol.gov/agencies/eta/foreign-labor/performance
2017Q3,hcltech,0.4119550433163477,comp_index_gpt4_dYoY_x100,DOL OFLC LCA disclosure data; https://www.dol.gov/agencies/eta/foreign-labor/performance
2017Q3,hexaware,-2.2240441546291567,comp_index_gpt4_dYoY_x100,DOL OFLC LCA disclosure data; https://www.dol.gov/agencies/eta/foreign-labor/performance
2017Q3,infosys,-1.9113541865684147,comp_index_gpt4_dYoY_x100,DOL OFLC LCA disclosure data; https://www.dol.gov/agencies/eta/foreign-labor/performance
2017Q3,ltim,-0.6791526736388609,comp_index_gpt4_dYoY_x100,DOL OFLC LCA disclosure data; https://www.dol.gov/agencies/eta/foreign-labor/performance
2017Q3,mphasis,2.4169436194525384,comp_index_gpt4_dYoY_x100,DOL OFLC LCA disclosure data; https://www.dol.gov/agencies/eta/foreign-labor/performance
2017Q3,persistent,-0.25707146560314253,comp_index_gpt4_dYoY_x100,DOL OFLC LCA disclosure data; https://www.dol.gov/agencies/eta/foreign-labor/performance
2017Q3,tcs,-0.7752480818690732,comp_index_gpt4_dYoY_x100,DOL OFLC LCA disclosure data; https://www.dol.gov/agencies/eta/foreign-labor/performance
2017Q3,techm,-0.7226507008708416,comp_index_gpt4_dYoY_x100,DOL OFLC LCA disclosure data; https://www.dol.gov/agencies/eta/foreign-labor/performance
2017Q3,wipro,-1.7916567192136967,comp_index_gpt4_dYoY_x100,DOL OFLC LCA disclosure data; https://www.dol.gov/agencies/eta/foreign-labor/performance
2017Q3,pooled8,2.5609758510955816,comp_index_gpt4_dYoY_x100,DOL OFLC LCA disclosure data; https://www.dol.gov/agencies/eta/foreign-labor/performance
2017Q4,accenture,-3.432585177817704,comp_index_gpt4_dYoY_x100,DOL OFLC LCA disclosure data; https://www.dol.gov/agencies/eta/foreign-labor/performance
2017Q4,capgemini,4.6666960670856845,comp_index_gpt4_dYoY_x100,DOL OFLC LCA disclosure data; https://www.dol.gov/agencies/eta/foreign-labor/performance
2017Q4,coforge,0.17386281476228227,comp_index_gpt4_dYoY_x100,DOL OFLC LCA disclosure data; https://www.dol.gov/agencies/eta/foreign-labor/performance
2017Q4,cognizant,0.4041543421463234,comp_index_gpt4_dYoY_x100,DOL OFLC LCA disclosure data; https://www.dol.gov/agencies/eta/foreign-labor/performance
2017Q4,hcltech,0.0869876089780619,comp_index_gpt4_dYoY_x100,DOL OFLC LCA disclosure data; https://www.dol.gov/agencies/eta/foreign-labor/performance
2017Q4,hexaware,-2.5303125997386267,comp_index_gpt4_dYoY_x100,DOL OFLC LCA disclosure data; https://www.dol.gov/agencies/eta/foreign-labor/performance
2017Q4,infosys,-1.7398636225547381,comp_index_gpt4_dYoY_x100,DOL OFLC LCA disclosure data; https://www.dol.gov/agencies/eta/foreign-labor/performance
2017Q4,ltim,-1.120327616428629,comp_index_gpt4_dYoY_x100,DOL OFLC LCA disclosure data; https://www.dol.gov/agencies/eta/foreign-labor/performance
2017Q4,mphasis,1.4667997929753374,comp_index_gpt4_dYoY_x100,DOL OFLC LCA disclosure data; https://www.dol.gov/agencies/eta/foreign-labor/performance
2017Q4,persistent,0.5202339409560941,comp_index_gpt4_dYoY_x100,DOL OFLC LCA disclosure data; https://www.dol.gov/agencies/eta/foreign-labor/performance
2017Q4,tcs,-0.8635892052893501,comp_index_gpt4_dYoY_x100,DOL OFLC LCA disclosure data; https://www.dol.gov/agencies/eta/foreign-labor/performance
2017Q4,techm,-0.7129698213717339,comp_index_gpt4_dYoY_x100,DOL OFLC LCA disclosure data; https://www.dol.gov/agencies/eta/foreign-labor/performance
2017Q4,wipro,-1.0556337186971132,comp_index_gpt4_dYoY_x100,DOL OFLC LCA disclosure data; https://www.dol.gov/agencies/eta/foreign-labor/performance
2017Q4,pooled8,3.6471919546828935,comp_index_gpt4_dYoY_x100,DOL OFLC LCA disclosure data; https://www.dol.gov/agencies/eta/foreign-labor/performance
2018Q1,accenture,-1.5079102332540173,comp_index_gpt4_dYoY_x100,DOL OFLC LCA disclosure data; https://www.dol.gov/agencies/eta/foreign-labor/performance
2018Q1,capgemini,4.577782999819801,comp_index_gpt4_dYoY_x100,DOL OFLC LCA disclosure data; https://www.dol.gov/agencies/eta/foreign-labor/performance
2018Q1,coforge,-1.4257273111311641,comp_index_gpt4_dYoY_x100,DOL OFLC LCA disclosure data; https://www.dol.gov/agencies/eta/foreign-labor/performance
2018Q1,cognizant,2.5623776515434793,comp_index_gpt4_dYoY_x100,DOL OFLC LCA disclosure data; https://www.dol.gov/agencies/eta/foreign-labor/performance
2018Q1,hcltech,-0.6406749296289593,comp_index_gpt4_dYoY_x100,DOL OFLC LCA disclosure data; https://www.dol.gov/agencies/eta/foreign-labor/performance
2018Q1,hexaware,-0.19543779571418174,comp_index_gpt4_dYoY_x100,DOL OFLC LCA disclosure data; https://www.dol.gov/agencies/eta/foreign-labor/performance
2018Q1,infosys,0.016908728662434758,comp_index_gpt4_dYoY_x100,DOL OFLC LCA disclosure data; https://www.dol.gov/agencies/eta/foreign-labor/performance
2018Q1,ltim,-0.20998768083451136,comp_index_gpt4_dYoY_x100,DOL OFLC LCA disclosure data; https://www.dol.gov/agencies/eta/foreign-labor/performance
2018Q1,mphasis,0.3340833295766621,comp_index_gpt4_dYoY_x100,DOL OFLC LCA disclosure data; https://www.dol.gov/agencies/eta/foreign-labor/performance
2018Q1,persistent,9.012965741267287,comp_index_gpt4_dYoY_x100,DOL OFLC LCA disclosure data; https://www.dol.gov/agencies/eta/foreign-labor/performance
2018Q1,tcs,-3.1129436520163645,comp_index_gpt4_dYoY_x100,DOL OFLC LCA disclosure data; https://www.dol.gov/agencies/eta/foreign-labor/performance
2018Q1,techm,-1.6025041178395205,comp_index_gpt4_dYoY_x100,DOL OFLC LCA disclosure data; https://www.dol.gov/agencies/eta/foreign-labor/performance
2018Q1,wipro,1.1483479628114357,comp_index_gpt4_dYoY_x100,DOL OFLC LCA disclosure data; https://www.dol.gov/agencies/eta/foreign-labor/performance
2018Q1,pooled8,2.961161265595791,comp_index_gpt4_dYoY_x100,DOL OFLC LCA disclosure data; https://www.dol.gov/agencies/eta/foreign-labor/performance
2018Q2,accenture,-1.0417176113137194,comp_index_gpt4_dYoY_x100,DOL OFLC LCA disclosure data; https://www.dol.gov/agencies/eta/foreign-labor/performance
2018Q2,capgemini,4.293055640095833,comp_index_gpt4_dYoY_x100,DOL OFLC LCA disclosure data; https://www.dol.gov/agencies/eta/foreign-labor/performance
2018Q2,coforge,-1.5742161364554308,comp_index_gpt4_dYoY_x100,DOL OFLC LCA disclosure data; https://www.dol.gov/agencies/eta/foreign-labor/performance
2018Q2,cognizant,1.1980194634974684,comp_index_gpt4_dYoY_x100,DOL OFLC LCA disclosure data; https://www.dol.gov/agencies/eta/foreign-labor/performance
2018Q2,hcltech,-0.5130523608985027,comp_index_gpt4_dYoY_x100,DOL OFLC LCA disclosure data; https://www.dol.gov/agencies/eta/foreign-labor/performance
2018Q2,hexaware,1.0940593545033517,comp_index_gpt4_dYoY_x100,DOL OFLC LCA disclosure data; https://www.dol.gov/agencies/eta/foreign-labor/performance
2018Q2,infosys,-0.20927724529952174,comp_index_gpt4_dYoY_x100,DOL OFLC LCA disclosure data; https://www.dol.gov/agencies/eta/foreign-labor/performance
2018Q2,ltim,1.5091100174032812,comp_index_gpt4_dYoY_x100,DOL OFLC LCA disclosure data; https://www.dol.gov/agencies/eta/foreign-labor/performance
2018Q2,mphasis,1.646934353974494,comp_index_gpt4_dYoY_x100,DOL OFLC LCA disclosure data; https://www.dol.gov/agencies/eta/foreign-labor/performance
2018Q2,persistent,9.706548434752593,comp_index_gpt4_dYoY_x100,DOL OFLC LCA disclosure data; https://www.dol.gov/agencies/eta/foreign-labor/performance
2018Q2,tcs,-3.3543429609217745,comp_index_gpt4_dYoY_x100,DOL OFLC LCA disclosure data; https://www.dol.gov/agencies/eta/foreign-labor/performance
2018Q2,techm,-1.7020848118886267,comp_index_gpt4_dYoY_x100,DOL OFLC LCA disclosure data; https://www.dol.gov/agencies/eta/foreign-labor/performance
2018Q2,wipro,1.0077014346875135,comp_index_gpt4_dYoY_x100,DOL OFLC LCA disclosure data; https://www.dol.gov/agencies/eta/foreign-labor/performance
2018Q2,pooled8,0.843966270204255,comp_index_gpt4_dYoY_x100,DOL OFLC LCA disclosure data; https://www.dol.gov/agencies/eta/foreign-labor/performance
2018Q3,accenture,-0.3214696277475393,comp_index_gpt4_dYoY_x100,DOL OFLC LCA disclosure data; https://www.dol.gov/agencies/eta/foreign-labor/performance
2018Q3,capgemini,-0.6232506965548446,comp_index_gpt4_dYoY_x100,DOL OFLC LCA disclosure data; https://www.dol.gov/agencies/eta/foreign-labor/performance
2018Q3,coforge,-1.8939514492875342,comp_index_gpt4_dYoY_x100,DOL OFLC LCA disclosure data; https://www.dol.gov/agencies/eta/foreign-labor/performance
2018Q3,cognizant,1.0827503196374266,comp_index_gpt4_dYoY_x100,DOL OFLC LCA disclosure data; https://www.dol.gov/agencies/eta/foreign-labor/performance
2018Q3,hcltech,-0.6370000674070897,comp_index_gpt4_dYoY_x100,DOL OFLC LCA disclosure data; https://www.dol.gov/agencies/eta/foreign-labor/performance
2018Q3,hexaware,1.4193055541938726,comp_index_gpt4_dYoY_x100,DOL OFLC LCA disclosure data; https://www.dol.gov/agencies/eta/foreign-labor/performance
2018Q3,infosys,-0.46050720854824423,comp_index_gpt4_dYoY_x100,DOL OFLC LCA disclosure data; https://www.dol.gov/agencies/eta/foreign-labor/performance
2018Q3,ltim,3.4269419634739284,comp_index_gpt4_dYoY_x100,DOL OFLC LCA disclosure data; https://www.dol.gov/agencies/eta/foreign-labor/performance
2018Q3,mphasis,2.917139547747616,comp_index_gpt4_dYoY_x100,DOL OFLC LCA disclosure data; https://www.dol.gov/agencies/eta/foreign-labor/performance
2018Q3,persistent,9.819952512842478,comp_index_gpt4_dYoY_x100,DOL OFLC LCA disclosure data; https://www.dol.gov/agencies/eta/foreign-labor/performance
2018Q3,tcs,-3.279582365782041,comp_index_gpt4_dYoY_x100,DOL OFLC LCA disclosure data; https://www.dol.gov/agencies/eta/foreign-labor/performance
2018Q3,techm,-1.7326953035936565,comp_index_gpt4_dYoY_x100,DOL OFLC LCA disclosure data; https://www.dol.gov/agencies/eta/foreign-labor/performance
2018Q3,wipro,0.6140507017326935,comp_index_gpt4_dYoY_x100,DOL OFLC LCA disclosure data; https://www.dol.gov/agencies/eta/foreign-labor/performance
2018Q3,pooled8,0.594818556148824,comp_index_gpt4_dYoY_x100,DOL OFLC LCA disclosure data; https://www.dol.gov/agencies/eta/foreign-labor/performance
2018Q4,accenture,-0.34412981037682533,comp_index_gpt4_dYoY_x100,DOL OFLC LCA disclosure data; https://www.dol.gov/agencies/eta/foreign-labor/performance
2018Q4,capgemini,-0.38297012524000085,comp_index_gpt4_dYoY_x100,DOL OFLC LCA disclosure data; https://www.dol.gov/agencies/eta/foreign-labor/performance
2018Q4,coforge,-1.8670800443170488,comp_index_gpt4_dYoY_x100,DOL OFLC LCA disclosure data; https://www.dol.gov/agencies/eta/foreign-labor/performance
2018Q4,cognizant,1.455707337189227,comp_index_gpt4_dYoY_x100,DOL OFLC LCA disclosure data; https://www.dol.gov/agencies/eta/foreign-labor/performance
2018Q4,hcltech,-0.36126582583041467,comp_index_gpt4_dYoY_x100,DOL OFLC LCA disclosure data; https://www.dol.gov/agencies/eta/foreign-labor/performance
2018Q4,hexaware,2.825096181376685,comp_index_gpt4_dYoY_x100,DOL OFLC LCA disclosure data; https://www.dol.gov/agencies/eta/foreign-labor/performance
2018Q4,infosys,-0.455633738712502,comp_index_gpt4_dYoY_x100,DOL OFLC LCA disclosure data; https://www.dol.gov/agencies/eta/foreign-labor/performance
2018Q4,ltim,5.604269826882513,comp_index_gpt4_dYoY_x100,DOL OFLC LCA disclosure data; https://www.dol.gov/agencies/eta/foreign-labor/performance
2018Q4,mphasis,3.2209805174410633,comp_index_gpt4_dYoY_x100,DOL OFLC LCA disclosure data; https://www.dol.gov/agencies/eta/foreign-labor/performance
2018Q4,persistent,9.486929874465433,comp_index_gpt4_dYoY_x100,DOL OFLC LCA disclosure data; https://www.dol.gov/agencies/eta/foreign-labor/performance
2018Q4,tcs,-3.337686540064322,comp_index_gpt4_dYoY_x100,DOL OFLC LCA disclosure data; https://www.dol.gov/agencies/eta/foreign-labor/performance
2018Q4,techm,-1.6914975012413236,comp_index_gpt4_dYoY_x100,DOL OFLC LCA disclosure data; https://www.dol.gov/agencies/eta/foreign-labor/performance
2018Q4,wipro,0.33607353269258233,comp_index_gpt4_dYoY_x100,DOL OFLC LCA disclosure data; https://www.dol.gov/agencies/eta/foreign-labor/performance
2018Q4,pooled8,-0.6826239496729558,comp_index_gpt4_dYoY_x100,DOL OFLC LCA disclosure data; https://www.dol.gov/agencies/eta/foreign-labor/performance
2019Q1,accenture,0.012223200005123669,comp_index_gpt4_dYoY_x100,DOL OFLC LCA disclosure data; https://www.dol.gov/agencies/eta/foreign-labor/performance
2019Q1,capgemini,-1.3844259945282267,comp_index_gpt4_dYoY_x100,DOL OFLC LCA disclosure data; https://www.dol.gov/agencies/eta/foreign-labor/performance
2019Q1,coforge,-0.6371619943978613,comp_index_gpt4_dYoY_x100,DOL OFLC LCA disclosure data; https://www.dol.gov/agencies/eta/foreign-labor/performance
2019Q1,cognizant,-0.22062753748574027,comp_index_gpt4_dYoY_x100,DOL OFLC LCA disclosure data; https://www.dol.gov/agencies/eta/foreign-labor/performance
2019Q1,hcltech,-0.0001471746815306929,comp_index_gpt4_dYoY_x100,DOL OFLC LCA disclosure data; https://www.dol.gov/agencies/eta/foreign-labor/performance
2019Q1,hexaware,3.6473676277537392,comp_index_gpt4_dYoY_x100,DOL OFLC LCA disclosure data; https://www.dol.gov/agencies/eta/foreign-labor/performance
2019Q1,infosys,0.8704361000882566,comp_index_gpt4_dYoY_x100,DOL OFLC LCA disclosure data; https://www.dol.gov/agencies/eta/foreign-labor/performance
2019Q1,ltim,6.7594853266881305,comp_index_gpt4_dYoY_x100,DOL OFLC LCA disclosure data; https://www.dol.gov/agencies/eta/foreign-labor/performance
2019Q1,mphasis,6.602250202515569,comp_index_gpt4_dYoY_x100,DOL OFLC LCA disclosure data; https://www.dol.gov/agencies/eta/foreign-labor/performance
2019Q1,persistent,0.9126974413494193,comp_index_gpt4_dYoY_x100,DOL OFLC LCA disclosure data; https://www.dol.gov/agencies/eta/foreign-labor/performance
2019Q1,tcs,-3.191918088158674,comp_index_gpt4_dYoY_x100,DOL OFLC LCA disclosure data; https://www.dol.gov/agencies/eta/foreign-labor/performance
2019Q1,techm,0.6586016368048231,comp_index_gpt4_dYoY_x100,DOL OFLC LCA disclosure data; https://www.dol.gov/agencies/eta/foreign-labor/performance
2019Q1,wipro,3.312474616696337,comp_index_gpt4_dYoY_x100,DOL OFLC LCA disclosure data; https://www.dol.gov/agencies/eta/foreign-labor/performance
2019Q1,pooled8,0.8274003541744124,comp_index_gpt4_dYoY_x100,DOL OFLC LCA disclosure data; https://www.dol.gov/agencies/eta/foreign-labor/performance
2019Q2,accenture,0.24013371649536097,comp_index_gpt4_dYoY_x100,DOL OFLC LCA disclosure data; https://www.dol.gov/agencies/eta/foreign-labor/performance
2019Q2,capgemini,-1.622832519662909,comp_index_gpt4_dYoY_x100,DOL OFLC LCA disclosure data; https://www.dol.gov/agencies/eta/foreign-labor/performance
2019Q2,coforge,-0.8213965189456385,comp_index_gpt4_dYoY_x100,DOL OFLC LCA disclosure data; https://www.dol.gov/agencies/eta/foreign-labor/performance
2019Q2,cognizant,0.21406867311823952,comp_index_gpt4_dYoY_x100,DOL OFLC LCA disclosure data; https://www.dol.gov/agencies/eta/foreign-labor/performance
2019Q2,hcltech,0.16802924849551593,comp_index_gpt4_dYoY_x100,DOL OFLC LCA disclosure data; https://www.dol.gov/agencies/eta/foreign-labor/performance
2019Q2,hexaware,2.480824628606848,comp_index_gpt4_dYoY_x100,DOL OFLC LCA disclosure data; https://www.dol.gov/agencies/eta/foreign-labor/performance
2019Q2,infosys,1.0497530932530474,comp_index_gpt4_dYoY_x100,DOL OFLC LCA disclosure data; https://www.dol.gov/agencies/eta/foreign-labor/performance
2019Q2,ltim,6.084599254949586,comp_index_gpt4_dYoY_x100,DOL OFLC LCA disclosure data; https://www.dol.gov/agencies/eta/foreign-labor/performance
2019Q2,mphasis,5.501102168468863,comp_index_gpt4_dYoY_x100,DOL OFLC LCA disclosure data; https://www.dol.gov/agencies/eta/foreign-labor/performance
2019Q2,persistent,0.7833822906230248,comp_index_gpt4_dYoY_x100,DOL OFLC LCA disclosure data; https://www.dol.gov/agencies/eta/foreign-labor/performance
2019Q2,tcs,-2.865714248069584,comp_index_gpt4_dYoY_x100,DOL OFLC LCA disclosure data; https://www.dol.gov/agencies/eta/foreign-labor/performance
2019Q2,techm,0.623040342818193,comp_index_gpt4_dYoY_x100,DOL OFLC LCA disclosure data; https://www.dol.gov/agencies/eta/foreign-labor/performance
2019Q2,wipro,4.12885105733668,comp_index_gpt4_dYoY_x100,DOL OFLC LCA disclosure data; https://www.dol.gov/agencies/eta/foreign-labor/performance
2019Q2,pooled8,0.3341232594201493,comp_index_gpt4_dYoY_x100,DOL OFLC LCA disclosure data; https://www.dol.gov/agencies/eta/foreign-labor/performance
2019Q3,accenture,0.1310774137002757,comp_index_gpt4_dYoY_x100,DOL OFLC LCA disclosure data; https://www.dol.gov/agencies/eta/foreign-labor/performance
2019Q3,capgemini,-1.7428928403830035,comp_index_gpt4_dYoY_x100,DOL OFLC LCA disclosure data; https://www.dol.gov/agencies/eta/foreign-labor/performance
2019Q3,coforge,-1.4881262205055035,comp_index_gpt4_dYoY_x100,DOL OFLC LCA disclosure data; https://www.dol.gov/agencies/eta/foreign-labor/performance
2019Q3,cognizant,0.27084798819779765,comp_index_gpt4_dYoY_x100,DOL OFLC LCA disclosure data; https://www.dol.gov/agencies/eta/foreign-labor/performance
2019Q3,hcltech,0.7181177369785852,comp_index_gpt4_dYoY_x100,DOL OFLC LCA disclosure data; https://www.dol.gov/agencies/eta/foreign-labor/performance
2019Q3,hexaware,1.7662014193232656,comp_index_gpt4_dYoY_x100,DOL OFLC LCA disclosure data; https://www.dol.gov/agencies/eta/foreign-labor/performance
2019Q3,infosys,1.29312612149588,comp_index_gpt4_dYoY_x100,DOL OFLC LCA disclosure data; https://www.dol.gov/agencies/eta/foreign-labor/performance
2019Q3,ltim,4.441463568033566,comp_index_gpt4_dYoY_x100,DOL OFLC LCA disclosure data; https://www.dol.gov/agencies/eta/foreign-labor/performance
2019Q3,mphasis,3.540766999833389,comp_index_gpt4_dYoY_x100,DOL OFLC LCA disclosure data; https://www.dol.gov/agencies/eta/foreign-labor/performance
2019Q3,persistent,2.2919534954150222,comp_index_gpt4_dYoY_x100,DOL OFLC LCA disclosure data; https://www.dol.gov/agencies/eta/foreign-labor/performance
2019Q3,tcs,-3.105281032022056,comp_index_gpt4_dYoY_x100,DOL OFLC LCA disclosure data; https://www.dol.gov/agencies/eta/foreign-labor/performance
2019Q3,techm,0.7152660702274827,comp_index_gpt4_dYoY_x100,DOL OFLC LCA disclosure data; https://www.dol.gov/agencies/eta/foreign-labor/performance
2019Q3,wipro,4.634229488641283,comp_index_gpt4_dYoY_x100,DOL OFLC LCA disclosure data; https://www.dol.gov/agencies/eta/foreign-labor/performance
2019Q3,pooled8,-0.6478775099439948,comp_index_gpt4_dYoY_x100,DOL OFLC LCA disclosure data; https://www.dol.gov/agencies/eta/foreign-labor/performance
2019Q4,accenture,0.14852236103993777,comp_index_gpt4_dYoY_x100,DOL OFLC LCA disclosure data; https://www.dol.gov/agencies/eta/foreign-labor/performance
2019Q4,capgemini,-1.5236312269146568,comp_index_gpt4_dYoY_x100,DOL OFLC LCA disclosure data; https://www.dol.gov/agencies/eta/foreign-labor/performance
2019Q4,coforge,-1.6659581081312824,comp_index_gpt4_dYoY_x100,DOL OFLC LCA disclosure data; https://www.dol.gov/agencies/eta/foreign-labor/performance
2019Q4,cognizant,0.6167598309677724,comp_index_gpt4_dYoY_x100,DOL OFLC LCA disclosure data; https://www.dol.gov/agencies/eta/foreign-labor/performance
2019Q4,hcltech,-1.0098191930822176,comp_index_gpt4_dYoY_x100,DOL OFLC LCA disclosure data; https://www.dol.gov/agencies/eta/foreign-labor/performance
2019Q4,hexaware,0.586377702934604,comp_index_gpt4_dYoY_x100,DOL OFLC LCA disclosure data; https://www.dol.gov/agencies/eta/foreign-labor/performance
2019Q4,infosys,1.238261094716031,comp_index_gpt4_dYoY_x100,DOL OFLC LCA disclosure data; https://www.dol.gov/agencies/eta/foreign-labor/performance
2019Q4,ltim,2.6157974543519535,comp_index_gpt4_dYoY_x100,DOL OFLC LCA disclosure data; https://www.dol.gov/agencies/eta/foreign-labor/performance
2019Q4,mphasis,5.108197032754425,comp_index_gpt4_dYoY_x100,DOL OFLC LCA disclosure data; https://www.dol.gov/agencies/eta/foreign-labor/performance
2019Q4,persistent,3.3764184827930754,comp_index_gpt4_dYoY_x100,DOL OFLC LCA disclosure data; https://www.dol.gov/agencies/eta/foreign-labor/performance
2019Q4,tcs,-3.0195905030506065,comp_index_gpt4_dYoY_x100,DOL OFLC LCA disclosure data; https://www.dol.gov/agencies/eta/foreign-labor/performance
2019Q4,techm,0.6689776072503761,comp_index_gpt4_dYoY_x100,DOL OFLC LCA disclosure data; https://www.dol.gov/agencies/eta/foreign-labor/performance
2019Q4,wipro,5.00467466009904,comp_index_gpt4_dYoY_x100,DOL OFLC LCA disclosure data; https://www.dol.gov/agencies/eta/foreign-labor/performance
2019Q4,pooled8,-1.333546081274517,comp_index_gpt4_dYoY_x100,DOL OFLC LCA disclosure data; https://www.dol.gov/agencies/eta/foreign-labor/performance
2020Q1,accenture,0.9728859086328034,comp_index_gpt4_dYoY_x100,DOL OFLC LCA disclosure data; https://www.dol.gov/agencies/eta/foreign-labor/performance
2020Q1,capgemini,0.7102142855913374,comp_index_gpt4_dYoY_x100,DOL OFLC LCA disclosure data; https://www.dol.gov/agencies/eta/foreign-labor/performance
2020Q1,coforge,-1.7262411853140813,comp_index_gpt4_dYoY_x100,DOL OFLC LCA disclosure data; https://www.dol.gov/agencies/eta/foreign-labor/performance
2020Q1,cognizant,1.5900156993890024,comp_index_gpt4_dYoY_x100,DOL OFLC LCA disclosure data; https://www.dol.gov/agencies/eta/foreign-labor/performance
2020Q1,hcltech,-1.3213317484146114,comp_index_gpt4_dYoY_x100,DOL OFLC LCA disclosure data; https://www.dol.gov/agencies/eta/foreign-labor/performance
2020Q1,hexaware,-0.2942875144807955,comp_index_gpt4_dYoY_x100,DOL OFLC LCA disclosure data; https://www.dol.gov/agencies/eta/foreign-labor/performance
2020Q1,infosys,1.3460074056830251,comp_index_gpt4_dYoY_x100,DOL OFLC LCA disclosure data; https://www.dol.gov/agencies/eta/foreign-labor/performance
2020Q1,ltim,0.8531467046504981,comp_index_gpt4_dYoY_x100,DOL OFLC LCA disclosure data; https://www.dol.gov/agencies/eta/foreign-labor/performance
2020Q1,mphasis,2.4470415721237537,comp_index_gpt4_dYoY_x100,DOL OFLC LCA disclosure data; https://www.dol.gov/agencies/eta/foreign-labor/performance
2020Q1,persistent,2.6752188417160983,comp_index_gpt4_dYoY_x100,DOL OFLC LCA disclosure data; https://www.dol.gov/agencies/eta/foreign-labor/performance
2020Q1,tcs,3.8962163960886143,comp_index_gpt4_dYoY_x100,DOL OFLC LCA disclosure data; https://www.dol.gov/agencies/eta/foreign-labor/performance
2020Q1,techm,-0.8934256970723697,comp_index_gpt4_dYoY_x100,DOL OFLC LCA disclosure data; https://www.dol.gov/agencies/eta/foreign-labor/performance
2020Q1,wipro,-1.4378463237462502,comp_index_gpt4_dYoY_x100,DOL OFLC LCA disclosure data; https://www.dol.gov/agencies/eta/foreign-labor/performance
2020Q1,pooled8,-2.7687005414688715,comp_index_gpt4_dYoY_x100,DOL OFLC LCA disclosure data; https://www.dol.gov/agencies/eta/foreign-labor/performance
2020Q2,accenture,1.0225586631774197,comp_index_gpt4_dYoY_x100,DOL OFLC LCA disclosure data; https://www.dol.gov/agencies/eta/foreign-labor/performance
2020Q2,capgemini,0.973259345329136,comp_index_gpt4_dYoY_x100,DOL OFLC LCA disclosure data; https://www.dol.gov/agencies/eta/foreign-labor/performance
2020Q2,coforge,-0.6349049653175731,comp_index_gpt4_dYoY_x100,DOL OFLC LCA disclosure data; https://www.dol.gov/agencies/eta/foreign-labor/performance
2020Q2,cognizant,3.4680136427424957,comp_index_gpt4_dYoY_x100,DOL OFLC LCA disclosure data; https://www.dol.gov/agencies/eta/foreign-labor/performance
2020Q2,hcltech,-2.1724567110254167,comp_index_gpt4_dYoY_x100,DOL OFLC LCA disclosure data; https://www.dol.gov/agencies/eta/foreign-labor/performance
2020Q2,hexaware,-1.3820144142589474,comp_index_gpt4_dYoY_x100,DOL OFLC LCA disclosure data; https://www.dol.gov/agencies/eta/foreign-labor/performance
2020Q2,infosys,6.2416133194442285,comp_index_gpt4_dYoY_x100,DOL OFLC LCA disclosure data; https://www.dol.gov/agencies/eta/foreign-labor/performance
2020Q2,ltim,0.048913783207149564,comp_index_gpt4_dYoY_x100,DOL OFLC LCA disclosure data; https://www.dol.gov/agencies/eta/foreign-labor/performance
2020Q2,mphasis,2.849242262687146,comp_index_gpt4_dYoY_x100,DOL OFLC LCA disclosure data; https://www.dol.gov/agencies/eta/foreign-labor/performance
2020Q2,persistent,4.065612241969873,comp_index_gpt4_dYoY_x100,DOL OFLC LCA disclosure data; https://www.dol.gov/agencies/eta/foreign-labor/performance
2020Q2,tcs,1.7681999835081896,comp_index_gpt4_dYoY_x100,DOL OFLC LCA disclosure data; https://www.dol.gov/agencies/eta/foreign-labor/performance
2020Q2,techm,0.23046954083864035,comp_index_gpt4_dYoY_x100,DOL OFLC LCA disclosure data; https://www.dol.gov/agencies/eta/foreign-labor/performance
2020Q2,wipro,-1.3792617191050072,comp_index_gpt4_dYoY_x100,DOL OFLC LCA disclosure data; https://www.dol.gov/agencies/eta/foreign-labor/performance
2020Q2,pooled8,0.40170760066906563,comp_index_gpt4_dYoY_x100,DOL OFLC LCA disclosure data; https://www.dol.gov/agencies/eta/foreign-labor/performance
2020Q3,accenture,1.3610117725853743,comp_index_gpt4_dYoY_x100,DOL OFLC LCA disclosure data; https://www.dol.gov/agencies/eta/foreign-labor/performance
2020Q3,capgemini,1.732355837631827,comp_index_gpt4_dYoY_x100,DOL OFLC LCA disclosure data; https://www.dol.gov/agencies/eta/foreign-labor/performance
2020Q3,coforge,1.8818730394614125,comp_index_gpt4_dYoY_x100,DOL OFLC LCA disclosure data; https://www.dol.gov/agencies/eta/foreign-labor/performance
2020Q3,cognizant,3.313231529612215,comp_index_gpt4_dYoY_x100,DOL OFLC LCA disclosure data; https://www.dol.gov/agencies/eta/foreign-labor/performance
2020Q3,hcltech,-2.6446599652880765,comp_index_gpt4_dYoY_x100,DOL OFLC LCA disclosure data; https://www.dol.gov/agencies/eta/foreign-labor/performance
2020Q3,hexaware,-0.8571893608253611,comp_index_gpt4_dYoY_x100,DOL OFLC LCA disclosure data; https://www.dol.gov/agencies/eta/foreign-labor/performance
2020Q3,infosys,6.979868810663259,comp_index_gpt4_dYoY_x100,DOL OFLC LCA disclosure data; https://www.dol.gov/agencies/eta/foreign-labor/performance
2020Q3,ltim,0.17880848483249334,comp_index_gpt4_dYoY_x100,DOL OFLC LCA disclosure data; https://www.dol.gov/agencies/eta/foreign-labor/performance
2020Q3,mphasis,4.1092418721188295,comp_index_gpt4_dYoY_x100,DOL OFLC LCA disclosure data; https://www.dol.gov/agencies/eta/foreign-labor/performance
2020Q3,persistent,1.5257808265443984,comp_index_gpt4_dYoY_x100,DOL OFLC LCA disclosure data; https://www.dol.gov/agencies/eta/foreign-labor/performance
2020Q3,tcs,2.4162024873203625,comp_index_gpt4_dYoY_x100,DOL OFLC LCA disclosure data; https://www.dol.gov/agencies/eta/foreign-labor/performance
2020Q3,techm,0.3312997110121563,comp_index_gpt4_dYoY_x100,DOL OFLC LCA disclosure data; https://www.dol.gov/agencies/eta/foreign-labor/performance
2020Q3,wipro,-1.398468419059573,comp_index_gpt4_dYoY_x100,DOL OFLC LCA disclosure data; https://www.dol.gov/agencies/eta/foreign-labor/performance
2020Q3,pooled8,1.3862956070842425,comp_index_gpt4_dYoY_x100,DOL OFLC LCA disclosure data; https://www.dol.gov/agencies/eta/foreign-labor/performance
2020Q4,accenture,1.5593629981622281,comp_index_gpt4_dYoY_x100,DOL OFLC LCA disclosure data; https://www.dol.gov/agencies/eta/foreign-labor/performance
2020Q4,capgemini,1.5712623391678004,comp_index_gpt4_dYoY_x100,DOL OFLC LCA disclosure data; https://www.dol.gov/agencies/eta/foreign-labor/performance
2020Q4,coforge,2.6474197484306905,comp_index_gpt4_dYoY_x100,DOL OFLC LCA disclosure data; https://www.dol.gov/agencies/eta/foreign-labor/performance
2020Q4,cognizant,3.720318635053377,comp_index_gpt4_dYoY_x100,DOL OFLC LCA disclosure data; https://www.dol.gov/agencies/eta/foreign-labor/performance
2020Q4,hcltech,-0.8995842869556125,comp_index_gpt4_dYoY_x100,DOL OFLC LCA disclosure data; https://www.dol.gov/agencies/eta/foreign-labor/performance
2020Q4,hexaware,-0.5380079224929779,comp_index_gpt4_dYoY_x100,DOL OFLC LCA disclosure data; https://www.dol.gov/agencies/eta/foreign-labor/performance
2020Q4,infosys,7.623353568587254,comp_index_gpt4_dYoY_x100,DOL OFLC LCA disclosure data; https://www.dol.gov/agencies/eta/foreign-labor/performance
2020Q4,ltim,-0.3121940674130186,comp_index_gpt4_dYoY_x100,DOL OFLC LCA disclosure data; https://www.dol.gov/agencies/eta/foreign-labor/performance
2020Q4,mphasis,1.870988418292474,comp_index_gpt4_dYoY_x100,DOL OFLC LCA disclosure data; https://www.dol.gov/agencies/eta/foreign-labor/performance
2020Q4,persistent,-0.5167821145524387,comp_index_gpt4_dYoY_x100,DOL OFLC LCA disclosure data; https://www.dol.gov/agencies/eta/foreign-labor/performance
2020Q4,tcs,2.0934413277698183,comp_index_gpt4_dYoY_x100,DOL OFLC LCA disclosure data; https://www.dol.gov/agencies/eta/foreign-labor/performance
2020Q4,techm,0.9484333296602254,comp_index_gpt4_dYoY_x100,DOL OFLC LCA disclosure data; https://www.dol.gov/agencies/eta/foreign-labor/performance
2020Q4,wipro,-1.763311969308723,comp_index_gpt4_dYoY_x100,DOL OFLC LCA disclosure data; https://www.dol.gov/agencies/eta/foreign-labor/performance
2020Q4,pooled8,3.060463194581986,comp_index_gpt4_dYoY_x100,DOL OFLC LCA disclosure data; https://www.dol.gov/agencies/eta/foreign-labor/performance
2021Q1,accenture,0.647126635850459,comp_index_gpt4_dYoY_x100,DOL OFLC LCA disclosure data; https://www.dol.gov/agencies/eta/foreign-labor/performance
2021Q1,capgemini,0.37924185153367374,comp_index_gpt4_dYoY_x100,DOL OFLC LCA disclosure data; https://www.dol.gov/agencies/eta/foreign-labor/performance
2021Q1,coforge,2.454064454384852,comp_index_gpt4_dYoY_x100,DOL OFLC LCA disclosure data; https://www.dol.gov/agencies/eta/foreign-labor/performance
2021Q1,cognizant,3.471575737599941,comp_index_gpt4_dYoY_x100,DOL OFLC LCA disclosure data; https://www.dol.gov/agencies/eta/foreign-labor/performance
2021Q1,hcltech,-0.6950404561316792,comp_index_gpt4_dYoY_x100,DOL OFLC LCA disclosure data; https://www.dol.gov/agencies/eta/foreign-labor/performance
2021Q1,hexaware,-1.9796760153922954,comp_index_gpt4_dYoY_x100,DOL OFLC LCA disclosure data; https://www.dol.gov/agencies/eta/foreign-labor/performance
2021Q1,infosys,6.533044748990513,comp_index_gpt4_dYoY_x100,DOL OFLC LCA disclosure data; https://www.dol.gov/agencies/eta/foreign-labor/performance
2021Q1,ltim,-0.5473146573227172,comp_index_gpt4_dYoY_x100,DOL OFLC LCA disclosure data; https://www.dol.gov/agencies/eta/foreign-labor/performance
2021Q1,mphasis,1.3096348090559484,comp_index_gpt4_dYoY_x100,DOL OFLC LCA disclosure data; https://www.dol.gov/agencies/eta/foreign-labor/performance
2021Q1,persistent,-0.1281580915726388,comp_index_gpt4_dYoY_x100,DOL OFLC LCA disclosure data; https://www.dol.gov/agencies/eta/foreign-labor/performance
2021Q1,tcs,-1.7939376940882101,comp_index_gpt4_dYoY_x100,DOL OFLC LCA disclosure data; https://www.dol.gov/agencies/eta/foreign-labor/performance
2021Q1,techm,2.3223480813690744,comp_index_gpt4_dYoY_x100,DOL OFLC LCA disclosure data; https://www.dol.gov/agencies/eta/foreign-labor/performance
2021Q1,wipro,2.147668789762669,comp_index_gpt4_dYoY_x100,DOL OFLC LCA disclosure data; https://www.dol.gov/agencies/eta/foreign-labor/performance
2021Q1,pooled8,4.767689150471965,comp_index_gpt4_dYoY_x100,DOL OFLC LCA disclosure data; https://www.dol.gov/agencies/eta/foreign-labor/performance
2021Q2,accenture,0.7369252630364476,comp_index_gpt4_dYoY_x100,DOL OFLC LCA disclosure data; https://www.dol.gov/agencies/eta/foreign-labor/performance
2021Q2,capgemini,0.8720914938518121,comp_index_gpt4_dYoY_x100,DOL OFLC LCA disclosure data; https://www.dol.gov/agencies/eta/foreign-labor/performance
2021Q2,coforge,1.4920361568724227,comp_index_gpt4_dYoY_x100,DOL OFLC LCA disclosure data; https://www.dol.gov/agencies/eta/foreign-labor/performance
2021Q2,cognizant,-2.074725564647528,comp_index_gpt4_dYoY_x100,DOL OFLC LCA disclosure data; https://www.dol.gov/agencies/eta/foreign-labor/performance
2021Q2,hcltech,0.4611485822425321,comp_index_gpt4_dYoY_x100,DOL OFLC LCA disclosure data; https://www.dol.gov/agencies/eta/foreign-labor/performance
2021Q2,hexaware,-0.24228798156260556,comp_index_gpt4_dYoY_x100,DOL OFLC LCA disclosure data; https://www.dol.gov/agencies/eta/foreign-labor/performance
2021Q2,infosys,1.0246590265529765,comp_index_gpt4_dYoY_x100,DOL OFLC LCA disclosure data; https://www.dol.gov/agencies/eta/foreign-labor/performance
2021Q2,ltim,-0.5537614187948181,comp_index_gpt4_dYoY_x100,DOL OFLC LCA disclosure data; https://www.dol.gov/agencies/eta/foreign-labor/performance
2021Q2,mphasis,0.18813139461306694,comp_index_gpt4_dYoY_x100,DOL OFLC LCA disclosure data; https://www.dol.gov/agencies/eta/foreign-labor/performance
2021Q2,persistent,-3.056982515809925,comp_index_gpt4_dYoY_x100,DOL OFLC LCA disclosure data; https://www.dol.gov/agencies/eta/foreign-labor/performance
2021Q2,tcs,0.25641294821089344,comp_index_gpt4_dYoY_x100,DOL OFLC LCA disclosure data; https://www.dol.gov/agencies/eta/foreign-labor/performance
2021Q2,techm,1.2050357302946568,comp_index_gpt4_dYoY_x100,DOL OFLC LCA disclosure data; https://www.dol.gov/agencies/eta/foreign-labor/performance
2021Q2,wipro,1.3724463885767535,comp_index_gpt4_dYoY_x100,DOL OFLC LCA disclosure data; https://www.dol.gov/agencies/eta/foreign-labor/performance
2021Q2,pooled8,1.354619363286036,comp_index_gpt4_dYoY_x100,DOL OFLC LCA disclosure data; https://www.dol.gov/agencies/eta/foreign-labor/performance
2021Q3,accenture,-0.025346007593529674,comp_index_gpt4_dYoY_x100,DOL OFLC LCA disclosure data; https://www.dol.gov/agencies/eta/foreign-labor/performance
2021Q3,capgemini,0.542306141410942,comp_index_gpt4_dYoY_x100,DOL OFLC LCA disclosure data; https://www.dol.gov/agencies/eta/foreign-labor/performance
2021Q3,coforge,-0.02761968581145302,comp_index_gpt4_dYoY_x100,DOL OFLC LCA disclosure data; https://www.dol.gov/agencies/eta/foreign-labor/performance
2021Q3,cognizant,-1.8846107125119582,comp_index_gpt4_dYoY_x100,DOL OFLC LCA disclosure data; https://www.dol.gov/agencies/eta/foreign-labor/performance
2021Q3,hcltech,2.1351689226497883,comp_index_gpt4_dYoY_x100,DOL OFLC LCA disclosure data; https://www.dol.gov/agencies/eta/foreign-labor/performance
2021Q3,hexaware,-0.9796738594441301,comp_index_gpt4_dYoY_x100,DOL OFLC LCA disclosure data; https://www.dol.gov/agencies/eta/foreign-labor/performance
2021Q3,infosys,0.023629320820328648,comp_index_gpt4_dYoY_x100,DOL OFLC LCA disclosure data; https://www.dol.gov/agencies/eta/foreign-labor/performance
2021Q3,ltim,-0.9299164001769222,comp_index_gpt4_dYoY_x100,DOL OFLC LCA disclosure data; https://www.dol.gov/agencies/eta/foreign-labor/performance
2021Q3,mphasis,-0.9319616068440117,comp_index_gpt4_dYoY_x100,DOL OFLC LCA disclosure data; https://www.dol.gov/agencies/eta/foreign-labor/performance
2021Q3,persistent,-2.114610280220286,comp_index_gpt4_dYoY_x100,DOL OFLC LCA disclosure data; https://www.dol.gov/agencies/eta/foreign-labor/performance
2021Q3,tcs,-1.3603821231578217,comp_index_gpt4_dYoY_x100,DOL OFLC LCA disclosure data; https://www.dol.gov/agencies/eta/foreign-labor/performance
2021Q3,techm,1.3344871839279127,comp_index_gpt4_dYoY_x100,DOL OFLC LCA disclosure data; https://www.dol.gov/agencies/eta/foreign-labor/performance
2021Q3,wipro,0.8549135389012585,comp_index_gpt4_dYoY_x100,DOL OFLC LCA disclosure data; https://www.dol.gov/agencies/eta/foreign-labor/performance
2021Q3,pooled8,1.5327630471027143,comp_index_gpt4_dYoY_x100,DOL OFLC LCA disclosure data; https://www.dol.gov/agencies/eta/foreign-labor/performance
2021Q4,accenture,-0.12027405790873136,comp_index_gpt4_dYoY_x100,DOL OFLC LCA disclosure data; https://www.dol.gov/agencies/eta/foreign-labor/performance
2021Q4,capgemini,0.838182039895552,comp_index_gpt4_dYoY_x100,DOL OFLC LCA disclosure data; https://www.dol.gov/agencies/eta/foreign-labor/performance
2021Q4,coforge,-0.32326643839921676,comp_index_gpt4_dYoY_x100,DOL OFLC LCA disclosure data; https://www.dol.gov/agencies/eta/foreign-labor/performance
2021Q4,cognizant,-2.9027911833358844,comp_index_gpt4_dYoY_x100,DOL OFLC LCA disclosure data; https://www.dol.gov/agencies/eta/foreign-labor/performance
2021Q4,hcltech,1.9112051030241939,comp_index_gpt4_dYoY_x100,DOL OFLC LCA disclosure data; https://www.dol.gov/agencies/eta/foreign-labor/performance
2021Q4,hexaware,-0.9770026275224497,comp_index_gpt4_dYoY_x100,DOL OFLC LCA disclosure data; https://www.dol.gov/agencies/eta/foreign-labor/performance
2021Q4,infosys,-1.0250422200441478,comp_index_gpt4_dYoY_x100,DOL OFLC LCA disclosure data; https://www.dol.gov/agencies/eta/foreign-labor/performance
2021Q4,ltim,-0.4338527339473375,comp_index_gpt4_dYoY_x100,DOL OFLC LCA disclosure data; https://www.dol.gov/agencies/eta/foreign-labor/performance
2021Q4,mphasis,-0.21432293853719253,comp_index_gpt4_dYoY_x100,DOL OFLC LCA disclosure data; https://www.dol.gov/agencies/eta/foreign-labor/performance
2021Q4,persistent,-0.9116291848130897,comp_index_gpt4_dYoY_x100,DOL OFLC LCA disclosure data; https://www.dol.gov/agencies/eta/foreign-labor/performance
2021Q4,tcs,-0.9141091014499225,comp_index_gpt4_dYoY_x100,DOL OFLC LCA disclosure data; https://www.dol.gov/agencies/eta/foreign-labor/performance
2021Q4,techm,0.8261465038512439,comp_index_gpt4_dYoY_x100,DOL OFLC LCA disclosure data; https://www.dol.gov/agencies/eta/foreign-labor/performance
2021Q4,wipro,0.8373254572730082,comp_index_gpt4_dYoY_x100,DOL OFLC LCA disclosure data; https://www.dol.gov/agencies/eta/foreign-labor/performance
2021Q4,pooled8,0.2703117340698391,comp_index_gpt4_dYoY_x100,DOL OFLC LCA disclosure data; https://www.dol.gov/agencies/eta/foreign-labor/performance
2022Q1,accenture,-0.36942983656295114,comp_index_gpt4_dYoY_x100,DOL OFLC LCA disclosure data; https://www.dol.gov/agencies/eta/foreign-labor/performance
2022Q1,capgemini,1.0772718720783447,comp_index_gpt4_dYoY_x100,DOL OFLC LCA disclosure data; https://www.dol.gov/agencies/eta/foreign-labor/performance
2022Q1,coforge,0.09018679920137496,comp_index_gpt4_dYoY_x100,DOL OFLC LCA disclosure data; https://www.dol.gov/agencies/eta/foreign-labor/performance
2022Q1,cognizant,-3.3501598641994645,comp_index_gpt4_dYoY_x100,DOL OFLC LCA disclosure data; https://www.dol.gov/agencies/eta/foreign-labor/performance
2022Q1,hcltech,1.8147136008971554,comp_index_gpt4_dYoY_x100,DOL OFLC LCA disclosure data; https://www.dol.gov/agencies/eta/foreign-labor/performance
2022Q1,hexaware,-0.13494164724426883,comp_index_gpt4_dYoY_x100,DOL OFLC LCA disclosure data; https://www.dol.gov/agencies/eta/foreign-labor/performance
2022Q1,infosys,-1.8561920175054536,comp_index_gpt4_dYoY_x100,DOL OFLC LCA disclosure data; https://www.dol.gov/agencies/eta/foreign-labor/performance
2022Q1,ltim,-0.4004778222652772,comp_index_gpt4_dYoY_x100,DOL OFLC LCA disclosure data; https://www.dol.gov/agencies/eta/foreign-labor/performance
2022Q1,mphasis,-0.7825562932409214,comp_index_gpt4_dYoY_x100,DOL OFLC LCA disclosure data; https://www.dol.gov/agencies/eta/foreign-labor/performance
2022Q1,persistent,0.46547556065383855,comp_index_gpt4_dYoY_x100,DOL OFLC LCA disclosure data; https://www.dol.gov/agencies/eta/foreign-labor/performance
2022Q1,tcs,-2.337920804021354,comp_index_gpt4_dYoY_x100,DOL OFLC LCA disclosure data; https://www.dol.gov/agencies/eta/foreign-labor/performance
2022Q1,techm,0.43425238913206154,comp_index_gpt4_dYoY_x100,DOL OFLC LCA disclosure data; https://www.dol.gov/agencies/eta/foreign-labor/performance
2022Q1,wipro,-0.6587817996108192,comp_index_gpt4_dYoY_x100,DOL OFLC LCA disclosure data; https://www.dol.gov/agencies/eta/foreign-labor/performance
2022Q1,pooled8,-1.4269648459306672,comp_index_gpt4_dYoY_x100,DOL OFLC LCA disclosure data; https://www.dol.gov/agencies/eta/foreign-labor/performance
2022Q2,accenture,-0.7389484294934245,comp_index_gpt4_dYoY_x100,DOL OFLC LCA disclosure data; https://www.dol.gov/agencies/eta/foreign-labor/performance
2022Q2,capgemini,0.6299100728746843,comp_index_gpt4_dYoY_x100,DOL OFLC LCA disclosure data; https://www.dol.gov/agencies/eta/foreign-labor/performance
2022Q2,coforge,0.1560214330791676,comp_index_gpt4_dYoY_x100,DOL OFLC LCA disclosure data; https://www.dol.gov/agencies/eta/foreign-labor/performance
2022Q2,cognizant,2.201854419288629,comp_index_gpt4_dYoY_x100,DOL OFLC LCA disclosure data; https://www.dol.gov/agencies/eta/foreign-labor/performance
2022Q2,hcltech,1.39476612235091,comp_index_gpt4_dYoY_x100,DOL OFLC LCA disclosure data; https://www.dol.gov/agencies/eta/foreign-labor/performance
2022Q2,hexaware,1.250721191209625,comp_index_gpt4_dYoY_x100,DOL OFLC LCA disclosure data; https://www.dol.gov/agencies/eta/foreign-labor/performance
2022Q2,infosys,-0.9012440916410736,comp_index_gpt4_dYoY_x100,DOL OFLC LCA disclosure data; https://www.dol.gov/agencies/eta/foreign-labor/performance
2022Q2,ltim,0.24603061837351614,comp_index_gpt4_dYoY_x100,DOL OFLC LCA disclosure data; https://www.dol.gov/agencies/eta/foreign-labor/performance
2022Q2,mphasis,-0.6085437565755747,comp_index_gpt4_dYoY_x100,DOL OFLC LCA disclosure data; https://www.dol.gov/agencies/eta/foreign-labor/performance
2022Q2,persistent,1.0231608983668594,comp_index_gpt4_dYoY_x100,DOL OFLC LCA disclosure data; https://www.dol.gov/agencies/eta/foreign-labor/performance
2022Q2,tcs,-2.258359298221435,comp_index_gpt4_dYoY_x100,DOL OFLC LCA disclosure data; https://www.dol.gov/agencies/eta/foreign-labor/performance
2022Q2,techm,-0.21395643530431885,comp_index_gpt4_dYoY_x100,DOL OFLC LCA disclosure data; https://www.dol.gov/agencies/eta/foreign-labor/performance
2022Q2,wipro,-2.0046580871137754,comp_index_gpt4_dYoY_x100,DOL OFLC LCA disclosure data; https://www.dol.gov/agencies/eta/foreign-labor/performance
2022Q2,pooled8,-0.3676511418485018,comp_index_gpt4_dYoY_x100,DOL OFLC LCA disclosure data; https://www.dol.gov/agencies/eta/foreign-labor/performance
2022Q3,accenture,-0.6256948618487135,comp_index_gpt4_dYoY_x100,DOL OFLC LCA disclosure data; https://www.dol.gov/agencies/eta/foreign-labor/performance
2022Q3,capgemini,0.35603410312813333,comp_index_gpt4_dYoY_x100,DOL OFLC LCA disclosure data; https://www.dol.gov/agencies/eta/foreign-labor/performance
2022Q3,coforge,0.2816377189121311,comp_index_gpt4_dYoY_x100,DOL OFLC LCA disclosure data; https://www.dol.gov/agencies/eta/foreign-labor/performance
2022Q3,cognizant,2.3886952141034756,comp_index_gpt4_dYoY_x100,DOL OFLC LCA disclosure data; https://www.dol.gov/agencies/eta/foreign-labor/performance
2022Q3,hcltech,-2.2835116684362,comp_index_gpt4_dYoY_x100,DOL OFLC LCA disclosure data; https://www.dol.gov/agencies/eta/foreign-labor/performance
2022Q3,hexaware,1.3604091467751767,comp_index_gpt4_dYoY_x100,DOL OFLC LCA disclosure data; https://www.dol.gov/agencies/eta/foreign-labor/performance
2022Q3,infosys,-0.8720487172143576,comp_index_gpt4_dYoY_x100,DOL OFLC LCA disclosure data; https://www.dol.gov/agencies/eta/foreign-labor/performance
2022Q3,ltim,0.4833787094499997,comp_index_gpt4_dYoY_x100,DOL OFLC LCA disclosure data; https://www.dol.gov/agencies/eta/foreign-labor/performance
2022Q3,mphasis,0.4884413233965712,comp_index_gpt4_dYoY_x100,DOL OFLC LCA disclosure data; https://www.dol.gov/agencies/eta/foreign-labor/performance
2022Q3,persistent,0.45158686573305573,comp_index_gpt4_dYoY_x100,DOL OFLC LCA disclosure data; https://www.dol.gov/agencies/eta/foreign-labor/performance
2022Q3,tcs,-0.49879339582028503,comp_index_gpt4_dYoY_x100,DOL OFLC LCA disclosure data; https://www.dol.gov/agencies/eta/foreign-labor/performance
2022Q3,techm,-1.1674643641775728,comp_index_gpt4_dYoY_x100,DOL OFLC LCA disclosure data; https://www.dol.gov/agencies/eta/foreign-labor/performance
2022Q3,wipro,-2.928741951088276,comp_index_gpt4_dYoY_x100,DOL OFLC LCA disclosure data; https://www.dol.gov/agencies/eta/foreign-labor/performance
2022Q3,pooled8,-1.3871218792933182,comp_index_gpt4_dYoY_x100,DOL OFLC LCA disclosure data; https://www.dol.gov/agencies/eta/foreign-labor/performance
2022Q4,accenture,-1.7516285484467153,comp_index_gpt4_dYoY_x100,DOL OFLC LCA disclosure data; https://www.dol.gov/agencies/eta/foreign-labor/performance
2022Q4,capgemini,0.04718457929260289,comp_index_gpt4_dYoY_x100,DOL OFLC LCA disclosure data; https://www.dol.gov/agencies/eta/foreign-labor/performance
2022Q4,coforge,0.1381510020511012,comp_index_gpt4_dYoY_x100,DOL OFLC LCA disclosure data; https://www.dol.gov/agencies/eta/foreign-labor/performance
2022Q4,cognizant,3.023099975424892,comp_index_gpt4_dYoY_x100,DOL OFLC LCA disclosure data; https://www.dol.gov/agencies/eta/foreign-labor/performance
2022Q4,hcltech,-2.609073034274878,comp_index_gpt4_dYoY_x100,DOL OFLC LCA disclosure data; https://www.dol.gov/agencies/eta/foreign-labor/performance
2022Q4,hexaware,1.8905271076963936,comp_index_gpt4_dYoY_x100,DOL OFLC LCA disclosure data; https://www.dol.gov/agencies/eta/foreign-labor/performance
2022Q4,infosys,-0.4500646928789487,comp_index_gpt4_dYoY_x100,DOL OFLC LCA disclosure data; https://www.dol.gov/agencies/eta/foreign-labor/performance
2022Q4,ltim,0.0046058747838140235,comp_index_gpt4_dYoY_x100,DOL OFLC LCA disclosure data; https://www.dol.gov/agencies/eta/foreign-labor/performance
2022Q4,mphasis,0.2791187933976147,comp_index_gpt4_dYoY_x100,DOL OFLC LCA disclosure data; https://www.dol.gov/agencies/eta/foreign-labor/performance
2022Q4,persistent,-0.27101123470749666,comp_index_gpt4_dYoY_x100,DOL OFLC LCA disclosure data; https://www.dol.gov/agencies/eta/foreign-labor/performance
2022Q4,tcs,-0.6950575703310813,comp_index_gpt4_dYoY_x100,DOL OFLC LCA disclosure data; https://www.dol.gov/agencies/eta/foreign-labor/performance
2022Q4,techm,-1.8593249379741827,comp_index_gpt4_dYoY_x100,DOL OFLC LCA disclosure data; https://www.dol.gov/agencies/eta/foreign-labor/performance
2022Q4,wipro,-3.5560472099474882,comp_index_gpt4_dYoY_x100,DOL OFLC LCA disclosure data; https://www.dol.gov/agencies/eta/foreign-labor/performance
2022Q4,pooled8,-1.115724616502889,comp_index_gpt4_dYoY_x100,DOL OFLC LCA disclosure data; https://www.dol.gov/agencies/eta/foreign-labor/performance
2023Q1,accenture,-1.833535144032361,comp_index_gpt4_dYoY_x100,DOL OFLC LCA disclosure data; https://www.dol.gov/agencies/eta/foreign-labor/performance
2023Q1,capgemini,-0.2280563203491459,comp_index_gpt4_dYoY_x100,DOL OFLC LCA disclosure data; https://www.dol.gov/agencies/eta/foreign-labor/performance
2023Q1,coforge,0.29743314012976585,comp_index_gpt4_dYoY_x100,DOL OFLC LCA disclosure data; https://www.dol.gov/agencies/eta/foreign-labor/performance
2023Q1,cognizant,3.4444608142680577,comp_index_gpt4_dYoY_x100,DOL OFLC LCA disclosure data; https://www.dol.gov/agencies/eta/foreign-labor/performance
2023Q1,hcltech,-2.928344984915121,comp_index_gpt4_dYoY_x100,DOL OFLC LCA disclosure data; https://www.dol.gov/agencies/eta/foreign-labor/performance
2023Q1,hexaware,1.8090782253396553,comp_index_gpt4_dYoY_x100,DOL OFLC LCA disclosure data; https://www.dol.gov/agencies/eta/foreign-labor/performance
2023Q1,infosys,0.2157849708059656,comp_index_gpt4_dYoY_x100,DOL OFLC LCA disclosure data; https://www.dol.gov/agencies/eta/foreign-labor/performance
2023Q1,ltim,-0.2460454617392971,comp_index_gpt4_dYoY_x100,DOL OFLC LCA disclosure data; https://www.dol.gov/agencies/eta/foreign-labor/performance
2023Q1,mphasis,0.47410775298133423,comp_index_gpt4_dYoY_x100,DOL OFLC LCA disclosure data; https://www.dol.gov/agencies/eta/foreign-labor/performance
2023Q1,persistent,-1.370923963438353,comp_index_gpt4_dYoY_x100,DOL OFLC LCA disclosure data; https://www.dol.gov/agencies/eta/foreign-labor/performance
2023Q1,tcs,0.13893887405719285,comp_index_gpt4_dYoY_x100,DOL OFLC LCA disclosure data; https://www.dol.gov/agencies/eta/foreign-labor/performance
2023Q1,techm,-1.937053718959092,comp_index_gpt4_dYoY_x100,DOL OFLC LCA disclosure data; https://www.dol.gov/agencies/eta/foreign-labor/performance
2023Q1,wipro,-3.3452578539132416,comp_index_gpt4_dYoY_x100,DOL OFLC LCA disclosure data; https://www.dol.gov/agencies/eta/foreign-labor/performance
2023Q1,pooled8,-0.34000233410009795,comp_index_gpt4_dYoY_x100,DOL OFLC LCA disclosure data; https://www.dol.gov/agencies/eta/foreign-labor/performance
2023Q2,accenture,-2.045524617519312,comp_index_gpt4_dYoY_x100,DOL OFLC LCA disclosure data; https://www.dol.gov/agencies/eta/foreign-labor/performance
2023Q2,capgemini,-0.6857909775867421,comp_index_gpt4_dYoY_x100,DOL OFLC LCA disclosure data; https://www.dol.gov/agencies/eta/foreign-labor/performance
2023Q2,coforge,0.9371485152817383,comp_index_gpt4_dYoY_x100,DOL OFLC LCA disclosure data; https://www.dol.gov/agencies/eta/foreign-labor/performance
2023Q2,cognizant,0.5017309191920005,comp_index_gpt4_dYoY_x100,DOL OFLC LCA disclosure data; https://www.dol.gov/agencies/eta/foreign-labor/performance
2023Q2,hcltech,-3.579936303957998,comp_index_gpt4_dYoY_x100,DOL OFLC LCA disclosure data; https://www.dol.gov/agencies/eta/foreign-labor/performance
2023Q2,hexaware,-0.6167103301338406,comp_index_gpt4_dYoY_x100,DOL OFLC LCA disclosure data; https://www.dol.gov/agencies/eta/foreign-labor/performance
2023Q2,infosys,-1.9639719103785924,comp_index_gpt4_dYoY_x100,DOL OFLC LCA disclosure data; https://www.dol.gov/agencies/eta/foreign-labor/performance
2023Q2,ltim,-0.9195502587406645,comp_index_gpt4_dYoY_x100,DOL OFLC LCA disclosure data; https://www.dol.gov/agencies/eta/foreign-labor/performance
2023Q2,mphasis,0.8233203818343693,comp_index_gpt4_dYoY_x100,DOL OFLC LCA disclosure data; https://www.dol.gov/agencies/eta/foreign-labor/performance
2023Q2,persistent,-1.9771637175093115,comp_index_gpt4_dYoY_x100,DOL OFLC LCA disclosure data; https://www.dol.gov/agencies/eta/foreign-labor/performance
2023Q2,tcs,0.36241661031579664,comp_index_gpt4_dYoY_x100,DOL OFLC LCA disclosure data; https://www.dol.gov/agencies/eta/foreign-labor/performance
2023Q2,techm,-1.33377730491534,comp_index_gpt4_dYoY_x100,DOL OFLC LCA disclosure data; https://www.dol.gov/agencies/eta/foreign-labor/performance
2023Q2,wipro,-2.9672874102821822,comp_index_gpt4_dYoY_x100,DOL OFLC LCA disclosure data; https://www.dol.gov/agencies/eta/foreign-labor/performance
2023Q2,pooled8,-1.5711937334369375,comp_index_gpt4_dYoY_x100,DOL OFLC LCA disclosure data; https://www.dol.gov/agencies/eta/foreign-labor/performance
2023Q3,accenture,-3.0088031667230064,comp_index_gpt4_dYoY_x100,DOL OFLC LCA disclosure data; https://www.dol.gov/agencies/eta/foreign-labor/performance
2023Q3,capgemini,-0.19091118664598117,comp_index_gpt4_dYoY_x100,DOL OFLC LCA disclosure data; https://www.dol.gov/agencies/eta/foreign-labor/performance
2023Q3,coforge,1.6252419624701142,comp_index_gpt4_dYoY_x100,DOL OFLC LCA disclosure data; https://www.dol.gov/agencies/eta/foreign-labor/performance
2023Q3,cognizant,1.8788958294792102,comp_index_gpt4_dYoY_x100,DOL OFLC LCA disclosure data; https://www.dol.gov/agencies/eta/foreign-labor/performance
2023Q3,hcltech,-1.5226515735850543,comp_index_gpt4_dYoY_x100,DOL OFLC LCA disclosure data; https://www.dol.gov/agencies/eta/foreign-labor/performance
2023Q3,hexaware,0.2563428954378333,comp_index_gpt4_dYoY_x100,DOL OFLC LCA disclosure data; https://www.dol.gov/agencies/eta/foreign-labor/performance
2023Q3,infosys,-1.6223988928617872,comp_index_gpt4_dYoY_x100,DOL OFLC LCA disclosure data; https://www.dol.gov/agencies/eta/foreign-labor/performance
2023Q3,ltim,-1.2145813615796697,comp_index_gpt4_dYoY_x100,DOL OFLC LCA disclosure data; https://www.dol.gov/agencies/eta/foreign-labor/performance
2023Q3,mphasis,-0.08307001782020818,comp_index_gpt4_dYoY_x100,DOL OFLC LCA disclosure data; https://www.dol.gov/agencies/eta/foreign-labor/performance
2023Q3,persistent,-1.5916527489404642,comp_index_gpt4_dYoY_x100,DOL OFLC LCA disclosure data; https://www.dol.gov/agencies/eta/foreign-labor/performance
2023Q3,tcs,-0.6692871473761963,comp_index_gpt4_dYoY_x100,DOL OFLC LCA disclosure data; https://www.dol.gov/agencies/eta/foreign-labor/performance
2023Q3,techm,-0.8178752497652986,comp_index_gpt4_dYoY_x100,DOL OFLC LCA disclosure data; https://www.dol.gov/agencies/eta/foreign-labor/performance
2023Q3,wipro,-1.2056259925335766,comp_index_gpt4_dYoY_x100,DOL OFLC LCA disclosure data; https://www.dol.gov/agencies/eta/foreign-labor/performance
2023Q3,pooled8,-0.5956047355586302,comp_index_gpt4_dYoY_x100,DOL OFLC LCA disclosure data; https://www.dol.gov/agencies/eta/foreign-labor/performance
2023Q4,accenture,-1.5818256346244008,comp_index_gpt4_dYoY_x100,DOL OFLC LCA disclosure data; https://www.dol.gov/agencies/eta/foreign-labor/performance
2023Q4,capgemini,-0.1166332230598921,comp_index_gpt4_dYoY_x100,DOL OFLC LCA disclosure data; https://www.dol.gov/agencies/eta/foreign-labor/performance
2023Q4,coforge,1.638843931442191,comp_index_gpt4_dYoY_x100,DOL OFLC LCA disclosure data; https://www.dol.gov/agencies/eta/foreign-labor/performance
2023Q4,cognizant,3.024393480491938,comp_index_gpt4_dYoY_x100,DOL OFLC LCA disclosure data; https://www.dol.gov/agencies/eta/foreign-labor/performance
2023Q4,hcltech,-0.9238496124188256,comp_index_gpt4_dYoY_x100,DOL OFLC LCA disclosure data; https://www.dol.gov/agencies/eta/foreign-labor/performance
2023Q4,hexaware,0.32041318638870164,comp_index_gpt4_dYoY_x100,DOL OFLC LCA disclosure data; https://www.dol.gov/agencies/eta/foreign-labor/performance
2023Q4,infosys,-1.5257685394666987,comp_index_gpt4_dYoY_x100,DOL OFLC LCA disclosure data; https://www.dol.gov/agencies/eta/foreign-labor/performance
2023Q4,ltim,-1.0352110192686337,comp_index_gpt4_dYoY_x100,DOL OFLC LCA disclosure data; https://www.dol.gov/agencies/eta/foreign-labor/performance
2023Q4,mphasis,-0.2542818021204596,comp_index_gpt4_dYoY_x100,DOL OFLC LCA disclosure data; https://www.dol.gov/agencies/eta/foreign-labor/performance
2023Q4,persistent,-1.4853363855463875,comp_index_gpt4_dYoY_x100,DOL OFLC LCA disclosure data; https://www.dol.gov/agencies/eta/foreign-labor/performance
2023Q4,tcs,-0.77143983380773,comp_index_gpt4_dYoY_x100,DOL OFLC LCA disclosure data; https://www.dol.gov/agencies/eta/foreign-labor/performance
2023Q4,techm,-0.30260826183252654,comp_index_gpt4_dYoY_x100,DOL OFLC LCA disclosure data; https://www.dol.gov/agencies/eta/foreign-labor/performance
2023Q4,wipro,-0.18151815985442132,comp_index_gpt4_dYoY_x100,DOL OFLC LCA disclosure data; https://www.dol.gov/agencies/eta/foreign-labor/performance
2023Q4,pooled8,-0.0628973968922919,comp_index_gpt4_dYoY_x100,DOL OFLC LCA disclosure data; https://www.dol.gov/agencies/eta/foreign-labor/performance
2024Q1,accenture,-1.2309139222223875,comp_index_gpt4_dYoY_x100,DOL OFLC LCA disclosure data; https://www.dol.gov/agencies/eta/foreign-labor/performance
2024Q1,capgemini,0.07905064875524115,comp_index_gpt4_dYoY_x100,DOL OFLC LCA disclosure data; https://www.dol.gov/agencies/eta/foreign-labor/performance
2024Q1,coforge,2.003321829354776,comp_index_gpt4_dYoY_x100,DOL OFLC LCA disclosure data; https://www.dol.gov/agencies/eta/foreign-labor/performance
2024Q1,cognizant,4.548343996280768,comp_index_gpt4_dYoY_x100,DOL OFLC LCA disclosure data; https://www.dol.gov/agencies/eta/foreign-labor/performance
2024Q1,hcltech,-0.3342602375215442,comp_index_gpt4_dYoY_x100,DOL OFLC LCA disclosure data; https://www.dol.gov/agencies/eta/foreign-labor/performance
2024Q1,hexaware,1.0330923498978017,comp_index_gpt4_dYoY_x100,DOL OFLC LCA disclosure data; https://www.dol.gov/agencies/eta/foreign-labor/performance
2024Q1,infosys,-1.1719147135171082,comp_index_gpt4_dYoY_x100,DOL OFLC LCA disclosure data; https://www.dol.gov/agencies/eta/foreign-labor/performance
2024Q1,ltim,-0.5096305022003089,comp_index_gpt4_dYoY_x100,DOL OFLC LCA disclosure data; https://www.dol.gov/agencies/eta/foreign-labor/performance
2024Q1,mphasis,0.08169080634119474,comp_index_gpt4_dYoY_x100,DOL OFLC LCA disclosure data; https://www.dol.gov/agencies/eta/foreign-labor/performance
2024Q1,persistent,-1.8003639742084743,comp_index_gpt4_dYoY_x100,DOL OFLC LCA disclosure data; https://www.dol.gov/agencies/eta/foreign-labor/performance
2024Q1,tcs,-1.03795181124956,comp_index_gpt4_dYoY_x100,DOL OFLC LCA disclosure data; https://www.dol.gov/agencies/eta/foreign-labor/performance
2024Q1,techm,-0.5142820152763572,comp_index_gpt4_dYoY_x100,DOL OFLC LCA disclosure data; https://www.dol.gov/agencies/eta/foreign-labor/performance
2024Q1,wipro,0.034280348169601904,comp_index_gpt4_dYoY_x100,DOL OFLC LCA disclosure data; https://www.dol.gov/agencies/eta/foreign-labor/performance
2024Q1,pooled8,0.5085401600409933,comp_index_gpt4_dYoY_x100,DOL OFLC LCA disclosure data; https://www.dol.gov/agencies/eta/foreign-labor/performance
2024Q2,accenture,-0.6192243643909912,comp_index_gpt4_dYoY_x100,DOL OFLC LCA disclosure data; https://www.dol.gov/agencies/eta/foreign-labor/performance
2024Q2,capgemini,0.9601598063656902,comp_index_gpt4_dYoY_x100,DOL OFLC LCA disclosure data; https://www.dol.gov/agencies/eta/foreign-labor/performance
2024Q2,coforge,1.7560480776018128,comp_index_gpt4_dYoY_x100,DOL OFLC LCA disclosure data; https://www.dol.gov/agencies/eta/foreign-labor/performance
2024Q2,cognizant,8.319027574137172,comp_index_gpt4_dYoY_x100,DOL OFLC LCA disclosure data; https://www.dol.gov/agencies/eta/foreign-labor/performance
2024Q2,hcltech,1.2342921872511181,comp_index_gpt4_dYoY_x100,DOL OFLC LCA disclosure data; https://www.dol.gov/agencies/eta/foreign-labor/performance
2024Q2,hexaware,2.3671000362542105,comp_index_gpt4_dYoY_x100,DOL OFLC LCA disclosure data; https://www.dol.gov/agencies/eta/foreign-labor/performance
2024Q2,infosys,0.6121681960806202,comp_index_gpt4_dYoY_x100,DOL OFLC LCA disclosure data; https://www.dol.gov/agencies/eta/foreign-labor/performance
2024Q2,ltim,-1.4016603925437021,comp_index_gpt4_dYoY_x100,DOL OFLC LCA disclosure data; https://www.dol.gov/agencies/eta/foreign-labor/performance
2024Q2,mphasis,-0.5455399971223129,comp_index_gpt4_dYoY_x100,DOL OFLC LCA disclosure data; https://www.dol.gov/agencies/eta/foreign-labor/performance
2024Q2,persistent,0.6333769026761193,comp_index_gpt4_dYoY_x100,DOL OFLC LCA disclosure data; https://www.dol.gov/agencies/eta/foreign-labor/performance
2024Q2,tcs,-1.8234621120809535,comp_index_gpt4_dYoY_x100,DOL OFLC LCA disclosure data; https://www.dol.gov/agencies/eta/foreign-labor/performance
2024Q2,techm,-1.2475653931861785,comp_index_gpt4_dYoY_x100,DOL OFLC LCA disclosure data; https://www.dol.gov/agencies/eta/foreign-labor/performance
2024Q2,wipro,1.0256176737544753,comp_index_gpt4_dYoY_x100,DOL OFLC LCA disclosure data; https://www.dol.gov/agencies/eta/foreign-labor/performance
2024Q2,pooled8,2.140408178338604,comp_index_gpt4_dYoY_x100,DOL OFLC LCA disclosure data; https://www.dol.gov/agencies/eta/foreign-labor/performance
2024Q3,accenture,1.9257642890352367,comp_index_gpt4_dYoY_x100,DOL OFLC LCA disclosure data; https://www.dol.gov/agencies/eta/foreign-labor/performance
2024Q3,capgemini,0.49722224582791075,comp_index_gpt4_dYoY_x100,DOL OFLC LCA disclosure data; https://www.dol.gov/agencies/eta/foreign-labor/performance
2024Q3,coforge,2.6023388190875685,comp_index_gpt4_dYoY_x100,DOL OFLC LCA disclosure data; https://www.dol.gov/agencies/eta/foreign-labor/performance
2024Q3,cognizant,7.976724651007638,comp_index_gpt4_dYoY_x100,DOL OFLC LCA disclosure data; https://www.dol.gov/agencies/eta/foreign-labor/performance
2024Q3,hcltech,1.5374816093391197,comp_index_gpt4_dYoY_x100,DOL OFLC LCA disclosure data; https://www.dol.gov/agencies/eta/foreign-labor/performance
2024Q3,hexaware,2.1041428372050253,comp_index_gpt4_dYoY_x100,DOL OFLC LCA disclosure data; https://www.dol.gov/agencies/eta/foreign-labor/performance
2024Q3,infosys,0.44345475155733727,comp_index_gpt4_dYoY_x100,DOL OFLC LCA disclosure data; https://www.dol.gov/agencies/eta/foreign-labor/performance
2024Q3,ltim,-1.0332040683499244,comp_index_gpt4_dYoY_x100,DOL OFLC LCA disclosure data; https://www.dol.gov/agencies/eta/foreign-labor/performance
2024Q3,mphasis,-0.67326343981291,comp_index_gpt4_dYoY_x100,DOL OFLC LCA disclosure data; https://www.dol.gov/agencies/eta/foreign-labor/performance
2024Q3,persistent,1.5963006517988876,comp_index_gpt4_dYoY_x100,DOL OFLC LCA disclosure data; https://www.dol.gov/agencies/eta/foreign-labor/performance
2024Q3,tcs,-1.2996337079802522,comp_index_gpt4_dYoY_x100,DOL OFLC LCA disclosure data; https://www.dol.gov/agencies/eta/foreign-labor/performance
2024Q3,techm,-1.554620171350518,comp_index_gpt4_dYoY_x100,DOL OFLC LCA disclosure data; https://www.dol.gov/agencies/eta/foreign-labor/performance
2024Q3,wipro,0.2079340866106283,comp_index_gpt4_dYoY_x100,DOL OFLC LCA disclosure data; https://www.dol.gov/agencies/eta/foreign-labor/performance
2024Q3,pooled8,2.211189143103165,comp_index_gpt4_dYoY_x100,DOL OFLC LCA disclosure data; https://www.dol.gov/agencies/eta/foreign-labor/performance
2024Q4,accenture,1.7497732088491702,comp_index_gpt4_dYoY_x100,DOL OFLC LCA disclosure data; https://www.dol.gov/agencies/eta/foreign-labor/performance
2024Q4,capgemini,0.5073559121943294,comp_index_gpt4_dYoY_x100,DOL OFLC LCA disclosure data; https://www.dol.gov/agencies/eta/foreign-labor/performance
2024Q4,coforge,3.7802899639111986,comp_index_gpt4_dYoY_x100,DOL OFLC LCA disclosure data; https://www.dol.gov/agencies/eta/foreign-labor/performance
2024Q4,cognizant,6.571636551530613,comp_index_gpt4_dYoY_x100,DOL OFLC LCA disclosure data; https://www.dol.gov/agencies/eta/foreign-labor/performance
2024Q4,hcltech,1.3573532184232628,comp_index_gpt4_dYoY_x100,DOL OFLC LCA disclosure data; https://www.dol.gov/agencies/eta/foreign-labor/performance
2024Q4,hexaware,1.5860048957268003,comp_index_gpt4_dYoY_x100,DOL OFLC LCA disclosure data; https://www.dol.gov/agencies/eta/foreign-labor/performance
2024Q4,infosys,0.590419187897262,comp_index_gpt4_dYoY_x100,DOL OFLC LCA disclosure data; https://www.dol.gov/agencies/eta/foreign-labor/performance
2024Q4,ltim,-0.8927259068406634,comp_index_gpt4_dYoY_x100,DOL OFLC LCA disclosure data; https://www.dol.gov/agencies/eta/foreign-labor/performance
2024Q4,mphasis,-0.7825664823240097,comp_index_gpt4_dYoY_x100,DOL OFLC LCA disclosure data; https://www.dol.gov/agencies/eta/foreign-labor/performance
2024Q4,persistent,2.7411384864768795,comp_index_gpt4_dYoY_x100,DOL OFLC LCA disclosure data; https://www.dol.gov/agencies/eta/foreign-labor/performance
2024Q4,tcs,-1.2446278336167849,comp_index_gpt4_dYoY_x100,DOL OFLC LCA disclosure data; https://www.dol.gov/agencies/eta/foreign-labor/performance
2024Q4,techm,-1.5242436145950333,comp_index_gpt4_dYoY_x100,DOL OFLC LCA disclosure data; https://www.dol.gov/agencies/eta/foreign-labor/performance
2024Q4,wipro,-0.0958046368131682,comp_index_gpt4_dYoY_x100,DOL OFLC LCA disclosure data; https://www.dol.gov/agencies/eta/foreign-labor/performance
2024Q4,pooled8,1.9007712851999092,comp_index_gpt4_dYoY_x100,DOL OFLC LCA disclosure data; https://www.dol.gov/agencies/eta/foreign-labor/performance
2025Q1,accenture,1.8469783186033983,comp_index_gpt4_dYoY_x100,DOL OFLC LCA disclosure data; https://www.dol.gov/agencies/eta/foreign-labor/performance
2025Q1,capgemini,0.2921475059775913,comp_index_gpt4_dYoY_x100,DOL OFLC LCA disclosure data; https://www.dol.gov/agencies/eta/foreign-labor/performance
2025Q1,coforge,3.4587799086156945,comp_index_gpt4_dYoY_x100,DOL OFLC LCA disclosure data; https://www.dol.gov/agencies/eta/foreign-labor/performance
2025Q1,cognizant,4.756571931118803,comp_index_gpt4_dYoY_x100,DOL OFLC LCA disclosure data; https://www.dol.gov/agencies/eta/foreign-labor/performance
2025Q1,hcltech,1.235272385389119,comp_index_gpt4_dYoY_x100,DOL OFLC LCA disclosure data; https://www.dol.gov/agencies/eta/foreign-labor/performance
2025Q1,hexaware,0.549931665490988,comp_index_gpt4_dYoY_x100,DOL OFLC LCA disclosure data; https://www.dol.gov/agencies/eta/foreign-labor/performance
2025Q1,infosys,0.0962196672769089,comp_index_gpt4_dYoY_x100,DOL OFLC LCA disclosure data; https://www.dol.gov/agencies/eta/foreign-labor/performance
2025Q1,ltim,-1.4085193024171327,comp_index_gpt4_dYoY_x100,DOL OFLC LCA disclosure data; https://www.dol.gov/agencies/eta/foreign-labor/performance
2025Q1,mphasis,-0.9887977618755484,comp_index_gpt4_dYoY_x100,DOL OFLC LCA disclosure data; https://www.dol.gov/agencies/eta/foreign-labor/performance
2025Q1,persistent,4.210805607947387,comp_index_gpt4_dYoY_x100,DOL OFLC LCA disclosure data; https://www.dol.gov/agencies/eta/foreign-labor/performance
2025Q1,tcs,-0.9451843415289263,comp_index_gpt4_dYoY_x100,DOL OFLC LCA disclosure data; https://www.dol.gov/agencies/eta/foreign-labor/performance
2025Q1,techm,-1.219105056210279,comp_index_gpt4_dYoY_x100,DOL OFLC LCA disclosure data; https://www.dol.gov/agencies/eta/foreign-labor/performance
2025Q1,wipro,-0.09567011427475958,comp_index_gpt4_dYoY_x100,DOL OFLC LCA disclosure data; https://www.dol.gov/agencies/eta/foreign-labor/performance
2025Q1,pooled8,1.2756144777426148,comp_index_gpt4_dYoY_x100,DOL OFLC LCA disclosure data; https://www.dol.gov/agencies/eta/foreign-labor/performance
2025Q2,accenture,2.0474128302917394,comp_index_gpt4_dYoY_x100,DOL OFLC LCA disclosure data; https://www.dol.gov/agencies/eta/foreign-labor/performance
2025Q2,capgemini,-0.6069696541172398,comp_index_gpt4_dYoY_x100,DOL OFLC LCA disclosure data; https://www.dol.gov/agencies/eta/foreign-labor/performance
2025Q2,coforge,8.304090882219327,comp_index_gpt4_dYoY_x100,DOL OFLC LCA disclosure data; https://www.dol.gov/agencies/eta/foreign-labor/performance
2025Q2,cognizant,2.299703043505452,comp_index_gpt4_dYoY_x100,DOL OFLC LCA disclosure data; https://www.dol.gov/agencies/eta/foreign-labor/performance
2025Q2,hcltech,-0.04179445986691732,comp_index_gpt4_dYoY_x100,DOL OFLC LCA disclosure data; https://www.dol.gov/agencies/eta/foreign-labor/performance
2025Q2,hexaware,1.0755070690065094,comp_index_gpt4_dYoY_x100,DOL OFLC LCA disclosure data; https://www.dol.gov/agencies/eta/foreign-labor/performance
2025Q2,infosys,-0.8631033606325889,comp_index_gpt4_dYoY_x100,DOL OFLC LCA disclosure data; https://www.dol.gov/agencies/eta/foreign-labor/performance
2025Q2,ltim,-0.6774247929056898,comp_index_gpt4_dYoY_x100,DOL OFLC LCA disclosure data; https://www.dol.gov/agencies/eta/foreign-labor/performance
2025Q2,mphasis,-0.925711893390968,comp_index_gpt4_dYoY_x100,DOL OFLC LCA disclosure data; https://www.dol.gov/agencies/eta/foreign-labor/performance
2025Q2,persistent,4.604571395894719,comp_index_gpt4_dYoY_x100,DOL OFLC LCA disclosure data; https://www.dol.gov/agencies/eta/foreign-labor/performance
2025Q2,tcs,-0.13998608658690737,comp_index_gpt4_dYoY_x100,DOL OFLC LCA disclosure data; https://www.dol.gov/agencies/eta/foreign-labor/performance
2025Q2,techm,-0.6685989138257353,comp_index_gpt4_dYoY_x100,DOL OFLC LCA disclosure data; https://www.dol.gov/agencies/eta/foreign-labor/performance
2025Q2,wipro,-1.4110523318419999,comp_index_gpt4_dYoY_x100,DOL OFLC LCA disclosure data; https://www.dol.gov/agencies/eta/foreign-labor/performance
2025Q2,pooled8,0.5072947659329197,comp_index_gpt4_dYoY_x100,DOL OFLC LCA disclosure data; https://www.dol.gov/agencies/eta/foreign-labor/performance
2025Q3,accenture,1.0653634737340822,comp_index_gpt4_dYoY_x100,DOL OFLC LCA disclosure data; https://www.dol.gov/agencies/eta/foreign-labor/performance
2025Q3,capgemini,-0.5632780491711675,comp_index_gpt4_dYoY_x100,DOL OFLC LCA disclosure data; https://www.dol.gov/agencies/eta/foreign-labor/performance
2025Q3,coforge,9.169636071101262,comp_index_gpt4_dYoY_x100,DOL OFLC LCA disclosure data; https://www.dol.gov/agencies/eta/foreign-labor/performance
2025Q3,cognizant,1.077769976556131,comp_index_gpt4_dYoY_x100,DOL OFLC LCA disclosure data; https://www.dol.gov/agencies/eta/foreign-labor/performance
2025Q3,hcltech,-0.618468006694195,comp_index_gpt4_dYoY_x100,DOL OFLC LCA disclosure data; https://www.dol.gov/agencies/eta/foreign-labor/performance
2025Q3,hexaware,1.3592117121291714,comp_index_gpt4_dYoY_x100,DOL OFLC LCA disclosure data; https://www.dol.gov/agencies/eta/foreign-labor/performance
2025Q3,infosys,-0.7608675631914363,comp_index_gpt4_dYoY_x100,DOL OFLC LCA disclosure data; https://www.dol.gov/agencies/eta/foreign-labor/performance
2025Q3,ltim,-0.9589952143374436,comp_index_gpt4_dYoY_x100,DOL OFLC LCA disclosure data; https://www.dol.gov/agencies/eta/foreign-labor/performance
2025Q3,mphasis,-0.3306847575036964,comp_index_gpt4_dYoY_x100,DOL OFLC LCA disclosure data; https://www.dol.gov/agencies/eta/foreign-labor/performance
2025Q3,persistent,4.161170347403253,comp_index_gpt4_dYoY_x100,DOL OFLC LCA disclosure data; https://www.dol.gov/agencies/eta/foreign-labor/performance
2025Q3,tcs,-0.02032039106535377,comp_index_gpt4_dYoY_x100,DOL OFLC LCA disclosure data; https://www.dol.gov/agencies/eta/foreign-labor/performance
2025Q3,techm,-0.16152658336321402,comp_index_gpt4_dYoY_x100,DOL OFLC LCA disclosure data; https://www.dol.gov/agencies/eta/foreign-labor/performance
2025Q3,wipro,-1.4711524029800138,comp_index_gpt4_dYoY_x100,DOL OFLC LCA disclosure data; https://www.dol.gov/agencies/eta/foreign-labor/performance
2025Q3,pooled8,-0.28877038490507934,comp_index_gpt4_dYoY_x100,DOL OFLC LCA disclosure data; https://www.dol.gov/agencies/eta/foreign-labor/performance
2025Q4,accenture,0.8781038539092956,comp_index_gpt4_dYoY_x100,DOL OFLC LCA disclosure data; https://www.dol.gov/agencies/eta/foreign-labor/performance
2025Q4,capgemini,-0.8204504799012469,comp_index_gpt4_dYoY_x100,DOL OFLC LCA disclosure data; https://www.dol.gov/agencies/eta/foreign-labor/performance
2025Q4,coforge,10.19791172966854,comp_index_gpt4_dYoY_x100,DOL OFLC LCA disclosure data; https://www.dol.gov/agencies/eta/foreign-labor/performance
2025Q4,cognizant,0.9138141413951639,comp_index_gpt4_dYoY_x100,DOL OFLC LCA disclosure data; https://www.dol.gov/agencies/eta/foreign-labor/performance
2025Q4,hcltech,-0.799783501445972,comp_index_gpt4_dYoY_x100,DOL OFLC LCA disclosure data; https://www.dol.gov/agencies/eta/foreign-labor/performance
2025Q4,hexaware,1.2625837844788101,comp_index_gpt4_dYoY_x100,DOL OFLC LCA disclosure data; https://www.dol.gov/agencies/eta/foreign-labor/performance
2025Q4,infosys,-1.04907993705593,comp_index_gpt4_dYoY_x100,DOL OFLC LCA disclosure data; https://www.dol.gov/agencies/eta/foreign-labor/performance
2025Q4,ltim,-1.1169093066685787,comp_index_gpt4_dYoY_x100,DOL OFLC LCA disclosure data; https://www.dol.gov/agencies/eta/foreign-labor/performance
2025Q4,mphasis,0.15413159244052066,comp_index_gpt4_dYoY_x100,DOL OFLC LCA disclosure data; https://www.dol.gov/agencies/eta/foreign-labor/performance
2025Q4,persistent,3.403059231395389,comp_index_gpt4_dYoY_x100,DOL OFLC LCA disclosure data; https://www.dol.gov/agencies/eta/foreign-labor/performance
2025Q4,tcs,0.259525970941743,comp_index_gpt4_dYoY_x100,DOL OFLC LCA disclosure data; https://www.dol.gov/agencies/eta/foreign-labor/performance
2025Q4,techm,0.05066697166569156,comp_index_gpt4_dYoY_x100,DOL OFLC LCA disclosure data; https://www.dol.gov/agencies/eta/foreign-labor/performance
2025Q4,wipro,-1.8153393709428811,comp_index_gpt4_dYoY_x100,DOL OFLC LCA disclosure data; https://www.dol.gov/agencies/eta/foreign-labor/performance
2025Q4,pooled8,-0.645309429013563,comp_index_gpt4_dYoY_x100,DOL OFLC LCA disclosure data; https://www.dol.gov/agencies/eta/foreign-labor/performance
2026Q1,accenture,0.6934251415299686,comp_index_gpt4_dYoY_x100,DOL OFLC LCA disclosure data; https://www.dol.gov/agencies/eta/foreign-labor/performance
2026Q1,capgemini,-0.673010216814296,comp_index_gpt4_dYoY_x100,DOL OFLC LCA disclosure data; https://www.dol.gov/agencies/eta/foreign-labor/performance
2026Q1,coforge,13.196559803396092,comp_index_gpt4_dYoY_x100,DOL OFLC LCA disclosure data; https://www.dol.gov/agencies/eta/foreign-labor/performance
2026Q1,cognizant,0.7521491855628004,comp_index_gpt4_dYoY_x100,DOL OFLC LCA disclosure data; https://www.dol.gov/agencies/eta/foreign-labor/performance
2026Q1,hcltech,-0.990904115045288,comp_index_gpt4_dYoY_x100,DOL OFLC LCA disclosure data; https://www.dol.gov/agencies/eta/foreign-labor/performance
2026Q1,hexaware,1.1035441815143598,comp_index_gpt4_dYoY_x100,DOL OFLC LCA disclosure data; https://www.dol.gov/agencies/eta/foreign-labor/performance
2026Q1,infosys,-0.5457200440127319,comp_index_gpt4_dYoY_x100,DOL OFLC LCA disclosure data; https://www.dol.gov/agencies/eta/foreign-labor/performance
2026Q1,ltim,-1.4526842841921739,comp_index_gpt4_dYoY_x100,DOL OFLC LCA disclosure data; https://www.dol.gov/agencies/eta/foreign-labor/performance
2026Q1,mphasis,-0.061471948225066964,comp_index_gpt4_dYoY_x100,DOL OFLC LCA disclosure data; https://www.dol.gov/agencies/eta/foreign-labor/performance
2026Q1,persistent,2.9279755526973927,comp_index_gpt4_dYoY_x100,DOL OFLC LCA disclosure data; https://www.dol.gov/agencies/eta/foreign-labor/performance
2026Q1,tcs,0.29151233674652444,comp_index_gpt4_dYoY_x100,DOL OFLC LCA disclosure data; https://www.dol.gov/agencies/eta/foreign-labor/performance
2026Q1,techm,-0.24423436462789327,comp_index_gpt4_dYoY_x100,DOL OFLC LCA disclosure data; https://www.dol.gov/agencies/eta/foreign-labor/performance
2026Q1,wipro,-1.7650275908139723,comp_index_gpt4_dYoY_x100,DOL OFLC LCA disclosure data; https://www.dol.gov/agencies/eta/foreign-labor/performance
2026Q1,pooled8,-0.8026621862892935,comp_index_gpt4_dYoY_x100,DOL OFLC LCA disclosure data; https://www.dol.gov/agencies/eta/foreign-labor/performance
2026Q2,accenture,-0.6780428576260489,comp_index_gpt4_dYoY_x100,DOL OFLC LCA disclosure data; https://www.dol.gov/agencies/eta/foreign-labor/performance
2026Q2,capgemini,-0.03657689942155873,comp_index_gpt4_dYoY_x100,DOL OFLC LCA disclosure data; https://www.dol.gov/agencies/eta/foreign-labor/performance
2026Q2,coforge,8.396759098680896,comp_index_gpt4_dYoY_x100,DOL OFLC LCA disclosure data; https://www.dol.gov/agencies/eta/foreign-labor/performance
2026Q2,cognizant,-0.19075448138163864,comp_index_gpt4_dYoY_x100,DOL OFLC LCA disclosure data; https://www.dol.gov/agencies/eta/foreign-labor/performance
2026Q2,hcltech,-1.2183198144869456,comp_index_gpt4_dYoY_x100,DOL OFLC LCA disclosure data; https://www.dol.gov/agencies/eta/foreign-labor/performance
2026Q2,hexaware,0.2523664639281109,comp_index_gpt4_dYoY_x100,DOL OFLC LCA disclosure data; https://www.dol.gov/agencies/eta/foreign-labor/performance
2026Q2,infosys,0.7311275619132029,comp_index_gpt4_dYoY_x100,DOL OFLC LCA disclosure data; https://www.dol.gov/agencies/eta/foreign-labor/performance
2026Q2,ltim,0.09301056980678402,comp_index_gpt4_dYoY_x100,DOL OFLC LCA disclosure data; https://www.dol.gov/agencies/eta/foreign-labor/performance
2026Q2,mphasis,-0.6787007238716947,comp_index_gpt4_dYoY_x100,DOL OFLC LCA disclosure data; https://www.dol.gov/agencies/eta/foreign-labor/performance
2026Q2,persistent,2.5920035282869125,comp_index_gpt4_dYoY_x100,DOL OFLC LCA disclosure data; https://www.dol.gov/agencies/eta/foreign-labor/performance
2026Q2,tcs,2.028359149341463,comp_index_gpt4_dYoY_x100,DOL OFLC LCA disclosure data; https://www.dol.gov/agencies/eta/foreign-labor/performance
2026Q2,techm,-0.2080807298533327,comp_index_gpt4_dYoY_x100,DOL OFLC LCA disclosure data; https://www.dol.gov/agencies/eta/foreign-labor/performance
2026Q2,wipro,1.0515918656337941,comp_index_gpt4_dYoY_x100,DOL OFLC LCA disclosure data; https://www.dol.gov/agencies/eta/foreign-labor/performance
2026Q2,pooled8,-0.4172521464233969,comp_index_gpt4_dYoY_x100,DOL OFLC LCA disclosure data; https://www.dol.gov/agencies/eta/foreign-labor/performance
2018Q3,accenture,15.150950772510905,new_ttm,DOL OFLC LCA disclosure data; https://www.dol.gov/agencies/eta/foreign-labor/performance
2018Q3,capgemini,-45.100593923069404,new_ttm,DOL OFLC LCA disclosure data; https://www.dol.gov/agencies/eta/foreign-labor/performance
2018Q3,coforge,54.07275034152169,new_ttm,DOL OFLC LCA disclosure data; https://www.dol.gov/agencies/eta/foreign-labor/performance
2018Q3,cognizant,7.8115298780191615,new_ttm,DOL OFLC LCA disclosure data; https://www.dol.gov/agencies/eta/foreign-labor/performance
2018Q3,hcltech,4.9362215884204375,new_ttm,DOL OFLC LCA disclosure data; https://www.dol.gov/agencies/eta/foreign-labor/performance
2018Q3,hexaware,137.00108154849767,new_ttm,DOL OFLC LCA disclosure data; https://www.dol.gov/agencies/eta/foreign-labor/performance
2018Q3,infosys,-109.12267307247218,new_ttm,DOL OFLC LCA disclosure data; https://www.dol.gov/agencies/eta/foreign-labor/performance
2018Q3,ltim,-44.85663169942717,new_ttm,DOL OFLC LCA disclosure data; https://www.dol.gov/agencies/eta/foreign-labor/performance
2018Q3,mphasis,-32.85739945969728,new_ttm,DOL OFLC LCA disclosure data; https://www.dol.gov/agencies/eta/foreign-labor/performance
2018Q3,persistent,9.47453675893661,new_ttm,DOL OFLC LCA disclosure data; https://www.dol.gov/agencies/eta/foreign-labor/performance
2018Q3,tcs,41.48005470494891,new_ttm,DOL OFLC LCA disclosure data; https://www.dol.gov/agencies/eta/foreign-labor/performance
2018Q3,techm,-38.01121266306154,new_ttm,DOL OFLC LCA disclosure data; https://www.dol.gov/agencies/eta/foreign-labor/performance
2018Q3,wipro,-16.2738444370789,new_ttm,DOL OFLC LCA disclosure data; https://www.dol.gov/agencies/eta/foreign-labor/performance
2018Q3,pooled8,-1.5337825824381328,new_ttm,DOL OFLC LCA disclosure data; https://www.dol.gov/agencies/eta/foreign-labor/performance
2018Q4,accenture,16.50634601327698,new_ttm,DOL OFLC LCA disclosure data; https://www.dol.gov/agencies/eta/foreign-labor/performance
2018Q4,capgemini,-42.49875334442893,new_ttm,DOL OFLC LCA disclosure data; https://www.dol.gov/agencies/eta/foreign-labor/performance
2018Q4,coforge,61.727114558125486,new_ttm,DOL OFLC LCA disclosure data; https://www.dol.gov/agencies/eta/foreign-labor/performance
2018Q4,cognizant,26.631925400974616,new_ttm,DOL OFLC LCA disclosure data; https://www.dol.gov/agencies/eta/foreign-labor/performance
2018Q4,hcltech,-25.122547316982036,new_ttm,DOL OFLC LCA disclosure data; https://www.dol.gov/agencies/eta/foreign-labor/performance
2018Q4,hexaware,146.6337068793427,new_ttm,DOL OFLC LCA disclosure data; https://www.dol.gov/agencies/eta/foreign-labor/performance
2018Q4,infosys,-100.23217419216641,new_ttm,DOL OFLC LCA disclosure data; https://www.dol.gov/agencies/eta/foreign-labor/performance
2018Q4,ltim,-63.29099947522312,new_ttm,DOL OFLC LCA disclosure data; https://www.dol.gov/agencies/eta/foreign-labor/performance
2018Q4,mphasis,-34.33520509425264,new_ttm,DOL OFLC LCA disclosure data; https://www.dol.gov/agencies/eta/foreign-labor/performance
2018Q4,persistent,8.751937801655666,new_ttm,DOL OFLC LCA disclosure data; https://www.dol.gov/agencies/eta/foreign-labor/performance
2018Q4,tcs,40.909158533733766,new_ttm,DOL OFLC LCA disclosure data; https://www.dol.gov/agencies/eta/foreign-labor/performance
2018Q4,techm,-37.65938864695575,new_ttm,DOL OFLC LCA disclosure data; https://www.dol.gov/agencies/eta/foreign-labor/performance
2018Q4,wipro,-10.32142631092853,new_ttm,DOL OFLC LCA disclosure data; https://www.dol.gov/agencies/eta/foreign-labor/performance
2018Q4,pooled8,-6.754952266770007,new_ttm,DOL OFLC LCA disclosure data; https://www.dol.gov/agencies/eta/foreign-labor/performance
2019Q1,accenture,23.44445743600191,new_ttm,DOL OFLC LCA disclosure data; https://www.dol.gov/agencies/eta/foreign-labor/performance
2019Q1,capgemini,-2.1269139888320776,new_ttm,DOL OFLC LCA disclosure data; https://www.dol.gov/agencies/eta/foreign-labor/performance
2019Q1,coforge,37.815417371409374,new_ttm,DOL OFLC LCA disclosure data; https://www.dol.gov/agencies/eta/foreign-labor/performance
2019Q1,cognizant,-91.66432652215849,new_ttm,DOL OFLC LCA disclosure data; https://www.dol.gov/agencies/eta/foreign-labor/performance
2019Q1,hcltech,-62.89712854266322,new_ttm,DOL OFLC LCA disclosure data; https://www.dol.gov/agencies/eta/foreign-labor/performance
2019Q1,hexaware,-86.48060316098598,new_ttm,DOL OFLC LCA disclosure data; https://www.dol.gov/agencies/eta/foreign-labor/performance
2019Q1,infosys,205.13380478875862,new_ttm,DOL OFLC LCA disclosure data; https://www.dol.gov/agencies/eta/foreign-labor/performance
2019Q1,ltim,-73.47734056797565,new_ttm,DOL OFLC LCA disclosure data; https://www.dol.gov/agencies/eta/foreign-labor/performance
2019Q1,mphasis,-43.85888096027487,new_ttm,DOL OFLC LCA disclosure data; https://www.dol.gov/agencies/eta/foreign-labor/performance
2019Q1,persistent,-0.5602255548669898,new_ttm,DOL OFLC LCA disclosure data; https://www.dol.gov/agencies/eta/foreign-labor/performance
2019Q1,tcs,-28.26442784218238,new_ttm,DOL OFLC LCA disclosure data; https://www.dol.gov/agencies/eta/foreign-labor/performance
2019Q1,techm,-59.135590929542225,new_ttm,DOL OFLC LCA disclosure data; https://www.dol.gov/agencies/eta/foreign-labor/performance
2019Q1,wipro,111.85404843857903,new_ttm,DOL OFLC LCA disclosure data; https://www.dol.gov/agencies/eta/foreign-labor/performance
2019Q1,pooled8,-21.661435330395097,new_ttm,DOL OFLC LCA disclosure data; https://www.dol.gov/agencies/eta/foreign-labor/performance
2019Q2,accenture,21.471115178961213,new_ttm,DOL OFLC LCA disclosure data; https://www.dol.gov/agencies/eta/foreign-labor/performance
2019Q2,capgemini,2.7408303460104784,new_ttm,DOL OFLC LCA disclosure data; https://www.dol.gov/agencies/eta/foreign-labor/performance
2019Q2,coforge,40.082472855166216,new_ttm,DOL OFLC LCA disclosure data; https://www.dol.gov/agencies/eta/foreign-labor/performance
2019Q2,cognizant,-92.48101572798798,new_ttm,DOL OFLC LCA disclosure data; https://www.dol.gov/agencies/eta/foreign-labor/performance
2019Q2,hcltech,-83.51939070960228,new_ttm,DOL OFLC LCA disclosure data; https://www.dol.gov/agencies/eta/foreign-labor/performance
2019Q2,hexaware,-90.40735479355632,new_ttm,DOL OFLC LCA disclosure data; https://www.dol.gov/agencies/eta/foreign-labor/performance
2019Q2,infosys,203.62566849592872,new_ttm,DOL OFLC LCA disclosure data; https://www.dol.gov/agencies/eta/foreign-labor/performance
2019Q2,ltim,-56.29325405614165,new_ttm,DOL OFLC LCA disclosure data; https://www.dol.gov/agencies/eta/foreign-labor/performance
2019Q2,mphasis,-77.74382570018805,new_ttm,DOL OFLC LCA disclosure data; https://www.dol.gov/agencies/eta/foreign-labor/performance
2019Q2,persistent,5.683347476316601,new_ttm,DOL OFLC LCA disclosure data; https://www.dol.gov/agencies/eta/foreign-labor/performance
2019Q2,tcs,-28.658163639880147,new_ttm,DOL OFLC LCA disclosure data; https://www.dol.gov/agencies/eta/foreign-labor/performance
2019Q2,techm,-58.56596116242162,new_ttm,DOL OFLC LCA disclosure data; https://www.dol.gov/agencies/eta/foreign-labor/performance
2019Q2,wipro,91.0076550662432,new_ttm,DOL OFLC LCA disclosure data; https://www.dol.gov/agencies/eta/foreign-labor/performance
2019Q2,pooled8,-23.533683339876216,new_ttm,DOL OFLC LCA disclosure data; https://www.dol.gov/agencies/eta/foreign-labor/performance
2019Q3,accenture,22.54892587960976,new_ttm,DOL OFLC LCA disclosure data; https://www.dol.gov/agencies/eta/foreign-labor/performance
2019Q3,capgemini,-8.49456026543273,new_ttm,DOL OFLC LCA disclosure data; https://www.dol.gov/agencies/eta/foreign-labor/performance
2019Q3,coforge,36.84695204315693,new_ttm,DOL OFLC LCA disclosure data; https://www.dol.gov/agencies/eta/foreign-labor/performance
2019Q3,cognizant,-93.49628963866151,new_ttm,DOL OFLC LCA disclosure data; https://www.dol.gov/agencies/eta/foreign-labor/performance
2019Q3,hcltech,-154.52820263720758,new_ttm,DOL OFLC LCA disclosure data; https://www.dol.gov/agencies/eta/foreign-labor/performance
2019Q3,hexaware,-87.33296991051506,new_ttm,DOL OFLC LCA disclosure data; https://www.dol.gov/agencies/eta/foreign-labor/performance
2019Q3,infosys,200.02263061263318,new_ttm,DOL OFLC LCA disclosure data; https://www.dol.gov/agencies/eta/foreign-labor/performance
2019Q3,ltim,-43.314853685658115,new_ttm,DOL OFLC LCA disclosure data; https://www.dol.gov/agencies/eta/foreign-labor/performance
2019Q3,mphasis,-140.80069030505157,new_ttm,DOL OFLC LCA disclosure data; https://www.dol.gov/agencies/eta/foreign-labor/performance
2019Q3,persistent,11.211729812070601,new_ttm,DOL OFLC LCA disclosure data; https://www.dol.gov/agencies/eta/foreign-labor/performance
2019Q3,tcs,-33.376231913445096,new_ttm,DOL OFLC LCA disclosure data; https://www.dol.gov/agencies/eta/foreign-labor/performance
2019Q3,techm,-54.87440302819411,new_ttm,DOL OFLC LCA disclosure data; https://www.dol.gov/agencies/eta/foreign-labor/performance
2019Q3,wipro,73.00008286127397,new_ttm,DOL OFLC LCA disclosure data; https://www.dol.gov/agencies/eta/foreign-labor/performance
2019Q3,pooled8,-32.331646107403614,new_ttm,DOL OFLC LCA disclosure data; https://www.dol.gov/agencies/eta/foreign-labor/performance
2019Q4,accenture,23.82762486630811,new_ttm,DOL OFLC LCA disclosure data; https://www.dol.gov/agencies/eta/foreign-labor/performance
2019Q4,capgemini,-7.47063953959682,new_ttm,DOL OFLC LCA disclosure data; https://www.dol.gov/agencies/eta/foreign-labor/performance
2019Q4,coforge,28.768207245178086,new_ttm,DOL OFLC LCA disclosure data; https://www.dol.gov/agencies/eta/foreign-labor/performance
2019Q4,cognizant,-74.01909713677476,new_ttm,DOL OFLC LCA disclosure data; https://www.dol.gov/agencies/eta/foreign-labor/performance
2019Q4,hcltech,-203.91360419730827,new_ttm,DOL OFLC LCA disclosure data; https://www.dol.gov/agencies/eta/foreign-labor/performance
2019Q4,hexaware,-82.22115606803688,new_ttm,DOL OFLC LCA disclosure data; https://www.dol.gov/agencies/eta/foreign-labor/performance
2019Q4,infosys,192.8594664226963,new_ttm,DOL OFLC LCA disclosure data; https://www.dol.gov/agencies/eta/foreign-labor/performance
2019Q4,ltim,-24.463050151201855,new_ttm,DOL OFLC LCA disclosure data; https://www.dol.gov/agencies/eta/foreign-labor/performance
2019Q4,mphasis,-181.31200104731428,new_ttm,DOL OFLC LCA disclosure data; https://www.dol.gov/agencies/eta/foreign-labor/performance
2019Q4,persistent,10.59190188837375,new_ttm,DOL OFLC LCA disclosure data; https://www.dol.gov/agencies/eta/foreign-labor/performance
2019Q4,tcs,-32.857262821439264,new_ttm,DOL OFLC LCA disclosure data; https://www.dol.gov/agencies/eta/foreign-labor/performance
2019Q4,techm,-52.47646399816131,new_ttm,DOL OFLC LCA disclosure data; https://www.dol.gov/agencies/eta/foreign-labor/performance
2019Q4,wipro,71.08198907446068,new_ttm,DOL OFLC LCA disclosure data; https://www.dol.gov/agencies/eta/foreign-labor/performance
2019Q4,pooled8,-27.90200625142335,new_ttm,DOL OFLC LCA disclosure data; https://www.dol.gov/agencies/eta/foreign-labor/performance
2020Q1,accenture,-156.05370410298377,new_ttm,DOL OFLC LCA disclosure data; https://www.dol.gov/agencies/eta/foreign-labor/performance
2020Q1,capgemini,-129.6462549794273,new_ttm,DOL OFLC LCA disclosure data; https://www.dol.gov/agencies/eta/foreign-labor/performance
2020Q1,coforge,-19.874228700628212,new_ttm,DOL OFLC LCA disclosure data; https://www.dol.gov/agencies/eta/foreign-labor/performance
2020Q1,cognizant,-56.36149590836057,new_ttm,DOL OFLC LCA disclosure data; https://www.dol.gov/agencies/eta/foreign-labor/performance
2020Q1,hcltech,-272.78748842216794,new_ttm,DOL OFLC LCA disclosure data; https://www.dol.gov/agencies/eta/foreign-labor/performance
2020Q1,hexaware,-42.10403198936356,new_ttm,DOL OFLC LCA disclosure data; https://www.dol.gov/agencies/eta/foreign-labor/performance
2020Q1,infosys,-276.11324618806884,new_ttm,DOL OFLC LCA disclosure data; https://www.dol.gov/agencies/eta/foreign-labor/performance
2020Q1,ltim,-89.65625204136995,new_ttm,DOL OFLC LCA disclosure data; https://www.dol.gov/agencies/eta/foreign-labor/performance
2020Q1,mphasis,-302.7280631288917,new_ttm,DOL OFLC LCA disclosure data; https://www.dol.gov/agencies/eta/foreign-labor/performance
2020Q1,persistent,-108.74389880699844,new_ttm,DOL OFLC LCA disclosure data; https://www.dol.gov/agencies/eta/foreign-labor/performance
2020Q1,tcs,-209.6488717921024,new_ttm,DOL OFLC LCA disclosure data; https://www.dol.gov/agencies/eta/foreign-labor/performance
2020Q1,techm,-106.04451118899651,new_ttm,DOL OFLC LCA disclosure data; https://www.dol.gov/agencies/eta/foreign-labor/performance
2020Q1,wipro,-174.53209897341017,new_ttm,DOL OFLC LCA disclosure data; https://www.dol.gov/agencies/eta/foreign-labor/performance
2020Q1,pooled8,-160.21335267489184,new_ttm,DOL OFLC LCA disclosure data; https://www.dol.gov/agencies/eta/foreign-labor/performance
2020Q2,accenture,-76.24700306012852,new_ttm,DOL OFLC LCA disclosure data; https://www.dol.gov/agencies/eta/foreign-labor/performance
2020Q2,capgemini,-84.18829366138188,new_ttm,DOL OFLC LCA disclosure data; https://www.dol.gov/agencies/eta/foreign-labor/performance
2020Q2,coforge,12.734953354894143,new_ttm,DOL OFLC LCA disclosure data; https://www.dol.gov/agencies/eta/foreign-labor/performance
2020Q2,cognizant,-31.849238767436916,new_ttm,DOL OFLC LCA disclosure data; https://www.dol.gov/agencies/eta/foreign-labor/performance
2020Q2,hcltech,-175.6105782963993,new_ttm,DOL OFLC LCA disclosure data; https://www.dol.gov/agencies/eta/foreign-labor/performance
2020Q2,hexaware,-2.1661496781179417,new_ttm,DOL OFLC LCA disclosure data; https://www.dol.gov/agencies/eta/foreign-labor/performance
2020Q2,infosys,-33.43879497346578,new_ttm,DOL OFLC LCA disclosure data; https://www.dol.gov/agencies/eta/foreign-labor/performance
2020Q2,ltim,-65.19951579843102,new_ttm,DOL OFLC LCA disclosure data; https://www.dol.gov/agencies/eta/foreign-labor/performance
2020Q2,mphasis,-222.21635256834716,new_ttm,DOL OFLC LCA disclosure data; https://www.dol.gov/agencies/eta/foreign-labor/performance
2020Q2,persistent,-18.121719445090147,new_ttm,DOL OFLC LCA disclosure data; https://www.dol.gov/agencies/eta/foreign-labor/performance
2020Q2,tcs,-74.06184179415185,new_ttm,DOL OFLC LCA disclosure data; https://www.dol.gov/agencies/eta/foreign-labor/performance
2020Q2,techm,-56.13663865035202,new_ttm,DOL OFLC LCA disclosure data; https://www.dol.gov/agencies/eta/foreign-labor/performance
2020Q2,wipro,-110.73673074329302,new_ttm,DOL OFLC LCA disclosure data; https://www.dol.gov/agencies/eta/foreign-labor/performance
2020Q2,pooled8,-69.09098021644607,new_ttm,DOL OFLC LCA disclosure data; https://www.dol.gov/agencies/eta/foreign-labor/performance
2020Q3,accenture,-77.05338441753655,new_ttm,DOL OFLC LCA disclosure data; https://www.dol.gov/agencies/eta/foreign-labor/performance
2020Q3,capgemini,-85.8896051051418,new_ttm,DOL OFLC LCA disclosure data; https://www.dol.gov/agencies/eta/foreign-labor/performance
2020Q3,coforge,-17.730901497041028,new_ttm,DOL OFLC LCA disclosure data; https://www.dol.gov/agencies/eta/foreign-labor/performance
2020Q3,cognizant,-40.788294504189516,new_ttm,DOL OFLC LCA disclosure data; https://www.dol.gov/agencies/eta/foreign-labor/performance
2020Q3,hcltech,-107.13322336745428,new_ttm,DOL OFLC LCA disclosure data; https://www.dol.gov/agencies/eta/foreign-labor/performance
2020Q3,hexaware,-8.561375272299184,new_ttm,DOL OFLC LCA disclosure data; https://www.dol.gov/agencies/eta/foreign-labor/performance
2020Q3,infosys,-21.42783933130536,new_ttm,DOL OFLC LCA disclosure data; https://www.dol.gov/agencies/eta/foreign-labor/performance
2020Q3,ltim,-85.34571407477384,new_ttm,DOL OFLC LCA disclosure data; https://www.dol.gov/agencies/eta/foreign-labor/performance
2020Q3,mphasis,-163.47688093379656,new_ttm,DOL OFLC LCA disclosure data; https://www.dol.gov/agencies/eta/foreign-labor/performance
2020Q3,persistent,-32.5422400434628,new_ttm,DOL OFLC LCA disclosure data; https://www.dol.gov/agencies/eta/foreign-labor/performance
2020Q3,tcs,-68.74230664760567,new_ttm,DOL OFLC LCA disclosure data; https://www.dol.gov/agencies/eta/foreign-labor/performance
2020Q3,techm,-78.1535689283278,new_ttm,DOL OFLC LCA disclosure data; https://www.dol.gov/agencies/eta/foreign-labor/performance
2020Q3,wipro,-83.45079458646124,new_ttm,DOL OFLC LCA disclosure data; https://www.dol.gov/agencies/eta/foreign-labor/performance
2020Q3,pooled8,-56.18555548994959,new_ttm,DOL OFLC LCA disclosure data; https://www.dol.gov/agencies/eta/foreign-labor/performance
2020Q4,accenture,-82.65713019848943,new_ttm,DOL OFLC LCA disclosure data; https://www.dol.gov/agencies/eta/foreign-labor/performance
2020Q4,capgemini,-98.55829493272184,new_ttm,DOL OFLC LCA disclosure data; https://www.dol.gov/agencies/eta/foreign-labor/performance
2020Q4,coforge,-23.824861459660713,new_ttm,DOL OFLC LCA disclosure data; https://www.dol.gov/agencies/eta/foreign-labor/performance
2020Q4,cognizant,-84.3647060023271,new_ttm,DOL OFLC LCA disclosure data; https://www.dol.gov/agencies/eta/foreign-labor/performance
2020Q4,hcltech,-34.83066942682157,new_ttm,DOL OFLC LCA disclosure data; https://www.dol.gov/agencies/eta/foreign-labor/performance
2020Q4,hexaware,-19.635802031420468,new_ttm,DOL OFLC LCA disclosure data; https://www.dol.gov/agencies/eta/foreign-labor/performance
2020Q4,infosys,-21.781668483286847,new_ttm,DOL OFLC LCA disclosure data; https://www.dol.gov/agencies/eta/foreign-labor/performance
2020Q4,ltim,-95.25745853541267,new_ttm,DOL OFLC LCA disclosure data; https://www.dol.gov/agencies/eta/foreign-labor/performance
2020Q4,mphasis,-95.12551132292495,new_ttm,DOL OFLC LCA disclosure data; https://www.dol.gov/agencies/eta/foreign-labor/performance
2020Q4,persistent,-29.609255096037735,new_ttm,DOL OFLC LCA disclosure data; https://www.dol.gov/agencies/eta/foreign-labor/performance
2020Q4,tcs,-68.25758971184395,new_ttm,DOL OFLC LCA disclosure data; https://www.dol.gov/agencies/eta/foreign-labor/performance
2020Q4,techm,-70.19038039387799,new_ttm,DOL OFLC LCA disclosure data; https://www.dol.gov/agencies/eta/foreign-labor/performance
2020Q4,wipro,-78.45745268131498,new_ttm,DOL OFLC LCA disclosure data; https://www.dol.gov/agencies/eta/foreign-labor/performance
2020Q4,pooled8,-58.64031466900297,new_ttm,DOL OFLC LCA disclosure data; https://www.dol.gov/agencies/eta/foreign-labor/performance
2021Q1,accenture,68.4499813518763,new_ttm,DOL OFLC LCA disclosure data; https://www.dol.gov/agencies/eta/foreign-labor/performance
2021Q1,capgemini,-5.301594769899673,new_ttm,DOL OFLC LCA disclosure data; https://www.dol.gov/agencies/eta/foreign-labor/performance
2021Q1,coforge,3.0008774929366964,new_ttm,DOL OFLC LCA disclosure data; https://www.dol.gov/agencies/eta/foreign-labor/performance
2021Q1,cognizant,-59.379331096524865,new_ttm,DOL OFLC LCA disclosure data; https://www.dol.gov/agencies/eta/foreign-labor/performance
2021Q1,hcltech,69.25845926407467,new_ttm,DOL OFLC LCA disclosure data; https://www.dol.gov/agencies/eta/foreign-labor/performance
2021Q1,hexaware,17.72301317708668,new_ttm,DOL OFLC LCA disclosure data; https://www.dol.gov/agencies/eta/foreign-labor/performance
2021Q1,infosys,264.27333328998554,new_ttm,DOL OFLC LCA disclosure data; https://www.dol.gov/agencies/eta/foreign-labor/performance
2021Q1,ltim,-10.58774451084688,new_ttm,DOL OFLC LCA disclosure data; https://www.dol.gov/agencies/eta/foreign-labor/performance
2021Q1,mphasis,99.19847471835118,new_ttm,DOL OFLC LCA disclosure data; https://www.dol.gov/agencies/eta/foreign-labor/performance
2021Q1,persistent,92.29352745928236,new_ttm,DOL OFLC LCA disclosure data; https://www.dol.gov/agencies/eta/foreign-labor/performance
2021Q1,tcs,180.39218853365927,new_ttm,DOL OFLC LCA disclosure data; https://www.dol.gov/agencies/eta/foreign-labor/performance
2021Q1,techm,41.60423508915895,new_ttm,DOL OFLC LCA disclosure data; https://www.dol.gov/agencies/eta/foreign-labor/performance
2021Q1,wipro,109.13561942003369,new_ttm,DOL OFLC LCA disclosure data; https://www.dol.gov/agencies/eta/foreign-labor/performance
2021Q1,pooled8,90.7074076769231,new_ttm,DOL OFLC LCA disclosure data; https://www.dol.gov/agencies/eta/foreign-labor/performance
2021Q2,accenture,-55.180806386688715,new_ttm,DOL OFLC LCA disclosure data; https://www.dol.gov/agencies/eta/foreign-labor/performance
2021Q2,capgemini,-76.00267093994901,new_ttm,DOL OFLC LCA disclosure data; https://www.dol.gov/agencies/eta/foreign-labor/performance
2021Q2,coforge,-166.5007763588911,new_ttm,DOL OFLC LCA disclosure data; https://www.dol.gov/agencies/eta/foreign-labor/performance
2021Q2,cognizant,-126.15899050784154,new_ttm,DOL OFLC LCA disclosure data; https://www.dol.gov/agencies/eta/foreign-labor/performance
2021Q2,hcltech,-10.313290548553393,new_ttm,DOL OFLC LCA disclosure data; https://www.dol.gov/agencies/eta/foreign-labor/performance
2021Q2,hexaware,-53.48341638179996,new_ttm,DOL OFLC LCA disclosure data; https://www.dol.gov/agencies/eta/foreign-labor/performance
2021Q2,infosys,102.9709288664997,new_ttm,DOL OFLC LCA disclosure data; https://www.dol.gov/agencies/eta/foreign-labor/performance
2021Q2,ltim,-59.254960960667155,new_ttm,DOL OFLC LCA disclosure data; https://www.dol.gov/agencies/eta/foreign-labor/performance
2021Q2,mphasis,58.302191497047986,new_ttm,DOL OFLC LCA disclosure data; https://www.dol.gov/agencies/eta/foreign-labor/performance
2021Q2,persistent,-32.59319545857806,new_ttm,DOL OFLC LCA disclosure data; https://www.dol.gov/agencies/eta/foreign-labor/performance
2021Q2,tcs,38.20885599663582,new_ttm,DOL OFLC LCA disclosure data; https://www.dol.gov/agencies/eta/foreign-labor/performance
2021Q2,techm,-38.16304108363168,new_ttm,DOL OFLC LCA disclosure data; https://www.dol.gov/agencies/eta/foreign-labor/performance
2021Q2,wipro,84.28620947530693,new_ttm,DOL OFLC LCA disclosure data; https://www.dol.gov/agencies/eta/foreign-labor/performance
2021Q2,pooled8,43.471023364086875,new_ttm,DOL OFLC LCA disclosure data; https://www.dol.gov/agencies/eta/foreign-labor/performance
2021Q3,accenture,-44.65265949059384,new_ttm,DOL OFLC LCA disclosure data; https://www.dol.gov/agencies/eta/foreign-labor/performance
2021Q3,capgemini,-43.39802784161857,new_ttm,DOL OFLC LCA disclosure data; https://www.dol.gov/agencies/eta/foreign-labor/performance
2021Q3,coforge,-148.7220279709851,new_ttm,DOL OFLC LCA disclosure data; https://www.dol.gov/agencies/eta/foreign-labor/performance
2021Q3,cognizant,-96.26981602538063,new_ttm,DOL OFLC LCA disclosure data; https://www.dol.gov/agencies/eta/foreign-labor/performance
2021Q3,hcltech,87.16387824616011,new_ttm,DOL OFLC LCA disclosure data; https://www.dol.gov/agencies/eta/foreign-labor/performance
2021Q3,hexaware,-61.26748273373721,new_ttm,DOL OFLC LCA disclosure data; https://www.dol.gov/agencies/eta/foreign-labor/performance
2021Q3,infosys,105.05388626771708,new_ttm,DOL OFLC LCA disclosure data; https://www.dol.gov/agencies/eta/foreign-labor/performance
2021Q3,ltim,-14.6092618497496,new_ttm,DOL OFLC LCA disclosure data; https://www.dol.gov/agencies/eta/foreign-labor/performance
2021Q3,mphasis,81.61521601974805,new_ttm,DOL OFLC LCA disclosure data; https://www.dol.gov/agencies/eta/foreign-labor/performance
2021Q3,persistent,-21.791250189665725,new_ttm,DOL OFLC LCA disclosure data; https://www.dol.gov/agencies/eta/foreign-labor/performance
2021Q3,tcs,51.479035655535846,new_ttm,DOL OFLC LCA disclosure data; https://www.dol.gov/agencies/eta/foreign-labor/performance
2021Q3,techm,-6.8437161553228485,new_ttm,DOL OFLC LCA disclosure data; https://www.dol.gov/agencies/eta/foreign-labor/performance
2021Q3,wipro,69.21718086220969,new_ttm,DOL OFLC LCA disclosure data; https://www.dol.gov/agencies/eta/foreign-labor/performance
2021Q3,pooled8,59.147682543570845,new_ttm,DOL OFLC LCA disclosure data; https://www.dol.gov/agencies/eta/foreign-labor/performance
2021Q4,accenture,-25.098757748538304,new_ttm,DOL OFLC LCA disclosure data; https://www.dol.gov/agencies/eta/foreign-labor/performance
2021Q4,capgemini,-1.6851372957593969,new_ttm,DOL OFLC LCA disclosure data; https://www.dol.gov/agencies/eta/foreign-labor/performance
2021Q4,coforge,-142.6759148992304,new_ttm,DOL OFLC LCA disclosure data; https://www.dol.gov/agencies/eta/foreign-labor/performance
2021Q4,cognizant,-51.54387911793445,new_ttm,DOL OFLC LCA disclosure data; https://www.dol.gov/agencies/eta/foreign-labor/performance
2021Q4,hcltech,72.3192358991333,new_ttm,DOL OFLC LCA disclosure data; https://www.dol.gov/agencies/eta/foreign-labor/performance
2021Q4,hexaware,-49.516972669343765,new_ttm,DOL OFLC LCA disclosure data; https://www.dol.gov/agencies/eta/foreign-labor/performance
2021Q4,infosys,115.19974067769634,new_ttm,DOL OFLC LCA disclosure data; https://www.dol.gov/agencies/eta/foreign-labor/performance
2021Q4,ltim,9.237332013101508,new_ttm,DOL OFLC LCA disclosure data; https://www.dol.gov/agencies/eta/foreign-labor/performance
2021Q4,mphasis,61.66768165681072,new_ttm,DOL OFLC LCA disclosure data; https://www.dol.gov/agencies/eta/foreign-labor/performance
2021Q4,persistent,-27.871340246902047,new_ttm,DOL OFLC LCA disclosure data; https://www.dol.gov/agencies/eta/foreign-labor/performance
2021Q4,tcs,55.072453294391025,new_ttm,DOL OFLC LCA disclosure data; https://www.dol.gov/agencies/eta/foreign-labor/performance
2021Q4,techm,-33.78804396351232,new_ttm,DOL OFLC LCA disclosure data; https://www.dol.gov/agencies/eta/foreign-labor/performance
2021Q4,wipro,73.11578789955654,new_ttm,DOL OFLC LCA disclosure data; https://www.dol.gov/agencies/eta/foreign-labor/performance
2021Q4,pooled8,71.40730913194608,new_ttm,DOL OFLC LCA disclosure data; https://www.dol.gov/agencies/eta/foreign-labor/performance
2022Q1,accenture,-11.075136429270275,new_ttm,DOL OFLC LCA disclosure data; https://www.dol.gov/agencies/eta/foreign-labor/performance
2022Q1,capgemini,25.587482784170078,new_ttm,DOL OFLC LCA disclosure data; https://www.dol.gov/agencies/eta/foreign-labor/performance
2022Q1,coforge,-124.95547527182728,new_ttm,DOL OFLC LCA disclosure data; https://www.dol.gov/agencies/eta/foreign-labor/performance
2022Q1,cognizant,-7.336514578517317,new_ttm,DOL OFLC LCA disclosure data; https://www.dol.gov/agencies/eta/foreign-labor/performance
2022Q1,hcltech,80.45949276599477,new_ttm,DOL OFLC LCA disclosure data; https://www.dol.gov/agencies/eta/foreign-labor/performance
2022Q1,hexaware,-29.466696697373184,new_ttm,DOL OFLC LCA disclosure data; https://www.dol.gov/agencies/eta/foreign-labor/performance
2022Q1,infosys,110.2189805260544,new_ttm,DOL OFLC LCA disclosure data; https://www.dol.gov/agencies/eta/foreign-labor/performance
2022Q1,ltim,25.26923134455136,new_ttm,DOL OFLC LCA disclosure data; https://www.dol.gov/agencies/eta/foreign-labor/performance
2022Q1,mphasis,32.691802381640116,new_ttm,DOL OFLC LCA disclosure data; https://www.dol.gov/agencies/eta/foreign-labor/performance
2022Q1,persistent,-35.384074270285716,new_ttm,DOL OFLC LCA disclosure data; https://www.dol.gov/agencies/eta/foreign-labor/performance
2022Q1,tcs,-2.982050442442521,new_ttm,DOL OFLC LCA disclosure data; https://www.dol.gov/agencies/eta/foreign-labor/performance
2022Q1,techm,-24.091256619228325,new_ttm,DOL OFLC LCA disclosure data; https://www.dol.gov/agencies/eta/foreign-labor/performance
2022Q1,wipro,35.39498851605238,new_ttm,DOL OFLC LCA disclosure data; https://www.dol.gov/agencies/eta/foreign-labor/performance
2022Q1,pooled8,61.72276137078727,new_ttm,DOL OFLC LCA disclosure data; https://www.dol.gov/agencies/eta/foreign-labor/performance
2022Q2,accenture,52.73079519989879,new_ttm,DOL OFLC LCA disclosure data; https://www.dol.gov/agencies/eta/foreign-labor/performance
2022Q2,capgemini,86.04255990327597,new_ttm,DOL OFLC LCA disclosure data; https://www.dol.gov/agencies/eta/foreign-labor/performance
2022Q2,coforge,-38.617190517348554,new_ttm,DOL OFLC LCA disclosure data; https://www.dol.gov/agencies/eta/foreign-labor/performance
2022Q2,cognizant,79.1728009232393,new_ttm,DOL OFLC LCA disclosure data; https://www.dol.gov/agencies/eta/foreign-labor/performance
2022Q2,hcltech,99.28638754103847,new_ttm,DOL OFLC LCA disclosure data; https://www.dol.gov/agencies/eta/foreign-labor/performance
2022Q2,hexaware,-1.5698909543103754,new_ttm,DOL OFLC LCA disclosure data; https://www.dol.gov/agencies/eta/foreign-labor/performance
2022Q2,infosys,68.35717887695334,new_ttm,DOL OFLC LCA disclosure data; https://www.dol.gov/agencies/eta/foreign-labor/performance
2022Q2,ltim,75.86617876705719,new_ttm,DOL OFLC LCA disclosure data; https://www.dol.gov/agencies/eta/foreign-labor/performance
2022Q2,mphasis,27.150718530016523,new_ttm,DOL OFLC LCA disclosure data; https://www.dol.gov/agencies/eta/foreign-labor/performance
2022Q2,persistent,46.19437122686353,new_ttm,DOL OFLC LCA disclosure data; https://www.dol.gov/agencies/eta/foreign-labor/performance
2022Q2,tcs,1.2195273093818206,new_ttm,DOL OFLC LCA disclosure data; https://www.dol.gov/agencies/eta/foreign-labor/performance
2022Q2,techm,9.911349870573842,new_ttm,DOL OFLC LCA disclosure data; https://www.dol.gov/agencies/eta/foreign-labor/performance
2022Q2,wipro,4.845684445928989,new_ttm,DOL OFLC LCA disclosure data; https://www.dol.gov/agencies/eta/foreign-labor/performance
2022Q2,pooled8,53.92751388371786,new_ttm,DOL OFLC LCA disclosure data; https://www.dol.gov/agencies/eta/foreign-labor/performance
2022Q3,accenture,27.173002045513318,new_ttm,DOL OFLC LCA disclosure data; https://www.dol.gov/agencies/eta/foreign-labor/performance
2022Q3,capgemini,63.79314579574985,new_ttm,DOL OFLC LCA disclosure data; https://www.dol.gov/agencies/eta/foreign-labor/performance
2022Q3,coforge,-37.06789920227489,new_ttm,DOL OFLC LCA disclosure data; https://www.dol.gov/agencies/eta/foreign-labor/performance
2022Q3,cognizant,69.73400588199813,new_ttm,DOL OFLC LCA disclosure data; https://www.dol.gov/agencies/eta/foreign-labor/performance
2022Q3,hcltech,-75.67822129765446,new_ttm,DOL OFLC LCA disclosure data; https://www.dol.gov/agencies/eta/foreign-labor/performance
2022Q3,hexaware,6.967992063798981,new_ttm,DOL OFLC LCA disclosure data; https://www.dol.gov/agencies/eta/foreign-labor/performance
2022Q3,infosys,43.527048597311,new_ttm,DOL OFLC LCA disclosure data; https://www.dol.gov/agencies/eta/foreign-labor/performance
2022Q3,ltim,45.30060528771645,new_ttm,DOL OFLC LCA disclosure data; https://www.dol.gov/agencies/eta/foreign-labor/performance
2022Q3,mphasis,-1.0471299867295365,new_ttm,DOL OFLC LCA disclosure data; https://www.dol.gov/agencies/eta/foreign-labor/performance
2022Q3,persistent,39.673142813940984,new_ttm,DOL OFLC LCA disclosure data; https://www.dol.gov/agencies/eta/foreign-labor/performance
2022Q3,tcs,-35.575923756319156,new_ttm,DOL OFLC LCA disclosure data; https://www.dol.gov/agencies/eta/foreign-labor/performance
2022Q3,techm,-15.884920060881246,new_ttm,DOL OFLC LCA disclosure data; https://www.dol.gov/agencies/eta/foreign-labor/performance
2022Q3,wipro,-19.984427712553142,new_ttm,DOL OFLC LCA disclosure data; https://www.dol.gov/agencies/eta/foreign-labor/performance
2022Q3,pooled8,22.656257861025907,new_ttm,DOL OFLC LCA disclosure data; https://www.dol.gov/agencies/eta/foreign-labor/performance
2022Q4,accenture,5.088880082635325,new_ttm,DOL OFLC LCA disclosure data; https://www.dol.gov/agencies/eta/foreign-labor/performance
2022Q4,capgemini,26.36298548709602,new_ttm,DOL OFLC LCA disclosure data; https://www.dol.gov/agencies/eta/foreign-labor/performance
2022Q4,coforge,-29.36522394382847,new_ttm,DOL OFLC LCA disclosure data; https://www.dol.gov/agencies/eta/foreign-labor/performance
2022Q4,cognizant,59.28677780423084,new_ttm,DOL OFLC LCA disclosure data; https://www.dol.gov/agencies/eta/foreign-labor/performance
2022Q4,hcltech,-73.96671961948381,new_ttm,DOL OFLC LCA disclosure data; https://www.dol.gov/agencies/eta/foreign-labor/performance
2022Q4,hexaware,-13.491931789937075,new_ttm,DOL OFLC LCA disclosure data; https://www.dol.gov/agencies/eta/foreign-labor/performance
2022Q4,infosys,28.18480517839817,new_ttm,DOL OFLC LCA disclosure data; https://www.dol.gov/agencies/eta/foreign-labor/performance
2022Q4,ltim,29.03523010076598,new_ttm,DOL OFLC LCA disclosure data; https://www.dol.gov/agencies/eta/foreign-labor/performance
2022Q4,mphasis,-22.148929121818327,new_ttm,DOL OFLC LCA disclosure data; https://www.dol.gov/agencies/eta/foreign-labor/performance
2022Q4,persistent,48.55078157817008,new_ttm,DOL OFLC LCA disclosure data; https://www.dol.gov/agencies/eta/foreign-labor/performance
2022Q4,tcs,-44.58390283220573,new_ttm,DOL OFLC LCA disclosure data; https://www.dol.gov/agencies/eta/foreign-labor/performance
2022Q4,techm,-4.928350409063678,new_ttm,DOL OFLC LCA disclosure data; https://www.dol.gov/agencies/eta/foreign-labor/performance
2022Q4,wipro,-34.34344052604035,new_ttm,DOL OFLC LCA disclosure data; https://www.dol.gov/agencies/eta/foreign-labor/performance
2022Q4,pooled8,9.864605439423395,new_ttm,DOL OFLC LCA disclosure data; https://www.dol.gov/agencies/eta/foreign-labor/performance
2023Q1,accenture,-7.405466582891385,new_ttm,DOL OFLC LCA disclosure data; https://www.dol.gov/agencies/eta/foreign-labor/performance
2023Q1,capgemini,-0.7522367394425845,new_ttm,DOL OFLC LCA disclosure data; https://www.dol.gov/agencies/eta/foreign-labor/performance
2023Q1,coforge,-33.19979562262919,new_ttm,DOL OFLC LCA disclosure data; https://www.dol.gov/agencies/eta/foreign-labor/performance
2023Q1,cognizant,45.24118359321648,new_ttm,DOL OFLC LCA disclosure data; https://www.dol.gov/agencies/eta/foreign-labor/performance
2023Q1,hcltech,-81.47760110770407,new_ttm,DOL OFLC LCA disclosure data; https://www.dol.gov/agencies/eta/foreign-labor/performance
2023Q1,hexaware,-21.075949211448815,new_ttm,DOL OFLC LCA disclosure data; https://www.dol.gov/agencies/eta/foreign-labor/performance
2023Q1,infosys,19.42110302580187,new_ttm,DOL OFLC LCA disclosure data; https://www.dol.gov/agencies/eta/foreign-labor/performance
2023Q1,ltim,12.87004653548571,new_ttm,DOL OFLC LCA disclosure data; https://www.dol.gov/agencies/eta/foreign-labor/performance
2023Q1,mphasis,-30.807916211999505,new_ttm,DOL OFLC LCA disclosure data; https://www.dol.gov/agencies/eta/foreign-labor/performance
2023Q1,persistent,66.4437074677514,new_ttm,DOL OFLC LCA disclosure data; https://www.dol.gov/agencies/eta/foreign-labor/performance
2023Q1,tcs,-36.50657158781433,new_ttm,DOL OFLC LCA disclosure data; https://www.dol.gov/agencies/eta/foreign-labor/performance
2023Q1,techm,-18.62875015699594,new_ttm,DOL OFLC LCA disclosure data; https://www.dol.gov/agencies/eta/foreign-labor/performance
2023Q1,wipro,-13.3031882518269,new_ttm,DOL OFLC LCA disclosure data; https://www.dol.gov/agencies/eta/foreign-labor/performance
2023Q1,pooled8,6.674282403521797,new_ttm,DOL OFLC LCA disclosure data; https://www.dol.gov/agencies/eta/foreign-labor/performance
2023Q2,accenture,-69.54045178615954,new_ttm,DOL OFLC LCA disclosure data; https://www.dol.gov/agencies/eta/foreign-labor/performance
2023Q2,capgemini,-79.66686332300087,new_ttm,DOL OFLC LCA disclosure data; https://www.dol.gov/agencies/eta/foreign-labor/performance
2023Q2,coforge,5.574198300823516,new_ttm,DOL OFLC LCA disclosure data; https://www.dol.gov/agencies/eta/foreign-labor/performance
2023Q2,cognizant,-23.741727352666338,new_ttm,DOL OFLC LCA disclosure data; https://www.dol.gov/agencies/eta/foreign-labor/performance
2023Q2,hcltech,-118.17514439752298,new_ttm,DOL OFLC LCA disclosure data; https://www.dol.gov/agencies/eta/foreign-labor/performance
2023Q2,hexaware,-56.835640774615705,new_ttm,DOL OFLC LCA disclosure data; https://www.dol.gov/agencies/eta/foreign-labor/performance
2023Q2,infosys,-171.37005845198647,new_ttm,DOL OFLC LCA disclosure data; https://www.dol.gov/agencies/eta/foreign-labor/performance
2023Q2,ltim,-37.69132061797235,new_ttm,DOL OFLC LCA disclosure data; https://www.dol.gov/agencies/eta/foreign-labor/performance
2023Q2,mphasis,-40.888391485694996,new_ttm,DOL OFLC LCA disclosure data; https://www.dol.gov/agencies/eta/foreign-labor/performance
2023Q2,persistent,5.619455834364207,new_ttm,DOL OFLC LCA disclosure data; https://www.dol.gov/agencies/eta/foreign-labor/performance
2023Q2,tcs,-105.55344672339504,new_ttm,DOL OFLC LCA disclosure data; https://www.dol.gov/agencies/eta/foreign-labor/performance
2023Q2,techm,-58.23783228928578,new_ttm,DOL OFLC LCA disclosure data; https://www.dol.gov/agencies/eta/foreign-labor/performance
2023Q2,wipro,-47.32545992086806,new_ttm,DOL OFLC LCA disclosure data; https://www.dol.gov/agencies/eta/foreign-labor/performance
2023Q2,pooled8,-120.6584806829076,new_ttm,DOL OFLC LCA disclosure data; https://www.dol.gov/agencies/eta/foreign-labor/performance
2023Q3,accenture,-34.53774814333208,new_ttm,DOL OFLC LCA disclosure data; https://www.dol.gov/agencies/eta/foreign-labor/performance
2023Q3,capgemini,-76.71431894375047,new_ttm,DOL OFLC LCA disclosure data; https://www.dol.gov/agencies/eta/foreign-labor/performance
2023Q3,coforge,35.28213746227424,new_ttm,DOL OFLC LCA disclosure data; https://www.dol.gov/agencies/eta/foreign-labor/performance
2023Q3,cognizant,-5.942791468113426,new_ttm,DOL OFLC LCA disclosure data; https://www.dol.gov/agencies/eta/foreign-labor/performance
2023Q3,hcltech,-22.464413136524243,new_ttm,DOL OFLC LCA disclosure data; https://www.dol.gov/agencies/eta/foreign-labor/performance
2023Q3,hexaware,-48.03129989045968,new_ttm,DOL OFLC LCA disclosure data; https://www.dol.gov/agencies/eta/foreign-labor/performance
2023Q3,infosys,-140.70270690482042,new_ttm,DOL OFLC LCA disclosure data; https://www.dol.gov/agencies/eta/foreign-labor/performance
2023Q3,ltim,-13.16778239751997,new_ttm,DOL OFLC LCA disclosure data; https://www.dol.gov/agencies/eta/foreign-labor/performance
2023Q3,mphasis,-54.45255422118328,new_ttm,DOL OFLC LCA disclosure data; https://www.dol.gov/agencies/eta/foreign-labor/performance
2023Q3,persistent,28.768207245178086,new_ttm,DOL OFLC LCA disclosure data; https://www.dol.gov/agencies/eta/foreign-labor/performance
2023Q3,tcs,-86.45836964095999,new_ttm,DOL OFLC LCA disclosure data; https://www.dol.gov/agencies/eta/foreign-labor/performance
2023Q3,techm,-19.633875420834165,new_ttm,DOL OFLC LCA disclosure data; https://www.dol.gov/agencies/eta/foreign-labor/performance
2023Q3,wipro,1.4786606834916585,new_ttm,DOL OFLC LCA disclosure data; https://www.dol.gov/agencies/eta/foreign-labor/performance
2023Q3,pooled8,-86.15187507351773,new_ttm,DOL OFLC LCA disclosure data; https://www.dol.gov/agencies/eta/foreign-labor/performance
2023Q4,accenture,-37.95971370259406,new_ttm,DOL OFLC LCA disclosure data; https://www.dol.gov/agencies/eta/foreign-labor/performance
2023Q4,capgemini,-61.50836451077899,new_ttm,DOL OFLC LCA disclosure data; https://www.dol.gov/agencies/eta/foreign-labor/performance
2023Q4,coforge,31.57281911374846,new_ttm,DOL OFLC LCA disclosure data; https://www.dol.gov/agencies/eta/foreign-labor/performance
2023Q4,cognizant,-8.659797081217846,new_ttm,DOL OFLC LCA disclosure data; https://www.dol.gov/agencies/eta/foreign-labor/performance
2023Q4,hcltech,-20.517201337549324,new_ttm,DOL OFLC LCA disclosure data; https://www.dol.gov/agencies/eta/foreign-labor/performance
2023Q4,hexaware,-20.025925748062193,new_ttm,DOL OFLC LCA disclosure data; https://www.dol.gov/agencies/eta/foreign-labor/performance
2023Q4,infosys,-135.82074271016654,new_ttm,DOL OFLC LCA disclosure data; https://www.dol.gov/agencies/eta/foreign-labor/performance
2023Q4,ltim,-11.803306691159271,new_ttm,DOL OFLC LCA disclosure data; https://www.dol.gov/agencies/eta/foreign-labor/performance
2023Q4,mphasis,-31.65615829664967,new_ttm,DOL OFLC LCA disclosure data; https://www.dol.gov/agencies/eta/foreign-labor/performance
2023Q4,persistent,28.905475626375303,new_ttm,DOL OFLC LCA disclosure data; https://www.dol.gov/agencies/eta/foreign-labor/performance
2023Q4,tcs,-85.91096933438808,new_ttm,DOL OFLC LCA disclosure data; https://www.dol.gov/agencies/eta/foreign-labor/performance
2023Q4,techm,-11.810692229889089,new_ttm,DOL OFLC LCA disclosure data; https://www.dol.gov/agencies/eta/foreign-labor/performance
2023Q4,wipro,7.168489228668756,new_ttm,DOL OFLC LCA disclosure data; https://www.dol.gov/agencies/eta/foreign-labor/performance
2023Q4,pooled8,-82.42424135346197,new_ttm,DOL OFLC LCA disclosure data; https://www.dol.gov/agencies/eta/foreign-labor/performance
2024Q1,accenture,-33.87135524642268,new_ttm,DOL OFLC LCA disclosure data; https://www.dol.gov/agencies/eta/foreign-labor/performance
2024Q1,capgemini,-49.32060832074532,new_ttm,DOL OFLC LCA disclosure data; https://www.dol.gov/agencies/eta/foreign-labor/performance
2024Q1,coforge,41.37639109228595,new_ttm,DOL OFLC LCA disclosure data; https://www.dol.gov/agencies/eta/foreign-labor/performance
2024Q1,cognizant,-16.34730082565313,new_ttm,DOL OFLC LCA disclosure data; https://www.dol.gov/agencies/eta/foreign-labor/performance
2024Q1,hcltech,-24.41122931639543,new_ttm,DOL OFLC LCA disclosure data; https://www.dol.gov/agencies/eta/foreign-labor/performance
2024Q1,hexaware,-8.004270767353637,new_ttm,DOL OFLC LCA disclosure data; https://www.dol.gov/agencies/eta/foreign-labor/performance
2024Q1,infosys,-132.0408897076221,new_ttm,DOL OFLC LCA disclosure data; https://www.dol.gov/agencies/eta/foreign-labor/performance
2024Q1,ltim,-6.41619442172859,new_ttm,DOL OFLC LCA disclosure data; https://www.dol.gov/agencies/eta/foreign-labor/performance
2024Q1,mphasis,-22.00379587560566,new_ttm,DOL OFLC LCA disclosure data; https://www.dol.gov/agencies/eta/foreign-labor/performance
2024Q1,persistent,15.692076470107386,new_ttm,DOL OFLC LCA disclosure data; https://www.dol.gov/agencies/eta/foreign-labor/performance
2024Q1,tcs,-61.47655592688911,new_ttm,DOL OFLC LCA disclosure data; https://www.dol.gov/agencies/eta/foreign-labor/performance
2024Q1,techm,-3.7147128191946654,new_ttm,DOL OFLC LCA disclosure data; https://www.dol.gov/agencies/eta/foreign-labor/performance
2024Q1,wipro,-2.379028471537403,new_ttm,DOL OFLC LCA disclosure data; https://www.dol.gov/agencies/eta/foreign-labor/performance
2024Q1,pooled8,-80.36460194380184,new_ttm,DOL OFLC LCA disclosure data; https://www.dol.gov/agencies/eta/foreign-labor/performance
2024Q2,accenture,42.15312111998264,new_ttm,DOL OFLC LCA disclosure data; https://www.dol.gov/agencies/eta/foreign-labor/performance
2024Q2,capgemini,14.933624965795728,new_ttm,DOL OFLC LCA disclosure data; https://www.dol.gov/agencies/eta/foreign-labor/performance
2024Q2,coforge,24.930437735288187,new_ttm,DOL OFLC LCA disclosure data; https://www.dol.gov/agencies/eta/foreign-labor/performance
2024Q2,cognizant,30.57750227312298,new_ttm,DOL OFLC LCA disclosure data; https://www.dol.gov/agencies/eta/foreign-labor/performance
2024Q2,hcltech,52.946505446713466,new_ttm,DOL OFLC LCA disclosure data; https://www.dol.gov/agencies/eta/foreign-labor/performance
2024Q2,hexaware,66.48166739337194,new_ttm,DOL OFLC LCA disclosure data; https://www.dol.gov/agencies/eta/foreign-labor/performance
2024Q2,infosys,-6.511912953352966,new_ttm,DOL OFLC LCA disclosure data; https://www.dol.gov/agencies/eta/foreign-labor/performance
2024Q2,ltim,40.989970517603005,new_ttm,DOL OFLC LCA disclosure data; https://www.dol.gov/agencies/eta/foreign-labor/performance
2024Q2,mphasis,-5.093286908179258,new_ttm,DOL OFLC LCA disclosure data; https://www.dol.gov/agencies/eta/foreign-labor/performance
2024Q2,persistent,116.38336367355917,new_ttm,DOL OFLC LCA disclosure data; https://www.dol.gov/agencies/eta/foreign-labor/performance
2024Q2,tcs,54.78935595354793,new_ttm,DOL OFLC LCA disclosure data; https://www.dol.gov/agencies/eta/foreign-labor/performance
2024Q2,techm,56.81781935137427,new_ttm,DOL OFLC LCA disclosure data; https://www.dol.gov/agencies/eta/foreign-labor/performance
2024Q2,wipro,-17.18754995715849,new_ttm,DOL OFLC LCA disclosure data; https://www.dol.gov/agencies/eta/foreign-labor/performance
2024Q2,pooled8,14.605448861412826,new_ttm,DOL OFLC LCA disclosure data; https://www.dol.gov/agencies/eta/foreign-labor/performance
2024Q3,accenture,14.702193676650513,new_ttm,DOL OFLC LCA disclosure data; https://www.dol.gov/agencies/eta/foreign-labor/performance
2024Q3,capgemini,8.124767227287979,new_ttm,DOL OFLC LCA disclosure data; https://www.dol.gov/agencies/eta/foreign-labor/performance
2024Q3,coforge,-23.78914079487653,new_ttm,DOL OFLC LCA disclosure data; https://www.dol.gov/agencies/eta/foreign-labor/performance
2024Q3,cognizant,-11.08545342421252,new_ttm,DOL OFLC LCA disclosure data; https://www.dol.gov/agencies/eta/foreign-labor/performance
2024Q3,hcltech,37.66114042115572,new_ttm,DOL OFLC LCA disclosure data; https://www.dol.gov/agencies/eta/foreign-labor/performance
2024Q3,hexaware,63.446367873185515,new_ttm,DOL OFLC LCA disclosure data; https://www.dol.gov/agencies/eta/foreign-labor/performance
2024Q3,infosys,-58.1224234567035,new_ttm,DOL OFLC LCA disclosure data; https://www.dol.gov/agencies/eta/foreign-labor/performance
2024Q3,ltim,3.493805136128044,new_ttm,DOL OFLC LCA disclosure data; https://www.dol.gov/agencies/eta/foreign-labor/performance
2024Q3,mphasis,1.600034134644112,new_ttm,DOL OFLC LCA disclosure data; https://www.dol.gov/agencies/eta/foreign-labor/performance
2024Q3,persistent,95.07769079453243,new_ttm,DOL OFLC LCA disclosure data; https://www.dol.gov/agencies/eta/foreign-labor/performance
2024Q3,tcs,56.139743742185374,new_ttm,DOL OFLC LCA disclosure data; https://www.dol.gov/agencies/eta/foreign-labor/performance
2024Q3,techm,16.02876158163394,new_ttm,DOL OFLC LCA disclosure data; https://www.dol.gov/agencies/eta/foreign-labor/performance
2024Q3,wipro,-106.48428461147554,new_ttm,DOL OFLC LCA disclosure data; https://www.dol.gov/agencies/eta/foreign-labor/performance
2024Q3,pooled8,-28.99879398688648,new_ttm,DOL OFLC LCA disclosure data; https://www.dol.gov/agencies/eta/foreign-labor/performance
2024Q4,accenture,27.818873624134717,new_ttm,DOL OFLC LCA disclosure data; https://www.dol.gov/agencies/eta/foreign-labor/performance
2024Q4,capgemini,-7.115153395498942,new_ttm,DOL OFLC LCA disclosure data; https://www.dol.gov/agencies/eta/foreign-labor/performance
2024Q4,coforge,-30.38232886311661,new_ttm,DOL OFLC LCA disclosure data; https://www.dol.gov/agencies/eta/foreign-labor/performance
2024Q4,cognizant,-10.158870543417422,new_ttm,DOL OFLC LCA disclosure data; https://www.dol.gov/agencies/eta/foreign-labor/performance
2024Q4,hcltech,32.79872781231734,new_ttm,DOL OFLC LCA disclosure data; https://www.dol.gov/agencies/eta/foreign-labor/performance
2024Q4,hexaware,51.80393610896823,new_ttm,DOL OFLC LCA disclosure data; https://www.dol.gov/agencies/eta/foreign-labor/performance
2024Q4,infosys,-58.38882934841186,new_ttm,DOL OFLC LCA disclosure data; https://www.dol.gov/agencies/eta/foreign-labor/performance
2024Q4,ltim,5.544819171997155,new_ttm,DOL OFLC LCA disclosure data; https://www.dol.gov/agencies/eta/foreign-labor/performance
2024Q4,mphasis,-13.32613777720653,new_ttm,DOL OFLC LCA disclosure data; https://www.dol.gov/agencies/eta/foreign-labor/performance
2024Q4,persistent,90.05293106100834,new_ttm,DOL OFLC LCA disclosure data; https://www.dol.gov/agencies/eta/foreign-labor/performance
2024Q4,tcs,57.27164119811208,new_ttm,DOL OFLC LCA disclosure data; https://www.dol.gov/agencies/eta/foreign-labor/performance
2024Q4,techm,19.53557746328615,new_ttm,DOL OFLC LCA disclosure data; https://www.dol.gov/agencies/eta/foreign-labor/performance
2024Q4,wipro,-110.60783529145779,new_ttm,DOL OFLC LCA disclosure data; https://www.dol.gov/agencies/eta/foreign-labor/performance
2024Q4,pooled8,-28.946054423839797,new_ttm,DOL OFLC LCA disclosure data; https://www.dol.gov/agencies/eta/foreign-labor/performance
2025Q1,accenture,28.3484794516441,new_ttm,DOL OFLC LCA disclosure data; https://www.dol.gov/agencies/eta/foreign-labor/performance
2025Q1,capgemini,-2.9806128032701933,new_ttm,DOL OFLC LCA disclosure data; https://www.dol.gov/agencies/eta/foreign-labor/performance
2025Q1,coforge,-40.13413909243023,new_ttm,DOL OFLC LCA disclosure data; https://www.dol.gov/agencies/eta/foreign-labor/performance
2025Q1,cognizant,-3.866824082562558,new_ttm,DOL OFLC LCA disclosure data; https://www.dol.gov/agencies/eta/foreign-labor/performance
2025Q1,hcltech,37.00108777503599,new_ttm,DOL OFLC LCA disclosure data; https://www.dol.gov/agencies/eta/foreign-labor/performance
2025Q1,hexaware,42.744401482693966,new_ttm,DOL OFLC LCA disclosure data; https://www.dol.gov/agencies/eta/foreign-labor/performance
2025Q1,infosys,-59.79244095227754,new_ttm,DOL OFLC LCA disclosure data; https://www.dol.gov/agencies/eta/foreign-labor/performance
2025Q1,ltim,19.998590463897912,new_ttm,DOL OFLC LCA disclosure data; https://www.dol.gov/agencies/eta/foreign-labor/performance
2025Q1,mphasis,-7.023949537580157,new_ttm,DOL OFLC LCA disclosure data; https://www.dol.gov/agencies/eta/foreign-labor/performance
2025Q1,persistent,97.97913701993062,new_ttm,DOL OFLC LCA disclosure data; https://www.dol.gov/agencies/eta/foreign-labor/performance
2025Q1,tcs,25.480824778070005,new_ttm,DOL OFLC LCA disclosure data; https://www.dol.gov/agencies/eta/foreign-labor/performance
2025Q1,techm,19.7489778267126,new_ttm,DOL OFLC LCA disclosure data; https://www.dol.gov/agencies/eta/foreign-labor/performance
2025Q1,wipro,-110.5401609765954,new_ttm,DOL OFLC LCA disclosure data; https://www.dol.gov/agencies/eta/foreign-labor/performance
2025Q1,pooled8,-30.46402259840341,new_ttm,DOL OFLC LCA disclosure data; https://www.dol.gov/agencies/eta/foreign-labor/performance
2025Q2,accenture,-42.492680020096465,new_ttm,DOL OFLC LCA disclosure data; https://www.dol.gov/agencies/eta/foreign-labor/performance
2025Q2,capgemini,-40.34469439519272,new_ttm,DOL OFLC LCA disclosure data; https://www.dol.gov/agencies/eta/foreign-labor/performance
2025Q2,coforge,-11.426809354893898,new_ttm,DOL OFLC LCA disclosure data; https://www.dol.gov/agencies/eta/foreign-labor/performance
2025Q2,cognizant,-54.463954838238,new_ttm,DOL OFLC LCA disclosure data; https://www.dol.gov/agencies/eta/foreign-labor/performance
2025Q2,hcltech,-41.388030503344886,new_ttm,DOL OFLC LCA disclosure data; https://www.dol.gov/agencies/eta/foreign-labor/performance
2025Q2,hexaware,-22.09906979531087,new_ttm,DOL OFLC LCA disclosure data; https://www.dol.gov/agencies/eta/foreign-labor/performance
2025Q2,infosys,-36.09062619584951,new_ttm,DOL OFLC LCA disclosure data; https://www.dol.gov/agencies/eta/foreign-labor/performance
2025Q2,ltim,-39.92895260640147,new_ttm,DOL OFLC LCA disclosure data; https://www.dol.gov/agencies/eta/foreign-labor/performance
2025Q2,mphasis,-3.2970019237569828,new_ttm,DOL OFLC LCA disclosure data; https://www.dol.gov/agencies/eta/foreign-labor/performance
2025Q2,persistent,-81.2638158561485,new_ttm,DOL OFLC LCA disclosure data; https://www.dol.gov/agencies/eta/foreign-labor/performance
2025Q2,tcs,-26.44597281591451,new_ttm,DOL OFLC LCA disclosure data; https://www.dol.gov/agencies/eta/foreign-labor/performance
2025Q2,techm,-30.357595720579706,new_ttm,DOL OFLC LCA disclosure data; https://www.dol.gov/agencies/eta/foreign-labor/performance
2025Q2,wipro,-53.38709128838747,new_ttm,DOL OFLC LCA disclosure data; https://www.dol.gov/agencies/eta/foreign-labor/performance
2025Q2,pooled8,-40.81221603451315,new_ttm,DOL OFLC LCA disclosure data; https://www.dol.gov/agencies/eta/foreign-labor/performance
2025Q3,accenture,-58.192154544972084,new_ttm,DOL OFLC LCA disclosure data; https://www.dol.gov/agencies/eta/foreign-labor/performance
2025Q3,capgemini,-35.95693019650969,new_ttm,DOL OFLC LCA disclosure data; https://www.dol.gov/agencies/eta/foreign-labor/performance
2025Q3,coforge,15.333401992070234,new_ttm,DOL OFLC LCA disclosure data; https://www.dol.gov/agencies/eta/foreign-labor/performance
2025Q3,cognizant,-41.979708703937575,new_ttm,DOL OFLC LCA disclosure data; https://www.dol.gov/agencies/eta/foreign-labor/performance
2025Q3,hcltech,-59.12587276966814,new_ttm,DOL OFLC LCA disclosure data; https://www.dol.gov/agencies/eta/foreign-labor/performance
2025Q3,hexaware,-30.990520923649118,new_ttm,DOL OFLC LCA disclosure data; https://www.dol.gov/agencies/eta/foreign-labor/performance
2025Q3,infosys,-9.052044567518934,new_ttm,DOL OFLC LCA disclosure data; https://www.dol.gov/agencies/eta/foreign-labor/performance
2025Q3,ltim,-18.576094109586407,new_ttm,DOL OFLC LCA disclosure data; https://www.dol.gov/agencies/eta/foreign-labor/performance
2025Q3,mphasis,7.268973336827756,new_ttm,DOL OFLC LCA disclosure data; https://www.dol.gov/agencies/eta/foreign-labor/performance
2025Q3,persistent,-89.11848107430788,new_ttm,DOL OFLC LCA disclosure data; https://www.dol.gov/agencies/eta/foreign-labor/performance
2025Q3,tcs,-39.445004787748694,new_ttm,DOL OFLC LCA disclosure data; https://www.dol.gov/agencies/eta/foreign-labor/performance
2025Q3,techm,-18.282801413574997,new_ttm,DOL OFLC LCA disclosure data; https://www.dol.gov/agencies/eta/foreign-labor/performance
2025Q3,wipro,-4.974847761124362,new_ttm,DOL OFLC LCA disclosure data; https://www.dol.gov/agencies/eta/foreign-labor/performance
2025Q3,pooled8,-26.282607668112355,new_ttm,DOL OFLC LCA disclosure data; https://www.dol.gov/agencies/eta/foreign-labor/performance
2025Q4,accenture,-68.77480158821747,new_ttm,DOL OFLC LCA disclosure data; https://www.dol.gov/agencies/eta/foreign-labor/performance
2025Q4,capgemini,-31.008126076540705,new_ttm,DOL OFLC LCA disclosure data; https://www.dol.gov/agencies/eta/foreign-labor/performance
2025Q4,coforge,19.31112642153347,new_ttm,DOL OFLC LCA disclosure data; https://www.dol.gov/agencies/eta/foreign-labor/performance
2025Q4,cognizant,-61.98238298666412,new_ttm,DOL OFLC LCA disclosure data; https://www.dol.gov/agencies/eta/foreign-labor/performance
2025Q4,hcltech,-63.05081116034014,new_ttm,DOL OFLC LCA disclosure data; https://www.dol.gov/agencies/eta/foreign-labor/performance
2025Q4,hexaware,-48.24800590531955,new_ttm,DOL OFLC LCA disclosure data; https://www.dol.gov/agencies/eta/foreign-labor/performance
2025Q4,infosys,-10.632506842129883,new_ttm,DOL OFLC LCA disclosure data; https://www.dol.gov/agencies/eta/foreign-labor/performance
2025Q4,ltim,-32.30776056203634,new_ttm,DOL OFLC LCA disclosure data; https://www.dol.gov/agencies/eta/foreign-labor/performance
2025Q4,mphasis,20.615338004009686,new_ttm,DOL OFLC LCA disclosure data; https://www.dol.gov/agencies/eta/foreign-labor/performance
2025Q4,persistent,-102.76147389287802,new_ttm,DOL OFLC LCA disclosure data; https://www.dol.gov/agencies/eta/foreign-labor/performance
2025Q4,tcs,-43.84040743735268,new_ttm,DOL OFLC LCA disclosure data; https://www.dol.gov/agencies/eta/foreign-labor/performance
2025Q4,techm,-41.44985932058323,new_ttm,DOL OFLC LCA disclosure data; https://www.dol.gov/agencies/eta/foreign-labor/performance
2025Q4,wipro,-6.7420367512460055,new_ttm,DOL OFLC LCA disclosure data; https://www.dol.gov/agencies/eta/foreign-labor/performance
2025Q4,pooled8,-33.1486751987635,new_ttm,DOL OFLC LCA disclosure data; https://www.dol.gov/agencies/eta/foreign-labor/performance
2026Q1,accenture,-71.38650530636924,new_ttm,DOL OFLC LCA disclosure data; https://www.dol.gov/agencies/eta/foreign-labor/performance
2026Q1,capgemini,-40.825562217728844,new_ttm,DOL OFLC LCA disclosure data; https://www.dol.gov/agencies/eta/foreign-labor/performance
2026Q1,coforge,37.623546979322604,new_ttm,DOL OFLC LCA disclosure data; https://www.dol.gov/agencies/eta/foreign-labor/performance
2026Q1,cognizant,-74.78818714198407,new_ttm,DOL OFLC LCA disclosure data; https://www.dol.gov/agencies/eta/foreign-labor/performance
2026Q1,hcltech,-67.18222961012388,new_ttm,DOL OFLC LCA disclosure data; https://www.dol.gov/agencies/eta/foreign-labor/performance
2026Q1,hexaware,-60.47780301098551,new_ttm,DOL OFLC LCA disclosure data; https://www.dol.gov/agencies/eta/foreign-labor/performance
2026Q1,infosys,-9.46111235018269,new_ttm,DOL OFLC LCA disclosure data; https://www.dol.gov/agencies/eta/foreign-labor/performance
2026Q1,ltim,-53.49532500807717,new_ttm,DOL OFLC LCA disclosure data; https://www.dol.gov/agencies/eta/foreign-labor/performance
2026Q1,mphasis,20.255891354582552,new_ttm,DOL OFLC LCA disclosure data; https://www.dol.gov/agencies/eta/foreign-labor/performance
2026Q1,persistent,-134.06243242867023,new_ttm,DOL OFLC LCA disclosure data; https://www.dol.gov/agencies/eta/foreign-labor/performance
2026Q1,tcs,-29.07248915784646,new_ttm,DOL OFLC LCA disclosure data; https://www.dol.gov/agencies/eta/foreign-labor/performance
2026Q1,techm,-49.54133447711039,new_ttm,DOL OFLC LCA disclosure data; https://www.dol.gov/agencies/eta/foreign-labor/performance
2026Q1,wipro,-1.9679060786348672,new_ttm,DOL OFLC LCA disclosure data; https://www.dol.gov/agencies/eta/foreign-labor/performance
2026Q1,pooled8,-33.762418434926204,new_ttm,DOL OFLC LCA disclosure data; https://www.dol.gov/agencies/eta/foreign-labor/performance
2026Q2,accenture,-160.04085057147063,new_ttm,DOL OFLC LCA disclosure data; https://www.dol.gov/agencies/eta/foreign-labor/performance
2026Q2,capgemini,-97.5467309870341,new_ttm,DOL OFLC LCA disclosure data; https://www.dol.gov/agencies/eta/foreign-labor/performance
2026Q2,coforge,-9.373247766270714,new_ttm,DOL OFLC LCA disclosure data; https://www.dol.gov/agencies/eta/foreign-labor/performance
2026Q2,cognizant,-205.45619457972126,new_ttm,DOL OFLC LCA disclosure data; https://www.dol.gov/agencies/eta/foreign-labor/performance
2026Q2,hcltech,-103.38537213199466,new_ttm,DOL OFLC LCA disclosure data; https://www.dol.gov/agencies/eta/foreign-labor/performance
2026Q2,hexaware,-62.057648772511,new_ttm,DOL OFLC LCA disclosure data; https://www.dol.gov/agencies/eta/foreign-labor/performance
2026Q2,infosys,-250.40413344510307,new_ttm,DOL OFLC LCA disclosure data; https://www.dol.gov/agencies/eta/foreign-labor/performance
2026Q2,ltim,-67.4846016177541,new_ttm,DOL OFLC LCA disclosure data; https://www.dol.gov/agencies/eta/foreign-labor/performance
2026Q2,mphasis,-11.221199060692813,new_ttm,DOL OFLC LCA disclosure data; https://www.dol.gov/agencies/eta/foreign-labor/performance
2026Q2,persistent,-38.453189844169856,new_ttm,DOL OFLC LCA disclosure data; https://www.dol.gov/agencies/eta/foreign-labor/performance
2026Q2,tcs,-192.64256837333386,new_ttm,DOL OFLC LCA disclosure data; https://www.dol.gov/agencies/eta/foreign-labor/performance
2026Q2,techm,-128.8413311893357,new_ttm,DOL OFLC LCA disclosure data; https://www.dol.gov/agencies/eta/foreign-labor/performance
2026Q2,wipro,-131.25954705836554,new_ttm,DOL OFLC LCA disclosure data; https://www.dol.gov/agencies/eta/foreign-labor/performance
2026Q2,pooled8,-169.33295772778342,new_ttm,DOL OFLC LCA disclosure data; https://www.dol.gov/agencies/eta/foreign-labor/performance
2018Q3,accenture,-10.2419066712857,existing_ttm,DOL OFLC LCA disclosure data; https://www.dol.gov/agencies/eta/foreign-labor/performance
2018Q3,capgemini,-6.993811619673938,existing_ttm,DOL OFLC LCA disclosure data; https://www.dol.gov/agencies/eta/foreign-labor/performance
2018Q3,coforge,88.31484240281279,existing_ttm,DOL OFLC LCA disclosure data; https://www.dol.gov/agencies/eta/foreign-labor/performance
2018Q3,cognizant,-19.948066185201807,existing_ttm,DOL OFLC LCA disclosure data; https://www.dol.gov/agencies/eta/foreign-labor/performance
2018Q3,hcltech,9.210303768421449,existing_ttm,DOL OFLC LCA disclosure data; https://www.dol.gov/agencies/eta/foreign-labor/performance
2018Q3,hexaware,-15.938903648884725,existing_ttm,DOL OFLC LCA disclosure data; https://www.dol.gov/agencies/eta/foreign-labor/performance
2018Q3,infosys,-44.05436163284385,existing_ttm,DOL OFLC LCA disclosure data; https://www.dol.gov/agencies/eta/foreign-labor/performance
2018Q3,ltim,-91.50413288527001,existing_ttm,DOL OFLC LCA disclosure data; https://www.dol.gov/agencies/eta/foreign-labor/performance
2018Q3,mphasis,-21.106723176917093,existing_ttm,DOL OFLC LCA disclosure data; https://www.dol.gov/agencies/eta/foreign-labor/performance
2018Q3,persistent,13.946612814433712,existing_ttm,DOL OFLC LCA disclosure data; https://www.dol.gov/agencies/eta/foreign-labor/performance
2018Q3,tcs,-24.44631719651759,existing_ttm,DOL OFLC LCA disclosure data; https://www.dol.gov/agencies/eta/foreign-labor/performance
2018Q3,techm,-3.6396422391519425,existing_ttm,DOL OFLC LCA disclosure data; https://www.dol.gov/agencies/eta/foreign-labor/performance
2018Q3,wipro,-26.81024813655965,existing_ttm,DOL OFLC LCA disclosure data; https://www.dol.gov/agencies/eta/foreign-labor/performance
2018Q3,pooled8,-20.460026571760995,existing_ttm,DOL OFLC LCA disclosure data; https://www.dol.gov/agencies/eta/foreign-labor/performance
2018Q4,accenture,-19.701844110766043,existing_ttm,DOL OFLC LCA disclosure data; https://www.dol.gov/agencies/eta/foreign-labor/performance
2018Q4,capgemini,-22.756854267573694,existing_ttm,DOL OFLC LCA disclosure data; https://www.dol.gov/agencies/eta/foreign-labor/performance
2018Q4,coforge,129.26795759008104,existing_ttm,DOL OFLC LCA disclosure data; https://www.dol.gov/agencies/eta/foreign-labor/performance
2018Q4,cognizant,12.872000914032625,existing_ttm,DOL OFLC LCA disclosure data; https://www.dol.gov/agencies/eta/foreign-labor/performance
2018Q4,hcltech,-21.85925742819433,existing_ttm,DOL OFLC LCA disclosure data; https://www.dol.gov/agencies/eta/foreign-labor/performance
2018Q4,hexaware,-19.290366612449155,existing_ttm,DOL OFLC LCA disclosure data; https://www.dol.gov/agencies/eta/foreign-labor/performance
2018Q4,infosys,-43.365833055838245,existing_ttm,DOL OFLC LCA disclosure data; https://www.dol.gov/agencies/eta/foreign-labor/performance
2018Q4,ltim,-94.11582392851707,existing_ttm,DOL OFLC LCA disclosure data; https://www.dol.gov/agencies/eta/foreign-labor/performance
2018Q4,mphasis,-16.220810771702666,existing_ttm,DOL OFLC LCA disclosure data; https://www.dol.gov/agencies/eta/foreign-labor/performance
2018Q4,persistent,18.232155679395458,existing_ttm,DOL OFLC LCA disclosure data; https://www.dol.gov/agencies/eta/foreign-labor/performance
2018Q4,tcs,-29.34693535913757,existing_ttm,DOL OFLC LCA disclosure data; https://www.dol.gov/agencies/eta/foreign-labor/performance
2018Q4,techm,-10.515439383910207,existing_ttm,DOL OFLC LCA disclosure data; https://www.dol.gov/agencies/eta/foreign-labor/performance
2018Q4,wipro,-18.203916778104464,existing_ttm,DOL OFLC LCA disclosure data; https://www.dol.gov/agencies/eta/foreign-labor/performance
2018Q4,pooled8,-18.601605284473973,existing_ttm,DOL OFLC LCA disclosure data; https://www.dol.gov/agencies/eta/foreign-labor/performance
2019Q1,accenture,-25.486417511903937,existing_ttm,DOL OFLC LCA disclosure data; https://www.dol.gov/agencies/eta/foreign-labor/performance
2019Q1,capgemini,-33.6700053002196,existing_ttm,DOL OFLC LCA disclosure data; https://www.dol.gov/agencies/eta/foreign-labor/performance
2019Q1,coforge,111.53191211698352,existing_ttm,DOL OFLC LCA disclosure data; https://www.dol.gov/agencies/eta/foreign-labor/performance
2019Q1,cognizant,-65.82820998678052,existing_ttm,DOL OFLC LCA disclosure data; https://www.dol.gov/agencies/eta/foreign-labor/performance
2019Q1,hcltech,-61.28357907705628,existing_ttm,DOL OFLC LCA disclosure data; https://www.dol.gov/agencies/eta/foreign-labor/performance
2019Q1,hexaware,-15.733309246540944,existing_ttm,DOL OFLC LCA disclosure data; https://www.dol.gov/agencies/eta/foreign-labor/performance
2019Q1,infosys,-43.45965415837001,existing_ttm,DOL OFLC LCA disclosure data; https://www.dol.gov/agencies/eta/foreign-labor/performance
2019Q1,ltim,-52.930052349380794,existing_ttm,DOL OFLC LCA disclosure data; https://www.dol.gov/agencies/eta/foreign-labor/performance
2019Q1,mphasis,-55.059115980933896,existing_ttm,DOL OFLC LCA disclosure data; https://www.dol.gov/agencies/eta/foreign-labor/performance
2019Q1,persistent,2.0690393257446247,existing_ttm,DOL OFLC LCA disclosure data; https://www.dol.gov/agencies/eta/foreign-labor/performance
2019Q1,tcs,-37.74611241255227,existing_ttm,DOL OFLC LCA disclosure data; https://www.dol.gov/agencies/eta/foreign-labor/performance
2019Q1,techm,-23.84530129056497,existing_ttm,DOL OFLC LCA disclosure data; https://www.dol.gov/agencies/eta/foreign-labor/performance
2019Q1,wipro,-20.830767374835638,existing_ttm,DOL OFLC LCA disclosure data; https://www.dol.gov/agencies/eta/foreign-labor/performance
2019Q1,pooled8,-50.88614318524826,existing_ttm,DOL OFLC LCA disclosure data; https://www.dol.gov/agencies/eta/foreign-labor/performance
2019Q2,accenture,-22.199610425773297,existing_ttm,DOL OFLC LCA disclosure data; https://www.dol.gov/agencies/eta/foreign-labor/performance
2019Q2,capgemini,-42.300380257336556,existing_ttm,DOL OFLC LCA disclosure data; https://www.dol.gov/agencies/eta/foreign-labor/performance
2019Q2,coforge,77.96934196277977,existing_ttm,DOL OFLC LCA disclosure data; https://www.dol.gov/agencies/eta/foreign-labor/performance
2019Q2,cognizant,-37.71393772458088,existing_ttm,DOL OFLC LCA disclosure data; https://www.dol.gov/agencies/eta/foreign-labor/performance
2019Q2,hcltech,-80.54091107615531,existing_ttm,DOL OFLC LCA disclosure data; https://www.dol.gov/agencies/eta/foreign-labor/performance
2019Q2,hexaware,-17.140787691502087,existing_ttm,DOL OFLC LCA disclosure data; https://www.dol.gov/agencies/eta/foreign-labor/performance
2019Q2,infosys,-27.84184720640462,existing_ttm,DOL OFLC LCA disclosure data; https://www.dol.gov/agencies/eta/foreign-labor/performance
2019Q2,ltim,-46.24959648262666,existing_ttm,DOL OFLC LCA disclosure data; https://www.dol.gov/agencies/eta/foreign-labor/performance
2019Q2,mphasis,-86.1110558046312,existing_ttm,DOL OFLC LCA disclosure data; https://www.dol.gov/agencies/eta/foreign-labor/performance
2019Q2,persistent,-9.989815326598622,existing_ttm,DOL OFLC LCA disclosure data; https://www.dol.gov/agencies/eta/foreign-labor/performance
2019Q2,tcs,-30.040942082906685,existing_ttm,DOL OFLC LCA disclosure data; https://www.dol.gov/agencies/eta/foreign-labor/performance
2019Q2,techm,-27.60979590293926,existing_ttm,DOL OFLC LCA disclosure data; https://www.dol.gov/agencies/eta/foreign-labor/performance
2019Q2,wipro,-30.359568439723432,existing_ttm,DOL OFLC LCA disclosure data; https://www.dol.gov/agencies/eta/foreign-labor/performance
2019Q2,pooled8,-42.72128739055297,existing_ttm,DOL OFLC LCA disclosure data; https://www.dol.gov/agencies/eta/foreign-labor/performance
2019Q3,accenture,-30.077025681941095,existing_ttm,DOL OFLC LCA disclosure data; https://www.dol.gov/agencies/eta/foreign-labor/performance
2019Q3,capgemini,-56.39980519834823,existing_ttm,DOL OFLC LCA disclosure data; https://www.dol.gov/agencies/eta/foreign-labor/performance
2019Q3,coforge,69.7690577743972,existing_ttm,DOL OFLC LCA disclosure data; https://www.dol.gov/agencies/eta/foreign-labor/performance
2019Q3,cognizant,-21.845301554000578,existing_ttm,DOL OFLC LCA disclosure data; https://www.dol.gov/agencies/eta/foreign-labor/performance
2019Q3,hcltech,-150.25323021433715,existing_ttm,DOL OFLC LCA disclosure data; https://www.dol.gov/agencies/eta/foreign-labor/performance
2019Q3,hexaware,-3.745756253490044,existing_ttm,DOL OFLC LCA disclosure data; https://www.dol.gov/agencies/eta/foreign-labor/performance
2019Q3,infosys,-19.076729511689287,existing_ttm,DOL OFLC LCA disclosure data; https://www.dol.gov/agencies/eta/foreign-labor/performance
2019Q3,ltim,-13.295446448851928,existing_ttm,DOL OFLC LCA disclosure data; https://www.dol.gov/agencies/eta/foreign-labor/performance
2019Q3,mphasis,-135.58305368406687,existing_ttm,DOL OFLC LCA disclosure data; https://www.dol.gov/agencies/eta/foreign-labor/performance
2019Q3,persistent,-40.25108962107329,existing_ttm,DOL OFLC LCA disclosure data; https://www.dol.gov/agencies/eta/foreign-labor/performance
2019Q3,tcs,-19.127005755696064,existing_ttm,DOL OFLC LCA disclosure data; https://www.dol.gov/agencies/eta/foreign-labor/performance
2019Q3,techm,-30.474871992908596,existing_ttm,DOL OFLC LCA disclosure data; https://www.dol.gov/agencies/eta/foreign-labor/performance
2019Q3,wipro,-32.949594131421726,existing_ttm,DOL OFLC LCA disclosure data; https://www.dol.gov/agencies/eta/foreign-labor/performance
2019Q3,pooled8,-43.143443374625804,existing_ttm,DOL OFLC LCA disclosure data; https://www.dol.gov/agencies/eta/foreign-labor/performance
2019Q4,accenture,-12.817953201642815,existing_ttm,DOL OFLC LCA disclosure data; https://www.dol.gov/agencies/eta/foreign-labor/performance
2019Q4,capgemini,-61.34504420508846,existing_ttm,DOL OFLC LCA disclosure data; https://www.dol.gov/agencies/eta/foreign-labor/performance
2019Q4,coforge,13.461775883674342,existing_ttm,DOL OFLC LCA disclosure data; https://www.dol.gov/agencies/eta/foreign-labor/performance
2019Q4,cognizant,-6.567651575163656,existing_ttm,DOL OFLC LCA disclosure data; https://www.dol.gov/agencies/eta/foreign-labor/performance
2019Q4,hcltech,-192.46615226777493,existing_ttm,DOL OFLC LCA disclosure data; https://www.dol.gov/agencies/eta/foreign-labor/performance
2019Q4,hexaware,7.631608787288191,existing_ttm,DOL OFLC LCA disclosure data; https://www.dol.gov/agencies/eta/foreign-labor/performance
2019Q4,infosys,-8.956759518068054,existing_ttm,DOL OFLC LCA disclosure data; https://www.dol.gov/agencies/eta/foreign-labor/performance
2019Q4,ltim,-8.30352286099904,existing_ttm,DOL OFLC LCA disclosure data; https://www.dol.gov/agencies/eta/foreign-labor/performance
2019Q4,mphasis,-181.90625302750365,existing_ttm,DOL OFLC LCA disclosure data; https://www.dol.gov/agencies/eta/foreign-labor/performance
2019Q4,persistent,-34.17492937220567,existing_ttm,DOL OFLC LCA disclosure data; https://www.dol.gov/agencies/eta/foreign-labor/performance
2019Q4,tcs,-12.462846156276214,existing_ttm,DOL OFLC LCA disclosure data; https://www.dol.gov/agencies/eta/foreign-labor/performance
2019Q4,techm,-28.795691098587316,existing_ttm,DOL OFLC LCA disclosure data; https://www.dol.gov/agencies/eta/foreign-labor/performance
2019Q4,wipro,-41.226455149708805,existing_ttm,DOL OFLC LCA disclosure data; https://www.dol.gov/agencies/eta/foreign-labor/performance
2019Q4,pooled8,-34.373936023307664,existing_ttm,DOL OFLC LCA disclosure data; https://www.dol.gov/agencies/eta/foreign-labor/performance
2020Q1,accenture,-0.1967121612265728,existing_ttm,DOL OFLC LCA disclosure data; https://www.dol.gov/agencies/eta/foreign-labor/performance
2020Q1,capgemini,-48.080067678236595,existing_ttm,DOL OFLC LCA disclosure data; https://www.dol.gov/agencies/eta/foreign-labor/performance
2020Q1,coforge,12.759665710470811,existing_ttm,DOL OFLC LCA disclosure data; https://www.dol.gov/agencies/eta/foreign-labor/performance
2020Q1,cognizant,42.48678847575427,existing_ttm,DOL OFLC LCA disclosure data; https://www.dol.gov/agencies/eta/foreign-labor/performance
2020Q1,hcltech,-152.82875579070733,existing_ttm,DOL OFLC LCA disclosure data; https://www.dol.gov/agencies/eta/foreign-labor/performance
2020Q1,hexaware,16.07933035303051,existing_ttm,DOL OFLC LCA disclosure data; https://www.dol.gov/agencies/eta/foreign-labor/performance
2020Q1,infosys,23.853111741867686,existing_ttm,DOL OFLC LCA disclosure data; https://www.dol.gov/agencies/eta/foreign-labor/performance
2020Q1,ltim,-21.892314645659717,existing_ttm,DOL OFLC LCA disclosure data; https://www.dol.gov/agencies/eta/foreign-labor/performance
2020Q1,mphasis,-186.75410819398067,existing_ttm,DOL OFLC LCA disclosure data; https://www.dol.gov/agencies/eta/foreign-labor/performance
2020Q1,persistent,-13.499516453750482,existing_ttm,DOL OFLC LCA disclosure data; https://www.dol.gov/agencies/eta/foreign-labor/performance
2020Q1,tcs,-6.216922887163439,existing_ttm,DOL OFLC LCA disclosure data; https://www.dol.gov/agencies/eta/foreign-labor/performance
2020Q1,techm,-11.80140092109384,existing_ttm,DOL OFLC LCA disclosure data; https://www.dol.gov/agencies/eta/foreign-labor/performance
2020Q1,wipro,-50.42140294336779,existing_ttm,DOL OFLC LCA disclosure data; https://www.dol.gov/agencies/eta/foreign-labor/performance
2020Q1,pooled8,-4.596397293359691,existing_ttm,DOL OFLC LCA disclosure data; https://www.dol.gov/agencies/eta/foreign-labor/performance
2020Q2,accenture,7.880694089962535,existing_ttm,DOL OFLC LCA disclosure data; https://www.dol.gov/agencies/eta/foreign-labor/performance
2020Q2,capgemini,-40.381981376169385,existing_ttm,DOL OFLC LCA disclosure data; https://www.dol.gov/agencies/eta/foreign-labor/performance
2020Q2,coforge,-30.38475147578336,existing_ttm,DOL OFLC LCA disclosure data; https://www.dol.gov/agencies/eta/foreign-labor/performance
2020Q2,cognizant,3.2104287589013616,existing_ttm,DOL OFLC LCA disclosure data; https://www.dol.gov/agencies/eta/foreign-labor/performance
2020Q2,hcltech,-126.35816820225354,existing_ttm,DOL OFLC LCA disclosure data; https://www.dol.gov/agencies/eta/foreign-labor/performance
2020Q2,hexaware,20.619399300043657,existing_ttm,DOL OFLC LCA disclosure data; https://www.dol.gov/agencies/eta/foreign-labor/performance
2020Q2,infosys,51.95164020637186,existing_ttm,DOL OFLC LCA disclosure data; https://www.dol.gov/agencies/eta/foreign-labor/performance
2020Q2,ltim,-6.767156289211732,existing_ttm,DOL OFLC LCA disclosure data; https://www.dol.gov/agencies/eta/foreign-labor/performance
2020Q2,mphasis,-153.80643054576834,existing_ttm,DOL OFLC LCA disclosure data; https://www.dol.gov/agencies/eta/foreign-labor/performance
2020Q2,persistent,3.0653741091002304,existing_ttm,DOL OFLC LCA disclosure data; https://www.dol.gov/agencies/eta/foreign-labor/performance
2020Q2,tcs,1.2131620081848153,existing_ttm,DOL OFLC LCA disclosure data; https://www.dol.gov/agencies/eta/foreign-labor/performance
2020Q2,techm,-10.219411021249794,existing_ttm,DOL OFLC LCA disclosure data; https://www.dol.gov/agencies/eta/foreign-labor/performance
2020Q2,wipro,-35.20026913643308,existing_ttm,DOL OFLC LCA disclosure data; https://www.dol.gov/agencies/eta/foreign-labor/performance
2020Q2,pooled8,-2.2074555789764565,existing_ttm,DOL OFLC LCA disclosure data; https://www.dol.gov/agencies/eta/foreign-labor/performance
2020Q3,accenture,31.013426266356557,existing_ttm,DOL OFLC LCA disclosure data; https://www.dol.gov/agencies/eta/foreign-labor/performance
2020Q3,capgemini,-12.763533209939515,existing_ttm,DOL OFLC LCA disclosure data; https://www.dol.gov/agencies/eta/foreign-labor/performance
2020Q3,coforge,-73.6692735547241,existing_ttm,DOL OFLC LCA disclosure data; https://www.dol.gov/agencies/eta/foreign-labor/performance
2020Q3,cognizant,16.806304415183106,existing_ttm,DOL OFLC LCA disclosure data; https://www.dol.gov/agencies/eta/foreign-labor/performance
2020Q3,hcltech,-52.2926030700078,existing_ttm,DOL OFLC LCA disclosure data; https://www.dol.gov/agencies/eta/foreign-labor/performance
2020Q3,hexaware,14.703710673845617,existing_ttm,DOL OFLC LCA disclosure data; https://www.dol.gov/agencies/eta/foreign-labor/performance
2020Q3,infosys,60.861864485846375,existing_ttm,DOL OFLC LCA disclosure data; https://www.dol.gov/agencies/eta/foreign-labor/performance
2020Q3,ltim,-6.857349634975024,existing_ttm,DOL OFLC LCA disclosure data; https://www.dol.gov/agencies/eta/foreign-labor/performance
2020Q3,mphasis,-97.05818922339347,existing_ttm,DOL OFLC LCA disclosure data; https://www.dol.gov/agencies/eta/foreign-labor/performance
2020Q3,persistent,8.072321127244113,existing_ttm,DOL OFLC LCA disclosure data; https://www.dol.gov/agencies/eta/foreign-labor/performance
2020Q3,tcs,16.93429737076293,existing_ttm,DOL OFLC LCA disclosure data; https://www.dol.gov/agencies/eta/foreign-labor/performance
2020Q3,techm,-5.388508849497948,existing_ttm,DOL OFLC LCA disclosure data; https://www.dol.gov/agencies/eta/foreign-labor/performance
2020Q3,wipro,-1.5384918839479456,existing_ttm,DOL OFLC LCA disclosure data; https://www.dol.gov/agencies/eta/foreign-labor/performance
2020Q3,pooled8,19.56342252280196,existing_ttm,DOL OFLC LCA disclosure data; https://www.dol.gov/agencies/eta/foreign-labor/performance
2020Q4,accenture,19.896436719693728,existing_ttm,DOL OFLC LCA disclosure data; https://www.dol.gov/agencies/eta/foreign-labor/performance
2020Q4,capgemini,-9.705855726857209,existing_ttm,DOL OFLC LCA disclosure data; https://www.dol.gov/agencies/eta/foreign-labor/performance
2020Q4,coforge,-72.9635473823082,existing_ttm,DOL OFLC LCA disclosure data; https://www.dol.gov/agencies/eta/foreign-labor/performance
2020Q4,cognizant,-28.71986440821835,existing_ttm,DOL OFLC LCA disclosure data; https://www.dol.gov/agencies/eta/foreign-labor/performance
2020Q4,hcltech,0.07642338927558957,existing_ttm,DOL OFLC LCA disclosure data; https://www.dol.gov/agencies/eta/foreign-labor/performance
2020Q4,hexaware,-5.337053052301155,existing_ttm,DOL OFLC LCA disclosure data; https://www.dol.gov/agencies/eta/foreign-labor/performance
2020Q4,infosys,64.98100280795846,existing_ttm,DOL OFLC LCA disclosure data; https://www.dol.gov/agencies/eta/foreign-labor/performance
2020Q4,ltim,-19.224071930169178,existing_ttm,DOL OFLC LCA disclosure data; https://www.dol.gov/agencies/eta/foreign-labor/performance
2020Q4,mphasis,-39.312144935328995,existing_ttm,DOL OFLC LCA disclosure data; https://www.dol.gov/agencies/eta/foreign-labor/performance
2020Q4,persistent,-9.943389698818693,existing_ttm,DOL OFLC LCA disclosure data; https://www.dol.gov/agencies/eta/foreign-labor/performance
2020Q4,tcs,-2.919813481017084,existing_ttm,DOL OFLC LCA disclosure data; https://www.dol.gov/agencies/eta/foreign-labor/performance
2020Q4,techm,-23.572929243909726,existing_ttm,DOL OFLC LCA disclosure data; https://www.dol.gov/agencies/eta/foreign-labor/performance
2020Q4,wipro,18.286965217626975,existing_ttm,DOL OFLC LCA disclosure data; https://www.dol.gov/agencies/eta/foreign-labor/performance
2020Q4,pooled8,3.952919838597998,existing_ttm,DOL OFLC LCA disclosure data; https://www.dol.gov/agencies/eta/foreign-labor/performance
2021Q1,accenture,12.491491160111174,existing_ttm,DOL OFLC LCA disclosure data; https://www.dol.gov/agencies/eta/foreign-labor/performance
2021Q1,capgemini,-22.178305559757455,existing_ttm,DOL OFLC LCA disclosure data; https://www.dol.gov/agencies/eta/foreign-labor/performance
2021Q1,coforge,-123.21436812926324,existing_ttm,DOL OFLC LCA disclosure data; https://www.dol.gov/agencies/eta/foreign-labor/performance
2021Q1,cognizant,-48.311954478826166,existing_ttm,DOL OFLC LCA disclosure data; https://www.dol.gov/agencies/eta/foreign-labor/performance
2021Q1,hcltech,-8.898162357378663,existing_ttm,DOL OFLC LCA disclosure data; https://www.dol.gov/agencies/eta/foreign-labor/performance
2021Q1,hexaware,-11.132723531351218,existing_ttm,DOL OFLC LCA disclosure data; https://www.dol.gov/agencies/eta/foreign-labor/performance
2021Q1,infosys,138.31182816378106,existing_ttm,DOL OFLC LCA disclosure data; https://www.dol.gov/agencies/eta/foreign-labor/performance
2021Q1,ltim,-10.81199998757641,existing_ttm,DOL OFLC LCA disclosure data; https://www.dol.gov/agencies/eta/foreign-labor/performance
2021Q1,mphasis,35.654930790615296,existing_ttm,DOL OFLC LCA disclosure data; https://www.dol.gov/agencies/eta/foreign-labor/performance
2021Q1,persistent,-27.731928541623436,existing_ttm,DOL OFLC LCA disclosure data; https://www.dol.gov/agencies/eta/foreign-labor/performance
2021Q1,tcs,-5.309441275836658,existing_ttm,DOL OFLC LCA disclosure data; https://www.dol.gov/agencies/eta/foreign-labor/performance
2021Q1,techm,-41.93342300640312,existing_ttm,DOL OFLC LCA disclosure data; https://www.dol.gov/agencies/eta/foreign-labor/performance
2021Q1,wipro,85.05873370376025,existing_ttm,DOL OFLC LCA disclosure data; https://www.dol.gov/agencies/eta/foreign-labor/performance
2021Q1,pooled8,37.31129442805653,existing_ttm,DOL OFLC LCA disclosure data; https://www.dol.gov/agencies/eta/foreign-labor/performance
2021Q2,accenture,-9.440968447107464,existing_ttm,DOL OFLC LCA disclosure data; https://www.dol.gov/agencies/eta/foreign-labor/performance
2021Q2,capgemini,-29.710648031734017,existing_ttm,DOL OFLC LCA disclosure data; https://www.dol.gov/agencies/eta/foreign-labor/performance
2021Q2,coforge,-116.01041380126631,existing_ttm,DOL OFLC LCA disclosure data; https://www.dol.gov/agencies/eta/foreign-labor/performance
2021Q2,cognizant,-18.568608525434783,existing_ttm,DOL OFLC LCA disclosure data; https://www.dol.gov/agencies/eta/foreign-labor/performance
2021Q2,hcltech,-4.676176590803933,existing_ttm,DOL OFLC LCA disclosure data; https://www.dol.gov/agencies/eta/foreign-labor/performance
2021Q2,hexaware,-23.388479314562247,existing_ttm,DOL OFLC LCA disclosure data; https://www.dol.gov/agencies/eta/foreign-labor/performance
2021Q2,infosys,126.54800533759601,existing_ttm,DOL OFLC LCA disclosure data; https://www.dol.gov/agencies/eta/foreign-labor/performance
2021Q2,ltim,-13.491419994327769,existing_ttm,DOL OFLC LCA disclosure data; https://www.dol.gov/agencies/eta/foreign-labor/performance
2021Q2,mphasis,41.94513500829042,existing_ttm,DOL OFLC LCA disclosure data; https://www.dol.gov/agencies/eta/foreign-labor/performance
2021Q2,persistent,-42.06745267716933,existing_ttm,DOL OFLC LCA disclosure data; https://www.dol.gov/agencies/eta/foreign-labor/performance
2021Q2,tcs,1.5167618405789793,existing_ttm,DOL OFLC LCA disclosure data; https://www.dol.gov/agencies/eta/foreign-labor/performance
2021Q2,techm,-50.97169762023266,existing_ttm,DOL OFLC LCA disclosure data; https://www.dol.gov/agencies/eta/foreign-labor/performance
2021Q2,wipro,74.89323633262686,existing_ttm,DOL OFLC LCA disclosure data; https://www.dol.gov/agencies/eta/foreign-labor/performance
2021Q2,pooled8,49.77432990736118,existing_ttm,DOL OFLC LCA disclosure data; https://www.dol.gov/agencies/eta/foreign-labor/performance
2021Q3,accenture,-50.68176023684517,existing_ttm,DOL OFLC LCA disclosure data; https://www.dol.gov/agencies/eta/foreign-labor/performance
2021Q3,capgemini,-72.38672728994993,existing_ttm,DOL OFLC LCA disclosure data; https://www.dol.gov/agencies/eta/foreign-labor/performance
2021Q3,coforge,-93.15582040049435,existing_ttm,DOL OFLC LCA disclosure data; https://www.dol.gov/agencies/eta/foreign-labor/performance
2021Q3,cognizant,-81.55737954771783,existing_ttm,DOL OFLC LCA disclosure data; https://www.dol.gov/agencies/eta/foreign-labor/performance
2021Q3,hcltech,136.87500514689813,existing_ttm,DOL OFLC LCA disclosure data; https://www.dol.gov/agencies/eta/foreign-labor/performance
2021Q3,hexaware,-56.78871336861,existing_ttm,DOL OFLC LCA disclosure data; https://www.dol.gov/agencies/eta/foreign-labor/performance
2021Q3,infosys,142.50325206310518,existing_ttm,DOL OFLC LCA disclosure data; https://www.dol.gov/agencies/eta/foreign-labor/performance
2021Q3,ltim,-25.439966019211692,existing_ttm,DOL OFLC LCA disclosure data; https://www.dol.gov/agencies/eta/foreign-labor/performance
2021Q3,mphasis,29.033811650989726,existing_ttm,DOL OFLC LCA disclosure data; https://www.dol.gov/agencies/eta/foreign-labor/performance
2021Q3,persistent,-47.082028915229145,existing_ttm,DOL OFLC LCA disclosure data; https://www.dol.gov/agencies/eta/foreign-labor/performance
2021Q3,tcs,-43.95310726248589,existing_ttm,DOL OFLC LCA disclosure data; https://www.dol.gov/agencies/eta/foreign-labor/performance
2021Q3,techm,-54.345526462192474,existing_ttm,DOL OFLC LCA disclosure data; https://www.dol.gov/agencies/eta/foreign-labor/performance
2021Q3,wipro,49.32298618756111,existing_ttm,DOL OFLC LCA disclosure data; https://www.dol.gov/agencies/eta/foreign-labor/performance
2021Q3,pooled8,48.720856533116105,existing_ttm,DOL OFLC LCA disclosure data; https://www.dol.gov/agencies/eta/foreign-labor/performance
2021Q4,accenture,-62.21857269970402,existing_ttm,DOL OFLC LCA disclosure data; https://www.dol.gov/agencies/eta/foreign-labor/performance
2021Q4,capgemini,-53.66101334055611,existing_ttm,DOL OFLC LCA disclosure data; https://www.dol.gov/agencies/eta/foreign-labor/performance
2021Q4,coforge,-68.8652790972106,existing_ttm,DOL OFLC LCA disclosure data; https://www.dol.gov/agencies/eta/foreign-labor/performance
2021Q4,cognizant,-52.94008247525274,existing_ttm,DOL OFLC LCA disclosure data; https://www.dol.gov/agencies/eta/foreign-labor/performance
2021Q4,hcltech,135.67365138053157,existing_ttm,DOL OFLC LCA disclosure data; https://www.dol.gov/agencies/eta/foreign-labor/performance
2021Q4,hexaware,-37.65855975934486,existing_ttm,DOL OFLC LCA disclosure data; https://www.dol.gov/agencies/eta/foreign-labor/performance
2021Q4,infosys,155.5090142023594,existing_ttm,DOL OFLC LCA disclosure data; https://www.dol.gov/agencies/eta/foreign-labor/performance
2021Q4,ltim,-7.064316066203209,existing_ttm,DOL OFLC LCA disclosure data; https://www.dol.gov/agencies/eta/foreign-labor/performance
2021Q4,mphasis,3.5127578626698575,existing_ttm,DOL OFLC LCA disclosure data; https://www.dol.gov/agencies/eta/foreign-labor/performance
2021Q4,persistent,-54.159728243274444,existing_ttm,DOL OFLC LCA disclosure data; https://www.dol.gov/agencies/eta/foreign-labor/performance
2021Q4,tcs,-4.257194175898758,existing_ttm,DOL OFLC LCA disclosure data; https://www.dol.gov/agencies/eta/foreign-labor/performance
2021Q4,techm,-33.78649945065163,existing_ttm,DOL OFLC LCA disclosure data; https://www.dol.gov/agencies/eta/foreign-labor/performance
2021Q4,wipro,49.55497216734321,existing_ttm,DOL OFLC LCA disclosure data; https://www.dol.gov/agencies/eta/foreign-labor/performance
2021Q4,pooled8,73.99550332734763,existing_ttm,DOL OFLC LCA disclosure data; https://www.dol.gov/agencies/eta/foreign-labor/performance
2022Q1,accenture,-70.66440112866361,existing_ttm,DOL OFLC LCA disclosure data; https://www.dol.gov/agencies/eta/foreign-labor/performance
2022Q1,capgemini,-47.56726193480946,existing_ttm,DOL OFLC LCA disclosure data; https://www.dol.gov/agencies/eta/foreign-labor/performance
2022Q1,coforge,-18.3751149603549,existing_ttm,DOL OFLC LCA disclosure data; https://www.dol.gov/agencies/eta/foreign-labor/performance
2022Q1,cognizant,-29.774116856618193,existing_ttm,DOL OFLC LCA disclosure data; https://www.dol.gov/agencies/eta/foreign-labor/performance
2022Q1,hcltech,141.06640663671854,existing_ttm,DOL OFLC LCA disclosure data; https://www.dol.gov/agencies/eta/foreign-labor/performance
2022Q1,hexaware,-35.007788867699155,existing_ttm,DOL OFLC LCA disclosure data; https://www.dol.gov/agencies/eta/foreign-labor/performance
2022Q1,infosys,49.37820702933381,existing_ttm,DOL OFLC LCA disclosure data; https://www.dol.gov/agencies/eta/foreign-labor/performance
2022Q1,ltim,-14.205863406222957,existing_ttm,DOL OFLC LCA disclosure data; https://www.dol.gov/agencies/eta/foreign-labor/performance
2022Q1,mphasis,-37.81374478797878,existing_ttm,DOL OFLC LCA disclosure data; https://www.dol.gov/agencies/eta/foreign-labor/performance
2022Q1,persistent,-45.56738036909107,existing_ttm,DOL OFLC LCA disclosure data; https://www.dol.gov/agencies/eta/foreign-labor/performance
2022Q1,tcs,9.83935133265159,existing_ttm,DOL OFLC LCA disclosure data; https://www.dol.gov/agencies/eta/foreign-labor/performance
2022Q1,techm,-38.70584791773653,existing_ttm,DOL OFLC LCA disclosure data; https://www.dol.gov/agencies/eta/foreign-labor/performance
2022Q1,wipro,-75.33320679688723,existing_ttm,DOL OFLC LCA disclosure data; https://www.dol.gov/agencies/eta/foreign-labor/performance
2022Q1,pooled8,28.195229122856976,existing_ttm,DOL OFLC LCA disclosure data; https://www.dol.gov/agencies/eta/foreign-labor/performance
2022Q2,accenture,-66.3876798259832,existing_ttm,DOL OFLC LCA disclosure data; https://www.dol.gov/agencies/eta/foreign-labor/performance
2022Q2,capgemini,-46.66511916928183,existing_ttm,DOL OFLC LCA disclosure data; https://www.dol.gov/agencies/eta/foreign-labor/performance
2022Q2,coforge,-11.723009121321008,existing_ttm,DOL OFLC LCA disclosure data; https://www.dol.gov/agencies/eta/foreign-labor/performance
2022Q2,cognizant,-52.120047862931195,existing_ttm,DOL OFLC LCA disclosure data; https://www.dol.gov/agencies/eta/foreign-labor/performance
2022Q2,hcltech,143.58830529247777,existing_ttm,DOL OFLC LCA disclosure data; https://www.dol.gov/agencies/eta/foreign-labor/performance
2022Q2,hexaware,-20.01908490038077,existing_ttm,DOL OFLC LCA disclosure data; https://www.dol.gov/agencies/eta/foreign-labor/performance
2022Q2,infosys,24.567345249675874,existing_ttm,DOL OFLC LCA disclosure data; https://www.dol.gov/agencies/eta/foreign-labor/performance
2022Q2,ltim,-17.591094159722736,existing_ttm,DOL OFLC LCA disclosure data; https://www.dol.gov/agencies/eta/foreign-labor/performance
2022Q2,mphasis,-41.561747957218245,existing_ttm,DOL OFLC LCA disclosure data; https://www.dol.gov/agencies/eta/foreign-labor/performance
2022Q2,persistent,-38.83706747488643,existing_ttm,DOL OFLC LCA disclosure data; https://www.dol.gov/agencies/eta/foreign-labor/performance
2022Q2,tcs,-14.079824769433458,existing_ttm,DOL OFLC LCA disclosure data; https://www.dol.gov/agencies/eta/foreign-labor/performance
2022Q2,techm,-30.53816495511819,existing_ttm,DOL OFLC LCA disclosure data; https://www.dol.gov/agencies/eta/foreign-labor/performance
2022Q2,wipro,-62.823194063848774,existing_ttm,DOL OFLC LCA disclosure data; https://www.dol.gov/agencies/eta/foreign-labor/performance
2022Q2,pooled8,10.526449239268725,existing_ttm,DOL OFLC LCA disclosure data; https://www.dol.gov/agencies/eta/foreign-labor/performance
2022Q3,accenture,-52.284728072464674,existing_ttm,DOL OFLC LCA disclosure data; https://www.dol.gov/agencies/eta/foreign-labor/performance
2022Q3,capgemini,-8.335694772251195,existing_ttm,DOL OFLC LCA disclosure data; https://www.dol.gov/agencies/eta/foreign-labor/performance
2022Q3,coforge,-19.004360288786497,existing_ttm,DOL OFLC LCA disclosure data; https://www.dol.gov/agencies/eta/foreign-labor/performance
2022Q3,cognizant,-13.518500907059044,existing_ttm,DOL OFLC LCA disclosure data; https://www.dol.gov/agencies/eta/foreign-labor/performance
2022Q3,hcltech,-155.61506473434926,existing_ttm,DOL OFLC LCA disclosure data; https://www.dol.gov/agencies/eta/foreign-labor/performance
2022Q3,hexaware,-2.950066439669799,existing_ttm,DOL OFLC LCA disclosure data; https://www.dol.gov/agencies/eta/foreign-labor/performance
2022Q3,infosys,-8.037572203835982,existing_ttm,DOL OFLC LCA disclosure data; https://www.dol.gov/agencies/eta/foreign-labor/performance
2022Q3,ltim,-18.883169371350586,existing_ttm,DOL OFLC LCA disclosure data; https://www.dol.gov/agencies/eta/foreign-labor/performance
2022Q3,mphasis,-38.83706747488643,existing_ttm,DOL OFLC LCA disclosure data; https://www.dol.gov/agencies/eta/foreign-labor/performance
2022Q3,persistent,-22.641687665917885,existing_ttm,DOL OFLC LCA disclosure data; https://www.dol.gov/agencies/eta/foreign-labor/performance
2022Q3,tcs,22.188489790701365,existing_ttm,DOL OFLC LCA disclosure data; https://www.dol.gov/agencies/eta/foreign-labor/performance
2022Q3,techm,-39.11685865690499,existing_ttm,DOL OFLC LCA disclosure data; https://www.dol.gov/agencies/eta/foreign-labor/performance
2022Q3,wipro,-55.75961325605989,existing_ttm,DOL OFLC LCA disclosure data; https://www.dol.gov/agencies/eta/foreign-labor/performance
2022Q3,pooled8,-18.676985628077762,existing_ttm,DOL OFLC LCA disclosure data; https://www.dol.gov/agencies/eta/foreign-labor/performance
2022Q4,accenture,-28.095001131772317,existing_ttm,DOL OFLC LCA disclosure data; https://www.dol.gov/agencies/eta/foreign-labor/performance
2022Q4,capgemini,-18.762431257774228,existing_ttm,DOL OFLC LCA disclosure data; https://www.dol.gov/agencies/eta/foreign-labor/performance
2022Q4,coforge,-31.34215706533564,existing_ttm,DOL OFLC LCA disclosure data; https://www.dol.gov/agencies/eta/foreign-labor/performance
2022Q4,cognizant,-15.666397259536403,existing_ttm,DOL OFLC LCA disclosure data; https://www.dol.gov/agencies/eta/foreign-labor/performance
2022Q4,hcltech,-153.9363694073532,existing_ttm,DOL OFLC LCA disclosure data; https://www.dol.gov/agencies/eta/foreign-labor/performance
2022Q4,hexaware,-11.985128872044251,existing_ttm,DOL OFLC LCA disclosure data; https://www.dol.gov/agencies/eta/foreign-labor/performance
2022Q4,infosys,-41.63853110640151,existing_ttm,DOL OFLC LCA disclosure data; https://www.dol.gov/agencies/eta/foreign-labor/performance
2022Q4,ltim,-30.2810954048081,existing_ttm,DOL OFLC LCA disclosure data; https://www.dol.gov/agencies/eta/foreign-labor/performance
2022Q4,mphasis,-22.441339275468568,existing_ttm,DOL OFLC LCA disclosure data; https://www.dol.gov/agencies/eta/foreign-labor/performance
2022Q4,persistent,11.08143663402901,existing_ttm,DOL OFLC LCA disclosure data; https://www.dol.gov/agencies/eta/foreign-labor/performance
2022Q4,tcs,-4.276544985409276,existing_ttm,DOL OFLC LCA disclosure data; https://www.dol.gov/agencies/eta/foreign-labor/performance
2022Q4,techm,-46.94184346518385,existing_ttm,DOL OFLC LCA disclosure data; https://www.dol.gov/agencies/eta/foreign-labor/performance
2022Q4,wipro,-60.20947708482202,existing_ttm,DOL OFLC LCA disclosure data; https://www.dol.gov/agencies/eta/foreign-labor/performance
2022Q4,pooled8,-42.65791533404713,existing_ttm,DOL OFLC LCA disclosure data; https://www.dol.gov/agencies/eta/foreign-labor/performance
2023Q1,accenture,-14.604738165434128,existing_ttm,DOL OFLC LCA disclosure data; https://www.dol.gov/agencies/eta/foreign-labor/performance
2023Q1,capgemini,-2.388694988925654,existing_ttm,DOL OFLC LCA disclosure data; https://www.dol.gov/agencies/eta/foreign-labor/performance
2023Q1,coforge,-47.43047111451261,existing_ttm,DOL OFLC LCA disclosure data; https://www.dol.gov/agencies/eta/foreign-labor/performance
2023Q1,cognizant,-15.123483527988718,existing_ttm,DOL OFLC LCA disclosure data; https://www.dol.gov/agencies/eta/foreign-labor/performance
2023Q1,hcltech,-155.4505719375936,existing_ttm,DOL OFLC LCA disclosure data; https://www.dol.gov/agencies/eta/foreign-labor/performance
2023Q1,hexaware,-23.347066547005937,existing_ttm,DOL OFLC LCA disclosure data; https://www.dol.gov/agencies/eta/foreign-labor/performance
2023Q1,infosys,-60.01599768938291,existing_ttm,DOL OFLC LCA disclosure data; https://www.dol.gov/agencies/eta/foreign-labor/performance
2023Q1,ltim,-26.002325676551745,existing_ttm,DOL OFLC LCA disclosure data; https://www.dol.gov/agencies/eta/foreign-labor/performance
2023Q1,mphasis,-0.5148016517401244,existing_ttm,DOL OFLC LCA disclosure data; https://www.dol.gov/agencies/eta/foreign-labor/performance
2023Q1,persistent,24.406144997589053,existing_ttm,DOL OFLC LCA disclosure data; https://www.dol.gov/agencies/eta/foreign-labor/performance
2023Q1,tcs,-17.984016594256925,existing_ttm,DOL OFLC LCA disclosure data; https://www.dol.gov/agencies/eta/foreign-labor/performance
2023Q1,techm,-26.808490349964487,existing_ttm,DOL OFLC LCA disclosure data; https://www.dol.gov/agencies/eta/foreign-labor/performance
2023Q1,wipro,32.61695054376267,existing_ttm,DOL OFLC LCA disclosure data; https://www.dol.gov/agencies/eta/foreign-labor/performance
2023Q1,pooled8,-50.8658479544693,existing_ttm,DOL OFLC LCA disclosure data; https://www.dol.gov/agencies/eta/foreign-labor/performance
2023Q2,accenture,11.627360140752916,existing_ttm,DOL OFLC LCA disclosure data; https://www.dol.gov/agencies/eta/foreign-labor/performance
2023Q2,capgemini,23.96932683031378,existing_ttm,DOL OFLC LCA disclosure data; https://www.dol.gov/agencies/eta/foreign-labor/performance
2023Q2,coforge,-16.750647100881395,existing_ttm,DOL OFLC LCA disclosure data; https://www.dol.gov/agencies/eta/foreign-labor/performance
2023Q2,cognizant,-2.1187005345933265,existing_ttm,DOL OFLC LCA disclosure data; https://www.dol.gov/agencies/eta/foreign-labor/performance
2023Q2,hcltech,-144.9892346731563,existing_ttm,DOL OFLC LCA disclosure data; https://www.dol.gov/agencies/eta/foreign-labor/performance
2023Q2,hexaware,-24.380406627972683,existing_ttm,DOL OFLC LCA disclosure data; https://www.dol.gov/agencies/eta/foreign-labor/performance
2023Q2,infosys,-68.80702000001065,existing_ttm,DOL OFLC LCA disclosure data; https://www.dol.gov/agencies/eta/foreign-labor/performance
2023Q2,ltim,-23.404499429343968,existing_ttm,DOL OFLC LCA disclosure data; https://www.dol.gov/agencies/eta/foreign-labor/performance
2023Q2,mphasis,1.6445658439807196,existing_ttm,DOL OFLC LCA disclosure data; https://www.dol.gov/agencies/eta/foreign-labor/performance
2023Q2,persistent,44.96712006126601,existing_ttm,DOL OFLC LCA disclosure data; https://www.dol.gov/agencies/eta/foreign-labor/performance
2023Q2,tcs,9.154533319116561,existing_ttm,DOL OFLC LCA disclosure data; https://www.dol.gov/agencies/eta/foreign-labor/performance
2023Q2,techm,-14.107859825990548,existing_ttm,DOL OFLC LCA disclosure data; https://www.dol.gov/agencies/eta/foreign-labor/performance
2023Q2,wipro,38.429148492930125,existing_ttm,DOL OFLC LCA disclosure data; https://www.dol.gov/agencies/eta/foreign-labor/performance
2023Q2,pooled8,-50.1105609763196,existing_ttm,DOL OFLC LCA disclosure data; https://www.dol.gov/agencies/eta/foreign-labor/performance
2023Q3,accenture,42.8743919591455,existing_ttm,DOL OFLC LCA disclosure data; https://www.dol.gov/agencies/eta/foreign-labor/performance
2023Q3,capgemini,25.350411028349846,existing_ttm,DOL OFLC LCA disclosure data; https://www.dol.gov/agencies/eta/foreign-labor/performance
2023Q3,coforge,6.744128079553248,existing_ttm,DOL OFLC LCA disclosure data; https://www.dol.gov/agencies/eta/foreign-labor/performance
2023Q3,cognizant,-3.602156353063223,existing_ttm,DOL OFLC LCA disclosure data; https://www.dol.gov/agencies/eta/foreign-labor/performance
2023Q3,hcltech,7.972696805085347,existing_ttm,DOL OFLC LCA disclosure data; https://www.dol.gov/agencies/eta/foreign-labor/performance
2023Q3,hexaware,-4.908961019652363,existing_ttm,DOL OFLC LCA disclosure data; https://www.dol.gov/agencies/eta/foreign-labor/performance
2023Q3,infosys,-70.88682120355098,existing_ttm,DOL OFLC LCA disclosure data; https://www.dol.gov/agencies/eta/foreign-labor/performance
2023Q3,ltim,-7.707301381491172,existing_ttm,DOL OFLC LCA disclosure data; https://www.dol.gov/agencies/eta/foreign-labor/performance
2023Q3,mphasis,-0.3919012200735719,existing_ttm,DOL OFLC LCA disclosure data; https://www.dol.gov/agencies/eta/foreign-labor/performance
2023Q3,persistent,63.40582641899388,existing_ttm,DOL OFLC LCA disclosure data; https://www.dol.gov/agencies/eta/foreign-labor/performance
2023Q3,tcs,-6.125454309710676,existing_ttm,DOL OFLC LCA disclosure data; https://www.dol.gov/agencies/eta/foreign-labor/performance
2023Q3,techm,4.451560526246332,existing_ttm,DOL OFLC LCA disclosure data; https://www.dol.gov/agencies/eta/foreign-labor/performance
2023Q3,wipro,36.671735692240496,existing_ttm,DOL OFLC LCA disclosure data; https://www.dol.gov/agencies/eta/foreign-labor/performance
2023Q3,pooled8,-41.182513003581825,existing_ttm,DOL OFLC LCA disclosure data; https://www.dol.gov/agencies/eta/foreign-labor/performance
2023Q4,accenture,26.451615268243284,existing_ttm,DOL OFLC LCA disclosure data; https://www.dol.gov/agencies/eta/foreign-labor/performance
2023Q4,capgemini,32.50606451942757,existing_ttm,DOL OFLC LCA disclosure data; https://www.dol.gov/agencies/eta/foreign-labor/performance
2023Q4,coforge,5.374427600669061,existing_ttm,DOL OFLC LCA disclosure data; https://www.dol.gov/agencies/eta/foreign-labor/performance
2023Q4,cognizant,-13.198400353433403,existing_ttm,DOL OFLC LCA disclosure data; https://www.dol.gov/agencies/eta/foreign-labor/performance
2023Q4,hcltech,4.876833034665629,existing_ttm,DOL OFLC LCA disclosure data; https://www.dol.gov/agencies/eta/foreign-labor/performance
2023Q4,hexaware,-4.7703797957211185,existing_ttm,DOL OFLC LCA disclosure data; https://www.dol.gov/agencies/eta/foreign-labor/performance
2023Q4,infosys,-78.57767964421255,existing_ttm,DOL OFLC LCA disclosure data; https://www.dol.gov/agencies/eta/foreign-labor/performance
2023Q4,ltim,2.558454070063873,existing_ttm,DOL OFLC LCA disclosure data; https://www.dol.gov/agencies/eta/foreign-labor/performance
2023Q4,mphasis,-5.887900525002274,existing_ttm,DOL OFLC LCA disclosure data; https://www.dol.gov/agencies/eta/foreign-labor/performance
2023Q4,persistent,51.36189216716034,existing_ttm,DOL OFLC LCA disclosure data; https://www.dol.gov/agencies/eta/foreign-labor/performance
2023Q4,tcs,-7.6998096014407285,existing_ttm,DOL OFLC LCA disclosure data; https://www.dol.gov/agencies/eta/foreign-labor/performance
2023Q4,techm,8.37559538398539,existing_ttm,DOL OFLC LCA disclosure data; https://www.dol.gov/agencies/eta/foreign-labor/performance
2023Q4,wipro,32.37654616258674,existing_ttm,DOL OFLC LCA disclosure data; https://www.dol.gov/agencies/eta/foreign-labor/performance
2023Q4,pooled8,-45.10181746043157,existing_ttm,DOL OFLC LCA disclosure data; https://www.dol.gov/agencies/eta/foreign-labor/performance
2024Q1,accenture,27.07959800092568,existing_ttm,DOL OFLC LCA disclosure data; https://www.dol.gov/agencies/eta/foreign-labor/performance
2024Q1,capgemini,11.094630116467838,existing_ttm,DOL OFLC LCA disclosure data; https://www.dol.gov/agencies/eta/foreign-labor/performance
2024Q1,coforge,9.84400728132525,existing_ttm,DOL OFLC LCA disclosure data; https://www.dol.gov/agencies/eta/foreign-labor/performance
2024Q1,cognizant,-29.10294482576577,existing_ttm,DOL OFLC LCA disclosure data; https://www.dol.gov/agencies/eta/foreign-labor/performance
2024Q1,hcltech,-1.258464522907215,existing_ttm,DOL OFLC LCA disclosure data; https://www.dol.gov/agencies/eta/foreign-labor/performance
2024Q1,hexaware,2.730545069026744,existing_ttm,DOL OFLC LCA disclosure data; https://www.dol.gov/agencies/eta/foreign-labor/performance
2024Q1,infosys,-67.40609854834622,existing_ttm,DOL OFLC LCA disclosure data; https://www.dol.gov/agencies/eta/foreign-labor/performance
2024Q1,ltim,3.371966971657118,existing_ttm,DOL OFLC LCA disclosure data; https://www.dol.gov/agencies/eta/foreign-labor/performance
2024Q1,mphasis,-8.759805931798589,existing_ttm,DOL OFLC LCA disclosure data; https://www.dol.gov/agencies/eta/foreign-labor/performance
2024Q1,persistent,40.33397087958509,existing_ttm,DOL OFLC LCA disclosure data; https://www.dol.gov/agencies/eta/foreign-labor/performance
2024Q1,tcs,14.536109645956257,existing_ttm,DOL OFLC LCA disclosure data; https://www.dol.gov/agencies/eta/foreign-labor/performance
2024Q1,techm,6.6249385541200665,existing_ttm,DOL OFLC LCA disclosure data; https://www.dol.gov/agencies/eta/foreign-labor/performance
2024Q1,wipro,-6.34603539172258,existing_ttm,DOL OFLC LCA disclosure data; https://www.dol.gov/agencies/eta/foreign-labor/performance
2024Q1,pooled8,-36.86805069252612,existing_ttm,DOL OFLC LCA disclosure data; https://www.dol.gov/agencies/eta/foreign-labor/performance
2024Q2,accenture,14.242925194316737,existing_ttm,DOL OFLC LCA disclosure data; https://www.dol.gov/agencies/eta/foreign-labor/performance
2024Q2,capgemini,-42.600784263113624,existing_ttm,DOL OFLC LCA disclosure data; https://www.dol.gov/agencies/eta/foreign-labor/performance
2024Q2,coforge,-7.320340402329493,existing_ttm,DOL OFLC LCA disclosure data; https://www.dol.gov/agencies/eta/foreign-labor/performance
2024Q2,cognizant,-25.657669696699376,existing_ttm,DOL OFLC LCA disclosure data; https://www.dol.gov/agencies/eta/foreign-labor/performance
2024Q2,hcltech,-23.724668399627156,existing_ttm,DOL OFLC LCA disclosure data; https://www.dol.gov/agencies/eta/foreign-labor/performance
2024Q2,hexaware,10.232561196267223,existing_ttm,DOL OFLC LCA disclosure data; https://www.dol.gov/agencies/eta/foreign-labor/performance
2024Q2,infosys,-91.61668468393087,existing_ttm,DOL OFLC LCA disclosure data; https://www.dol.gov/agencies/eta/foreign-labor/performance
2024Q2,ltim,9.249011936494496,existing_ttm,DOL OFLC LCA disclosure data; https://www.dol.gov/agencies/eta/foreign-labor/performance
2024Q2,mphasis,-13.982467960031187,existing_ttm,DOL OFLC LCA disclosure data; https://www.dol.gov/agencies/eta/foreign-labor/performance
2024Q2,persistent,18.232155679395458,existing_ttm,DOL OFLC LCA disclosure data; https://www.dol.gov/agencies/eta/foreign-labor/performance
2024Q2,tcs,-12.254555533745174,existing_ttm,DOL OFLC LCA disclosure data; https://www.dol.gov/agencies/eta/foreign-labor/performance
2024Q2,techm,-0.2890175422233386,existing_ttm,DOL OFLC LCA disclosure data; https://www.dol.gov/agencies/eta/foreign-labor/performance
2024Q2,wipro,-21.214391865007293,existing_ttm,DOL OFLC LCA disclosure data; https://www.dol.gov/agencies/eta/foreign-labor/performance
2024Q2,pooled8,-49.88013856943688,existing_ttm,DOL OFLC LCA disclosure data; https://www.dol.gov/agencies/eta/foreign-labor/performance
2024Q3,accenture,-14.042551240614323,existing_ttm,DOL OFLC LCA disclosure data; https://www.dol.gov/agencies/eta/foreign-labor/performance
2024Q3,capgemini,-41.72568462302018,existing_ttm,DOL OFLC LCA disclosure data; https://www.dol.gov/agencies/eta/foreign-labor/performance
2024Q3,coforge,18.774162426329386,existing_ttm,DOL OFLC LCA disclosure data; https://www.dol.gov/agencies/eta/foreign-labor/performance
2024Q3,cognizant,-15.098384257574878,existing_ttm,DOL OFLC LCA disclosure data; https://www.dol.gov/agencies/eta/foreign-labor/performance
2024Q3,hcltech,-21.423597342309712,existing_ttm,DOL OFLC LCA disclosure data; https://www.dol.gov/agencies/eta/foreign-labor/performance
2024Q3,hexaware,6.9831094503340045,existing_ttm,DOL OFLC LCA disclosure data; https://www.dol.gov/agencies/eta/foreign-labor/performance
2024Q3,infosys,-100.26760101605477,existing_ttm,DOL OFLC LCA disclosure data; https://www.dol.gov/agencies/eta/foreign-labor/performance
2024Q3,ltim,8.265572196406918,existing_ttm,DOL OFLC LCA disclosure data; https://www.dol.gov/agencies/eta/foreign-labor/performance
2024Q3,mphasis,-2.5183570786961016,existing_ttm,DOL OFLC LCA disclosure data; https://www.dol.gov/agencies/eta/foreign-labor/performance
2024Q3,persistent,-12.487332988140803,existing_ttm,DOL OFLC LCA disclosure data; https://www.dol.gov/agencies/eta/foreign-labor/performance
2024Q3,tcs,-2.9251666047855016,existing_ttm,DOL OFLC LCA disclosure data; https://www.dol.gov/agencies/eta/foreign-labor/performance
2024Q3,techm,-6.829087075612166,existing_ttm,DOL OFLC LCA disclosure data; https://www.dol.gov/agencies/eta/foreign-labor/performance
2024Q3,wipro,-23.34012819999824,existing_ttm,DOL OFLC LCA disclosure data; https://www.dol.gov/agencies/eta/foreign-labor/performance
2024Q3,pooled8,-48.548711072863185,existing_ttm,DOL OFLC LCA disclosure data; https://www.dol.gov/agencies/eta/foreign-labor/performance
2024Q4,accenture,-2.769757078633187,existing_ttm,DOL OFLC LCA disclosure data; https://www.dol.gov/agencies/eta/foreign-labor/performance
2024Q4,capgemini,-37.923637929630026,existing_ttm,DOL OFLC LCA disclosure data; https://www.dol.gov/agencies/eta/foreign-labor/performance
2024Q4,coforge,55.6287997842748,existing_ttm,DOL OFLC LCA disclosure data; https://www.dol.gov/agencies/eta/foreign-labor/performance
2024Q4,cognizant,2.7576561611213064,existing_ttm,DOL OFLC LCA disclosure data; https://www.dol.gov/agencies/eta/foreign-labor/performance
2024Q4,hcltech,-19.40936333548825,existing_ttm,DOL OFLC LCA disclosure data; https://www.dol.gov/agencies/eta/foreign-labor/performance
2024Q4,hexaware,21.06884574952293,existing_ttm,DOL OFLC LCA disclosure data; https://www.dol.gov/agencies/eta/foreign-labor/performance
2024Q4,infosys,-93.26659896143725,existing_ttm,DOL OFLC LCA disclosure data; https://www.dol.gov/agencies/eta/foreign-labor/performance
2024Q4,ltim,13.982654394499924,existing_ttm,DOL OFLC LCA disclosure data; https://www.dol.gov/agencies/eta/foreign-labor/performance
2024Q4,mphasis,6.268370229368675,existing_ttm,DOL OFLC LCA disclosure data; https://www.dol.gov/agencies/eta/foreign-labor/performance
2024Q4,persistent,-18.819652123697537,existing_ttm,DOL OFLC LCA disclosure data; https://www.dol.gov/agencies/eta/foreign-labor/performance
2024Q4,tcs,4.881398532023293,existing_ttm,DOL OFLC LCA disclosure data; https://www.dol.gov/agencies/eta/foreign-labor/performance
2024Q4,techm,-1.8827493137973446,existing_ttm,DOL OFLC LCA disclosure data; https://www.dol.gov/agencies/eta/foreign-labor/performance
2024Q4,wipro,-27.55075855820419,existing_ttm,DOL OFLC LCA disclosure data; https://www.dol.gov/agencies/eta/foreign-labor/performance
2024Q4,pooled8,-36.83686655359638,existing_ttm,DOL OFLC LCA disclosure data; https://www.dol.gov/agencies/eta/foreign-labor/performance
2025Q1,accenture,-1.7929660049285903,existing_ttm,DOL OFLC LCA disclosure data; https://www.dol.gov/agencies/eta/foreign-labor/performance
2025Q1,capgemini,-22.71091877075567,existing_ttm,DOL OFLC LCA disclosure data; https://www.dol.gov/agencies/eta/foreign-labor/performance
2025Q1,coforge,73.89567165912395,existing_ttm,DOL OFLC LCA disclosure data; https://www.dol.gov/agencies/eta/foreign-labor/performance
2025Q1,cognizant,20.166169618606602,existing_ttm,DOL OFLC LCA disclosure data; https://www.dol.gov/agencies/eta/foreign-labor/performance
2025Q1,hcltech,-17.372819175085933,existing_ttm,DOL OFLC LCA disclosure data; https://www.dol.gov/agencies/eta/foreign-labor/performance
2025Q1,hexaware,27.75297009877629,existing_ttm,DOL OFLC LCA disclosure data; https://www.dol.gov/agencies/eta/foreign-labor/performance
2025Q1,infosys,-88.43626437763848,existing_ttm,DOL OFLC LCA disclosure data; https://www.dol.gov/agencies/eta/foreign-labor/performance
2025Q1,ltim,60.24983128569975,existing_ttm,DOL OFLC LCA disclosure data; https://www.dol.gov/agencies/eta/foreign-labor/performance
2025Q1,mphasis,13.792314320550162,existing_ttm,DOL OFLC LCA disclosure data; https://www.dol.gov/agencies/eta/foreign-labor/performance
2025Q1,persistent,-7.051378432765813,existing_ttm,DOL OFLC LCA disclosure data; https://www.dol.gov/agencies/eta/foreign-labor/performance
2025Q1,tcs,-40.63040343318639,existing_ttm,DOL OFLC LCA disclosure data; https://www.dol.gov/agencies/eta/foreign-labor/performance
2025Q1,techm,-5.114335811018741,existing_ttm,DOL OFLC LCA disclosure data; https://www.dol.gov/agencies/eta/foreign-labor/performance
2025Q1,wipro,-15.44380774438363,existing_ttm,DOL OFLC LCA disclosure data; https://www.dol.gov/agencies/eta/foreign-labor/performance
2025Q1,pooled8,-32.08651707395303,existing_ttm,DOL OFLC LCA disclosure data; https://www.dol.gov/agencies/eta/foreign-labor/performance
2025Q2,accenture,-1.5845401948563738,existing_ttm,DOL OFLC LCA disclosure data; https://www.dol.gov/agencies/eta/foreign-labor/performance
2025Q2,capgemini,26.24219695368975,existing_ttm,DOL OFLC LCA disclosure data; https://www.dol.gov/agencies/eta/foreign-labor/performance
2025Q2,coforge,72.12301493027707,existing_ttm,DOL OFLC LCA disclosure data; https://www.dol.gov/agencies/eta/foreign-labor/performance
2025Q2,cognizant,21.087415249450732,existing_ttm,DOL OFLC LCA disclosure data; https://www.dol.gov/agencies/eta/foreign-labor/performance
2025Q2,hcltech,-5.403799731247304,existing_ttm,DOL OFLC LCA disclosure data; https://www.dol.gov/agencies/eta/foreign-labor/performance
2025Q2,hexaware,12.552066887844356,existing_ttm,DOL OFLC LCA disclosure data; https://www.dol.gov/agencies/eta/foreign-labor/performance
2025Q2,infosys,-70.78097424204883,existing_ttm,DOL OFLC LCA disclosure data; https://www.dol.gov/agencies/eta/foreign-labor/performance
2025Q2,ltim,58.947483604946115,existing_ttm,DOL OFLC LCA disclosure data; https://www.dol.gov/agencies/eta/foreign-labor/performance
2025Q2,mphasis,18.759861389479834,existing_ttm,DOL OFLC LCA disclosure data; https://www.dol.gov/agencies/eta/foreign-labor/performance
2025Q2,persistent,12.675170563914381,existing_ttm,DOL OFLC LCA disclosure data; https://www.dol.gov/agencies/eta/foreign-labor/performance
2025Q2,tcs,-9.976416410869877,existing_ttm,DOL OFLC LCA disclosure data; https://www.dol.gov/agencies/eta/foreign-labor/performance
2025Q2,techm,-7.199509953005053,existing_ttm,DOL OFLC LCA disclosure data; https://www.dol.gov/agencies/eta/foreign-labor/performance
2025Q2,wipro,-15.256652108012178,existing_ttm,DOL OFLC LCA disclosure data; https://www.dol.gov/agencies/eta/foreign-labor/performance
2025Q2,pooled8,-15.097703422160565,existing_ttm,DOL OFLC LCA disclosure data; https://www.dol.gov/agencies/eta/foreign-labor/performance
2025Q3,accenture,5.024312483187223,existing_ttm,DOL OFLC LCA disclosure data; https://www.dol.gov/agencies/eta/foreign-labor/performance
2025Q3,capgemini,17.600779128371872,existing_ttm,DOL OFLC LCA disclosure data; https://www.dol.gov/agencies/eta/foreign-labor/performance
2025Q3,coforge,12.675170563914381,existing_ttm,DOL OFLC LCA disclosure data; https://www.dol.gov/agencies/eta/foreign-labor/performance
2025Q3,cognizant,16.609402017219786,existing_ttm,DOL OFLC LCA disclosure data; https://www.dol.gov/agencies/eta/foreign-labor/performance
2025Q3,hcltech,-9.114567612808475,existing_ttm,DOL OFLC LCA disclosure data; https://www.dol.gov/agencies/eta/foreign-labor/performance
2025Q3,hexaware,3.174869831458027,existing_ttm,DOL OFLC LCA disclosure data; https://www.dol.gov/agencies/eta/foreign-labor/performance
2025Q3,infosys,1.2915749981488176,existing_ttm,DOL OFLC LCA disclosure data; https://www.dol.gov/agencies/eta/foreign-labor/performance
2025Q3,ltim,53.59764031880082,existing_ttm,DOL OFLC LCA disclosure data; https://www.dol.gov/agencies/eta/foreign-labor/performance
2025Q3,mphasis,13.185213110480253,existing_ttm,DOL OFLC LCA disclosure data; https://www.dol.gov/agencies/eta/foreign-labor/performance
2025Q3,persistent,21.22469600899965,existing_ttm,DOL OFLC LCA disclosure data; https://www.dol.gov/agencies/eta/foreign-labor/performance
2025Q3,tcs,-9.612153887520403,existing_ttm,DOL OFLC LCA disclosure data; https://www.dol.gov/agencies/eta/foreign-labor/performance
2025Q3,techm,-5.248117811464093,existing_ttm,DOL OFLC LCA disclosure data; https://www.dol.gov/agencies/eta/foreign-labor/performance
2025Q3,wipro,-11.590057585572735,existing_ttm,DOL OFLC LCA disclosure data; https://www.dol.gov/agencies/eta/foreign-labor/performance
2025Q3,pooled8,4.331074535455295,existing_ttm,DOL OFLC LCA disclosure data; https://www.dol.gov/agencies/eta/foreign-labor/performance
2025Q4,accenture,-5.7808608921372215,existing_ttm,DOL OFLC LCA disclosure data; https://www.dol.gov/agencies/eta/foreign-labor/performance
2025Q4,capgemini,7.670645865002822,existing_ttm,DOL OFLC LCA disclosure data; https://www.dol.gov/agencies/eta/foreign-labor/performance
2025Q4,coforge,-48.88467170472155,existing_ttm,DOL OFLC LCA disclosure data; https://www.dol.gov/agencies/eta/foreign-labor/performance
2025Q4,cognizant,7.530698087832974,existing_ttm,DOL OFLC LCA disclosure data; https://www.dol.gov/agencies/eta/foreign-labor/performance
2025Q4,hcltech,-17.51364033123907,existing_ttm,DOL OFLC LCA disclosure data; https://www.dol.gov/agencies/eta/foreign-labor/performance
2025Q4,hexaware,-9.980575791648644,existing_ttm,DOL OFLC LCA disclosure data; https://www.dol.gov/agencies/eta/foreign-labor/performance
2025Q4,infosys,25.441674509554485,existing_ttm,DOL OFLC LCA disclosure data; https://www.dol.gov/agencies/eta/foreign-labor/performance
2025Q4,ltim,41.31871542020747,existing_ttm,DOL OFLC LCA disclosure data; https://www.dol.gov/agencies/eta/foreign-labor/performance
2025Q4,mphasis,10.333314547532419,existing_ttm,DOL OFLC LCA disclosure data; https://www.dol.gov/agencies/eta/foreign-labor/performance
2025Q4,persistent,22.11213059334419,existing_ttm,DOL OFLC LCA disclosure data; https://www.dol.gov/agencies/eta/foreign-labor/performance
2025Q4,tcs,-16.5597020893283,existing_ttm,DOL OFLC LCA disclosure data; https://www.dol.gov/agencies/eta/foreign-labor/performance
2025Q4,techm,-15.634607039069397,existing_ttm,DOL OFLC LCA disclosure data; https://www.dol.gov/agencies/eta/foreign-labor/performance
2025Q4,wipro,-12.45824790453072,existing_ttm,DOL OFLC LCA disclosure data; https://www.dol.gov/agencies/eta/foreign-labor/performance
2025Q4,pooled8,6.408985590907728,existing_ttm,DOL OFLC LCA disclosure data; https://www.dol.gov/agencies/eta/foreign-labor/performance
2026Q1,accenture,-5.963573959647426,existing_ttm,DOL OFLC LCA disclosure data; https://www.dol.gov/agencies/eta/foreign-labor/performance
2026Q1,capgemini,6.288151992994173,existing_ttm,DOL OFLC LCA disclosure data; https://www.dol.gov/agencies/eta/foreign-labor/performance
2026Q1,coforge,-74.52263296048349,existing_ttm,DOL OFLC LCA disclosure data; https://www.dol.gov/agencies/eta/foreign-labor/performance
2026Q1,cognizant,5.598651647117311,existing_ttm,DOL OFLC LCA disclosure data; https://www.dol.gov/agencies/eta/foreign-labor/performance
2026Q1,hcltech,-11.083180510841599,existing_ttm,DOL OFLC LCA disclosure data; https://www.dol.gov/agencies/eta/foreign-labor/performance
2026Q1,hexaware,-11.618991758803542,existing_ttm,DOL OFLC LCA disclosure data; https://www.dol.gov/agencies/eta/foreign-labor/performance
2026Q1,infosys,61.81833677393711,existing_ttm,DOL OFLC LCA disclosure data; https://www.dol.gov/agencies/eta/foreign-labor/performance
2026Q1,ltim,-51.11006890957404,existing_ttm,DOL OFLC LCA disclosure data; https://www.dol.gov/agencies/eta/foreign-labor/performance
2026Q1,mphasis,6.415501202452939,existing_ttm,DOL OFLC LCA disclosure data; https://www.dol.gov/agencies/eta/foreign-labor/performance
2026Q1,persistent,6.196672374919984,existing_ttm,DOL OFLC LCA disclosure data; https://www.dol.gov/agencies/eta/foreign-labor/performance
2026Q1,tcs,6.890894014274172,existing_ttm,DOL OFLC LCA disclosure data; https://www.dol.gov/agencies/eta/foreign-labor/performance
2026Q1,techm,-13.631959818418583,existing_ttm,DOL OFLC LCA disclosure data; https://www.dol.gov/agencies/eta/foreign-labor/performance
2026Q1,wipro,-17.15149677365944,existing_ttm,DOL OFLC LCA disclosure data; https://www.dol.gov/agencies/eta/foreign-labor/performance
2026Q1,pooled8,16.64834015599584,existing_ttm,DOL OFLC LCA disclosure data; https://www.dol.gov/agencies/eta/foreign-labor/performance
2026Q2,accenture,-14.38519276266838,existing_ttm,DOL OFLC LCA disclosure data; https://www.dol.gov/agencies/eta/foreign-labor/performance
2026Q2,capgemini,-2.571737290780598,existing_ttm,DOL OFLC LCA disclosure data; https://www.dol.gov/agencies/eta/foreign-labor/performance
2026Q2,coforge,-66.58313699129825,existing_ttm,DOL OFLC LCA disclosure data; https://www.dol.gov/agencies/eta/foreign-labor/performance
2026Q2,cognizant,-9.982599279700928,existing_ttm,DOL OFLC LCA disclosure data; https://www.dol.gov/agencies/eta/foreign-labor/performance
2026Q2,hcltech,-24.54618332772759,existing_ttm,DOL OFLC LCA disclosure data; https://www.dol.gov/agencies/eta/foreign-labor/performance
2026Q2,hexaware,-13.161824874656212,existing_ttm,DOL OFLC LCA disclosure data; https://www.dol.gov/agencies/eta/foreign-labor/performance
2026Q2,infosys,80.67311758244416,existing_ttm,DOL OFLC LCA disclosure data; https://www.dol.gov/agencies/eta/foreign-labor/performance
2026Q2,ltim,-65.68655986121107,existing_ttm,DOL OFLC LCA disclosure data; https://www.dol.gov/agencies/eta/foreign-labor/performance
2026Q2,mphasis,0.47732787526575904,existing_ttm,DOL OFLC LCA disclosure data; https://www.dol.gov/agencies/eta/foreign-labor/performance
2026Q2,persistent,-11.332868530700312,existing_ttm,DOL OFLC LCA disclosure data; https://www.dol.gov/agencies/eta/foreign-labor/performance
2026Q2,tcs,-38.218325422240355,existing_ttm,DOL OFLC LCA disclosure data; https://www.dol.gov/agencies/eta/foreign-labor/performance
2026Q2,techm,-7.255397028698763,existing_ttm,DOL OFLC LCA disclosure data; https://www.dol.gov/agencies/eta/foreign-labor/performance
2026Q2,wipro,-33.54339946175837,existing_ttm,DOL OFLC LCA disclosure data; https://www.dol.gov/agencies/eta/foreign-labor/performance
2026Q2,pooled8,7.955224908493354,existing_ttm,DOL OFLC LCA disclosure data; https://www.dol.gov/agencies/eta/foreign-labor/performance
