cal_q,firm,value,series,source
2016Q3,accenture,-0.9875312534399074,total_ttm,DOL OFLC LCA disclosure data; https://www.dol.gov/agencies/eta/foreign-labor/performance
2016Q3,capgemini,96.04107644701439,total_ttm,DOL OFLC LCA disclosure data; https://www.dol.gov/agencies/eta/foreign-labor/performance
2016Q3,coforge,0.3710579396535553,total_ttm,DOL OFLC LCA disclosure data; https://www.dol.gov/agencies/eta/foreign-labor/performance
2016Q3,cognizant,32.177488993346145,total_ttm,DOL OFLC LCA disclosure data; https://www.dol.gov/agencies/eta/foreign-labor/performance
2016Q3,hcltech,-21.721851610335015,total_ttm,DOL OFLC LCA disclosure data; https://www.dol.gov/agencies/eta/foreign-labor/performance
2016Q3,hexaware,-7.873807604687159,total_ttm,DOL OFLC LCA disclosure data; https://www.dol.gov/agencies/eta/foreign-labor/performance
2016Q3,infosys,-27.145531810570333,total_ttm,DOL OFLC LCA disclosure data; https://www.dol.gov/agencies/eta/foreign-labor/performance
2016Q3,ltim,-23.3913373498265,total_ttm,DOL OFLC LCA disclosure data; https://www.dol.gov/agencies/eta/foreign-labor/performance
2016Q3,mphasis,-25.747623039471506,total_ttm,DOL OFLC LCA disclosure data; https://www.dol.gov/agencies/eta/foreign-labor/performance
2016Q3,persistent,-29.649270213393574,total_ttm,DOL OFLC LCA disclosure data; https://www.dol.gov/agencies/eta/foreign-labor/performance
2016Q3,tcs,-22.887982139134905,total_ttm,DOL OFLC LCA disclosure data; https://www.dol.gov/agencies/eta/foreign-labor/performance
2016Q3,techm,38.86610051141437,total_ttm,DOL OFLC LCA disclosure data; https://www.dol.gov/agencies/eta/foreign-labor/performance
2016Q3,wipro,-7.206678755836279,total_ttm,DOL OFLC LCA disclosure data; https://www.dol.gov/agencies/eta/foreign-labor/performance
2016Q3,pooled8,-12.530312857389367,total_ttm,DOL OFLC LCA disclosure data; https://www.dol.gov/agencies/eta/foreign-labor/performance
2016Q3,pooled_mid,72.84305310967216,total_ttm,DOL OFLC LCA disclosure data; https://www.dol.gov/agencies/eta/foreign-labor/performance
2016Q4,accenture,-6.853718681285528,total_ttm,DOL OFLC LCA disclosure data; https://www.dol.gov/agencies/eta/foreign-labor/performance
2016Q4,capgemini,97.55028490919392,total_ttm,DOL OFLC LCA disclosure data; https://www.dol.gov/agencies/eta/foreign-labor/performance
2016Q4,coforge,-5.445991713238099,total_ttm,DOL OFLC LCA disclosure data; https://www.dol.gov/agencies/eta/foreign-labor/performance
2016Q4,cognizant,-0.0793965901176512,total_ttm,DOL OFLC LCA disclosure data; https://www.dol.gov/agencies/eta/foreign-labor/performance
2016Q4,hcltech,-15.679789757188999,total_ttm,DOL OFLC LCA disclosure data; https://www.dol.gov/agencies/eta/foreign-labor/performance
2016Q4,hexaware,-7.365823074744552,total_ttm,DOL OFLC LCA disclosure data; https://www.dol.gov/agencies/eta/foreign-labor/performance
2016Q4,infosys,-17.1298686579991,total_ttm,DOL OFLC LCA disclosure data; https://www.dol.gov/agencies/eta/foreign-labor/performance
2016Q4,ltim,-23.100869986972658,total_ttm,DOL OFLC LCA disclosure data; https://www.dol.gov/agencies/eta/foreign-labor/performance
2016Q4,mphasis,-16.277142287116536,total_ttm,DOL OFLC LCA disclosure data; https://www.dol.gov/agencies/eta/foreign-labor/performance
2016Q4,persistent,-31.064054200768883,total_ttm,DOL OFLC LCA disclosure data; https://www.dol.gov/agencies/eta/foreign-labor/performance
2016Q4,tcs,-21.260168592636116,total_ttm,DOL OFLC LCA disclosure data; https://www.dol.gov/agencies/eta/foreign-labor/performance
2016Q4,techm,39.34975167338012,total_ttm,DOL OFLC LCA disclosure data; https://www.dol.gov/agencies/eta/foreign-labor/performance
2016Q4,wipro,-32.56750532909492,total_ttm,DOL OFLC LCA disclosure data; https://www.dol.gov/agencies/eta/foreign-labor/performance
2016Q4,pooled8,-13.130865548725426,total_ttm,DOL OFLC LCA disclosure data; https://www.dol.gov/agencies/eta/foreign-labor/performance
2016Q4,pooled_mid,74.76512705430586,total_ttm,DOL OFLC LCA disclosure data; https://www.dol.gov/agencies/eta/foreign-labor/performance
2017Q1,accenture,-14.489075060241491,total_ttm,DOL OFLC LCA disclosure data; https://www.dol.gov/agencies/eta/foreign-labor/performance
2017Q1,capgemini,50.576528555693244,total_ttm,DOL OFLC LCA disclosure data; https://www.dol.gov/agencies/eta/foreign-labor/performance
2017Q1,coforge,-17.848278048678893,total_ttm,DOL OFLC LCA disclosure data; https://www.dol.gov/agencies/eta/foreign-labor/performance
2017Q1,cognizant,-21.49062198480564,total_ttm,DOL OFLC LCA disclosure data; https://www.dol.gov/agencies/eta/foreign-labor/performance
2017Q1,hcltech,-17.981214518852884,total_ttm,DOL OFLC LCA disclosure data; https://www.dol.gov/agencies/eta/foreign-labor/performance
2017Q1,hexaware,8.272430877570965,total_ttm,DOL OFLC LCA disclosure data; https://www.dol.gov/agencies/eta/foreign-labor/performance
2017Q1,infosys,-29.845116851691202,total_ttm,DOL OFLC LCA disclosure data; https://www.dol.gov/agencies/eta/foreign-labor/performance
2017Q1,ltim,-41.84477051832743,total_ttm,DOL OFLC LCA disclosure data; https://www.dol.gov/agencies/eta/foreign-labor/performance
2017Q1,mphasis,19.070575224880486,total_ttm,DOL OFLC LCA disclosure data; https://www.dol.gov/agencies/eta/foreign-labor/performance
2017Q1,persistent,-22.19306948890005,total_ttm,DOL OFLC LCA disclosure data; https://www.dol.gov/agencies/eta/foreign-labor/performance
2017Q1,tcs,-5.770472666883986,total_ttm,DOL OFLC LCA disclosure data; https://www.dol.gov/agencies/eta/foreign-labor/performance
2017Q1,techm,-10.550580114406182,total_ttm,DOL OFLC LCA disclosure data; https://www.dol.gov/agencies/eta/foreign-labor/performance
2017Q1,wipro,-64.74287187491441,total_ttm,DOL OFLC LCA disclosure data; https://www.dol.gov/agencies/eta/foreign-labor/performance
2017Q1,pooled8,-24.399079651164918,total_ttm,DOL OFLC LCA disclosure data; https://www.dol.gov/agencies/eta/foreign-labor/performance
2017Q1,pooled_mid,42.449545957856465,total_ttm,DOL OFLC LCA disclosure data; https://www.dol.gov/agencies/eta/foreign-labor/performance
2017Q2,accenture,-31.887209740431466,total_ttm,DOL OFLC LCA disclosure data; https://www.dol.gov/agencies/eta/foreign-labor/performance
2017Q2,capgemini,43.41718429067418,total_ttm,DOL OFLC LCA disclosure data; https://www.dol.gov/agencies/eta/foreign-labor/performance
2017Q2,coforge,-13.014729464028205,total_ttm,DOL OFLC LCA disclosure data; https://www.dol.gov/agencies/eta/foreign-labor/performance
2017Q2,cognizant,-51.27128618821607,total_ttm,DOL OFLC LCA disclosure data; https://www.dol.gov/agencies/eta/foreign-labor/performance
2017Q2,hcltech,-15.178112277332719,total_ttm,DOL OFLC LCA disclosure data; https://www.dol.gov/agencies/eta/foreign-labor/performance
2017Q2,hexaware,-3.62252041734828,total_ttm,DOL OFLC LCA disclosure data; https://www.dol.gov/agencies/eta/foreign-labor/performance
2017Q2,infosys,-23.66214102990041,total_ttm,DOL OFLC LCA disclosure data; https://www.dol.gov/agencies/eta/foreign-labor/performance
2017Q2,ltim,-40.23166891608531,total_ttm,DOL OFLC LCA disclosure data; https://www.dol.gov/agencies/eta/foreign-labor/performance
2017Q2,mphasis,30.3322053433962,total_ttm,DOL OFLC LCA disclosure data; https://www.dol.gov/agencies/eta/foreign-labor/performance
2017Q2,persistent,-19.35518943235084,total_ttm,DOL OFLC LCA disclosure data; https://www.dol.gov/agencies/eta/foreign-labor/performance
2017Q2,tcs,0.23139789051024579,total_ttm,DOL OFLC LCA disclosure data; https://www.dol.gov/agencies/eta/foreign-labor/performance
2017Q2,techm,-8.713341006074346,total_ttm,DOL OFLC LCA disclosure data; https://www.dol.gov/agencies/eta/foreign-labor/performance
2017Q2,wipro,-84.28323212892288,total_ttm,DOL OFLC LCA disclosure data; https://www.dol.gov/agencies/eta/foreign-labor/performance
2017Q2,pooled8,-25.640150162827712,total_ttm,DOL OFLC LCA disclosure data; https://www.dol.gov/agencies/eta/foreign-labor/performance
2017Q2,pooled_mid,36.80454027994037,total_ttm,DOL OFLC LCA disclosure data; https://www.dol.gov/agencies/eta/foreign-labor/performance
2017Q3,accenture,-34.78266046422661,total_ttm,DOL OFLC LCA disclosure data; https://www.dol.gov/agencies/eta/foreign-labor/performance
2017Q3,capgemini,-68.65047395624813,total_ttm,DOL OFLC LCA disclosure data; https://www.dol.gov/agencies/eta/foreign-labor/performance
2017Q3,coforge,-1.869213301215252,total_ttm,DOL OFLC LCA disclosure data; https://www.dol.gov/agencies/eta/foreign-labor/performance
2017Q3,cognizant,-52.95678055757313,total_ttm,DOL OFLC LCA disclosure data; https://www.dol.gov/agencies/eta/foreign-labor/performance
2017Q3,hcltech,-14.792308236324207,total_ttm,DOL OFLC LCA disclosure data; https://www.dol.gov/agencies/eta/foreign-labor/performance
2017Q3,hexaware,-6.617199514531011,total_ttm,DOL OFLC LCA disclosure data; https://www.dol.gov/agencies/eta/foreign-labor/performance
2017Q3,infosys,-20.67223099078838,total_ttm,DOL OFLC LCA disclosure data; https://www.dol.gov/agencies/eta/foreign-labor/performance
2017Q3,ltim,-35.72817400738559,total_ttm,DOL OFLC LCA disclosure data; https://www.dol.gov/agencies/eta/foreign-labor/performance
2017Q3,mphasis,26.841617043304954,total_ttm,DOL OFLC LCA disclosure data; https://www.dol.gov/agencies/eta/foreign-labor/performance
2017Q3,persistent,-21.65283121954905,total_ttm,DOL OFLC LCA disclosure data; https://www.dol.gov/agencies/eta/foreign-labor/performance
2017Q3,tcs,2.7465133632399232,total_ttm,DOL OFLC LCA disclosure data; https://www.dol.gov/agencies/eta/foreign-labor/performance
2017Q3,techm,-0.3746001601195003,total_ttm,DOL OFLC LCA disclosure data; https://www.dol.gov/agencies/eta/foreign-labor/performance
2017Q3,wipro,-66.11295742397964,total_ttm,DOL OFLC LCA disclosure data; https://www.dol.gov/agencies/eta/foreign-labor/performance
2017Q3,pooled8,-21.658215803681784,total_ttm,DOL OFLC LCA disclosure data; https://www.dol.gov/agencies/eta/foreign-labor/performance
2017Q3,pooled_mid,-56.67906127440534,total_ttm,DOL OFLC LCA disclosure data; https://www.dol.gov/agencies/eta/foreign-labor/performance
2017Q4,accenture,-34.180152216929685,total_ttm,DOL OFLC LCA disclosure data; https://www.dol.gov/agencies/eta/foreign-labor/performance
2017Q4,capgemini,-73.30337173028252,total_ttm,DOL OFLC LCA disclosure data; https://www.dol.gov/agencies/eta/foreign-labor/performance
2017Q4,coforge,0.0,total_ttm,DOL OFLC LCA disclosure data; https://www.dol.gov/agencies/eta/foreign-labor/performance
2017Q4,cognizant,-58.937649035621874,total_ttm,DOL OFLC LCA disclosure data; https://www.dol.gov/agencies/eta/foreign-labor/performance
2017Q4,hcltech,-27.188436810274403,total_ttm,DOL OFLC LCA disclosure data; https://www.dol.gov/agencies/eta/foreign-labor/performance
2017Q4,hexaware,-15.640141226513737,total_ttm,DOL OFLC LCA disclosure data; https://www.dol.gov/agencies/eta/foreign-labor/performance
2017Q4,infosys,-31.22511378248963,total_ttm,DOL OFLC LCA disclosure data; https://www.dol.gov/agencies/eta/foreign-labor/performance
2017Q4,ltim,-29.83754231012943,total_ttm,DOL OFLC LCA disclosure data; https://www.dol.gov/agencies/eta/foreign-labor/performance
2017Q4,mphasis,21.401106775093716,total_ttm,DOL OFLC LCA disclosure data; https://www.dol.gov/agencies/eta/foreign-labor/performance
2017Q4,persistent,-20.10755537672764,total_ttm,DOL OFLC LCA disclosure data; https://www.dol.gov/agencies/eta/foreign-labor/performance
2017Q4,tcs,2.5694146330138627,total_ttm,DOL OFLC LCA disclosure data; https://www.dol.gov/agencies/eta/foreign-labor/performance
2017Q4,techm,0.46844119052367117,total_ttm,DOL OFLC LCA disclosure data; https://www.dol.gov/agencies/eta/foreign-labor/performance
2017Q4,wipro,-43.32642465795855,total_ttm,DOL OFLC LCA disclosure data; https://www.dol.gov/agencies/eta/foreign-labor/performance
2017Q4,pooled8,-23.08142266744351,total_ttm,DOL OFLC LCA disclosure data; https://www.dol.gov/agencies/eta/foreign-labor/performance
2017Q4,pooled_mid,-61.42033817388843,total_ttm,DOL OFLC LCA disclosure data; https://www.dol.gov/agencies/eta/foreign-labor/performance
2018Q1,accenture,-21.416155173426674,total_ttm,DOL OFLC LCA disclosure data; https://www.dol.gov/agencies/eta/foreign-labor/performance
2018Q1,capgemini,-90.22772788058056,total_ttm,DOL OFLC LCA disclosure data; https://www.dol.gov/agencies/eta/foreign-labor/performance
2018Q1,coforge,9.84400728132525,total_ttm,DOL OFLC LCA disclosure data; https://www.dol.gov/agencies/eta/foreign-labor/performance
2018Q1,cognizant,84.99742665301788,total_ttm,DOL OFLC LCA disclosure data; https://www.dol.gov/agencies/eta/foreign-labor/performance
2018Q1,hcltech,-51.333503537141645,total_ttm,DOL OFLC LCA disclosure data; https://www.dol.gov/agencies/eta/foreign-labor/performance
2018Q1,hexaware,-14.193822179775427,total_ttm,DOL OFLC LCA disclosure data; https://www.dol.gov/agencies/eta/foreign-labor/performance
2018Q1,infosys,-38.54760885743993,total_ttm,DOL OFLC LCA disclosure data; https://www.dol.gov/agencies/eta/foreign-labor/performance
2018Q1,ltim,18.37460584593399,total_ttm,DOL OFLC LCA disclosure data; https://www.dol.gov/agencies/eta/foreign-labor/performance
2018Q1,mphasis,-33.76114051514678,total_ttm,DOL OFLC LCA disclosure data; https://www.dol.gov/agencies/eta/foreign-labor/performance
2018Q1,persistent,-6.037212844304447,total_ttm,DOL OFLC LCA disclosure data; https://www.dol.gov/agencies/eta/foreign-labor/performance
2018Q1,tcs,22.662629837727767,total_ttm,DOL OFLC LCA disclosure data; https://www.dol.gov/agencies/eta/foreign-labor/performance
2018Q1,techm,-23.811768023832965,total_ttm,DOL OFLC LCA disclosure data; https://www.dol.gov/agencies/eta/foreign-labor/performance
2018Q1,wipro,16.27317121873183,total_ttm,DOL OFLC LCA disclosure data; https://www.dol.gov/agencies/eta/foreign-labor/performance
2018Q1,pooled8,-4.223991414168555,total_ttm,DOL OFLC LCA disclosure data; https://www.dol.gov/agencies/eta/foreign-labor/performance
2018Q1,pooled_mid,-76.09826283703929,total_ttm,DOL OFLC LCA disclosure data; https://www.dol.gov/agencies/eta/foreign-labor/performance
2018Q2,accenture,-13.880584032290653,total_ttm,DOL OFLC LCA disclosure data; https://www.dol.gov/agencies/eta/foreign-labor/performance
2018Q2,capgemini,-92.69082412599506,total_ttm,DOL OFLC LCA disclosure data; https://www.dol.gov/agencies/eta/foreign-labor/performance
2018Q2,coforge,13.69040771031618,total_ttm,DOL OFLC LCA disclosure data; https://www.dol.gov/agencies/eta/foreign-labor/performance
2018Q2,cognizant,109.16353631113303,total_ttm,DOL OFLC LCA disclosure data; https://www.dol.gov/agencies/eta/foreign-labor/performance
2018Q2,hcltech,-59.69738675286148,total_ttm,DOL OFLC LCA disclosure data; https://www.dol.gov/agencies/eta/foreign-labor/performance
2018Q2,hexaware,-6.700083895571081,total_ttm,DOL OFLC LCA disclosure data; https://www.dol.gov/agencies/eta/foreign-labor/performance
2018Q2,infosys,-48.00093143120653,total_ttm,DOL OFLC LCA disclosure data; https://www.dol.gov/agencies/eta/foreign-labor/performance
2018Q2,ltim,35.001380357195025,total_ttm,DOL OFLC LCA disclosure data; https://www.dol.gov/agencies/eta/foreign-labor/performance
2018Q2,mphasis,-36.17422970943327,total_ttm,DOL OFLC LCA disclosure data; https://www.dol.gov/agencies/eta/foreign-labor/performance
2018Q2,persistent,-6.796670413163934,total_ttm,DOL OFLC LCA disclosure data; https://www.dol.gov/agencies/eta/foreign-labor/performance
2018Q2,tcs,9.40289496482764,total_ttm,DOL OFLC LCA disclosure data; https://www.dol.gov/agencies/eta/foreign-labor/performance
2018Q2,techm,-23.421881293182075,total_ttm,DOL OFLC LCA disclosure data; https://www.dol.gov/agencies/eta/foreign-labor/performance
2018Q2,wipro,33.866667722428566,total_ttm,DOL OFLC LCA disclosure data; https://www.dol.gov/agencies/eta/foreign-labor/performance
2018Q2,pooled8,-5.142541749529466,total_ttm,DOL OFLC LCA disclosure data; https://www.dol.gov/agencies/eta/foreign-labor/performance
2018Q2,pooled_mid,-77.3330838988009,total_ttm,DOL OFLC LCA disclosure data; https://www.dol.gov/agencies/eta/foreign-labor/performance
2018Q3,accenture,-7.937555845283207,total_ttm,DOL OFLC LCA disclosure data; https://www.dol.gov/agencies/eta/foreign-labor/performance
2018Q3,capgemini,-38.71904878646828,total_ttm,DOL OFLC LCA disclosure data; https://www.dol.gov/agencies/eta/foreign-labor/performance
2018Q3,coforge,17.917194789105835,total_ttm,DOL OFLC LCA disclosure data; https://www.dol.gov/agencies/eta/foreign-labor/performance
2018Q3,cognizant,160.87824970411478,total_ttm,DOL OFLC LCA disclosure data; https://www.dol.gov/agencies/eta/foreign-labor/performance
2018Q3,hcltech,-53.73108987423771,total_ttm,DOL OFLC LCA disclosure data; https://www.dol.gov/agencies/eta/foreign-labor/performance
2018Q3,hexaware,-6.119067736788704,total_ttm,DOL OFLC LCA disclosure data; https://www.dol.gov/agencies/eta/foreign-labor/performance
2018Q3,infosys,-57.35218530862497,total_ttm,DOL OFLC LCA disclosure data; https://www.dol.gov/agencies/eta/foreign-labor/performance
2018Q3,ltim,38.08862978432766,total_ttm,DOL OFLC LCA disclosure data; https://www.dol.gov/agencies/eta/foreign-labor/performance
2018Q3,mphasis,-25.684047847516034,total_ttm,DOL OFLC LCA disclosure data; https://www.dol.gov/agencies/eta/foreign-labor/performance
2018Q3,persistent,7.614670884357011,total_ttm,DOL OFLC LCA disclosure data; https://www.dol.gov/agencies/eta/foreign-labor/performance
2018Q3,tcs,7.565910128278451,total_ttm,DOL OFLC LCA disclosure data; https://www.dol.gov/agencies/eta/foreign-labor/performance
2018Q3,techm,-25.982511794881464,total_ttm,DOL OFLC LCA disclosure data; https://www.dol.gov/agencies/eta/foreign-labor/performance
2018Q3,wipro,21.32143627461819,total_ttm,DOL OFLC LCA disclosure data; https://www.dol.gov/agencies/eta/foreign-labor/performance
2018Q3,pooled8,0.007901952576587438,total_ttm,DOL OFLC LCA disclosure data; https://www.dol.gov/agencies/eta/foreign-labor/performance
2018Q3,pooled_mid,-30.912316244540715,total_ttm,DOL OFLC LCA disclosure data; https://www.dol.gov/agencies/eta/foreign-labor/performance
2018Q4,accenture,-14.040336941955466,total_ttm,DOL OFLC LCA disclosure data; https://www.dol.gov/agencies/eta/foreign-labor/performance
2018Q4,capgemini,-41.505414888382056,total_ttm,DOL OFLC LCA disclosure data; https://www.dol.gov/agencies/eta/foreign-labor/performance
2018Q4,coforge,23.79586370993505,total_ttm,DOL OFLC LCA disclosure data; https://www.dol.gov/agencies/eta/foreign-labor/performance
2018Q4,cognizant,206.35037513064435,total_ttm,DOL OFLC LCA disclosure data; https://www.dol.gov/agencies/eta/foreign-labor/performance
2018Q4,hcltech,-49.79554332454558,total_ttm,DOL OFLC LCA disclosure data; https://www.dol.gov/agencies/eta/foreign-labor/performance
2018Q4,hexaware,-4.297116528543194,total_ttm,DOL OFLC LCA disclosure data; https://www.dol.gov/agencies/eta/foreign-labor/performance
2018Q4,infosys,-55.970624065132725,total_ttm,DOL OFLC LCA disclosure data; https://www.dol.gov/agencies/eta/foreign-labor/performance
2018Q4,ltim,37.46251162029581,total_ttm,DOL OFLC LCA disclosure data; https://www.dol.gov/agencies/eta/foreign-labor/performance
2018Q4,mphasis,-24.739028982477173,total_ttm,DOL OFLC LCA disclosure data; https://www.dol.gov/agencies/eta/foreign-labor/performance
2018Q4,persistent,10.156713835437452,total_ttm,DOL OFLC LCA disclosure data; https://www.dol.gov/agencies/eta/foreign-labor/performance
2018Q4,tcs,4.152670891158702,total_ttm,DOL OFLC LCA disclosure data; https://www.dol.gov/agencies/eta/foreign-labor/performance
2018Q4,techm,-28.06368465828253,total_ttm,DOL OFLC LCA disclosure data; https://www.dol.gov/agencies/eta/foreign-labor/performance
2018Q4,wipro,7.32446667545727,total_ttm,DOL OFLC LCA disclosure data; https://www.dol.gov/agencies/eta/foreign-labor/performance
2018Q4,pooled8,6.143075226718587,total_ttm,DOL OFLC LCA disclosure data; https://www.dol.gov/agencies/eta/foreign-labor/performance
2018Q4,pooled_mid,-32.27216985996885,total_ttm,DOL OFLC LCA disclosure data; https://www.dol.gov/agencies/eta/foreign-labor/performance
2019Q1,accenture,-7.321765430092114,total_ttm,DOL OFLC LCA disclosure data; https://www.dol.gov/agencies/eta/foreign-labor/performance
2019Q1,capgemini,8.026883142880028,total_ttm,DOL OFLC LCA disclosure data; https://www.dol.gov/agencies/eta/foreign-labor/performance
2019Q1,coforge,13.005312824819775,total_ttm,DOL OFLC LCA disclosure data; https://www.dol.gov/agencies/eta/foreign-labor/performance
2019Q1,cognizant,106.78830998796012,total_ttm,DOL OFLC LCA disclosure data; https://www.dol.gov/agencies/eta/foreign-labor/performance
2019Q1,hcltech,30.167205335229003,total_ttm,DOL OFLC LCA disclosure data; https://www.dol.gov/agencies/eta/foreign-labor/performance
2019Q1,hexaware,0.32626456348163696,total_ttm,DOL OFLC LCA disclosure data; https://www.dol.gov/agencies/eta/foreign-labor/performance
2019Q1,infosys,40.62413686884096,total_ttm,DOL OFLC LCA disclosure data; https://www.dol.gov/agencies/eta/foreign-labor/performance
2019Q1,ltim,33.503076437433045,total_ttm,DOL OFLC LCA disclosure data; https://www.dol.gov/agencies/eta/foreign-labor/performance
2019Q1,mphasis,48.55078157817008,total_ttm,DOL OFLC LCA disclosure data; https://www.dol.gov/agencies/eta/foreign-labor/performance
2019Q1,persistent,-4.1627039512077095,total_ttm,DOL OFLC LCA disclosure data; https://www.dol.gov/agencies/eta/foreign-labor/performance
2019Q1,tcs,-29.22874043455953,total_ttm,DOL OFLC LCA disclosure data; https://www.dol.gov/agencies/eta/foreign-labor/performance
2019Q1,techm,-42.69729832591161,total_ttm,DOL OFLC LCA disclosure data; https://www.dol.gov/agencies/eta/foreign-labor/performance
2019Q1,wipro,-20.487304445261948,total_ttm,DOL OFLC LCA disclosure data; https://www.dol.gov/agencies/eta/foreign-labor/performance
2019Q1,pooled8,21.90966989329785,total_ttm,DOL OFLC LCA disclosure data; https://www.dol.gov/agencies/eta/foreign-labor/performance
2019Q1,pooled_mid,10.799110717856024,total_ttm,DOL OFLC LCA disclosure data; https://www.dol.gov/agencies/eta/foreign-labor/performance
2019Q2,accenture,-5.573040421321923,total_ttm,DOL OFLC LCA disclosure data; https://www.dol.gov/agencies/eta/foreign-labor/performance
2019Q2,capgemini,17.341128536907377,total_ttm,DOL OFLC LCA disclosure data; https://www.dol.gov/agencies/eta/foreign-labor/performance
2019Q2,coforge,23.319388716771115,total_ttm,DOL OFLC LCA disclosure data; https://www.dol.gov/agencies/eta/foreign-labor/performance
2019Q2,cognizant,131.34608533940136,total_ttm,DOL OFLC LCA disclosure data; https://www.dol.gov/agencies/eta/foreign-labor/performance
2019Q2,hcltech,55.15577266056603,total_ttm,DOL OFLC LCA disclosure data; https://www.dol.gov/agencies/eta/foreign-labor/performance
2019Q2,hexaware,1.9007964045176542,total_ttm,DOL OFLC LCA disclosure data; https://www.dol.gov/agencies/eta/foreign-labor/performance
2019Q2,infosys,52.427721955566675,total_ttm,DOL OFLC LCA disclosure data; https://www.dol.gov/agencies/eta/foreign-labor/performance
2019Q2,ltim,15.415067982725835,total_ttm,DOL OFLC LCA disclosure data; https://www.dol.gov/agencies/eta/foreign-labor/performance
2019Q2,mphasis,56.11425057892227,total_ttm,DOL OFLC LCA disclosure data; https://www.dol.gov/agencies/eta/foreign-labor/performance
2019Q2,persistent,-9.443144512563604,total_ttm,DOL OFLC LCA disclosure data; https://www.dol.gov/agencies/eta/foreign-labor/performance
2019Q2,tcs,-25.199090386902377,total_ttm,DOL OFLC LCA disclosure data; https://www.dol.gov/agencies/eta/foreign-labor/performance
2019Q2,techm,-44.82460616294283,total_ttm,DOL OFLC LCA disclosure data; https://www.dol.gov/agencies/eta/foreign-labor/performance
2019Q2,wipro,-37.685694897175395,total_ttm,DOL OFLC LCA disclosure data; https://www.dol.gov/agencies/eta/foreign-labor/performance
2019Q2,pooled8,33.010215904891325,total_ttm,DOL OFLC LCA disclosure data; https://www.dol.gov/agencies/eta/foreign-labor/performance
2019Q2,pooled_mid,18.74823036526994,total_ttm,DOL OFLC LCA disclosure data; https://www.dol.gov/agencies/eta/foreign-labor/performance
2019Q3,accenture,-10.349011733523088,total_ttm,DOL OFLC LCA disclosure data; https://www.dol.gov/agencies/eta/foreign-labor/performance
2019Q3,capgemini,25.922813864626637,total_ttm,DOL OFLC LCA disclosure data; https://www.dol.gov/agencies/eta/foreign-labor/performance
2019Q3,coforge,21.744913542065326,total_ttm,DOL OFLC LCA disclosure data; https://www.dol.gov/agencies/eta/foreign-labor/performance
2019Q3,cognizant,85.05123012420034,total_ttm,DOL OFLC LCA disclosure data; https://www.dol.gov/agencies/eta/foreign-labor/performance
2019Q3,hcltech,61.826159129678885,total_ttm,DOL OFLC LCA disclosure data; https://www.dol.gov/agencies/eta/foreign-labor/performance
2019Q3,hexaware,9.579620654536265,total_ttm,DOL OFLC LCA disclosure data; https://www.dol.gov/agencies/eta/foreign-labor/performance
2019Q3,infosys,61.21801808942422,total_ttm,DOL OFLC LCA disclosure data; https://www.dol.gov/agencies/eta/foreign-labor/performance
2019Q3,ltim,13.168287334541704,total_ttm,DOL OFLC LCA disclosure data; https://www.dol.gov/agencies/eta/foreign-labor/performance
2019Q3,mphasis,57.8077850775158,total_ttm,DOL OFLC LCA disclosure data; https://www.dol.gov/agencies/eta/foreign-labor/performance
2019Q3,persistent,-14.671067256256276,total_ttm,DOL OFLC LCA disclosure data; https://www.dol.gov/agencies/eta/foreign-labor/performance
2019Q3,tcs,-20.23665540610742,total_ttm,DOL OFLC LCA disclosure data; https://www.dol.gov/agencies/eta/foreign-labor/performance
2019Q3,techm,-44.79564701295684,total_ttm,DOL OFLC LCA disclosure data; https://www.dol.gov/agencies/eta/foreign-labor/performance
2019Q3,wipro,-38.20071922519732,total_ttm,DOL OFLC LCA disclosure data; https://www.dol.gov/agencies/eta/foreign-labor/performance
2019Q3,pooled8,29.127087137551122,total_ttm,DOL OFLC LCA disclosure data; https://www.dol.gov/agencies/eta/foreign-labor/performance
2019Q3,pooled_mid,25.654345630189002,total_ttm,DOL OFLC LCA disclosure data; https://www.dol.gov/agencies/eta/foreign-labor/performance
2019Q4,accenture,1.845135027185771,total_ttm,DOL OFLC LCA disclosure data; https://www.dol.gov/agencies/eta/foreign-labor/performance
2019Q4,capgemini,32.78282946815723,total_ttm,DOL OFLC LCA disclosure data; https://www.dol.gov/agencies/eta/foreign-labor/performance
2019Q4,coforge,11.12256351102244,total_ttm,DOL OFLC LCA disclosure data; https://www.dol.gov/agencies/eta/foreign-labor/performance
2019Q4,cognizant,70.44801127529374,total_ttm,DOL OFLC LCA disclosure data; https://www.dol.gov/agencies/eta/foreign-labor/performance
2019Q4,hcltech,79.03543431828008,total_ttm,DOL OFLC LCA disclosure data; https://www.dol.gov/agencies/eta/foreign-labor/performance
2019Q4,hexaware,18.39667449906429,total_ttm,DOL OFLC LCA disclosure data; https://www.dol.gov/agencies/eta/foreign-labor/performance
2019Q4,infosys,67.31844318968554,total_ttm,DOL OFLC LCA disclosure data; https://www.dol.gov/agencies/eta/foreign-labor/performance
2019Q4,ltim,11.401749838411428,total_ttm,DOL OFLC LCA disclosure data; https://www.dol.gov/agencies/eta/foreign-labor/performance
2019Q4,mphasis,70.28906808324747,total_ttm,DOL OFLC LCA disclosure data; https://www.dol.gov/agencies/eta/foreign-labor/performance
2019Q4,persistent,-11.728014401893054,total_ttm,DOL OFLC LCA disclosure data; https://www.dol.gov/agencies/eta/foreign-labor/performance
2019Q4,tcs,-15.982606395985746,total_ttm,DOL OFLC LCA disclosure data; https://www.dol.gov/agencies/eta/foreign-labor/performance
2019Q4,techm,-42.930729707092404,total_ttm,DOL OFLC LCA disclosure data; https://www.dol.gov/agencies/eta/foreign-labor/performance
2019Q4,wipro,-32.169603349752606,total_ttm,DOL OFLC LCA disclosure data; https://www.dol.gov/agencies/eta/foreign-labor/performance
2019Q4,pooled8,32.41798086442139,total_ttm,DOL OFLC LCA disclosure data; https://www.dol.gov/agencies/eta/foreign-labor/performance
2019Q4,pooled_mid,32.572345187506286,total_ttm,DOL OFLC LCA disclosure data; https://www.dol.gov/agencies/eta/foreign-labor/performance
2020Q1,accenture,-28.405481223504818,total_ttm,DOL OFLC LCA disclosure data; https://www.dol.gov/agencies/eta/foreign-labor/performance
2020Q1,capgemini,-39.31382956275058,total_ttm,DOL OFLC LCA disclosure data; https://www.dol.gov/agencies/eta/foreign-labor/performance
2020Q1,coforge,0.0,total_ttm,DOL OFLC LCA disclosure data; https://www.dol.gov/agencies/eta/foreign-labor/performance
2020Q1,cognizant,29.87506461485645,total_ttm,DOL OFLC LCA disclosure data; https://www.dol.gov/agencies/eta/foreign-labor/performance
2020Q1,hcltech,-5.427371399214112,total_ttm,DOL OFLC LCA disclosure data; https://www.dol.gov/agencies/eta/foreign-labor/performance
2020Q1,hexaware,1.7223245983115352,total_ttm,DOL OFLC LCA disclosure data; https://www.dol.gov/agencies/eta/foreign-labor/performance
2020Q1,infosys,-81.91822862065408,total_ttm,DOL OFLC LCA disclosure data; https://www.dol.gov/agencies/eta/foreign-labor/performance
2020Q1,ltim,-48.65159606154487,total_ttm,DOL OFLC LCA disclosure data; https://www.dol.gov/agencies/eta/foreign-labor/performance
2020Q1,mphasis,-17.09300585078591,total_ttm,DOL OFLC LCA disclosure data; https://www.dol.gov/agencies/eta/foreign-labor/performance
2020Q1,persistent,-34.681638102665666,total_ttm,DOL OFLC LCA disclosure data; https://www.dol.gov/agencies/eta/foreign-labor/performance
2020Q1,tcs,-40.73131958638824,total_ttm,DOL OFLC LCA disclosure data; https://www.dol.gov/agencies/eta/foreign-labor/performance
2020Q1,techm,-47.732966933780844,total_ttm,DOL OFLC LCA disclosure data; https://www.dol.gov/agencies/eta/foreign-labor/performance
2020Q1,wipro,-100.94800201093423,total_ttm,DOL OFLC LCA disclosure data; https://www.dol.gov/agencies/eta/foreign-labor/performance
2020Q1,pooled8,-24.16992480606227,total_ttm,DOL OFLC LCA disclosure data; https://www.dol.gov/agencies/eta/foreign-labor/performance
2020Q1,pooled_mid,-30.770990806660635,total_ttm,DOL OFLC LCA disclosure data; https://www.dol.gov/agencies/eta/foreign-labor/performance
2020Q2,accenture,-4.521452699307537,total_ttm,DOL OFLC LCA disclosure data; https://www.dol.gov/agencies/eta/foreign-labor/performance
2020Q2,capgemini,-30.21290154276011,total_ttm,DOL OFLC LCA disclosure data; https://www.dol.gov/agencies/eta/foreign-labor/performance
2020Q2,coforge,5.95259793140268,total_ttm,DOL OFLC LCA disclosure data; https://www.dol.gov/agencies/eta/foreign-labor/performance
2020Q2,cognizant,-7.560367059137388,total_ttm,DOL OFLC LCA disclosure data; https://www.dol.gov/agencies/eta/foreign-labor/performance
2020Q2,hcltech,-1.6548565505529522,total_ttm,DOL OFLC LCA disclosure data; https://www.dol.gov/agencies/eta/foreign-labor/performance
2020Q2,hexaware,8.132929517812602,total_ttm,DOL OFLC LCA disclosure data; https://www.dol.gov/agencies/eta/foreign-labor/performance
2020Q2,infosys,-80.17101872780131,total_ttm,DOL OFLC LCA disclosure data; https://www.dol.gov/agencies/eta/foreign-labor/performance
2020Q2,ltim,-27.19337154836418,total_ttm,DOL OFLC LCA disclosure data; https://www.dol.gov/agencies/eta/foreign-labor/performance
2020Q2,mphasis,-12.668986080780586,total_ttm,DOL OFLC LCA disclosure data; https://www.dol.gov/agencies/eta/foreign-labor/performance
2020Q2,persistent,0.4819286435948922,total_ttm,DOL OFLC LCA disclosure data; https://www.dol.gov/agencies/eta/foreign-labor/performance
2020Q2,tcs,-11.326778376110012,total_ttm,DOL OFLC LCA disclosure data; https://www.dol.gov/agencies/eta/foreign-labor/performance
2020Q2,techm,-31.833299462578307,total_ttm,DOL OFLC LCA disclosure data; https://www.dol.gov/agencies/eta/foreign-labor/performance
2020Q2,wipro,-61.35892542248964,total_ttm,DOL OFLC LCA disclosure data; https://www.dol.gov/agencies/eta/foreign-labor/performance
2020Q2,pooled8,-26.6820089709407,total_ttm,DOL OFLC LCA disclosure data; https://www.dol.gov/agencies/eta/foreign-labor/performance
2020Q2,pooled_mid,-21.56870591402627,total_ttm,DOL OFLC LCA disclosure data; https://www.dol.gov/agencies/eta/foreign-labor/performance
2020Q3,accenture,10.201676027079834,total_ttm,DOL OFLC LCA disclosure data; https://www.dol.gov/agencies/eta/foreign-labor/performance
2020Q3,capgemini,-35.396581559178145,total_ttm,DOL OFLC LCA disclosure data; https://www.dol.gov/agencies/eta/foreign-labor/performance
2020Q3,coforge,6.3903801979480255,total_ttm,DOL OFLC LCA disclosure data; https://www.dol.gov/agencies/eta/foreign-labor/performance
2020Q3,cognizant,2.113145000883991,total_ttm,DOL OFLC LCA disclosure data; https://www.dol.gov/agencies/eta/foreign-labor/performance
2020Q3,hcltech,-7.014485567337952,total_ttm,DOL OFLC LCA disclosure data; https://www.dol.gov/agencies/eta/foreign-labor/performance
2020Q3,hexaware,1.8296129046937823,total_ttm,DOL OFLC LCA disclosure data; https://www.dol.gov/agencies/eta/foreign-labor/performance
2020Q3,infosys,-81.20331681755852,total_ttm,DOL OFLC LCA disclosure data; https://www.dol.gov/agencies/eta/foreign-labor/performance
2020Q3,ltim,-29.124822062203442,total_ttm,DOL OFLC LCA disclosure data; https://www.dol.gov/agencies/eta/foreign-labor/performance
2020Q3,mphasis,-12.67904826133815,total_ttm,DOL OFLC LCA disclosure data; https://www.dol.gov/agencies/eta/foreign-labor/performance
2020Q3,persistent,-8.872811560868431,total_ttm,DOL OFLC LCA disclosure data; https://www.dol.gov/agencies/eta/foreign-labor/performance
2020Q3,tcs,0.8747637579490961,total_ttm,DOL OFLC LCA disclosure data; https://www.dol.gov/agencies/eta/foreign-labor/performance
2020Q3,techm,-39.05885991480405,total_ttm,DOL OFLC LCA disclosure data; https://www.dol.gov/agencies/eta/foreign-labor/performance
2020Q3,wipro,-55.679186080268586,total_ttm,DOL OFLC LCA disclosure data; https://www.dol.gov/agencies/eta/foreign-labor/performance
2020Q3,pooled8,-19.766890405793042,total_ttm,DOL OFLC LCA disclosure data; https://www.dol.gov/agencies/eta/foreign-labor/performance
2020Q3,pooled_mid,-25.93294390477756,total_ttm,DOL OFLC LCA disclosure data; https://www.dol.gov/agencies/eta/foreign-labor/performance
2020Q4,accenture,0.9953746159546745,total_ttm,DOL OFLC LCA disclosure data; https://www.dol.gov/agencies/eta/foreign-labor/performance
2020Q4,capgemini,-51.948199085667326,total_ttm,DOL OFLC LCA disclosure data; https://www.dol.gov/agencies/eta/foreign-labor/performance
2020Q4,coforge,5.1293294387550485,total_ttm,DOL OFLC LCA disclosure data; https://www.dol.gov/agencies/eta/foreign-labor/performance
2020Q4,cognizant,-42.287893468508955,total_ttm,DOL OFLC LCA disclosure data; https://www.dol.gov/agencies/eta/foreign-labor/performance
2020Q4,hcltech,-14.926352457890857,total_ttm,DOL OFLC LCA disclosure data; https://www.dol.gov/agencies/eta/foreign-labor/performance
2020Q4,hexaware,-15.262976698655168,total_ttm,DOL OFLC LCA disclosure data; https://www.dol.gov/agencies/eta/foreign-labor/performance
2020Q4,infosys,-99.10164657619185,total_ttm,DOL OFLC LCA disclosure data; https://www.dol.gov/agencies/eta/foreign-labor/performance
2020Q4,ltim,-43.5765298456713,total_ttm,DOL OFLC LCA disclosure data; https://www.dol.gov/agencies/eta/foreign-labor/performance
2020Q4,mphasis,-31.587141851506196,total_ttm,DOL OFLC LCA disclosure data; https://www.dol.gov/agencies/eta/foreign-labor/performance
2020Q4,persistent,-18.322694390876716,total_ttm,DOL OFLC LCA disclosure data; https://www.dol.gov/agencies/eta/foreign-labor/performance
2020Q4,tcs,-12.305712842847717,total_ttm,DOL OFLC LCA disclosure data; https://www.dol.gov/agencies/eta/foreign-labor/performance
2020Q4,techm,-46.781251455292065,total_ttm,DOL OFLC LCA disclosure data; https://www.dol.gov/agencies/eta/foreign-labor/performance
2020Q4,wipro,-59.54099527358372,total_ttm,DOL OFLC LCA disclosure data; https://www.dol.gov/agencies/eta/foreign-labor/performance
2020Q4,pooled8,-43.716433590849576,total_ttm,DOL OFLC LCA disclosure data; https://www.dol.gov/agencies/eta/foreign-labor/performance
2020Q4,pooled_mid,-41.643169074601886,total_ttm,DOL OFLC LCA disclosure data; https://www.dol.gov/agencies/eta/foreign-labor/performance
2021Q1,accenture,23.80208393567715,total_ttm,DOL OFLC LCA disclosure data; https://www.dol.gov/agencies/eta/foreign-labor/performance
2021Q1,capgemini,-16.080883502584864,total_ttm,DOL OFLC LCA disclosure data; https://www.dol.gov/agencies/eta/foreign-labor/performance
2021Q1,coforge,17.824823140631878,total_ttm,DOL OFLC LCA disclosure data; https://www.dol.gov/agencies/eta/foreign-labor/performance
2021Q1,cognizant,-50.42290431788189,total_ttm,DOL OFLC LCA disclosure data; https://www.dol.gov/agencies/eta/foreign-labor/performance
2021Q1,hcltech,17.914011872174402,total_ttm,DOL OFLC LCA disclosure data; https://www.dol.gov/agencies/eta/foreign-labor/performance
2021Q1,hexaware,-9.392373474674304,total_ttm,DOL OFLC LCA disclosure data; https://www.dol.gov/agencies/eta/foreign-labor/performance
2021Q1,infosys,-21.311188628474564,total_ttm,DOL OFLC LCA disclosure data; https://www.dol.gov/agencies/eta/foreign-labor/performance
2021Q1,ltim,-1.0754656997257803,total_ttm,DOL OFLC LCA disclosure data; https://www.dol.gov/agencies/eta/foreign-labor/performance
2021Q1,mphasis,10.497209071606168,total_ttm,DOL OFLC LCA disclosure data; https://www.dol.gov/agencies/eta/foreign-labor/performance
2021Q1,persistent,8.780220344444768,total_ttm,DOL OFLC LCA disclosure data; https://www.dol.gov/agencies/eta/foreign-labor/performance
2021Q1,tcs,24.381870836136255,total_ttm,DOL OFLC LCA disclosure data; https://www.dol.gov/agencies/eta/foreign-labor/performance
2021Q1,techm,-11.276717315524072,total_ttm,DOL OFLC LCA disclosure data; https://www.dol.gov/agencies/eta/foreign-labor/performance
2021Q1,wipro,37.78993748815688,total_ttm,DOL OFLC LCA disclosure data; https://www.dol.gov/agencies/eta/foreign-labor/performance
2021Q1,pooled8,-14.950035502309724,total_ttm,DOL OFLC LCA disclosure data; https://www.dol.gov/agencies/eta/foreign-labor/performance
2021Q1,pooled_mid,-8.702298000409305,total_ttm,DOL OFLC LCA disclosure data; https://www.dol.gov/agencies/eta/foreign-labor/performance
2021Q2,accenture,-20.997650523977015,total_ttm,DOL OFLC LCA disclosure data; https://www.dol.gov/agencies/eta/foreign-labor/performance
2021Q2,capgemini,-46.95048346556284,total_ttm,DOL OFLC LCA disclosure data; https://www.dol.gov/agencies/eta/foreign-labor/performance
2021Q2,coforge,-16.045189790398748,total_ttm,DOL OFLC LCA disclosure data; https://www.dol.gov/agencies/eta/foreign-labor/performance
2021Q2,cognizant,-38.1560492210283,total_ttm,DOL OFLC LCA disclosure data; https://www.dol.gov/agencies/eta/foreign-labor/performance
2021Q2,hcltech,-6.983257260271109,total_ttm,DOL OFLC LCA disclosure data; https://www.dol.gov/agencies/eta/foreign-labor/performance
2021Q2,hexaware,-30.68291769450704,total_ttm,DOL OFLC LCA disclosure data; https://www.dol.gov/agencies/eta/foreign-labor/performance
2021Q2,infosys,-45.27320427370749,total_ttm,DOL OFLC LCA disclosure data; https://www.dol.gov/agencies/eta/foreign-labor/performance
2021Q2,ltim,-23.0723040528553,total_ttm,DOL OFLC LCA disclosure data; https://www.dol.gov/agencies/eta/foreign-labor/performance
2021Q2,mphasis,6.6160581509439265,total_ttm,DOL OFLC LCA disclosure data; https://www.dol.gov/agencies/eta/foreign-labor/performance
2021Q2,persistent,-38.523836261802565,total_ttm,DOL OFLC LCA disclosure data; https://www.dol.gov/agencies/eta/foreign-labor/performance
2021Q2,tcs,0.009472836648021132,total_ttm,DOL OFLC LCA disclosure data; https://www.dol.gov/agencies/eta/foreign-labor/performance
2021Q2,techm,-45.13213334764007,total_ttm,DOL OFLC LCA disclosure data; https://www.dol.gov/agencies/eta/foreign-labor/performance
2021Q2,wipro,11.602662198551993,total_ttm,DOL OFLC LCA disclosure data; https://www.dol.gov/agencies/eta/foreign-labor/performance
2021Q2,pooled8,-25.565993069303644,total_ttm,DOL OFLC LCA disclosure data; https://www.dol.gov/agencies/eta/foreign-labor/performance
2021Q2,pooled_mid,-34.63221179237528,total_ttm,DOL OFLC LCA disclosure data; https://www.dol.gov/agencies/eta/foreign-labor/performance
2021Q3,accenture,-48.160407570593584,total_ttm,DOL OFLC LCA disclosure data; https://www.dol.gov/agencies/eta/foreign-labor/performance
2021Q3,capgemini,-60.384134749679205,total_ttm,DOL OFLC LCA disclosure data; https://www.dol.gov/agencies/eta/foreign-labor/performance
2021Q3,coforge,-28.13529374001334,total_ttm,DOL OFLC LCA disclosure data; https://www.dol.gov/agencies/eta/foreign-labor/performance
2021Q3,cognizant,-84.35229584027111,total_ttm,DOL OFLC LCA disclosure data; https://www.dol.gov/agencies/eta/foreign-labor/performance
2021Q3,hcltech,0.5591813265777934,total_ttm,DOL OFLC LCA disclosure data; https://www.dol.gov/agencies/eta/foreign-labor/performance
2021Q3,hexaware,-53.4643936733845,total_ttm,DOL OFLC LCA disclosure data; https://www.dol.gov/agencies/eta/foreign-labor/performance
2021Q3,infosys,-52.486340473182935,total_ttm,DOL OFLC LCA disclosure data; https://www.dol.gov/agencies/eta/foreign-labor/performance
2021Q3,ltim,-22.09416598357702,total_ttm,DOL OFLC LCA disclosure data; https://www.dol.gov/agencies/eta/foreign-labor/performance
2021Q3,mphasis,10.869371658136107,total_ttm,DOL OFLC LCA disclosure data; https://www.dol.gov/agencies/eta/foreign-labor/performance
2021Q3,persistent,-37.00183591124168,total_ttm,DOL OFLC LCA disclosure data; https://www.dol.gov/agencies/eta/foreign-labor/performance
2021Q3,tcs,-19.790164018874233,total_ttm,DOL OFLC LCA disclosure data; https://www.dol.gov/agencies/eta/foreign-labor/performance
2021Q3,techm,-33.65448608995411,total_ttm,DOL OFLC LCA disclosure data; https://www.dol.gov/agencies/eta/foreign-labor/performance
2021Q3,wipro,15.529000774710203,total_ttm,DOL OFLC LCA disclosure data; https://www.dol.gov/agencies/eta/foreign-labor/performance
2021Q3,pooled8,-46.91606614314233,total_ttm,DOL OFLC LCA disclosure data; https://www.dol.gov/agencies/eta/foreign-labor/performance
2021Q3,pooled_mid,-43.83051498017434,total_ttm,DOL OFLC LCA disclosure data; https://www.dol.gov/agencies/eta/foreign-labor/performance
2021Q4,accenture,-49.15454730204903,total_ttm,DOL OFLC LCA disclosure data; https://www.dol.gov/agencies/eta/foreign-labor/performance
2021Q4,capgemini,-30.861830820767672,total_ttm,DOL OFLC LCA disclosure data; https://www.dol.gov/agencies/eta/foreign-labor/performance
2021Q4,coforge,-21.691300156357364,total_ttm,DOL OFLC LCA disclosure data; https://www.dol.gov/agencies/eta/foreign-labor/performance
2021Q4,cognizant,-52.66562778898414,total_ttm,DOL OFLC LCA disclosure data; https://www.dol.gov/agencies/eta/foreign-labor/performance
2021Q4,hcltech,-12.008698992214534,total_ttm,DOL OFLC LCA disclosure data; https://www.dol.gov/agencies/eta/foreign-labor/performance
2021Q4,hexaware,-36.737023305548036,total_ttm,DOL OFLC LCA disclosure data; https://www.dol.gov/agencies/eta/foreign-labor/performance
2021Q4,infosys,-20.512782038698678,total_ttm,DOL OFLC LCA disclosure data; https://www.dol.gov/agencies/eta/foreign-labor/performance
2021Q4,ltim,-2.2370733674567935,total_ttm,DOL OFLC LCA disclosure data; https://www.dol.gov/agencies/eta/foreign-labor/performance
2021Q4,mphasis,33.50781549050341,total_ttm,DOL OFLC LCA disclosure data; https://www.dol.gov/agencies/eta/foreign-labor/performance
2021Q4,persistent,-42.74440148269396,total_ttm,DOL OFLC LCA disclosure data; https://www.dol.gov/agencies/eta/foreign-labor/performance
2021Q4,tcs,7.537441853420656,total_ttm,DOL OFLC LCA disclosure data; https://www.dol.gov/agencies/eta/foreign-labor/performance
2021Q4,techm,-33.631660670882965,total_ttm,DOL OFLC LCA disclosure data; https://www.dol.gov/agencies/eta/foreign-labor/performance
2021Q4,wipro,32.48180795218414,total_ttm,DOL OFLC LCA disclosure data; https://www.dol.gov/agencies/eta/foreign-labor/performance
2021Q4,pooled8,-23.667467313129862,total_ttm,DOL OFLC LCA disclosure data; https://www.dol.gov/agencies/eta/foreign-labor/performance
2021Q4,pooled_mid,-19.3903521067567,total_ttm,DOL OFLC LCA disclosure data; https://www.dol.gov/agencies/eta/foreign-labor/performance
2022Q1,accenture,-49.00251607316152,total_ttm,DOL OFLC LCA disclosure data; https://www.dol.gov/agencies/eta/foreign-labor/performance
2022Q1,capgemini,-13.920004990659084,total_ttm,DOL OFLC LCA disclosure data; https://www.dol.gov/agencies/eta/foreign-labor/performance
2022Q1,coforge,-16.914346441339966,total_ttm,DOL OFLC LCA disclosure data; https://www.dol.gov/agencies/eta/foreign-labor/performance
2022Q1,cognizant,-25.247073953124254,total_ttm,DOL OFLC LCA disclosure data; https://www.dol.gov/agencies/eta/foreign-labor/performance
2022Q1,hcltech,-1.796738642076586,total_ttm,DOL OFLC LCA disclosure data; https://www.dol.gov/agencies/eta/foreign-labor/performance
2022Q1,hexaware,-24.8972506835825,total_ttm,DOL OFLC LCA disclosure data; https://www.dol.gov/agencies/eta/foreign-labor/performance
2022Q1,infosys,-17.547942483818566,total_ttm,DOL OFLC LCA disclosure data; https://www.dol.gov/agencies/eta/foreign-labor/performance
2022Q1,ltim,-0.9462134728118096,total_ttm,DOL OFLC LCA disclosure data; https://www.dol.gov/agencies/eta/foreign-labor/performance
2022Q1,mphasis,36.745578214118005,total_ttm,DOL OFLC LCA disclosure data; https://www.dol.gov/agencies/eta/foreign-labor/performance
2022Q1,persistent,-40.982241347712005,total_ttm,DOL OFLC LCA disclosure data; https://www.dol.gov/agencies/eta/foreign-labor/performance
2022Q1,tcs,19.975661861605612,total_ttm,DOL OFLC LCA disclosure data; https://www.dol.gov/agencies/eta/foreign-labor/performance
2022Q1,techm,-31.495518527602133,total_ttm,DOL OFLC LCA disclosure data; https://www.dol.gov/agencies/eta/foreign-labor/performance
2022Q1,wipro,-9.59274301552406,total_ttm,DOL OFLC LCA disclosure data; https://www.dol.gov/agencies/eta/foreign-labor/performance
2022Q1,pooled8,-11.878608019230235,total_ttm,DOL OFLC LCA disclosure data; https://www.dol.gov/agencies/eta/foreign-labor/performance
2022Q1,pooled_mid,-6.24799341586028,total_ttm,DOL OFLC LCA disclosure data; https://www.dol.gov/agencies/eta/foreign-labor/performance
2022Q2,accenture,-25.936920519865208,total_ttm,DOL OFLC LCA disclosure data; https://www.dol.gov/agencies/eta/foreign-labor/performance
2022Q2,capgemini,16.555951499496928,total_ttm,DOL OFLC LCA disclosure data; https://www.dol.gov/agencies/eta/foreign-labor/performance
2022Q2,coforge,-13.90247510406305,total_ttm,DOL OFLC LCA disclosure data; https://www.dol.gov/agencies/eta/foreign-labor/performance
2022Q2,cognizant,-25.53140481076987,total_ttm,DOL OFLC LCA disclosure data; https://www.dol.gov/agencies/eta/foreign-labor/performance
2022Q2,hcltech,10.334235150158912,total_ttm,DOL OFLC LCA disclosure data; https://www.dol.gov/agencies/eta/foreign-labor/performance
2022Q2,hexaware,-9.334618571966482,total_ttm,DOL OFLC LCA disclosure data; https://www.dol.gov/agencies/eta/foreign-labor/performance
2022Q2,infosys,22.19502529931949,total_ttm,DOL OFLC LCA disclosure data; https://www.dol.gov/agencies/eta/foreign-labor/performance
2022Q2,ltim,17.47600840933781,total_ttm,DOL OFLC LCA disclosure data; https://www.dol.gov/agencies/eta/foreign-labor/performance
2022Q2,mphasis,29.71589051479618,total_ttm,DOL OFLC LCA disclosure data; https://www.dol.gov/agencies/eta/foreign-labor/performance
2022Q2,persistent,2.787636952825487,total_ttm,DOL OFLC LCA disclosure data; https://www.dol.gov/agencies/eta/foreign-labor/performance
2022Q2,tcs,10.425163167846078,total_ttm,DOL OFLC LCA disclosure data; https://www.dol.gov/agencies/eta/foreign-labor/performance
2022Q2,techm,-10.895868563588479,total_ttm,DOL OFLC LCA disclosure data; https://www.dol.gov/agencies/eta/foreign-labor/performance
2022Q2,wipro,-1.116498386360783,total_ttm,DOL OFLC LCA disclosure data; https://www.dol.gov/agencies/eta/foreign-labor/performance
2022Q2,pooled8,-3.267973908629282,total_ttm,DOL OFLC LCA disclosure data; https://www.dol.gov/agencies/eta/foreign-labor/performance
2022Q2,pooled_mid,14.562678281641132,total_ttm,DOL OFLC LCA disclosure data; https://www.dol.gov/agencies/eta/foreign-labor/performance
2022Q3,accenture,-23.374047143165466,total_ttm,DOL OFLC LCA disclosure data; https://www.dol.gov/agencies/eta/foreign-labor/performance
2022Q3,capgemini,30.641310915784416,total_ttm,DOL OFLC LCA disclosure data; https://www.dol.gov/agencies/eta/foreign-labor/performance
2022Q3,coforge,-17.54054650955815,total_ttm,DOL OFLC LCA disclosure data; https://www.dol.gov/agencies/eta/foreign-labor/performance
2022Q3,cognizant,7.511486404343037,total_ttm,DOL OFLC LCA disclosure data; https://www.dol.gov/agencies/eta/foreign-labor/performance
2022Q3,hcltech,-6.652314099016612,total_ttm,DOL OFLC LCA disclosure data; https://www.dol.gov/agencies/eta/foreign-labor/performance
2022Q3,hexaware,5.0804575635459415,total_ttm,DOL OFLC LCA disclosure data; https://www.dol.gov/agencies/eta/foreign-labor/performance
2022Q3,infosys,31.328368006218966,total_ttm,DOL OFLC LCA disclosure data; https://www.dol.gov/agencies/eta/foreign-labor/performance
2022Q3,ltim,11.824641793398444,total_ttm,DOL OFLC LCA disclosure data; https://www.dol.gov/agencies/eta/foreign-labor/performance
2022Q3,mphasis,16.957940938690935,total_ttm,DOL OFLC LCA disclosure data; https://www.dol.gov/agencies/eta/foreign-labor/performance
2022Q3,persistent,8.918562850621072,total_ttm,DOL OFLC LCA disclosure data; https://www.dol.gov/agencies/eta/foreign-labor/performance
2022Q3,tcs,12.720849529059624,total_ttm,DOL OFLC LCA disclosure data; https://www.dol.gov/agencies/eta/foreign-labor/performance
2022Q3,techm,-27.104443129875765,total_ttm,DOL OFLC LCA disclosure data; https://www.dol.gov/agencies/eta/foreign-labor/performance
2022Q3,wipro,-13.821693012092728,total_ttm,DOL OFLC LCA disclosure data; https://www.dol.gov/agencies/eta/foreign-labor/performance
2022Q3,pooled8,6.311974033140384,total_ttm,DOL OFLC LCA disclosure data; https://www.dol.gov/agencies/eta/foreign-labor/performance
2022Q3,pooled_mid,21.839261906898003,total_ttm,DOL OFLC LCA disclosure data; https://www.dol.gov/agencies/eta/foreign-labor/performance
2022Q4,accenture,-16.901021215571525,total_ttm,DOL OFLC LCA disclosure data; https://www.dol.gov/agencies/eta/foreign-labor/performance
2022Q4,capgemini,6.4052998898649225,total_ttm,DOL OFLC LCA disclosure data; https://www.dol.gov/agencies/eta/foreign-labor/performance
2022Q4,coforge,-15.415067982725835,total_ttm,DOL OFLC LCA disclosure data; https://www.dol.gov/agencies/eta/foreign-labor/performance
2022Q4,cognizant,4.268547791515949,total_ttm,DOL OFLC LCA disclosure data; https://www.dol.gov/agencies/eta/foreign-labor/performance
2022Q4,hcltech,0.9323489486187473,total_ttm,DOL OFLC LCA disclosure data; https://www.dol.gov/agencies/eta/foreign-labor/performance
2022Q4,hexaware,-9.500300732456356,total_ttm,DOL OFLC LCA disclosure data; https://www.dol.gov/agencies/eta/foreign-labor/performance
2022Q4,infosys,18.88367332756156,total_ttm,DOL OFLC LCA disclosure data; https://www.dol.gov/agencies/eta/foreign-labor/performance
2022Q4,ltim,-0.6027318371011701,total_ttm,DOL OFLC LCA disclosure data; https://www.dol.gov/agencies/eta/foreign-labor/performance
2022Q4,mphasis,-4.142987317468248,total_ttm,DOL OFLC LCA disclosure data; https://www.dol.gov/agencies/eta/foreign-labor/performance
2022Q4,persistent,30.318625898774627,total_ttm,DOL OFLC LCA disclosure data; https://www.dol.gov/agencies/eta/foreign-labor/performance
2022Q4,tcs,-7.659547724976884,total_ttm,DOL OFLC LCA disclosure data; https://www.dol.gov/agencies/eta/foreign-labor/performance
2022Q4,techm,-26.187418849590827,total_ttm,DOL OFLC LCA disclosure data; https://www.dol.gov/agencies/eta/foreign-labor/performance
2022Q4,wipro,-30.507764487184552,total_ttm,DOL OFLC LCA disclosure data; https://www.dol.gov/agencies/eta/foreign-labor/performance
2022Q4,pooled8,-1.4937530380325923,total_ttm,DOL OFLC LCA disclosure data; https://www.dol.gov/agencies/eta/foreign-labor/performance
2022Q4,pooled_mid,2.4677658313074047,total_ttm,DOL OFLC LCA disclosure data; https://www.dol.gov/agencies/eta/foreign-labor/performance
2023Q1,accenture,-14.04424459740634,total_ttm,DOL OFLC LCA disclosure data; https://www.dol.gov/agencies/eta/foreign-labor/performance
2023Q1,capgemini,-1.6150390112571533,total_ttm,DOL OFLC LCA disclosure data; https://www.dol.gov/agencies/eta/foreign-labor/performance
2023Q1,coforge,-27.6665436245279,total_ttm,DOL OFLC LCA disclosure data; https://www.dol.gov/agencies/eta/foreign-labor/performance
2023Q1,cognizant,1.6407018593883556,total_ttm,DOL OFLC LCA disclosure data; https://www.dol.gov/agencies/eta/foreign-labor/performance
2023Q1,hcltech,-6.7851892335046795,total_ttm,DOL OFLC LCA disclosure data; https://www.dol.gov/agencies/eta/foreign-labor/performance
2023Q1,hexaware,-19.168859914632357,total_ttm,DOL OFLC LCA disclosure data; https://www.dol.gov/agencies/eta/foreign-labor/performance
2023Q1,infosys,17.75896867661212,total_ttm,DOL OFLC LCA disclosure data; https://www.dol.gov/agencies/eta/foreign-labor/performance
2023Q1,ltim,-5.092271813724706,total_ttm,DOL OFLC LCA disclosure data; https://www.dol.gov/agencies/eta/foreign-labor/performance
2023Q1,mphasis,-15.273924698885061,total_ttm,DOL OFLC LCA disclosure data; https://www.dol.gov/agencies/eta/foreign-labor/performance
2023Q1,persistent,46.06808307106112,total_ttm,DOL OFLC LCA disclosure data; https://www.dol.gov/agencies/eta/foreign-labor/performance
2023Q1,tcs,-22.48068521610274,total_ttm,DOL OFLC LCA disclosure data; https://www.dol.gov/agencies/eta/foreign-labor/performance
2023Q1,techm,-22.635008372203007,total_ttm,DOL OFLC LCA disclosure data; https://www.dol.gov/agencies/eta/foreign-labor/performance
2023Q1,wipro,-8.501576666859268,total_ttm,DOL OFLC LCA disclosure data; https://www.dol.gov/agencies/eta/foreign-labor/performance
2023Q1,pooled8,-5.437115867564712,total_ttm,DOL OFLC LCA disclosure data; https://www.dol.gov/agencies/eta/foreign-labor/performance
2023Q1,pooled_mid,-5.452020002508207,total_ttm,DOL OFLC LCA disclosure data; https://www.dol.gov/agencies/eta/foreign-labor/performance
2023Q2,accenture,-18.43698384171734,total_ttm,DOL OFLC LCA disclosure data; https://www.dol.gov/agencies/eta/foreign-labor/performance
2023Q2,capgemini,-29.061628062851973,total_ttm,DOL OFLC LCA disclosure data; https://www.dol.gov/agencies/eta/foreign-labor/performance
2023Q2,coforge,-1.0221554071538028,total_ttm,DOL OFLC LCA disclosure data; https://www.dol.gov/agencies/eta/foreign-labor/performance
2023Q2,cognizant,-8.53075020720406,total_ttm,DOL OFLC LCA disclosure data; https://www.dol.gov/agencies/eta/foreign-labor/performance
2023Q2,hcltech,-18.032355413128162,total_ttm,DOL OFLC LCA disclosure data; https://www.dol.gov/agencies/eta/foreign-labor/performance
2023Q2,hexaware,-37.849399133337215,total_ttm,DOL OFLC LCA disclosure data; https://www.dol.gov/agencies/eta/foreign-labor/performance
2023Q2,infosys,-7.322464562775585,total_ttm,DOL OFLC LCA disclosure data; https://www.dol.gov/agencies/eta/foreign-labor/performance
2023Q2,ltim,-28.2424989584177,total_ttm,DOL OFLC LCA disclosure data; https://www.dol.gov/agencies/eta/foreign-labor/performance
2023Q2,mphasis,-18.461195620400275,total_ttm,DOL OFLC LCA disclosure data; https://www.dol.gov/agencies/eta/foreign-labor/performance
2023Q2,persistent,23.475967099743837,total_ttm,DOL OFLC LCA disclosure data; https://www.dol.gov/agencies/eta/foreign-labor/performance
2023Q2,tcs,-25.750283929320712,total_ttm,DOL OFLC LCA disclosure data; https://www.dol.gov/agencies/eta/foreign-labor/performance
2023Q2,techm,-35.33581913127385,total_ttm,DOL OFLC LCA disclosure data; https://www.dol.gov/agencies/eta/foreign-labor/performance
2023Q2,wipro,-15.558634063375523,total_ttm,DOL OFLC LCA disclosure data; https://www.dol.gov/agencies/eta/foreign-labor/performance
2023Q2,pooled8,-16.290837292515477,total_ttm,DOL OFLC LCA disclosure data; https://www.dol.gov/agencies/eta/foreign-labor/performance
2023Q2,pooled_mid,-23.476386233771027,total_ttm,DOL OFLC LCA disclosure data; https://www.dol.gov/agencies/eta/foreign-labor/performance
2023Q3,accenture,14.709064041653333,total_ttm,DOL OFLC LCA disclosure data; https://www.dol.gov/agencies/eta/foreign-labor/performance
2023Q3,capgemini,-26.048744718086386,total_ttm,DOL OFLC LCA disclosure data; https://www.dol.gov/agencies/eta/foreign-labor/performance
2023Q3,coforge,26.29424662760252,total_ttm,DOL OFLC LCA disclosure data; https://www.dol.gov/agencies/eta/foreign-labor/performance
2023Q3,cognizant,-4.38169645345202,total_ttm,DOL OFLC LCA disclosure data; https://www.dol.gov/agencies/eta/foreign-labor/performance
2023Q3,hcltech,-4.780976585065643,total_ttm,DOL OFLC LCA disclosure data; https://www.dol.gov/agencies/eta/foreign-labor/performance
2023Q3,hexaware,-23.442991357889735,total_ttm,DOL OFLC LCA disclosure data; https://www.dol.gov/agencies/eta/foreign-labor/performance
2023Q3,infosys,1.079285820364061,total_ttm,DOL OFLC LCA disclosure data; https://www.dol.gov/agencies/eta/foreign-labor/performance
2023Q3,ltim,-17.07979132604146,total_ttm,DOL OFLC LCA disclosure data; https://www.dol.gov/agencies/eta/foreign-labor/performance
2023Q3,mphasis,-25.25482347298346,total_ttm,DOL OFLC LCA disclosure data; https://www.dol.gov/agencies/eta/foreign-labor/performance
2023Q3,persistent,44.66965750971176,total_ttm,DOL OFLC LCA disclosure data; https://www.dol.gov/agencies/eta/foreign-labor/performance
2023Q3,tcs,-27.06313103414194,total_ttm,DOL OFLC LCA disclosure data; https://www.dol.gov/agencies/eta/foreign-labor/performance
2023Q3,techm,-7.976496846886255,total_ttm,DOL OFLC LCA disclosure data; https://www.dol.gov/agencies/eta/foreign-labor/performance
2023Q3,wipro,15.956245774115043,total_ttm,DOL OFLC LCA disclosure data; https://www.dol.gov/agencies/eta/foreign-labor/performance
2023Q3,pooled8,-6.724640463168602,total_ttm,DOL OFLC LCA disclosure data; https://www.dol.gov/agencies/eta/foreign-labor/performance
2023Q3,pooled_mid,-19.142852813559603,total_ttm,DOL OFLC LCA disclosure data; https://www.dol.gov/agencies/eta/foreign-labor/performance
2023Q4,accenture,4.745121228979668,total_ttm,DOL OFLC LCA disclosure data; https://www.dol.gov/agencies/eta/foreign-labor/performance
2023Q4,capgemini,-14.315881297491174,total_ttm,DOL OFLC LCA disclosure data; https://www.dol.gov/agencies/eta/foreign-labor/performance
2023Q4,coforge,19.96820646352118,total_ttm,DOL OFLC LCA disclosure data; https://www.dol.gov/agencies/eta/foreign-labor/performance
2023Q4,cognizant,-11.61977864820528,total_ttm,DOL OFLC LCA disclosure data; https://www.dol.gov/agencies/eta/foreign-labor/performance
2023Q4,hcltech,-5.862011099741479,total_ttm,DOL OFLC LCA disclosure data; https://www.dol.gov/agencies/eta/foreign-labor/performance
2023Q4,hexaware,-11.44103511777442,total_ttm,DOL OFLC LCA disclosure data; https://www.dol.gov/agencies/eta/foreign-labor/performance
2023Q4,infosys,-7.10706535253986,total_ttm,DOL OFLC LCA disclosure data; https://www.dol.gov/agencies/eta/foreign-labor/performance
2023Q4,ltim,-11.44103511777442,total_ttm,DOL OFLC LCA disclosure data; https://www.dol.gov/agencies/eta/foreign-labor/performance
2023Q4,mphasis,-17.42904425989019,total_ttm,DOL OFLC LCA disclosure data; https://www.dol.gov/agencies/eta/foreign-labor/performance
2023Q4,persistent,39.41189317208629,total_ttm,DOL OFLC LCA disclosure data; https://www.dol.gov/agencies/eta/foreign-labor/performance
2023Q4,tcs,-27.857579110009052,total_ttm,DOL OFLC LCA disclosure data; https://www.dol.gov/agencies/eta/foreign-labor/performance
2023Q4,techm,-2.1460051019769226,total_ttm,DOL OFLC LCA disclosure data; https://www.dol.gov/agencies/eta/foreign-labor/performance
2023Q4,wipro,27.347681149347746,total_ttm,DOL OFLC LCA disclosure data; https://www.dol.gov/agencies/eta/foreign-labor/performance
2023Q4,pooled8,-9.957711362816784,total_ttm,DOL OFLC LCA disclosure data; https://www.dol.gov/agencies/eta/foreign-labor/performance
2023Q4,pooled_mid,-9.713628158555572,total_ttm,DOL OFLC LCA disclosure data; https://www.dol.gov/agencies/eta/foreign-labor/performance
2024Q1,accenture,7.473988370713494,total_ttm,DOL OFLC LCA disclosure data; https://www.dol.gov/agencies/eta/foreign-labor/performance
2024Q1,capgemini,-17.739672890119827,total_ttm,DOL OFLC LCA disclosure data; https://www.dol.gov/agencies/eta/foreign-labor/performance
2024Q1,coforge,28.268955084865986,total_ttm,DOL OFLC LCA disclosure data; https://www.dol.gov/agencies/eta/foreign-labor/performance
2024Q1,cognizant,-24.573611845580505,total_ttm,DOL OFLC LCA disclosure data; https://www.dol.gov/agencies/eta/foreign-labor/performance
2024Q1,hcltech,-10.999495808261614,total_ttm,DOL OFLC LCA disclosure data; https://www.dol.gov/agencies/eta/foreign-labor/performance
2024Q1,hexaware,-2.210034700066597,total_ttm,DOL OFLC LCA disclosure data; https://www.dol.gov/agencies/eta/foreign-labor/performance
2024Q1,infosys,-2.6568547604788892,total_ttm,DOL OFLC LCA disclosure data; https://www.dol.gov/agencies/eta/foreign-labor/performance
2024Q1,ltim,-8.301116996463524,total_ttm,DOL OFLC LCA disclosure data; https://www.dol.gov/agencies/eta/foreign-labor/performance
2024Q1,mphasis,-14.549059059591613,total_ttm,DOL OFLC LCA disclosure data; https://www.dol.gov/agencies/eta/foreign-labor/performance
2024Q1,persistent,27.101501996656918,total_ttm,DOL OFLC LCA disclosure data; https://www.dol.gov/agencies/eta/foreign-labor/performance
2024Q1,tcs,-5.950431222150417,total_ttm,DOL OFLC LCA disclosure data; https://www.dol.gov/agencies/eta/foreign-labor/performance
2024Q1,techm,1.3773323932173074,total_ttm,DOL OFLC LCA disclosure data; https://www.dol.gov/agencies/eta/foreign-labor/performance
2024Q1,wipro,22.635717287522066,total_ttm,DOL OFLC LCA disclosure data; https://www.dol.gov/agencies/eta/foreign-labor/performance
2024Q1,pooled8,-8.336700922666509,total_ttm,DOL OFLC LCA disclosure data; https://www.dol.gov/agencies/eta/foreign-labor/performance
2024Q1,pooled_mid,-10.34666908699602,total_ttm,DOL OFLC LCA disclosure data; https://www.dol.gov/agencies/eta/foreign-labor/performance
2024Q2,accenture,23.063737074452252,total_ttm,DOL OFLC LCA disclosure data; https://www.dol.gov/agencies/eta/foreign-labor/performance
2024Q2,capgemini,-16.333477829176424,total_ttm,DOL OFLC LCA disclosure data; https://www.dol.gov/agencies/eta/foreign-labor/performance
2024Q2,coforge,11.320636862897157,total_ttm,DOL OFLC LCA disclosure data; https://www.dol.gov/agencies/eta/foreign-labor/performance
2024Q2,cognizant,-6.838457840611505,total_ttm,DOL OFLC LCA disclosure data; https://www.dol.gov/agencies/eta/foreign-labor/performance
2024Q2,hcltech,9.694194519223053,total_ttm,DOL OFLC LCA disclosure data; https://www.dol.gov/agencies/eta/foreign-labor/performance
2024Q2,hexaware,35.2253418680855,total_ttm,DOL OFLC LCA disclosure data; https://www.dol.gov/agencies/eta/foreign-labor/performance
2024Q2,infosys,-3.591507170012731,total_ttm,DOL OFLC LCA disclosure data; https://www.dol.gov/agencies/eta/foreign-labor/performance
2024Q2,ltim,19.765364110077115,total_ttm,DOL OFLC LCA disclosure data; https://www.dol.gov/agencies/eta/foreign-labor/performance
2024Q2,mphasis,-10.126560447991917,total_ttm,DOL OFLC LCA disclosure data; https://www.dol.gov/agencies/eta/foreign-labor/performance
2024Q2,persistent,78.64791203521645,total_ttm,DOL OFLC LCA disclosure data; https://www.dol.gov/agencies/eta/foreign-labor/performance
2024Q2,tcs,5.101170456267728,total_ttm,DOL OFLC LCA disclosure data; https://www.dol.gov/agencies/eta/foreign-labor/performance
2024Q2,techm,28.10375297331124,total_ttm,DOL OFLC LCA disclosure data; https://www.dol.gov/agencies/eta/foreign-labor/performance
2024Q2,wipro,8.54433212393992,total_ttm,DOL OFLC LCA disclosure data; https://www.dol.gov/agencies/eta/foreign-labor/performance
2024Q2,pooled8,3.823572896093684,total_ttm,DOL OFLC LCA disclosure data; https://www.dol.gov/agencies/eta/foreign-labor/performance
2024Q2,pooled_mid,0.7342302258206251,total_ttm,DOL OFLC LCA disclosure data; https://www.dol.gov/agencies/eta/foreign-labor/performance
2024Q3,accenture,-4.344012869598955,total_ttm,DOL OFLC LCA disclosure data; https://www.dol.gov/agencies/eta/foreign-labor/performance
2024Q3,capgemini,-19.753780916268425,total_ttm,DOL OFLC LCA disclosure data; https://www.dol.gov/agencies/eta/foreign-labor/performance
2024Q3,coforge,-14.265630040152319,total_ttm,DOL OFLC LCA disclosure data; https://www.dol.gov/agencies/eta/foreign-labor/performance
2024Q3,cognizant,-13.754415481720397,total_ttm,DOL OFLC LCA disclosure data; https://www.dol.gov/agencies/eta/foreign-labor/performance
2024Q3,hcltech,5.375184820189286,total_ttm,DOL OFLC LCA disclosure data; https://www.dol.gov/agencies/eta/foreign-labor/performance
2024Q3,hexaware,32.18282126085643,total_ttm,DOL OFLC LCA disclosure data; https://www.dol.gov/agencies/eta/foreign-labor/performance
2024Q3,infosys,-27.410059822044836,total_ttm,DOL OFLC LCA disclosure data; https://www.dol.gov/agencies/eta/foreign-labor/performance
2024Q3,ltim,12.495152513499605,total_ttm,DOL OFLC LCA disclosure data; https://www.dol.gov/agencies/eta/foreign-labor/performance
2024Q3,mphasis,-0.8768489819945975,total_ttm,DOL OFLC LCA disclosure data; https://www.dol.gov/agencies/eta/foreign-labor/performance
2024Q3,persistent,54.895403752066294,total_ttm,DOL OFLC LCA disclosure data; https://www.dol.gov/agencies/eta/foreign-labor/performance
2024Q3,tcs,12.425487452946534,total_ttm,DOL OFLC LCA disclosure data; https://www.dol.gov/agencies/eta/foreign-labor/performance
2024Q3,techm,4.930576098415406,total_ttm,DOL OFLC LCA disclosure data; https://www.dol.gov/agencies/eta/foreign-labor/performance
2024Q3,wipro,-27.729388448982483,total_ttm,DOL OFLC LCA disclosure data; https://www.dol.gov/agencies/eta/foreign-labor/performance
2024Q3,pooled8,-6.285352298940884,total_ttm,DOL OFLC LCA disclosure data; https://www.dol.gov/agencies/eta/foreign-labor/performance
2024Q3,pooled_mid,-2.2304491511228224,total_ttm,DOL OFLC LCA disclosure data; https://www.dol.gov/agencies/eta/foreign-labor/performance
2024Q4,accenture,7.586287169740008,total_ttm,DOL OFLC LCA disclosure data; https://www.dol.gov/agencies/eta/foreign-labor/performance
2024Q4,capgemini,-24.92048537565407,total_ttm,DOL OFLC LCA disclosure data; https://www.dol.gov/agencies/eta/foreign-labor/performance
2024Q4,coforge,-7.387973981220853,total_ttm,DOL OFLC LCA disclosure data; https://www.dol.gov/agencies/eta/foreign-labor/performance
2024Q4,cognizant,-1.613615984472596,total_ttm,DOL OFLC LCA disclosure data; https://www.dol.gov/agencies/eta/foreign-labor/performance
2024Q4,hcltech,4.320213845246617,total_ttm,DOL OFLC LCA disclosure data; https://www.dol.gov/agencies/eta/foreign-labor/performance
2024Q4,hexaware,35.09769228240947,total_ttm,DOL OFLC LCA disclosure data; https://www.dol.gov/agencies/eta/foreign-labor/performance
2024Q4,infosys,-26.144228050978064,total_ttm,DOL OFLC LCA disclosure data; https://www.dol.gov/agencies/eta/foreign-labor/performance
2024Q4,ltim,16.46896180996659,total_ttm,DOL OFLC LCA disclosure data; https://www.dol.gov/agencies/eta/foreign-labor/performance
2024Q4,mphasis,-1.4263316293385746,total_ttm,DOL OFLC LCA disclosure data; https://www.dol.gov/agencies/eta/foreign-labor/performance
2024Q4,persistent,50.16550717937827,total_ttm,DOL OFLC LCA disclosure data; https://www.dol.gov/agencies/eta/foreign-labor/performance
2024Q4,tcs,17.88385329966264,total_ttm,DOL OFLC LCA disclosure data; https://www.dol.gov/agencies/eta/foreign-labor/performance
2024Q4,techm,9.313862629081706,total_ttm,DOL OFLC LCA disclosure data; https://www.dol.gov/agencies/eta/foreign-labor/performance
2024Q4,wipro,-35.92370027206258,total_ttm,DOL OFLC LCA disclosure data; https://www.dol.gov/agencies/eta/foreign-labor/performance
2024Q4,pooled8,-0.4963513839898103,total_ttm,DOL OFLC LCA disclosure data; https://www.dol.gov/agencies/eta/foreign-labor/performance
2024Q4,pooled_mid,-4.499874500235855,total_ttm,DOL OFLC LCA disclosure data; https://www.dol.gov/agencies/eta/foreign-labor/performance
2025Q1,accenture,8.18390426631885,total_ttm,DOL OFLC LCA disclosure data; https://www.dol.gov/agencies/eta/foreign-labor/performance
2025Q1,capgemini,-14.230515478535407,total_ttm,DOL OFLC LCA disclosure data; https://www.dol.gov/agencies/eta/foreign-labor/performance
2025Q1,coforge,3.8296285077280325,total_ttm,DOL OFLC LCA disclosure data; https://www.dol.gov/agencies/eta/foreign-labor/performance
2025Q1,cognizant,11.93711396500168,total_ttm,DOL OFLC LCA disclosure data; https://www.dol.gov/agencies/eta/foreign-labor/performance
2025Q1,hcltech,7.59789561860531,total_ttm,DOL OFLC LCA disclosure data; https://www.dol.gov/agencies/eta/foreign-labor/performance
2025Q1,hexaware,34.73203387715122,total_ttm,DOL OFLC LCA disclosure data; https://www.dol.gov/agencies/eta/foreign-labor/performance
2025Q1,infosys,-33.50120665494366,total_ttm,DOL OFLC LCA disclosure data; https://www.dol.gov/agencies/eta/foreign-labor/performance
2025Q1,ltim,22.185447604707957,total_ttm,DOL OFLC LCA disclosure data; https://www.dol.gov/agencies/eta/foreign-labor/performance
2025Q1,mphasis,5.552576041606334,total_ttm,DOL OFLC LCA disclosure data; https://www.dol.gov/agencies/eta/foreign-labor/performance
2025Q1,persistent,59.267665019631075,total_ttm,DOL OFLC LCA disclosure data; https://www.dol.gov/agencies/eta/foreign-labor/performance
2025Q1,tcs,-23.933770068571555,total_ttm,DOL OFLC LCA disclosure data; https://www.dol.gov/agencies/eta/foreign-labor/performance
2025Q1,techm,7.954416175544138,total_ttm,DOL OFLC LCA disclosure data; https://www.dol.gov/agencies/eta/foreign-labor/performance
2025Q1,wipro,-36.06966965852807,total_ttm,DOL OFLC LCA disclosure data; https://www.dol.gov/agencies/eta/foreign-labor/performance
2025Q1,pooled8,-5.9062468158512385,total_ttm,DOL OFLC LCA disclosure data; https://www.dol.gov/agencies/eta/foreign-labor/performance
2025Q1,pooled_mid,4.54700887570225,total_ttm,DOL OFLC LCA disclosure data; https://www.dol.gov/agencies/eta/foreign-labor/performance
2025Q2,accenture,-14.125622040731681,total_ttm,DOL OFLC LCA disclosure data; https://www.dol.gov/agencies/eta/foreign-labor/performance
2025Q2,capgemini,-3.3558985361281093,total_ttm,DOL OFLC LCA disclosure data; https://www.dol.gov/agencies/eta/foreign-labor/performance
2025Q2,coforge,13.161824874656212,total_ttm,DOL OFLC LCA disclosure data; https://www.dol.gov/agencies/eta/foreign-labor/performance
2025Q2,cognizant,-4.2001603273463,total_ttm,DOL OFLC LCA disclosure data; https://www.dol.gov/agencies/eta/foreign-labor/performance
2025Q2,hcltech,-22.884157242884754,total_ttm,DOL OFLC LCA disclosure data; https://www.dol.gov/agencies/eta/foreign-labor/performance
2025Q2,hexaware,-3.916163070370577,total_ttm,DOL OFLC LCA disclosure data; https://www.dol.gov/agencies/eta/foreign-labor/performance
2025Q2,infosys,-34.080062312205115,total_ttm,DOL OFLC LCA disclosure data; https://www.dol.gov/agencies/eta/foreign-labor/performance
2025Q2,ltim,-7.9870605444387826,total_ttm,DOL OFLC LCA disclosure data; https://www.dol.gov/agencies/eta/foreign-labor/performance
2025Q2,mphasis,9.472725935645766,total_ttm,DOL OFLC LCA disclosure data; https://www.dol.gov/agencies/eta/foreign-labor/performance
2025Q2,persistent,-45.623743348158754,total_ttm,DOL OFLC LCA disclosure data; https://www.dol.gov/agencies/eta/foreign-labor/performance
2025Q2,tcs,-16.937457042789227,total_ttm,DOL OFLC LCA disclosure data; https://www.dol.gov/agencies/eta/foreign-labor/performance
2025Q2,techm,-19.69277091833167,total_ttm,DOL OFLC LCA disclosure data; https://www.dol.gov/agencies/eta/foreign-labor/performance
2025Q2,wipro,-21.504715044724605,total_ttm,DOL OFLC LCA disclosure data; https://www.dol.gov/agencies/eta/foreign-labor/performance
2025Q2,pooled8,-15.780161732017122,total_ttm,DOL OFLC LCA disclosure data; https://www.dol.gov/agencies/eta/foreign-labor/performance
2025Q2,pooled_mid,-4.2574408084148665,total_ttm,DOL OFLC LCA disclosure data; https://www.dol.gov/agencies/eta/foreign-labor/performance
2025Q3,accenture,-13.841883990884407,total_ttm,DOL OFLC LCA disclosure data; https://www.dol.gov/agencies/eta/foreign-labor/performance
2025Q3,capgemini,-5.739279799665265,total_ttm,DOL OFLC LCA disclosure data; https://www.dol.gov/agencies/eta/foreign-labor/performance
2025Q3,coforge,23.638877806423032,total_ttm,DOL OFLC LCA disclosure data; https://www.dol.gov/agencies/eta/foreign-labor/performance
2025Q3,cognizant,-1.257317379199441,total_ttm,DOL OFLC LCA disclosure data; https://www.dol.gov/agencies/eta/foreign-labor/performance
2025Q3,hcltech,-32.362010249179804,total_ttm,DOL OFLC LCA disclosure data; https://www.dol.gov/agencies/eta/foreign-labor/performance
2025Q3,hexaware,-13.170934535457784,total_ttm,DOL OFLC LCA disclosure data; https://www.dol.gov/agencies/eta/foreign-labor/performance
2025Q3,infosys,-2.157929288233708,total_ttm,DOL OFLC LCA disclosure data; https://www.dol.gov/agencies/eta/foreign-labor/performance
2025Q3,ltim,-6.937087186945269,total_ttm,DOL OFLC LCA disclosure data; https://www.dol.gov/agencies/eta/foreign-labor/performance
2025Q3,mphasis,10.696051599915966,total_ttm,DOL OFLC LCA disclosure data; https://www.dol.gov/agencies/eta/foreign-labor/performance
2025Q3,persistent,-47.53140475921579,total_ttm,DOL OFLC LCA disclosure data; https://www.dol.gov/agencies/eta/foreign-labor/performance
2025Q3,tcs,-20.91692315136844,total_ttm,DOL OFLC LCA disclosure data; https://www.dol.gov/agencies/eta/foreign-labor/performance
2025Q3,techm,-12.113917666640555,total_ttm,DOL OFLC LCA disclosure data; https://www.dol.gov/agencies/eta/foreign-labor/performance
2025Q3,wipro,-10.365891419535279,total_ttm,DOL OFLC LCA disclosure data; https://www.dol.gov/agencies/eta/foreign-labor/performance
2025Q3,pooled8,-10.90025093599392,total_ttm,DOL OFLC LCA disclosure data; https://www.dol.gov/agencies/eta/foreign-labor/performance
2025Q3,pooled_mid,-5.667238709891087,total_ttm,DOL OFLC LCA disclosure data; https://www.dol.gov/agencies/eta/foreign-labor/performance
2025Q4,accenture,-24.590203320401972,total_ttm,DOL OFLC LCA disclosure data; https://www.dol.gov/agencies/eta/foreign-labor/performance
2025Q4,capgemini,-8.292898126607398,total_ttm,DOL OFLC LCA disclosure data; https://www.dol.gov/agencies/eta/foreign-labor/performance
2025Q4,coforge,18.338595284974136,total_ttm,DOL OFLC LCA disclosure data; https://www.dol.gov/agencies/eta/foreign-labor/performance
2025Q4,cognizant,-11.840807209304876,total_ttm,DOL OFLC LCA disclosure data; https://www.dol.gov/agencies/eta/foreign-labor/performance
2025Q4,hcltech,-38.55426234421111,total_ttm,DOL OFLC LCA disclosure data; https://www.dol.gov/agencies/eta/foreign-labor/performance
2025Q4,hexaware,-27.268399687434595,total_ttm,DOL OFLC LCA disclosure data; https://www.dol.gov/agencies/eta/foreign-labor/performance
2025Q4,infosys,2.5912240153967985,total_ttm,DOL OFLC LCA disclosure data; https://www.dol.gov/agencies/eta/foreign-labor/performance
2025Q4,ltim,-21.371904533998453,total_ttm,DOL OFLC LCA disclosure data; https://www.dol.gov/agencies/eta/foreign-labor/performance
2025Q4,mphasis,14.118360387780257,total_ttm,DOL OFLC LCA disclosure data; https://www.dol.gov/agencies/eta/foreign-labor/performance
2025Q4,persistent,-54.62011428477345,total_ttm,DOL OFLC LCA disclosure data; https://www.dol.gov/agencies/eta/foreign-labor/performance
2025Q4,tcs,-26.814417589544053,total_ttm,DOL OFLC LCA disclosure data; https://www.dol.gov/agencies/eta/foreign-labor/performance
2025Q4,techm,-28.98803586744786,total_ttm,DOL OFLC LCA disclosure data; https://www.dol.gov/agencies/eta/foreign-labor/performance
2025Q4,wipro,-6.447398627258797,total_ttm,DOL OFLC LCA disclosure data; https://www.dol.gov/agencies/eta/foreign-labor/performance
2025Q4,pooled8,-17.308583627303676,total_ttm,DOL OFLC LCA disclosure data; https://www.dol.gov/agencies/eta/foreign-labor/performance
2025Q4,pooled_mid,-8.542982909218681,total_ttm,DOL OFLC LCA disclosure data; https://www.dol.gov/agencies/eta/foreign-labor/performance
2026Q1,accenture,-24.849120959924356,total_ttm,DOL OFLC LCA disclosure data; https://www.dol.gov/agencies/eta/foreign-labor/performance
2026Q1,capgemini,-12.458485755405356,total_ttm,DOL OFLC LCA disclosure data; https://www.dol.gov/agencies/eta/foreign-labor/performance
2026Q1,coforge,8.315036833217016,total_ttm,DOL OFLC LCA disclosure data; https://www.dol.gov/agencies/eta/foreign-labor/performance
2026Q1,cognizant,-15.232507278647061,total_ttm,DOL OFLC LCA disclosure data; https://www.dol.gov/agencies/eta/foreign-labor/performance
2026Q1,hcltech,-36.69913519023945,total_ttm,DOL OFLC LCA disclosure data; https://www.dol.gov/agencies/eta/foreign-labor/performance
2026Q1,hexaware,-32.521999177084616,total_ttm,DOL OFLC LCA disclosure data; https://www.dol.gov/agencies/eta/foreign-labor/performance
2026Q1,infosys,24.532802731672437,total_ttm,DOL OFLC LCA disclosure data; https://www.dol.gov/agencies/eta/foreign-labor/performance
2026Q1,ltim,-36.02284931473903,total_ttm,DOL OFLC LCA disclosure data; https://www.dol.gov/agencies/eta/foreign-labor/performance
2026Q1,mphasis,11.641035184441137,total_ttm,DOL OFLC LCA disclosure data; https://www.dol.gov/agencies/eta/foreign-labor/performance
2026Q1,persistent,-76.41330771211616,total_ttm,DOL OFLC LCA disclosure data; https://www.dol.gov/agencies/eta/foreign-labor/performance
2026Q1,tcs,-5.930618605773145,total_ttm,DOL OFLC LCA disclosure data; https://www.dol.gov/agencies/eta/foreign-labor/performance
2026Q1,techm,-32.01173482049347,total_ttm,DOL OFLC LCA disclosure data; https://www.dol.gov/agencies/eta/foreign-labor/performance
2026Q1,wipro,2.7963558628646843,total_ttm,DOL OFLC LCA disclosure data; https://www.dol.gov/agencies/eta/foreign-labor/performance
2026Q1,pooled8,-10.573344126349086,total_ttm,DOL OFLC LCA disclosure data; https://www.dol.gov/agencies/eta/foreign-labor/performance
2026Q1,pooled_mid,-14.331776753313855,total_ttm,DOL OFLC LCA disclosure data; https://www.dol.gov/agencies/eta/foreign-labor/performance
2026Q2,accenture,-38.588940541725876,total_ttm,DOL OFLC LCA disclosure data; https://www.dol.gov/agencies/eta/foreign-labor/performance
2026Q2,capgemini,-27.879204252043927,total_ttm,DOL OFLC LCA disclosure data; https://www.dol.gov/agencies/eta/foreign-labor/performance
2026Q2,coforge,-11.946004426675259,total_ttm,DOL OFLC LCA disclosure data; https://www.dol.gov/agencies/eta/foreign-labor/performance
2026Q2,cognizant,-31.26242831171384,total_ttm,DOL OFLC LCA disclosure data; https://www.dol.gov/agencies/eta/foreign-labor/performance
2026Q2,hcltech,-52.01860665255544,total_ttm,DOL OFLC LCA disclosure data; https://www.dol.gov/agencies/eta/foreign-labor/performance
2026Q2,hexaware,-31.0993151320228,total_ttm,DOL OFLC LCA disclosure data; https://www.dol.gov/agencies/eta/foreign-labor/performance
2026Q2,infosys,27.443684570176035,total_ttm,DOL OFLC LCA disclosure data; https://www.dol.gov/agencies/eta/foreign-labor/performance
2026Q2,ltim,-49.85964552395788,total_ttm,DOL OFLC LCA disclosure data; https://www.dol.gov/agencies/eta/foreign-labor/performance
2026Q2,mphasis,-3.93956555685159,total_ttm,DOL OFLC LCA disclosure data; https://www.dol.gov/agencies/eta/foreign-labor/performance
2026Q2,persistent,-24.187253642048674,total_ttm,DOL OFLC LCA disclosure data; https://www.dol.gov/agencies/eta/foreign-labor/performance
2026Q2,tcs,-65.34294495037885,total_ttm,DOL OFLC LCA disclosure data; https://www.dol.gov/agencies/eta/foreign-labor/performance
2026Q2,techm,-51.769850305375265,total_ttm,DOL OFLC LCA disclosure data; https://www.dol.gov/agencies/eta/foreign-labor/performance
2026Q2,wipro,0.6944472352810995,total_ttm,DOL OFLC LCA disclosure data; https://www.dol.gov/agencies/eta/foreign-labor/performance
2026Q2,pooled8,-28.954702329820954,total_ttm,DOL OFLC LCA disclosure data; https://www.dol.gov/agencies/eta/foreign-labor/performance
2026Q2,pooled_mid,-20.45442946454919,total_ttm,DOL OFLC LCA disclosure data; https://www.dol.gov/agencies/eta/foreign-labor/performance
2015Q4,accenture,33.43896256636864,total_q,DOL OFLC LCA disclosure data; https://www.dol.gov/agencies/eta/foreign-labor/performance
2015Q4,capgemini,8.47614547877538,total_q,DOL OFLC LCA disclosure data; https://www.dol.gov/agencies/eta/foreign-labor/performance
2015Q4,coforge,32.8504066972036,total_q,DOL OFLC LCA disclosure data; https://www.dol.gov/agencies/eta/foreign-labor/performance
2015Q4,cognizant,110.03379146355795,total_q,DOL OFLC LCA disclosure data; https://www.dol.gov/agencies/eta/foreign-labor/performance
2015Q4,hcltech,-22.458968316420943,total_q,DOL OFLC LCA disclosure data; https://www.dol.gov/agencies/eta/foreign-labor/performance
2015Q4,hexaware,36.772478012531735,total_q,DOL OFLC LCA disclosure data; https://www.dol.gov/agencies/eta/foreign-labor/performance
2015Q4,infosys,-54.25196303504938,total_q,DOL OFLC LCA disclosure data; https://www.dol.gov/agencies/eta/foreign-labor/performance
2015Q4,ltim,-17.42041222739878,total_q,DOL OFLC LCA disclosure data; https://www.dol.gov/agencies/eta/foreign-labor/performance
2015Q4,mphasis,-49.19571394616079,total_q,DOL OFLC LCA disclosure data; https://www.dol.gov/agencies/eta/foreign-labor/performance
2015Q4,persistent,-13.51747783682526,total_q,DOL OFLC LCA disclosure data; https://www.dol.gov/agencies/eta/foreign-labor/performance
2015Q4,tcs,-5.206987282216746,total_q,DOL OFLC LCA disclosure data; https://www.dol.gov/agencies/eta/foreign-labor/performance
2015Q4,techm,-3.128129938108879,total_q,DOL OFLC LCA disclosure data; https://www.dol.gov/agencies/eta/foreign-labor/performance
2015Q4,wipro,34.128958837025706,total_q,DOL OFLC LCA disclosure data; https://www.dol.gov/agencies/eta/foreign-labor/performance
2015Q4,pooled8,-4.5909701304077855,total_q,DOL OFLC LCA disclosure data; https://www.dol.gov/agencies/eta/foreign-labor/performance
2015Q4,pooled_mid,4.761060261504696,total_q,DOL OFLC LCA disclosure data; https://www.dol.gov/agencies/eta/foreign-labor/performance
2016Q1,accenture,-19.973690138925527,total_q,DOL OFLC LCA disclosure data; https://www.dol.gov/agencies/eta/foreign-labor/performance
2016Q1,capgemini,62.97949516903587,total_q,DOL OFLC LCA disclosure data; https://www.dol.gov/agencies/eta/foreign-labor/performance
2016Q1,coforge,25.92196077880193,total_q,DOL OFLC LCA disclosure data; https://www.dol.gov/agencies/eta/foreign-labor/performance
2016Q1,cognizant,8.594242980072462,total_q,DOL OFLC LCA disclosure data; https://www.dol.gov/agencies/eta/foreign-labor/performance
2016Q1,hcltech,-13.062018241706422,total_q,DOL OFLC LCA disclosure data; https://www.dol.gov/agencies/eta/foreign-labor/performance
2016Q1,hexaware,-39.957407487092695,total_q,DOL OFLC LCA disclosure data; https://www.dol.gov/agencies/eta/foreign-labor/performance
2016Q1,infosys,-19.953550786737374,total_q,DOL OFLC LCA disclosure data; https://www.dol.gov/agencies/eta/foreign-labor/performance
2016Q1,ltim,-20.247691450565075,total_q,DOL OFLC LCA disclosure data; https://www.dol.gov/agencies/eta/foreign-labor/performance
2016Q1,mphasis,-16.194239445730254,total_q,DOL OFLC LCA disclosure data; https://www.dol.gov/agencies/eta/foreign-labor/performance
2016Q1,persistent,-36.43634324226125,total_q,DOL OFLC LCA disclosure data; https://www.dol.gov/agencies/eta/foreign-labor/performance
2016Q1,tcs,-40.96723191522944,total_q,DOL OFLC LCA disclosure data; https://www.dol.gov/agencies/eta/foreign-labor/performance
2016Q1,techm,90.67451105235561,total_q,DOL OFLC LCA disclosure data; https://www.dol.gov/agencies/eta/foreign-labor/performance
2016Q1,wipro,-14.334276937065454,total_q,DOL OFLC LCA disclosure data; https://www.dol.gov/agencies/eta/foreign-labor/performance
2016Q1,pooled8,-10.66005336729757,total_q,DOL OFLC LCA disclosure data; https://www.dol.gov/agencies/eta/foreign-labor/performance
2016Q1,pooled_mid,43.32913951334771,total_q,DOL OFLC LCA disclosure data; https://www.dol.gov/agencies/eta/foreign-labor/performance
2016Q2,accenture,37.40049812558692,total_q,DOL OFLC LCA disclosure data; https://www.dol.gov/agencies/eta/foreign-labor/performance
2016Q2,capgemini,49.22921023186234,total_q,DOL OFLC LCA disclosure data; https://www.dol.gov/agencies/eta/foreign-labor/performance
2016Q2,coforge,-27.820332849723716,total_q,DOL OFLC LCA disclosure data; https://www.dol.gov/agencies/eta/foreign-labor/performance
2016Q2,cognizant,41.64159392949159,total_q,DOL OFLC LCA disclosure data; https://www.dol.gov/agencies/eta/foreign-labor/performance
2016Q2,hcltech,-30.67526225334135,total_q,DOL OFLC LCA disclosure data; https://www.dol.gov/agencies/eta/foreign-labor/performance
2016Q2,hexaware,32.001095956714096,total_q,DOL OFLC LCA disclosure data; https://www.dol.gov/agencies/eta/foreign-labor/performance
2016Q2,infosys,-35.25193135571236,total_q,DOL OFLC LCA disclosure data; https://www.dol.gov/agencies/eta/foreign-labor/performance
2016Q2,ltim,-31.94797814850152,total_q,DOL OFLC LCA disclosure data; https://www.dol.gov/agencies/eta/foreign-labor/performance
2016Q2,mphasis,-45.065710229953794,total_q,DOL OFLC LCA disclosure data; https://www.dol.gov/agencies/eta/foreign-labor/performance
2016Q2,persistent,-22.31435513142097,total_q,DOL OFLC LCA disclosure data; https://www.dol.gov/agencies/eta/foreign-labor/performance
2016Q2,tcs,0.8260717007366531,total_q,DOL OFLC LCA disclosure data; https://www.dol.gov/agencies/eta/foreign-labor/performance
2016Q2,techm,-21.7812392491295,total_q,DOL OFLC LCA disclosure data; https://www.dol.gov/agencies/eta/foreign-labor/performance
2016Q2,wipro,22.389609117162333,total_q,DOL OFLC LCA disclosure data; https://www.dol.gov/agencies/eta/foreign-labor/performance
2016Q2,pooled8,-7.137415168660343,total_q,DOL OFLC LCA disclosure data; https://www.dol.gov/agencies/eta/foreign-labor/performance
2016Q2,pooled_mid,29.73087028109565,total_q,DOL OFLC LCA disclosure data; https://www.dol.gov/agencies/eta/foreign-labor/performance
2016Q3,accenture,-12.540872252302023,total_q,DOL OFLC LCA disclosure data; https://www.dol.gov/agencies/eta/foreign-labor/performance
2016Q3,capgemini,173.98890482734578,total_q,DOL OFLC LCA disclosure data; https://www.dol.gov/agencies/eta/foreign-labor/performance
2016Q3,coforge,-48.550781578170074,total_q,DOL OFLC LCA disclosure data; https://www.dol.gov/agencies/eta/foreign-labor/performance
2016Q3,cognizant,-16.589667712655427,total_q,DOL OFLC LCA disclosure data; https://www.dol.gov/agencies/eta/foreign-labor/performance
2016Q3,hcltech,-35.77496350684978,total_q,DOL OFLC LCA disclosure data; https://www.dol.gov/agencies/eta/foreign-labor/performance
2016Q3,hexaware,11.011111841642421,total_q,DOL OFLC LCA disclosure data; https://www.dol.gov/agencies/eta/foreign-labor/performance
2016Q3,infosys,-21.760337093859444,total_q,DOL OFLC LCA disclosure data; https://www.dol.gov/agencies/eta/foreign-labor/performance
2016Q3,ltim,-25.492928597997295,total_q,DOL OFLC LCA disclosure data; https://www.dol.gov/agencies/eta/foreign-labor/performance
2016Q3,mphasis,-10.42610103244094,total_q,DOL OFLC LCA disclosure data; https://www.dol.gov/agencies/eta/foreign-labor/performance
2016Q3,persistent,-27.25072744325458,total_q,DOL OFLC LCA disclosure data; https://www.dol.gov/agencies/eta/foreign-labor/performance
2016Q3,tcs,-21.303172071768035,total_q,DOL OFLC LCA disclosure data; https://www.dol.gov/agencies/eta/foreign-labor/performance
2016Q3,techm,-60.36946515297878,total_q,DOL OFLC LCA disclosure data; https://www.dol.gov/agencies/eta/foreign-labor/performance
2016Q3,wipro,-84.33393404528239,total_q,DOL OFLC LCA disclosure data; https://www.dol.gov/agencies/eta/foreign-labor/performance
2016Q3,pooled8,-30.89506319014081,total_q,DOL OFLC LCA disclosure data; https://www.dol.gov/agencies/eta/foreign-labor/performance
2016Q3,pooled_mid,149.7865726170791,total_q,DOL OFLC LCA disclosure data; https://www.dol.gov/agencies/eta/foreign-labor/performance
2016Q4,accenture,-11.16344992912411,total_q,DOL OFLC LCA disclosure data; https://www.dol.gov/agencies/eta/foreign-labor/performance
2016Q4,capgemini,40.57954136437851,total_q,DOL OFLC LCA disclosure data; https://www.dol.gov/agencies/eta/foreign-labor/performance
2016Q4,coforge,-4.082199452025517,total_q,DOL OFLC LCA disclosure data; https://www.dol.gov/agencies/eta/foreign-labor/performance
2016Q4,cognizant,-38.41423386393432,total_q,DOL OFLC LCA disclosure data; https://www.dol.gov/agencies/eta/foreign-labor/performance
2016Q4,hcltech,20.474081202423324,total_q,DOL OFLC LCA disclosure data; https://www.dol.gov/agencies/eta/foreign-labor/performance
2016Q4,hexaware,27.8020161540044,total_q,DOL OFLC LCA disclosure data; https://www.dol.gov/agencies/eta/foreign-labor/performance
2016Q4,infosys,28.73319936804828,total_q,DOL OFLC LCA disclosure data; https://www.dol.gov/agencies/eta/foreign-labor/performance
2016Q4,ltim,-13.994852694515611,total_q,DOL OFLC LCA disclosure data; https://www.dol.gov/agencies/eta/foreign-labor/performance
2016Q4,mphasis,16.345307248957177,total_q,DOL OFLC LCA disclosure data; https://www.dol.gov/agencies/eta/foreign-labor/performance
2016Q4,persistent,-23.63887780642304,total_q,DOL OFLC LCA disclosure data; https://www.dol.gov/agencies/eta/foreign-labor/performance
2016Q4,tcs,8.628602593974508,total_q,DOL OFLC LCA disclosure data; https://www.dol.gov/agencies/eta/foreign-labor/performance
2016Q4,techm,2.765153133050995,total_q,DOL OFLC LCA disclosure data; https://www.dol.gov/agencies/eta/foreign-labor/performance
2016Q4,wipro,-103.83882276421299,total_q,DOL OFLC LCA disclosure data; https://www.dol.gov/agencies/eta/foreign-labor/performance
2016Q4,pooled8,-8.636934300397883,total_q,DOL OFLC LCA disclosure data; https://www.dol.gov/agencies/eta/foreign-labor/performance
2016Q4,pooled_mid,33.48359098089724,total_q,DOL OFLC LCA disclosure data; https://www.dol.gov/agencies/eta/foreign-labor/performance
2017Q1,accenture,-42.446723453543925,total_q,DOL OFLC LCA disclosure data; https://www.dol.gov/agencies/eta/foreign-labor/performance
2017Q1,capgemini,-29.450028068355792,total_q,DOL OFLC LCA disclosure data; https://www.dol.gov/agencies/eta/foreign-labor/performance
2017Q1,coforge,-5.66953436765453,total_q,DOL OFLC LCA disclosure data; https://www.dol.gov/agencies/eta/foreign-labor/performance
2017Q1,cognizant,-57.5133490998722,total_q,DOL OFLC LCA disclosure data; https://www.dol.gov/agencies/eta/foreign-labor/performance
2017Q1,hcltech,-17.674000069738856,total_q,DOL OFLC LCA disclosure data; https://www.dol.gov/agencies/eta/foreign-labor/performance
2017Q1,hexaware,-12.663265093336603,total_q,DOL OFLC LCA disclosure data; https://www.dol.gov/agencies/eta/foreign-labor/performance
2017Q1,infosys,-46.925644449623825,total_q,DOL OFLC LCA disclosure data; https://www.dol.gov/agencies/eta/foreign-labor/performance
2017Q1,ltim,-70.68773733718473,total_q,DOL OFLC LCA disclosure data; https://www.dol.gov/agencies/eta/foreign-labor/performance
2017Q1,mphasis,56.249348776303776,total_q,DOL OFLC LCA disclosure data; https://www.dol.gov/agencies/eta/foreign-labor/performance
2017Q1,persistent,-19.99252612122025,total_q,DOL OFLC LCA disclosure data; https://www.dol.gov/agencies/eta/foreign-labor/performance
2017Q1,tcs,-4.115142954217703,total_q,DOL OFLC LCA disclosure data; https://www.dol.gov/agencies/eta/foreign-labor/performance
2017Q1,techm,-0.7870759881568912,total_q,DOL OFLC LCA disclosure data; https://www.dol.gov/agencies/eta/foreign-labor/performance
2017Q1,wipro,-93.53435798363742,total_q,DOL OFLC LCA disclosure data; https://www.dol.gov/agencies/eta/foreign-labor/performance
2017Q1,pooled8,-34.735587628648105,total_q,DOL OFLC LCA disclosure data; https://www.dol.gov/agencies/eta/foreign-labor/performance
2017Q1,pooled_mid,-22.269130136303282,total_q,DOL OFLC LCA disclosure data; https://www.dol.gov/agencies/eta/foreign-labor/performance
2017Q2,accenture,-43.9415642174686,total_q,DOL OFLC LCA disclosure data; https://www.dol.gov/agencies/eta/foreign-labor/performance
2017Q2,capgemini,-25.1604241353504,total_q,DOL OFLC LCA disclosure data; https://www.dol.gov/agencies/eta/foreign-labor/performance
2017Q2,coforge,-3.8466280827796053,total_q,DOL OFLC LCA disclosure data; https://www.dol.gov/agencies/eta/foreign-labor/performance
2017Q2,cognizant,-91.13524502335724,total_q,DOL OFLC LCA disclosure data; https://www.dol.gov/agencies/eta/foreign-labor/performance
2017Q2,hcltech,-16.44723276353115,total_q,DOL OFLC LCA disclosure data; https://www.dol.gov/agencies/eta/foreign-labor/performance
2017Q2,hexaware,-25.90502597774537,total_q,DOL OFLC LCA disclosure data; https://www.dol.gov/agencies/eta/foreign-labor/performance
2017Q2,infosys,-0.3731811769627989,total_q,DOL OFLC LCA disclosure data; https://www.dol.gov/agencies/eta/foreign-labor/performance
2017Q2,ltim,-21.626637510025382,total_q,DOL OFLC LCA disclosure data; https://www.dol.gov/agencies/eta/foreign-labor/performance
2017Q2,mphasis,13.626487952018318,total_q,DOL OFLC LCA disclosure data; https://www.dol.gov/agencies/eta/foreign-labor/performance
2017Q2,persistent,-7.696104113612832,total_q,DOL OFLC LCA disclosure data; https://www.dol.gov/agencies/eta/foreign-labor/performance
2017Q2,tcs,22.594279856286622,total_q,DOL OFLC LCA disclosure data; https://www.dol.gov/agencies/eta/foreign-labor/performance
2017Q2,techm,-6.87737894398489,total_q,DOL OFLC LCA disclosure data; https://www.dol.gov/agencies/eta/foreign-labor/performance
2017Q2,wipro,-50.200472942425215,total_q,DOL OFLC LCA disclosure data; https://www.dol.gov/agencies/eta/foreign-labor/performance
2017Q2,pooled8,-11.789105797556152,total_q,DOL OFLC LCA disclosure data; https://www.dol.gov/agencies/eta/foreign-labor/performance
2017Q2,pooled_mid,-20.497462529742904,total_q,DOL OFLC LCA disclosure data; https://www.dol.gov/agencies/eta/foreign-labor/performance
2017Q3,accenture,-26.45238668255224,total_q,DOL OFLC LCA disclosure data; https://www.dol.gov/agencies/eta/foreign-labor/performance
2017Q3,capgemini,-177.20700430715542,total_q,DOL OFLC LCA disclosure data; https://www.dol.gov/agencies/eta/foreign-labor/performance
2017Q3,coforge,13.976194237515863,total_q,DOL OFLC LCA disclosure data; https://www.dol.gov/agencies/eta/foreign-labor/performance
2017Q3,cognizant,-20.59057613391545,total_q,DOL OFLC LCA disclosure data; https://www.dol.gov/agencies/eta/foreign-labor/performance
2017Q3,hcltech,-43.087482363353274,total_q,DOL OFLC LCA disclosure data; https://www.dol.gov/agencies/eta/foreign-labor/performance
2017Q3,hexaware,-4.359043607486173,total_q,DOL OFLC LCA disclosure data; https://www.dol.gov/agencies/eta/foreign-labor/performance
2017Q3,infosys,-2.347788106228265,total_q,DOL OFLC LCA disclosure data; https://www.dol.gov/agencies/eta/foreign-labor/performance
2017Q3,ltim,-2.2472855852058626,total_q,DOL OFLC LCA disclosure data; https://www.dol.gov/agencies/eta/foreign-labor/performance
2017Q3,mphasis,-42.4883193965266,total_q,DOL OFLC LCA disclosure data; https://www.dol.gov/agencies/eta/foreign-labor/performance
2017Q3,persistent,-48.701497507227224,total_q,DOL OFLC LCA disclosure data; https://www.dol.gov/agencies/eta/foreign-labor/performance
2017Q3,tcs,-14.046709321049327,total_q,DOL OFLC LCA disclosure data; https://www.dol.gov/agencies/eta/foreign-labor/performance
2017Q3,techm,8.092649032054426,total_q,DOL OFLC LCA disclosure data; https://www.dol.gov/agencies/eta/foreign-labor/performance
2017Q3,wipro,28.82350168949543,total_q,DOL OFLC LCA disclosure data; https://www.dol.gov/agencies/eta/foreign-labor/performance
2017Q3,pooled8,-7.549767372086495,total_q,DOL OFLC LCA disclosure data; https://www.dol.gov/agencies/eta/foreign-labor/performance
2017Q3,pooled_mid,-159.23606516159074,total_q,DOL OFLC LCA disclosure data; https://www.dol.gov/agencies/eta/foreign-labor/performance
2017Q4,accenture,-5.428307811485516,total_q,DOL OFLC LCA disclosure data; https://www.dol.gov/agencies/eta/foreign-labor/performance
2017Q4,capgemini,-13.40976975004405,total_q,DOL OFLC LCA disclosure data; https://www.dol.gov/agencies/eta/foreign-labor/performance
2017Q4,coforge,6.062462181643484,total_q,DOL OFLC LCA disclosure data; https://www.dol.gov/agencies/eta/foreign-labor/performance
2017Q4,cognizant,-57.84631754159315,total_q,DOL OFLC LCA disclosure data; https://www.dol.gov/agencies/eta/foreign-labor/performance
2017Q4,hcltech,-58.16733140968265,total_q,DOL OFLC LCA disclosure data; https://www.dol.gov/agencies/eta/foreign-labor/performance
2017Q4,hexaware,-23.412596798281875,total_q,DOL OFLC LCA disclosure data; https://www.dol.gov/agencies/eta/foreign-labor/performance
2017Q4,infosys,-45.00362437318671,total_q,DOL OFLC LCA disclosure data; https://www.dol.gov/agencies/eta/foreign-labor/performance
2017Q4,ltim,20.844376219392053,total_q,DOL OFLC LCA disclosure data; https://www.dol.gov/agencies/eta/foreign-labor/performance
2017Q4,mphasis,-27.19337154836418,total_q,DOL OFLC LCA disclosure data; https://www.dol.gov/agencies/eta/foreign-labor/performance
2017Q4,persistent,-10.536051565782628,total_q,DOL OFLC LCA disclosure data; https://www.dol.gov/agencies/eta/foreign-labor/performance
2017Q4,tcs,6.884082648133703,total_q,DOL OFLC LCA disclosure data; https://www.dol.gov/agencies/eta/foreign-labor/performance
2017Q4,techm,14.370672066617503,total_q,DOL OFLC LCA disclosure data; https://www.dol.gov/agencies/eta/foreign-labor/performance
2017Q4,wipro,21.587739763758684,total_q,DOL OFLC LCA disclosure data; https://www.dol.gov/agencies/eta/foreign-labor/performance
2017Q4,pooled8,-17.161561612154685,total_q,DOL OFLC LCA disclosure data; https://www.dol.gov/agencies/eta/foreign-labor/performance
2017Q4,pooled_mid,-14.633415744682567,total_q,DOL OFLC LCA disclosure data; https://www.dol.gov/agencies/eta/foreign-labor/performance
2018Q1,accenture,-12.307254985808633,total_q,DOL OFLC LCA disclosure data; https://www.dol.gov/agencies/eta/foreign-labor/performance
2018Q1,capgemini,-53.59063136757377,total_q,DOL OFLC LCA disclosure data; https://www.dol.gov/agencies/eta/foreign-labor/performance
2018Q1,coforge,15.415067982725835,total_q,DOL OFLC LCA disclosure data; https://www.dol.gov/agencies/eta/foreign-labor/performance
2018Q1,cognizant,201.1370754167853,total_q,DOL OFLC LCA disclosure data; https://www.dol.gov/agencies/eta/foreign-labor/performance
2018Q1,hcltech,-70.3549165604238,total_q,DOL OFLC LCA disclosure data; https://www.dol.gov/agencies/eta/foreign-labor/performance
2018Q1,hexaware,-8.610269905341173,total_q,DOL OFLC LCA disclosure data; https://www.dol.gov/agencies/eta/foreign-labor/performance
2018Q1,infosys,-80.52644786806515,total_q,DOL OFLC LCA disclosure data; https://www.dol.gov/agencies/eta/foreign-labor/performance
2018Q1,ltim,54.435844387407236,total_q,DOL OFLC LCA disclosure data; https://www.dol.gov/agencies/eta/foreign-labor/performance
2018Q1,mphasis,-47.164701498946556,total_q,DOL OFLC LCA disclosure data; https://www.dol.gov/agencies/eta/foreign-labor/performance
2018Q1,persistent,6.735218202949156,total_q,DOL OFLC LCA disclosure data; https://www.dol.gov/agencies/eta/foreign-labor/performance
2018Q1,tcs,45.02988142992152,total_q,DOL OFLC LCA disclosure data; https://www.dol.gov/agencies/eta/foreign-labor/performance
2018Q1,techm,-36.914550044504466,total_q,DOL OFLC LCA disclosure data; https://www.dol.gov/agencies/eta/foreign-labor/performance
2018Q1,wipro,56.33080998225501,total_q,DOL OFLC LCA disclosure data; https://www.dol.gov/agencies/eta/foreign-labor/performance
2018Q1,pooled8,4.9839934753913955,total_q,DOL OFLC LCA disclosure data; https://www.dol.gov/agencies/eta/foreign-labor/performance
2018Q1,pooled_mid,-45.086614619951796,total_q,DOL OFLC LCA disclosure data; https://www.dol.gov/agencies/eta/foreign-labor/performance
2018Q2,accenture,-13.09107086989186,total_q,DOL OFLC LCA disclosure data; https://www.dol.gov/agencies/eta/foreign-labor/performance
2018Q2,capgemini,-30.699786175107246,total_q,DOL OFLC LCA disclosure data; https://www.dol.gov/agencies/eta/foreign-labor/performance
2018Q2,coforge,16.251892949777496,total_q,DOL OFLC LCA disclosure data; https://www.dol.gov/agencies/eta/foreign-labor/performance
2018Q2,cognizant,42.013529785595814,total_q,DOL OFLC LCA disclosure data; https://www.dol.gov/agencies/eta/foreign-labor/performance
2018Q2,hcltech,-52.86748529246338,total_q,DOL OFLC LCA disclosure data; https://www.dol.gov/agencies/eta/foreign-labor/performance
2018Q2,hexaware,10.212949507637974,total_q,DOL OFLC LCA disclosure data; https://www.dol.gov/agencies/eta/foreign-labor/performance
2018Q2,infosys,-38.68214419844817,total_q,DOL OFLC LCA disclosure data; https://www.dol.gov/agencies/eta/foreign-labor/performance
2018Q2,ltim,47.466564235154685,total_q,DOL OFLC LCA disclosure data; https://www.dol.gov/agencies/eta/foreign-labor/performance
2018Q2,mphasis,-2.580788395587259,total_q,DOL OFLC LCA disclosure data; https://www.dol.gov/agencies/eta/foreign-labor/performance
2018Q2,persistent,-11.65338162559515,total_q,DOL OFLC LCA disclosure data; https://www.dol.gov/agencies/eta/foreign-labor/performance
2018Q2,tcs,-31.545022477253532,total_q,DOL OFLC LCA disclosure data; https://www.dol.gov/agencies/eta/foreign-labor/performance
2018Q2,techm,-2.889089828538897,total_q,DOL OFLC LCA disclosure data; https://www.dol.gov/agencies/eta/foreign-labor/performance
2018Q2,wipro,9.40289496482764,total_q,DOL OFLC LCA disclosure data; https://www.dol.gov/agencies/eta/foreign-labor/performance
2018Q2,pooled8,-17.67280753796381,total_q,DOL OFLC LCA disclosure data; https://www.dol.gov/agencies/eta/foreign-labor/performance
2018Q2,pooled_mid,-19.406912214390488,total_q,DOL OFLC LCA disclosure data; https://www.dol.gov/agencies/eta/foreign-labor/performance
2018Q3,accenture,5.468734674629837,total_q,DOL OFLC LCA disclosure data; https://www.dol.gov/agencies/eta/foreign-labor/performance
2018Q3,capgemini,-27.14621285850174,total_q,DOL OFLC LCA disclosure data; https://www.dol.gov/agencies/eta/foreign-labor/performance
2018Q3,coforge,36.10133455373305,total_q,DOL OFLC LCA disclosure data; https://www.dol.gov/agencies/eta/foreign-labor/performance
2018Q3,cognizant,245.93716886802937,total_q,DOL OFLC LCA disclosure data; https://www.dol.gov/agencies/eta/foreign-labor/performance
2018Q3,hcltech,-3.3648034118232757,total_q,DOL OFLC LCA disclosure data; https://www.dol.gov/agencies/eta/foreign-labor/performance
2018Q3,hexaware,-1.4962872676712378,total_q,DOL OFLC LCA disclosure data; https://www.dol.gov/agencies/eta/foreign-labor/performance
2018Q3,infosys,-41.32726571733551,total_q,DOL OFLC LCA disclosure data; https://www.dol.gov/agencies/eta/foreign-labor/performance
2018Q3,ltim,13.580154115906181,total_q,DOL OFLC LCA disclosure data; https://www.dol.gov/agencies/eta/foreign-labor/performance
2018Q3,mphasis,25.131442828090616,total_q,DOL OFLC LCA disclosure data; https://www.dol.gov/agencies/eta/foreign-labor/performance
2018Q3,persistent,53.40824859302579,total_q,DOL OFLC LCA disclosure data; https://www.dol.gov/agencies/eta/foreign-labor/performance
2018Q3,tcs,-30.754369853850257,total_q,DOL OFLC LCA disclosure data; https://www.dol.gov/agencies/eta/foreign-labor/performance
2018Q3,techm,-14.282906758247101,total_q,DOL OFLC LCA disclosure data; https://www.dol.gov/agencies/eta/foreign-labor/performance
2018Q3,wipro,-39.06500223230237,total_q,DOL OFLC LCA disclosure data; https://www.dol.gov/agencies/eta/foreign-labor/performance
2018Q3,pooled8,19.323405822985496,total_q,DOL OFLC LCA disclosure data; https://www.dol.gov/agencies/eta/foreign-labor/performance
2018Q3,pooled_mid,-15.656061991414427,total_q,DOL OFLC LCA disclosure data; https://www.dol.gov/agencies/eta/foreign-labor/performance
2018Q4,accenture,-42.36775320314628,total_q,DOL OFLC LCA disclosure data; https://www.dol.gov/agencies/eta/foreign-labor/performance
2018Q4,capgemini,-25.987491833228795,total_q,DOL OFLC LCA disclosure data; https://www.dol.gov/agencies/eta/foreign-labor/performance
2018Q4,coforge,37.2239460479844,total_q,DOL OFLC LCA disclosure data; https://www.dol.gov/agencies/eta/foreign-labor/performance
2018Q4,cognizant,236.9378406518706,total_q,DOL OFLC LCA disclosure data; https://www.dol.gov/agencies/eta/foreign-labor/performance
2018Q4,hcltech,-31.476854663735228,total_q,DOL OFLC LCA disclosure data; https://www.dol.gov/agencies/eta/foreign-labor/performance
2018Q4,hexaware,-15.927626767607062,total_q,DOL OFLC LCA disclosure data; https://www.dol.gov/agencies/eta/foreign-labor/performance
2018Q4,infosys,-29.817071401110567,total_q,DOL OFLC LCA disclosure data; https://www.dol.gov/agencies/eta/foreign-labor/performance
2018Q4,ltim,20.840126957700633,total_q,DOL OFLC LCA disclosure data; https://www.dol.gov/agencies/eta/foreign-labor/performance
2018Q4,mphasis,-18.232155679395458,total_q,DOL OFLC LCA disclosure data; https://www.dol.gov/agencies/eta/foreign-labor/performance
2018Q4,persistent,10.536051565782635,total_q,DOL OFLC LCA disclosure data; https://www.dol.gov/agencies/eta/foreign-labor/performance
2018Q4,tcs,-21.005764651830347,total_q,DOL OFLC LCA disclosure data; https://www.dol.gov/agencies/eta/foreign-labor/performance
2018Q4,techm,-11.150358017154032,total_q,DOL OFLC LCA disclosure data; https://www.dol.gov/agencies/eta/foreign-labor/performance
2018Q4,wipro,-72.55724390332914,total_q,DOL OFLC LCA disclosure data; https://www.dol.gov/agencies/eta/foreign-labor/performance
2018Q4,pooled8,22.995536500732655,total_q,DOL OFLC LCA disclosure data; https://www.dol.gov/agencies/eta/foreign-labor/performance
2018Q4,pooled_mid,-20.58182023736077,total_q,DOL OFLC LCA disclosure data; https://www.dol.gov/agencies/eta/foreign-labor/performance
2019Q1,accenture,3.374374829836161,total_q,DOL OFLC LCA disclosure data; https://www.dol.gov/agencies/eta/foreign-labor/performance
2019Q1,capgemini,41.462514844824064,total_q,DOL OFLC LCA disclosure data; https://www.dol.gov/agencies/eta/foreign-labor/performance
2019Q1,coforge,-8.961215868968717,total_q,DOL OFLC LCA disclosure data; https://www.dol.gov/agencies/eta/foreign-labor/performance
2019Q1,cognizant,59.23661709852175,total_q,DOL OFLC LCA disclosure data; https://www.dol.gov/agencies/eta/foreign-labor/performance
2019Q1,hcltech,85.47388742237611,total_q,DOL OFLC LCA disclosure data; https://www.dol.gov/agencies/eta/foreign-labor/performance
2019Q1,hexaware,2.688333939344045,total_q,DOL OFLC LCA disclosure data; https://www.dol.gov/agencies/eta/foreign-labor/performance
2019Q1,infosys,123.46272660822133,total_q,DOL OFLC LCA disclosure data; https://www.dol.gov/agencies/eta/foreign-labor/performance
2019Q1,ltim,39.42617643981715,total_q,DOL OFLC LCA disclosure data; https://www.dol.gov/agencies/eta/foreign-labor/performance
2019Q1,mphasis,78.84573603642703,total_q,DOL OFLC LCA disclosure data; https://www.dol.gov/agencies/eta/foreign-labor/performance
2019Q1,persistent,-21.266227384662688,total_q,DOL OFLC LCA disclosure data; https://www.dol.gov/agencies/eta/foreign-labor/performance
2019Q1,tcs,-29.567754622797832,total_q,DOL OFLC LCA disclosure data; https://www.dol.gov/agencies/eta/foreign-labor/performance
2019Q1,techm,-69.31471805599453,total_q,DOL OFLC LCA disclosure data; https://www.dol.gov/agencies/eta/foreign-labor/performance
2019Q1,wipro,-12.748243274509697,total_q,DOL OFLC LCA disclosure data; https://www.dol.gov/agencies/eta/foreign-labor/performance
2019Q1,pooled8,36.083309273735445,total_q,DOL OFLC LCA disclosure data; https://www.dol.gov/agencies/eta/foreign-labor/performance
2019Q1,pooled_mid,38.5151349496904,total_q,DOL OFLC LCA disclosure data; https://www.dol.gov/agencies/eta/foreign-labor/performance
2019Q2,accenture,-4.803667926627118,total_q,DOL OFLC LCA disclosure data; https://www.dol.gov/agencies/eta/foreign-labor/performance
2019Q2,capgemini,38.23472989928592,total_q,DOL OFLC LCA disclosure data; https://www.dol.gov/agencies/eta/foreign-labor/performance
2019Q2,coforge,57.84842722398056,total_q,DOL OFLC LCA disclosure data; https://www.dol.gov/agencies/eta/foreign-labor/performance
2019Q2,cognizant,247.800587143904,total_q,DOL OFLC LCA disclosure data; https://www.dol.gov/agencies/eta/foreign-labor/performance
2019Q2,hcltech,84.35671455293512,total_q,DOL OFLC LCA disclosure data; https://www.dol.gov/agencies/eta/foreign-labor/performance
2019Q2,hexaware,15.692076470107386,total_q,DOL OFLC LCA disclosure data; https://www.dol.gov/agencies/eta/foreign-labor/performance
2019Q2,infosys,16.53589295743752,total_q,DOL OFLC LCA disclosure data; https://www.dol.gov/agencies/eta/foreign-labor/performance
2019Q2,ltim,-37.82232801449353,total_q,DOL OFLC LCA disclosure data; https://www.dol.gov/agencies/eta/foreign-labor/performance
2019Q2,mphasis,45.84998047642509,total_q,DOL OFLC LCA disclosure data; https://www.dol.gov/agencies/eta/foreign-labor/performance
2019Q2,persistent,-46.32846789969906,total_q,DOL OFLC LCA disclosure data; https://www.dol.gov/agencies/eta/foreign-labor/performance
2019Q2,tcs,-12.930365908708048,total_q,DOL OFLC LCA disclosure data; https://www.dol.gov/agencies/eta/foreign-labor/performance
2019Q2,techm,-12.726983246989358,total_q,DOL OFLC LCA disclosure data; https://www.dol.gov/agencies/eta/foreign-labor/performance
2019Q2,wipro,-81.14959870942212,total_q,DOL OFLC LCA disclosure data; https://www.dol.gov/agencies/eta/foreign-labor/performance
2019Q2,pooled8,44.08569464443554,total_q,DOL OFLC LCA disclosure data; https://www.dol.gov/agencies/eta/foreign-labor/performance
2019Q2,pooled_mid,33.13950097211825,total_q,DOL OFLC LCA disclosure data; https://www.dol.gov/agencies/eta/foreign-labor/performance
2019Q3,accenture,-19.981269455151445,total_q,DOL OFLC LCA disclosure data; https://www.dol.gov/agencies/eta/foreign-labor/performance
2019Q3,capgemini,17.99810862549281,total_q,DOL OFLC LCA disclosure data; https://www.dol.gov/agencies/eta/foreign-labor/performance
2019Q3,coforge,25.29965144638909,total_q,DOL OFLC LCA disclosure data; https://www.dol.gov/agencies/eta/foreign-labor/performance
2019Q3,cognizant,7.783813800191785,total_q,DOL OFLC LCA disclosure data; https://www.dol.gov/agencies/eta/foreign-labor/performance
2019Q3,hcltech,40.7996755029944,total_q,DOL OFLC LCA disclosure data; https://www.dol.gov/agencies/eta/foreign-labor/performance
2019Q3,hexaware,31.24972415715049,total_q,DOL OFLC LCA disclosure data; https://www.dol.gov/agencies/eta/foreign-labor/performance
2019Q3,infosys,-9.360150788070822,total_q,DOL OFLC LCA disclosure data; https://www.dol.gov/agencies/eta/foreign-labor/performance
2019Q3,ltim,1.5748356968139112,total_q,DOL OFLC LCA disclosure data; https://www.dol.gov/agencies/eta/foreign-labor/performance
2019Q3,mphasis,43.33938836331747,total_q,DOL OFLC LCA disclosure data; https://www.dol.gov/agencies/eta/foreign-labor/performance
2019Q3,persistent,10.880285984879917,total_q,DOL OFLC LCA disclosure data; https://www.dol.gov/agencies/eta/foreign-labor/performance
2019Q3,tcs,0.7494414293150665,total_q,DOL OFLC LCA disclosure data; https://www.dol.gov/agencies/eta/foreign-labor/performance
2019Q3,techm,-10.144307807302205,total_q,DOL OFLC LCA disclosure data; https://www.dol.gov/agencies/eta/foreign-labor/performance
2019Q3,wipro,-43.72138064227446,total_q,DOL OFLC LCA disclosure data; https://www.dol.gov/agencies/eta/foreign-labor/performance
2019Q3,pooled8,-0.5839214075955312,total_q,DOL OFLC LCA disclosure data; https://www.dol.gov/agencies/eta/foreign-labor/performance
2019Q3,pooled_mid,22.069442769220725,total_q,DOL OFLC LCA disclosure data; https://www.dol.gov/agencies/eta/foreign-labor/performance
2019Q4,accenture,30.630458454978278,total_q,DOL OFLC LCA disclosure data; https://www.dol.gov/agencies/eta/foreign-labor/performance
2019Q4,capgemini,15.736364620094555,total_q,DOL OFLC LCA disclosure data; https://www.dol.gov/agencies/eta/foreign-labor/performance
2019Q4,coforge,-20.972053098206903,total_q,DOL OFLC LCA disclosure data; https://www.dol.gov/agencies/eta/foreign-labor/performance
2019Q4,cognizant,70.01957605813665,total_q,DOL OFLC LCA disclosure data; https://www.dol.gov/agencies/eta/foreign-labor/performance
2019Q4,hcltech,98.44354595884552,total_q,DOL OFLC LCA disclosure data; https://www.dol.gov/agencies/eta/foreign-labor/performance
2019Q4,hexaware,38.85360460077163,total_q,DOL OFLC LCA disclosure data; https://www.dol.gov/agencies/eta/foreign-labor/performance
2019Q4,infosys,6.862284373064795,total_q,DOL OFLC LCA disclosure data; https://www.dol.gov/agencies/eta/foreign-labor/performance
2019Q4,ltim,9.698037997417547,total_q,DOL OFLC LCA disclosure data; https://www.dol.gov/agencies/eta/foreign-labor/performance
2019Q4,mphasis,106.9011818891819,total_q,DOL OFLC LCA disclosure data; https://www.dol.gov/agencies/eta/foreign-labor/performance
2019Q4,persistent,26.236426446749107,total_q,DOL OFLC LCA disclosure data; https://www.dol.gov/agencies/eta/foreign-labor/performance
2019Q4,tcs,12.974880444532532,total_q,DOL OFLC LCA disclosure data; https://www.dol.gov/agencies/eta/foreign-labor/performance
2019Q4,techm,5.647351581405621,total_q,DOL OFLC LCA disclosure data; https://www.dol.gov/agencies/eta/foreign-labor/performance
2019Q4,wipro,-33.72258161595125,total_q,DOL OFLC LCA disclosure data; https://www.dol.gov/agencies/eta/foreign-labor/performance
2019Q4,pooled8,43.26701542086244,total_q,DOL OFLC LCA disclosure data; https://www.dol.gov/agencies/eta/foreign-labor/performance
2019Q4,pooled_mid,25.381816500053883,total_q,DOL OFLC LCA disclosure data; https://www.dol.gov/agencies/eta/foreign-labor/performance
2020Q1,accenture,-80.35206639356034,total_q,DOL OFLC LCA disclosure data; https://www.dol.gov/agencies/eta/foreign-labor/performance
2020Q1,capgemini,-124.80540556845672,total_q,DOL OFLC LCA disclosure data; https://www.dol.gov/agencies/eta/foreign-labor/performance
2020Q1,coforge,-52.12969236332861,total_q,DOL OFLC LCA disclosure data; https://www.dol.gov/agencies/eta/foreign-labor/performance
2020Q1,cognizant,-52.799224535456055,total_q,DOL OFLC LCA disclosure data; https://www.dol.gov/agencies/eta/foreign-labor/performance
2020Q1,hcltech,-104.46940558727869,total_q,DOL OFLC LCA disclosure data; https://www.dol.gov/agencies/eta/foreign-labor/performance
2020Q1,hexaware,-54.317345763151,total_q,DOL OFLC LCA disclosure data; https://www.dol.gov/agencies/eta/foreign-labor/performance
2020Q1,infosys,-192.61047980730058,total_q,DOL OFLC LCA disclosure data; https://www.dol.gov/agencies/eta/foreign-labor/performance
2020Q1,ltim,-123.71131968282403,total_q,DOL OFLC LCA disclosure data; https://www.dol.gov/agencies/eta/foreign-labor/performance
2020Q1,mphasis,-96.3437510299857,total_q,DOL OFLC LCA disclosure data; https://www.dol.gov/agencies/eta/foreign-labor/performance
2020Q1,persistent,-90.92068769857501,total_q,DOL OFLC LCA disclosure data; https://www.dol.gov/agencies/eta/foreign-labor/performance
2020Q1,tcs,-118.72931151272806,total_q,DOL OFLC LCA disclosure data; https://www.dol.gov/agencies/eta/foreign-labor/performance
2020Q1,techm,-125.17906786764289,total_q,DOL OFLC LCA disclosure data; https://www.dol.gov/agencies/eta/foreign-labor/performance
2020Q1,wipro,-185.343128988355,total_q,DOL OFLC LCA disclosure data; https://www.dol.gov/agencies/eta/foreign-labor/performance
2020Q1,pooled8,-112.22526028674045,total_q,DOL OFLC LCA disclosure data; https://www.dol.gov/agencies/eta/foreign-labor/performance
2020Q1,pooled_mid,-111.5165733836888,total_q,DOL OFLC LCA disclosure data; https://www.dol.gov/agencies/eta/foreign-labor/performance
2020Q2,accenture,68.52071300233311,total_q,DOL OFLC LCA disclosure data; https://www.dol.gov/agencies/eta/foreign-labor/performance
2020Q2,capgemini,49.24316812267321,total_q,DOL OFLC LCA disclosure data; https://www.dol.gov/agencies/eta/foreign-labor/performance
2020Q2,coforge,50.332089811192304,total_q,DOL OFLC LCA disclosure data; https://www.dol.gov/agencies/eta/foreign-labor/performance
2020Q2,cognizant,-46.872813617622235,total_q,DOL OFLC LCA disclosure data; https://www.dol.gov/agencies/eta/foreign-labor/performance
2020Q2,hcltech,53.080812335332894,total_q,DOL OFLC LCA disclosure data; https://www.dol.gov/agencies/eta/foreign-labor/performance
2020Q2,hexaware,34.708554379286184,total_q,DOL OFLC LCA disclosure data; https://www.dol.gov/agencies/eta/foreign-labor/performance
2020Q2,infosys,11.310648777248167,total_q,DOL OFLC LCA disclosure data; https://www.dol.gov/agencies/eta/foreign-labor/performance
2020Q2,ltim,48.909185437248624,total_q,DOL OFLC LCA disclosure data; https://www.dol.gov/agencies/eta/foreign-labor/performance
2020Q2,mphasis,41.64241218978839,total_q,DOL OFLC LCA disclosure data; https://www.dol.gov/agencies/eta/foreign-labor/performance
2020Q2,persistent,102.45043165143876,total_q,DOL OFLC LCA disclosure data; https://www.dol.gov/agencies/eta/foreign-labor/performance
2020Q2,tcs,65.64564459560579,total_q,DOL OFLC LCA disclosure data; https://www.dol.gov/agencies/eta/foreign-labor/performance
2020Q2,techm,39.38745082932546,total_q,DOL OFLC LCA disclosure data; https://www.dol.gov/agencies/eta/foreign-labor/performance
2020Q2,wipro,63.09827490570502,total_q,DOL OFLC LCA disclosure data; https://www.dol.gov/agencies/eta/foreign-labor/performance
2020Q2,pooled8,16.986852751474117,total_q,DOL OFLC LCA disclosure data; https://www.dol.gov/agencies/eta/foreign-labor/performance
2020Q2,pooled_mid,48.72193773878401,total_q,DOL OFLC LCA disclosure data; https://www.dol.gov/agencies/eta/foreign-labor/performance
2020Q3,accenture,50.95669703587945,total_q,DOL OFLC LCA disclosure data; https://www.dol.gov/agencies/eta/foreign-labor/performance
2020Q3,capgemini,-9.84163082723229,total_q,DOL OFLC LCA disclosure data; https://www.dol.gov/agencies/eta/foreign-labor/performance
2020Q3,coforge,23.017757797158968,total_q,DOL OFLC LCA disclosure data; https://www.dol.gov/agencies/eta/foreign-labor/performance
2020Q3,cognizant,44.51540408649897,total_q,DOL OFLC LCA disclosure data; https://www.dol.gov/agencies/eta/foreign-labor/performance
2020Q3,hcltech,3.111638719645315,total_q,DOL OFLC LCA disclosure data; https://www.dol.gov/agencies/eta/foreign-labor/performance
2020Q3,hexaware,3.964483134724038,total_q,DOL OFLC LCA disclosure data; https://www.dol.gov/agencies/eta/foreign-labor/performance
2020Q3,infosys,-9.498159529647488,total_q,DOL OFLC LCA disclosure data; https://www.dol.gov/agencies/eta/foreign-labor/performance
2020Q3,ltim,-7.430831273337627,total_q,DOL OFLC LCA disclosure data; https://www.dol.gov/agencies/eta/foreign-labor/performance
2020Q3,mphasis,26.950947187213544,total_q,DOL OFLC LCA disclosure data; https://www.dol.gov/agencies/eta/foreign-labor/performance
2020Q3,persistent,-34.06044739061234,total_q,DOL OFLC LCA disclosure data; https://www.dol.gov/agencies/eta/foreign-labor/performance
2020Q3,tcs,52.43720809792373,total_q,DOL OFLC LCA disclosure data; https://www.dol.gov/agencies/eta/foreign-labor/performance
2020Q3,techm,-49.09738552132591,total_q,DOL OFLC LCA disclosure data; https://www.dol.gov/agencies/eta/foreign-labor/performance
2020Q3,wipro,-4.860042884963318,total_q,DOL OFLC LCA disclosure data; https://www.dol.gov/agencies/eta/foreign-labor/performance
2020Q3,pooled8,29.572085122985364,total_q,DOL OFLC LCA disclosure data; https://www.dol.gov/agencies/eta/foreign-labor/performance
2020Q3,pooled_mid,-2.746384732871082,total_q,DOL OFLC LCA disclosure data; https://www.dol.gov/agencies/eta/foreign-labor/performance
2020Q4,accenture,-25.978456891488992,total_q,DOL OFLC LCA disclosure data; https://www.dol.gov/agencies/eta/foreign-labor/performance
2020Q4,capgemini,-108.944937574659,total_q,DOL OFLC LCA disclosure data; https://www.dol.gov/agencies/eta/foreign-labor/performance
2020Q4,coforge,-40.54651081081644,total_q,DOL OFLC LCA disclosure data; https://www.dol.gov/agencies/eta/foreign-labor/performance
2020Q4,cognizant,-145.5182405309718,total_q,DOL OFLC LCA disclosure data; https://www.dol.gov/agencies/eta/foreign-labor/performance
2020Q4,hcltech,17.219122414028263,total_q,DOL OFLC LCA disclosure data; https://www.dol.gov/agencies/eta/foreign-labor/performance
2020Q4,hexaware,-74.82990006350254,total_q,DOL OFLC LCA disclosure data; https://www.dol.gov/agencies/eta/foreign-labor/performance
2020Q4,infosys,-154.91181222005775,total_q,DOL OFLC LCA disclosure data; https://www.dol.gov/agencies/eta/foreign-labor/performance
2020Q4,ltim,-70.99760566901023,total_q,DOL OFLC LCA disclosure data; https://www.dol.gov/agencies/eta/foreign-labor/performance
2020Q4,mphasis,-56.068932534394676,total_q,DOL OFLC LCA disclosure data; https://www.dol.gov/agencies/eta/foreign-labor/performance
2020Q4,persistent,-29.62658161431724,total_q,DOL OFLC LCA disclosure data; https://www.dol.gov/agencies/eta/foreign-labor/performance
2020Q4,tcs,-135.78672053204232,total_q,DOL OFLC LCA disclosure data; https://www.dol.gov/agencies/eta/foreign-labor/performance
2020Q4,techm,-36.55087127364061,total_q,DOL OFLC LCA disclosure data; https://www.dol.gov/agencies/eta/foreign-labor/performance
2020Q4,wipro,-61.45262259440182,total_q,DOL OFLC LCA disclosure data; https://www.dol.gov/agencies/eta/foreign-labor/performance
2020Q4,pooled8,-103.59794532784944,total_q,DOL OFLC LCA disclosure data; https://www.dol.gov/agencies/eta/foreign-labor/performance
2020Q4,pooled_mid,-88.62551036403968,total_q,DOL OFLC LCA disclosure data; https://www.dol.gov/agencies/eta/foreign-labor/performance
2021Q1,accenture,-33.83479298985664,total_q,DOL OFLC LCA disclosure data; https://www.dol.gov/agencies/eta/foreign-labor/performance
2021Q1,capgemini,-64.49978366623628,total_q,DOL OFLC LCA disclosure data; https://www.dol.gov/agencies/eta/foreign-labor/performance
2021Q1,coforge,-11.122563511022438,total_q,DOL OFLC LCA disclosure data; https://www.dol.gov/agencies/eta/foreign-labor/performance
2021Q1,cognizant,-115.08807172138664,total_q,DOL OFLC LCA disclosure data; https://www.dol.gov/agencies/eta/foreign-labor/performance
2021Q1,hcltech,-24.053529402607893,total_q,DOL OFLC LCA disclosure data; https://www.dol.gov/agencies/eta/foreign-labor/performance
2021Q1,hexaware,-50.626980723013006,total_q,DOL OFLC LCA disclosure data; https://www.dol.gov/agencies/eta/foreign-labor/performance
2021Q1,infosys,-25.424668173720473,total_q,DOL OFLC LCA disclosure data; https://www.dol.gov/agencies/eta/foreign-labor/performance
2021Q1,ltim,-4.121026864666287,total_q,DOL OFLC LCA disclosure data; https://www.dol.gov/agencies/eta/foreign-labor/performance
2021Q1,mphasis,4.8939429040221905,total_q,DOL OFLC LCA disclosure data; https://www.dol.gov/agencies/eta/foreign-labor/performance
2021Q1,persistent,-31.551687144522493,total_q,DOL OFLC LCA disclosure data; https://www.dol.gov/agencies/eta/foreign-labor/performance
2021Q1,tcs,-19.407339371136935,total_q,DOL OFLC LCA disclosure data; https://www.dol.gov/agencies/eta/foreign-labor/performance
2021Q1,techm,-45.78330936254803,total_q,DOL OFLC LCA disclosure data; https://www.dol.gov/agencies/eta/foreign-labor/performance
2021Q1,wipro,87.31335277161183,total_q,DOL OFLC LCA disclosure data; https://www.dol.gov/agencies/eta/foreign-labor/performance
2021Q1,pooled8,-49.10594742331108,total_q,DOL OFLC LCA disclosure data; https://www.dol.gov/agencies/eta/foreign-labor/performance
2021Q1,pooled_mid,-44.98833995562064,total_q,DOL OFLC LCA disclosure data; https://www.dol.gov/agencies/eta/foreign-labor/performance
2021Q2,accenture,-65.4914896056132,total_q,DOL OFLC LCA disclosure data; https://www.dol.gov/agencies/eta/foreign-labor/performance
2021Q2,capgemini,-41.41274565441363,total_q,DOL OFLC LCA disclosure data; https://www.dol.gov/agencies/eta/foreign-labor/performance
2021Q2,coforge,-35.58681669687923,total_q,DOL OFLC LCA disclosure data; https://www.dol.gov/agencies/eta/foreign-labor/performance
2021Q2,cognizant,8.1826918717056,total_q,DOL OFLC LCA disclosure data; https://www.dol.gov/agencies/eta/foreign-labor/performance
2021Q2,hcltech,-19.82754847361963,total_q,DOL OFLC LCA disclosure data; https://www.dol.gov/agencies/eta/foreign-labor/performance
2021Q2,hexaware,-30.64295381517329,total_q,DOL OFLC LCA disclosure data; https://www.dol.gov/agencies/eta/foreign-labor/performance
2021Q2,infosys,-47.8483930011669,total_q,DOL OFLC LCA disclosure data; https://www.dol.gov/agencies/eta/foreign-labor/performance
2021Q2,ltim,-20.317938068367937,total_q,DOL OFLC LCA disclosure data; https://www.dol.gov/agencies/eta/foreign-labor/performance
2021Q2,mphasis,21.93215428396345,total_q,DOL OFLC LCA disclosure data; https://www.dol.gov/agencies/eta/foreign-labor/performance
2021Q2,persistent,-50.65612249795331,total_q,DOL OFLC LCA disclosure data; https://www.dol.gov/agencies/eta/foreign-labor/performance
2021Q2,tcs,4.02868395486428,total_q,DOL OFLC LCA disclosure data; https://www.dol.gov/agencies/eta/foreign-labor/performance
2021Q2,techm,-47.24245192401144,total_q,DOL OFLC LCA disclosure data; https://www.dol.gov/agencies/eta/foreign-labor/performance
2021Q2,wipro,-4.906120360732925,total_q,DOL OFLC LCA disclosure data; https://www.dol.gov/agencies/eta/foreign-labor/performance
2021Q2,pooled8,-14.878640455009137,total_q,DOL OFLC LCA disclosure data; https://www.dol.gov/agencies/eta/foreign-labor/performance
2021Q2,pooled_mid,-30.32201900737138,total_q,DOL OFLC LCA disclosure data; https://www.dol.gov/agencies/eta/foreign-labor/performance
2021Q3,accenture,-54.043690429465585,total_q,DOL OFLC LCA disclosure data; https://www.dol.gov/agencies/eta/foreign-labor/performance
2021Q3,capgemini,-53.78022114641927,total_q,DOL OFLC LCA disclosure data; https://www.dol.gov/agencies/eta/foreign-labor/performance
2021Q3,coforge,-23.017757797158975,total_q,DOL OFLC LCA disclosure data; https://www.dol.gov/agencies/eta/foreign-labor/performance
2021Q3,cognizant,-95.99448978270536,total_q,DOL OFLC LCA disclosure data; https://www.dol.gov/agencies/eta/foreign-labor/performance
2021Q3,hcltech,34.48404862917296,total_q,DOL OFLC LCA disclosure data; https://www.dol.gov/agencies/eta/foreign-labor/performance
2021Q3,hexaware,-74.76070976923262,total_q,DOL OFLC LCA disclosure data; https://www.dol.gov/agencies/eta/foreign-labor/performance
2021Q3,infosys,-33.111747148355306,total_q,DOL OFLC LCA disclosure data; https://www.dol.gov/agencies/eta/foreign-labor/performance
2021Q3,ltim,-2.556957484950386,total_q,DOL OFLC LCA disclosure data; https://www.dol.gov/agencies/eta/foreign-labor/performance
2021Q3,mphasis,36.248328553447934,total_q,DOL OFLC LCA disclosure data; https://www.dol.gov/agencies/eta/foreign-labor/performance
2021Q3,persistent,-24.512245803298498,total_q,DOL OFLC LCA disclosure data; https://www.dol.gov/agencies/eta/foreign-labor/performance
2021Q3,tcs,-25.35055634909453,total_q,DOL OFLC LCA disclosure data; https://www.dol.gov/agencies/eta/foreign-labor/performance
2021Q3,techm,11.367962407179103,total_q,DOL OFLC LCA disclosure data; https://www.dol.gov/agencies/eta/foreign-labor/performance
2021Q3,wipro,14.615063716018211,total_q,DOL OFLC LCA disclosure data; https://www.dol.gov/agencies/eta/foreign-labor/performance
2021Q3,pooled8,-47.742693562933184,total_q,DOL OFLC LCA disclosure data; https://www.dol.gov/agencies/eta/foreign-labor/performance
2021Q3,pooled_mid,-33.8394390024172,total_q,DOL OFLC LCA disclosure data; https://www.dol.gov/agencies/eta/foreign-labor/performance
2021Q4,accenture,-25.6282318583801,total_q,DOL OFLC LCA disclosure data; https://www.dol.gov/agencies/eta/foreign-labor/performance
2021Q4,capgemini,83.11771458838311,total_q,DOL OFLC LCA disclosure data; https://www.dol.gov/agencies/eta/foreign-labor/performance
2021Q4,coforge,11.778303565638346,total_q,DOL OFLC LCA disclosure data; https://www.dol.gov/agencies/eta/foreign-labor/performance
2021Q4,cognizant,14.99060274963126,total_q,DOL OFLC LCA disclosure data; https://www.dol.gov/agencies/eta/foreign-labor/performance
2021Q4,hcltech,-38.8339858582701,total_q,DOL OFLC LCA disclosure data; https://www.dol.gov/agencies/eta/foreign-labor/performance
2021Q4,hexaware,32.312882144752855,total_q,DOL OFLC LCA disclosure data; https://www.dol.gov/agencies/eta/foreign-labor/performance
2021Q4,infosys,115.70345827882448,total_q,DOL OFLC LCA disclosure data; https://www.dol.gov/agencies/eta/foreign-labor/performance
2021Q4,ltim,40.63350516167045,total_q,DOL OFLC LCA disclosure data; https://www.dol.gov/agencies/eta/foreign-labor/performance
2021Q4,mphasis,94.1533349061763,total_q,DOL OFLC LCA disclosure data; https://www.dol.gov/agencies/eta/foreign-labor/performance
2021Q4,persistent,-65.92456288842638,total_q,DOL OFLC LCA disclosure data; https://www.dol.gov/agencies/eta/foreign-labor/performance
2021Q4,tcs,156.63712480600213,total_q,DOL OFLC LCA disclosure data; https://www.dol.gov/agencies/eta/foreign-labor/performance
2021Q4,techm,-37.70944109789489,total_q,DOL OFLC LCA disclosure data; https://www.dol.gov/agencies/eta/foreign-labor/performance
2021Q4,wipro,84.66007533530477,total_q,DOL OFLC LCA disclosure data; https://www.dol.gov/agencies/eta/foreign-labor/performance
2021Q4,pooled8,37.43820943176225,total_q,DOL OFLC LCA disclosure data; https://www.dol.gov/agencies/eta/foreign-labor/performance
2021Q4,pooled_mid,70.20118823201935,total_q,DOL OFLC LCA disclosure data; https://www.dol.gov/agencies/eta/foreign-labor/performance
2022Q1,accenture,-27.462550714935325,total_q,DOL OFLC LCA disclosure data; https://www.dol.gov/agencies/eta/foreign-labor/performance
2022Q1,capgemini,17.708469645627183,total_q,DOL OFLC LCA disclosure data; https://www.dol.gov/agencies/eta/foreign-labor/performance
2022Q1,coforge,12.429771667757713,total_q,DOL OFLC LCA disclosure data; https://www.dol.gov/agencies/eta/foreign-labor/performance
2022Q1,cognizant,26.835006610350547,total_q,DOL OFLC LCA disclosure data; https://www.dol.gov/agencies/eta/foreign-labor/performance
2022Q1,hcltech,30.2916317023629,total_q,DOL OFLC LCA disclosure data; https://www.dol.gov/agencies/eta/foreign-labor/performance
2022Q1,hexaware,10.08046991219655,total_q,DOL OFLC LCA disclosure data; https://www.dol.gov/agencies/eta/foreign-labor/performance
2022Q1,infosys,-12.976292928917038,total_q,DOL OFLC LCA disclosure data; https://www.dol.gov/agencies/eta/foreign-labor/performance
2022Q1,ltim,1.7642799242749818,total_q,DOL OFLC LCA disclosure data; https://www.dol.gov/agencies/eta/foreign-labor/performance
2022Q1,mphasis,20.202662787328705,total_q,DOL OFLC LCA disclosure data; https://www.dol.gov/agencies/eta/foreign-labor/performance
2022Q1,persistent,-19.53087523207657,total_q,DOL OFLC LCA disclosure data; https://www.dol.gov/agencies/eta/foreign-labor/performance
2022Q1,tcs,59.16027203098232,total_q,DOL OFLC LCA disclosure data; https://www.dol.gov/agencies/eta/foreign-labor/performance
2022Q1,techm,-38.155958725461005,total_q,DOL OFLC LCA disclosure data; https://www.dol.gov/agencies/eta/foreign-labor/performance
2022Q1,wipro,-88.07964004616876,total_q,DOL OFLC LCA disclosure data; https://www.dol.gov/agencies/eta/foreign-labor/performance
2022Q1,pooled8,10.690264410027412,total_q,DOL OFLC LCA disclosure data; https://www.dol.gov/agencies/eta/foreign-labor/performance
2022Q1,pooled_mid,15.843052175103159,total_q,DOL OFLC LCA disclosure data; https://www.dol.gov/agencies/eta/foreign-labor/performance
2022Q2,accenture,3.3532060290574663,total_q,DOL OFLC LCA disclosure data; https://www.dol.gov/agencies/eta/foreign-labor/performance
2022Q2,capgemini,35.263996872655326,total_q,DOL OFLC LCA disclosure data; https://www.dol.gov/agencies/eta/foreign-labor/performance
2022Q2,coforge,-34.29447511268303,total_q,DOL OFLC LCA disclosure data; https://www.dol.gov/agencies/eta/foreign-labor/performance
2022Q2,cognizant,5.1812951425607245,total_q,DOL OFLC LCA disclosure data; https://www.dol.gov/agencies/eta/foreign-labor/performance
2022Q2,hcltech,14.154017223532875,total_q,DOL OFLC LCA disclosure data; https://www.dol.gov/agencies/eta/foreign-labor/performance
2022Q2,hexaware,11.290173020196178,total_q,DOL OFLC LCA disclosure data; https://www.dol.gov/agencies/eta/foreign-labor/performance
2022Q2,infosys,48.485249646254466,total_q,DOL OFLC LCA disclosure data; https://www.dol.gov/agencies/eta/foreign-labor/performance
2022Q2,ltim,29.430198276511156,total_q,DOL OFLC LCA disclosure data; https://www.dol.gov/agencies/eta/foreign-labor/performance
2022Q2,mphasis,1.95022432314411,total_q,DOL OFLC LCA disclosure data; https://www.dol.gov/agencies/eta/foreign-labor/performance
2022Q2,persistent,50.65612249795331,total_q,DOL OFLC LCA disclosure data; https://www.dol.gov/agencies/eta/foreign-labor/performance
2022Q2,tcs,-19.07072706212744,total_q,DOL OFLC LCA disclosure data; https://www.dol.gov/agencies/eta/foreign-labor/performance
2022Q2,techm,0.276625349289011,total_q,DOL OFLC LCA disclosure data; https://www.dol.gov/agencies/eta/foreign-labor/performance
2022Q2,wipro,14.871440658586476,total_q,DOL OFLC LCA disclosure data; https://www.dol.gov/agencies/eta/foreign-labor/performance
2022Q2,pooled8,7.993889246451509,total_q,DOL OFLC LCA disclosure data; https://www.dol.gov/agencies/eta/foreign-labor/performance
2022Q2,pooled_mid,24.590847841412643,total_q,DOL OFLC LCA disclosure data; https://www.dol.gov/agencies/eta/foreign-labor/performance
2022Q3,accenture,-63.743124803755315,total_q,DOL OFLC LCA disclosure data; https://www.dol.gov/agencies/eta/foreign-labor/performance
2022Q3,capgemini,-9.844007281325252,total_q,DOL OFLC LCA disclosure data; https://www.dol.gov/agencies/eta/foreign-labor/performance
2022Q3,coforge,-41.729956575516724,total_q,DOL OFLC LCA disclosure data; https://www.dol.gov/agencies/eta/foreign-labor/performance
2022Q3,cognizant,-8.879113274306407,total_q,DOL OFLC LCA disclosure data; https://www.dol.gov/agencies/eta/foreign-labor/performance
2022Q3,hcltech,-39.124379538508826,total_q,DOL OFLC LCA disclosure data; https://www.dol.gov/agencies/eta/foreign-labor/performance
2022Q3,hexaware,-45.518854346059484,total_q,DOL OFLC LCA disclosure data; https://www.dol.gov/agencies/eta/foreign-labor/performance
2022Q3,infosys,-0.4322773302004027,total_q,DOL OFLC LCA disclosure data; https://www.dol.gov/agencies/eta/foreign-labor/performance
2022Q3,ltim,-32.73057444799274,total_q,DOL OFLC LCA disclosure data; https://www.dol.gov/agencies/eta/foreign-labor/performance
2022Q3,mphasis,-9.19374953256856,total_q,DOL OFLC LCA disclosure data; https://www.dol.gov/agencies/eta/foreign-labor/performance
2022Q3,persistent,3.636764417087479,total_q,DOL OFLC LCA disclosure data; https://www.dol.gov/agencies/eta/foreign-labor/performance
2022Q3,tcs,-25.408428748560436,total_q,DOL OFLC LCA disclosure data; https://www.dol.gov/agencies/eta/foreign-labor/performance
2022Q3,techm,-65.8661004488776,total_q,DOL OFLC LCA disclosure data; https://www.dol.gov/agencies/eta/foreign-labor/performance
2022Q3,wipro,-56.26323814748483,total_q,DOL OFLC LCA disclosure data; https://www.dol.gov/agencies/eta/foreign-labor/performance
2022Q3,pooled8,-23.75179344402089,total_q,DOL OFLC LCA disclosure data; https://www.dol.gov/agencies/eta/foreign-labor/performance
2022Q3,pooled_mid,-13.459015397276463,total_q,DOL OFLC LCA disclosure data; https://www.dol.gov/agencies/eta/foreign-labor/performance
2022Q4,accenture,5.99879977214488,total_q,DOL OFLC LCA disclosure data; https://www.dol.gov/agencies/eta/foreign-labor/performance
2022Q4,capgemini,-53.79136635938549,total_q,DOL OFLC LCA disclosure data; https://www.dol.gov/agencies/eta/foreign-labor/performance
2022Q4,coforge,20.067069546215123,total_q,DOL OFLC LCA disclosure data; https://www.dol.gov/agencies/eta/foreign-labor/performance
2022Q4,cognizant,-2.189297761023689,total_q,DOL OFLC LCA disclosure data; https://www.dol.gov/agencies/eta/foreign-labor/performance
2022Q4,hcltech,-5.511036271051881,total_q,DOL OFLC LCA disclosure data; https://www.dol.gov/agencies/eta/foreign-labor/performance
2022Q4,hexaware,-51.58131652770298,total_q,DOL OFLC LCA disclosure data; https://www.dol.gov/agencies/eta/foreign-labor/performance
2022Q4,infosys,12.525335902154882,total_q,DOL OFLC LCA disclosure data; https://www.dol.gov/agencies/eta/foreign-labor/performance
2022Q4,ltim,-31.649912087521265,total_q,DOL OFLC LCA disclosure data; https://www.dol.gov/agencies/eta/foreign-labor/performance
2022Q4,mphasis,-38.51451056172069,total_q,DOL OFLC LCA disclosure data; https://www.dol.gov/agencies/eta/foreign-labor/performance
2022Q4,persistent,72.59370033829363,total_q,DOL OFLC LCA disclosure data; https://www.dol.gov/agencies/eta/foreign-labor/performance
2022Q4,tcs,-25.815963318545908,total_q,DOL OFLC LCA disclosure data; https://www.dol.gov/agencies/eta/foreign-labor/performance
2022Q4,techm,-36.26869860953602,total_q,DOL OFLC LCA disclosure data; https://www.dol.gov/agencies/eta/foreign-labor/performance
2022Q4,wipro,-44.27629849042587,total_q,DOL OFLC LCA disclosure data; https://www.dol.gov/agencies/eta/foreign-labor/performance
2022Q4,pooled8,-9.353053571966935,total_q,DOL OFLC LCA disclosure data; https://www.dol.gov/agencies/eta/foreign-labor/performance
2022Q4,pooled_mid,-41.98243291860533,total_q,DOL OFLC LCA disclosure data; https://www.dol.gov/agencies/eta/foreign-labor/performance
2023Q1,accenture,-14.710012183059154,total_q,DOL OFLC LCA disclosure data; https://www.dol.gov/agencies/eta/foreign-labor/performance
2023Q1,capgemini,-23.123105982622892,total_q,DOL OFLC LCA disclosure data; https://www.dol.gov/agencies/eta/foreign-labor/performance
2023Q1,coforge,-39.25617032722565,total_q,DOL OFLC LCA disclosure data; https://www.dol.gov/agencies/eta/foreign-labor/performance
2023Q1,cognizant,10.338168476213848,total_q,DOL OFLC LCA disclosure data; https://www.dol.gov/agencies/eta/foreign-labor/performance
2023Q1,hcltech,-7.860385850443728,total_q,DOL OFLC LCA disclosure data; https://www.dol.gov/agencies/eta/foreign-labor/performance
2023Q1,hexaware,-34.88776334787006,total_q,DOL OFLC LCA disclosure data; https://www.dol.gov/agencies/eta/foreign-labor/performance
2023Q1,infosys,-25.803495109282675,total_q,DOL OFLC LCA disclosure data; https://www.dol.gov/agencies/eta/foreign-labor/performance
2023Q1,ltim,-19.802449121887786,total_q,DOL OFLC LCA disclosure data; https://www.dol.gov/agencies/eta/foreign-labor/performance
2023Q1,mphasis,-26.35845208727204,total_q,DOL OFLC LCA disclosure data; https://www.dol.gov/agencies/eta/foreign-labor/performance
2023Q1,persistent,55.681073700781404,total_q,DOL OFLC LCA disclosure data; https://www.dol.gov/agencies/eta/foreign-labor/performance
2023Q1,tcs,-23.950283274110465,total_q,DOL OFLC LCA disclosure data; https://www.dol.gov/agencies/eta/foreign-labor/performance
2023Q1,techm,-18.547613354247012,total_q,DOL OFLC LCA disclosure data; https://www.dol.gov/agencies/eta/foreign-labor/performance
2023Q1,wipro,11.607217125275403,total_q,DOL OFLC LCA disclosure data; https://www.dol.gov/agencies/eta/foreign-labor/performance
2023Q1,pooled8,-9.308529800162837,total_q,DOL OFLC LCA disclosure data; https://www.dol.gov/agencies/eta/foreign-labor/performance
2023Q1,pooled_mid,-21.790107534935977,total_q,DOL OFLC LCA disclosure data; https://www.dol.gov/agencies/eta/foreign-labor/performance
2023Q2,accenture,-7.976794465490987,total_q,DOL OFLC LCA disclosure data; https://www.dol.gov/agencies/eta/foreign-labor/performance
2023Q2,capgemini,-29.680814491615898,total_q,DOL OFLC LCA disclosure data; https://www.dol.gov/agencies/eta/foreign-labor/performance
2023Q2,coforge,38.24755898834656,total_q,DOL OFLC LCA disclosure data; https://www.dol.gov/agencies/eta/foreign-labor/performance
2023Q2,cognizant,-23.110033150660666,total_q,DOL OFLC LCA disclosure data; https://www.dol.gov/agencies/eta/foreign-labor/performance
2023Q2,hcltech,-16.74579502391157,total_q,DOL OFLC LCA disclosure data; https://www.dol.gov/agencies/eta/foreign-labor/performance
2023Q2,hexaware,-30.081658963242784,total_q,DOL OFLC LCA disclosure data; https://www.dol.gov/agencies/eta/foreign-labor/performance
2023Q2,infosys,-11.389191316964418,total_q,DOL OFLC LCA disclosure data; https://www.dol.gov/agencies/eta/foreign-labor/performance
2023Q2,ltim,-28.68906200954694,total_q,DOL OFLC LCA disclosure data; https://www.dol.gov/agencies/eta/foreign-labor/performance
2023Q2,mphasis,-8.272871519762896,total_q,DOL OFLC LCA disclosure data; https://www.dol.gov/agencies/eta/foreign-labor/performance
2023Q2,persistent,3.154835773492606,total_q,DOL OFLC LCA disclosure data; https://www.dol.gov/agencies/eta/foreign-labor/performance
2023Q2,tcs,-27.00065612930586,total_q,DOL OFLC LCA disclosure data; https://www.dol.gov/agencies/eta/foreign-labor/performance
2023Q2,techm,-25.328954249202535,total_q,DOL OFLC LCA disclosure data; https://www.dol.gov/agencies/eta/foreign-labor/performance
2023Q2,wipro,-0.986039213408014,total_q,DOL OFLC LCA disclosure data; https://www.dol.gov/agencies/eta/foreign-labor/performance
2023Q2,pooled8,-19.022228685676644,total_q,DOL OFLC LCA disclosure data; https://www.dol.gov/agencies/eta/foreign-labor/performance
2023Q2,pooled_mid,-21.208044804127578,total_q,DOL OFLC LCA disclosure data; https://www.dol.gov/agencies/eta/foreign-labor/performance
2023Q3,accenture,81.25195002379878,total_q,DOL OFLC LCA disclosure data; https://www.dol.gov/agencies/eta/foreign-labor/performance
2023Q3,capgemini,6.3999582832960815,total_q,DOL OFLC LCA disclosure data; https://www.dol.gov/agencies/eta/foreign-labor/performance
2023Q3,coforge,67.51286750572669,total_q,DOL OFLC LCA disclosure data; https://www.dol.gov/agencies/eta/foreign-labor/performance
2023Q3,cognizant,8.664947673095776,total_q,DOL OFLC LCA disclosure data; https://www.dol.gov/agencies/eta/foreign-labor/performance
2023Q3,hcltech,19.211512027475237,total_q,DOL OFLC LCA disclosure data; https://www.dol.gov/agencies/eta/foreign-labor/performance
2023Q3,hexaware,34.48404862917296,total_q,DOL OFLC LCA disclosure data; https://www.dol.gov/agencies/eta/foreign-labor/performance
2023Q3,infosys,37.243458243168256,total_q,DOL OFLC LCA disclosure data; https://www.dol.gov/agencies/eta/foreign-labor/performance
2023Q3,ltim,21.149917159973132,total_q,DOL OFLC LCA disclosure data; https://www.dol.gov/agencies/eta/foreign-labor/performance
2023Q3,mphasis,-35.491282894533306,total_q,DOL OFLC LCA disclosure data; https://www.dol.gov/agencies/eta/foreign-labor/performance
2023Q3,persistent,95.82549309731873,total_q,DOL OFLC LCA disclosure data; https://www.dol.gov/agencies/eta/foreign-labor/performance
2023Q3,tcs,-32.643952206834015,total_q,DOL OFLC LCA disclosure data; https://www.dol.gov/agencies/eta/foreign-labor/performance
2023Q3,techm,55.961578793542266,total_q,DOL OFLC LCA disclosure data; https://www.dol.gov/agencies/eta/foreign-labor/performance
2023Q3,wipro,98.34692696308667,total_q,DOL OFLC LCA disclosure data; https://www.dol.gov/agencies/eta/foreign-labor/performance
2023Q3,pooled8,20.139704000966475,total_q,DOL OFLC LCA disclosure data; https://www.dol.gov/agencies/eta/foreign-labor/performance
2023Q3,pooled_mid,7.70751703305002,total_q,DOL OFLC LCA disclosure data; https://www.dol.gov/agencies/eta/foreign-labor/performance
2023Q4,accenture,-53.83728649157802,total_q,DOL OFLC LCA disclosure data; https://www.dol.gov/agencies/eta/foreign-labor/performance
2023Q4,capgemini,14.803607882740424,total_q,DOL OFLC LCA disclosure data; https://www.dol.gov/agencies/eta/foreign-labor/performance
2023Q4,coforge,-17.8691788743376,total_q,DOL OFLC LCA disclosure data; https://www.dol.gov/agencies/eta/foreign-labor/performance
2023Q4,cognizant,-47.332931130374156,total_q,DOL OFLC LCA disclosure data; https://www.dol.gov/agencies/eta/foreign-labor/performance
2023Q4,hcltech,-11.86686968603214,total_q,DOL OFLC LCA disclosure data; https://www.dol.gov/agencies/eta/foreign-labor/performance
2023Q4,hexaware,19.268434382950115,total_q,DOL OFLC LCA disclosure data; https://www.dol.gov/agencies/eta/foreign-labor/performance
2023Q4,infosys,-36.59972099356386,total_q,DOL OFLC LCA disclosure data; https://www.dol.gov/agencies/eta/foreign-labor/performance
2023Q4,ltim,1.4218249002279173,total_q,DOL OFLC LCA disclosure data; https://www.dol.gov/agencies/eta/foreign-labor/performance
2023Q4,mphasis,4.632407167423841,total_q,DOL OFLC LCA disclosure data; https://www.dol.gov/agencies/eta/foreign-labor/performance
2023Q4,persistent,32.72129112084162,total_q,DOL OFLC LCA disclosure data; https://www.dol.gov/agencies/eta/foreign-labor/performance
2023Q4,tcs,-30.60312111199775,total_q,DOL OFLC LCA disclosure data; https://www.dol.gov/agencies/eta/foreign-labor/performance
2023Q4,techm,-1.0101095986503934,total_q,DOL OFLC LCA disclosure data; https://www.dol.gov/agencies/eta/foreign-labor/performance
2023Q4,wipro,32.52414213372196,total_q,DOL OFLC LCA disclosure data; https://www.dol.gov/agencies/eta/foreign-labor/performance
2023Q4,pooled8,-30.301127011998695,total_q,DOL OFLC LCA disclosure data; https://www.dol.gov/agencies/eta/foreign-labor/performance
2023Q4,pooled_mid,12.51023729986532,total_q,DOL OFLC LCA disclosure data; https://www.dol.gov/agencies/eta/foreign-labor/performance
2024Q1,accenture,-1.0989121575595207,total_q,DOL OFLC LCA disclosure data; https://www.dol.gov/agencies/eta/foreign-labor/performance
2024Q1,capgemini,-49.8372162694704,total_q,DOL OFLC LCA disclosure data; https://www.dol.gov/agencies/eta/foreign-labor/performance
2024Q1,coforge,-8.004270767353637,total_q,DOL OFLC LCA disclosure data; https://www.dol.gov/agencies/eta/foreign-labor/performance
2024Q1,cognizant,-53.33902185291727,total_q,DOL OFLC LCA disclosure data; https://www.dol.gov/agencies/eta/foreign-labor/performance
2024Q1,hcltech,-34.70419181109007,total_q,DOL OFLC LCA disclosure data; https://www.dol.gov/agencies/eta/foreign-labor/performance
2024Q1,hexaware,8.376988306545874,total_q,DOL OFLC LCA disclosure data; https://www.dol.gov/agencies/eta/foreign-labor/performance
2024Q1,infosys,1.706372790140247,total_q,DOL OFLC LCA disclosure data; https://www.dol.gov/agencies/eta/foreign-labor/performance
2024Q1,ltim,-4.7628048989254586,total_q,DOL OFLC LCA disclosure data; https://www.dol.gov/agencies/eta/foreign-labor/performance
2024Q1,mphasis,-15.415067982725835,total_q,DOL OFLC LCA disclosure data; https://www.dol.gov/agencies/eta/foreign-labor/performance
2024Q1,persistent,-6.979576193554197,total_q,DOL OFLC LCA disclosure data; https://www.dol.gov/agencies/eta/foreign-labor/performance
2024Q1,tcs,54.17499082707994,total_q,DOL OFLC LCA disclosure data; https://www.dol.gov/agencies/eta/foreign-labor/performance
2024Q1,techm,2.8039220064393127,total_q,DOL OFLC LCA disclosure data; https://www.dol.gov/agencies/eta/foreign-labor/performance
2024Q1,wipro,-19.057469855067506,total_q,DOL OFLC LCA disclosure data; https://www.dol.gov/agencies/eta/foreign-labor/performance
2024Q1,pooled8,-1.2181831715383515,total_q,DOL OFLC LCA disclosure data; https://www.dol.gov/agencies/eta/foreign-labor/performance
2024Q1,pooled_mid,-28.877199081580653,total_q,DOL OFLC LCA disclosure data; https://www.dol.gov/agencies/eta/foreign-labor/performance
2024Q2,accenture,31.650377924945555,total_q,DOL OFLC LCA disclosure data; https://www.dol.gov/agencies/eta/foreign-labor/performance
2024Q2,capgemini,-30.3318496221536,total_q,DOL OFLC LCA disclosure data; https://www.dol.gov/agencies/eta/foreign-labor/performance
2024Q2,coforge,-4.7628048989254586,total_q,DOL OFLC LCA disclosure data; https://www.dol.gov/agencies/eta/foreign-labor/performance
2024Q2,cognizant,22.86295519544864,total_q,DOL OFLC LCA disclosure data; https://www.dol.gov/agencies/eta/foreign-labor/performance
2024Q2,hcltech,33.957533685882865,total_q,DOL OFLC LCA disclosure data; https://www.dol.gov/agencies/eta/foreign-labor/performance
2024Q2,hexaware,51.46644000731564,total_q,DOL OFLC LCA disclosure data; https://www.dol.gov/agencies/eta/foreign-labor/performance
2024Q2,infosys,-14.80860058450186,total_q,DOL OFLC LCA disclosure data; https://www.dol.gov/agencies/eta/foreign-labor/performance
2024Q2,ltim,36.748132303342715,total_q,DOL OFLC LCA disclosure data; https://www.dol.gov/agencies/eta/foreign-labor/performance
2024Q2,mphasis,5.001042057466141,total_q,DOL OFLC LCA disclosure data; https://www.dol.gov/agencies/eta/foreign-labor/performance
2024Q2,persistent,111.91048090582272,total_q,DOL OFLC LCA disclosure data; https://www.dol.gov/agencies/eta/foreign-labor/performance
2024Q2,tcs,0.6567187781451034,total_q,DOL OFLC LCA disclosure data; https://www.dol.gov/agencies/eta/foreign-labor/performance
2024Q2,techm,31.877719869373095,total_q,DOL OFLC LCA disclosure data; https://www.dol.gov/agencies/eta/foreign-labor/performance
2024Q2,wipro,-39.111765970002274,total_q,DOL OFLC LCA disclosure data; https://www.dol.gov/agencies/eta/foreign-labor/performance
2024Q2,pooled8,10.972093304663936,total_q,DOL OFLC LCA disclosure data; https://www.dol.gov/agencies/eta/foreign-labor/performance
2024Q2,pooled_mid,4.8688625864019075,total_q,DOL OFLC LCA disclosure data; https://www.dol.gov/agencies/eta/foreign-labor/performance
2024Q3,accenture,-28.345628892221615,total_q,DOL OFLC LCA disclosure data; https://www.dol.gov/agencies/eta/foreign-labor/performance
2024Q3,capgemini,-7.99304049051551,total_q,DOL OFLC LCA disclosure data; https://www.dol.gov/agencies/eta/foreign-labor/performance
2024Q3,coforge,-28.163975799581838,total_q,DOL OFLC LCA disclosure data; https://www.dol.gov/agencies/eta/foreign-labor/performance
2024Q3,cognizant,-18.63111278367848,total_q,DOL OFLC LCA disclosure data; https://www.dol.gov/agencies/eta/foreign-labor/performance
2024Q3,hcltech,0.3172927040577492,total_q,DOL OFLC LCA disclosure data; https://www.dol.gov/agencies/eta/foreign-labor/performance
2024Q3,hexaware,20.97205309820691,total_q,DOL OFLC LCA disclosure data; https://www.dol.gov/agencies/eta/foreign-labor/performance
2024Q3,infosys,-68.52184968044381,total_q,DOL OFLC LCA disclosure data; https://www.dol.gov/agencies/eta/foreign-labor/performance
2024Q3,ltim,-12.00068311750655,total_q,DOL OFLC LCA disclosure data; https://www.dol.gov/agencies/eta/foreign-labor/performance
2024Q3,mphasis,0.3514942107444592,total_q,DOL OFLC LCA disclosure data; https://www.dol.gov/agencies/eta/foreign-labor/performance
2024Q3,persistent,-10.840929850718485,total_q,DOL OFLC LCA disclosure data; https://www.dol.gov/agencies/eta/foreign-labor/performance
2024Q3,tcs,5.285245817831082,total_q,DOL OFLC LCA disclosure data; https://www.dol.gov/agencies/eta/foreign-labor/performance
2024Q3,techm,-43.24606124501761,total_q,DOL OFLC LCA disclosure data; https://www.dol.gov/agencies/eta/foreign-labor/performance
2024Q3,wipro,-48.11388425859484,total_q,DOL OFLC LCA disclosure data; https://www.dol.gov/agencies/eta/foreign-labor/performance
2024Q3,pooled8,-24.09923380404925,total_q,DOL OFLC LCA disclosure data; https://www.dol.gov/agencies/eta/foreign-labor/performance
2024Q3,pooled_mid,-5.121821649420095,total_q,DOL OFLC LCA disclosure data; https://www.dol.gov/agencies/eta/foreign-labor/performance
2024Q4,accenture,24.436319773293857,total_q,DOL OFLC LCA disclosure data; https://www.dol.gov/agencies/eta/foreign-labor/performance
2024Q4,capgemini,-12.239364821406665,total_q,DOL OFLC LCA disclosure data; https://www.dol.gov/agencies/eta/foreign-labor/performance
2024Q4,coforge,24.88960474166244,total_q,DOL OFLC LCA disclosure data; https://www.dol.gov/agencies/eta/foreign-labor/performance
2024Q4,cognizant,28.418612101265772,total_q,DOL OFLC LCA disclosure data; https://www.dol.gov/agencies/eta/foreign-labor/performance
2024Q4,hcltech,-22.23464209411915,total_q,DOL OFLC LCA disclosure data; https://www.dol.gov/agencies/eta/foreign-labor/performance
2024Q4,hexaware,38.111607909787786,total_q,DOL OFLC LCA disclosure data; https://www.dol.gov/agencies/eta/foreign-labor/performance
2024Q4,infosys,-30.971156762266876,total_q,DOL OFLC LCA disclosure data; https://www.dol.gov/agencies/eta/foreign-labor/performance
2024Q4,ltim,25.23596334975644,total_q,DOL OFLC LCA disclosure data; https://www.dol.gov/agencies/eta/foreign-labor/performance
2024Q4,mphasis,1.6326893287428665,total_q,DOL OFLC LCA disclosure data; https://www.dol.gov/agencies/eta/foreign-labor/performance
2024Q4,persistent,3.4289073478632166,total_q,DOL OFLC LCA disclosure data; https://www.dol.gov/agencies/eta/foreign-labor/performance
2024Q4,tcs,1.5516848690684375,total_q,DOL OFLC LCA disclosure data; https://www.dol.gov/agencies/eta/foreign-labor/performance
2024Q4,techm,27.74779022775392,total_q,DOL OFLC LCA disclosure data; https://www.dol.gov/agencies/eta/foreign-labor/performance
2024Q4,wipro,-22.904327344139805,total_q,DOL OFLC LCA disclosure data; https://www.dol.gov/agencies/eta/foreign-labor/performance
2024Q4,pooled8,5.739415058909893,total_q,DOL OFLC LCA disclosure data; https://www.dol.gov/agencies/eta/foreign-labor/performance
2024Q4,pooled_mid,-0.6401485052040834,total_q,DOL OFLC LCA disclosure data; https://www.dol.gov/agencies/eta/foreign-labor/performance
2025Q1,accenture,2.5455919993348517,total_q,DOL OFLC LCA disclosure data; https://www.dol.gov/agencies/eta/foreign-labor/performance
2025Q1,capgemini,17.445239214461104,total_q,DOL OFLC LCA disclosure data; https://www.dol.gov/agencies/eta/foreign-labor/performance
2025Q1,coforge,52.32481437645479,total_q,DOL OFLC LCA disclosure data; https://www.dol.gov/agencies/eta/foreign-labor/performance
2025Q1,cognizant,17.233299891044883,total_q,DOL OFLC LCA disclosure data; https://www.dol.gov/agencies/eta/foreign-labor/performance
2025Q1,hcltech,-26.319105244348517,total_q,DOL OFLC LCA disclosure data; https://www.dol.gov/agencies/eta/foreign-labor/performance
2025Q1,hexaware,8.552217343816192,total_q,DOL OFLC LCA disclosure data; https://www.dol.gov/agencies/eta/foreign-labor/performance
2025Q1,infosys,-42.52499261239275,total_q,DOL OFLC LCA disclosure data; https://www.dol.gov/agencies/eta/foreign-labor/performance
2025Q1,ltim,25.671984684781407,total_q,DOL OFLC LCA disclosure data; https://www.dol.gov/agencies/eta/foreign-labor/performance
2025Q1,mphasis,14.778123154177841,total_q,DOL OFLC LCA disclosure data; https://www.dol.gov/agencies/eta/foreign-labor/performance
2025Q1,persistent,57.83716659675171,total_q,DOL OFLC LCA disclosure data; https://www.dol.gov/agencies/eta/foreign-labor/performance
2025Q1,tcs,-95.76395337148479,total_q,DOL OFLC LCA disclosure data; https://www.dol.gov/agencies/eta/foreign-labor/performance
2025Q1,techm,-6.669137449867228,total_q,DOL OFLC LCA disclosure data; https://www.dol.gov/agencies/eta/foreign-labor/performance
2025Q1,wipro,-16.805910987339033,total_q,DOL OFLC LCA disclosure data; https://www.dol.gov/agencies/eta/foreign-labor/performance
2025Q1,pooled8,-30.594042759323443,total_q,DOL OFLC LCA disclosure data; https://www.dol.gov/agencies/eta/foreign-labor/performance
2025Q1,pooled_mid,22.20524437318751,total_q,DOL OFLC LCA disclosure data; https://www.dol.gov/agencies/eta/foreign-labor/performance
2025Q2,accenture,-23.75605769093361,total_q,DOL OFLC LCA disclosure data; https://www.dol.gov/agencies/eta/foreign-labor/performance
2025Q2,capgemini,-3.9946860210852337,total_q,DOL OFLC LCA disclosure data; https://www.dol.gov/agencies/eta/foreign-labor/performance
2025Q2,coforge,19.845093872383824,total_q,DOL OFLC LCA disclosure data; https://www.dol.gov/agencies/eta/foreign-labor/performance
2025Q2,cognizant,-16.022682507008593,total_q,DOL OFLC LCA disclosure data; https://www.dol.gov/agencies/eta/foreign-labor/performance
2025Q2,hcltech,-36.0038347201161,total_q,DOL OFLC LCA disclosure data; https://www.dol.gov/agencies/eta/foreign-labor/performance
2025Q2,hexaware,-37.57389278429636,total_q,DOL OFLC LCA disclosure data; https://www.dol.gov/agencies/eta/foreign-labor/performance
2025Q2,infosys,-13.29167014874545,total_q,DOL OFLC LCA disclosure data; https://www.dol.gov/agencies/eta/foreign-labor/performance
2025Q2,ltim,-36.537384069386235,total_q,DOL OFLC LCA disclosure data; https://www.dol.gov/agencies/eta/foreign-labor/performance
2025Q2,mphasis,15.573320903868392,total_q,DOL OFLC LCA disclosure data; https://www.dol.gov/agencies/eta/foreign-labor/performance
2025Q2,persistent,-123.06958744666896,total_q,DOL OFLC LCA disclosure data; https://www.dol.gov/agencies/eta/foreign-labor/performance
2025Q2,tcs,15.436317903118582,total_q,DOL OFLC LCA disclosure data; https://www.dol.gov/agencies/eta/foreign-labor/performance
2025Q2,techm,-28.209186223692967,total_q,DOL OFLC LCA disclosure data; https://www.dol.gov/agencies/eta/foreign-labor/performance
2025Q2,wipro,-0.12217472503223645,total_q,DOL OFLC LCA disclosure data; https://www.dol.gov/agencies/eta/foreign-labor/performance
2025Q2,pooled8,-12.35029187984807,total_q,DOL OFLC LCA disclosure data; https://www.dol.gov/agencies/eta/foreign-labor/performance
2025Q2,pooled_mid,-17.535965706481495,total_q,DOL OFLC LCA disclosure data; https://www.dol.gov/agencies/eta/foreign-labor/performance
2025Q3,accenture,-32.11682554818226,total_q,DOL OFLC LCA disclosure data; https://www.dol.gov/agencies/eta/foreign-labor/performance
2025Q3,capgemini,-18.905953453447328,total_q,DOL OFLC LCA disclosure data; https://www.dol.gov/agencies/eta/foreign-labor/performance
2025Q3,coforge,8.09690625336671,total_q,DOL OFLC LCA disclosure data; https://www.dol.gov/agencies/eta/foreign-labor/performance
2025Q3,cognizant,-8.025798299612747,total_q,DOL OFLC LCA disclosure data; https://www.dol.gov/agencies/eta/foreign-labor/performance
2025Q3,hcltech,-36.40941618607611,total_q,DOL OFLC LCA disclosure data; https://www.dol.gov/agencies/eta/foreign-labor/performance
2025Q3,hexaware,-25.22801454008651,total_q,DOL OFLC LCA disclosure data; https://www.dol.gov/agencies/eta/foreign-labor/performance
2025Q3,infosys,62.63026132678433,total_q,DOL OFLC LCA disclosure data; https://www.dol.gov/agencies/eta/foreign-labor/performance
2025Q3,ltim,-6.977381647002284,total_q,DOL OFLC LCA disclosure data; https://www.dol.gov/agencies/eta/foreign-labor/performance
2025Q3,mphasis,6.124362524071859,total_q,DOL OFLC LCA disclosure data; https://www.dol.gov/agencies/eta/foreign-labor/performance
2025Q3,persistent,-15.669845190605702,total_q,DOL OFLC LCA disclosure data; https://www.dol.gov/agencies/eta/foreign-labor/performance
2025Q3,tcs,-17.4629211170799,total_q,DOL OFLC LCA disclosure data; https://www.dol.gov/agencies/eta/foreign-labor/performance
2025Q3,techm,-9.792553717030822,total_q,DOL OFLC LCA disclosure data; https://www.dol.gov/agencies/eta/foreign-labor/performance
2025Q3,wipro,-13.274820501106596,total_q,DOL OFLC LCA disclosure data; https://www.dol.gov/agencies/eta/foreign-labor/performance
2025Q3,pooled8,-2.6848058152585863,total_q,DOL OFLC LCA disclosure data; https://www.dol.gov/agencies/eta/foreign-labor/performance
2025Q3,pooled_mid,-11.525245649066637,total_q,DOL OFLC LCA disclosure data; https://www.dol.gov/agencies/eta/foreign-labor/performance
2025Q4,accenture,-51.801284843209615,total_q,DOL OFLC LCA disclosure data; https://www.dol.gov/agencies/eta/foreign-labor/performance
2025Q4,capgemini,-27.272516783995343,total_q,DOL OFLC LCA disclosure data; https://www.dol.gov/agencies/eta/foreign-labor/performance
2025Q4,coforge,-7.020425867324858,total_q,DOL OFLC LCA disclosure data; https://www.dol.gov/agencies/eta/foreign-labor/performance
2025Q4,cognizant,-37.79112632367606,total_q,DOL OFLC LCA disclosure data; https://www.dol.gov/agencies/eta/foreign-labor/performance
2025Q4,hcltech,-73.38031862010742,total_q,DOL OFLC LCA disclosure data; https://www.dol.gov/agencies/eta/foreign-labor/performance
2025Q4,hexaware,-40.195016600071995,total_q,DOL OFLC LCA disclosure data; https://www.dol.gov/agencies/eta/foreign-labor/performance
2025Q4,infosys,0.3981425299184822,total_q,DOL OFLC LCA disclosure data; https://www.dol.gov/agencies/eta/foreign-labor/performance
2025Q4,ltim,-63.45678794414616,total_q,DOL OFLC LCA disclosure data; https://www.dol.gov/agencies/eta/foreign-labor/performance
2025Q4,mphasis,19.43941380282238,total_q,DOL OFLC LCA disclosure data; https://www.dol.gov/agencies/eta/foreign-labor/performance
2025Q4,persistent,-44.55851018975896,total_q,DOL OFLC LCA disclosure data; https://www.dol.gov/agencies/eta/foreign-labor/performance
2025Q4,tcs,-43.090759659881854,total_q,DOL OFLC LCA disclosure data; https://www.dol.gov/agencies/eta/foreign-labor/performance
2025Q4,techm,-88.78527965536216,total_q,DOL OFLC LCA disclosure data; https://www.dol.gov/agencies/eta/foreign-labor/performance
2025Q4,wipro,-1.1904902506318313,total_q,DOL OFLC LCA disclosure data; https://www.dol.gov/agencies/eta/foreign-labor/performance
2025Q4,pooled8,-37.94403053528243,total_q,DOL OFLC LCA disclosure data; https://www.dol.gov/agencies/eta/foreign-labor/performance
2025Q4,pooled_mid,-16.090124243698874,total_q,DOL OFLC LCA disclosure data; https://www.dol.gov/agencies/eta/foreign-labor/performance
2026Q1,accenture,0.7155665595412232,total_q,DOL OFLC LCA disclosure data; https://www.dol.gov/agencies/eta/foreign-labor/performance
2026Q1,capgemini,-7.107403769077596,total_q,DOL OFLC LCA disclosure data; https://www.dol.gov/agencies/eta/foreign-labor/performance
2026Q1,coforge,0.0,total_q,DOL OFLC LCA disclosure data; https://www.dol.gov/agencies/eta/foreign-labor/performance
2026Q1,cognizant,-3.33691411746183,total_q,DOL OFLC LCA disclosure data; https://www.dol.gov/agencies/eta/foreign-labor/performance
2026Q1,hcltech,-10.655597306259999,total_q,DOL OFLC LCA disclosure data; https://www.dol.gov/agencies/eta/foreign-labor/performance
2026Q1,hexaware,-19.885085874516516,total_q,DOL OFLC LCA disclosure data; https://www.dol.gov/agencies/eta/foreign-labor/performance
2026Q1,infosys,81.96717941122724,total_q,DOL OFLC LCA disclosure data; https://www.dol.gov/agencies/eta/foreign-labor/performance
2026Q1,ltim,-43.66053488438875,total_q,DOL OFLC LCA disclosure data; https://www.dol.gov/agencies/eta/foreign-labor/performance
2026Q1,mphasis,4.0694190826554415,total_q,DOL OFLC LCA disclosure data; https://www.dol.gov/agencies/eta/foreign-labor/performance
2026Q1,persistent,-51.98754592859085,total_q,DOL OFLC LCA disclosure data; https://www.dol.gov/agencies/eta/foreign-labor/performance
2026Q1,tcs,-26.498746252408246,total_q,DOL OFLC LCA disclosure data; https://www.dol.gov/agencies/eta/foreign-labor/performance
2026Q1,techm,-24.430177682155577,total_q,DOL OFLC LCA disclosure data; https://www.dol.gov/agencies/eta/foreign-labor/performance
2026Q1,wipro,35.405714139665356,total_q,DOL OFLC LCA disclosure data; https://www.dol.gov/agencies/eta/foreign-labor/performance
2026Q1,pooled8,5.714080215988204,total_q,DOL OFLC LCA disclosure data; https://www.dol.gov/agencies/eta/foreign-labor/performance
2026Q1,pooled_mid,-9.33034609875676,total_q,DOL OFLC LCA disclosure data; https://www.dol.gov/agencies/eta/foreign-labor/performance
2026Q2,accenture,-62.76808721283592,total_q,DOL OFLC LCA disclosure data; https://www.dol.gov/agencies/eta/foreign-labor/performance
2026Q2,capgemini,-47.43869795595861,total_q,DOL OFLC LCA disclosure data; https://www.dol.gov/agencies/eta/foreign-labor/performance
2026Q2,coforge,-35.66749439387324,total_q,DOL OFLC LCA disclosure data; https://www.dol.gov/agencies/eta/foreign-labor/performance
2026Q2,cognizant,-63.81751573149322,total_q,DOL OFLC LCA disclosure data; https://www.dol.gov/agencies/eta/foreign-labor/performance
2026Q2,hcltech,-78.28071964437743,total_q,DOL OFLC LCA disclosure data; https://www.dol.gov/agencies/eta/foreign-labor/performance
2026Q2,hexaware,-35.84697395147556,total_q,DOL OFLC LCA disclosure data; https://www.dol.gov/agencies/eta/foreign-labor/performance
2026Q2,infosys,-11.124973352816447,total_q,DOL OFLC LCA disclosure data; https://www.dol.gov/agencies/eta/foreign-labor/performance
2026Q2,ltim,-82.57767243333231,total_q,DOL OFLC LCA disclosure data; https://www.dol.gov/agencies/eta/foreign-labor/performance
2026Q2,mphasis,-30.10538094176703,total_q,DOL OFLC LCA disclosure data; https://www.dol.gov/agencies/eta/foreign-labor/performance
2026Q2,persistent,0.6920442844573758,total_q,DOL OFLC LCA disclosure data; https://www.dol.gov/agencies/eta/foreign-labor/performance
2026Q2,tcs,-131.40092776549838,total_q,DOL OFLC LCA disclosure data; https://www.dol.gov/agencies/eta/foreign-labor/performance
2026Q2,techm,-75.50590799624221,total_q,DOL OFLC LCA disclosure data; https://www.dol.gov/agencies/eta/foreign-labor/performance
2026Q2,wipro,-5.529046301301997,total_q,DOL OFLC LCA disclosure data; https://www.dol.gov/agencies/eta/foreign-labor/performance
2026Q2,pooled8,-63.665385794691346,total_q,DOL OFLC LCA disclosure data; https://www.dol.gov/agencies/eta/foreign-labor/performance
2026Q2,pooled_mid,-36.58442218514119,total_q,DOL OFLC LCA disclosure data; https://www.dol.gov/agencies/eta/foreign-labor/performance
2016Q3,accenture,-35.42686025908401,contrast_gpt4,DOL OFLC LCA disclosure data; https://www.dol.gov/agencies/eta/foreign-labor/performance
2016Q3,capgemini,-45.311518602718664,contrast_gpt4,DOL OFLC LCA disclosure data; https://www.dol.gov/agencies/eta/foreign-labor/performance
2016Q3,cognizant,-124.0340448496811,contrast_gpt4,DOL OFLC LCA disclosure data; https://www.dol.gov/agencies/eta/foreign-labor/performance
2016Q3,hcltech,-18.546021405701467,contrast_gpt4,DOL OFLC LCA disclosure data; https://www.dol.gov/agencies/eta/foreign-labor/performance
2016Q3,infosys,-31.541720602533083,contrast_gpt4,DOL OFLC LCA disclosure data; https://www.dol.gov/agencies/eta/foreign-labor/performance
2016Q3,ltim,81.78449167032628,contrast_gpt4,DOL OFLC LCA disclosure data; https://www.dol.gov/agencies/eta/foreign-labor/performance
2016Q3,mphasis,46.39045683748104,contrast_gpt4,DOL OFLC LCA disclosure data; https://www.dol.gov/agencies/eta/foreign-labor/performance
2016Q3,tcs,31.332533061628297,contrast_gpt4,DOL OFLC LCA disclosure data; https://www.dol.gov/agencies/eta/foreign-labor/performance
2016Q3,techm,27.681449756443946,contrast_gpt4,DOL OFLC LCA disclosure data; https://www.dol.gov/agencies/eta/foreign-labor/performance
2016Q3,wipro,-120.27789028669144,contrast_gpt4,DOL OFLC LCA disclosure data; https://www.dol.gov/agencies/eta/foreign-labor/performance
2016Q3,pooled8,-40.757292551769595,contrast_gpt4,DOL OFLC LCA disclosure data; https://www.dol.gov/agencies/eta/foreign-labor/performance
2016Q3,pooled_mid,-50.1201687545168,contrast_gpt4,DOL OFLC LCA disclosure data; https://www.dol.gov/agencies/eta/foreign-labor/performance
2016Q4,accenture,-19.299805763613747,contrast_gpt4,DOL OFLC LCA disclosure data; https://www.dol.gov/agencies/eta/foreign-labor/performance
2016Q4,capgemini,-70.23145962247132,contrast_gpt4,DOL OFLC LCA disclosure data; https://www.dol.gov/agencies/eta/foreign-labor/performance
2016Q4,cognizant,-99.08543467343281,contrast_gpt4,DOL OFLC LCA disclosure data; https://www.dol.gov/agencies/eta/foreign-labor/performance
2016Q4,hcltech,-9.641646642414631,contrast_gpt4,DOL OFLC LCA disclosure data; https://www.dol.gov/agencies/eta/foreign-labor/performance
2016Q4,infosys,-40.32584787993871,contrast_gpt4,DOL OFLC LCA disclosure data; https://www.dol.gov/agencies/eta/foreign-labor/performance
2016Q4,ltim,83.01477874184792,contrast_gpt4,DOL OFLC LCA disclosure data; https://www.dol.gov/agencies/eta/foreign-labor/performance
2016Q4,mphasis,29.38590761126074,contrast_gpt4,DOL OFLC LCA disclosure data; https://www.dol.gov/agencies/eta/foreign-labor/performance
2016Q4,persistent,-250.14359517392109,contrast_gpt4,DOL OFLC LCA disclosure data; https://www.dol.gov/agencies/eta/foreign-labor/performance
2016Q4,tcs,42.98235913834252,contrast_gpt4,DOL OFLC LCA disclosure data; https://www.dol.gov/agencies/eta/foreign-labor/performance
2016Q4,techm,24.007015305034862,contrast_gpt4,DOL OFLC LCA disclosure data; https://www.dol.gov/agencies/eta/foreign-labor/performance
2016Q4,wipro,-125.5111936843085,contrast_gpt4,DOL OFLC LCA disclosure data; https://www.dol.gov/agencies/eta/foreign-labor/performance
2016Q4,pooled8,-35.0207532092232,contrast_gpt4,DOL OFLC LCA disclosure data; https://www.dol.gov/agencies/eta/foreign-labor/performance
2016Q4,pooled_mid,-72.91918794672351,contrast_gpt4,DOL OFLC LCA disclosure data; https://www.dol.gov/agencies/eta/foreign-labor/performance
2017Q1,accenture,-8.240987417794724,contrast_gpt4,DOL OFLC LCA disclosure data; https://www.dol.gov/agencies/eta/foreign-labor/performance
2017Q1,capgemini,-82.80831528156381,contrast_gpt4,DOL OFLC LCA disclosure data; https://www.dol.gov/agencies/eta/foreign-labor/performance
2017Q1,cognizant,-119.47024997132334,contrast_gpt4,DOL OFLC LCA disclosure data; https://www.dol.gov/agencies/eta/foreign-labor/performance
2017Q1,hcltech,19.896007751208565,contrast_gpt4,DOL OFLC LCA disclosure data; https://www.dol.gov/agencies/eta/foreign-labor/performance
2017Q1,infosys,-168.40696369445322,contrast_gpt4,DOL OFLC LCA disclosure data; https://www.dol.gov/agencies/eta/foreign-labor/performance
2017Q1,ltim,13.5677525532934,contrast_gpt4,DOL OFLC LCA disclosure data; https://www.dol.gov/agencies/eta/foreign-labor/performance
2017Q1,mphasis,-8.675532782679188,contrast_gpt4,DOL OFLC LCA disclosure data; https://www.dol.gov/agencies/eta/foreign-labor/performance
2017Q1,persistent,-600.3887067106539,contrast_gpt4,DOL OFLC LCA disclosure data; https://www.dol.gov/agencies/eta/foreign-labor/performance
2017Q1,tcs,-6.971765268333528,contrast_gpt4,DOL OFLC LCA disclosure data; https://www.dol.gov/agencies/eta/foreign-labor/performance
2017Q1,techm,-4.199355167216632,contrast_gpt4,DOL OFLC LCA disclosure data; https://www.dol.gov/agencies/eta/foreign-labor/performance
2017Q1,wipro,-108.25683488842326,contrast_gpt4,DOL OFLC LCA disclosure data; https://www.dol.gov/agencies/eta/foreign-labor/performance
2017Q1,pooled8,-20.050881709914755,contrast_gpt4,DOL OFLC LCA disclosure data; https://www.dol.gov/agencies/eta/foreign-labor/performance
2017Q1,pooled_mid,-82.45199153550774,contrast_gpt4,DOL OFLC LCA disclosure data; https://www.dol.gov/agencies/eta/foreign-labor/performance
2017Q2,accenture,-12.951836956129739,contrast_gpt4,DOL OFLC LCA disclosure data; https://www.dol.gov/agencies/eta/foreign-labor/performance
2017Q2,capgemini,-99.70278166719828,contrast_gpt4,DOL OFLC LCA disclosure data; https://www.dol.gov/agencies/eta/foreign-labor/performance
2017Q2,cognizant,-6.566182818096067,contrast_gpt4,DOL OFLC LCA disclosure data; https://www.dol.gov/agencies/eta/foreign-labor/performance
2017Q2,hcltech,19.9241239021204,contrast_gpt4,DOL OFLC LCA disclosure data; https://www.dol.gov/agencies/eta/foreign-labor/performance
2017Q2,infosys,-166.19327800358363,contrast_gpt4,DOL OFLC LCA disclosure data; https://www.dol.gov/agencies/eta/foreign-labor/performance
2017Q2,ltim,22.341673803903404,contrast_gpt4,DOL OFLC LCA disclosure data; https://www.dol.gov/agencies/eta/foreign-labor/performance
2017Q2,mphasis,-12.367733631680927,contrast_gpt4,DOL OFLC LCA disclosure data; https://www.dol.gov/agencies/eta/foreign-labor/performance
2017Q2,tcs,-24.33899477142477,contrast_gpt4,DOL OFLC LCA disclosure data; https://www.dol.gov/agencies/eta/foreign-labor/performance
2017Q2,techm,-6.87715529787622,contrast_gpt4,DOL OFLC LCA disclosure data; https://www.dol.gov/agencies/eta/foreign-labor/performance
2017Q2,wipro,-83.47531968108251,contrast_gpt4,DOL OFLC LCA disclosure data; https://www.dol.gov/agencies/eta/foreign-labor/performance
2017Q2,pooled8,1.617008670634224,contrast_gpt4,DOL OFLC LCA disclosure data; https://www.dol.gov/agencies/eta/foreign-labor/performance
2017Q2,pooled_mid,-99.01864964716543,contrast_gpt4,DOL OFLC LCA disclosure data; https://www.dol.gov/agencies/eta/foreign-labor/performance
2017Q3,accenture,-19.243619460783002,contrast_gpt4,DOL OFLC LCA disclosure data; https://www.dol.gov/agencies/eta/foreign-labor/performance
2017Q3,capgemini,43.27824060815276,contrast_gpt4,DOL OFLC LCA disclosure data; https://www.dol.gov/agencies/eta/foreign-labor/performance
2017Q3,cognizant,12.057438429365405,contrast_gpt4,DOL OFLC LCA disclosure data; https://www.dol.gov/agencies/eta/foreign-labor/performance
2017Q3,hcltech,14.623366410804532,contrast_gpt4,DOL OFLC LCA disclosure data; https://www.dol.gov/agencies/eta/foreign-labor/performance
2017Q3,infosys,-167.79284552857064,contrast_gpt4,DOL OFLC LCA disclosure data; https://www.dol.gov/agencies/eta/foreign-labor/performance
2017Q3,ltim,-37.881136818165785,contrast_gpt4,DOL OFLC LCA disclosure data; https://www.dol.gov/agencies/eta/foreign-labor/performance
2017Q3,mphasis,-39.689385809185,contrast_gpt4,DOL OFLC LCA disclosure data; https://www.dol.gov/agencies/eta/foreign-labor/performance
2017Q3,tcs,-49.35529844279985,contrast_gpt4,DOL OFLC LCA disclosure data; https://www.dol.gov/agencies/eta/foreign-labor/performance
2017Q3,techm,-4.256029869578721,contrast_gpt4,DOL OFLC LCA disclosure data; https://www.dol.gov/agencies/eta/foreign-labor/performance
2017Q3,wipro,-39.487840090736086,contrast_gpt4,DOL OFLC LCA disclosure data; https://www.dol.gov/agencies/eta/foreign-labor/performance
2017Q3,pooled8,5.356499543115252,contrast_gpt4,DOL OFLC LCA disclosure data; https://www.dol.gov/agencies/eta/foreign-labor/performance
2017Q3,pooled_mid,38.33554276165219,contrast_gpt4,DOL OFLC LCA disclosure data; https://www.dol.gov/agencies/eta/foreign-labor/performance
2017Q4,accenture,-26.38498625690105,contrast_gpt4,DOL OFLC LCA disclosure data; https://www.dol.gov/agencies/eta/foreign-labor/performance
2017Q4,capgemini,40.48947699924068,contrast_gpt4,DOL OFLC LCA disclosure data; https://www.dol.gov/agencies/eta/foreign-labor/performance
2017Q4,cognizant,48.95935040660015,contrast_gpt4,DOL OFLC LCA disclosure data; https://www.dol.gov/agencies/eta/foreign-labor/performance
2017Q4,hcltech,4.788977353760622,contrast_gpt4,DOL OFLC LCA disclosure data; https://www.dol.gov/agencies/eta/foreign-labor/performance
2017Q4,infosys,-162.99304767669716,contrast_gpt4,DOL OFLC LCA disclosure data; https://www.dol.gov/agencies/eta/foreign-labor/performance
2017Q4,ltim,-98.08292530117262,contrast_gpt4,DOL OFLC LCA disclosure data; https://www.dol.gov/agencies/eta/foreign-labor/performance
2017Q4,mphasis,-22.83597608078669,contrast_gpt4,DOL OFLC LCA disclosure data; https://www.dol.gov/agencies/eta/foreign-labor/performance
2017Q4,persistent,-259.02671654458265,contrast_gpt4,DOL OFLC LCA disclosure data; https://www.dol.gov/agencies/eta/foreign-labor/performance
2017Q4,tcs,-61.11331775394781,contrast_gpt4,DOL OFLC LCA disclosure data; https://www.dol.gov/agencies/eta/foreign-labor/performance
2017Q4,techm,-2.9371330542100678,contrast_gpt4,DOL OFLC LCA disclosure data; https://www.dol.gov/agencies/eta/foreign-labor/performance
2017Q4,wipro,-4.976183017198338,contrast_gpt4,DOL OFLC LCA disclosure data; https://www.dol.gov/agencies/eta/foreign-labor/performance
2017Q4,pooled8,6.331496865803199,contrast_gpt4,DOL OFLC LCA disclosure data; https://www.dol.gov/agencies/eta/foreign-labor/performance
2017Q4,pooled_mid,36.440820921694936,contrast_gpt4,DOL OFLC LCA disclosure data; https://www.dol.gov/agencies/eta/foreign-labor/performance
2018Q1,accenture,-19.698903989245835,contrast_gpt4,DOL OFLC LCA disclosure data; https://www.dol.gov/agencies/eta/foreign-labor/performance
2018Q1,capgemini,65.54841126267377,contrast_gpt4,DOL OFLC LCA disclosure data; https://www.dol.gov/agencies/eta/foreign-labor/performance
2018Q1,cognizant,19.95633632284607,contrast_gpt4,DOL OFLC LCA disclosure data; https://www.dol.gov/agencies/eta/foreign-labor/performance
2018Q1,hcltech,-23.20324717366944,contrast_gpt4,DOL OFLC LCA disclosure data; https://www.dol.gov/agencies/eta/foreign-labor/performance
2018Q1,infosys,-30.522965859917,contrast_gpt4,DOL OFLC LCA disclosure data; https://www.dol.gov/agencies/eta/foreign-labor/performance
2018Q1,ltim,-105.19682574070892,contrast_gpt4,DOL OFLC LCA disclosure data; https://www.dol.gov/agencies/eta/foreign-labor/performance
2018Q1,mphasis,-13.580154115906176,contrast_gpt4,DOL OFLC LCA disclosure data; https://www.dol.gov/agencies/eta/foreign-labor/performance
2018Q1,persistent,443.0816798843314,contrast_gpt4,DOL OFLC LCA disclosure data; https://www.dol.gov/agencies/eta/foreign-labor/performance
2018Q1,tcs,-95.37363834925829,contrast_gpt4,DOL OFLC LCA disclosure data; https://www.dol.gov/agencies/eta/foreign-labor/performance
2018Q1,techm,-19.559778125559255,contrast_gpt4,DOL OFLC LCA disclosure data; https://www.dol.gov/agencies/eta/foreign-labor/performance
2018Q1,wipro,63.50421512128642,contrast_gpt4,DOL OFLC LCA disclosure data; https://www.dol.gov/agencies/eta/foreign-labor/performance
2018Q1,pooled8,6.562659998200452,contrast_gpt4,DOL OFLC LCA disclosure data; https://www.dol.gov/agencies/eta/foreign-labor/performance
2018Q1,pooled_mid,59.89984249382533,contrast_gpt4,DOL OFLC LCA disclosure data; https://www.dol.gov/agencies/eta/foreign-labor/performance
2018Q2,accenture,-16.388979883440715,contrast_gpt4,DOL OFLC LCA disclosure data; https://www.dol.gov/agencies/eta/foreign-labor/performance
2018Q2,capgemini,63.9493521018866,contrast_gpt4,DOL OFLC LCA disclosure data; https://www.dol.gov/agencies/eta/foreign-labor/performance
2018Q2,cognizant,5.315866655550245,contrast_gpt4,DOL OFLC LCA disclosure data; https://www.dol.gov/agencies/eta/foreign-labor/performance
2018Q2,hcltech,-14.033172654674345,contrast_gpt4,DOL OFLC LCA disclosure data; https://www.dol.gov/agencies/eta/foreign-labor/performance
2018Q2,infosys,-48.02146057539561,contrast_gpt4,DOL OFLC LCA disclosure data; https://www.dol.gov/agencies/eta/foreign-labor/performance
2018Q2,ltim,-146.89695939466333,contrast_gpt4,DOL OFLC LCA disclosure data; https://www.dol.gov/agencies/eta/foreign-labor/performance
2018Q2,mphasis,11.545242031810112,contrast_gpt4,DOL OFLC LCA disclosure data; https://www.dol.gov/agencies/eta/foreign-labor/performance
2018Q2,persistent,552.1460917862247,contrast_gpt4,DOL OFLC LCA disclosure data; https://www.dol.gov/agencies/eta/foreign-labor/performance
2018Q2,tcs,-91.44053200800607,contrast_gpt4,DOL OFLC LCA disclosure data; https://www.dol.gov/agencies/eta/foreign-labor/performance
2018Q2,techm,-16.74520187984337,contrast_gpt4,DOL OFLC LCA disclosure data; https://www.dol.gov/agencies/eta/foreign-labor/performance
2018Q2,wipro,63.55167546941719,contrast_gpt4,DOL OFLC LCA disclosure data; https://www.dol.gov/agencies/eta/foreign-labor/performance
2018Q2,pooled8,-8.58792029269162,contrast_gpt4,DOL OFLC LCA disclosure data; https://www.dol.gov/agencies/eta/foreign-labor/performance
2018Q2,pooled_mid,61.452476596569554,contrast_gpt4,DOL OFLC LCA disclosure data; https://www.dol.gov/agencies/eta/foreign-labor/performance
2018Q3,accenture,-11.473873719456364,contrast_gpt4,DOL OFLC LCA disclosure data; https://www.dol.gov/agencies/eta/foreign-labor/performance
2018Q3,capgemini,-0.2584931298269346,contrast_gpt4,DOL OFLC LCA disclosure data; https://www.dol.gov/agencies/eta/foreign-labor/performance
2018Q3,cognizant,-3.0170773247655376,contrast_gpt4,DOL OFLC LCA disclosure data; https://www.dol.gov/agencies/eta/foreign-labor/performance
2018Q3,hcltech,-13.369455234287827,contrast_gpt4,DOL OFLC LCA disclosure data; https://www.dol.gov/agencies/eta/foreign-labor/performance
2018Q3,infosys,-56.101642383751425,contrast_gpt4,DOL OFLC LCA disclosure data; https://www.dol.gov/agencies/eta/foreign-labor/performance
2018Q3,ltim,-126.2742822060226,contrast_gpt4,DOL OFLC LCA disclosure data; https://www.dol.gov/agencies/eta/foreign-labor/performance
2018Q3,mphasis,19.76357917669971,contrast_gpt4,DOL OFLC LCA disclosure data; https://www.dol.gov/agencies/eta/foreign-labor/performance
2018Q3,tcs,-86.41857626137973,contrast_gpt4,DOL OFLC LCA disclosure data; https://www.dol.gov/agencies/eta/foreign-labor/performance
2018Q3,techm,-17.669002320532364,contrast_gpt4,DOL OFLC LCA disclosure data; https://www.dol.gov/agencies/eta/foreign-labor/performance
2018Q3,wipro,39.077096616894366,contrast_gpt4,DOL OFLC LCA disclosure data; https://www.dol.gov/agencies/eta/foreign-labor/performance
2018Q3,pooled8,-12.812548983123598,contrast_gpt4,DOL OFLC LCA disclosure data; https://www.dol.gov/agencies/eta/foreign-labor/performance
2018Q3,pooled_mid,-0.4165311915272625,contrast_gpt4,DOL OFLC LCA disclosure data; https://www.dol.gov/agencies/eta/foreign-labor/performance
2018Q4,accenture,-11.190043631685327,contrast_gpt4,DOL OFLC LCA disclosure data; https://www.dol.gov/agencies/eta/foreign-labor/performance
2018Q4,capgemini,6.966817976040488,contrast_gpt4,DOL OFLC LCA disclosure data; https://www.dol.gov/agencies/eta/foreign-labor/performance
2018Q4,coforge,-194.59101490553127,contrast_gpt4,DOL OFLC LCA disclosure data; https://www.dol.gov/agencies/eta/foreign-labor/performance
2018Q4,cognizant,-71.66982036323493,contrast_gpt4,DOL OFLC LCA disclosure data; https://www.dol.gov/agencies/eta/foreign-labor/performance
2018Q4,hcltech,-7.445485089096415,contrast_gpt4,DOL OFLC LCA disclosure data; https://www.dol.gov/agencies/eta/foreign-labor/performance
2018Q4,infosys,-34.468455059929305,contrast_gpt4,DOL OFLC LCA disclosure data; https://www.dol.gov/agencies/eta/foreign-labor/performance
2018Q4,ltim,-46.11176073063298,contrast_gpt4,DOL OFLC LCA disclosure data; https://www.dol.gov/agencies/eta/foreign-labor/performance
2018Q4,mphasis,9.49701015830571,contrast_gpt4,DOL OFLC LCA disclosure data; https://www.dol.gov/agencies/eta/foreign-labor/performance
2018Q4,persistent,361.9886582626985,contrast_gpt4,DOL OFLC LCA disclosure data; https://www.dol.gov/agencies/eta/foreign-labor/performance
2018Q4,tcs,-89.40084015734148,contrast_gpt4,DOL OFLC LCA disclosure data; https://www.dol.gov/agencies/eta/foreign-labor/performance
2018Q4,techm,-16.07918771151947,contrast_gpt4,DOL OFLC LCA disclosure data; https://www.dol.gov/agencies/eta/foreign-labor/performance
2018Q4,wipro,33.95584563162268,contrast_gpt4,DOL OFLC LCA disclosure data; https://www.dol.gov/agencies/eta/foreign-labor/performance
2018Q4,pooled8,-14.765269079119308,contrast_gpt4,DOL OFLC LCA disclosure data; https://www.dol.gov/agencies/eta/foreign-labor/performance
2018Q4,pooled_mid,4.046876213129739,contrast_gpt4,DOL OFLC LCA disclosure data; https://www.dol.gov/agencies/eta/foreign-labor/performance
2019Q1,accenture,6.50635933470619,contrast_gpt4,DOL OFLC LCA disclosure data; https://www.dol.gov/agencies/eta/foreign-labor/performance
2019Q1,capgemini,-1.349316213551516,contrast_gpt4,DOL OFLC LCA disclosure data; https://www.dol.gov/agencies/eta/foreign-labor/performance
2019Q1,coforge,-10.919929196499197,contrast_gpt4,DOL OFLC LCA disclosure data; https://www.dol.gov/agencies/eta/foreign-labor/performance
2019Q1,cognizant,1.7085548952100993,contrast_gpt4,DOL OFLC LCA disclosure data; https://www.dol.gov/agencies/eta/foreign-labor/performance
2019Q1,hcltech,10.538838385838915,contrast_gpt4,DOL OFLC LCA disclosure data; https://www.dol.gov/agencies/eta/foreign-labor/performance
2019Q1,infosys,-1.7225510515332463,contrast_gpt4,DOL OFLC LCA disclosure data; https://www.dol.gov/agencies/eta/foreign-labor/performance
2019Q1,ltim,-21.980092981751966,contrast_gpt4,DOL OFLC LCA disclosure data; https://www.dol.gov/agencies/eta/foreign-labor/performance
2019Q1,mphasis,89.58229483456732,contrast_gpt4,DOL OFLC LCA disclosure data; https://www.dol.gov/agencies/eta/foreign-labor/performance
2019Q1,tcs,-80.73140416041936,contrast_gpt4,DOL OFLC LCA disclosure data; https://www.dol.gov/agencies/eta/foreign-labor/performance
2019Q1,techm,27.71494292305274,contrast_gpt4,DOL OFLC LCA disclosure data; https://www.dol.gov/agencies/eta/foreign-labor/performance
2019Q1,wipro,89.94245880074601,contrast_gpt4,DOL OFLC LCA disclosure data; https://www.dol.gov/agencies/eta/foreign-labor/performance
2019Q1,pooled8,-16.50774228145346,contrast_gpt4,DOL OFLC LCA disclosure data; https://www.dol.gov/agencies/eta/foreign-labor/performance
2019Q1,pooled_mid,4.72564578182236,contrast_gpt4,DOL OFLC LCA disclosure data; https://www.dol.gov/agencies/eta/foreign-labor/performance
2019Q2,accenture,14.057542194889287,contrast_gpt4,DOL OFLC LCA disclosure data; https://www.dol.gov/agencies/eta/foreign-labor/performance
2019Q2,capgemini,8.935979508908868,contrast_gpt4,DOL OFLC LCA disclosure data; https://www.dol.gov/agencies/eta/foreign-labor/performance
2019Q2,coforge,-144.03615823901663,contrast_gpt4,DOL OFLC LCA disclosure data; https://www.dol.gov/agencies/eta/foreign-labor/performance
2019Q2,cognizant,29.061023214038244,contrast_gpt4,DOL OFLC LCA disclosure data; https://www.dol.gov/agencies/eta/foreign-labor/performance
2019Q2,hcltech,6.618247912652308,contrast_gpt4,DOL OFLC LCA disclosure data; https://www.dol.gov/agencies/eta/foreign-labor/performance
2019Q2,infosys,7.2407098699043075,contrast_gpt4,DOL OFLC LCA disclosure data; https://www.dol.gov/agencies/eta/foreign-labor/performance
2019Q2,ltim,28.664311131936188,contrast_gpt4,DOL OFLC LCA disclosure data; https://www.dol.gov/agencies/eta/foreign-labor/performance
2019Q2,mphasis,76.1338930433852,contrast_gpt4,DOL OFLC LCA disclosure data; https://www.dol.gov/agencies/eta/foreign-labor/performance
2019Q2,tcs,-55.447795010713776,contrast_gpt4,DOL OFLC LCA disclosure data; https://www.dol.gov/agencies/eta/foreign-labor/performance
2019Q2,techm,27.18402626761094,contrast_gpt4,DOL OFLC LCA disclosure data; https://www.dol.gov/agencies/eta/foreign-labor/performance
2019Q2,wipro,116.27293178922595,contrast_gpt4,DOL OFLC LCA disclosure data; https://www.dol.gov/agencies/eta/foreign-labor/performance
2019Q2,pooled8,-14.140675387856755,contrast_gpt4,DOL OFLC LCA disclosure data; https://www.dol.gov/agencies/eta/foreign-labor/performance
2019Q2,pooled_mid,9.04791297004641,contrast_gpt4,DOL OFLC LCA disclosure data; https://www.dol.gov/agencies/eta/foreign-labor/performance
2019Q3,accenture,23.37312317460823,contrast_gpt4,DOL OFLC LCA disclosure data; https://www.dol.gov/agencies/eta/foreign-labor/performance
2019Q3,capgemini,16.996289689362225,contrast_gpt4,DOL OFLC LCA disclosure data; https://www.dol.gov/agencies/eta/foreign-labor/performance
2019Q3,cognizant,58.27360031864113,contrast_gpt4,DOL OFLC LCA disclosure data; https://www.dol.gov/agencies/eta/foreign-labor/performance
2019Q3,hcltech,8.630781223265252,contrast_gpt4,DOL OFLC LCA disclosure data; https://www.dol.gov/agencies/eta/foreign-labor/performance
2019Q3,hexaware,7.232066157962608,contrast_gpt4,DOL OFLC LCA disclosure data; https://www.dol.gov/agencies/eta/foreign-labor/performance
2019Q3,infosys,13.786979422312086,contrast_gpt4,DOL OFLC LCA disclosure data; https://www.dol.gov/agencies/eta/foreign-labor/performance
2019Q3,ltim,-6.9546166445746564,contrast_gpt4,DOL OFLC LCA disclosure data; https://www.dol.gov/agencies/eta/foreign-labor/performance
2019Q3,mphasis,55.4614640889652,contrast_gpt4,DOL OFLC LCA disclosure data; https://www.dol.gov/agencies/eta/foreign-labor/performance
2019Q3,persistent,162.37238696815768,contrast_gpt4,DOL OFLC LCA disclosure data; https://www.dol.gov/agencies/eta/foreign-labor/performance
2019Q3,tcs,-48.28245810808079,contrast_gpt4,DOL OFLC LCA disclosure data; https://www.dol.gov/agencies/eta/foreign-labor/performance
2019Q3,techm,27.27633328702273,contrast_gpt4,DOL OFLC LCA disclosure data; https://www.dol.gov/agencies/eta/foreign-labor/performance
2019Q3,wipro,127.08527790596759,contrast_gpt4,DOL OFLC LCA disclosure data; https://www.dol.gov/agencies/eta/foreign-labor/performance
2019Q3,pooled8,-6.927487829596719,contrast_gpt4,DOL OFLC LCA disclosure data; https://www.dol.gov/agencies/eta/foreign-labor/performance
2019Q3,pooled_mid,13.874050476076162,contrast_gpt4,DOL OFLC LCA disclosure data; https://www.dol.gov/agencies/eta/foreign-labor/performance
2019Q4,accenture,20.539427181505815,contrast_gpt4,DOL OFLC LCA disclosure data; https://www.dol.gov/agencies/eta/foreign-labor/performance
2019Q4,capgemini,24.869296186952482,contrast_gpt4,DOL OFLC LCA disclosure data; https://www.dol.gov/agencies/eta/foreign-labor/performance
2019Q4,cognizant,175.74354089569334,contrast_gpt4,DOL OFLC LCA disclosure data; https://www.dol.gov/agencies/eta/foreign-labor/performance
2019Q4,hcltech,3.919644690399302,contrast_gpt4,DOL OFLC LCA disclosure data; https://www.dol.gov/agencies/eta/foreign-labor/performance
2019Q4,hexaware,-21.185302821927852,contrast_gpt4,DOL OFLC LCA disclosure data; https://www.dol.gov/agencies/eta/foreign-labor/performance
2019Q4,infosys,21.09885371784022,contrast_gpt4,DOL OFLC LCA disclosure data; https://www.dol.gov/agencies/eta/foreign-labor/performance
2019Q4,ltim,-29.612473371001585,contrast_gpt4,DOL OFLC LCA disclosure data; https://www.dol.gov/agencies/eta/foreign-labor/performance
2019Q4,mphasis,75.67404326981203,contrast_gpt4,DOL OFLC LCA disclosure data; https://www.dol.gov/agencies/eta/foreign-labor/performance
2019Q4,persistent,174.2969305058623,contrast_gpt4,DOL OFLC LCA disclosure data; https://www.dol.gov/agencies/eta/foreign-labor/performance
2019Q4,tcs,-41.676706883020785,contrast_gpt4,DOL OFLC LCA disclosure data; https://www.dol.gov/agencies/eta/foreign-labor/performance
2019Q4,techm,26.45346318266555,contrast_gpt4,DOL OFLC LCA disclosure data; https://www.dol.gov/agencies/eta/foreign-labor/performance
2019Q4,wipro,132.75179657157167,contrast_gpt4,DOL OFLC LCA disclosure data; https://www.dol.gov/agencies/eta/foreign-labor/performance
2019Q4,pooled8,-8.041081261907008,contrast_gpt4,DOL OFLC LCA disclosure data; https://www.dol.gov/agencies/eta/foreign-labor/performance
2019Q4,pooled_mid,23.428827649236297,contrast_gpt4,DOL OFLC LCA disclosure data; https://www.dol.gov/agencies/eta/foreign-labor/performance
2020Q1,accenture,2.431605765734684,contrast_gpt4,DOL OFLC LCA disclosure data; https://www.dol.gov/agencies/eta/foreign-labor/performance
2020Q1,capgemini,36.166732903295355,contrast_gpt4,DOL OFLC LCA disclosure data; https://www.dol.gov/agencies/eta/foreign-labor/performance
2020Q1,cognizant,260.08581865377965,contrast_gpt4,DOL OFLC LCA disclosure data; https://www.dol.gov/agencies/eta/foreign-labor/performance
2020Q1,hcltech,-2.7232849695127044,contrast_gpt4,DOL OFLC LCA disclosure data; https://www.dol.gov/agencies/eta/foreign-labor/performance
2020Q1,hexaware,178.51259457324213,contrast_gpt4,DOL OFLC LCA disclosure data; https://www.dol.gov/agencies/eta/foreign-labor/performance
2020Q1,infosys,94.08356340500296,contrast_gpt4,DOL OFLC LCA disclosure data; https://www.dol.gov/agencies/eta/foreign-labor/performance
2020Q1,ltim,18.188888379527107,contrast_gpt4,DOL OFLC LCA disclosure data; https://www.dol.gov/agencies/eta/foreign-labor/performance
2020Q1,mphasis,-1.5965030573010122,contrast_gpt4,DOL OFLC LCA disclosure data; https://www.dol.gov/agencies/eta/foreign-labor/performance
2020Q1,tcs,121.14882786219741,contrast_gpt4,DOL OFLC LCA disclosure data; https://www.dol.gov/agencies/eta/foreign-labor/performance
2020Q1,techm,-21.944278050312906,contrast_gpt4,DOL OFLC LCA disclosure data; https://www.dol.gov/agencies/eta/foreign-labor/performance
2020Q1,wipro,31.160942498038224,contrast_gpt4,DOL OFLC LCA disclosure data; https://www.dol.gov/agencies/eta/foreign-labor/performance
2020Q1,pooled8,14.85032264552488,contrast_gpt4,DOL OFLC LCA disclosure data; https://www.dol.gov/agencies/eta/foreign-labor/performance
2020Q1,pooled_mid,23.198410004364806,contrast_gpt4,DOL OFLC LCA disclosure data; https://www.dol.gov/agencies/eta/foreign-labor/performance
2020Q2,accenture,8.696337196370312,contrast_gpt4,DOL OFLC LCA disclosure data; https://www.dol.gov/agencies/eta/foreign-labor/performance
2020Q2,capgemini,47.49024029146653,contrast_gpt4,DOL OFLC LCA disclosure data; https://www.dol.gov/agencies/eta/foreign-labor/performance
2020Q2,cognizant,325.06984097603294,contrast_gpt4,DOL OFLC LCA disclosure data; https://www.dol.gov/agencies/eta/foreign-labor/performance
2020Q2,hcltech,-24.96764901116463,contrast_gpt4,DOL OFLC LCA disclosure data; https://www.dol.gov/agencies/eta/foreign-labor/performance
2020Q2,hexaware,178.68694839338633,contrast_gpt4,DOL OFLC LCA disclosure data; https://www.dol.gov/agencies/eta/foreign-labor/performance
2020Q2,infosys,142.5611949596685,contrast_gpt4,DOL OFLC LCA disclosure data; https://www.dol.gov/agencies/eta/foreign-labor/performance
2020Q2,ltim,-2.3428088758621755,contrast_gpt4,DOL OFLC LCA disclosure data; https://www.dol.gov/agencies/eta/foreign-labor/performance
2020Q2,mphasis,8.340938633103345,contrast_gpt4,DOL OFLC LCA disclosure data; https://www.dol.gov/agencies/eta/foreign-labor/performance
2020Q2,tcs,62.0688856197235,contrast_gpt4,DOL OFLC LCA disclosure data; https://www.dol.gov/agencies/eta/foreign-labor/performance
2020Q2,techm,-2.8254885379309123,contrast_gpt4,DOL OFLC LCA disclosure data; https://www.dol.gov/agencies/eta/foreign-labor/performance
2020Q2,wipro,-6.966444783543508,contrast_gpt4,DOL OFLC LCA disclosure data; https://www.dol.gov/agencies/eta/foreign-labor/performance
2020Q2,pooled8,33.72311957753486,contrast_gpt4,DOL OFLC LCA disclosure data; https://www.dol.gov/agencies/eta/foreign-labor/performance
2020Q2,pooled_mid,33.435986701354025,contrast_gpt4,DOL OFLC LCA disclosure data; https://www.dol.gov/agencies/eta/foreign-labor/performance
2020Q3,accenture,26.04080752381801,contrast_gpt4,DOL OFLC LCA disclosure data; https://www.dol.gov/agencies/eta/foreign-labor/performance
2020Q3,capgemini,51.01890137475789,contrast_gpt4,DOL OFLC LCA disclosure data; https://www.dol.gov/agencies/eta/foreign-labor/performance
2020Q3,cognizant,299.2836753849689,contrast_gpt4,DOL OFLC LCA disclosure data; https://www.dol.gov/agencies/eta/foreign-labor/performance
2020Q3,hcltech,-23.027681450082337,contrast_gpt4,DOL OFLC LCA disclosure data; https://www.dol.gov/agencies/eta/foreign-labor/performance
2020Q3,hexaware,109.86122886681098,contrast_gpt4,DOL OFLC LCA disclosure data; https://www.dol.gov/agencies/eta/foreign-labor/performance
2020Q3,infosys,164.20552173579313,contrast_gpt4,DOL OFLC LCA disclosure data; https://www.dol.gov/agencies/eta/foreign-labor/performance
2020Q3,ltim,-21.89175486118519,contrast_gpt4,DOL OFLC LCA disclosure data; https://www.dol.gov/agencies/eta/foreign-labor/performance
2020Q3,mphasis,53.109424294255,contrast_gpt4,DOL OFLC LCA disclosure data; https://www.dol.gov/agencies/eta/foreign-labor/performance
2020Q3,persistent,-16.126814759612227,contrast_gpt4,DOL OFLC LCA disclosure data; https://www.dol.gov/agencies/eta/foreign-labor/performance
2020Q3,tcs,56.396817443925364,contrast_gpt4,DOL OFLC LCA disclosure data; https://www.dol.gov/agencies/eta/foreign-labor/performance
2020Q3,techm,-0.4827255014080549,contrast_gpt4,DOL OFLC LCA disclosure data; https://www.dol.gov/agencies/eta/foreign-labor/performance
2020Q3,wipro,-15.03706608833108,contrast_gpt4,DOL OFLC LCA disclosure data; https://www.dol.gov/agencies/eta/foreign-labor/performance
2020Q3,pooled8,40.282420362287255,contrast_gpt4,DOL OFLC LCA disclosure data; https://www.dol.gov/agencies/eta/foreign-labor/performance
2020Q3,pooled_mid,47.27450731689638,contrast_gpt4,DOL OFLC LCA disclosure data; https://www.dol.gov/agencies/eta/foreign-labor/performance
2020Q4,accenture,37.5230342325666,contrast_gpt4,DOL OFLC LCA disclosure data; https://www.dol.gov/agencies/eta/foreign-labor/performance
2020Q4,capgemini,46.673389147341474,contrast_gpt4,DOL OFLC LCA disclosure data; https://www.dol.gov/agencies/eta/foreign-labor/performance
2020Q4,cognizant,242.96120652545852,contrast_gpt4,DOL OFLC LCA disclosure data; https://www.dol.gov/agencies/eta/foreign-labor/performance
2020Q4,hcltech,-17.05330949972633,contrast_gpt4,DOL OFLC LCA disclosure data; https://www.dol.gov/agencies/eta/foreign-labor/performance
2020Q4,infosys,142.13460351632995,contrast_gpt4,DOL OFLC LCA disclosure data; https://www.dol.gov/agencies/eta/foreign-labor/performance
2020Q4,ltim,-15.904839085780942,contrast_gpt4,DOL OFLC LCA disclosure data; https://www.dol.gov/agencies/eta/foreign-labor/performance
2020Q4,mphasis,54.18060550592359,contrast_gpt4,DOL OFLC LCA disclosure data; https://www.dol.gov/agencies/eta/foreign-labor/performance
2020Q4,persistent,-45.02010019495559,contrast_gpt4,DOL OFLC LCA disclosure data; https://www.dol.gov/agencies/eta/foreign-labor/performance
2020Q4,tcs,33.47602612333377,contrast_gpt4,DOL OFLC LCA disclosure data; https://www.dol.gov/agencies/eta/foreign-labor/performance
2020Q4,techm,3.0414287890774077,contrast_gpt4,DOL OFLC LCA disclosure data; https://www.dol.gov/agencies/eta/foreign-labor/performance
2020Q4,wipro,-18.64226569906858,contrast_gpt4,DOL OFLC LCA disclosure data; https://www.dol.gov/agencies/eta/foreign-labor/performance
2020Q4,pooled8,45.40394573826406,contrast_gpt4,DOL OFLC LCA disclosure data; https://www.dol.gov/agencies/eta/foreign-labor/performance
2020Q4,pooled_mid,42.43745593216929,contrast_gpt4,DOL OFLC LCA disclosure data; https://www.dol.gov/agencies/eta/foreign-labor/performance
2021Q1,accenture,48.453912212134505,contrast_gpt4,DOL OFLC LCA disclosure data; https://www.dol.gov/agencies/eta/foreign-labor/performance
2021Q1,capgemini,38.386425083502544,contrast_gpt4,DOL OFLC LCA disclosure data; https://www.dol.gov/agencies/eta/foreign-labor/performance
2021Q1,cognizant,157.86355364604134,contrast_gpt4,DOL OFLC LCA disclosure data; https://www.dol.gov/agencies/eta/foreign-labor/performance
2021Q1,hcltech,-14.488828108953886,contrast_gpt4,DOL OFLC LCA disclosure data; https://www.dol.gov/agencies/eta/foreign-labor/performance
2021Q1,infosys,51.60925361073704,contrast_gpt4,DOL OFLC LCA disclosure data; https://www.dol.gov/agencies/eta/foreign-labor/performance
2021Q1,ltim,-28.40031980717742,contrast_gpt4,DOL OFLC LCA disclosure data; https://www.dol.gov/agencies/eta/foreign-labor/performance
2021Q1,mphasis,37.68930919006603,contrast_gpt4,DOL OFLC LCA disclosure data; https://www.dol.gov/agencies/eta/foreign-labor/performance
2021Q1,persistent,0.0,contrast_gpt4,DOL OFLC LCA disclosure data; https://www.dol.gov/agencies/eta/foreign-labor/performance
2021Q1,tcs,-71.63320821938719,contrast_gpt4,DOL OFLC LCA disclosure data; https://www.dol.gov/agencies/eta/foreign-labor/performance
2021Q1,techm,36.393251172742175,contrast_gpt4,DOL OFLC LCA disclosure data; https://www.dol.gov/agencies/eta/foreign-labor/performance
2021Q1,wipro,3.501834478528181,contrast_gpt4,DOL OFLC LCA disclosure data; https://www.dol.gov/agencies/eta/foreign-labor/performance
2021Q1,pooled8,35.30857809962934,contrast_gpt4,DOL OFLC LCA disclosure data; https://www.dol.gov/agencies/eta/foreign-labor/performance
2021Q1,pooled_mid,24.336783881428627,contrast_gpt4,DOL OFLC LCA disclosure data; https://www.dol.gov/agencies/eta/foreign-labor/performance
2021Q2,accenture,45.20900229174362,contrast_gpt4,DOL OFLC LCA disclosure data; https://www.dol.gov/agencies/eta/foreign-labor/performance
2021Q2,capgemini,30.32832645987137,contrast_gpt4,DOL OFLC LCA disclosure data; https://www.dol.gov/agencies/eta/foreign-labor/performance
2021Q2,cognizant,-117.71340835009394,contrast_gpt4,DOL OFLC LCA disclosure data; https://www.dol.gov/agencies/eta/foreign-labor/performance
2021Q2,hcltech,19.56061745091042,contrast_gpt4,DOL OFLC LCA disclosure data; https://www.dol.gov/agencies/eta/foreign-labor/performance
2021Q2,hexaware,-98.30102789580864,contrast_gpt4,DOL OFLC LCA disclosure data; https://www.dol.gov/agencies/eta/foreign-labor/performance
2021Q2,infosys,-55.748010222211626,contrast_gpt4,DOL OFLC LCA disclosure data; https://www.dol.gov/agencies/eta/foreign-labor/performance
2021Q2,ltim,-23.77476930450712,contrast_gpt4,DOL OFLC LCA disclosure data; https://www.dol.gov/agencies/eta/foreign-labor/performance
2021Q2,mphasis,4.648154299855076,contrast_gpt4,DOL OFLC LCA disclosure data; https://www.dol.gov/agencies/eta/foreign-labor/performance
2021Q2,tcs,-57.076691684249255,contrast_gpt4,DOL OFLC LCA disclosure data; https://www.dol.gov/agencies/eta/foreign-labor/performance
2021Q2,techm,6.027140652959321,contrast_gpt4,DOL OFLC LCA disclosure data; https://www.dol.gov/agencies/eta/foreign-labor/performance
2021Q2,wipro,15.017359424093527,contrast_gpt4,DOL OFLC LCA disclosure data; https://www.dol.gov/agencies/eta/foreign-labor/performance
2021Q2,pooled8,1.2958734442464994,contrast_gpt4,DOL OFLC LCA disclosure data; https://www.dol.gov/agencies/eta/foreign-labor/performance
2021Q2,pooled_mid,15.143802364546115,contrast_gpt4,DOL OFLC LCA disclosure data; https://www.dol.gov/agencies/eta/foreign-labor/performance
2021Q3,accenture,14.113089377139374,contrast_gpt4,DOL OFLC LCA disclosure data; https://www.dol.gov/agencies/eta/foreign-labor/performance
2021Q3,capgemini,20.562574134864185,contrast_gpt4,DOL OFLC LCA disclosure data; https://www.dol.gov/agencies/eta/foreign-labor/performance
2021Q3,coforge,124.37942985126077,contrast_gpt4,DOL OFLC LCA disclosure data; https://www.dol.gov/agencies/eta/foreign-labor/performance
2021Q3,cognizant,-134.80770401150107,contrast_gpt4,DOL OFLC LCA disclosure data; https://www.dol.gov/agencies/eta/foreign-labor/performance
2021Q3,hcltech,22.262208711015113,contrast_gpt4,DOL OFLC LCA disclosure data; https://www.dol.gov/agencies/eta/foreign-labor/performance
2021Q3,hexaware,-130.1611273889852,contrast_gpt4,DOL OFLC LCA disclosure data; https://www.dol.gov/agencies/eta/foreign-labor/performance
2021Q3,infosys,-158.25655774225567,contrast_gpt4,DOL OFLC LCA disclosure data; https://www.dol.gov/agencies/eta/foreign-labor/performance
2021Q3,ltim,-13.229805842603984,contrast_gpt4,DOL OFLC LCA disclosure data; https://www.dol.gov/agencies/eta/foreign-labor/performance
2021Q3,mphasis,-52.26975068956409,contrast_gpt4,DOL OFLC LCA disclosure data; https://www.dol.gov/agencies/eta/foreign-labor/performance
2021Q3,tcs,-74.12167970820138,contrast_gpt4,DOL OFLC LCA disclosure data; https://www.dol.gov/agencies/eta/foreign-labor/performance
2021Q3,techm,5.736926587669739,contrast_gpt4,DOL OFLC LCA disclosure data; https://www.dol.gov/agencies/eta/foreign-labor/performance
2021Q3,wipro,8.87515235533418,contrast_gpt4,DOL OFLC LCA disclosure data; https://www.dol.gov/agencies/eta/foreign-labor/performance
2021Q3,pooled8,-18.26327386015801,contrast_gpt4,DOL OFLC LCA disclosure data; https://www.dol.gov/agencies/eta/foreign-labor/performance
2021Q3,pooled_mid,-9.458524049035397,contrast_gpt4,DOL OFLC LCA disclosure data; https://www.dol.gov/agencies/eta/foreign-labor/performance
2021Q4,accenture,7.600642309923053,contrast_gpt4,DOL OFLC LCA disclosure data; https://www.dol.gov/agencies/eta/foreign-labor/performance
2021Q4,capgemini,13.079176977295695,contrast_gpt4,DOL OFLC LCA disclosure data; https://www.dol.gov/agencies/eta/foreign-labor/performance
2021Q4,coforge,62.86086594223741,contrast_gpt4,DOL OFLC LCA disclosure data; https://www.dol.gov/agencies/eta/foreign-labor/performance
2021Q4,cognizant,-191.35575935569744,contrast_gpt4,DOL OFLC LCA disclosure data; https://www.dol.gov/agencies/eta/foreign-labor/performance
2021Q4,hcltech,15.802827385878885,contrast_gpt4,DOL OFLC LCA disclosure data; https://www.dol.gov/agencies/eta/foreign-labor/performance
2021Q4,infosys,-204.08438228310942,contrast_gpt4,DOL OFLC LCA disclosure data; https://www.dol.gov/agencies/eta/foreign-labor/performance
2021Q4,ltim,-15.598520611685133,contrast_gpt4,DOL OFLC LCA disclosure data; https://www.dol.gov/agencies/eta/foreign-labor/performance
2021Q4,mphasis,-66.76728217041301,contrast_gpt4,DOL OFLC LCA disclosure data; https://www.dol.gov/agencies/eta/foreign-labor/performance
2021Q4,tcs,-35.82415570892043,contrast_gpt4,DOL OFLC LCA disclosure data; https://www.dol.gov/agencies/eta/foreign-labor/performance
2021Q4,techm,-3.1195190077938424,contrast_gpt4,DOL OFLC LCA disclosure data; https://www.dol.gov/agencies/eta/foreign-labor/performance
2021Q4,wipro,-0.3438505984737503,contrast_gpt4,DOL OFLC LCA disclosure data; https://www.dol.gov/agencies/eta/foreign-labor/performance
2021Q4,pooled8,-20.395779124714394,contrast_gpt4,DOL OFLC LCA disclosure data; https://www.dol.gov/agencies/eta/foreign-labor/performance
2021Q4,pooled_mid,-11.85604634521503,contrast_gpt4,DOL OFLC LCA disclosure data; https://www.dol.gov/agencies/eta/foreign-labor/performance
2022Q1,accenture,-12.129882418888819,contrast_gpt4,DOL OFLC LCA disclosure data; https://www.dol.gov/agencies/eta/foreign-labor/performance
2022Q1,capgemini,-4.9255590887100045,contrast_gpt4,DOL OFLC LCA disclosure data; https://www.dol.gov/agencies/eta/foreign-labor/performance
2022Q1,coforge,-79.85076962177718,contrast_gpt4,DOL OFLC LCA disclosure data; https://www.dol.gov/agencies/eta/foreign-labor/performance
2022Q1,cognizant,-206.89644865659136,contrast_gpt4,DOL OFLC LCA disclosure data; https://www.dol.gov/agencies/eta/foreign-labor/performance
2022Q1,hcltech,12.082852697766555,contrast_gpt4,DOL OFLC LCA disclosure data; https://www.dol.gov/agencies/eta/foreign-labor/performance
2022Q1,infosys,-193.45800202413923,contrast_gpt4,DOL OFLC LCA disclosure data; https://www.dol.gov/agencies/eta/foreign-labor/performance
2022Q1,ltim,-20.598236357061495,contrast_gpt4,DOL OFLC LCA disclosure data; https://www.dol.gov/agencies/eta/foreign-labor/performance
2022Q1,mphasis,-33.418629416575364,contrast_gpt4,DOL OFLC LCA disclosure data; https://www.dol.gov/agencies/eta/foreign-labor/performance
2022Q1,tcs,-44.7115876551437,contrast_gpt4,DOL OFLC LCA disclosure data; https://www.dol.gov/agencies/eta/foreign-labor/performance
2022Q1,techm,-10.35606951539736,contrast_gpt4,DOL OFLC LCA disclosure data; https://www.dol.gov/agencies/eta/foreign-labor/performance
2022Q1,wipro,-18.323146817767153,contrast_gpt4,DOL OFLC LCA disclosure data; https://www.dol.gov/agencies/eta/foreign-labor/performance
2022Q1,pooled8,-29.331053274994563,contrast_gpt4,DOL OFLC LCA disclosure data; https://www.dol.gov/agencies/eta/foreign-labor/performance
2022Q1,pooled_mid,-3.2944025093346263,contrast_gpt4,DOL OFLC LCA disclosure data; https://www.dol.gov/agencies/eta/foreign-labor/performance
2022Q2,accenture,-19.745739155029227,contrast_gpt4,DOL OFLC LCA disclosure data; https://www.dol.gov/agencies/eta/foreign-labor/performance
2022Q2,capgemini,-58.85208555159264,contrast_gpt4,DOL OFLC LCA disclosure data; https://www.dol.gov/agencies/eta/foreign-labor/performance
2022Q2,coforge,-27.32933349996813,contrast_gpt4,DOL OFLC LCA disclosure data; https://www.dol.gov/agencies/eta/foreign-labor/performance
2022Q2,cognizant,-0.6669436374954429,contrast_gpt4,DOL OFLC LCA disclosure data; https://www.dol.gov/agencies/eta/foreign-labor/performance
2022Q2,hcltech,-10.781324246836483,contrast_gpt4,DOL OFLC LCA disclosure data; https://www.dol.gov/agencies/eta/foreign-labor/performance
2022Q2,hexaware,-50.40557719916511,contrast_gpt4,DOL OFLC LCA disclosure data; https://www.dol.gov/agencies/eta/foreign-labor/performance
2022Q2,infosys,-92.53754403692645,contrast_gpt4,DOL OFLC LCA disclosure data; https://www.dol.gov/agencies/eta/foreign-labor/performance
2022Q2,ltim,-8.487184894459215,contrast_gpt4,DOL OFLC LCA disclosure data; https://www.dol.gov/agencies/eta/foreign-labor/performance
2022Q2,mphasis,-2.99515085107382,contrast_gpt4,DOL OFLC LCA disclosure data; https://www.dol.gov/agencies/eta/foreign-labor/performance
2022Q2,tcs,-11.086570385586048,contrast_gpt4,DOL OFLC LCA disclosure data; https://www.dol.gov/agencies/eta/foreign-labor/performance
2022Q2,techm,-8.692545827186603,contrast_gpt4,DOL OFLC LCA disclosure data; https://www.dol.gov/agencies/eta/foreign-labor/performance
2022Q2,wipro,-42.59291576809868,contrast_gpt4,DOL OFLC LCA disclosure data; https://www.dol.gov/agencies/eta/foreign-labor/performance
2022Q2,pooled8,-25.205538270150466,contrast_gpt4,DOL OFLC LCA disclosure data; https://www.dol.gov/agencies/eta/foreign-labor/performance
2022Q2,pooled_mid,-29.232786813141274,contrast_gpt4,DOL OFLC LCA disclosure data; https://www.dol.gov/agencies/eta/foreign-labor/performance
2022Q3,accenture,-27.481508645733363,contrast_gpt4,DOL OFLC LCA disclosure data; https://www.dol.gov/agencies/eta/foreign-labor/performance
2022Q3,capgemini,-64.08330841317795,contrast_gpt4,DOL OFLC LCA disclosure data; https://www.dol.gov/agencies/eta/foreign-labor/performance
2022Q3,coforge,84.10673106365675,contrast_gpt4,DOL OFLC LCA disclosure data; https://www.dol.gov/agencies/eta/foreign-labor/performance
2022Q3,cognizant,22.481529722965636,contrast_gpt4,DOL OFLC LCA disclosure data; https://www.dol.gov/agencies/eta/foreign-labor/performance
2022Q3,hcltech,-17.607178505659455,contrast_gpt4,DOL OFLC LCA disclosure data; https://www.dol.gov/agencies/eta/foreign-labor/performance
2022Q3,hexaware,-62.70073780554004,contrast_gpt4,DOL OFLC LCA disclosure data; https://www.dol.gov/agencies/eta/foreign-labor/performance
2022Q3,infosys,18.600080338235202,contrast_gpt4,DOL OFLC LCA disclosure data; https://www.dol.gov/agencies/eta/foreign-labor/performance
2022Q3,ltim,-3.290543644240394,contrast_gpt4,DOL OFLC LCA disclosure data; https://www.dol.gov/agencies/eta/foreign-labor/performance
2022Q3,mphasis,43.76488927026362,contrast_gpt4,DOL OFLC LCA disclosure data; https://www.dol.gov/agencies/eta/foreign-labor/performance
2022Q3,tcs,11.52176563797618,contrast_gpt4,DOL OFLC LCA disclosure data; https://www.dol.gov/agencies/eta/foreign-labor/performance
2022Q3,techm,-15.383380296295528,contrast_gpt4,DOL OFLC LCA disclosure data; https://www.dol.gov/agencies/eta/foreign-labor/performance
2022Q3,wipro,-50.928222975438615,contrast_gpt4,DOL OFLC LCA disclosure data; https://www.dol.gov/agencies/eta/foreign-labor/performance
2022Q3,pooled8,-16.581454287420552,contrast_gpt4,DOL OFLC LCA disclosure data; https://www.dol.gov/agencies/eta/foreign-labor/performance
2022Q3,pooled_mid,-20.847655799484553,contrast_gpt4,DOL OFLC LCA disclosure data; https://www.dol.gov/agencies/eta/foreign-labor/performance
2022Q4,accenture,-95.62457377273645,contrast_gpt4,DOL OFLC LCA disclosure data; https://www.dol.gov/agencies/eta/foreign-labor/performance
2022Q4,capgemini,-75.41928693849798,contrast_gpt4,DOL OFLC LCA disclosure data; https://www.dol.gov/agencies/eta/foreign-labor/performance
2022Q4,coforge,76.72551527136672,contrast_gpt4,DOL OFLC LCA disclosure data; https://www.dol.gov/agencies/eta/foreign-labor/performance
2022Q4,cognizant,68.30728948238955,contrast_gpt4,DOL OFLC LCA disclosure data; https://www.dol.gov/agencies/eta/foreign-labor/performance
2022Q4,hcltech,-17.420992350860665,contrast_gpt4,DOL OFLC LCA disclosure data; https://www.dol.gov/agencies/eta/foreign-labor/performance
2022Q4,hexaware,64.05762935506073,contrast_gpt4,DOL OFLC LCA disclosure data; https://www.dol.gov/agencies/eta/foreign-labor/performance
2022Q4,infosys,89.60182676593939,contrast_gpt4,DOL OFLC LCA disclosure data; https://www.dol.gov/agencies/eta/foreign-labor/performance
2022Q4,ltim,-11.252162270442756,contrast_gpt4,DOL OFLC LCA disclosure data; https://www.dol.gov/agencies/eta/foreign-labor/performance
2022Q4,mphasis,51.61957939405847,contrast_gpt4,DOL OFLC LCA disclosure data; https://www.dol.gov/agencies/eta/foreign-labor/performance
2022Q4,tcs,-3.982227064540713,contrast_gpt4,DOL OFLC LCA disclosure data; https://www.dol.gov/agencies/eta/foreign-labor/performance
2022Q4,techm,-19.274804140683568,contrast_gpt4,DOL OFLC LCA disclosure data; https://www.dol.gov/agencies/eta/foreign-labor/performance
2022Q4,wipro,-55.92723078764865,contrast_gpt4,DOL OFLC LCA disclosure data; https://www.dol.gov/agencies/eta/foreign-labor/performance
2022Q4,pooled8,-27.664690640036902,contrast_gpt4,DOL OFLC LCA disclosure data; https://www.dol.gov/agencies/eta/foreign-labor/performance
2022Q4,pooled_mid,-32.51283847678018,contrast_gpt4,DOL OFLC LCA disclosure data; https://www.dol.gov/agencies/eta/foreign-labor/performance
2023Q1,accenture,-93.80725564453417,contrast_gpt4,DOL OFLC LCA disclosure data; https://www.dol.gov/agencies/eta/foreign-labor/performance
2023Q1,capgemini,-66.2959355142259,contrast_gpt4,DOL OFLC LCA disclosure data; https://www.dol.gov/agencies/eta/foreign-labor/performance
2023Q1,coforge,215.8003864182938,contrast_gpt4,DOL OFLC LCA disclosure data; https://www.dol.gov/agencies/eta/foreign-labor/performance
2023Q1,cognizant,89.0406520491723,contrast_gpt4,DOL OFLC LCA disclosure data; https://www.dol.gov/agencies/eta/foreign-labor/performance
2023Q1,hcltech,-17.784760683383034,contrast_gpt4,DOL OFLC LCA disclosure data; https://www.dol.gov/agencies/eta/foreign-labor/performance
2023Q1,hexaware,15.264578864783804,contrast_gpt4,DOL OFLC LCA disclosure data; https://www.dol.gov/agencies/eta/foreign-labor/performance
2023Q1,infosys,114.79035803849871,contrast_gpt4,DOL OFLC LCA disclosure data; https://www.dol.gov/agencies/eta/foreign-labor/performance
2023Q1,ltim,-27.894417880162422,contrast_gpt4,DOL OFLC LCA disclosure data; https://www.dol.gov/agencies/eta/foreign-labor/performance
2023Q1,mphasis,37.91945389759544,contrast_gpt4,DOL OFLC LCA disclosure data; https://www.dol.gov/agencies/eta/foreign-labor/performance
2023Q1,tcs,-8.578325476206842,contrast_gpt4,DOL OFLC LCA disclosure data; https://www.dol.gov/agencies/eta/foreign-labor/performance
2023Q1,techm,-17.874970352179563,contrast_gpt4,DOL OFLC LCA disclosure data; https://www.dol.gov/agencies/eta/foreign-labor/performance
2023Q1,wipro,-49.41258592850259,contrast_gpt4,DOL OFLC LCA disclosure data; https://www.dol.gov/agencies/eta/foreign-labor/performance
2023Q1,pooled8,-25.394486002667634,contrast_gpt4,DOL OFLC LCA disclosure data; https://www.dol.gov/agencies/eta/foreign-labor/performance
2023Q1,pooled_mid,-36.18185268331086,contrast_gpt4,DOL OFLC LCA disclosure data; https://www.dol.gov/agencies/eta/foreign-labor/performance
2023Q2,accenture,-91.44393452136057,contrast_gpt4,DOL OFLC LCA disclosure data; https://www.dol.gov/agencies/eta/foreign-labor/performance
2023Q2,capgemini,-6.041168379192154,contrast_gpt4,DOL OFLC LCA disclosure data; https://www.dol.gov/agencies/eta/foreign-labor/performance
2023Q2,coforge,181.81927262962105,contrast_gpt4,DOL OFLC LCA disclosure data; https://www.dol.gov/agencies/eta/foreign-labor/performance
2023Q2,cognizant,47.8090979797349,contrast_gpt4,DOL OFLC LCA disclosure data; https://www.dol.gov/agencies/eta/foreign-labor/performance
2023Q2,hcltech,-6.8068736086696155,contrast_gpt4,DOL OFLC LCA disclosure data; https://www.dol.gov/agencies/eta/foreign-labor/performance
2023Q2,hexaware,6.416194421728591,contrast_gpt4,DOL OFLC LCA disclosure data; https://www.dol.gov/agencies/eta/foreign-labor/performance
2023Q2,infosys,111.0501419506127,contrast_gpt4,DOL OFLC LCA disclosure data; https://www.dol.gov/agencies/eta/foreign-labor/performance
2023Q2,ltim,-70.82003269134714,contrast_gpt4,DOL OFLC LCA disclosure data; https://www.dol.gov/agencies/eta/foreign-labor/performance
2023Q2,mphasis,26.185925038850883,contrast_gpt4,DOL OFLC LCA disclosure data; https://www.dol.gov/agencies/eta/foreign-labor/performance
2023Q2,tcs,4.677857207582029,contrast_gpt4,DOL OFLC LCA disclosure data; https://www.dol.gov/agencies/eta/foreign-labor/performance
2023Q2,techm,-5.7914289428246875,contrast_gpt4,DOL OFLC LCA disclosure data; https://www.dol.gov/agencies/eta/foreign-labor/performance
2023Q2,wipro,-31.48112247768063,contrast_gpt4,DOL OFLC LCA disclosure data; https://www.dol.gov/agencies/eta/foreign-labor/performance
2023Q2,pooled8,-11.682412508999265,contrast_gpt4,DOL OFLC LCA disclosure data; https://www.dol.gov/agencies/eta/foreign-labor/performance
2023Q2,pooled_mid,-2.0449649040527973,contrast_gpt4,DOL OFLC LCA disclosure data; https://www.dol.gov/agencies/eta/foreign-labor/performance
2023Q3,accenture,-115.21481143905383,contrast_gpt4,DOL OFLC LCA disclosure data; https://www.dol.gov/agencies/eta/foreign-labor/performance
2023Q3,capgemini,15.106178370349085,contrast_gpt4,DOL OFLC LCA disclosure data; https://www.dol.gov/agencies/eta/foreign-labor/performance
2023Q3,coforge,148.96886593241746,contrast_gpt4,DOL OFLC LCA disclosure data; https://www.dol.gov/agencies/eta/foreign-labor/performance
2023Q3,cognizant,62.97333881765947,contrast_gpt4,DOL OFLC LCA disclosure data; https://www.dol.gov/agencies/eta/foreign-labor/performance
2023Q3,hcltech,-6.2271206932452685,contrast_gpt4,DOL OFLC LCA disclosure data; https://www.dol.gov/agencies/eta/foreign-labor/performance
2023Q3,hexaware,52.51229284668152,contrast_gpt4,DOL OFLC LCA disclosure data; https://www.dol.gov/agencies/eta/foreign-labor/performance
2023Q3,infosys,87.3182154797058,contrast_gpt4,DOL OFLC LCA disclosure data; https://www.dol.gov/agencies/eta/foreign-labor/performance
2023Q3,ltim,-88.93900758725081,contrast_gpt4,DOL OFLC LCA disclosure data; https://www.dol.gov/agencies/eta/foreign-labor/performance
2023Q3,mphasis,9.611883794725149,contrast_gpt4,DOL OFLC LCA disclosure data; https://www.dol.gov/agencies/eta/foreign-labor/performance
2023Q3,persistent,127.91962255635235,contrast_gpt4,DOL OFLC LCA disclosure data; https://www.dol.gov/agencies/eta/foreign-labor/performance
2023Q3,tcs,-15.468219798109239,contrast_gpt4,DOL OFLC LCA disclosure data; https://www.dol.gov/agencies/eta/foreign-labor/performance
2023Q3,techm,2.515874515525738,contrast_gpt4,DOL OFLC LCA disclosure data; https://www.dol.gov/agencies/eta/foreign-labor/performance
2023Q3,wipro,-8.709853552099656,contrast_gpt4,DOL OFLC LCA disclosure data; https://www.dol.gov/agencies/eta/foreign-labor/performance
2023Q3,pooled8,-21.980894899179138,contrast_gpt4,DOL OFLC LCA disclosure data; https://www.dol.gov/agencies/eta/foreign-labor/performance
2023Q3,pooled_mid,9.824185894291887,contrast_gpt4,DOL OFLC LCA disclosure data; https://www.dol.gov/agencies/eta/foreign-labor/performance
2023Q4,accenture,-23.477027498778693,contrast_gpt4,DOL OFLC LCA disclosure data; https://www.dol.gov/agencies/eta/foreign-labor/performance
2023Q4,capgemini,25.565873337881282,contrast_gpt4,DOL OFLC LCA disclosure data; https://www.dol.gov/agencies/eta/foreign-labor/performance
2023Q4,coforge,149.9126891616418,contrast_gpt4,DOL OFLC LCA disclosure data; https://www.dol.gov/agencies/eta/foreign-labor/performance
2023Q4,cognizant,55.17252260793244,contrast_gpt4,DOL OFLC LCA disclosure data; https://www.dol.gov/agencies/eta/foreign-labor/performance
2023Q4,hcltech,3.3179638862037315,contrast_gpt4,DOL OFLC LCA disclosure data; https://www.dol.gov/agencies/eta/foreign-labor/performance
2023Q4,hexaware,-7.367100470084371,contrast_gpt4,DOL OFLC LCA disclosure data; https://www.dol.gov/agencies/eta/foreign-labor/performance
2023Q4,infosys,51.31687578214574,contrast_gpt4,DOL OFLC LCA disclosure data; https://www.dol.gov/agencies/eta/foreign-labor/performance
2023Q4,ltim,-83.8558595557889,contrast_gpt4,DOL OFLC LCA disclosure data; https://www.dol.gov/agencies/eta/foreign-labor/performance
2023Q4,mphasis,-7.671518053573914,contrast_gpt4,DOL OFLC LCA disclosure data; https://www.dol.gov/agencies/eta/foreign-labor/performance
2023Q4,persistent,108.98016589859549,contrast_gpt4,DOL OFLC LCA disclosure data; https://www.dol.gov/agencies/eta/foreign-labor/performance
2023Q4,tcs,-27.32358857139824,contrast_gpt4,DOL OFLC LCA disclosure data; https://www.dol.gov/agencies/eta/foreign-labor/performance
2023Q4,techm,16.388205798686414,contrast_gpt4,DOL OFLC LCA disclosure data; https://www.dol.gov/agencies/eta/foreign-labor/performance
2023Q4,wipro,8.79580479344219,contrast_gpt4,DOL OFLC LCA disclosure data; https://www.dol.gov/agencies/eta/foreign-labor/performance
2023Q4,pooled8,-5.0395051544155125,contrast_gpt4,DOL OFLC LCA disclosure data; https://www.dol.gov/agencies/eta/foreign-labor/performance
2023Q4,pooled_mid,14.754315995080297,contrast_gpt4,DOL OFLC LCA disclosure data; https://www.dol.gov/agencies/eta/foreign-labor/performance
2024Q1,accenture,-13.452968338500725,contrast_gpt4,DOL OFLC LCA disclosure data; https://www.dol.gov/agencies/eta/foreign-labor/performance
2024Q1,capgemini,29.255817797610277,contrast_gpt4,DOL OFLC LCA disclosure data; https://www.dol.gov/agencies/eta/foreign-labor/performance
2024Q1,coforge,142.5515074273172,contrast_gpt4,DOL OFLC LCA disclosure data; https://www.dol.gov/agencies/eta/foreign-labor/performance
2024Q1,cognizant,52.2938018161194,contrast_gpt4,DOL OFLC LCA disclosure data; https://www.dol.gov/agencies/eta/foreign-labor/performance
2024Q1,hcltech,9.073029863084631,contrast_gpt4,DOL OFLC LCA disclosure data; https://www.dol.gov/agencies/eta/foreign-labor/performance
2024Q1,hexaware,114.56797995260955,contrast_gpt4,DOL OFLC LCA disclosure data; https://www.dol.gov/agencies/eta/foreign-labor/performance
2024Q1,infosys,33.90768304520304,contrast_gpt4,DOL OFLC LCA disclosure data; https://www.dol.gov/agencies/eta/foreign-labor/performance
2024Q1,ltim,-67.40685510284774,contrast_gpt4,DOL OFLC LCA disclosure data; https://www.dol.gov/agencies/eta/foreign-labor/performance
2024Q1,mphasis,-12.170663387524007,contrast_gpt4,DOL OFLC LCA disclosure data; https://www.dol.gov/agencies/eta/foreign-labor/performance
2024Q1,persistent,76.49729151312009,contrast_gpt4,DOL OFLC LCA disclosure data; https://www.dol.gov/agencies/eta/foreign-labor/performance
2024Q1,tcs,-25.5046303673498,contrast_gpt4,DOL OFLC LCA disclosure data; https://www.dol.gov/agencies/eta/foreign-labor/performance
2024Q1,techm,5.173336260522506,contrast_gpt4,DOL OFLC LCA disclosure data; https://www.dol.gov/agencies/eta/foreign-labor/performance
2024Q1,wipro,8.220266143407681,contrast_gpt4,DOL OFLC LCA disclosure data; https://www.dol.gov/agencies/eta/foreign-labor/performance
2024Q1,pooled8,0.8048528820931864,contrast_gpt4,DOL OFLC LCA disclosure data; https://www.dol.gov/agencies/eta/foreign-labor/performance
2024Q1,pooled_mid,21.251220623785187,contrast_gpt4,DOL OFLC LCA disclosure data; https://www.dol.gov/agencies/eta/foreign-labor/performance
2024Q2,accenture,-10.796978437455769,contrast_gpt4,DOL OFLC LCA disclosure data; https://www.dol.gov/agencies/eta/foreign-labor/performance
2024Q2,capgemini,2.848499941538302,contrast_gpt4,DOL OFLC LCA disclosure data; https://www.dol.gov/agencies/eta/foreign-labor/performance
2024Q2,coforge,108.9517558762227,contrast_gpt4,DOL OFLC LCA disclosure data; https://www.dol.gov/agencies/eta/foreign-labor/performance
2024Q2,cognizant,56.82046469697035,contrast_gpt4,DOL OFLC LCA disclosure data; https://www.dol.gov/agencies/eta/foreign-labor/performance
2024Q2,hcltech,10.372185953967545,contrast_gpt4,DOL OFLC LCA disclosure data; https://www.dol.gov/agencies/eta/foreign-labor/performance
2024Q2,hexaware,108.83907345965716,contrast_gpt4,DOL OFLC LCA disclosure data; https://www.dol.gov/agencies/eta/foreign-labor/performance
2024Q2,infosys,-10.862028158883323,contrast_gpt4,DOL OFLC LCA disclosure data; https://www.dol.gov/agencies/eta/foreign-labor/performance
2024Q2,ltim,-80.15258999959312,contrast_gpt4,DOL OFLC LCA disclosure data; https://www.dol.gov/agencies/eta/foreign-labor/performance
2024Q2,mphasis,-11.508957085594531,contrast_gpt4,DOL OFLC LCA disclosure data; https://www.dol.gov/agencies/eta/foreign-labor/performance
2024Q2,tcs,-54.475861760828664,contrast_gpt4,DOL OFLC LCA disclosure data; https://www.dol.gov/agencies/eta/foreign-labor/performance
2024Q2,techm,-0.2554279805096904,contrast_gpt4,DOL OFLC LCA disclosure data; https://www.dol.gov/agencies/eta/foreign-labor/performance
2024Q2,wipro,17.47789218662772,contrast_gpt4,DOL OFLC LCA disclosure data; https://www.dol.gov/agencies/eta/foreign-labor/performance
2024Q2,pooled8,-7.015825679512977,contrast_gpt4,DOL OFLC LCA disclosure data; https://www.dol.gov/agencies/eta/foreign-labor/performance
2024Q2,pooled_mid,4.44502516049993,contrast_gpt4,DOL OFLC LCA disclosure data; https://www.dol.gov/agencies/eta/foreign-labor/performance
2024Q3,accenture,96.32122247417452,contrast_gpt4,DOL OFLC LCA disclosure data; https://www.dol.gov/agencies/eta/foreign-labor/performance
2024Q3,capgemini,-20.405989094887037,contrast_gpt4,DOL OFLC LCA disclosure data; https://www.dol.gov/agencies/eta/foreign-labor/performance
2024Q3,coforge,51.921941589445936,contrast_gpt4,DOL OFLC LCA disclosure data; https://www.dol.gov/agencies/eta/foreign-labor/performance
2024Q3,cognizant,54.49833426690378,contrast_gpt4,DOL OFLC LCA disclosure data; https://www.dol.gov/agencies/eta/foreign-labor/performance
2024Q3,hcltech,10.139686810481486,contrast_gpt4,DOL OFLC LCA disclosure data; https://www.dol.gov/agencies/eta/foreign-labor/performance
2024Q3,infosys,-23.42677311507864,contrast_gpt4,DOL OFLC LCA disclosure data; https://www.dol.gov/agencies/eta/foreign-labor/performance
2024Q3,ltim,-64.83578130923506,contrast_gpt4,DOL OFLC LCA disclosure data; https://www.dol.gov/agencies/eta/foreign-labor/performance
2024Q3,mphasis,-32.988845278095425,contrast_gpt4,DOL OFLC LCA disclosure data; https://www.dol.gov/agencies/eta/foreign-labor/performance
2024Q3,persistent,-48.22522513219347,contrast_gpt4,DOL OFLC LCA disclosure data; https://www.dol.gov/agencies/eta/foreign-labor/performance
2024Q3,tcs,-30.356017673898506,contrast_gpt4,DOL OFLC LCA disclosure data; https://www.dol.gov/agencies/eta/foreign-labor/performance
2024Q3,techm,-11.931367116883376,contrast_gpt4,DOL OFLC LCA disclosure data; https://www.dol.gov/agencies/eta/foreign-labor/performance
2024Q3,wipro,2.2969067341146925,contrast_gpt4,DOL OFLC LCA disclosure data; https://www.dol.gov/agencies/eta/foreign-labor/performance
2024Q3,pooled8,16.32303256052512,contrast_gpt4,DOL OFLC LCA disclosure data; https://www.dol.gov/agencies/eta/foreign-labor/performance
2024Q3,pooled_mid,-12.327234217220468,contrast_gpt4,DOL OFLC LCA disclosure data; https://www.dol.gov/agencies/eta/foreign-labor/performance
2024Q4,accenture,81.32989500518794,contrast_gpt4,DOL OFLC LCA disclosure data; https://www.dol.gov/agencies/eta/foreign-labor/performance
2024Q4,capgemini,-15.571765958508339,contrast_gpt4,DOL OFLC LCA disclosure data; https://www.dol.gov/agencies/eta/foreign-labor/performance
2024Q4,coforge,60.09339372661536,contrast_gpt4,DOL OFLC LCA disclosure data; https://www.dol.gov/agencies/eta/foreign-labor/performance
2024Q4,cognizant,55.436196699898176,contrast_gpt4,DOL OFLC LCA disclosure data; https://www.dol.gov/agencies/eta/foreign-labor/performance
2024Q4,hcltech,6.034267000405977,contrast_gpt4,DOL OFLC LCA disclosure data; https://www.dol.gov/agencies/eta/foreign-labor/performance
2024Q4,infosys,-13.19725760035782,contrast_gpt4,DOL OFLC LCA disclosure data; https://www.dol.gov/agencies/eta/foreign-labor/performance
2024Q4,ltim,-64.27537946907142,contrast_gpt4,DOL OFLC LCA disclosure data; https://www.dol.gov/agencies/eta/foreign-labor/performance
2024Q4,mphasis,-32.07683350143695,contrast_gpt4,DOL OFLC LCA disclosure data; https://www.dol.gov/agencies/eta/foreign-labor/performance
2024Q4,persistent,-77.61441001309132,contrast_gpt4,DOL OFLC LCA disclosure data; https://www.dol.gov/agencies/eta/foreign-labor/performance
2024Q4,tcs,-24.94522303498414,contrast_gpt4,DOL OFLC LCA disclosure data; https://www.dol.gov/agencies/eta/foreign-labor/performance
2024Q4,techm,-15.339707208183606,contrast_gpt4,DOL OFLC LCA disclosure data; https://www.dol.gov/agencies/eta/foreign-labor/performance
2024Q4,wipro,-8.21785230083345,contrast_gpt4,DOL OFLC LCA disclosure data; https://www.dol.gov/agencies/eta/foreign-labor/performance
2024Q4,pooled8,11.800674699754751,contrast_gpt4,DOL OFLC LCA disclosure data; https://www.dol.gov/agencies/eta/foreign-labor/performance
2024Q4,pooled_mid,-6.0285548973586,contrast_gpt4,DOL OFLC LCA disclosure data; https://www.dol.gov/agencies/eta/foreign-labor/performance
2025Q1,accenture,79.92193295108365,contrast_gpt4,DOL OFLC LCA disclosure data; https://www.dol.gov/agencies/eta/foreign-labor/performance
2025Q1,capgemini,-22.624284899871824,contrast_gpt4,DOL OFLC LCA disclosure data; https://www.dol.gov/agencies/eta/foreign-labor/performance
2025Q1,coforge,32.850406697203596,contrast_gpt4,DOL OFLC LCA disclosure data; https://www.dol.gov/agencies/eta/foreign-labor/performance
2025Q1,cognizant,50.08781209631222,contrast_gpt4,DOL OFLC LCA disclosure data; https://www.dol.gov/agencies/eta/foreign-labor/performance
2025Q1,hcltech,3.3578242083296317,contrast_gpt4,DOL OFLC LCA disclosure data; https://www.dol.gov/agencies/eta/foreign-labor/performance
2025Q1,hexaware,35.43734469504532,contrast_gpt4,DOL OFLC LCA disclosure data; https://www.dol.gov/agencies/eta/foreign-labor/performance
2025Q1,infosys,-19.340190174521883,contrast_gpt4,DOL OFLC LCA disclosure data; https://www.dol.gov/agencies/eta/foreign-labor/performance
2025Q1,ltim,-80.24752249922167,contrast_gpt4,DOL OFLC LCA disclosure data; https://www.dol.gov/agencies/eta/foreign-labor/performance
2025Q1,mphasis,-15.508221226536985,contrast_gpt4,DOL OFLC LCA disclosure data; https://www.dol.gov/agencies/eta/foreign-labor/performance
2025Q1,persistent,-42.54657748148338,contrast_gpt4,DOL OFLC LCA disclosure data; https://www.dol.gov/agencies/eta/foreign-labor/performance
2025Q1,tcs,-16.41653866502219,contrast_gpt4,DOL OFLC LCA disclosure data; https://www.dol.gov/agencies/eta/foreign-labor/performance
2025Q1,techm,-4.29091248259257,contrast_gpt4,DOL OFLC LCA disclosure data; https://www.dol.gov/agencies/eta/foreign-labor/performance
2025Q1,wipro,3.492157767097467,contrast_gpt4,DOL OFLC LCA disclosure data; https://www.dol.gov/agencies/eta/foreign-labor/performance
2025Q1,pooled8,2.0367841855499584,contrast_gpt4,DOL OFLC LCA disclosure data; https://www.dol.gov/agencies/eta/foreign-labor/performance
2025Q1,pooled_mid,-12.757558634816037,contrast_gpt4,DOL OFLC LCA disclosure data; https://www.dol.gov/agencies/eta/foreign-labor/performance
2025Q2,accenture,85.73499962975869,contrast_gpt4,DOL OFLC LCA disclosure data; https://www.dol.gov/agencies/eta/foreign-labor/performance
2025Q2,capgemini,-17.488163897988898,contrast_gpt4,DOL OFLC LCA disclosure data; https://www.dol.gov/agencies/eta/foreign-labor/performance
2025Q2,coforge,115.64971827434243,contrast_gpt4,DOL OFLC LCA disclosure data; https://www.dol.gov/agencies/eta/foreign-labor/performance
2025Q2,cognizant,77.83280875342079,contrast_gpt4,DOL OFLC LCA disclosure data; https://www.dol.gov/agencies/eta/foreign-labor/performance
2025Q2,hcltech,5.26293648393035,contrast_gpt4,DOL OFLC LCA disclosure data; https://www.dol.gov/agencies/eta/foreign-labor/performance
2025Q2,hexaware,3.146326945578511,contrast_gpt4,DOL OFLC LCA disclosure data; https://www.dol.gov/agencies/eta/foreign-labor/performance
2025Q2,infosys,-51.43720461919968,contrast_gpt4,DOL OFLC LCA disclosure data; https://www.dol.gov/agencies/eta/foreign-labor/performance
2025Q2,ltim,-64.16666277275661,contrast_gpt4,DOL OFLC LCA disclosure data; https://www.dol.gov/agencies/eta/foreign-labor/performance
2025Q2,mphasis,-9.626834020979217,contrast_gpt4,DOL OFLC LCA disclosure data; https://www.dol.gov/agencies/eta/foreign-labor/performance
2025Q2,persistent,115.32707012059738,contrast_gpt4,DOL OFLC LCA disclosure data; https://www.dol.gov/agencies/eta/foreign-labor/performance
2025Q2,tcs,7.591423435206362,contrast_gpt4,DOL OFLC LCA disclosure data; https://www.dol.gov/agencies/eta/foreign-labor/performance
2025Q2,techm,-0.7117467768864039,contrast_gpt4,DOL OFLC LCA disclosure data; https://www.dol.gov/agencies/eta/foreign-labor/performance
2025Q2,wipro,-8.972826027187235,contrast_gpt4,DOL OFLC LCA disclosure data; https://www.dol.gov/agencies/eta/foreign-labor/performance
2025Q2,pooled8,11.193481059907262,contrast_gpt4,DOL OFLC LCA disclosure data; https://www.dol.gov/agencies/eta/foreign-labor/performance
2025Q2,pooled_mid,-7.669403498087935,contrast_gpt4,DOL OFLC LCA disclosure data; https://www.dol.gov/agencies/eta/foreign-labor/performance
2025Q3,accenture,24.278462425262056,contrast_gpt4,DOL OFLC LCA disclosure data; https://www.dol.gov/agencies/eta/foreign-labor/performance
2025Q3,capgemini,-16.968836549609925,contrast_gpt4,DOL OFLC LCA disclosure data; https://www.dol.gov/agencies/eta/foreign-labor/performance
2025Q3,coforge,143.89608257526683,contrast_gpt4,DOL OFLC LCA disclosure data; https://www.dol.gov/agencies/eta/foreign-labor/performance
2025Q3,cognizant,69.31197453413536,contrast_gpt4,DOL OFLC LCA disclosure data; https://www.dol.gov/agencies/eta/foreign-labor/performance
2025Q3,hcltech,-3.387641639596545,contrast_gpt4,DOL OFLC LCA disclosure data; https://www.dol.gov/agencies/eta/foreign-labor/performance
2025Q3,infosys,-65.05412533741848,contrast_gpt4,DOL OFLC LCA disclosure data; https://www.dol.gov/agencies/eta/foreign-labor/performance
2025Q3,ltim,-72.32023114828648,contrast_gpt4,DOL OFLC LCA disclosure data; https://www.dol.gov/agencies/eta/foreign-labor/performance
2025Q3,mphasis,39.38534149696213,contrast_gpt4,DOL OFLC LCA disclosure data; https://www.dol.gov/agencies/eta/foreign-labor/performance
2025Q3,persistent,72.43455514158067,contrast_gpt4,DOL OFLC LCA disclosure data; https://www.dol.gov/agencies/eta/foreign-labor/performance
2025Q3,tcs,4.292012588997743,contrast_gpt4,DOL OFLC LCA disclosure data; https://www.dol.gov/agencies/eta/foreign-labor/performance
2025Q3,techm,14.86718886901287,contrast_gpt4,DOL OFLC LCA disclosure data; https://www.dol.gov/agencies/eta/foreign-labor/performance
2025Q3,wipro,-0.9399322630487461,contrast_gpt4,DOL OFLC LCA disclosure data; https://www.dol.gov/agencies/eta/foreign-labor/performance
2025Q3,pooled8,-4.903456772937787,contrast_gpt4,DOL OFLC LCA disclosure data; https://www.dol.gov/agencies/eta/foreign-labor/performance
2025Q3,pooled_mid,2.383974110749607,contrast_gpt4,DOL OFLC LCA disclosure data; https://www.dol.gov/agencies/eta/foreign-labor/performance
2025Q4,accenture,10.107089762517766,contrast_gpt4,DOL OFLC LCA disclosure data; https://www.dol.gov/agencies/eta/foreign-labor/performance
2025Q4,capgemini,-22.521755184099217,contrast_gpt4,DOL OFLC LCA disclosure data; https://www.dol.gov/agencies/eta/foreign-labor/performance
2025Q4,coforge,122.3418468401762,contrast_gpt4,DOL OFLC LCA disclosure data; https://www.dol.gov/agencies/eta/foreign-labor/performance
2025Q4,cognizant,56.38944307809958,contrast_gpt4,DOL OFLC LCA disclosure data; https://www.dol.gov/agencies/eta/foreign-labor/performance
2025Q4,hcltech,-15.014298632314457,contrast_gpt4,DOL OFLC LCA disclosure data; https://www.dol.gov/agencies/eta/foreign-labor/performance
2025Q4,infosys,-96.48750986080654,contrast_gpt4,DOL OFLC LCA disclosure data; https://www.dol.gov/agencies/eta/foreign-labor/performance
2025Q4,ltim,-75.27090320679378,contrast_gpt4,DOL OFLC LCA disclosure data; https://www.dol.gov/agencies/eta/foreign-labor/performance
2025Q4,mphasis,90.6420082516621,contrast_gpt4,DOL OFLC LCA disclosure data; https://www.dol.gov/agencies/eta/foreign-labor/performance
2025Q4,tcs,22.329260852761276,contrast_gpt4,DOL OFLC LCA disclosure data; https://www.dol.gov/agencies/eta/foreign-labor/performance
2025Q4,techm,17.39681358731113,contrast_gpt4,DOL OFLC LCA disclosure data; https://www.dol.gov/agencies/eta/foreign-labor/performance
2025Q4,wipro,-1.0805217790061867,contrast_gpt4,DOL OFLC LCA disclosure data; https://www.dol.gov/agencies/eta/foreign-labor/performance
2025Q4,pooled8,-11.385529024219684,contrast_gpt4,DOL OFLC LCA disclosure data; https://www.dol.gov/agencies/eta/foreign-labor/performance
2025Q4,pooled_mid,1.8729477449236205,contrast_gpt4,DOL OFLC LCA disclosure data; https://www.dol.gov/agencies/eta/foreign-labor/performance
2026Q1,accenture,-6.416961744987756,contrast_gpt4,DOL OFLC LCA disclosure data; https://www.dol.gov/agencies/eta/foreign-labor/performance
2026Q1,capgemini,-13.050427625951993,contrast_gpt4,DOL OFLC LCA disclosure data; https://www.dol.gov/agencies/eta/foreign-labor/performance
2026Q1,coforge,145.22523289116882,contrast_gpt4,DOL OFLC LCA disclosure data; https://www.dol.gov/agencies/eta/foreign-labor/performance
2026Q1,cognizant,58.64422300767162,contrast_gpt4,DOL OFLC LCA disclosure data; https://www.dol.gov/agencies/eta/foreign-labor/performance
2026Q1,hcltech,-26.574237549225707,contrast_gpt4,DOL OFLC LCA disclosure data; https://www.dol.gov/agencies/eta/foreign-labor/performance
2026Q1,infosys,-105.99636579102935,contrast_gpt4,DOL OFLC LCA disclosure data; https://www.dol.gov/agencies/eta/foreign-labor/performance
2026Q1,ltim,-68.97514936363592,contrast_gpt4,DOL OFLC LCA disclosure data; https://www.dol.gov/agencies/eta/foreign-labor/performance
2026Q1,mphasis,65.70901436287164,contrast_gpt4,DOL OFLC LCA disclosure data; https://www.dol.gov/agencies/eta/foreign-labor/performance
2026Q1,tcs,22.8091832395974,contrast_gpt4,DOL OFLC LCA disclosure data; https://www.dol.gov/agencies/eta/foreign-labor/performance
2026Q1,techm,18.58680540407594,contrast_gpt4,DOL OFLC LCA disclosure data; https://www.dol.gov/agencies/eta/foreign-labor/performance
2026Q1,wipro,-9.259278682782492,contrast_gpt4,DOL OFLC LCA disclosure data; https://www.dol.gov/agencies/eta/foreign-labor/performance
2026Q1,pooled8,-9.956344751938996,contrast_gpt4,DOL OFLC LCA disclosure data; https://www.dol.gov/agencies/eta/foreign-labor/performance
2026Q1,pooled_mid,8.905559295598588,contrast_gpt4,DOL OFLC LCA disclosure data; https://www.dol.gov/agencies/eta/foreign-labor/performance
2026Q2,accenture,-24.38918282140873,contrast_gpt4,DOL OFLC LCA disclosure data; https://www.dol.gov/agencies/eta/foreign-labor/performance
2026Q2,capgemini,9.536574649421258,contrast_gpt4,DOL OFLC LCA disclosure data; https://www.dol.gov/agencies/eta/foreign-labor/performance
2026Q2,coforge,55.126659332450146,contrast_gpt4,DOL OFLC LCA disclosure data; https://www.dol.gov/agencies/eta/foreign-labor/performance
2026Q2,cognizant,7.001928057580933,contrast_gpt4,DOL OFLC LCA disclosure data; https://www.dol.gov/agencies/eta/foreign-labor/performance
2026Q2,hcltech,-48.03468474739121,contrast_gpt4,DOL OFLC LCA disclosure data; https://www.dol.gov/agencies/eta/foreign-labor/performance
2026Q2,infosys,-56.75798015830055,contrast_gpt4,DOL OFLC LCA disclosure data; https://www.dol.gov/agencies/eta/foreign-labor/performance
2026Q2,ltim,12.378135470043183,contrast_gpt4,DOL OFLC LCA disclosure data; https://www.dol.gov/agencies/eta/foreign-labor/performance
2026Q2,mphasis,47.68634678661764,contrast_gpt4,DOL OFLC LCA disclosure data; https://www.dol.gov/agencies/eta/foreign-labor/performance
2026Q2,persistent,-74.40672709872022,contrast_gpt4,DOL OFLC LCA disclosure data; https://www.dol.gov/agencies/eta/foreign-labor/performance
2026Q2,tcs,39.30555718007929,contrast_gpt4,DOL OFLC LCA disclosure data; https://www.dol.gov/agencies/eta/foreign-labor/performance
2026Q2,techm,13.589648988682008,contrast_gpt4,DOL OFLC LCA disclosure data; https://www.dol.gov/agencies/eta/foreign-labor/performance
2026Q2,wipro,18.41839969200718,contrast_gpt4,DOL OFLC LCA disclosure data; https://www.dol.gov/agencies/eta/foreign-labor/performance
2026Q2,pooled8,-11.29219918784285,contrast_gpt4,DOL OFLC LCA disclosure data; https://www.dol.gov/agencies/eta/foreign-labor/performance
2026Q2,pooled_mid,18.043993804715576,contrast_gpt4,DOL OFLC LCA disclosure data; https://www.dol.gov/agencies/eta/foreign-labor/performance
2016Q3,accenture,-135.79389290188232,contrast_lmaioe,DOL OFLC LCA disclosure data; https://www.dol.gov/agencies/eta/foreign-labor/performance
2016Q3,capgemini,-7.24450447912286,contrast_lmaioe,DOL OFLC LCA disclosure data; https://www.dol.gov/agencies/eta/foreign-labor/performance
2016Q3,cognizant,-92.74759350378785,contrast_lmaioe,DOL OFLC LCA disclosure data; https://www.dol.gov/agencies/eta/foreign-labor/performance
2016Q3,hcltech,-22.64254708993192,contrast_lmaioe,DOL OFLC LCA disclosure data; https://www.dol.gov/agencies/eta/foreign-labor/performance
2016Q3,infosys,-10.920118425102292,contrast_lmaioe,DOL OFLC LCA disclosure data; https://www.dol.gov/agencies/eta/foreign-labor/performance
2016Q3,ltim,-78.74747517804121,contrast_lmaioe,DOL OFLC LCA disclosure data; https://www.dol.gov/agencies/eta/foreign-labor/performance
2016Q3,mphasis,-15.933203856925594,contrast_lmaioe,DOL OFLC LCA disclosure data; https://www.dol.gov/agencies/eta/foreign-labor/performance
2016Q3,tcs,35.51709568978999,contrast_lmaioe,DOL OFLC LCA disclosure data; https://www.dol.gov/agencies/eta/foreign-labor/performance
2016Q3,techm,-26.955369587846757,contrast_lmaioe,DOL OFLC LCA disclosure data; https://www.dol.gov/agencies/eta/foreign-labor/performance
2016Q3,wipro,-8.428852776767226,contrast_lmaioe,DOL OFLC LCA disclosure data; https://www.dol.gov/agencies/eta/foreign-labor/performance
2016Q3,pooled8,-17.120925101403714,contrast_lmaioe,DOL OFLC LCA disclosure data; https://www.dol.gov/agencies/eta/foreign-labor/performance
2016Q3,pooled_mid,-30.799744468024958,contrast_lmaioe,DOL OFLC LCA disclosure data; https://www.dol.gov/agencies/eta/foreign-labor/performance
2016Q4,accenture,-111.9682672280929,contrast_lmaioe,DOL OFLC LCA disclosure data; https://www.dol.gov/agencies/eta/foreign-labor/performance
2016Q4,capgemini,-1.8705945111624658,contrast_lmaioe,DOL OFLC LCA disclosure data; https://www.dol.gov/agencies/eta/foreign-labor/performance
2016Q4,cognizant,-151.00551759798324,contrast_lmaioe,DOL OFLC LCA disclosure data; https://www.dol.gov/agencies/eta/foreign-labor/performance
2016Q4,hcltech,-26.365048140706733,contrast_lmaioe,DOL OFLC LCA disclosure data; https://www.dol.gov/agencies/eta/foreign-labor/performance
2016Q4,infosys,6.959758150396379,contrast_lmaioe,DOL OFLC LCA disclosure data; https://www.dol.gov/agencies/eta/foreign-labor/performance
2016Q4,ltim,-58.474217511594055,contrast_lmaioe,DOL OFLC LCA disclosure data; https://www.dol.gov/agencies/eta/foreign-labor/performance
2016Q4,mphasis,-35.20543563684555,contrast_lmaioe,DOL OFLC LCA disclosure data; https://www.dol.gov/agencies/eta/foreign-labor/performance
2016Q4,tcs,27.804421443016388,contrast_lmaioe,DOL OFLC LCA disclosure data; https://www.dol.gov/agencies/eta/foreign-labor/performance
2016Q4,techm,-33.80326471027883,contrast_lmaioe,DOL OFLC LCA disclosure data; https://www.dol.gov/agencies/eta/foreign-labor/performance
2016Q4,wipro,-10.676266952454112,contrast_lmaioe,DOL OFLC LCA disclosure data; https://www.dol.gov/agencies/eta/foreign-labor/performance
2016Q4,pooled8,-8.279236447193096,contrast_lmaioe,DOL OFLC LCA disclosure data; https://www.dol.gov/agencies/eta/foreign-labor/performance
2016Q4,pooled_mid,-29.755715816216032,contrast_lmaioe,DOL OFLC LCA disclosure data; https://www.dol.gov/agencies/eta/foreign-labor/performance
2017Q1,accenture,8.874436624660214,contrast_lmaioe,DOL OFLC LCA disclosure data; https://www.dol.gov/agencies/eta/foreign-labor/performance
2017Q1,capgemini,-3.716724153856518,contrast_lmaioe,DOL OFLC LCA disclosure data; https://www.dol.gov/agencies/eta/foreign-labor/performance
2017Q1,cognizant,-40.33760980209681,contrast_lmaioe,DOL OFLC LCA disclosure data; https://www.dol.gov/agencies/eta/foreign-labor/performance
2017Q1,hcltech,11.723069400450271,contrast_lmaioe,DOL OFLC LCA disclosure data; https://www.dol.gov/agencies/eta/foreign-labor/performance
2017Q1,infosys,-33.12279841787287,contrast_lmaioe,DOL OFLC LCA disclosure data; https://www.dol.gov/agencies/eta/foreign-labor/performance
2017Q1,ltim,103.83727299978098,contrast_lmaioe,DOL OFLC LCA disclosure data; https://www.dol.gov/agencies/eta/foreign-labor/performance
2017Q1,mphasis,-19.025465795291463,contrast_lmaioe,DOL OFLC LCA disclosure data; https://www.dol.gov/agencies/eta/foreign-labor/performance
2017Q1,tcs,-11.804865572050332,contrast_lmaioe,DOL OFLC LCA disclosure data; https://www.dol.gov/agencies/eta/foreign-labor/performance
2017Q1,techm,6.578071831399064,contrast_lmaioe,DOL OFLC LCA disclosure data; https://www.dol.gov/agencies/eta/foreign-labor/performance
2017Q1,wipro,-15.462006138222762,contrast_lmaioe,DOL OFLC LCA disclosure data; https://www.dol.gov/agencies/eta/foreign-labor/performance
2017Q1,pooled8,5.278803248770291,contrast_lmaioe,DOL OFLC LCA disclosure data; https://www.dol.gov/agencies/eta/foreign-labor/performance
2017Q1,pooled_mid,-35.313693683819004,contrast_lmaioe,DOL OFLC LCA disclosure data; https://www.dol.gov/agencies/eta/foreign-labor/performance
2017Q2,accenture,-8.848752335835089,contrast_lmaioe,DOL OFLC LCA disclosure data; https://www.dol.gov/agencies/eta/foreign-labor/performance
2017Q2,capgemini,2.9181074587176994,contrast_lmaioe,DOL OFLC LCA disclosure data; https://www.dol.gov/agencies/eta/foreign-labor/performance
2017Q2,cognizant,-67.0248735499269,contrast_lmaioe,DOL OFLC LCA disclosure data; https://www.dol.gov/agencies/eta/foreign-labor/performance
2017Q2,hcltech,12.30613946119307,contrast_lmaioe,DOL OFLC LCA disclosure data; https://www.dol.gov/agencies/eta/foreign-labor/performance
2017Q2,infosys,-24.348232611342265,contrast_lmaioe,DOL OFLC LCA disclosure data; https://www.dol.gov/agencies/eta/foreign-labor/performance
2017Q2,ltim,87.51240088242005,contrast_lmaioe,DOL OFLC LCA disclosure data; https://www.dol.gov/agencies/eta/foreign-labor/performance
2017Q2,mphasis,-31.01549283038395,contrast_lmaioe,DOL OFLC LCA disclosure data; https://www.dol.gov/agencies/eta/foreign-labor/performance
2017Q2,tcs,-3.6124100845208797,contrast_lmaioe,DOL OFLC LCA disclosure data; https://www.dol.gov/agencies/eta/foreign-labor/performance
2017Q2,techm,-0.953959001908977,contrast_lmaioe,DOL OFLC LCA disclosure data; https://www.dol.gov/agencies/eta/foreign-labor/performance
2017Q2,wipro,13.332915810377187,contrast_lmaioe,DOL OFLC LCA disclosure data; https://www.dol.gov/agencies/eta/foreign-labor/performance
2017Q2,pooled8,10.688172367951768,contrast_lmaioe,DOL OFLC LCA disclosure data; https://www.dol.gov/agencies/eta/foreign-labor/performance
2017Q2,pooled_mid,-29.008137217483117,contrast_lmaioe,DOL OFLC LCA disclosure data; https://www.dol.gov/agencies/eta/foreign-labor/performance
2017Q3,accenture,20.029967295166983,contrast_lmaioe,DOL OFLC LCA disclosure data; https://www.dol.gov/agencies/eta/foreign-labor/performance
2017Q3,capgemini,59.776871573391354,contrast_lmaioe,DOL OFLC LCA disclosure data; https://www.dol.gov/agencies/eta/foreign-labor/performance
2017Q3,cognizant,-57.0242760255934,contrast_lmaioe,DOL OFLC LCA disclosure data; https://www.dol.gov/agencies/eta/foreign-labor/performance
2017Q3,hcltech,14.02089012107702,contrast_lmaioe,DOL OFLC LCA disclosure data; https://www.dol.gov/agencies/eta/foreign-labor/performance
2017Q3,infosys,-25.26287977966564,contrast_lmaioe,DOL OFLC LCA disclosure data; https://www.dol.gov/agencies/eta/foreign-labor/performance
2017Q3,ltim,70.25588576823658,contrast_lmaioe,DOL OFLC LCA disclosure data; https://www.dol.gov/agencies/eta/foreign-labor/performance
2017Q3,mphasis,-1.8746042821055404,contrast_lmaioe,DOL OFLC LCA disclosure data; https://www.dol.gov/agencies/eta/foreign-labor/performance
2017Q3,tcs,1.22454732980039,contrast_lmaioe,DOL OFLC LCA disclosure data; https://www.dol.gov/agencies/eta/foreign-labor/performance
2017Q3,techm,2.6211551914944975,contrast_lmaioe,DOL OFLC LCA disclosure data; https://www.dol.gov/agencies/eta/foreign-labor/performance
2017Q3,wipro,8.410488315620725,contrast_lmaioe,DOL OFLC LCA disclosure data; https://www.dol.gov/agencies/eta/foreign-labor/performance
2017Q3,pooled8,9.485065555574614,contrast_lmaioe,DOL OFLC LCA disclosure data; https://www.dol.gov/agencies/eta/foreign-labor/performance
2017Q3,pooled_mid,62.5714509304806,contrast_lmaioe,DOL OFLC LCA disclosure data; https://www.dol.gov/agencies/eta/foreign-labor/performance
2017Q4,accenture,12.370857175216017,contrast_lmaioe,DOL OFLC LCA disclosure data; https://www.dol.gov/agencies/eta/foreign-labor/performance
2017Q4,capgemini,102.32333566252655,contrast_lmaioe,DOL OFLC LCA disclosure data; https://www.dol.gov/agencies/eta/foreign-labor/performance
2017Q4,cognizant,-49.10019436166222,contrast_lmaioe,DOL OFLC LCA disclosure data; https://www.dol.gov/agencies/eta/foreign-labor/performance
2017Q4,hcltech,15.757393586498772,contrast_lmaioe,DOL OFLC LCA disclosure data; https://www.dol.gov/agencies/eta/foreign-labor/performance
2017Q4,infosys,-45.738503215155305,contrast_lmaioe,DOL OFLC LCA disclosure data; https://www.dol.gov/agencies/eta/foreign-labor/performance
2017Q4,ltim,56.528974918912525,contrast_lmaioe,DOL OFLC LCA disclosure data; https://www.dol.gov/agencies/eta/foreign-labor/performance
2017Q4,mphasis,35.86073116897863,contrast_lmaioe,DOL OFLC LCA disclosure data; https://www.dol.gov/agencies/eta/foreign-labor/performance
2017Q4,persistent,-236.12926938208236,contrast_lmaioe,DOL OFLC LCA disclosure data; https://www.dol.gov/agencies/eta/foreign-labor/performance
2017Q4,tcs,18.211508843449728,contrast_lmaioe,DOL OFLC LCA disclosure data; https://www.dol.gov/agencies/eta/foreign-labor/performance
2017Q4,techm,8.630828873501105,contrast_lmaioe,DOL OFLC LCA disclosure data; https://www.dol.gov/agencies/eta/foreign-labor/performance
2017Q4,wipro,12.436130871532242,contrast_lmaioe,DOL OFLC LCA disclosure data; https://www.dol.gov/agencies/eta/foreign-labor/performance
2017Q4,pooled8,1.1157073986603017,contrast_lmaioe,DOL OFLC LCA disclosure data; https://www.dol.gov/agencies/eta/foreign-labor/performance
2017Q4,pooled_mid,102.07837162950982,contrast_lmaioe,DOL OFLC LCA disclosure data; https://www.dol.gov/agencies/eta/foreign-labor/performance
2018Q1,accenture,2.191079494733202,contrast_lmaioe,DOL OFLC LCA disclosure data; https://www.dol.gov/agencies/eta/foreign-labor/performance
2018Q1,capgemini,87.73054180933363,contrast_lmaioe,DOL OFLC LCA disclosure data; https://www.dol.gov/agencies/eta/foreign-labor/performance
2018Q1,cognizant,17.230541700998103,contrast_lmaioe,DOL OFLC LCA disclosure data; https://www.dol.gov/agencies/eta/foreign-labor/performance
2018Q1,hcltech,-4.539945789911265,contrast_lmaioe,DOL OFLC LCA disclosure data; https://www.dol.gov/agencies/eta/foreign-labor/performance
2018Q1,infosys,1.1727681886160326,contrast_lmaioe,DOL OFLC LCA disclosure data; https://www.dol.gov/agencies/eta/foreign-labor/performance
2018Q1,ltim,-130.68998980365583,contrast_lmaioe,DOL OFLC LCA disclosure data; https://www.dol.gov/agencies/eta/foreign-labor/performance
2018Q1,mphasis,10.251960465622247,contrast_lmaioe,DOL OFLC LCA disclosure data; https://www.dol.gov/agencies/eta/foreign-labor/performance
2018Q1,persistent,-62.493893053341175,contrast_lmaioe,DOL OFLC LCA disclosure data; https://www.dol.gov/agencies/eta/foreign-labor/performance
2018Q1,tcs,18.450675565642648,contrast_lmaioe,DOL OFLC LCA disclosure data; https://www.dol.gov/agencies/eta/foreign-labor/performance
2018Q1,techm,0.9732670287473617,contrast_lmaioe,DOL OFLC LCA disclosure data; https://www.dol.gov/agencies/eta/foreign-labor/performance
2018Q1,wipro,-6.733827759467189,contrast_lmaioe,DOL OFLC LCA disclosure data; https://www.dol.gov/agencies/eta/foreign-labor/performance
2018Q1,pooled8,-1.5538047480733423,contrast_lmaioe,DOL OFLC LCA disclosure data; https://www.dol.gov/agencies/eta/foreign-labor/performance
2018Q1,pooled_mid,89.65027129818799,contrast_lmaioe,DOL OFLC LCA disclosure data; https://www.dol.gov/agencies/eta/foreign-labor/performance
2018Q2,accenture,-1.0269267156860806,contrast_lmaioe,DOL OFLC LCA disclosure data; https://www.dol.gov/agencies/eta/foreign-labor/performance
2018Q2,capgemini,94.85214170752913,contrast_lmaioe,DOL OFLC LCA disclosure data; https://www.dol.gov/agencies/eta/foreign-labor/performance
2018Q2,cognizant,52.32599079988954,contrast_lmaioe,DOL OFLC LCA disclosure data; https://www.dol.gov/agencies/eta/foreign-labor/performance
2018Q2,hcltech,6.427018454202624,contrast_lmaioe,DOL OFLC LCA disclosure data; https://www.dol.gov/agencies/eta/foreign-labor/performance
2018Q2,infosys,-2.805720466778695,contrast_lmaioe,DOL OFLC LCA disclosure data; https://www.dol.gov/agencies/eta/foreign-labor/performance
2018Q2,ltim,-78.56330696025084,contrast_lmaioe,DOL OFLC LCA disclosure data; https://www.dol.gov/agencies/eta/foreign-labor/performance
2018Q2,mphasis,-20.067069546215116,contrast_lmaioe,DOL OFLC LCA disclosure data; https://www.dol.gov/agencies/eta/foreign-labor/performance
2018Q2,persistent,-42.13940846017652,contrast_lmaioe,DOL OFLC LCA disclosure data; https://www.dol.gov/agencies/eta/foreign-labor/performance
2018Q2,tcs,0.2199132137179589,contrast_lmaioe,DOL OFLC LCA disclosure data; https://www.dol.gov/agencies/eta/foreign-labor/performance
2018Q2,techm,1.2959901181174391,contrast_lmaioe,DOL OFLC LCA disclosure data; https://www.dol.gov/agencies/eta/foreign-labor/performance
2018Q2,wipro,-31.104448965294832,contrast_lmaioe,DOL OFLC LCA disclosure data; https://www.dol.gov/agencies/eta/foreign-labor/performance
2018Q2,pooled8,-5.524454833731998,contrast_lmaioe,DOL OFLC LCA disclosure data; https://www.dol.gov/agencies/eta/foreign-labor/performance
2018Q2,pooled_mid,91.0746465383237,contrast_lmaioe,DOL OFLC LCA disclosure data; https://www.dol.gov/agencies/eta/foreign-labor/performance
2018Q3,accenture,-26.923111625343722,contrast_lmaioe,DOL OFLC LCA disclosure data; https://www.dol.gov/agencies/eta/foreign-labor/performance
2018Q3,capgemini,31.685046217589615,contrast_lmaioe,DOL OFLC LCA disclosure data; https://www.dol.gov/agencies/eta/foreign-labor/performance
2018Q3,cognizant,112.07538840635445,contrast_lmaioe,DOL OFLC LCA disclosure data; https://www.dol.gov/agencies/eta/foreign-labor/performance
2018Q3,hcltech,3.2195356101564343,contrast_lmaioe,DOL OFLC LCA disclosure data; https://www.dol.gov/agencies/eta/foreign-labor/performance
2018Q3,infosys,11.648715498466537,contrast_lmaioe,DOL OFLC LCA disclosure data; https://www.dol.gov/agencies/eta/foreign-labor/performance
2018Q3,ltim,-65.77998115858374,contrast_lmaioe,DOL OFLC LCA disclosure data; https://www.dol.gov/agencies/eta/foreign-labor/performance
2018Q3,mphasis,-43.381067282095955,contrast_lmaioe,DOL OFLC LCA disclosure data; https://www.dol.gov/agencies/eta/foreign-labor/performance
2018Q3,persistent,-26.058014267398974,contrast_lmaioe,DOL OFLC LCA disclosure data; https://www.dol.gov/agencies/eta/foreign-labor/performance
2018Q3,tcs,-7.13508587496424,contrast_lmaioe,DOL OFLC LCA disclosure data; https://www.dol.gov/agencies/eta/foreign-labor/performance
2018Q3,techm,10.494856920503873,contrast_lmaioe,DOL OFLC LCA disclosure data; https://www.dol.gov/agencies/eta/foreign-labor/performance
2018Q3,wipro,-14.592081374016411,contrast_lmaioe,DOL OFLC LCA disclosure data; https://www.dol.gov/agencies/eta/foreign-labor/performance
2018Q3,pooled8,15.046718244421903,contrast_lmaioe,DOL OFLC LCA disclosure data; https://www.dol.gov/agencies/eta/foreign-labor/performance
2018Q3,pooled_mid,17.123940455361073,contrast_lmaioe,DOL OFLC LCA disclosure data; https://www.dol.gov/agencies/eta/foreign-labor/performance
2018Q4,accenture,27.896300713128856,contrast_lmaioe,DOL OFLC LCA disclosure data; https://www.dol.gov/agencies/eta/foreign-labor/performance
2018Q4,capgemini,6.4480501352808375,contrast_lmaioe,DOL OFLC LCA disclosure data; https://www.dol.gov/agencies/eta/foreign-labor/performance
2018Q4,cognizant,158.9115852010275,contrast_lmaioe,DOL OFLC LCA disclosure data; https://www.dol.gov/agencies/eta/foreign-labor/performance
2018Q4,hcltech,-1.050491272052973,contrast_lmaioe,DOL OFLC LCA disclosure data; https://www.dol.gov/agencies/eta/foreign-labor/performance
2018Q4,infosys,25.620845310022716,contrast_lmaioe,DOL OFLC LCA disclosure data; https://www.dol.gov/agencies/eta/foreign-labor/performance
2018Q4,ltim,-55.56143703332737,contrast_lmaioe,DOL OFLC LCA disclosure data; https://www.dol.gov/agencies/eta/foreign-labor/performance
2018Q4,mphasis,-73.26562235645717,contrast_lmaioe,DOL OFLC LCA disclosure data; https://www.dol.gov/agencies/eta/foreign-labor/performance
2018Q4,persistent,-37.50818408585272,contrast_lmaioe,DOL OFLC LCA disclosure data; https://www.dol.gov/agencies/eta/foreign-labor/performance
2018Q4,tcs,-23.52508202937355,contrast_lmaioe,DOL OFLC LCA disclosure data; https://www.dol.gov/agencies/eta/foreign-labor/performance
2018Q4,techm,6.784754651536595,contrast_lmaioe,DOL OFLC LCA disclosure data; https://www.dol.gov/agencies/eta/foreign-labor/performance
2018Q4,wipro,-7.072714304601743,contrast_lmaioe,DOL OFLC LCA disclosure data; https://www.dol.gov/agencies/eta/foreign-labor/performance
2018Q4,pooled8,35.65963816782672,contrast_lmaioe,DOL OFLC LCA disclosure data; https://www.dol.gov/agencies/eta/foreign-labor/performance
2018Q4,pooled_mid,-12.782184683363205,contrast_lmaioe,DOL OFLC LCA disclosure data; https://www.dol.gov/agencies/eta/foreign-labor/performance
2019Q1,accenture,19.018148231305254,contrast_lmaioe,DOL OFLC LCA disclosure data; https://www.dol.gov/agencies/eta/foreign-labor/performance
2019Q1,capgemini,12.974386085035778,contrast_lmaioe,DOL OFLC LCA disclosure data; https://www.dol.gov/agencies/eta/foreign-labor/performance
2019Q1,cognizant,122.09478592335529,contrast_lmaioe,DOL OFLC LCA disclosure data; https://www.dol.gov/agencies/eta/foreign-labor/performance
2019Q1,hcltech,-15.996988928619047,contrast_lmaioe,DOL OFLC LCA disclosure data; https://www.dol.gov/agencies/eta/foreign-labor/performance
2019Q1,hexaware,-231.28767790305935,contrast_lmaioe,DOL OFLC LCA disclosure data; https://www.dol.gov/agencies/eta/foreign-labor/performance
2019Q1,infosys,-32.52750838661919,contrast_lmaioe,DOL OFLC LCA disclosure data; https://www.dol.gov/agencies/eta/foreign-labor/performance
2019Q1,ltim,80.70169828091544,contrast_lmaioe,DOL OFLC LCA disclosure data; https://www.dol.gov/agencies/eta/foreign-labor/performance
2019Q1,mphasis,-136.49031711385732,contrast_lmaioe,DOL OFLC LCA disclosure data; https://www.dol.gov/agencies/eta/foreign-labor/performance
2019Q1,persistent,188.60701486992963,contrast_lmaioe,DOL OFLC LCA disclosure data; https://www.dol.gov/agencies/eta/foreign-labor/performance
2019Q1,tcs,3.55080267464454,contrast_lmaioe,DOL OFLC LCA disclosure data; https://www.dol.gov/agencies/eta/foreign-labor/performance
2019Q1,techm,3.145775237732387,contrast_lmaioe,DOL OFLC LCA disclosure data; https://www.dol.gov/agencies/eta/foreign-labor/performance
2019Q1,wipro,63.4617964586218,contrast_lmaioe,DOL OFLC LCA disclosure data; https://www.dol.gov/agencies/eta/foreign-labor/performance
2019Q1,pooled8,52.64546406034731,contrast_lmaioe,DOL OFLC LCA disclosure data; https://www.dol.gov/agencies/eta/foreign-labor/performance
2019Q1,pooled_mid,-6.955460651845601,contrast_lmaioe,DOL OFLC LCA disclosure data; https://www.dol.gov/agencies/eta/foreign-labor/performance
2019Q2,accenture,45.5193212005573,contrast_lmaioe,DOL OFLC LCA disclosure data; https://www.dol.gov/agencies/eta/foreign-labor/performance
2019Q2,capgemini,-0.29638014779771993,contrast_lmaioe,DOL OFLC LCA disclosure data; https://www.dol.gov/agencies/eta/foreign-labor/performance
2019Q2,cognizant,129.30336043027893,contrast_lmaioe,DOL OFLC LCA disclosure data; https://www.dol.gov/agencies/eta/foreign-labor/performance
2019Q2,hcltech,-23.74663974811692,contrast_lmaioe,DOL OFLC LCA disclosure data; https://www.dol.gov/agencies/eta/foreign-labor/performance
2019Q2,hexaware,-221.83670139100286,contrast_lmaioe,DOL OFLC LCA disclosure data; https://www.dol.gov/agencies/eta/foreign-labor/performance
2019Q2,infosys,-30.558488857343562,contrast_lmaioe,DOL OFLC LCA disclosure data; https://www.dol.gov/agencies/eta/foreign-labor/performance
2019Q2,ltim,54.10491870504292,contrast_lmaioe,DOL OFLC LCA disclosure data; https://www.dol.gov/agencies/eta/foreign-labor/performance
2019Q2,mphasis,-109.86122886681098,contrast_lmaioe,DOL OFLC LCA disclosure data; https://www.dol.gov/agencies/eta/foreign-labor/performance
2019Q2,persistent,161.29001201625715,contrast_lmaioe,DOL OFLC LCA disclosure data; https://www.dol.gov/agencies/eta/foreign-labor/performance
2019Q2,tcs,14.613830063270813,contrast_lmaioe,DOL OFLC LCA disclosure data; https://www.dol.gov/agencies/eta/foreign-labor/performance
2019Q2,techm,0.8494781115610337,contrast_lmaioe,DOL OFLC LCA disclosure data; https://www.dol.gov/agencies/eta/foreign-labor/performance
2019Q2,wipro,95.38491447666438,contrast_lmaioe,DOL OFLC LCA disclosure data; https://www.dol.gov/agencies/eta/foreign-labor/performance
2019Q2,pooled8,70.92741892129865,contrast_lmaioe,DOL OFLC LCA disclosure data; https://www.dol.gov/agencies/eta/foreign-labor/performance
2019Q2,pooled_mid,-16.041150483823483,contrast_lmaioe,DOL OFLC LCA disclosure data; https://www.dol.gov/agencies/eta/foreign-labor/performance
2019Q3,accenture,80.62706444595362,contrast_lmaioe,DOL OFLC LCA disclosure data; https://www.dol.gov/agencies/eta/foreign-labor/performance
2019Q3,capgemini,26.388833310686387,contrast_lmaioe,DOL OFLC LCA disclosure data; https://www.dol.gov/agencies/eta/foreign-labor/performance
2019Q3,cognizant,57.33005117063419,contrast_lmaioe,DOL OFLC LCA disclosure data; https://www.dol.gov/agencies/eta/foreign-labor/performance
2019Q3,hcltech,-23.033837760554263,contrast_lmaioe,DOL OFLC LCA disclosure data; https://www.dol.gov/agencies/eta/foreign-labor/performance
2019Q3,hexaware,-26.570316573300563,contrast_lmaioe,DOL OFLC LCA disclosure data; https://www.dol.gov/agencies/eta/foreign-labor/performance
2019Q3,infosys,-40.91931481899007,contrast_lmaioe,DOL OFLC LCA disclosure data; https://www.dol.gov/agencies/eta/foreign-labor/performance
2019Q3,ltim,38.872292696509085,contrast_lmaioe,DOL OFLC LCA disclosure data; https://www.dol.gov/agencies/eta/foreign-labor/performance
2019Q3,mphasis,-108.7888325305134,contrast_lmaioe,DOL OFLC LCA disclosure data; https://www.dol.gov/agencies/eta/foreign-labor/performance
2019Q3,persistent,45.24711504840951,contrast_lmaioe,DOL OFLC LCA disclosure data; https://www.dol.gov/agencies/eta/foreign-labor/performance
2019Q3,tcs,16.358962115086698,contrast_lmaioe,DOL OFLC LCA disclosure data; https://www.dol.gov/agencies/eta/foreign-labor/performance
2019Q3,techm,-8.89287676246731,contrast_lmaioe,DOL OFLC LCA disclosure data; https://www.dol.gov/agencies/eta/foreign-labor/performance
2019Q3,wipro,110.76409013267607,contrast_lmaioe,DOL OFLC LCA disclosure data; https://www.dol.gov/agencies/eta/foreign-labor/performance
2019Q3,pooled8,48.97531069841526,contrast_lmaioe,DOL OFLC LCA disclosure data; https://www.dol.gov/agencies/eta/foreign-labor/performance
2019Q3,pooled_mid,8.094321024695098,contrast_lmaioe,DOL OFLC LCA disclosure data; https://www.dol.gov/agencies/eta/foreign-labor/performance
2019Q4,accenture,26.624007849758186,contrast_lmaioe,DOL OFLC LCA disclosure data; https://www.dol.gov/agencies/eta/foreign-labor/performance
2019Q4,capgemini,17.43129902502097,contrast_lmaioe,DOL OFLC LCA disclosure data; https://www.dol.gov/agencies/eta/foreign-labor/performance
2019Q4,cognizant,-15.12713072439837,contrast_lmaioe,DOL OFLC LCA disclosure data; https://www.dol.gov/agencies/eta/foreign-labor/performance
2019Q4,hcltech,-15.842459845638572,contrast_lmaioe,DOL OFLC LCA disclosure data; https://www.dol.gov/agencies/eta/foreign-labor/performance
2019Q4,hexaware,46.328467899699056,contrast_lmaioe,DOL OFLC LCA disclosure data; https://www.dol.gov/agencies/eta/foreign-labor/performance
2019Q4,infosys,-39.870219361590934,contrast_lmaioe,DOL OFLC LCA disclosure data; https://www.dol.gov/agencies/eta/foreign-labor/performance
2019Q4,ltim,25.811536149223226,contrast_lmaioe,DOL OFLC LCA disclosure data; https://www.dol.gov/agencies/eta/foreign-labor/performance
2019Q4,mphasis,-91.56844875391278,contrast_lmaioe,DOL OFLC LCA disclosure data; https://www.dol.gov/agencies/eta/foreign-labor/performance
2019Q4,persistent,16.513980140285355,contrast_lmaioe,DOL OFLC LCA disclosure data; https://www.dol.gov/agencies/eta/foreign-labor/performance
2019Q4,tcs,27.302241830894964,contrast_lmaioe,DOL OFLC LCA disclosure data; https://www.dol.gov/agencies/eta/foreign-labor/performance
2019Q4,techm,-7.275080828917446,contrast_lmaioe,DOL OFLC LCA disclosure data; https://www.dol.gov/agencies/eta/foreign-labor/performance
2019Q4,wipro,117.52496406659313,contrast_lmaioe,DOL OFLC LCA disclosure data; https://www.dol.gov/agencies/eta/foreign-labor/performance
2019Q4,pooled8,32.80022988465895,contrast_lmaioe,DOL OFLC LCA disclosure data; https://www.dol.gov/agencies/eta/foreign-labor/performance
2019Q4,pooled_mid,3.782997983596843,contrast_lmaioe,DOL OFLC LCA disclosure data; https://www.dol.gov/agencies/eta/foreign-labor/performance
2020Q1,accenture,76.83055228269484,contrast_lmaioe,DOL OFLC LCA disclosure data; https://www.dol.gov/agencies/eta/foreign-labor/performance
2020Q1,capgemini,3.090918187401158,contrast_lmaioe,DOL OFLC LCA disclosure data; https://www.dol.gov/agencies/eta/foreign-labor/performance
2020Q1,cognizant,-93.21121122654051,contrast_lmaioe,DOL OFLC LCA disclosure data; https://www.dol.gov/agencies/eta/foreign-labor/performance
2020Q1,hcltech,34.03438121133218,contrast_lmaioe,DOL OFLC LCA disclosure data; https://www.dol.gov/agencies/eta/foreign-labor/performance
2020Q1,hexaware,166.96567724271551,contrast_lmaioe,DOL OFLC LCA disclosure data; https://www.dol.gov/agencies/eta/foreign-labor/performance
2020Q1,infosys,54.94855830670633,contrast_lmaioe,DOL OFLC LCA disclosure data; https://www.dol.gov/agencies/eta/foreign-labor/performance
2020Q1,ltim,-13.878841137899151,contrast_lmaioe,DOL OFLC LCA disclosure data; https://www.dol.gov/agencies/eta/foreign-labor/performance
2020Q1,mphasis,17.43533871447778,contrast_lmaioe,DOL OFLC LCA disclosure data; https://www.dol.gov/agencies/eta/foreign-labor/performance
2020Q1,persistent,-167.84307839210518,contrast_lmaioe,DOL OFLC LCA disclosure data; https://www.dol.gov/agencies/eta/foreign-labor/performance
2020Q1,tcs,30.727380502477324,contrast_lmaioe,DOL OFLC LCA disclosure data; https://www.dol.gov/agencies/eta/foreign-labor/performance
2020Q1,techm,-35.66214236411467,contrast_lmaioe,DOL OFLC LCA disclosure data; https://www.dol.gov/agencies/eta/foreign-labor/performance
2020Q1,wipro,141.6858036186887,contrast_lmaioe,DOL OFLC LCA disclosure data; https://www.dol.gov/agencies/eta/foreign-labor/performance
2020Q1,pooled8,37.60029141495154,contrast_lmaioe,DOL OFLC LCA disclosure data; https://www.dol.gov/agencies/eta/foreign-labor/performance
2020Q1,pooled_mid,2.521287068423028,contrast_lmaioe,DOL OFLC LCA disclosure data; https://www.dol.gov/agencies/eta/foreign-labor/performance
2020Q2,accenture,6.366632751545927,contrast_lmaioe,DOL OFLC LCA disclosure data; https://www.dol.gov/agencies/eta/foreign-labor/performance
2020Q2,capgemini,62.76816495909623,contrast_lmaioe,DOL OFLC LCA disclosure data; https://www.dol.gov/agencies/eta/foreign-labor/performance
2020Q2,cognizant,-172.73567063713176,contrast_lmaioe,DOL OFLC LCA disclosure data; https://www.dol.gov/agencies/eta/foreign-labor/performance
2020Q2,hcltech,44.37420031479368,contrast_lmaioe,DOL OFLC LCA disclosure data; https://www.dol.gov/agencies/eta/foreign-labor/performance
2020Q2,hexaware,210.78794770003694,contrast_lmaioe,DOL OFLC LCA disclosure data; https://www.dol.gov/agencies/eta/foreign-labor/performance
2020Q2,infosys,-29.145992433130772,contrast_lmaioe,DOL OFLC LCA disclosure data; https://www.dol.gov/agencies/eta/foreign-labor/performance
2020Q2,ltim,9.618861429544154,contrast_lmaioe,DOL OFLC LCA disclosure data; https://www.dol.gov/agencies/eta/foreign-labor/performance
2020Q2,mphasis,52.609309589677906,contrast_lmaioe,DOL OFLC LCA disclosure data; https://www.dol.gov/agencies/eta/foreign-labor/performance
2020Q2,persistent,-321.08436531709367,contrast_lmaioe,DOL OFLC LCA disclosure data; https://www.dol.gov/agencies/eta/foreign-labor/performance
2020Q2,tcs,41.75228839698024,contrast_lmaioe,DOL OFLC LCA disclosure data; https://www.dol.gov/agencies/eta/foreign-labor/performance
2020Q2,techm,-26.520086094984073,contrast_lmaioe,DOL OFLC LCA disclosure data; https://www.dol.gov/agencies/eta/foreign-labor/performance
2020Q2,wipro,76.85891920509748,contrast_lmaioe,DOL OFLC LCA disclosure data; https://www.dol.gov/agencies/eta/foreign-labor/performance
2020Q2,pooled8,-30.785844682994732,contrast_lmaioe,DOL OFLC LCA disclosure data; https://www.dol.gov/agencies/eta/foreign-labor/performance
2020Q2,pooled_mid,47.94200264555219,contrast_lmaioe,DOL OFLC LCA disclosure data; https://www.dol.gov/agencies/eta/foreign-labor/performance
2020Q3,accenture,-5.214426987081101,contrast_lmaioe,DOL OFLC LCA disclosure data; https://www.dol.gov/agencies/eta/foreign-labor/performance
2020Q3,capgemini,41.55000312816536,contrast_lmaioe,DOL OFLC LCA disclosure data; https://www.dol.gov/agencies/eta/foreign-labor/performance
2020Q3,cognizant,-140.20686886194534,contrast_lmaioe,DOL OFLC LCA disclosure data; https://www.dol.gov/agencies/eta/foreign-labor/performance
2020Q3,hcltech,57.1140997564604,contrast_lmaioe,DOL OFLC LCA disclosure data; https://www.dol.gov/agencies/eta/foreign-labor/performance
2020Q3,hexaware,143.1454757238744,contrast_lmaioe,DOL OFLC LCA disclosure data; https://www.dol.gov/agencies/eta/foreign-labor/performance
2020Q3,infosys,-61.30269173947324,contrast_lmaioe,DOL OFLC LCA disclosure data; https://www.dol.gov/agencies/eta/foreign-labor/performance
2020Q3,ltim,33.72568580816308,contrast_lmaioe,DOL OFLC LCA disclosure data; https://www.dol.gov/agencies/eta/foreign-labor/performance
2020Q3,mphasis,105.65268701010825,contrast_lmaioe,DOL OFLC LCA disclosure data; https://www.dol.gov/agencies/eta/foreign-labor/performance
2020Q3,persistent,-179.1759469228055,contrast_lmaioe,DOL OFLC LCA disclosure data; https://www.dol.gov/agencies/eta/foreign-labor/performance
2020Q3,tcs,40.35233174077504,contrast_lmaioe,DOL OFLC LCA disclosure data; https://www.dol.gov/agencies/eta/foreign-labor/performance
2020Q3,techm,-13.92119318463865,contrast_lmaioe,DOL OFLC LCA disclosure data; https://www.dol.gov/agencies/eta/foreign-labor/performance
2020Q3,wipro,46.83158924838889,contrast_lmaioe,DOL OFLC LCA disclosure data; https://www.dol.gov/agencies/eta/foreign-labor/performance
2020Q3,pooled8,-25.257172118795456,contrast_lmaioe,DOL OFLC LCA disclosure data; https://www.dol.gov/agencies/eta/foreign-labor/performance
2020Q3,pooled_mid,42.79433317764075,contrast_lmaioe,DOL OFLC LCA disclosure data; https://www.dol.gov/agencies/eta/foreign-labor/performance
2020Q4,accenture,46.61666204709444,contrast_lmaioe,DOL OFLC LCA disclosure data; https://www.dol.gov/agencies/eta/foreign-labor/performance
2020Q4,capgemini,34.08331387222443,contrast_lmaioe,DOL OFLC LCA disclosure data; https://www.dol.gov/agencies/eta/foreign-labor/performance
2020Q4,cognizant,-96.46564825415942,contrast_lmaioe,DOL OFLC LCA disclosure data; https://www.dol.gov/agencies/eta/foreign-labor/performance
2020Q4,hcltech,54.80977082348042,contrast_lmaioe,DOL OFLC LCA disclosure data; https://www.dol.gov/agencies/eta/foreign-labor/performance
2020Q4,hexaware,69.50180884957571,contrast_lmaioe,DOL OFLC LCA disclosure data; https://www.dol.gov/agencies/eta/foreign-labor/performance
2020Q4,infosys,-99.47208635272793,contrast_lmaioe,DOL OFLC LCA disclosure data; https://www.dol.gov/agencies/eta/foreign-labor/performance
2020Q4,ltim,66.4038926627214,contrast_lmaioe,DOL OFLC LCA disclosure data; https://www.dol.gov/agencies/eta/foreign-labor/performance
2020Q4,mphasis,125.54649425790983,contrast_lmaioe,DOL OFLC LCA disclosure data; https://www.dol.gov/agencies/eta/foreign-labor/performance
2020Q4,persistent,-142.52965189231597,contrast_lmaioe,DOL OFLC LCA disclosure data; https://www.dol.gov/agencies/eta/foreign-labor/performance
2020Q4,tcs,32.824843105723204,contrast_lmaioe,DOL OFLC LCA disclosure data; https://www.dol.gov/agencies/eta/foreign-labor/performance
2020Q4,techm,-7.288783840622795,contrast_lmaioe,DOL OFLC LCA disclosure data; https://www.dol.gov/agencies/eta/foreign-labor/performance
2020Q4,wipro,29.684767682320423,contrast_lmaioe,DOL OFLC LCA disclosure data; https://www.dol.gov/agencies/eta/foreign-labor/performance
2020Q4,pooled8,-42.13419522115963,contrast_lmaioe,DOL OFLC LCA disclosure data; https://www.dol.gov/agencies/eta/foreign-labor/performance
2020Q4,pooled_mid,42.77164519353426,contrast_lmaioe,DOL OFLC LCA disclosure data; https://www.dol.gov/agencies/eta/foreign-labor/performance
2021Q1,accenture,10.565735213633538,contrast_lmaioe,DOL OFLC LCA disclosure data; https://www.dol.gov/agencies/eta/foreign-labor/performance
2021Q1,capgemini,79.22895226281742,contrast_lmaioe,DOL OFLC LCA disclosure data; https://www.dol.gov/agencies/eta/foreign-labor/performance
2021Q1,cognizant,-76.10755167549156,contrast_lmaioe,DOL OFLC LCA disclosure data; https://www.dol.gov/agencies/eta/foreign-labor/performance
2021Q1,hcltech,29.778127159395435,contrast_lmaioe,DOL OFLC LCA disclosure data; https://www.dol.gov/agencies/eta/foreign-labor/performance
2021Q1,hexaware,-8.112554481236835,contrast_lmaioe,DOL OFLC LCA disclosure data; https://www.dol.gov/agencies/eta/foreign-labor/performance
2021Q1,infosys,-190.01165081164095,contrast_lmaioe,DOL OFLC LCA disclosure data; https://www.dol.gov/agencies/eta/foreign-labor/performance
2021Q1,ltim,56.20507903167905,contrast_lmaioe,DOL OFLC LCA disclosure data; https://www.dol.gov/agencies/eta/foreign-labor/performance
2021Q1,mphasis,221.1930724725915,contrast_lmaioe,DOL OFLC LCA disclosure data; https://www.dol.gov/agencies/eta/foreign-labor/performance
2021Q1,persistent,-129.5322582914164,contrast_lmaioe,DOL OFLC LCA disclosure data; https://www.dol.gov/agencies/eta/foreign-labor/performance
2021Q1,tcs,8.155888115167578,contrast_lmaioe,DOL OFLC LCA disclosure data; https://www.dol.gov/agencies/eta/foreign-labor/performance
2021Q1,techm,22.773315527345297,contrast_lmaioe,DOL OFLC LCA disclosure data; https://www.dol.gov/agencies/eta/foreign-labor/performance
2021Q1,wipro,-55.338664584145356,contrast_lmaioe,DOL OFLC LCA disclosure data; https://www.dol.gov/agencies/eta/foreign-labor/performance
2021Q1,pooled8,-81.83093728876074,contrast_lmaioe,DOL OFLC LCA disclosure data; https://www.dol.gov/agencies/eta/foreign-labor/performance
2021Q1,pooled_mid,82.59655483230028,contrast_lmaioe,DOL OFLC LCA disclosure data; https://www.dol.gov/agencies/eta/foreign-labor/performance
2021Q2,accenture,195.4972602155306,contrast_lmaioe,DOL OFLC LCA disclosure data; https://www.dol.gov/agencies/eta/foreign-labor/performance
2021Q2,capgemini,-8.675532782679195,contrast_lmaioe,DOL OFLC LCA disclosure data; https://www.dol.gov/agencies/eta/foreign-labor/performance
2021Q2,cognizant,86.87207337515241,contrast_lmaioe,DOL OFLC LCA disclosure data; https://www.dol.gov/agencies/eta/foreign-labor/performance
2021Q2,hcltech,22.990732577259937,contrast_lmaioe,DOL OFLC LCA disclosure data; https://www.dol.gov/agencies/eta/foreign-labor/performance
2021Q2,hexaware,-44.356495434043474,contrast_lmaioe,DOL OFLC LCA disclosure data; https://www.dol.gov/agencies/eta/foreign-labor/performance
2021Q2,infosys,-99.18790891983113,contrast_lmaioe,DOL OFLC LCA disclosure data; https://www.dol.gov/agencies/eta/foreign-labor/performance
2021Q2,ltim,-34.22862064866328,contrast_lmaioe,DOL OFLC LCA disclosure data; https://www.dol.gov/agencies/eta/foreign-labor/performance
2021Q2,mphasis,218.1957105205431,contrast_lmaioe,DOL OFLC LCA disclosure data; https://www.dol.gov/agencies/eta/foreign-labor/performance
2021Q2,persistent,138.62943611198907,contrast_lmaioe,DOL OFLC LCA disclosure data; https://www.dol.gov/agencies/eta/foreign-labor/performance
2021Q2,tcs,-20.531941585785997,contrast_lmaioe,DOL OFLC LCA disclosure data; https://www.dol.gov/agencies/eta/foreign-labor/performance
2021Q2,techm,18.61633739041354,contrast_lmaioe,DOL OFLC LCA disclosure data; https://www.dol.gov/agencies/eta/foreign-labor/performance
2021Q2,wipro,-21.93117496993731,contrast_lmaioe,DOL OFLC LCA disclosure data; https://www.dol.gov/agencies/eta/foreign-labor/performance
2021Q2,pooled8,-9.944129219305289,contrast_lmaioe,DOL OFLC LCA disclosure data; https://www.dol.gov/agencies/eta/foreign-labor/performance
2021Q2,pooled_mid,26.656330295527916,contrast_lmaioe,DOL OFLC LCA disclosure data; https://www.dol.gov/agencies/eta/foreign-labor/performance
2021Q3,accenture,132.16123576662687,contrast_lmaioe,DOL OFLC LCA disclosure data; https://www.dol.gov/agencies/eta/foreign-labor/performance
2021Q3,capgemini,28.483442919233063,contrast_lmaioe,DOL OFLC LCA disclosure data; https://www.dol.gov/agencies/eta/foreign-labor/performance
2021Q3,cognizant,60.97246817898629,contrast_lmaioe,DOL OFLC LCA disclosure data; https://www.dol.gov/agencies/eta/foreign-labor/performance
2021Q3,hcltech,16.81552318983133,contrast_lmaioe,DOL OFLC LCA disclosure data; https://www.dol.gov/agencies/eta/foreign-labor/performance
2021Q3,hexaware,-98.80704142682859,contrast_lmaioe,DOL OFLC LCA disclosure data; https://www.dol.gov/agencies/eta/foreign-labor/performance
2021Q3,infosys,-69.63116619269843,contrast_lmaioe,DOL OFLC LCA disclosure data; https://www.dol.gov/agencies/eta/foreign-labor/performance
2021Q3,ltim,-74.38747040696035,contrast_lmaioe,DOL OFLC LCA disclosure data; https://www.dol.gov/agencies/eta/foreign-labor/performance
2021Q3,mphasis,97.5560975195283,contrast_lmaioe,DOL OFLC LCA disclosure data; https://www.dol.gov/agencies/eta/foreign-labor/performance
2021Q3,persistent,114.51323043030027,contrast_lmaioe,DOL OFLC LCA disclosure data; https://www.dol.gov/agencies/eta/foreign-labor/performance
2021Q3,tcs,-2.9098690157623155,contrast_lmaioe,DOL OFLC LCA disclosure data; https://www.dol.gov/agencies/eta/foreign-labor/performance
2021Q3,techm,4.452496097514128,contrast_lmaioe,DOL OFLC LCA disclosure data; https://www.dol.gov/agencies/eta/foreign-labor/performance
2021Q3,wipro,-14.07599657529457,contrast_lmaioe,DOL OFLC LCA disclosure data; https://www.dol.gov/agencies/eta/foreign-labor/performance
2021Q3,pooled8,-37.07199905259965,contrast_lmaioe,DOL OFLC LCA disclosure data; https://www.dol.gov/agencies/eta/foreign-labor/performance
2021Q3,pooled_mid,22.8341334563492,contrast_lmaioe,DOL OFLC LCA disclosure data; https://www.dol.gov/agencies/eta/foreign-labor/performance
2021Q4,accenture,66.76361491950253,contrast_lmaioe,DOL OFLC LCA disclosure data; https://www.dol.gov/agencies/eta/foreign-labor/performance
2021Q4,capgemini,15.676509618710504,contrast_lmaioe,DOL OFLC LCA disclosure data; https://www.dol.gov/agencies/eta/foreign-labor/performance
2021Q4,cognizant,65.51073537455642,contrast_lmaioe,DOL OFLC LCA disclosure data; https://www.dol.gov/agencies/eta/foreign-labor/performance
2021Q4,hcltech,19.108063473994317,contrast_lmaioe,DOL OFLC LCA disclosure data; https://www.dol.gov/agencies/eta/foreign-labor/performance
2021Q4,hexaware,-86.06261643159709,contrast_lmaioe,DOL OFLC LCA disclosure data; https://www.dol.gov/agencies/eta/foreign-labor/performance
2021Q4,infosys,-30.976415975752708,contrast_lmaioe,DOL OFLC LCA disclosure data; https://www.dol.gov/agencies/eta/foreign-labor/performance
2021Q4,ltim,-107.43778137561215,contrast_lmaioe,DOL OFLC LCA disclosure data; https://www.dol.gov/agencies/eta/foreign-labor/performance
2021Q4,mphasis,58.267679174984835,contrast_lmaioe,DOL OFLC LCA disclosure data; https://www.dol.gov/agencies/eta/foreign-labor/performance
2021Q4,persistent,95.20088144762343,contrast_lmaioe,DOL OFLC LCA disclosure data; https://www.dol.gov/agencies/eta/foreign-labor/performance
2021Q4,tcs,9.01575989160587,contrast_lmaioe,DOL OFLC LCA disclosure data; https://www.dol.gov/agencies/eta/foreign-labor/performance
2021Q4,techm,-16.34280214463635,contrast_lmaioe,DOL OFLC LCA disclosure data; https://www.dol.gov/agencies/eta/foreign-labor/performance
2021Q4,wipro,-11.821710320430423,contrast_lmaioe,DOL OFLC LCA disclosure data; https://www.dol.gov/agencies/eta/foreign-labor/performance
2021Q4,pooled8,-18.300896924203716,contrast_lmaioe,DOL OFLC LCA disclosure data; https://www.dol.gov/agencies/eta/foreign-labor/performance
2021Q4,pooled_mid,4.436577818160931,contrast_lmaioe,DOL OFLC LCA disclosure data; https://www.dol.gov/agencies/eta/foreign-labor/performance
2022Q1,accenture,29.233574113312805,contrast_lmaioe,DOL OFLC LCA disclosure data; https://www.dol.gov/agencies/eta/foreign-labor/performance
2022Q1,capgemini,-51.91237447503394,contrast_lmaioe,DOL OFLC LCA disclosure data; https://www.dol.gov/agencies/eta/foreign-labor/performance
2022Q1,cognizant,70.56831775754756,contrast_lmaioe,DOL OFLC LCA disclosure data; https://www.dol.gov/agencies/eta/foreign-labor/performance
2022Q1,hcltech,14.486261818322083,contrast_lmaioe,DOL OFLC LCA disclosure data; https://www.dol.gov/agencies/eta/foreign-labor/performance
2022Q1,hexaware,-99.91038732552079,contrast_lmaioe,DOL OFLC LCA disclosure data; https://www.dol.gov/agencies/eta/foreign-labor/performance
2022Q1,infosys,10.561480682257876,contrast_lmaioe,DOL OFLC LCA disclosure data; https://www.dol.gov/agencies/eta/foreign-labor/performance
2022Q1,ltim,-126.36412928043352,contrast_lmaioe,DOL OFLC LCA disclosure data; https://www.dol.gov/agencies/eta/foreign-labor/performance
2022Q1,mphasis,-102.67039632210344,contrast_lmaioe,DOL OFLC LCA disclosure data; https://www.dol.gov/agencies/eta/foreign-labor/performance
2022Q1,persistent,79.6331416795176,contrast_lmaioe,DOL OFLC LCA disclosure data; https://www.dol.gov/agencies/eta/foreign-labor/performance
2022Q1,tcs,21.38159116548463,contrast_lmaioe,DOL OFLC LCA disclosure data; https://www.dol.gov/agencies/eta/foreign-labor/performance
2022Q1,techm,-17.22832673915689,contrast_lmaioe,DOL OFLC LCA disclosure data; https://www.dol.gov/agencies/eta/foreign-labor/performance
2022Q1,wipro,5.794778077533367,contrast_lmaioe,DOL OFLC LCA disclosure data; https://www.dol.gov/agencies/eta/foreign-labor/performance
2022Q1,pooled8,0.21360247514508046,contrast_lmaioe,DOL OFLC LCA disclosure data; https://www.dol.gov/agencies/eta/foreign-labor/performance
2022Q1,pooled_mid,-66.97944283077341,contrast_lmaioe,DOL OFLC LCA disclosure data; https://www.dol.gov/agencies/eta/foreign-labor/performance
2022Q2,accenture,-79.44745292001495,contrast_lmaioe,DOL OFLC LCA disclosure data; https://www.dol.gov/agencies/eta/foreign-labor/performance
2022Q2,capgemini,-98.79562618093992,contrast_lmaioe,DOL OFLC LCA disclosure data; https://www.dol.gov/agencies/eta/foreign-labor/performance
2022Q2,cognizant,-49.56931951950905,contrast_lmaioe,DOL OFLC LCA disclosure data; https://www.dol.gov/agencies/eta/foreign-labor/performance
2022Q2,hcltech,-0.1987157306163141,contrast_lmaioe,DOL OFLC LCA disclosure data; https://www.dol.gov/agencies/eta/foreign-labor/performance
2022Q2,hexaware,-84.14895187914567,contrast_lmaioe,DOL OFLC LCA disclosure data; https://www.dol.gov/agencies/eta/foreign-labor/performance
2022Q2,infosys,-5.700707830355359,contrast_lmaioe,DOL OFLC LCA disclosure data; https://www.dol.gov/agencies/eta/foreign-labor/performance
2022Q2,ltim,-76.13851148938718,contrast_lmaioe,DOL OFLC LCA disclosure data; https://www.dol.gov/agencies/eta/foreign-labor/performance
2022Q2,mphasis,-169.644928942373,contrast_lmaioe,DOL OFLC LCA disclosure data; https://www.dol.gov/agencies/eta/foreign-labor/performance
2022Q2,persistent,-230.25850929940455,contrast_lmaioe,DOL OFLC LCA disclosure data; https://www.dol.gov/agencies/eta/foreign-labor/performance
2022Q2,tcs,53.01137097188701,contrast_lmaioe,DOL OFLC LCA disclosure data; https://www.dol.gov/agencies/eta/foreign-labor/performance
2022Q2,techm,-20.475126967222643,contrast_lmaioe,DOL OFLC LCA disclosure data; https://www.dol.gov/agencies/eta/foreign-labor/performance
2022Q2,wipro,9.849012161084058,contrast_lmaioe,DOL OFLC LCA disclosure data; https://www.dol.gov/agencies/eta/foreign-labor/performance
2022Q2,pooled8,-29.99083504541884,contrast_lmaioe,DOL OFLC LCA disclosure data; https://www.dol.gov/agencies/eta/foreign-labor/performance
2022Q2,pooled_mid,-118.56355229200163,contrast_lmaioe,DOL OFLC LCA disclosure data; https://www.dol.gov/agencies/eta/foreign-labor/performance
2022Q3,accenture,-175.97936675062695,contrast_lmaioe,DOL OFLC LCA disclosure data; https://www.dol.gov/agencies/eta/foreign-labor/performance
2022Q3,capgemini,-142.3108334242607,contrast_lmaioe,DOL OFLC LCA disclosure data; https://www.dol.gov/agencies/eta/foreign-labor/performance
2022Q3,cognizant,-43.53530833827122,contrast_lmaioe,DOL OFLC LCA disclosure data; https://www.dol.gov/agencies/eta/foreign-labor/performance
2022Q3,hcltech,-9.823874565636904,contrast_lmaioe,DOL OFLC LCA disclosure data; https://www.dol.gov/agencies/eta/foreign-labor/performance
2022Q3,hexaware,-51.60069825079882,contrast_lmaioe,DOL OFLC LCA disclosure data; https://www.dol.gov/agencies/eta/foreign-labor/performance
2022Q3,infosys,7.27330964980878,contrast_lmaioe,DOL OFLC LCA disclosure data; https://www.dol.gov/agencies/eta/foreign-labor/performance
2022Q3,ltim,-46.59179469890937,contrast_lmaioe,DOL OFLC LCA disclosure data; https://www.dol.gov/agencies/eta/foreign-labor/performance
2022Q3,mphasis,-78.50555515099826,contrast_lmaioe,DOL OFLC LCA disclosure data; https://www.dol.gov/agencies/eta/foreign-labor/performance
2022Q3,persistent,-262.10388241125804,contrast_lmaioe,DOL OFLC LCA disclosure data; https://www.dol.gov/agencies/eta/foreign-labor/performance
2022Q3,tcs,33.515284028367596,contrast_lmaioe,DOL OFLC LCA disclosure data; https://www.dol.gov/agencies/eta/foreign-labor/performance
2022Q3,techm,-9.64359629362956,contrast_lmaioe,DOL OFLC LCA disclosure data; https://www.dol.gov/agencies/eta/foreign-labor/performance
2022Q3,wipro,7.643999996538653,contrast_lmaioe,DOL OFLC LCA disclosure data; https://www.dol.gov/agencies/eta/foreign-labor/performance
2022Q3,pooled8,-5.563722036758085,contrast_lmaioe,DOL OFLC LCA disclosure data; https://www.dol.gov/agencies/eta/foreign-labor/performance
2022Q3,pooled_mid,-131.29353899382258,contrast_lmaioe,DOL OFLC LCA disclosure data; https://www.dol.gov/agencies/eta/foreign-labor/performance
2022Q4,accenture,-360.55425748955554,contrast_lmaioe,DOL OFLC LCA disclosure data; https://www.dol.gov/agencies/eta/foreign-labor/performance
2022Q4,capgemini,-136.54989066390937,contrast_lmaioe,DOL OFLC LCA disclosure data; https://www.dol.gov/agencies/eta/foreign-labor/performance
2022Q4,cognizant,-50.761583102324664,contrast_lmaioe,DOL OFLC LCA disclosure data; https://www.dol.gov/agencies/eta/foreign-labor/performance
2022Q4,hcltech,-13.33017746618784,contrast_lmaioe,DOL OFLC LCA disclosure data; https://www.dol.gov/agencies/eta/foreign-labor/performance
2022Q4,hexaware,43.629257190342386,contrast_lmaioe,DOL OFLC LCA disclosure data; https://www.dol.gov/agencies/eta/foreign-labor/performance
2022Q4,infosys,16.862699280878452,contrast_lmaioe,DOL OFLC LCA disclosure data; https://www.dol.gov/agencies/eta/foreign-labor/performance
2022Q4,ltim,-43.58215705887583,contrast_lmaioe,DOL OFLC LCA disclosure data; https://www.dol.gov/agencies/eta/foreign-labor/performance
2022Q4,mphasis,-79.02153449951682,contrast_lmaioe,DOL OFLC LCA disclosure data; https://www.dol.gov/agencies/eta/foreign-labor/performance
2022Q4,persistent,-230.25850929940458,contrast_lmaioe,DOL OFLC LCA disclosure data; https://www.dol.gov/agencies/eta/foreign-labor/performance
2022Q4,tcs,17.966257102824105,contrast_lmaioe,DOL OFLC LCA disclosure data; https://www.dol.gov/agencies/eta/foreign-labor/performance
2022Q4,techm,0.8835244566900045,contrast_lmaioe,DOL OFLC LCA disclosure data; https://www.dol.gov/agencies/eta/foreign-labor/performance
2022Q4,wipro,15.325928175902241,contrast_lmaioe,DOL OFLC LCA disclosure data; https://www.dol.gov/agencies/eta/foreign-labor/performance
2022Q4,pooled8,-15.87412434323219,contrast_lmaioe,DOL OFLC LCA disclosure data; https://www.dol.gov/agencies/eta/foreign-labor/performance
2022Q4,pooled_mid,-118.84915770508505,contrast_lmaioe,DOL OFLC LCA disclosure data; https://www.dol.gov/agencies/eta/foreign-labor/performance
2023Q1,accenture,-340.74669946757507,contrast_lmaioe,DOL OFLC LCA disclosure data; https://www.dol.gov/agencies/eta/foreign-labor/performance
2023Q1,capgemini,-105.16826622655059,contrast_lmaioe,DOL OFLC LCA disclosure data; https://www.dol.gov/agencies/eta/foreign-labor/performance
2023Q1,coforge,-33.58013207959793,contrast_lmaioe,DOL OFLC LCA disclosure data; https://www.dol.gov/agencies/eta/foreign-labor/performance
2023Q1,cognizant,-64.17359060038766,contrast_lmaioe,DOL OFLC LCA disclosure data; https://www.dol.gov/agencies/eta/foreign-labor/performance
2023Q1,hcltech,-10.149037171729146,contrast_lmaioe,DOL OFLC LCA disclosure data; https://www.dol.gov/agencies/eta/foreign-labor/performance
2023Q1,hexaware,13.762137787604779,contrast_lmaioe,DOL OFLC LCA disclosure data; https://www.dol.gov/agencies/eta/foreign-labor/performance
2023Q1,infosys,18.502437896335067,contrast_lmaioe,DOL OFLC LCA disclosure data; https://www.dol.gov/agencies/eta/foreign-labor/performance
2023Q1,ltim,-14.42746511033598,contrast_lmaioe,DOL OFLC LCA disclosure data; https://www.dol.gov/agencies/eta/foreign-labor/performance
2023Q1,mphasis,-63.74454312164606,contrast_lmaioe,DOL OFLC LCA disclosure data; https://www.dol.gov/agencies/eta/foreign-labor/performance
2023Q1,persistent,-173.46010553881064,contrast_lmaioe,DOL OFLC LCA disclosure data; https://www.dol.gov/agencies/eta/foreign-labor/performance
2023Q1,tcs,3.4794607947390226,contrast_lmaioe,DOL OFLC LCA disclosure data; https://www.dol.gov/agencies/eta/foreign-labor/performance
2023Q1,techm,-1.1534892393573308,contrast_lmaioe,DOL OFLC LCA disclosure data; https://www.dol.gov/agencies/eta/foreign-labor/performance
2023Q1,wipro,8.28952806243198,contrast_lmaioe,DOL OFLC LCA disclosure data; https://www.dol.gov/agencies/eta/foreign-labor/performance
2023Q1,pooled8,-20.265415834892792,contrast_lmaioe,DOL OFLC LCA disclosure data; https://www.dol.gov/agencies/eta/foreign-labor/performance
2023Q1,pooled_mid,-92.80417255237887,contrast_lmaioe,DOL OFLC LCA disclosure data; https://www.dol.gov/agencies/eta/foreign-labor/performance
2023Q2,accenture,-373.7311900518867,contrast_lmaioe,DOL OFLC LCA disclosure data; https://www.dol.gov/agencies/eta/foreign-labor/performance
2023Q2,capgemini,-3.8085334023874804,contrast_lmaioe,DOL OFLC LCA disclosure data; https://www.dol.gov/agencies/eta/foreign-labor/performance
2023Q2,coforge,-10.991444611118412,contrast_lmaioe,DOL OFLC LCA disclosure data; https://www.dol.gov/agencies/eta/foreign-labor/performance
2023Q2,cognizant,-44.997805677428076,contrast_lmaioe,DOL OFLC LCA disclosure data; https://www.dol.gov/agencies/eta/foreign-labor/performance
2023Q2,hcltech,6.20787093264207,contrast_lmaioe,DOL OFLC LCA disclosure data; https://www.dol.gov/agencies/eta/foreign-labor/performance
2023Q2,hexaware,5.424501485239581,contrast_lmaioe,DOL OFLC LCA disclosure data; https://www.dol.gov/agencies/eta/foreign-labor/performance
2023Q2,infosys,38.85720229854554,contrast_lmaioe,DOL OFLC LCA disclosure data; https://www.dol.gov/agencies/eta/foreign-labor/performance
2023Q2,ltim,-20.083507452062925,contrast_lmaioe,DOL OFLC LCA disclosure data; https://www.dol.gov/agencies/eta/foreign-labor/performance
2023Q2,mphasis,3.7179003241754103,contrast_lmaioe,DOL OFLC LCA disclosure data; https://www.dol.gov/agencies/eta/foreign-labor/performance
2023Q2,persistent,222.4623551524334,contrast_lmaioe,DOL OFLC LCA disclosure data; https://www.dol.gov/agencies/eta/foreign-labor/performance
2023Q2,tcs,-40.825425839701936,contrast_lmaioe,DOL OFLC LCA disclosure data; https://www.dol.gov/agencies/eta/foreign-labor/performance
2023Q2,techm,-1.8277384640971022,contrast_lmaioe,DOL OFLC LCA disclosure data; https://www.dol.gov/agencies/eta/foreign-labor/performance
2023Q2,wipro,15.380690975177163,contrast_lmaioe,DOL OFLC LCA disclosure data; https://www.dol.gov/agencies/eta/foreign-labor/performance
2023Q2,pooled8,-12.605694546289042,contrast_lmaioe,DOL OFLC LCA disclosure data; https://www.dol.gov/agencies/eta/foreign-labor/performance
2023Q2,pooled_mid,7.335609167324275,contrast_lmaioe,DOL OFLC LCA disclosure data; https://www.dol.gov/agencies/eta/foreign-labor/performance
2023Q3,accenture,-289.2648065828048,contrast_lmaioe,DOL OFLC LCA disclosure data; https://www.dol.gov/agencies/eta/foreign-labor/performance
2023Q3,capgemini,21.52124969637125,contrast_lmaioe,DOL OFLC LCA disclosure data; https://www.dol.gov/agencies/eta/foreign-labor/performance
2023Q3,cognizant,-58.37857684798385,contrast_lmaioe,DOL OFLC LCA disclosure data; https://www.dol.gov/agencies/eta/foreign-labor/performance
2023Q3,hcltech,8.110866009362951,contrast_lmaioe,DOL OFLC LCA disclosure data; https://www.dol.gov/agencies/eta/foreign-labor/performance
2023Q3,hexaware,25.131442828090606,contrast_lmaioe,DOL OFLC LCA disclosure data; https://www.dol.gov/agencies/eta/foreign-labor/performance
2023Q3,infosys,20.295599285969068,contrast_lmaioe,DOL OFLC LCA disclosure data; https://www.dol.gov/agencies/eta/foreign-labor/performance
2023Q3,ltim,-23.8144661904529,contrast_lmaioe,DOL OFLC LCA disclosure data; https://www.dol.gov/agencies/eta/foreign-labor/performance
2023Q3,mphasis,-39.97344333991794,contrast_lmaioe,DOL OFLC LCA disclosure data; https://www.dol.gov/agencies/eta/foreign-labor/performance
2023Q3,persistent,262.10388241125804,contrast_lmaioe,DOL OFLC LCA disclosure data; https://www.dol.gov/agencies/eta/foreign-labor/performance
2023Q3,tcs,-44.234684018999246,contrast_lmaioe,DOL OFLC LCA disclosure data; https://www.dol.gov/agencies/eta/foreign-labor/performance
2023Q3,techm,-4.602768806982456,contrast_lmaioe,DOL OFLC LCA disclosure data; https://www.dol.gov/agencies/eta/foreign-labor/performance
2023Q3,wipro,12.244234780113391,contrast_lmaioe,DOL OFLC LCA disclosure data; https://www.dol.gov/agencies/eta/foreign-labor/performance
2023Q3,pooled8,-33.44469863555851,contrast_lmaioe,DOL OFLC LCA disclosure data; https://www.dol.gov/agencies/eta/foreign-labor/performance
2023Q3,pooled_mid,28.316077005654268,contrast_lmaioe,DOL OFLC LCA disclosure data; https://www.dol.gov/agencies/eta/foreign-labor/performance
2023Q4,accenture,-34.77746944684684,contrast_lmaioe,DOL OFLC LCA disclosure data; https://www.dol.gov/agencies/eta/foreign-labor/performance
2023Q4,capgemini,27.000911914093336,contrast_lmaioe,DOL OFLC LCA disclosure data; https://www.dol.gov/agencies/eta/foreign-labor/performance
2023Q4,cognizant,-78.696731198293,contrast_lmaioe,DOL OFLC LCA disclosure data; https://www.dol.gov/agencies/eta/foreign-labor/performance
2023Q4,hcltech,9.84984209767607,contrast_lmaioe,DOL OFLC LCA disclosure data; https://www.dol.gov/agencies/eta/foreign-labor/performance
2023Q4,hexaware,-40.90429294560484,contrast_lmaioe,DOL OFLC LCA disclosure data; https://www.dol.gov/agencies/eta/foreign-labor/performance
2023Q4,infosys,6.169834415545854,contrast_lmaioe,DOL OFLC LCA disclosure data; https://www.dol.gov/agencies/eta/foreign-labor/performance
2023Q4,ltim,-15.750428297032254,contrast_lmaioe,DOL OFLC LCA disclosure data; https://www.dol.gov/agencies/eta/foreign-labor/performance
2023Q4,mphasis,-18.36127125575745,contrast_lmaioe,DOL OFLC LCA disclosure data; https://www.dol.gov/agencies/eta/foreign-labor/performance
2023Q4,persistent,202.0733940853058,contrast_lmaioe,DOL OFLC LCA disclosure data; https://www.dol.gov/agencies/eta/foreign-labor/performance
2023Q4,tcs,-48.450027158005746,contrast_lmaioe,DOL OFLC LCA disclosure data; https://www.dol.gov/agencies/eta/foreign-labor/performance
2023Q4,techm,3.7719619332843175,contrast_lmaioe,DOL OFLC LCA disclosure data; https://www.dol.gov/agencies/eta/foreign-labor/performance
2023Q4,wipro,6.534093540080068,contrast_lmaioe,DOL OFLC LCA disclosure data; https://www.dol.gov/agencies/eta/foreign-labor/performance
2023Q4,pooled8,-32.24150203331667,contrast_lmaioe,DOL OFLC LCA disclosure data; https://www.dol.gov/agencies/eta/foreign-labor/performance
2023Q4,pooled_mid,29.584389142302587,contrast_lmaioe,DOL OFLC LCA disclosure data; https://www.dol.gov/agencies/eta/foreign-labor/performance
2024Q1,accenture,-30.37377464860215,contrast_lmaioe,DOL OFLC LCA disclosure data; https://www.dol.gov/agencies/eta/foreign-labor/performance
2024Q1,capgemini,26.623648615000057,contrast_lmaioe,DOL OFLC LCA disclosure data; https://www.dol.gov/agencies/eta/foreign-labor/performance
2024Q1,cognizant,-86.12504108309298,contrast_lmaioe,DOL OFLC LCA disclosure data; https://www.dol.gov/agencies/eta/foreign-labor/performance
2024Q1,hcltech,2.6496358503734037,contrast_lmaioe,DOL OFLC LCA disclosure data; https://www.dol.gov/agencies/eta/foreign-labor/performance
2024Q1,hexaware,63.30432564902399,contrast_lmaioe,DOL OFLC LCA disclosure data; https://www.dol.gov/agencies/eta/foreign-labor/performance
2024Q1,infosys,-3.21982701178739,contrast_lmaioe,DOL OFLC LCA disclosure data; https://www.dol.gov/agencies/eta/foreign-labor/performance
2024Q1,ltim,-32.537077554109274,contrast_lmaioe,DOL OFLC LCA disclosure data; https://www.dol.gov/agencies/eta/foreign-labor/performance
2024Q1,mphasis,80.21453866605961,contrast_lmaioe,DOL OFLC LCA disclosure data; https://www.dol.gov/agencies/eta/foreign-labor/performance
2024Q1,persistent,141.36933353080053,contrast_lmaioe,DOL OFLC LCA disclosure data; https://www.dol.gov/agencies/eta/foreign-labor/performance
2024Q1,tcs,-54.73303842710822,contrast_lmaioe,DOL OFLC LCA disclosure data; https://www.dol.gov/agencies/eta/foreign-labor/performance
2024Q1,techm,-5.748477186469011,contrast_lmaioe,DOL OFLC LCA disclosure data; https://www.dol.gov/agencies/eta/foreign-labor/performance
2024Q1,wipro,-0.5966367486138147,contrast_lmaioe,DOL OFLC LCA disclosure data; https://www.dol.gov/agencies/eta/foreign-labor/performance
2024Q1,pooled8,-49.263247062534255,contrast_lmaioe,DOL OFLC LCA disclosure data; https://www.dol.gov/agencies/eta/foreign-labor/performance
2024Q1,pooled_mid,46.559935749751006,contrast_lmaioe,DOL OFLC LCA disclosure data; https://www.dol.gov/agencies/eta/foreign-labor/performance
2024Q2,accenture,-10.259750850435307,contrast_lmaioe,DOL OFLC LCA disclosure data; https://www.dol.gov/agencies/eta/foreign-labor/performance
2024Q2,capgemini,12.860858116130597,contrast_lmaioe,DOL OFLC LCA disclosure data; https://www.dol.gov/agencies/eta/foreign-labor/performance
2024Q2,cognizant,-154.98855512943473,contrast_lmaioe,DOL OFLC LCA disclosure data; https://www.dol.gov/agencies/eta/foreign-labor/performance
2024Q2,hcltech,-18.133989315705634,contrast_lmaioe,DOL OFLC LCA disclosure data; https://www.dol.gov/agencies/eta/foreign-labor/performance
2024Q2,hexaware,-34.34297171887117,contrast_lmaioe,DOL OFLC LCA disclosure data; https://www.dol.gov/agencies/eta/foreign-labor/performance
2024Q2,infosys,-23.75828367914152,contrast_lmaioe,DOL OFLC LCA disclosure data; https://www.dol.gov/agencies/eta/foreign-labor/performance
2024Q2,ltim,-17.410076548410732,contrast_lmaioe,DOL OFLC LCA disclosure data; https://www.dol.gov/agencies/eta/foreign-labor/performance
2024Q2,mphasis,41.995811541073124,contrast_lmaioe,DOL OFLC LCA disclosure data; https://www.dol.gov/agencies/eta/foreign-labor/performance
2024Q2,persistent,-53.82245979541052,contrast_lmaioe,DOL OFLC LCA disclosure data; https://www.dol.gov/agencies/eta/foreign-labor/performance
2024Q2,tcs,-20.12392470576202,contrast_lmaioe,DOL OFLC LCA disclosure data; https://www.dol.gov/agencies/eta/foreign-labor/performance
2024Q2,techm,2.179122187135391,contrast_lmaioe,DOL OFLC LCA disclosure data; https://www.dol.gov/agencies/eta/foreign-labor/performance
2024Q2,wipro,11.884785469956324,contrast_lmaioe,DOL OFLC LCA disclosure data; https://www.dol.gov/agencies/eta/foreign-labor/performance
2024Q2,pooled8,-65.49823457943592,contrast_lmaioe,DOL OFLC LCA disclosure data; https://www.dol.gov/agencies/eta/foreign-labor/performance
2024Q2,pooled_mid,15.02109682951756,contrast_lmaioe,DOL OFLC LCA disclosure data; https://www.dol.gov/agencies/eta/foreign-labor/performance
2024Q3,accenture,227.71595544971046,contrast_lmaioe,DOL OFLC LCA disclosure data; https://www.dol.gov/agencies/eta/foreign-labor/performance
2024Q3,capgemini,-7.70496796189709,contrast_lmaioe,DOL OFLC LCA disclosure data; https://www.dol.gov/agencies/eta/foreign-labor/performance
2024Q3,cognizant,-167.96309464400198,contrast_lmaioe,DOL OFLC LCA disclosure data; https://www.dol.gov/agencies/eta/foreign-labor/performance
2024Q3,hcltech,-18.6464172336625,contrast_lmaioe,DOL OFLC LCA disclosure data; https://www.dol.gov/agencies/eta/foreign-labor/performance
2024Q3,hexaware,-23.074815069942908,contrast_lmaioe,DOL OFLC LCA disclosure data; https://www.dol.gov/agencies/eta/foreign-labor/performance
2024Q3,infosys,-13.367357283572822,contrast_lmaioe,DOL OFLC LCA disclosure data; https://www.dol.gov/agencies/eta/foreign-labor/performance
2024Q3,ltim,-21.097834012029956,contrast_lmaioe,DOL OFLC LCA disclosure data; https://www.dol.gov/agencies/eta/foreign-labor/performance
2024Q3,mphasis,146.3255402256019,contrast_lmaioe,DOL OFLC LCA disclosure data; https://www.dol.gov/agencies/eta/foreign-labor/performance
2024Q3,persistent,-38.29922522561058,contrast_lmaioe,DOL OFLC LCA disclosure data; https://www.dol.gov/agencies/eta/foreign-labor/performance
2024Q3,tcs,-10.138146625668885,contrast_lmaioe,DOL OFLC LCA disclosure data; https://www.dol.gov/agencies/eta/foreign-labor/performance
2024Q3,techm,9.385060480576922,contrast_lmaioe,DOL OFLC LCA disclosure data; https://www.dol.gov/agencies/eta/foreign-labor/performance
2024Q3,wipro,20.563468652586646,contrast_lmaioe,DOL OFLC LCA disclosure data; https://www.dol.gov/agencies/eta/foreign-labor/performance
2024Q3,pooled8,-47.68706494419506,contrast_lmaioe,DOL OFLC LCA disclosure data; https://www.dol.gov/agencies/eta/foreign-labor/performance
2024Q3,pooled_mid,8.627657188452364,contrast_lmaioe,DOL OFLC LCA disclosure data; https://www.dol.gov/agencies/eta/foreign-labor/performance
2024Q4,accenture,154.8922712240329,contrast_lmaioe,DOL OFLC LCA disclosure data; https://www.dol.gov/agencies/eta/foreign-labor/performance
2024Q4,capgemini,-4.062815045335348,contrast_lmaioe,DOL OFLC LCA disclosure data; https://www.dol.gov/agencies/eta/foreign-labor/performance
2024Q4,cognizant,-137.02214498628123,contrast_lmaioe,DOL OFLC LCA disclosure data; https://www.dol.gov/agencies/eta/foreign-labor/performance
2024Q4,hcltech,-16.563772381438913,contrast_lmaioe,DOL OFLC LCA disclosure data; https://www.dol.gov/agencies/eta/foreign-labor/performance
2024Q4,hexaware,-3.2789822822990864,contrast_lmaioe,DOL OFLC LCA disclosure data; https://www.dol.gov/agencies/eta/foreign-labor/performance
2024Q4,infosys,-21.289315486614896,contrast_lmaioe,DOL OFLC LCA disclosure data; https://www.dol.gov/agencies/eta/foreign-labor/performance
2024Q4,ltim,-23.547082647938517,contrast_lmaioe,DOL OFLC LCA disclosure data; https://www.dol.gov/agencies/eta/foreign-labor/performance
2024Q4,mphasis,27.107201788616067,contrast_lmaioe,DOL OFLC LCA disclosure data; https://www.dol.gov/agencies/eta/foreign-labor/performance
2024Q4,persistent,63.32490389788764,contrast_lmaioe,DOL OFLC LCA disclosure data; https://www.dol.gov/agencies/eta/foreign-labor/performance
2024Q4,tcs,1.9358188516539805,contrast_lmaioe,DOL OFLC LCA disclosure data; https://www.dol.gov/agencies/eta/foreign-labor/performance
2024Q4,techm,9.922496658838838,contrast_lmaioe,DOL OFLC LCA disclosure data; https://www.dol.gov/agencies/eta/foreign-labor/performance
2024Q4,wipro,18.8370111046179,contrast_lmaioe,DOL OFLC LCA disclosure data; https://www.dol.gov/agencies/eta/foreign-labor/performance
2024Q4,pooled8,-39.27252156141509,contrast_lmaioe,DOL OFLC LCA disclosure data; https://www.dol.gov/agencies/eta/foreign-labor/performance
2024Q4,pooled_mid,5.104346222668095,contrast_lmaioe,DOL OFLC LCA disclosure data; https://www.dol.gov/agencies/eta/foreign-labor/performance
2025Q1,accenture,155.05144076383448,contrast_lmaioe,DOL OFLC LCA disclosure data; https://www.dol.gov/agencies/eta/foreign-labor/performance
2025Q1,capgemini,-0.5290820494346278,contrast_lmaioe,DOL OFLC LCA disclosure data; https://www.dol.gov/agencies/eta/foreign-labor/performance
2025Q1,cognizant,-107.55796645677259,contrast_lmaioe,DOL OFLC LCA disclosure data; https://www.dol.gov/agencies/eta/foreign-labor/performance
2025Q1,hcltech,-14.523531616930581,contrast_lmaioe,DOL OFLC LCA disclosure data; https://www.dol.gov/agencies/eta/foreign-labor/performance
2025Q1,hexaware,-53.77330766859151,contrast_lmaioe,DOL OFLC LCA disclosure data; https://www.dol.gov/agencies/eta/foreign-labor/performance
2025Q1,infosys,-24.19199522270033,contrast_lmaioe,DOL OFLC LCA disclosure data; https://www.dol.gov/agencies/eta/foreign-labor/performance
2025Q1,ltim,-25.194923545643896,contrast_lmaioe,DOL OFLC LCA disclosure data; https://www.dol.gov/agencies/eta/foreign-labor/performance
2025Q1,mphasis,-99.85288301111272,contrast_lmaioe,DOL OFLC LCA disclosure data; https://www.dol.gov/agencies/eta/foreign-labor/performance
2025Q1,persistent,-35.28213746227425,contrast_lmaioe,DOL OFLC LCA disclosure data; https://www.dol.gov/agencies/eta/foreign-labor/performance
2025Q1,tcs,24.556224744740828,contrast_lmaioe,DOL OFLC LCA disclosure data; https://www.dol.gov/agencies/eta/foreign-labor/performance
2025Q1,techm,12.340048384226762,contrast_lmaioe,DOL OFLC LCA disclosure data; https://www.dol.gov/agencies/eta/foreign-labor/performance
2025Q1,wipro,26.09205589667186,contrast_lmaioe,DOL OFLC LCA disclosure data; https://www.dol.gov/agencies/eta/foreign-labor/performance
2025Q1,pooled8,-17.11807523201165,contrast_lmaioe,DOL OFLC LCA disclosure data; https://www.dol.gov/agencies/eta/foreign-labor/performance
2025Q1,pooled_mid,-20.69885108692257,contrast_lmaioe,DOL OFLC LCA disclosure data; https://www.dol.gov/agencies/eta/foreign-labor/performance
2025Q2,accenture,104.0002333970649,contrast_lmaioe,DOL OFLC LCA disclosure data; https://www.dol.gov/agencies/eta/foreign-labor/performance
2025Q2,capgemini,-36.26883387545868,contrast_lmaioe,DOL OFLC LCA disclosure data; https://www.dol.gov/agencies/eta/foreign-labor/performance
2025Q2,cognizant,-27.461141026885,contrast_lmaioe,DOL OFLC LCA disclosure data; https://www.dol.gov/agencies/eta/foreign-labor/performance
2025Q2,hcltech,6.549871599814239,contrast_lmaioe,DOL OFLC LCA disclosure data; https://www.dol.gov/agencies/eta/foreign-labor/performance
2025Q2,hexaware,-53.364030153216206,contrast_lmaioe,DOL OFLC LCA disclosure data; https://www.dol.gov/agencies/eta/foreign-labor/performance
2025Q2,infosys,-64.9109165597794,contrast_lmaioe,DOL OFLC LCA disclosure data; https://www.dol.gov/agencies/eta/foreign-labor/performance
2025Q2,ltim,-55.91785165021553,contrast_lmaioe,DOL OFLC LCA disclosure data; https://www.dol.gov/agencies/eta/foreign-labor/performance
2025Q2,mphasis,-51.626764187930775,contrast_lmaioe,DOL OFLC LCA disclosure data; https://www.dol.gov/agencies/eta/foreign-labor/performance
2025Q2,persistent,-48.86957622578882,contrast_lmaioe,DOL OFLC LCA disclosure data; https://www.dol.gov/agencies/eta/foreign-labor/performance
2025Q2,tcs,19.215705632378647,contrast_lmaioe,DOL OFLC LCA disclosure data; https://www.dol.gov/agencies/eta/foreign-labor/performance
2025Q2,techm,2.0942585882443883,contrast_lmaioe,DOL OFLC LCA disclosure data; https://www.dol.gov/agencies/eta/foreign-labor/performance
2025Q2,wipro,-5.772653304489676,contrast_lmaioe,DOL OFLC LCA disclosure data; https://www.dol.gov/agencies/eta/foreign-labor/performance
2025Q2,pooled8,-5.686319334726701,contrast_lmaioe,DOL OFLC LCA disclosure data; https://www.dol.gov/agencies/eta/foreign-labor/performance
2025Q2,pooled_mid,-46.316086747420755,contrast_lmaioe,DOL OFLC LCA disclosure data; https://www.dol.gov/agencies/eta/foreign-labor/performance
2025Q3,accenture,-78.92595530672259,contrast_lmaioe,DOL OFLC LCA disclosure data; https://www.dol.gov/agencies/eta/foreign-labor/performance
2025Q3,capgemini,-25.89807566962791,contrast_lmaioe,DOL OFLC LCA disclosure data; https://www.dol.gov/agencies/eta/foreign-labor/performance
2025Q3,cognizant,19.337139298053962,contrast_lmaioe,DOL OFLC LCA disclosure data; https://www.dol.gov/agencies/eta/foreign-labor/performance
2025Q3,hcltech,-8.266359998085726,contrast_lmaioe,DOL OFLC LCA disclosure data; https://www.dol.gov/agencies/eta/foreign-labor/performance
2025Q3,hexaware,-70.08100533055143,contrast_lmaioe,DOL OFLC LCA disclosure data; https://www.dol.gov/agencies/eta/foreign-labor/performance
2025Q3,infosys,-106.59556110470095,contrast_lmaioe,DOL OFLC LCA disclosure data; https://www.dol.gov/agencies/eta/foreign-labor/performance
2025Q3,ltim,-46.80906232981359,contrast_lmaioe,DOL OFLC LCA disclosure data; https://www.dol.gov/agencies/eta/foreign-labor/performance
2025Q3,mphasis,-131.65610231052156,contrast_lmaioe,DOL OFLC LCA disclosure data; https://www.dol.gov/agencies/eta/foreign-labor/performance
2025Q3,persistent,-59.78370007556205,contrast_lmaioe,DOL OFLC LCA disclosure data; https://www.dol.gov/agencies/eta/foreign-labor/performance
2025Q3,tcs,12.821913301981702,contrast_lmaioe,DOL OFLC LCA disclosure data; https://www.dol.gov/agencies/eta/foreign-labor/performance
2025Q3,techm,-18.118201887828864,contrast_lmaioe,DOL OFLC LCA disclosure data; https://www.dol.gov/agencies/eta/foreign-labor/performance
2025Q3,wipro,-6.711833553194741,contrast_lmaioe,DOL OFLC LCA disclosure data; https://www.dol.gov/agencies/eta/foreign-labor/performance
2025Q3,pooled8,-8.5651424580036,contrast_lmaioe,DOL OFLC LCA disclosure data; https://www.dol.gov/agencies/eta/foreign-labor/performance
2025Q3,pooled_mid,-49.16630099455527,contrast_lmaioe,DOL OFLC LCA disclosure data; https://www.dol.gov/agencies/eta/foreign-labor/performance
2025Q4,accenture,-27.55338455620484,contrast_lmaioe,DOL OFLC LCA disclosure data; https://www.dol.gov/agencies/eta/foreign-labor/performance
2025Q4,capgemini,-14.560361924879986,contrast_lmaioe,DOL OFLC LCA disclosure data; https://www.dol.gov/agencies/eta/foreign-labor/performance
2025Q4,cognizant,15.594660803516613,contrast_lmaioe,DOL OFLC LCA disclosure data; https://www.dol.gov/agencies/eta/foreign-labor/performance
2025Q4,hcltech,-32.91518688850939,contrast_lmaioe,DOL OFLC LCA disclosure data; https://www.dol.gov/agencies/eta/foreign-labor/performance
2025Q4,hexaware,-111.119107087497,contrast_lmaioe,DOL OFLC LCA disclosure data; https://www.dol.gov/agencies/eta/foreign-labor/performance
2025Q4,infosys,-123.85492022313497,contrast_lmaioe,DOL OFLC LCA disclosure data; https://www.dol.gov/agencies/eta/foreign-labor/performance
2025Q4,ltim,-47.24357342143481,contrast_lmaioe,DOL OFLC LCA disclosure data; https://www.dol.gov/agencies/eta/foreign-labor/performance
2025Q4,mphasis,36.25510626156853,contrast_lmaioe,DOL OFLC LCA disclosure data; https://www.dol.gov/agencies/eta/foreign-labor/performance
2025Q4,persistent,-134.9926716949016,contrast_lmaioe,DOL OFLC LCA disclosure data; https://www.dol.gov/agencies/eta/foreign-labor/performance
2025Q4,tcs,6.82491005341069,contrast_lmaioe,DOL OFLC LCA disclosure data; https://www.dol.gov/agencies/eta/foreign-labor/performance
2025Q4,techm,-33.536708990634764,contrast_lmaioe,DOL OFLC LCA disclosure data; https://www.dol.gov/agencies/eta/foreign-labor/performance
2025Q4,wipro,4.6796143864099005,contrast_lmaioe,DOL OFLC LCA disclosure data; https://www.dol.gov/agencies/eta/foreign-labor/performance
2025Q4,pooled8,-13.741823841746275,contrast_lmaioe,DOL OFLC LCA disclosure data; https://www.dol.gov/agencies/eta/foreign-labor/performance
2025Q4,pooled_mid,-29.17941813523816,contrast_lmaioe,DOL OFLC LCA disclosure data; https://www.dol.gov/agencies/eta/foreign-labor/performance
2026Q1,accenture,-53.77904165626319,contrast_lmaioe,DOL OFLC LCA disclosure data; https://www.dol.gov/agencies/eta/foreign-labor/performance
2026Q1,capgemini,-14.4040572896963,contrast_lmaioe,DOL OFLC LCA disclosure data; https://www.dol.gov/agencies/eta/foreign-labor/performance
2026Q1,cognizant,15.811345649239513,contrast_lmaioe,DOL OFLC LCA disclosure data; https://www.dol.gov/agencies/eta/foreign-labor/performance
2026Q1,hcltech,-46.72049255402401,contrast_lmaioe,DOL OFLC LCA disclosure data; https://www.dol.gov/agencies/eta/foreign-labor/performance
2026Q1,hexaware,-161.77367152487955,contrast_lmaioe,DOL OFLC LCA disclosure data; https://www.dol.gov/agencies/eta/foreign-labor/performance
2026Q1,infosys,-156.28685845802403,contrast_lmaioe,DOL OFLC LCA disclosure data; https://www.dol.gov/agencies/eta/foreign-labor/performance
2026Q1,ltim,-46.849172382307316,contrast_lmaioe,DOL OFLC LCA disclosure data; https://www.dol.gov/agencies/eta/foreign-labor/performance
2026Q1,mphasis,103.98840157930411,contrast_lmaioe,DOL OFLC LCA disclosure data; https://www.dol.gov/agencies/eta/foreign-labor/performance
2026Q1,persistent,130.62516534463543,contrast_lmaioe,DOL OFLC LCA disclosure data; https://www.dol.gov/agencies/eta/foreign-labor/performance
2026Q1,tcs,-1.962118848592059,contrast_lmaioe,DOL OFLC LCA disclosure data; https://www.dol.gov/agencies/eta/foreign-labor/performance
2026Q1,techm,-17.3688272387967,contrast_lmaioe,DOL OFLC LCA disclosure data; https://www.dol.gov/agencies/eta/foreign-labor/performance
2026Q1,wipro,-19.592683184058096,contrast_lmaioe,DOL OFLC LCA disclosure data; https://www.dol.gov/agencies/eta/foreign-labor/performance
2026Q1,pooled8,-25.62817847459661,contrast_lmaioe,DOL OFLC LCA disclosure data; https://www.dol.gov/agencies/eta/foreign-labor/performance
2026Q1,pooled_mid,-10.573141347972944,contrast_lmaioe,DOL OFLC LCA disclosure data; https://www.dol.gov/agencies/eta/foreign-labor/performance
2026Q2,accenture,1.0076546378283666,contrast_lmaioe,DOL OFLC LCA disclosure data; https://www.dol.gov/agencies/eta/foreign-labor/performance
2026Q2,capgemini,23.050193624539688,contrast_lmaioe,DOL OFLC LCA disclosure data; https://www.dol.gov/agencies/eta/foreign-labor/performance
2026Q2,cognizant,31.79784671976603,contrast_lmaioe,DOL OFLC LCA disclosure data; https://www.dol.gov/agencies/eta/foreign-labor/performance
2026Q2,hcltech,-69.03219895100855,contrast_lmaioe,DOL OFLC LCA disclosure data; https://www.dol.gov/agencies/eta/foreign-labor/performance
2026Q2,hexaware,-8.004270767353653,contrast_lmaioe,DOL OFLC LCA disclosure data; https://www.dol.gov/agencies/eta/foreign-labor/performance
2026Q2,infosys,-141.2820976655237,contrast_lmaioe,DOL OFLC LCA disclosure data; https://www.dol.gov/agencies/eta/foreign-labor/performance
2026Q2,ltim,24.216768297181247,contrast_lmaioe,DOL OFLC LCA disclosure data; https://www.dol.gov/agencies/eta/foreign-labor/performance
2026Q2,mphasis,-14.89751507228467,contrast_lmaioe,DOL OFLC LCA disclosure data; https://www.dol.gov/agencies/eta/foreign-labor/performance
2026Q2,persistent,94.23629721839302,contrast_lmaioe,DOL OFLC LCA disclosure data; https://www.dol.gov/agencies/eta/foreign-labor/performance
2026Q2,tcs,-28.043403993417087,contrast_lmaioe,DOL OFLC LCA disclosure data; https://www.dol.gov/agencies/eta/foreign-labor/performance
2026Q2,techm,-12.110969319833679,contrast_lmaioe,DOL OFLC LCA disclosure data; https://www.dol.gov/agencies/eta/foreign-labor/performance
2026Q2,wipro,-24.966664212021954,contrast_lmaioe,DOL OFLC LCA disclosure data; https://www.dol.gov/agencies/eta/foreign-labor/performance
2026Q2,pooled8,-21.92171310157338,contrast_lmaioe,DOL OFLC LCA disclosure data; https://www.dol.gov/agencies/eta/foreign-labor/performance
2026Q2,pooled_mid,9.701194579680973,contrast_lmaioe,DOL OFLC LCA disclosure data; https://www.dol.gov/agencies/eta/foreign-labor/performance
2016Q3,accenture,-112.83763905745636,contrast_devqa_vs_supnet,DOL OFLC LCA disclosure data; https://www.dol.gov/agencies/eta/foreign-labor/performance
2016Q3,capgemini,34.1979496917544,contrast_devqa_vs_supnet,DOL OFLC LCA disclosure data; https://www.dol.gov/agencies/eta/foreign-labor/performance
2016Q3,cognizant,-40.296510680607994,contrast_devqa_vs_supnet,DOL OFLC LCA disclosure data; https://www.dol.gov/agencies/eta/foreign-labor/performance
2016Q3,hcltech,-6.717615252590541,contrast_devqa_vs_supnet,DOL OFLC LCA disclosure data; https://www.dol.gov/agencies/eta/foreign-labor/performance
2016Q3,infosys,-30.536006739197273,contrast_devqa_vs_supnet,DOL OFLC LCA disclosure data; https://www.dol.gov/agencies/eta/foreign-labor/performance
2016Q3,ltim,-93.89333341949411,contrast_devqa_vs_supnet,DOL OFLC LCA disclosure data; https://www.dol.gov/agencies/eta/foreign-labor/performance
2016Q3,mphasis,-6.090023298594399,contrast_devqa_vs_supnet,DOL OFLC LCA disclosure data; https://www.dol.gov/agencies/eta/foreign-labor/performance
2016Q3,tcs,29.033591280388855,contrast_devqa_vs_supnet,DOL OFLC LCA disclosure data; https://www.dol.gov/agencies/eta/foreign-labor/performance
2016Q3,techm,46.257460544856805,contrast_devqa_vs_supnet,DOL OFLC LCA disclosure data; https://www.dol.gov/agencies/eta/foreign-labor/performance
2016Q3,wipro,-18.73458730529791,contrast_devqa_vs_supnet,DOL OFLC LCA disclosure data; https://www.dol.gov/agencies/eta/foreign-labor/performance
2016Q3,pooled8,-0.4535255114125256,contrast_devqa_vs_supnet,DOL OFLC LCA disclosure data; https://www.dol.gov/agencies/eta/foreign-labor/performance
2016Q3,pooled_mid,19.017798607585974,contrast_devqa_vs_supnet,DOL OFLC LCA disclosure data; https://www.dol.gov/agencies/eta/foreign-labor/performance
2016Q4,accenture,-122.17608237679536,contrast_devqa_vs_supnet,DOL OFLC LCA disclosure data; https://www.dol.gov/agencies/eta/foreign-labor/performance
2016Q4,capgemini,31.22517472750053,contrast_devqa_vs_supnet,DOL OFLC LCA disclosure data; https://www.dol.gov/agencies/eta/foreign-labor/performance
2016Q4,cognizant,-109.33377619348397,contrast_devqa_vs_supnet,DOL OFLC LCA disclosure data; https://www.dol.gov/agencies/eta/foreign-labor/performance
2016Q4,hcltech,-1.629731281680133,contrast_devqa_vs_supnet,DOL OFLC LCA disclosure data; https://www.dol.gov/agencies/eta/foreign-labor/performance
2016Q4,infosys,-21.68914471326459,contrast_devqa_vs_supnet,DOL OFLC LCA disclosure data; https://www.dol.gov/agencies/eta/foreign-labor/performance
2016Q4,ltim,-65.37273765874113,contrast_devqa_vs_supnet,DOL OFLC LCA disclosure data; https://www.dol.gov/agencies/eta/foreign-labor/performance
2016Q4,mphasis,-13.137389448450138,contrast_devqa_vs_supnet,DOL OFLC LCA disclosure data; https://www.dol.gov/agencies/eta/foreign-labor/performance
2016Q4,tcs,31.114613985236094,contrast_devqa_vs_supnet,DOL OFLC LCA disclosure data; https://www.dol.gov/agencies/eta/foreign-labor/performance
2016Q4,techm,42.99884064354413,contrast_devqa_vs_supnet,DOL OFLC LCA disclosure data; https://www.dol.gov/agencies/eta/foreign-labor/performance
2016Q4,wipro,-30.513652926109977,contrast_devqa_vs_supnet,DOL OFLC LCA disclosure data; https://www.dol.gov/agencies/eta/foreign-labor/performance
2016Q4,pooled8,6.990689654188623,contrast_devqa_vs_supnet,DOL OFLC LCA disclosure data; https://www.dol.gov/agencies/eta/foreign-labor/performance
2016Q4,pooled_mid,14.558340167828021,contrast_devqa_vs_supnet,DOL OFLC LCA disclosure data; https://www.dol.gov/agencies/eta/foreign-labor/performance
2017Q1,accenture,-32.432298144529426,contrast_devqa_vs_supnet,DOL OFLC LCA disclosure data; https://www.dol.gov/agencies/eta/foreign-labor/performance
2017Q1,capgemini,-56.94706757338389,contrast_devqa_vs_supnet,DOL OFLC LCA disclosure data; https://www.dol.gov/agencies/eta/foreign-labor/performance
2017Q1,cognizant,-66.15019154903798,contrast_devqa_vs_supnet,DOL OFLC LCA disclosure data; https://www.dol.gov/agencies/eta/foreign-labor/performance
2017Q1,hcltech,21.637832809358855,contrast_devqa_vs_supnet,DOL OFLC LCA disclosure data; https://www.dol.gov/agencies/eta/foreign-labor/performance
2017Q1,infosys,-179.6392164697642,contrast_devqa_vs_supnet,DOL OFLC LCA disclosure data; https://www.dol.gov/agencies/eta/foreign-labor/performance
2017Q1,ltim,104.78411117688523,contrast_devqa_vs_supnet,DOL OFLC LCA disclosure data; https://www.dol.gov/agencies/eta/foreign-labor/performance
2017Q1,mphasis,33.95634291908857,contrast_devqa_vs_supnet,DOL OFLC LCA disclosure data; https://www.dol.gov/agencies/eta/foreign-labor/performance
2017Q1,tcs,-19.353523581223335,contrast_devqa_vs_supnet,DOL OFLC LCA disclosure data; https://www.dol.gov/agencies/eta/foreign-labor/performance
2017Q1,techm,-7.460682543187101,contrast_devqa_vs_supnet,DOL OFLC LCA disclosure data; https://www.dol.gov/agencies/eta/foreign-labor/performance
2017Q1,wipro,-39.57063879913956,contrast_devqa_vs_supnet,DOL OFLC LCA disclosure data; https://www.dol.gov/agencies/eta/foreign-labor/performance
2017Q1,pooled8,6.148914530514443,contrast_devqa_vs_supnet,DOL OFLC LCA disclosure data; https://www.dol.gov/agencies/eta/foreign-labor/performance
2017Q1,pooled_mid,-50.20306169020135,contrast_devqa_vs_supnet,DOL OFLC LCA disclosure data; https://www.dol.gov/agencies/eta/foreign-labor/performance
2017Q2,accenture,-40.15473753792627,contrast_devqa_vs_supnet,DOL OFLC LCA disclosure data; https://www.dol.gov/agencies/eta/foreign-labor/performance
2017Q2,capgemini,-50.154869615925605,contrast_devqa_vs_supnet,DOL OFLC LCA disclosure data; https://www.dol.gov/agencies/eta/foreign-labor/performance
2017Q2,cognizant,-104.3964004035562,contrast_devqa_vs_supnet,DOL OFLC LCA disclosure data; https://www.dol.gov/agencies/eta/foreign-labor/performance
2017Q2,hcltech,19.777973784472064,contrast_devqa_vs_supnet,DOL OFLC LCA disclosure data; https://www.dol.gov/agencies/eta/foreign-labor/performance
2017Q2,infosys,-179.1491432594777,contrast_devqa_vs_supnet,DOL OFLC LCA disclosure data; https://www.dol.gov/agencies/eta/foreign-labor/performance
2017Q2,ltim,56.50385273761824,contrast_devqa_vs_supnet,DOL OFLC LCA disclosure data; https://www.dol.gov/agencies/eta/foreign-labor/performance
2017Q2,mphasis,31.720689778063424,contrast_devqa_vs_supnet,DOL OFLC LCA disclosure data; https://www.dol.gov/agencies/eta/foreign-labor/performance
2017Q2,tcs,-14.121127382465886,contrast_devqa_vs_supnet,DOL OFLC LCA disclosure data; https://www.dol.gov/agencies/eta/foreign-labor/performance
2017Q2,techm,-9.894916399906704,contrast_devqa_vs_supnet,DOL OFLC LCA disclosure data; https://www.dol.gov/agencies/eta/foreign-labor/performance
2017Q2,wipro,-12.670701718612804,contrast_devqa_vs_supnet,DOL OFLC LCA disclosure data; https://www.dol.gov/agencies/eta/foreign-labor/performance
2017Q2,pooled8,11.448131763229853,contrast_devqa_vs_supnet,DOL OFLC LCA disclosure data; https://www.dol.gov/agencies/eta/foreign-labor/performance
2017Q2,pooled_mid,-46.90070528203282,contrast_devqa_vs_supnet,DOL OFLC LCA disclosure data; https://www.dol.gov/agencies/eta/foreign-labor/performance
2017Q3,accenture,-37.929167433243904,contrast_devqa_vs_supnet,DOL OFLC LCA disclosure data; https://www.dol.gov/agencies/eta/foreign-labor/performance
2017Q3,capgemini,49.51110146675208,contrast_devqa_vs_supnet,DOL OFLC LCA disclosure data; https://www.dol.gov/agencies/eta/foreign-labor/performance
2017Q3,cognizant,-99.50656679389692,contrast_devqa_vs_supnet,DOL OFLC LCA disclosure data; https://www.dol.gov/agencies/eta/foreign-labor/performance
2017Q3,hcltech,14.842906060647383,contrast_devqa_vs_supnet,DOL OFLC LCA disclosure data; https://www.dol.gov/agencies/eta/foreign-labor/performance
2017Q3,infosys,-181.0570067180659,contrast_devqa_vs_supnet,DOL OFLC LCA disclosure data; https://www.dol.gov/agencies/eta/foreign-labor/performance
2017Q3,ltim,40.69711229593891,contrast_devqa_vs_supnet,DOL OFLC LCA disclosure data; https://www.dol.gov/agencies/eta/foreign-labor/performance
2017Q3,mphasis,53.44759893213687,contrast_devqa_vs_supnet,DOL OFLC LCA disclosure data; https://www.dol.gov/agencies/eta/foreign-labor/performance
2017Q3,tcs,-3.3629056930189467,contrast_devqa_vs_supnet,DOL OFLC LCA disclosure data; https://www.dol.gov/agencies/eta/foreign-labor/performance
2017Q3,techm,-13.522304454772424,contrast_devqa_vs_supnet,DOL OFLC LCA disclosure data; https://www.dol.gov/agencies/eta/foreign-labor/performance
2017Q3,wipro,-4.560869037367851,contrast_devqa_vs_supnet,DOL OFLC LCA disclosure data; https://www.dol.gov/agencies/eta/foreign-labor/performance
2017Q3,pooled8,7.462018723463395,contrast_devqa_vs_supnet,DOL OFLC LCA disclosure data; https://www.dol.gov/agencies/eta/foreign-labor/performance
2017Q3,pooled_mid,49.4604081921978,contrast_devqa_vs_supnet,DOL OFLC LCA disclosure data; https://www.dol.gov/agencies/eta/foreign-labor/performance
2017Q4,accenture,-36.13557053608457,contrast_devqa_vs_supnet,DOL OFLC LCA disclosure data; https://www.dol.gov/agencies/eta/foreign-labor/performance
2017Q4,capgemini,99.11913474519137,contrast_devqa_vs_supnet,DOL OFLC LCA disclosure data; https://www.dol.gov/agencies/eta/foreign-labor/performance
2017Q4,cognizant,-45.19315202480965,contrast_devqa_vs_supnet,DOL OFLC LCA disclosure data; https://www.dol.gov/agencies/eta/foreign-labor/performance
2017Q4,hcltech,7.441754211421028,contrast_devqa_vs_supnet,DOL OFLC LCA disclosure data; https://www.dol.gov/agencies/eta/foreign-labor/performance
2017Q4,infosys,-195.01835642001762,contrast_devqa_vs_supnet,DOL OFLC LCA disclosure data; https://www.dol.gov/agencies/eta/foreign-labor/performance
2017Q4,ltim,1.8952202249373187,contrast_devqa_vs_supnet,DOL OFLC LCA disclosure data; https://www.dol.gov/agencies/eta/foreign-labor/performance
2017Q4,mphasis,79.40193583418102,contrast_devqa_vs_supnet,DOL OFLC LCA disclosure data; https://www.dol.gov/agencies/eta/foreign-labor/performance
2017Q4,tcs,2.8881961723713845,contrast_devqa_vs_supnet,DOL OFLC LCA disclosure data; https://www.dol.gov/agencies/eta/foreign-labor/performance
2017Q4,techm,-18.701923170957876,contrast_devqa_vs_supnet,DOL OFLC LCA disclosure data; https://www.dol.gov/agencies/eta/foreign-labor/performance
2017Q4,wipro,17.417381023844598,contrast_devqa_vs_supnet,DOL OFLC LCA disclosure data; https://www.dol.gov/agencies/eta/foreign-labor/performance
2017Q4,pooled8,3.508104880458049,contrast_devqa_vs_supnet,DOL OFLC LCA disclosure data; https://www.dol.gov/agencies/eta/foreign-labor/performance
2017Q4,pooled_mid,94.8614982352198,contrast_devqa_vs_supnet,DOL OFLC LCA disclosure data; https://www.dol.gov/agencies/eta/foreign-labor/performance
2018Q1,accenture,31.446436412550106,contrast_devqa_vs_supnet,DOL OFLC LCA disclosure data; https://www.dol.gov/agencies/eta/foreign-labor/performance
2018Q1,capgemini,141.69873280450383,contrast_devqa_vs_supnet,DOL OFLC LCA disclosure data; https://www.dol.gov/agencies/eta/foreign-labor/performance
2018Q1,cognizant,-117.84320060408001,contrast_devqa_vs_supnet,DOL OFLC LCA disclosure data; https://www.dol.gov/agencies/eta/foreign-labor/performance
2018Q1,hcltech,-0.9998714727633313,contrast_devqa_vs_supnet,DOL OFLC LCA disclosure data; https://www.dol.gov/agencies/eta/foreign-labor/performance
2018Q1,infosys,-2.6484366948140377,contrast_devqa_vs_supnet,DOL OFLC LCA disclosure data; https://www.dol.gov/agencies/eta/foreign-labor/performance
2018Q1,ltim,-230.79814652548512,contrast_devqa_vs_supnet,DOL OFLC LCA disclosure data; https://www.dol.gov/agencies/eta/foreign-labor/performance
2018Q1,mphasis,37.45391165450476,contrast_devqa_vs_supnet,DOL OFLC LCA disclosure data; https://www.dol.gov/agencies/eta/foreign-labor/performance
2018Q1,tcs,-26.642659989284475,contrast_devqa_vs_supnet,DOL OFLC LCA disclosure data; https://www.dol.gov/agencies/eta/foreign-labor/performance
2018Q1,techm,-10.977658776264214,contrast_devqa_vs_supnet,DOL OFLC LCA disclosure data; https://www.dol.gov/agencies/eta/foreign-labor/performance
2018Q1,wipro,50.61198546717359,contrast_devqa_vs_supnet,DOL OFLC LCA disclosure data; https://www.dol.gov/agencies/eta/foreign-labor/performance
2018Q1,pooled8,-7.110771887563964,contrast_devqa_vs_supnet,DOL OFLC LCA disclosure data; https://www.dol.gov/agencies/eta/foreign-labor/performance
2018Q1,pooled_mid,123.1295474207074,contrast_devqa_vs_supnet,DOL OFLC LCA disclosure data; https://www.dol.gov/agencies/eta/foreign-labor/performance
2018Q2,accenture,21.088230863234763,contrast_devqa_vs_supnet,DOL OFLC LCA disclosure data; https://www.dol.gov/agencies/eta/foreign-labor/performance
2018Q2,capgemini,156.0682625040663,contrast_devqa_vs_supnet,DOL OFLC LCA disclosure data; https://www.dol.gov/agencies/eta/foreign-labor/performance
2018Q2,cognizant,-42.041186182696705,contrast_devqa_vs_supnet,DOL OFLC LCA disclosure data; https://www.dol.gov/agencies/eta/foreign-labor/performance
2018Q2,hcltech,9.109631275799899,contrast_devqa_vs_supnet,DOL OFLC LCA disclosure data; https://www.dol.gov/agencies/eta/foreign-labor/performance
2018Q2,infosys,-14.891718674122771,contrast_devqa_vs_supnet,DOL OFLC LCA disclosure data; https://www.dol.gov/agencies/eta/foreign-labor/performance
2018Q2,ltim,-103.95601708261663,contrast_devqa_vs_supnet,DOL OFLC LCA disclosure data; https://www.dol.gov/agencies/eta/foreign-labor/performance
2018Q2,mphasis,24.443159002409637,contrast_devqa_vs_supnet,DOL OFLC LCA disclosure data; https://www.dol.gov/agencies/eta/foreign-labor/performance
2018Q2,tcs,-47.08333611951075,contrast_devqa_vs_supnet,DOL OFLC LCA disclosure data; https://www.dol.gov/agencies/eta/foreign-labor/performance
2018Q2,techm,-16.622537075330577,contrast_devqa_vs_supnet,DOL OFLC LCA disclosure data; https://www.dol.gov/agencies/eta/foreign-labor/performance
2018Q2,wipro,23.728246244259182,contrast_devqa_vs_supnet,DOL OFLC LCA disclosure data; https://www.dol.gov/agencies/eta/foreign-labor/performance
2018Q2,pooled8,-19.56674266220208,contrast_devqa_vs_supnet,DOL OFLC LCA disclosure data; https://www.dol.gov/agencies/eta/foreign-labor/performance
2018Q2,pooled_mid,130.34249327807282,contrast_devqa_vs_supnet,DOL OFLC LCA disclosure data; https://www.dol.gov/agencies/eta/foreign-labor/performance
2018Q3,accenture,11.993898331145182,contrast_devqa_vs_supnet,DOL OFLC LCA disclosure data; https://www.dol.gov/agencies/eta/foreign-labor/performance
2018Q3,capgemini,87.80889378913089,contrast_devqa_vs_supnet,DOL OFLC LCA disclosure data; https://www.dol.gov/agencies/eta/foreign-labor/performance
2018Q3,cognizant,-0.7484076314949064,contrast_devqa_vs_supnet,DOL OFLC LCA disclosure data; https://www.dol.gov/agencies/eta/foreign-labor/performance
2018Q3,hcltech,1.2557997155468428,contrast_devqa_vs_supnet,DOL OFLC LCA disclosure data; https://www.dol.gov/agencies/eta/foreign-labor/performance
2018Q3,infosys,-5.852733944729039,contrast_devqa_vs_supnet,DOL OFLC LCA disclosure data; https://www.dol.gov/agencies/eta/foreign-labor/performance
2018Q3,ltim,-31.283949367450855,contrast_devqa_vs_supnet,DOL OFLC LCA disclosure data; https://www.dol.gov/agencies/eta/foreign-labor/performance
2018Q3,mphasis,16.53498700578816,contrast_devqa_vs_supnet,DOL OFLC LCA disclosure data; https://www.dol.gov/agencies/eta/foreign-labor/performance
2018Q3,tcs,-53.42647426824169,contrast_devqa_vs_supnet,DOL OFLC LCA disclosure data; https://www.dol.gov/agencies/eta/foreign-labor/performance
2018Q3,techm,-2.202266901692198,contrast_devqa_vs_supnet,DOL OFLC LCA disclosure data; https://www.dol.gov/agencies/eta/foreign-labor/performance
2018Q3,wipro,19.506458537601613,contrast_devqa_vs_supnet,DOL OFLC LCA disclosure data; https://www.dol.gov/agencies/eta/foreign-labor/performance
2018Q3,pooled8,-13.658306197682718,contrast_devqa_vs_supnet,DOL OFLC LCA disclosure data; https://www.dol.gov/agencies/eta/foreign-labor/performance
2018Q3,pooled_mid,60.08217693994696,contrast_devqa_vs_supnet,DOL OFLC LCA disclosure data; https://www.dol.gov/agencies/eta/foreign-labor/performance
2018Q4,accenture,49.142808381357725,contrast_devqa_vs_supnet,DOL OFLC LCA disclosure data; https://www.dol.gov/agencies/eta/foreign-labor/performance
2018Q4,capgemini,61.26134834852529,contrast_devqa_vs_supnet,DOL OFLC LCA disclosure data; https://www.dol.gov/agencies/eta/foreign-labor/performance
2018Q4,cognizant,-48.905182421643,contrast_devqa_vs_supnet,DOL OFLC LCA disclosure data; https://www.dol.gov/agencies/eta/foreign-labor/performance
2018Q4,hcltech,1.1617549184642115,contrast_devqa_vs_supnet,DOL OFLC LCA disclosure data; https://www.dol.gov/agencies/eta/foreign-labor/performance
2018Q4,infosys,19.056527915839233,contrast_devqa_vs_supnet,DOL OFLC LCA disclosure data; https://www.dol.gov/agencies/eta/foreign-labor/performance
2018Q4,ltim,41.674790727499335,contrast_devqa_vs_supnet,DOL OFLC LCA disclosure data; https://www.dol.gov/agencies/eta/foreign-labor/performance
2018Q4,mphasis,-4.34401286959895,contrast_devqa_vs_supnet,DOL OFLC LCA disclosure data; https://www.dol.gov/agencies/eta/foreign-labor/performance
2018Q4,tcs,-65.10551784184766,contrast_devqa_vs_supnet,DOL OFLC LCA disclosure data; https://www.dol.gov/agencies/eta/foreign-labor/performance
2018Q4,techm,-4.034401771211854,contrast_devqa_vs_supnet,DOL OFLC LCA disclosure data; https://www.dol.gov/agencies/eta/foreign-labor/performance
2018Q4,wipro,11.35614165750124,contrast_devqa_vs_supnet,DOL OFLC LCA disclosure data; https://www.dol.gov/agencies/eta/foreign-labor/performance
2018Q4,pooled8,-15.178382264871878,contrast_devqa_vs_supnet,DOL OFLC LCA disclosure data; https://www.dol.gov/agencies/eta/foreign-labor/performance
2018Q4,pooled_mid,30.010459245033818,contrast_devqa_vs_supnet,DOL OFLC LCA disclosure data; https://www.dol.gov/agencies/eta/foreign-labor/performance
2019Q1,accenture,-42.96049088369671,contrast_devqa_vs_supnet,DOL OFLC LCA disclosure data; https://www.dol.gov/agencies/eta/foreign-labor/performance
2019Q1,capgemini,23.361751647998528,contrast_devqa_vs_supnet,DOL OFLC LCA disclosure data; https://www.dol.gov/agencies/eta/foreign-labor/performance
2019Q1,cognizant,78.31028774319945,contrast_devqa_vs_supnet,DOL OFLC LCA disclosure data; https://www.dol.gov/agencies/eta/foreign-labor/performance
2019Q1,hcltech,-34.50387408215155,contrast_devqa_vs_supnet,DOL OFLC LCA disclosure data; https://www.dol.gov/agencies/eta/foreign-labor/performance
2019Q1,hexaware,-97.83261227936077,contrast_devqa_vs_supnet,DOL OFLC LCA disclosure data; https://www.dol.gov/agencies/eta/foreign-labor/performance
2019Q1,infosys,-65.01176939738758,contrast_devqa_vs_supnet,DOL OFLC LCA disclosure data; https://www.dol.gov/agencies/eta/foreign-labor/performance
2019Q1,ltim,265.25330355984744,contrast_devqa_vs_supnet,DOL OFLC LCA disclosure data; https://www.dol.gov/agencies/eta/foreign-labor/performance
2019Q1,mphasis,80.66198647152066,contrast_devqa_vs_supnet,DOL OFLC LCA disclosure data; https://www.dol.gov/agencies/eta/foreign-labor/performance
2019Q1,persistent,86.59899933993562,contrast_devqa_vs_supnet,DOL OFLC LCA disclosure data; https://www.dol.gov/agencies/eta/foreign-labor/performance
2019Q1,tcs,-47.95710429166694,contrast_devqa_vs_supnet,DOL OFLC LCA disclosure data; https://www.dol.gov/agencies/eta/foreign-labor/performance
2019Q1,techm,-6.243547094079226,contrast_devqa_vs_supnet,DOL OFLC LCA disclosure data; https://www.dol.gov/agencies/eta/foreign-labor/performance
2019Q1,wipro,66.56733734452486,contrast_devqa_vs_supnet,DOL OFLC LCA disclosure data; https://www.dol.gov/agencies/eta/foreign-labor/performance
2019Q1,pooled8,-28.6417035878478,contrast_devqa_vs_supnet,DOL OFLC LCA disclosure data; https://www.dol.gov/agencies/eta/foreign-labor/performance
2019Q1,pooled_mid,18.82609662047134,contrast_devqa_vs_supnet,DOL OFLC LCA disclosure data; https://www.dol.gov/agencies/eta/foreign-labor/performance
2019Q2,accenture,-1.8178402796175188,contrast_devqa_vs_supnet,DOL OFLC LCA disclosure data; https://www.dol.gov/agencies/eta/foreign-labor/performance
2019Q2,capgemini,2.4966147033916535,contrast_devqa_vs_supnet,DOL OFLC LCA disclosure data; https://www.dol.gov/agencies/eta/foreign-labor/performance
2019Q2,cognizant,92.17691416998899,contrast_devqa_vs_supnet,DOL OFLC LCA disclosure data; https://www.dol.gov/agencies/eta/foreign-labor/performance
2019Q2,hcltech,-34.2851977364525,contrast_devqa_vs_supnet,DOL OFLC LCA disclosure data; https://www.dol.gov/agencies/eta/foreign-labor/performance
2019Q2,hexaware,-133.58635074929987,contrast_devqa_vs_supnet,DOL OFLC LCA disclosure data; https://www.dol.gov/agencies/eta/foreign-labor/performance
2019Q2,infosys,-54.16426702537666,contrast_devqa_vs_supnet,DOL OFLC LCA disclosure data; https://www.dol.gov/agencies/eta/foreign-labor/performance
2019Q2,ltim,198.68390237835112,contrast_devqa_vs_supnet,DOL OFLC LCA disclosure data; https://www.dol.gov/agencies/eta/foreign-labor/performance
2019Q2,mphasis,85.15517125750972,contrast_devqa_vs_supnet,DOL OFLC LCA disclosure data; https://www.dol.gov/agencies/eta/foreign-labor/performance
2019Q2,persistent,67.6197622246172,contrast_devqa_vs_supnet,DOL OFLC LCA disclosure data; https://www.dol.gov/agencies/eta/foreign-labor/performance
2019Q2,tcs,-37.58993060801134,contrast_devqa_vs_supnet,DOL OFLC LCA disclosure data; https://www.dol.gov/agencies/eta/foreign-labor/performance
2019Q2,techm,-4.889429287260313,contrast_devqa_vs_supnet,DOL OFLC LCA disclosure data; https://www.dol.gov/agencies/eta/foreign-labor/performance
2019Q2,wipro,99.93566674235191,contrast_devqa_vs_supnet,DOL OFLC LCA disclosure data; https://www.dol.gov/agencies/eta/foreign-labor/performance
2019Q2,pooled8,-18.938285150916716,contrast_devqa_vs_supnet,DOL OFLC LCA disclosure data; https://www.dol.gov/agencies/eta/foreign-labor/performance
2019Q2,pooled_mid,1.5592808663357225,contrast_devqa_vs_supnet,DOL OFLC LCA disclosure data; https://www.dol.gov/agencies/eta/foreign-labor/performance
2019Q3,accenture,20.308245558563797,contrast_devqa_vs_supnet,DOL OFLC LCA disclosure data; https://www.dol.gov/agencies/eta/foreign-labor/performance
2019Q3,capgemini,23.993330384639513,contrast_devqa_vs_supnet,DOL OFLC LCA disclosure data; https://www.dol.gov/agencies/eta/foreign-labor/performance
2019Q3,cognizant,61.93077729304643,contrast_devqa_vs_supnet,DOL OFLC LCA disclosure data; https://www.dol.gov/agencies/eta/foreign-labor/performance
2019Q3,hcltech,-27.68921804306534,contrast_devqa_vs_supnet,DOL OFLC LCA disclosure data; https://www.dol.gov/agencies/eta/foreign-labor/performance
2019Q3,hexaware,7.783505792294451,contrast_devqa_vs_supnet,DOL OFLC LCA disclosure data; https://www.dol.gov/agencies/eta/foreign-labor/performance
2019Q3,infosys,-64.62841705810965,contrast_devqa_vs_supnet,DOL OFLC LCA disclosure data; https://www.dol.gov/agencies/eta/foreign-labor/performance
2019Q3,ltim,133.47329232120717,contrast_devqa_vs_supnet,DOL OFLC LCA disclosure data; https://www.dol.gov/agencies/eta/foreign-labor/performance
2019Q3,mphasis,57.055916984014544,contrast_devqa_vs_supnet,DOL OFLC LCA disclosure data; https://www.dol.gov/agencies/eta/foreign-labor/performance
2019Q3,persistent,75.91051483517427,contrast_devqa_vs_supnet,DOL OFLC LCA disclosure data; https://www.dol.gov/agencies/eta/foreign-labor/performance
2019Q3,tcs,-41.93915797009661,contrast_devqa_vs_supnet,DOL OFLC LCA disclosure data; https://www.dol.gov/agencies/eta/foreign-labor/performance
2019Q3,techm,-6.219058690821541,contrast_devqa_vs_supnet,DOL OFLC LCA disclosure data; https://www.dol.gov/agencies/eta/foreign-labor/performance
2019Q3,wipro,110.36131454615906,contrast_devqa_vs_supnet,DOL OFLC LCA disclosure data; https://www.dol.gov/agencies/eta/foreign-labor/performance
2019Q3,pooled8,-23.485913390338112,contrast_devqa_vs_supnet,DOL OFLC LCA disclosure data; https://www.dol.gov/agencies/eta/foreign-labor/performance
2019Q3,pooled_mid,23.07355287488899,contrast_devqa_vs_supnet,DOL OFLC LCA disclosure data; https://www.dol.gov/agencies/eta/foreign-labor/performance
2019Q4,accenture,22.07903573734544,contrast_devqa_vs_supnet,DOL OFLC LCA disclosure data; https://www.dol.gov/agencies/eta/foreign-labor/performance
2019Q4,capgemini,10.583148884584883,contrast_devqa_vs_supnet,DOL OFLC LCA disclosure data; https://www.dol.gov/agencies/eta/foreign-labor/performance
2019Q4,cognizant,121.97103853739463,contrast_devqa_vs_supnet,DOL OFLC LCA disclosure data; https://www.dol.gov/agencies/eta/foreign-labor/performance
2019Q4,hcltech,-25.56305515164329,contrast_devqa_vs_supnet,DOL OFLC LCA disclosure data; https://www.dol.gov/agencies/eta/foreign-labor/performance
2019Q4,hexaware,6.768909033746808,contrast_devqa_vs_supnet,DOL OFLC LCA disclosure data; https://www.dol.gov/agencies/eta/foreign-labor/performance
2019Q4,infosys,-40.04367877205777,contrast_devqa_vs_supnet,DOL OFLC LCA disclosure data; https://www.dol.gov/agencies/eta/foreign-labor/performance
2019Q4,ltim,82.24488544672903,contrast_devqa_vs_supnet,DOL OFLC LCA disclosure data; https://www.dol.gov/agencies/eta/foreign-labor/performance
2019Q4,mphasis,50.89086027763337,contrast_devqa_vs_supnet,DOL OFLC LCA disclosure data; https://www.dol.gov/agencies/eta/foreign-labor/performance
2019Q4,persistent,87.79718675720184,contrast_devqa_vs_supnet,DOL OFLC LCA disclosure data; https://www.dol.gov/agencies/eta/foreign-labor/performance
2019Q4,tcs,-37.18368295010119,contrast_devqa_vs_supnet,DOL OFLC LCA disclosure data; https://www.dol.gov/agencies/eta/foreign-labor/performance
2019Q4,techm,-5.032053166492847,contrast_devqa_vs_supnet,DOL OFLC LCA disclosure data; https://www.dol.gov/agencies/eta/foreign-labor/performance
2019Q4,wipro,115.83376580671236,contrast_devqa_vs_supnet,DOL OFLC LCA disclosure data; https://www.dol.gov/agencies/eta/foreign-labor/performance
2019Q4,pooled8,-25.847399565747384,contrast_devqa_vs_supnet,DOL OFLC LCA disclosure data; https://www.dol.gov/agencies/eta/foreign-labor/performance
2019Q4,pooled_mid,12.421347526629884,contrast_devqa_vs_supnet,DOL OFLC LCA disclosure data; https://www.dol.gov/agencies/eta/foreign-labor/performance
2020Q1,accenture,216.02399644847472,contrast_devqa_vs_supnet,DOL OFLC LCA disclosure data; https://www.dol.gov/agencies/eta/foreign-labor/performance
2020Q1,capgemini,-17.380889055044342,contrast_devqa_vs_supnet,DOL OFLC LCA disclosure data; https://www.dol.gov/agencies/eta/foreign-labor/performance
2020Q1,cognizant,99.14798519875585,contrast_devqa_vs_supnet,DOL OFLC LCA disclosure data; https://www.dol.gov/agencies/eta/foreign-labor/performance
2020Q1,hcltech,37.94368815835138,contrast_devqa_vs_supnet,DOL OFLC LCA disclosure data; https://www.dol.gov/agencies/eta/foreign-labor/performance
2020Q1,hexaware,106.98698198024557,contrast_devqa_vs_supnet,DOL OFLC LCA disclosure data; https://www.dol.gov/agencies/eta/foreign-labor/performance
2020Q1,infosys,197.74334049013794,contrast_devqa_vs_supnet,DOL OFLC LCA disclosure data; https://www.dol.gov/agencies/eta/foreign-labor/performance
2020Q1,ltim,6.2343130574135515,contrast_devqa_vs_supnet,DOL OFLC LCA disclosure data; https://www.dol.gov/agencies/eta/foreign-labor/performance
2020Q1,mphasis,-48.774728542300934,contrast_devqa_vs_supnet,DOL OFLC LCA disclosure data; https://www.dol.gov/agencies/eta/foreign-labor/performance
2020Q1,tcs,48.764834838043484,contrast_devqa_vs_supnet,DOL OFLC LCA disclosure data; https://www.dol.gov/agencies/eta/foreign-labor/performance
2020Q1,techm,-3.746928854494975,contrast_devqa_vs_supnet,DOL OFLC LCA disclosure data; https://www.dol.gov/agencies/eta/foreign-labor/performance
2020Q1,wipro,73.3308052768199,contrast_devqa_vs_supnet,DOL OFLC LCA disclosure data; https://www.dol.gov/agencies/eta/foreign-labor/performance
2020Q1,pooled8,34.09696745029218,contrast_devqa_vs_supnet,DOL OFLC LCA disclosure data; https://www.dol.gov/agencies/eta/foreign-labor/performance
2020Q1,pooled_mid,-14.344741094718994,contrast_devqa_vs_supnet,DOL OFLC LCA disclosure data; https://www.dol.gov/agencies/eta/foreign-labor/performance
2020Q2,accenture,24.97047174636763,contrast_devqa_vs_supnet,DOL OFLC LCA disclosure data; https://www.dol.gov/agencies/eta/foreign-labor/performance
2020Q2,capgemini,6.57004596062313,contrast_devqa_vs_supnet,DOL OFLC LCA disclosure data; https://www.dol.gov/agencies/eta/foreign-labor/performance
2020Q2,cognizant,114.66182993010167,contrast_devqa_vs_supnet,DOL OFLC LCA disclosure data; https://www.dol.gov/agencies/eta/foreign-labor/performance
2020Q2,hcltech,39.743057681009745,contrast_devqa_vs_supnet,DOL OFLC LCA disclosure data; https://www.dol.gov/agencies/eta/foreign-labor/performance
2020Q2,hexaware,135.4651421358632,contrast_devqa_vs_supnet,DOL OFLC LCA disclosure data; https://www.dol.gov/agencies/eta/foreign-labor/performance
2020Q2,infosys,194.63846449123773,contrast_devqa_vs_supnet,DOL OFLC LCA disclosure data; https://www.dol.gov/agencies/eta/foreign-labor/performance
2020Q2,ltim,-3.108849749481731,contrast_devqa_vs_supnet,DOL OFLC LCA disclosure data; https://www.dol.gov/agencies/eta/foreign-labor/performance
2020Q2,mphasis,-23.759942276634888,contrast_devqa_vs_supnet,DOL OFLC LCA disclosure data; https://www.dol.gov/agencies/eta/foreign-labor/performance
2020Q2,persistent,-46.48885285789652,contrast_devqa_vs_supnet,DOL OFLC LCA disclosure data; https://www.dol.gov/agencies/eta/foreign-labor/performance
2020Q2,tcs,16.054767221716233,contrast_devqa_vs_supnet,DOL OFLC LCA disclosure data; https://www.dol.gov/agencies/eta/foreign-labor/performance
2020Q2,techm,-4.193285162798684,contrast_devqa_vs_supnet,DOL OFLC LCA disclosure data; https://www.dol.gov/agencies/eta/foreign-labor/performance
2020Q2,wipro,19.928033663093103,contrast_devqa_vs_supnet,DOL OFLC LCA disclosure data; https://www.dol.gov/agencies/eta/foreign-labor/performance
2020Q2,pooled8,19.126471047215876,contrast_devqa_vs_supnet,DOL OFLC LCA disclosure data; https://www.dol.gov/agencies/eta/foreign-labor/performance
2020Q2,pooled_mid,7.948274629014316,contrast_devqa_vs_supnet,DOL OFLC LCA disclosure data; https://www.dol.gov/agencies/eta/foreign-labor/performance
2020Q3,accenture,23.618316482201323,contrast_devqa_vs_supnet,DOL OFLC LCA disclosure data; https://www.dol.gov/agencies/eta/foreign-labor/performance
2020Q3,capgemini,-17.502583106985742,contrast_devqa_vs_supnet,DOL OFLC LCA disclosure data; https://www.dol.gov/agencies/eta/foreign-labor/performance
2020Q3,cognizant,133.75916057176136,contrast_devqa_vs_supnet,DOL OFLC LCA disclosure data; https://www.dol.gov/agencies/eta/foreign-labor/performance
2020Q3,hcltech,47.6644125437437,contrast_devqa_vs_supnet,DOL OFLC LCA disclosure data; https://www.dol.gov/agencies/eta/foreign-labor/performance
2020Q3,hexaware,88.62013676926644,contrast_devqa_vs_supnet,DOL OFLC LCA disclosure data; https://www.dol.gov/agencies/eta/foreign-labor/performance
2020Q3,infosys,209.64823336804673,contrast_devqa_vs_supnet,DOL OFLC LCA disclosure data; https://www.dol.gov/agencies/eta/foreign-labor/performance
2020Q3,ltim,16.029463804428435,contrast_devqa_vs_supnet,DOL OFLC LCA disclosure data; https://www.dol.gov/agencies/eta/foreign-labor/performance
2020Q3,mphasis,21.38147608799931,contrast_devqa_vs_supnet,DOL OFLC LCA disclosure data; https://www.dol.gov/agencies/eta/foreign-labor/performance
2020Q3,persistent,-85.44153281560676,contrast_devqa_vs_supnet,DOL OFLC LCA disclosure data; https://www.dol.gov/agencies/eta/foreign-labor/performance
2020Q3,tcs,26.048547630085526,contrast_devqa_vs_supnet,DOL OFLC LCA disclosure data; https://www.dol.gov/agencies/eta/foreign-labor/performance
2020Q3,techm,-15.619880892770075,contrast_devqa_vs_supnet,DOL OFLC LCA disclosure data; https://www.dol.gov/agencies/eta/foreign-labor/performance
2020Q3,wipro,7.295815413790528,contrast_devqa_vs_supnet,DOL OFLC LCA disclosure data; https://www.dol.gov/agencies/eta/foreign-labor/performance
2020Q3,pooled8,26.46867940252198,contrast_devqa_vs_supnet,DOL OFLC LCA disclosure data; https://www.dol.gov/agencies/eta/foreign-labor/performance
2020Q3,pooled_mid,-1.7742366393374613,contrast_devqa_vs_supnet,DOL OFLC LCA disclosure data; https://www.dol.gov/agencies/eta/foreign-labor/performance
2020Q4,accenture,-3.571263079739552,contrast_devqa_vs_supnet,DOL OFLC LCA disclosure data; https://www.dol.gov/agencies/eta/foreign-labor/performance
2020Q4,capgemini,-29.261746856207168,contrast_devqa_vs_supnet,DOL OFLC LCA disclosure data; https://www.dol.gov/agencies/eta/foreign-labor/performance
2020Q4,cognizant,118.4756652587659,contrast_devqa_vs_supnet,DOL OFLC LCA disclosure data; https://www.dol.gov/agencies/eta/foreign-labor/performance
2020Q4,hcltech,59.39507279910231,contrast_devqa_vs_supnet,DOL OFLC LCA disclosure data; https://www.dol.gov/agencies/eta/foreign-labor/performance
2020Q4,hexaware,35.107838901057505,contrast_devqa_vs_supnet,DOL OFLC LCA disclosure data; https://www.dol.gov/agencies/eta/foreign-labor/performance
2020Q4,infosys,159.2487744562893,contrast_devqa_vs_supnet,DOL OFLC LCA disclosure data; https://www.dol.gov/agencies/eta/foreign-labor/performance
2020Q4,ltim,37.38429040066424,contrast_devqa_vs_supnet,DOL OFLC LCA disclosure data; https://www.dol.gov/agencies/eta/foreign-labor/performance
2020Q4,mphasis,52.56818271268448,contrast_devqa_vs_supnet,DOL OFLC LCA disclosure data; https://www.dol.gov/agencies/eta/foreign-labor/performance
2020Q4,persistent,-114.33481825095012,contrast_devqa_vs_supnet,DOL OFLC LCA disclosure data; https://www.dol.gov/agencies/eta/foreign-labor/performance
2020Q4,tcs,21.481190880837698,contrast_devqa_vs_supnet,DOL OFLC LCA disclosure data; https://www.dol.gov/agencies/eta/foreign-labor/performance
2020Q4,techm,8.7112678113265,contrast_devqa_vs_supnet,DOL OFLC LCA disclosure data; https://www.dol.gov/agencies/eta/foreign-labor/performance
2020Q4,wipro,4.410504730919257,contrast_devqa_vs_supnet,DOL OFLC LCA disclosure data; https://www.dol.gov/agencies/eta/foreign-labor/performance
2020Q4,pooled8,35.489401770322225,contrast_devqa_vs_supnet,DOL OFLC LCA disclosure data; https://www.dol.gov/agencies/eta/foreign-labor/performance
2020Q4,pooled_mid,-4.445326677068511,contrast_devqa_vs_supnet,DOL OFLC LCA disclosure data; https://www.dol.gov/agencies/eta/foreign-labor/performance
2021Q1,accenture,-148.06026459522496,contrast_devqa_vs_supnet,DOL OFLC LCA disclosure data; https://www.dol.gov/agencies/eta/foreign-labor/performance
2021Q1,capgemini,66.35343422763476,contrast_devqa_vs_supnet,DOL OFLC LCA disclosure data; https://www.dol.gov/agencies/eta/foreign-labor/performance
2021Q1,cognizant,87.4864365147229,contrast_devqa_vs_supnet,DOL OFLC LCA disclosure data; https://www.dol.gov/agencies/eta/foreign-labor/performance
2021Q1,hcltech,32.581554835240176,contrast_devqa_vs_supnet,DOL OFLC LCA disclosure data; https://www.dol.gov/agencies/eta/foreign-labor/performance
2021Q1,hexaware,-57.924690335398445,contrast_devqa_vs_supnet,DOL OFLC LCA disclosure data; https://www.dol.gov/agencies/eta/foreign-labor/performance
2021Q1,infosys,-34.43544595506918,contrast_devqa_vs_supnet,DOL OFLC LCA disclosure data; https://www.dol.gov/agencies/eta/foreign-labor/performance
2021Q1,ltim,20.84327007976404,contrast_devqa_vs_supnet,DOL OFLC LCA disclosure data; https://www.dol.gov/agencies/eta/foreign-labor/performance
2021Q1,mphasis,175.0437163457232,contrast_devqa_vs_supnet,DOL OFLC LCA disclosure data; https://www.dol.gov/agencies/eta/foreign-labor/performance
2021Q1,tcs,-44.12128535093174,contrast_devqa_vs_supnet,DOL OFLC LCA disclosure data; https://www.dol.gov/agencies/eta/foreign-labor/performance
2021Q1,techm,9.259930412350569,contrast_devqa_vs_supnet,DOL OFLC LCA disclosure data; https://www.dol.gov/agencies/eta/foreign-labor/performance
2021Q1,wipro,-25.96777347243851,contrast_devqa_vs_supnet,DOL OFLC LCA disclosure data; https://www.dol.gov/agencies/eta/foreign-labor/performance
2021Q1,pooled8,-2.930270481161571,contrast_devqa_vs_supnet,DOL OFLC LCA disclosure data; https://www.dol.gov/agencies/eta/foreign-labor/performance
2021Q1,pooled_mid,68.92693574301398,contrast_devqa_vs_supnet,DOL OFLC LCA disclosure data; https://www.dol.gov/agencies/eta/foreign-labor/performance
2021Q2,accenture,153.67372131916233,contrast_devqa_vs_supnet,DOL OFLC LCA disclosure data; https://www.dol.gov/agencies/eta/foreign-labor/performance
2021Q2,capgemini,28.071172816255,contrast_devqa_vs_supnet,DOL OFLC LCA disclosure data; https://www.dol.gov/agencies/eta/foreign-labor/performance
2021Q2,cognizant,-24.923661300596535,contrast_devqa_vs_supnet,DOL OFLC LCA disclosure data; https://www.dol.gov/agencies/eta/foreign-labor/performance
2021Q2,hcltech,22.190727278096468,contrast_devqa_vs_supnet,DOL OFLC LCA disclosure data; https://www.dol.gov/agencies/eta/foreign-labor/performance
2021Q2,hexaware,-70.05063986019556,contrast_devqa_vs_supnet,DOL OFLC LCA disclosure data; https://www.dol.gov/agencies/eta/foreign-labor/performance
2021Q2,infosys,-67.65437028864147,contrast_devqa_vs_supnet,DOL OFLC LCA disclosure data; https://www.dol.gov/agencies/eta/foreign-labor/performance
2021Q2,ltim,-36.016713889895776,contrast_devqa_vs_supnet,DOL OFLC LCA disclosure data; https://www.dol.gov/agencies/eta/foreign-labor/performance
2021Q2,mphasis,157.9400888518164,contrast_devqa_vs_supnet,DOL OFLC LCA disclosure data; https://www.dol.gov/agencies/eta/foreign-labor/performance
2021Q2,persistent,-32.699349266666914,contrast_devqa_vs_supnet,DOL OFLC LCA disclosure data; https://www.dol.gov/agencies/eta/foreign-labor/performance
2021Q2,tcs,-13.703383304050114,contrast_devqa_vs_supnet,DOL OFLC LCA disclosure data; https://www.dol.gov/agencies/eta/foreign-labor/performance
2021Q2,techm,20.537682406705322,contrast_devqa_vs_supnet,DOL OFLC LCA disclosure data; https://www.dol.gov/agencies/eta/foreign-labor/performance
2021Q2,wipro,-5.890735736758412,contrast_devqa_vs_supnet,DOL OFLC LCA disclosure data; https://www.dol.gov/agencies/eta/foreign-labor/performance
2021Q2,pooled8,8.061046540074859,contrast_devqa_vs_supnet,DOL OFLC LCA disclosure data; https://www.dol.gov/agencies/eta/foreign-labor/performance
2021Q2,pooled_mid,46.428789252283764,contrast_devqa_vs_supnet,DOL OFLC LCA disclosure data; https://www.dol.gov/agencies/eta/foreign-labor/performance
2021Q3,accenture,120.42812083376324,contrast_devqa_vs_supnet,DOL OFLC LCA disclosure data; https://www.dol.gov/agencies/eta/foreign-labor/performance
2021Q3,capgemini,77.62849556232177,contrast_devqa_vs_supnet,DOL OFLC LCA disclosure data; https://www.dol.gov/agencies/eta/foreign-labor/performance
2021Q3,cognizant,-43.23507100300435,contrast_devqa_vs_supnet,DOL OFLC LCA disclosure data; https://www.dol.gov/agencies/eta/foreign-labor/performance
2021Q3,hcltech,27.76716171006091,contrast_devqa_vs_supnet,DOL OFLC LCA disclosure data; https://www.dol.gov/agencies/eta/foreign-labor/performance
2021Q3,hexaware,-133.00295225337527,contrast_devqa_vs_supnet,DOL OFLC LCA disclosure data; https://www.dol.gov/agencies/eta/foreign-labor/performance
2021Q3,infosys,-152.90921055690336,contrast_devqa_vs_supnet,DOL OFLC LCA disclosure data; https://www.dol.gov/agencies/eta/foreign-labor/performance
2021Q3,ltim,-79.90931999153827,contrast_devqa_vs_supnet,DOL OFLC LCA disclosure data; https://www.dol.gov/agencies/eta/foreign-labor/performance
2021Q3,mphasis,41.06302036230371,contrast_devqa_vs_supnet,DOL OFLC LCA disclosure data; https://www.dol.gov/agencies/eta/foreign-labor/performance
2021Q3,persistent,0.0,contrast_devqa_vs_supnet,DOL OFLC LCA disclosure data; https://www.dol.gov/agencies/eta/foreign-labor/performance
2021Q3,tcs,-34.714444672094714,contrast_devqa_vs_supnet,DOL OFLC LCA disclosure data; https://www.dol.gov/agencies/eta/foreign-labor/performance
2021Q3,techm,20.192143699205992,contrast_devqa_vs_supnet,DOL OFLC LCA disclosure data; https://www.dol.gov/agencies/eta/foreign-labor/performance
2021Q3,wipro,-9.469426938360971,contrast_devqa_vs_supnet,DOL OFLC LCA disclosure data; https://www.dol.gov/agencies/eta/foreign-labor/performance
2021Q3,pooled8,-6.58886309120426,contrast_devqa_vs_supnet,DOL OFLC LCA disclosure data; https://www.dol.gov/agencies/eta/foreign-labor/performance
2021Q3,pooled_mid,31.32017465399629,contrast_devqa_vs_supnet,DOL OFLC LCA disclosure data; https://www.dol.gov/agencies/eta/foreign-labor/performance
2021Q4,accenture,117.40068340566859,contrast_devqa_vs_supnet,DOL OFLC LCA disclosure data; https://www.dol.gov/agencies/eta/foreign-labor/performance
2021Q4,capgemini,88.4656075149789,contrast_devqa_vs_supnet,DOL OFLC LCA disclosure data; https://www.dol.gov/agencies/eta/foreign-labor/performance
2021Q4,cognizant,-81.91994864553178,contrast_devqa_vs_supnet,DOL OFLC LCA disclosure data; https://www.dol.gov/agencies/eta/foreign-labor/performance
2021Q4,hcltech,22.31357813366261,contrast_devqa_vs_supnet,DOL OFLC LCA disclosure data; https://www.dol.gov/agencies/eta/foreign-labor/performance
2021Q4,hexaware,-116.3150809805681,contrast_devqa_vs_supnet,DOL OFLC LCA disclosure data; https://www.dol.gov/agencies/eta/foreign-labor/performance
2021Q4,infosys,-175.71633047055622,contrast_devqa_vs_supnet,DOL OFLC LCA disclosure data; https://www.dol.gov/agencies/eta/foreign-labor/performance
2021Q4,ltim,-94.77688547172359,contrast_devqa_vs_supnet,DOL OFLC LCA disclosure data; https://www.dol.gov/agencies/eta/foreign-labor/performance
2021Q4,mphasis,9.079209982953579,contrast_devqa_vs_supnet,DOL OFLC LCA disclosure data; https://www.dol.gov/agencies/eta/foreign-labor/performance
2021Q4,persistent,9.352605801082355,contrast_devqa_vs_supnet,DOL OFLC LCA disclosure data; https://www.dol.gov/agencies/eta/foreign-labor/performance
2021Q4,tcs,-16.471970778295773,contrast_devqa_vs_supnet,DOL OFLC LCA disclosure data; https://www.dol.gov/agencies/eta/foreign-labor/performance
2021Q4,techm,-9.401080306670051,contrast_devqa_vs_supnet,DOL OFLC LCA disclosure data; https://www.dol.gov/agencies/eta/foreign-labor/performance
2021Q4,wipro,-9.403837008637517,contrast_devqa_vs_supnet,DOL OFLC LCA disclosure data; https://www.dol.gov/agencies/eta/foreign-labor/performance
2021Q4,pooled8,-9.357080173534627,contrast_devqa_vs_supnet,DOL OFLC LCA disclosure data; https://www.dol.gov/agencies/eta/foreign-labor/performance
2021Q4,pooled_mid,27.18788206690889,contrast_devqa_vs_supnet,DOL OFLC LCA disclosure data; https://www.dol.gov/agencies/eta/foreign-labor/performance
2022Q1,accenture,98.11484868532243,contrast_devqa_vs_supnet,DOL OFLC LCA disclosure data; https://www.dol.gov/agencies/eta/foreign-labor/performance
2022Q1,capgemini,11.38586270258177,contrast_devqa_vs_supnet,DOL OFLC LCA disclosure data; https://www.dol.gov/agencies/eta/foreign-labor/performance
2022Q1,cognizant,-97.34208555628376,contrast_devqa_vs_supnet,DOL OFLC LCA disclosure data; https://www.dol.gov/agencies/eta/foreign-labor/performance
2022Q1,hcltech,15.295695309968984,contrast_devqa_vs_supnet,DOL OFLC LCA disclosure data; https://www.dol.gov/agencies/eta/foreign-labor/performance
2022Q1,hexaware,-115.28252931589951,contrast_devqa_vs_supnet,DOL OFLC LCA disclosure data; https://www.dol.gov/agencies/eta/foreign-labor/performance
2022Q1,infosys,-144.5494907121815,contrast_devqa_vs_supnet,DOL OFLC LCA disclosure data; https://www.dol.gov/agencies/eta/foreign-labor/performance
2022Q1,ltim,-109.89266453397752,contrast_devqa_vs_supnet,DOL OFLC LCA disclosure data; https://www.dol.gov/agencies/eta/foreign-labor/performance
2022Q1,mphasis,-119.58591695517663,contrast_devqa_vs_supnet,DOL OFLC LCA disclosure data; https://www.dol.gov/agencies/eta/foreign-labor/performance
2022Q1,persistent,34.96737484797489,contrast_devqa_vs_supnet,DOL OFLC LCA disclosure data; https://www.dol.gov/agencies/eta/foreign-labor/performance
2022Q1,tcs,-13.256368236473495,contrast_devqa_vs_supnet,DOL OFLC LCA disclosure data; https://www.dol.gov/agencies/eta/foreign-labor/performance
2022Q1,techm,9.47037543919032,contrast_devqa_vs_supnet,DOL OFLC LCA disclosure data; https://www.dol.gov/agencies/eta/foreign-labor/performance
2022Q1,wipro,-5.1936667630170685,contrast_devqa_vs_supnet,DOL OFLC LCA disclosure data; https://www.dol.gov/agencies/eta/foreign-labor/performance
2022Q1,pooled8,-8.921391075665206,contrast_devqa_vs_supnet,DOL OFLC LCA disclosure data; https://www.dol.gov/agencies/eta/foreign-labor/performance
2022Q1,pooled_mid,-49.39181181863521,contrast_devqa_vs_supnet,DOL OFLC LCA disclosure data; https://www.dol.gov/agencies/eta/foreign-labor/performance
2022Q2,accenture,1.2917692080970227,contrast_devqa_vs_supnet,DOL OFLC LCA disclosure data; https://www.dol.gov/agencies/eta/foreign-labor/performance
2022Q2,capgemini,1.4368063266920252,contrast_devqa_vs_supnet,DOL OFLC LCA disclosure data; https://www.dol.gov/agencies/eta/foreign-labor/performance
2022Q2,cognizant,14.738521924328456,contrast_devqa_vs_supnet,DOL OFLC LCA disclosure data; https://www.dol.gov/agencies/eta/foreign-labor/performance
2022Q2,hcltech,15.91048412652792,contrast_devqa_vs_supnet,DOL OFLC LCA disclosure data; https://www.dol.gov/agencies/eta/foreign-labor/performance
2022Q2,hexaware,-60.61358035703156,contrast_devqa_vs_supnet,DOL OFLC LCA disclosure data; https://www.dol.gov/agencies/eta/foreign-labor/performance
2022Q2,infosys,-69.44933141721258,contrast_devqa_vs_supnet,DOL OFLC LCA disclosure data; https://www.dol.gov/agencies/eta/foreign-labor/performance
2022Q2,ltim,-73.09646660599017,contrast_devqa_vs_supnet,DOL OFLC LCA disclosure data; https://www.dol.gov/agencies/eta/foreign-labor/performance
2022Q2,mphasis,-158.49918680827378,contrast_devqa_vs_supnet,DOL OFLC LCA disclosure data; https://www.dol.gov/agencies/eta/foreign-labor/performance
2022Q2,persistent,-171.1509443216469,contrast_devqa_vs_supnet,DOL OFLC LCA disclosure data; https://www.dol.gov/agencies/eta/foreign-labor/performance
2022Q2,tcs,3.9796705674012216,contrast_devqa_vs_supnet,DOL OFLC LCA disclosure data; https://www.dol.gov/agencies/eta/foreign-labor/performance
2022Q2,techm,8.54657711686474,contrast_devqa_vs_supnet,DOL OFLC LCA disclosure data; https://www.dol.gov/agencies/eta/foreign-labor/performance
2022Q2,wipro,1.9715741754107938,contrast_devqa_vs_supnet,DOL OFLC LCA disclosure data; https://www.dol.gov/agencies/eta/foreign-labor/performance
2022Q2,pooled8,-6.533050894134201,contrast_devqa_vs_supnet,DOL OFLC LCA disclosure data; https://www.dol.gov/agencies/eta/foreign-labor/performance
2022Q2,pooled_mid,-69.21523369195066,contrast_devqa_vs_supnet,DOL OFLC LCA disclosure data; https://www.dol.gov/agencies/eta/foreign-labor/performance
2022Q3,accenture,8.295598645975922,contrast_devqa_vs_supnet,DOL OFLC LCA disclosure data; https://www.dol.gov/agencies/eta/foreign-labor/performance
2022Q3,capgemini,-53.217303979598576,contrast_devqa_vs_supnet,DOL OFLC LCA disclosure data; https://www.dol.gov/agencies/eta/foreign-labor/performance
2022Q3,cognizant,18.322694390876713,contrast_devqa_vs_supnet,DOL OFLC LCA disclosure data; https://www.dol.gov/agencies/eta/foreign-labor/performance
2022Q3,hcltech,-1.0552220675773683,contrast_devqa_vs_supnet,DOL OFLC LCA disclosure data; https://www.dol.gov/agencies/eta/foreign-labor/performance
2022Q3,hexaware,-29.888952547217002,contrast_devqa_vs_supnet,DOL OFLC LCA disclosure data; https://www.dol.gov/agencies/eta/foreign-labor/performance
2022Q3,infosys,39.569341349217126,contrast_devqa_vs_supnet,DOL OFLC LCA disclosure data; https://www.dol.gov/agencies/eta/foreign-labor/performance
2022Q3,ltim,-38.41933898814993,contrast_devqa_vs_supnet,DOL OFLC LCA disclosure data; https://www.dol.gov/agencies/eta/foreign-labor/performance
2022Q3,mphasis,-38.19548862426227,contrast_devqa_vs_supnet,DOL OFLC LCA disclosure data; https://www.dol.gov/agencies/eta/foreign-labor/performance
2022Q3,persistent,-216.44347545132285,contrast_devqa_vs_supnet,DOL OFLC LCA disclosure data; https://www.dol.gov/agencies/eta/foreign-labor/performance
2022Q3,tcs,33.96979001642866,contrast_devqa_vs_supnet,DOL OFLC LCA disclosure data; https://www.dol.gov/agencies/eta/foreign-labor/performance
2022Q3,techm,15.303820772489146,contrast_devqa_vs_supnet,DOL OFLC LCA disclosure data; https://www.dol.gov/agencies/eta/foreign-labor/performance
2022Q3,wipro,3.905372292182186,contrast_devqa_vs_supnet,DOL OFLC LCA disclosure data; https://www.dol.gov/agencies/eta/foreign-labor/performance
2022Q3,pooled8,3.626533487118257,contrast_devqa_vs_supnet,DOL OFLC LCA disclosure data; https://www.dol.gov/agencies/eta/foreign-labor/performance
2022Q3,pooled_mid,-59.29447621154915,contrast_devqa_vs_supnet,DOL OFLC LCA disclosure data; https://www.dol.gov/agencies/eta/foreign-labor/performance
2022Q4,accenture,-140.53671875424874,contrast_devqa_vs_supnet,DOL OFLC LCA disclosure data; https://www.dol.gov/agencies/eta/foreign-labor/performance
2022Q4,capgemini,-60.680854442959415,contrast_devqa_vs_supnet,DOL OFLC LCA disclosure data; https://www.dol.gov/agencies/eta/foreign-labor/performance
2022Q4,cognizant,35.704676483597005,contrast_devqa_vs_supnet,DOL OFLC LCA disclosure data; https://www.dol.gov/agencies/eta/foreign-labor/performance
2022Q4,hcltech,-7.502070702026808,contrast_devqa_vs_supnet,DOL OFLC LCA disclosure data; https://www.dol.gov/agencies/eta/foreign-labor/performance
2022Q4,hexaware,66.41596436866931,contrast_devqa_vs_supnet,DOL OFLC LCA disclosure data; https://www.dol.gov/agencies/eta/foreign-labor/performance
2022Q4,infosys,110.18963638692995,contrast_devqa_vs_supnet,DOL OFLC LCA disclosure data; https://www.dol.gov/agencies/eta/foreign-labor/performance
2022Q4,ltim,-45.015632340680696,contrast_devqa_vs_supnet,DOL OFLC LCA disclosure data; https://www.dol.gov/agencies/eta/foreign-labor/performance
2022Q4,mphasis,-37.80807038520815,contrast_devqa_vs_supnet,DOL OFLC LCA disclosure data; https://www.dol.gov/agencies/eta/foreign-labor/performance
2022Q4,persistent,-190.50881545350583,contrast_devqa_vs_supnet,DOL OFLC LCA disclosure data; https://www.dol.gov/agencies/eta/foreign-labor/performance
2022Q4,tcs,13.902903970916846,contrast_devqa_vs_supnet,DOL OFLC LCA disclosure data; https://www.dol.gov/agencies/eta/foreign-labor/performance
2022Q4,techm,12.334095896978198,contrast_devqa_vs_supnet,DOL OFLC LCA disclosure data; https://www.dol.gov/agencies/eta/foreign-labor/performance
2022Q4,wipro,-5.418393267644731,contrast_devqa_vs_supnet,DOL OFLC LCA disclosure data; https://www.dol.gov/agencies/eta/foreign-labor/performance
2022Q4,pooled8,-4.5241986498329485,contrast_devqa_vs_supnet,DOL OFLC LCA disclosure data; https://www.dol.gov/agencies/eta/foreign-labor/performance
2022Q4,pooled_mid,-51.968662404499604,contrast_devqa_vs_supnet,DOL OFLC LCA disclosure data; https://www.dol.gov/agencies/eta/foreign-labor/performance
2023Q1,accenture,-155.1635295223587,contrast_devqa_vs_supnet,DOL OFLC LCA disclosure data; https://www.dol.gov/agencies/eta/foreign-labor/performance
2023Q1,capgemini,-36.911858187888235,contrast_devqa_vs_supnet,DOL OFLC LCA disclosure data; https://www.dol.gov/agencies/eta/foreign-labor/performance
2023Q1,coforge,207.94415416798358,contrast_devqa_vs_supnet,DOL OFLC LCA disclosure data; https://www.dol.gov/agencies/eta/foreign-labor/performance
2023Q1,cognizant,45.40538962071056,contrast_devqa_vs_supnet,DOL OFLC LCA disclosure data; https://www.dol.gov/agencies/eta/foreign-labor/performance
2023Q1,hcltech,-3.3472913771531942,contrast_devqa_vs_supnet,DOL OFLC LCA disclosure data; https://www.dol.gov/agencies/eta/foreign-labor/performance
2023Q1,hexaware,43.59289323873865,contrast_devqa_vs_supnet,DOL OFLC LCA disclosure data; https://www.dol.gov/agencies/eta/foreign-labor/performance
2023Q1,infosys,126.22596589513913,contrast_devqa_vs_supnet,DOL OFLC LCA disclosure data; https://www.dol.gov/agencies/eta/foreign-labor/performance
2023Q1,ltim,-23.23154526765946,contrast_devqa_vs_supnet,DOL OFLC LCA disclosure data; https://www.dol.gov/agencies/eta/foreign-labor/performance
2023Q1,mphasis,-34.83066942682157,contrast_devqa_vs_supnet,DOL OFLC LCA disclosure data; https://www.dol.gov/agencies/eta/foreign-labor/performance
2023Q1,persistent,-177.54989483562747,contrast_devqa_vs_supnet,DOL OFLC LCA disclosure data; https://www.dol.gov/agencies/eta/foreign-labor/performance
2023Q1,tcs,16.48440542287645,contrast_devqa_vs_supnet,DOL OFLC LCA disclosure data; https://www.dol.gov/agencies/eta/foreign-labor/performance
2023Q1,techm,4.633866456895831,contrast_devqa_vs_supnet,DOL OFLC LCA disclosure data; https://www.dol.gov/agencies/eta/foreign-labor/performance
2023Q1,wipro,-8.9549536591438,contrast_devqa_vs_supnet,DOL OFLC LCA disclosure data; https://www.dol.gov/agencies/eta/foreign-labor/performance
2023Q1,pooled8,-3.564289139714426,contrast_devqa_vs_supnet,DOL OFLC LCA disclosure data; https://www.dol.gov/agencies/eta/foreign-labor/performance
2023Q1,pooled_mid,-37.38516695102432,contrast_devqa_vs_supnet,DOL OFLC LCA disclosure data; https://www.dol.gov/agencies/eta/foreign-labor/performance
2023Q2,accenture,-188.24598285542183,contrast_devqa_vs_supnet,DOL OFLC LCA disclosure data; https://www.dol.gov/agencies/eta/foreign-labor/performance
2023Q2,capgemini,-2.9346141675532493,contrast_devqa_vs_supnet,DOL OFLC LCA disclosure data; https://www.dol.gov/agencies/eta/foreign-labor/performance
2023Q2,coforge,187.18021769015914,contrast_devqa_vs_supnet,DOL OFLC LCA disclosure data; https://www.dol.gov/agencies/eta/foreign-labor/performance
2023Q2,cognizant,-37.630230175764275,contrast_devqa_vs_supnet,DOL OFLC LCA disclosure data; https://www.dol.gov/agencies/eta/foreign-labor/performance
2023Q2,hcltech,4.835191179974252,contrast_devqa_vs_supnet,DOL OFLC LCA disclosure data; https://www.dol.gov/agencies/eta/foreign-labor/performance
2023Q2,hexaware,-13.710921397240664,contrast_devqa_vs_supnet,DOL OFLC LCA disclosure data; https://www.dol.gov/agencies/eta/foreign-labor/performance
2023Q2,infosys,116.93678192667997,contrast_devqa_vs_supnet,DOL OFLC LCA disclosure data; https://www.dol.gov/agencies/eta/foreign-labor/performance
2023Q2,ltim,-25.910870000772483,contrast_devqa_vs_supnet,DOL OFLC LCA disclosure data; https://www.dol.gov/agencies/eta/foreign-labor/performance
2023Q2,mphasis,30.538164955118184,contrast_devqa_vs_supnet,DOL OFLC LCA disclosure data; https://www.dol.gov/agencies/eta/foreign-labor/performance
2023Q2,persistent,164.3190199238992,contrast_devqa_vs_supnet,DOL OFLC LCA disclosure data; https://www.dol.gov/agencies/eta/foreign-labor/performance
2023Q2,tcs,-13.861428569361426,contrast_devqa_vs_supnet,DOL OFLC LCA disclosure data; https://www.dol.gov/agencies/eta/foreign-labor/performance
2023Q2,techm,-12.866061545613707,contrast_devqa_vs_supnet,DOL OFLC LCA disclosure data; https://www.dol.gov/agencies/eta/foreign-labor/performance
2023Q2,wipro,-16.44839758160892,contrast_devqa_vs_supnet,DOL OFLC LCA disclosure data; https://www.dol.gov/agencies/eta/foreign-labor/performance
2023Q2,pooled8,-13.477032893410936,contrast_devqa_vs_supnet,DOL OFLC LCA disclosure data; https://www.dol.gov/agencies/eta/foreign-labor/performance
2023Q2,pooled_mid,17.45232193367656,contrast_devqa_vs_supnet,DOL OFLC LCA disclosure data; https://www.dol.gov/agencies/eta/foreign-labor/performance
2023Q3,accenture,-170.61326177271792,contrast_devqa_vs_supnet,DOL OFLC LCA disclosure data; https://www.dol.gov/agencies/eta/foreign-labor/performance
2023Q3,capgemini,34.390979432217925,contrast_devqa_vs_supnet,DOL OFLC LCA disclosure data; https://www.dol.gov/agencies/eta/foreign-labor/performance
2023Q3,cognizant,0.1397624266637969,contrast_devqa_vs_supnet,DOL OFLC LCA disclosure data; https://www.dol.gov/agencies/eta/foreign-labor/performance
2023Q3,hcltech,6.777543517460192,contrast_devqa_vs_supnet,DOL OFLC LCA disclosure data; https://www.dol.gov/agencies/eta/foreign-labor/performance
2023Q3,hexaware,21.325879208166786,contrast_devqa_vs_supnet,DOL OFLC LCA disclosure data; https://www.dol.gov/agencies/eta/foreign-labor/performance
2023Q3,infosys,77.36160504414231,contrast_devqa_vs_supnet,DOL OFLC LCA disclosure data; https://www.dol.gov/agencies/eta/foreign-labor/performance
2023Q3,ltim,-34.46182106905806,contrast_devqa_vs_supnet,DOL OFLC LCA disclosure data; https://www.dol.gov/agencies/eta/foreign-labor/performance
2023Q3,mphasis,-32.836890443888436,contrast_devqa_vs_supnet,DOL OFLC LCA disclosure data; https://www.dol.gov/agencies/eta/foreign-labor/performance
2023Q3,persistent,280.62886406856234,contrast_devqa_vs_supnet,DOL OFLC LCA disclosure data; https://www.dol.gov/agencies/eta/foreign-labor/performance
2023Q3,tcs,-35.172456319359824,contrast_devqa_vs_supnet,DOL OFLC LCA disclosure data; https://www.dol.gov/agencies/eta/foreign-labor/performance
2023Q3,techm,-22.122843192990956,contrast_devqa_vs_supnet,DOL OFLC LCA disclosure data; https://www.dol.gov/agencies/eta/foreign-labor/performance
2023Q3,wipro,-16.811077085754576,contrast_devqa_vs_supnet,DOL OFLC LCA disclosure data; https://www.dol.gov/agencies/eta/foreign-labor/performance
2023Q3,pooled8,-18.579185059704535,contrast_devqa_vs_supnet,DOL OFLC LCA disclosure data; https://www.dol.gov/agencies/eta/foreign-labor/performance
2023Q3,pooled_mid,25.042681287943868,contrast_devqa_vs_supnet,DOL OFLC LCA disclosure data; https://www.dol.gov/agencies/eta/foreign-labor/performance
2023Q4,accenture,60.07570153447464,contrast_devqa_vs_supnet,DOL OFLC LCA disclosure data; https://www.dol.gov/agencies/eta/foreign-labor/performance
2023Q4,capgemini,20.382838455607526,contrast_devqa_vs_supnet,DOL OFLC LCA disclosure data; https://www.dol.gov/agencies/eta/foreign-labor/performance
2023Q4,cognizant,18.459376257650227,contrast_devqa_vs_supnet,DOL OFLC LCA disclosure data; https://www.dol.gov/agencies/eta/foreign-labor/performance
2023Q4,hcltech,9.443683678958447,contrast_devqa_vs_supnet,DOL OFLC LCA disclosure data; https://www.dol.gov/agencies/eta/foreign-labor/performance
2023Q4,hexaware,-37.042449952183475,contrast_devqa_vs_supnet,DOL OFLC LCA disclosure data; https://www.dol.gov/agencies/eta/foreign-labor/performance
2023Q4,infosys,37.71060465107166,contrast_devqa_vs_supnet,DOL OFLC LCA disclosure data; https://www.dol.gov/agencies/eta/foreign-labor/performance
2023Q4,ltim,-26.442024860903736,contrast_devqa_vs_supnet,DOL OFLC LCA disclosure data; https://www.dol.gov/agencies/eta/foreign-labor/performance
2023Q4,mphasis,-17.02779295587068,contrast_devqa_vs_supnet,DOL OFLC LCA disclosure data; https://www.dol.gov/agencies/eta/foreign-labor/performance
2023Q4,persistent,189.61194845522976,contrast_devqa_vs_supnet,DOL OFLC LCA disclosure data; https://www.dol.gov/agencies/eta/foreign-labor/performance
2023Q4,tcs,-35.039194906858825,contrast_devqa_vs_supnet,DOL OFLC LCA disclosure data; https://www.dol.gov/agencies/eta/foreign-labor/performance
2023Q4,techm,-13.899678958054563,contrast_devqa_vs_supnet,DOL OFLC LCA disclosure data; https://www.dol.gov/agencies/eta/foreign-labor/performance
2023Q4,wipro,-9.59471463663834,contrast_devqa_vs_supnet,DOL OFLC LCA disclosure data; https://www.dol.gov/agencies/eta/foreign-labor/performance
2023Q4,pooled8,-14.1267490278128,contrast_devqa_vs_supnet,DOL OFLC LCA disclosure data; https://www.dol.gov/agencies/eta/foreign-labor/performance
2023Q4,pooled_mid,20.366476997279403,contrast_devqa_vs_supnet,DOL OFLC LCA disclosure data; https://www.dol.gov/agencies/eta/foreign-labor/performance
2024Q1,accenture,64.54078659238444,contrast_devqa_vs_supnet,DOL OFLC LCA disclosure data; https://www.dol.gov/agencies/eta/foreign-labor/performance
2024Q1,capgemini,15.01055610139624,contrast_devqa_vs_supnet,DOL OFLC LCA disclosure data; https://www.dol.gov/agencies/eta/foreign-labor/performance
2024Q1,cognizant,42.97348263113786,contrast_devqa_vs_supnet,DOL OFLC LCA disclosure data; https://www.dol.gov/agencies/eta/foreign-labor/performance
2024Q1,hcltech,7.855500806644185,contrast_devqa_vs_supnet,DOL OFLC LCA disclosure data; https://www.dol.gov/agencies/eta/foreign-labor/performance
2024Q1,hexaware,73.90970707518011,contrast_devqa_vs_supnet,DOL OFLC LCA disclosure data; https://www.dol.gov/agencies/eta/foreign-labor/performance
2024Q1,infosys,18.81776892400375,contrast_devqa_vs_supnet,DOL OFLC LCA disclosure data; https://www.dol.gov/agencies/eta/foreign-labor/performance
2024Q1,ltim,-30.987200285280814,contrast_devqa_vs_supnet,DOL OFLC LCA disclosure data; https://www.dol.gov/agencies/eta/foreign-labor/performance
2024Q1,mphasis,76.09609059488494,contrast_devqa_vs_supnet,DOL OFLC LCA disclosure data; https://www.dol.gov/agencies/eta/foreign-labor/performance
2024Q1,persistent,156.6597753757608,contrast_devqa_vs_supnet,DOL OFLC LCA disclosure data; https://www.dol.gov/agencies/eta/foreign-labor/performance
2024Q1,tcs,-60.59367257266666,contrast_devqa_vs_supnet,DOL OFLC LCA disclosure data; https://www.dol.gov/agencies/eta/foreign-labor/performance
2024Q1,techm,-23.536559606784,contrast_devqa_vs_supnet,DOL OFLC LCA disclosure data; https://www.dol.gov/agencies/eta/foreign-labor/performance
2024Q1,wipro,-14.886221328336473,contrast_devqa_vs_supnet,DOL OFLC LCA disclosure data; https://www.dol.gov/agencies/eta/foreign-labor/performance
2024Q1,pooled8,-19.107740316732148,contrast_devqa_vs_supnet,DOL OFLC LCA disclosure data; https://www.dol.gov/agencies/eta/foreign-labor/performance
2024Q1,pooled_mid,62.2378109671738,contrast_devqa_vs_supnet,DOL OFLC LCA disclosure data; https://www.dol.gov/agencies/eta/foreign-labor/performance
2024Q2,accenture,45.91864641932402,contrast_devqa_vs_supnet,DOL OFLC LCA disclosure data; https://www.dol.gov/agencies/eta/foreign-labor/performance
2024Q2,capgemini,6.255003365398757,contrast_devqa_vs_supnet,DOL OFLC LCA disclosure data; https://www.dol.gov/agencies/eta/foreign-labor/performance
2024Q2,cognizant,79.32890554501513,contrast_devqa_vs_supnet,DOL OFLC LCA disclosure data; https://www.dol.gov/agencies/eta/foreign-labor/performance
2024Q2,hcltech,-24.960383611838857,contrast_devqa_vs_supnet,DOL OFLC LCA disclosure data; https://www.dol.gov/agencies/eta/foreign-labor/performance
2024Q2,hexaware,2.0107123299094525,contrast_devqa_vs_supnet,DOL OFLC LCA disclosure data; https://www.dol.gov/agencies/eta/foreign-labor/performance
2024Q2,infosys,-15.596528564169157,contrast_devqa_vs_supnet,DOL OFLC LCA disclosure data; https://www.dol.gov/agencies/eta/foreign-labor/performance
2024Q2,ltim,-43.03620058229119,contrast_devqa_vs_supnet,DOL OFLC LCA disclosure data; https://www.dol.gov/agencies/eta/foreign-labor/performance
2024Q2,mphasis,28.73631440485036,contrast_devqa_vs_supnet,DOL OFLC LCA disclosure data; https://www.dol.gov/agencies/eta/foreign-labor/performance
2024Q2,persistent,-11.778303565638353,contrast_devqa_vs_supnet,DOL OFLC LCA disclosure data; https://www.dol.gov/agencies/eta/foreign-labor/performance
2024Q2,tcs,-45.978632585560455,contrast_devqa_vs_supnet,DOL OFLC LCA disclosure data; https://www.dol.gov/agencies/eta/foreign-labor/performance
2024Q2,techm,-28.586883532760005,contrast_devqa_vs_supnet,DOL OFLC LCA disclosure data; https://www.dol.gov/agencies/eta/foreign-labor/performance
2024Q2,wipro,12.922715245990691,contrast_devqa_vs_supnet,DOL OFLC LCA disclosure data; https://www.dol.gov/agencies/eta/foreign-labor/performance
2024Q2,pooled8,-14.69985511530887,contrast_devqa_vs_supnet,DOL OFLC LCA disclosure data; https://www.dol.gov/agencies/eta/foreign-labor/performance
2024Q2,pooled_mid,5.514181500250809,contrast_devqa_vs_supnet,DOL OFLC LCA disclosure data; https://www.dol.gov/agencies/eta/foreign-labor/performance
2024Q3,accenture,53.89965007326869,contrast_devqa_vs_supnet,DOL OFLC LCA disclosure data; https://www.dol.gov/agencies/eta/foreign-labor/performance
2024Q3,capgemini,-76.21610359836939,contrast_devqa_vs_supnet,DOL OFLC LCA disclosure data; https://www.dol.gov/agencies/eta/foreign-labor/performance
2024Q3,cognizant,60.9662110858296,contrast_devqa_vs_supnet,DOL OFLC LCA disclosure data; https://www.dol.gov/agencies/eta/foreign-labor/performance
2024Q3,hcltech,-25.128026068886385,contrast_devqa_vs_supnet,DOL OFLC LCA disclosure data; https://www.dol.gov/agencies/eta/foreign-labor/performance
2024Q3,hexaware,17.122266372590577,contrast_devqa_vs_supnet,DOL OFLC LCA disclosure data; https://www.dol.gov/agencies/eta/foreign-labor/performance
2024Q3,infosys,-6.367656714812696,contrast_devqa_vs_supnet,DOL OFLC LCA disclosure data; https://www.dol.gov/agencies/eta/foreign-labor/performance
2024Q3,ltim,-37.12846945327124,contrast_devqa_vs_supnet,DOL OFLC LCA disclosure data; https://www.dol.gov/agencies/eta/foreign-labor/performance
2024Q3,mphasis,128.71036722767474,contrast_devqa_vs_supnet,DOL OFLC LCA disclosure data; https://www.dol.gov/agencies/eta/foreign-labor/performance
2024Q3,persistent,-47.822446239059275,contrast_devqa_vs_supnet,DOL OFLC LCA disclosure data; https://www.dol.gov/agencies/eta/foreign-labor/performance
2024Q3,tcs,-34.449131829375524,contrast_devqa_vs_supnet,DOL OFLC LCA disclosure data; https://www.dol.gov/agencies/eta/foreign-labor/performance
2024Q3,techm,-10.209226876220342,contrast_devqa_vs_supnet,DOL OFLC LCA disclosure data; https://www.dol.gov/agencies/eta/foreign-labor/performance
2024Q3,wipro,29.058222174004882,contrast_devqa_vs_supnet,DOL OFLC LCA disclosure data; https://www.dol.gov/agencies/eta/foreign-labor/performance
2024Q3,pooled8,-6.559437927357505,contrast_devqa_vs_supnet,DOL OFLC LCA disclosure data; https://www.dol.gov/agencies/eta/foreign-labor/performance
2024Q3,pooled_mid,-1.760577546712077,contrast_devqa_vs_supnet,DOL OFLC LCA disclosure data; https://www.dol.gov/agencies/eta/foreign-labor/performance
2024Q4,accenture,-146.11956692930082,contrast_devqa_vs_supnet,DOL OFLC LCA disclosure data; https://www.dol.gov/agencies/eta/foreign-labor/performance
2024Q4,capgemini,-61.042061620357956,contrast_devqa_vs_supnet,DOL OFLC LCA disclosure data; https://www.dol.gov/agencies/eta/foreign-labor/performance
2024Q4,cognizant,45.59361058559463,contrast_devqa_vs_supnet,DOL OFLC LCA disclosure data; https://www.dol.gov/agencies/eta/foreign-labor/performance
2024Q4,hcltech,-25.19923830473672,contrast_devqa_vs_supnet,DOL OFLC LCA disclosure data; https://www.dol.gov/agencies/eta/foreign-labor/performance
2024Q4,hexaware,20.443936204757353,contrast_devqa_vs_supnet,DOL OFLC LCA disclosure data; https://www.dol.gov/agencies/eta/foreign-labor/performance
2024Q4,infosys,-3.7633708064237386,contrast_devqa_vs_supnet,DOL OFLC LCA disclosure data; https://www.dol.gov/agencies/eta/foreign-labor/performance
2024Q4,ltim,-40.985844764652505,contrast_devqa_vs_supnet,DOL OFLC LCA disclosure data; https://www.dol.gov/agencies/eta/foreign-labor/performance
2024Q4,mphasis,8.961215868968718,contrast_devqa_vs_supnet,DOL OFLC LCA disclosure data; https://www.dol.gov/agencies/eta/foreign-labor/performance
2024Q4,persistent,84.72978603872036,contrast_devqa_vs_supnet,DOL OFLC LCA disclosure data; https://www.dol.gov/agencies/eta/foreign-labor/performance
2024Q4,tcs,-27.56307489880453,contrast_devqa_vs_supnet,DOL OFLC LCA disclosure data; https://www.dol.gov/agencies/eta/foreign-labor/performance
2024Q4,techm,-5.42977272318798,contrast_devqa_vs_supnet,DOL OFLC LCA disclosure data; https://www.dol.gov/agencies/eta/foreign-labor/performance
2024Q4,wipro,28.277218028136232,contrast_devqa_vs_supnet,DOL OFLC LCA disclosure data; https://www.dol.gov/agencies/eta/foreign-labor/performance
2024Q4,pooled8,-7.053631406292551,contrast_devqa_vs_supnet,DOL OFLC LCA disclosure data; https://www.dol.gov/agencies/eta/foreign-labor/performance
2024Q4,pooled_mid,-19.209614467935015,contrast_devqa_vs_supnet,DOL OFLC LCA disclosure data; https://www.dol.gov/agencies/eta/foreign-labor/performance
2025Q1,accenture,-129.02393758503368,contrast_devqa_vs_supnet,DOL OFLC LCA disclosure data; https://www.dol.gov/agencies/eta/foreign-labor/performance
2025Q1,capgemini,-66.54559729001078,contrast_devqa_vs_supnet,DOL OFLC LCA disclosure data; https://www.dol.gov/agencies/eta/foreign-labor/performance
2025Q1,cognizant,30.31610274073121,contrast_devqa_vs_supnet,DOL OFLC LCA disclosure data; https://www.dol.gov/agencies/eta/foreign-labor/performance
2025Q1,hcltech,-27.260342207381935,contrast_devqa_vs_supnet,DOL OFLC LCA disclosure data; https://www.dol.gov/agencies/eta/foreign-labor/performance
2025Q1,hexaware,-54.7415071198283,contrast_devqa_vs_supnet,DOL OFLC LCA disclosure data; https://www.dol.gov/agencies/eta/foreign-labor/performance
2025Q1,infosys,-2.481795731950495,contrast_devqa_vs_supnet,DOL OFLC LCA disclosure data; https://www.dol.gov/agencies/eta/foreign-labor/performance
2025Q1,ltim,-52.93924356425696,contrast_devqa_vs_supnet,DOL OFLC LCA disclosure data; https://www.dol.gov/agencies/eta/foreign-labor/performance
2025Q1,mphasis,-101.00563352821946,contrast_devqa_vs_supnet,DOL OFLC LCA disclosure data; https://www.dol.gov/agencies/eta/foreign-labor/performance
2025Q1,persistent,-30.61836385267202,contrast_devqa_vs_supnet,DOL OFLC LCA disclosure data; https://www.dol.gov/agencies/eta/foreign-labor/performance
2025Q1,tcs,2.828877229935671,contrast_devqa_vs_supnet,DOL OFLC LCA disclosure data; https://www.dol.gov/agencies/eta/foreign-labor/performance
2025Q1,techm,-19.032999674982634,contrast_devqa_vs_supnet,DOL OFLC LCA disclosure data; https://www.dol.gov/agencies/eta/foreign-labor/performance
2025Q1,wipro,38.605075493839244,contrast_devqa_vs_supnet,DOL OFLC LCA disclosure data; https://www.dol.gov/agencies/eta/foreign-labor/performance
2025Q1,pooled8,-0.3791959450177305,contrast_devqa_vs_supnet,DOL OFLC LCA disclosure data; https://www.dol.gov/agencies/eta/foreign-labor/performance
2025Q1,pooled_mid,-84.54113161582498,contrast_devqa_vs_supnet,DOL OFLC LCA disclosure data; https://www.dol.gov/agencies/eta/foreign-labor/performance
2025Q2,accenture,-190.30684666168966,contrast_devqa_vs_supnet,DOL OFLC LCA disclosure data; https://www.dol.gov/agencies/eta/foreign-labor/performance
2025Q2,capgemini,-94.4288384021483,contrast_devqa_vs_supnet,DOL OFLC LCA disclosure data; https://www.dol.gov/agencies/eta/foreign-labor/performance
2025Q2,cognizant,28.6956119606832,contrast_devqa_vs_supnet,DOL OFLC LCA disclosure data; https://www.dol.gov/agencies/eta/foreign-labor/performance
2025Q2,hcltech,-3.3999501724657257,contrast_devqa_vs_supnet,DOL OFLC LCA disclosure data; https://www.dol.gov/agencies/eta/foreign-labor/performance
2025Q2,hexaware,-26.453289058481523,contrast_devqa_vs_supnet,DOL OFLC LCA disclosure data; https://www.dol.gov/agencies/eta/foreign-labor/performance
2025Q2,infosys,-47.007661436522504,contrast_devqa_vs_supnet,DOL OFLC LCA disclosure data; https://www.dol.gov/agencies/eta/foreign-labor/performance
2025Q2,ltim,-55.210206575084726,contrast_devqa_vs_supnet,DOL OFLC LCA disclosure data; https://www.dol.gov/agencies/eta/foreign-labor/performance
2025Q2,mphasis,-81.09805826320135,contrast_devqa_vs_supnet,DOL OFLC LCA disclosure data; https://www.dol.gov/agencies/eta/foreign-labor/performance
2025Q2,persistent,-23.601006190746006,contrast_devqa_vs_supnet,DOL OFLC LCA disclosure data; https://www.dol.gov/agencies/eta/foreign-labor/performance
2025Q2,tcs,11.493518693027752,contrast_devqa_vs_supnet,DOL OFLC LCA disclosure data; https://www.dol.gov/agencies/eta/foreign-labor/performance
2025Q2,techm,-5.240874347141613,contrast_devqa_vs_supnet,DOL OFLC LCA disclosure data; https://www.dol.gov/agencies/eta/foreign-labor/performance
2025Q2,wipro,2.681730429556435,contrast_devqa_vs_supnet,DOL OFLC LCA disclosure data; https://www.dol.gov/agencies/eta/foreign-labor/performance
2025Q2,pooled8,-3.7581049256800885,contrast_devqa_vs_supnet,DOL OFLC LCA disclosure data; https://www.dol.gov/agencies/eta/foreign-labor/performance
2025Q2,pooled_mid,-70.2672626207434,contrast_devqa_vs_supnet,DOL OFLC LCA disclosure data; https://www.dol.gov/agencies/eta/foreign-labor/performance
2025Q3,accenture,-212.2882166076981,contrast_devqa_vs_supnet,DOL OFLC LCA disclosure data; https://www.dol.gov/agencies/eta/foreign-labor/performance
2025Q3,capgemini,-13.815239575322364,contrast_devqa_vs_supnet,DOL OFLC LCA disclosure data; https://www.dol.gov/agencies/eta/foreign-labor/performance
2025Q3,cognizant,23.78608680530807,contrast_devqa_vs_supnet,DOL OFLC LCA disclosure data; https://www.dol.gov/agencies/eta/foreign-labor/performance
2025Q3,hcltech,-6.098784457441695,contrast_devqa_vs_supnet,DOL OFLC LCA disclosure data; https://www.dol.gov/agencies/eta/foreign-labor/performance
2025Q3,hexaware,-39.389328998992006,contrast_devqa_vs_supnet,DOL OFLC LCA disclosure data; https://www.dol.gov/agencies/eta/foreign-labor/performance
2025Q3,infosys,-90.07918050495894,contrast_devqa_vs_supnet,DOL OFLC LCA disclosure data; https://www.dol.gov/agencies/eta/foreign-labor/performance
2025Q3,ltim,-63.14392327222763,contrast_devqa_vs_supnet,DOL OFLC LCA disclosure data; https://www.dol.gov/agencies/eta/foreign-labor/performance
2025Q3,mphasis,-151.06612165589897,contrast_devqa_vs_supnet,DOL OFLC LCA disclosure data; https://www.dol.gov/agencies/eta/foreign-labor/performance
2025Q3,persistent,-67.79333119241176,contrast_devqa_vs_supnet,DOL OFLC LCA disclosure data; https://www.dol.gov/agencies/eta/foreign-labor/performance
2025Q3,tcs,12.428739581929445,contrast_devqa_vs_supnet,DOL OFLC LCA disclosure data; https://www.dol.gov/agencies/eta/foreign-labor/performance
2025Q3,techm,-33.68204027267427,contrast_devqa_vs_supnet,DOL OFLC LCA disclosure data; https://www.dol.gov/agencies/eta/foreign-labor/performance
2025Q3,wipro,-17.297161898921736,contrast_devqa_vs_supnet,DOL OFLC LCA disclosure data; https://www.dol.gov/agencies/eta/foreign-labor/performance
2025Q3,pooled8,-13.516621001997793,contrast_devqa_vs_supnet,DOL OFLC LCA disclosure data; https://www.dol.gov/agencies/eta/foreign-labor/performance
2025Q3,pooled_mid,-58.0759464520646,contrast_devqa_vs_supnet,DOL OFLC LCA disclosure data; https://www.dol.gov/agencies/eta/foreign-labor/performance
2025Q4,accenture,-68.65026378412769,contrast_devqa_vs_supnet,DOL OFLC LCA disclosure data; https://www.dol.gov/agencies/eta/foreign-labor/performance
2025Q4,capgemini,-11.784345314122188,contrast_devqa_vs_supnet,DOL OFLC LCA disclosure data; https://www.dol.gov/agencies/eta/foreign-labor/performance
2025Q4,cognizant,20.47414102165909,contrast_devqa_vs_supnet,DOL OFLC LCA disclosure data; https://www.dol.gov/agencies/eta/foreign-labor/performance
2025Q4,hcltech,-18.06441016944099,contrast_devqa_vs_supnet,DOL OFLC LCA disclosure data; https://www.dol.gov/agencies/eta/foreign-labor/performance
2025Q4,hexaware,-68.0210389529226,contrast_devqa_vs_supnet,DOL OFLC LCA disclosure data; https://www.dol.gov/agencies/eta/foreign-labor/performance
2025Q4,infosys,-124.12888295460814,contrast_devqa_vs_supnet,DOL OFLC LCA disclosure data; https://www.dol.gov/agencies/eta/foreign-labor/performance
2025Q4,ltim,-61.007053842346316,contrast_devqa_vs_supnet,DOL OFLC LCA disclosure data; https://www.dol.gov/agencies/eta/foreign-labor/performance
2025Q4,mphasis,24.838537269381597,contrast_devqa_vs_supnet,DOL OFLC LCA disclosure data; https://www.dol.gov/agencies/eta/foreign-labor/performance
2025Q4,persistent,-135.96261140377294,contrast_devqa_vs_supnet,DOL OFLC LCA disclosure data; https://www.dol.gov/agencies/eta/foreign-labor/performance
2025Q4,tcs,11.229280944189235,contrast_devqa_vs_supnet,DOL OFLC LCA disclosure data; https://www.dol.gov/agencies/eta/foreign-labor/performance
2025Q4,techm,-43.00590313686703,contrast_devqa_vs_supnet,DOL OFLC LCA disclosure data; https://www.dol.gov/agencies/eta/foreign-labor/performance
2025Q4,wipro,-16.26586975565873,contrast_devqa_vs_supnet,DOL OFLC LCA disclosure data; https://www.dol.gov/agencies/eta/foreign-labor/performance
2025Q4,pooled8,-15.239146924806144,contrast_devqa_vs_supnet,DOL OFLC LCA disclosure data; https://www.dol.gov/agencies/eta/foreign-labor/performance
2025Q4,pooled_mid,-19.477660293540215,contrast_devqa_vs_supnet,DOL OFLC LCA disclosure data; https://www.dol.gov/agencies/eta/foreign-labor/performance
2026Q1,accenture,-72.51966420880133,contrast_devqa_vs_supnet,DOL OFLC LCA disclosure data; https://www.dol.gov/agencies/eta/foreign-labor/performance
2026Q1,capgemini,-9.69122879662099,contrast_devqa_vs_supnet,DOL OFLC LCA disclosure data; https://www.dol.gov/agencies/eta/foreign-labor/performance
2026Q1,cognizant,13.51132913496536,contrast_devqa_vs_supnet,DOL OFLC LCA disclosure data; https://www.dol.gov/agencies/eta/foreign-labor/performance
2026Q1,hcltech,-31.099457413434102,contrast_devqa_vs_supnet,DOL OFLC LCA disclosure data; https://www.dol.gov/agencies/eta/foreign-labor/performance
2026Q1,hexaware,-107.68298021910718,contrast_devqa_vs_supnet,DOL OFLC LCA disclosure data; https://www.dol.gov/agencies/eta/foreign-labor/performance
2026Q1,infosys,-184.60869033009456,contrast_devqa_vs_supnet,DOL OFLC LCA disclosure data; https://www.dol.gov/agencies/eta/foreign-labor/performance
2026Q1,ltim,-56.681527667522204,contrast_devqa_vs_supnet,DOL OFLC LCA disclosure data; https://www.dol.gov/agencies/eta/foreign-labor/performance
2026Q1,mphasis,78.30850280982204,contrast_devqa_vs_supnet,DOL OFLC LCA disclosure data; https://www.dol.gov/agencies/eta/foreign-labor/performance
2026Q1,persistent,185.95320843097772,contrast_devqa_vs_supnet,DOL OFLC LCA disclosure data; https://www.dol.gov/agencies/eta/foreign-labor/performance
2026Q1,tcs,4.186891694533346,contrast_devqa_vs_supnet,DOL OFLC LCA disclosure data; https://www.dol.gov/agencies/eta/foreign-labor/performance
2026Q1,techm,-16.949862856898342,contrast_devqa_vs_supnet,DOL OFLC LCA disclosure data; https://www.dol.gov/agencies/eta/foreign-labor/performance
2026Q1,wipro,-31.824317377246373,contrast_devqa_vs_supnet,DOL OFLC LCA disclosure data; https://www.dol.gov/agencies/eta/foreign-labor/performance
2026Q1,pooled8,-24.17250021538038,contrast_devqa_vs_supnet,DOL OFLC LCA disclosure data; https://www.dol.gov/agencies/eta/foreign-labor/performance
2026Q1,pooled_mid,23.493804025977504,contrast_devqa_vs_supnet,DOL OFLC LCA disclosure data; https://www.dol.gov/agencies/eta/foreign-labor/performance
2026Q2,accenture,74.8103241397655,contrast_devqa_vs_supnet,DOL OFLC LCA disclosure data; https://www.dol.gov/agencies/eta/foreign-labor/performance
2026Q2,capgemini,60.339054548769546,contrast_devqa_vs_supnet,DOL OFLC LCA disclosure data; https://www.dol.gov/agencies/eta/foreign-labor/performance
2026Q2,cognizant,11.64103518444113,contrast_devqa_vs_supnet,DOL OFLC LCA disclosure data; https://www.dol.gov/agencies/eta/foreign-labor/performance
2026Q2,hcltech,-47.43914437821901,contrast_devqa_vs_supnet,DOL OFLC LCA disclosure data; https://www.dol.gov/agencies/eta/foreign-labor/performance
2026Q2,hexaware,-3.650890905689714,contrast_devqa_vs_supnet,DOL OFLC LCA disclosure data; https://www.dol.gov/agencies/eta/foreign-labor/performance
2026Q2,infosys,-135.88750813325066,contrast_devqa_vs_supnet,DOL OFLC LCA disclosure data; https://www.dol.gov/agencies/eta/foreign-labor/performance
2026Q2,ltim,30.72635342046506,contrast_devqa_vs_supnet,DOL OFLC LCA disclosure data; https://www.dol.gov/agencies/eta/foreign-labor/performance
2026Q2,mphasis,32.25978247647135,contrast_devqa_vs_supnet,DOL OFLC LCA disclosure data; https://www.dol.gov/agencies/eta/foreign-labor/performance
2026Q2,tcs,15.56917242626563,contrast_devqa_vs_supnet,DOL OFLC LCA disclosure data; https://www.dol.gov/agencies/eta/foreign-labor/performance
2026Q2,techm,-28.35314587254678,contrast_devqa_vs_supnet,DOL OFLC LCA disclosure data; https://www.dol.gov/agencies/eta/foreign-labor/performance
2026Q2,wipro,-6.025919151819686,contrast_devqa_vs_supnet,DOL OFLC LCA disclosure data; https://www.dol.gov/agencies/eta/foreign-labor/performance
2026Q2,pooled8,-7.319522275100091,contrast_devqa_vs_supnet,DOL OFLC LCA disclosure data; https://www.dol.gov/agencies/eta/foreign-labor/performance
2026Q2,pooled_mid,47.173480316640536,contrast_devqa_vs_supnet,DOL OFLC LCA disclosure data; https://www.dol.gov/agencies/eta/foreign-labor/performance
2016Q4,accenture,-58.768756987281904,contrast_L12_vs_L34,DOL OFLC LCA disclosure data; https://www.dol.gov/agencies/eta/foreign-labor/performance
2016Q4,capgemini,-146.66993240648725,contrast_L12_vs_L34,DOL OFLC LCA disclosure data; https://www.dol.gov/agencies/eta/foreign-labor/performance
2016Q4,coforge,-96.50808960435872,contrast_L12_vs_L34,DOL OFLC LCA disclosure data; https://www.dol.gov/agencies/eta/foreign-labor/performance
2016Q4,cognizant,-7.696618782976358,contrast_L12_vs_L34,DOL OFLC LCA disclosure data; https://www.dol.gov/agencies/eta/foreign-labor/performance
2016Q4,hcltech,-18.28695135168016,contrast_L12_vs_L34,DOL OFLC LCA disclosure data; https://www.dol.gov/agencies/eta/foreign-labor/performance
2016Q4,hexaware,74.84163825836904,contrast_L12_vs_L34,DOL OFLC LCA disclosure data; https://www.dol.gov/agencies/eta/foreign-labor/performance
2016Q4,infosys,-51.25017625357228,contrast_L12_vs_L34,DOL OFLC LCA disclosure data; https://www.dol.gov/agencies/eta/foreign-labor/performance
2016Q4,ltim,-136.43971467919084,contrast_L12_vs_L34,DOL OFLC LCA disclosure data; https://www.dol.gov/agencies/eta/foreign-labor/performance
2016Q4,mphasis,-41.095962742580525,contrast_L12_vs_L34,DOL OFLC LCA disclosure data; https://www.dol.gov/agencies/eta/foreign-labor/performance
2016Q4,persistent,-243.12316930659622,contrast_L12_vs_L34,DOL OFLC LCA disclosure data; https://www.dol.gov/agencies/eta/foreign-labor/performance
2016Q4,tcs,-15.555653770506495,contrast_L12_vs_L34,DOL OFLC LCA disclosure data; https://www.dol.gov/agencies/eta/foreign-labor/performance
2016Q4,techm,24.969413205595288,contrast_L12_vs_L34,DOL OFLC LCA disclosure data; https://www.dol.gov/agencies/eta/foreign-labor/performance
2016Q4,wipro,-26.101708839821924,contrast_L12_vs_L34,DOL OFLC LCA disclosure data; https://www.dol.gov/agencies/eta/foreign-labor/performance
2016Q4,pooled8,-47.72324899350906,contrast_L12_vs_L34,DOL OFLC LCA disclosure data; https://www.dol.gov/agencies/eta/foreign-labor/performance
2016Q4,pooled_mid,-143.02046577070735,contrast_L12_vs_L34,DOL OFLC LCA disclosure data; https://www.dol.gov/agencies/eta/foreign-labor/performance
2017Q1,accenture,-29.299953398822428,contrast_L12_vs_L34,DOL OFLC LCA disclosure data; https://www.dol.gov/agencies/eta/foreign-labor/performance
2017Q1,capgemini,-88.1715476488594,contrast_L12_vs_L34,DOL OFLC LCA disclosure data; https://www.dol.gov/agencies/eta/foreign-labor/performance
2017Q1,coforge,12.814582269193014,contrast_L12_vs_L34,DOL OFLC LCA disclosure data; https://www.dol.gov/agencies/eta/foreign-labor/performance
2017Q1,cognizant,16.553495782218622,contrast_L12_vs_L34,DOL OFLC LCA disclosure data; https://www.dol.gov/agencies/eta/foreign-labor/performance
2017Q1,hcltech,-40.51766944555768,contrast_L12_vs_L34,DOL OFLC LCA disclosure data; https://www.dol.gov/agencies/eta/foreign-labor/performance
2017Q1,hexaware,210.4654542342762,contrast_L12_vs_L34,DOL OFLC LCA disclosure data; https://www.dol.gov/agencies/eta/foreign-labor/performance
2017Q1,infosys,12.04749918432611,contrast_L12_vs_L34,DOL OFLC LCA disclosure data; https://www.dol.gov/agencies/eta/foreign-labor/performance
2017Q1,ltim,-86.14026836668339,contrast_L12_vs_L34,DOL OFLC LCA disclosure data; https://www.dol.gov/agencies/eta/foreign-labor/performance
2017Q1,mphasis,64.70214324294996,contrast_L12_vs_L34,DOL OFLC LCA disclosure data; https://www.dol.gov/agencies/eta/foreign-labor/performance
2017Q1,tcs,5.236852437507664,contrast_L12_vs_L34,DOL OFLC LCA disclosure data; https://www.dol.gov/agencies/eta/foreign-labor/performance
2017Q1,techm,313.3328859100233,contrast_L12_vs_L34,DOL OFLC LCA disclosure data; https://www.dol.gov/agencies/eta/foreign-labor/performance
2017Q1,wipro,-2.443123354135075,contrast_L12_vs_L34,DOL OFLC LCA disclosure data; https://www.dol.gov/agencies/eta/foreign-labor/performance
2017Q1,pooled8,-2.9422479804567487,contrast_L12_vs_L34,DOL OFLC LCA disclosure data; https://www.dol.gov/agencies/eta/foreign-labor/performance
2017Q1,pooled_mid,-83.59154518771443,contrast_L12_vs_L34,DOL OFLC LCA disclosure data; https://www.dol.gov/agencies/eta/foreign-labor/performance
2017Q2,accenture,-29.11479896300392,contrast_L12_vs_L34,DOL OFLC LCA disclosure data; https://www.dol.gov/agencies/eta/foreign-labor/performance
2017Q2,capgemini,-140.0257335797826,contrast_L12_vs_L34,DOL OFLC LCA disclosure data; https://www.dol.gov/agencies/eta/foreign-labor/performance
2017Q2,coforge,32.04718952747719,contrast_L12_vs_L34,DOL OFLC LCA disclosure data; https://www.dol.gov/agencies/eta/foreign-labor/performance
2017Q2,cognizant,20.570894560633675,contrast_L12_vs_L34,DOL OFLC LCA disclosure data; https://www.dol.gov/agencies/eta/foreign-labor/performance
2017Q2,hcltech,-32.885117191889435,contrast_L12_vs_L34,DOL OFLC LCA disclosure data; https://www.dol.gov/agencies/eta/foreign-labor/performance
2017Q2,hexaware,140.18186056233827,contrast_L12_vs_L34,DOL OFLC LCA disclosure data; https://www.dol.gov/agencies/eta/foreign-labor/performance
2017Q2,infosys,22.97782413803202,contrast_L12_vs_L34,DOL OFLC LCA disclosure data; https://www.dol.gov/agencies/eta/foreign-labor/performance
2017Q2,ltim,-48.93204474939917,contrast_L12_vs_L34,DOL OFLC LCA disclosure data; https://www.dol.gov/agencies/eta/foreign-labor/performance
2017Q2,mphasis,77.02092600953438,contrast_L12_vs_L34,DOL OFLC LCA disclosure data; https://www.dol.gov/agencies/eta/foreign-labor/performance
2017Q2,tcs,19.24073514688368,contrast_L12_vs_L34,DOL OFLC LCA disclosure data; https://www.dol.gov/agencies/eta/foreign-labor/performance
2017Q2,techm,270.03856645420296,contrast_L12_vs_L34,DOL OFLC LCA disclosure data; https://www.dol.gov/agencies/eta/foreign-labor/performance
2017Q2,wipro,4.116276238015423,contrast_L12_vs_L34,DOL OFLC LCA disclosure data; https://www.dol.gov/agencies/eta/foreign-labor/performance
2017Q2,pooled8,2.619834853480455,contrast_L12_vs_L34,DOL OFLC LCA disclosure data; https://www.dol.gov/agencies/eta/foreign-labor/performance
2017Q2,pooled_mid,-123.04466603598937,contrast_L12_vs_L34,DOL OFLC LCA disclosure data; https://www.dol.gov/agencies/eta/foreign-labor/performance
2017Q4,accenture,2.6754165374693457,contrast_L12_vs_L34,DOL OFLC LCA disclosure data; https://www.dol.gov/agencies/eta/foreign-labor/performance
2017Q4,capgemini,25.96434034824682,contrast_L12_vs_L34,DOL OFLC LCA disclosure data; https://www.dol.gov/agencies/eta/foreign-labor/performance
2017Q4,coforge,43.65556951781956,contrast_L12_vs_L34,DOL OFLC LCA disclosure data; https://www.dol.gov/agencies/eta/foreign-labor/performance
2017Q4,cognizant,-62.72478098599035,contrast_L12_vs_L34,DOL OFLC LCA disclosure data; https://www.dol.gov/agencies/eta/foreign-labor/performance
2017Q4,hcltech,-24.943502482951985,contrast_L12_vs_L34,DOL OFLC LCA disclosure data; https://www.dol.gov/agencies/eta/foreign-labor/performance
2017Q4,hexaware,51.21815561771264,contrast_L12_vs_L34,DOL OFLC LCA disclosure data; https://www.dol.gov/agencies/eta/foreign-labor/performance
2017Q4,infosys,12.071316791780845,contrast_L12_vs_L34,DOL OFLC LCA disclosure data; https://www.dol.gov/agencies/eta/foreign-labor/performance
2017Q4,ltim,78.06947071356807,contrast_L12_vs_L34,DOL OFLC LCA disclosure data; https://www.dol.gov/agencies/eta/foreign-labor/performance
2017Q4,mphasis,41.03638573754162,contrast_L12_vs_L34,DOL OFLC LCA disclosure data; https://www.dol.gov/agencies/eta/foreign-labor/performance
2017Q4,persistent,190.6398836781471,contrast_L12_vs_L34,DOL OFLC LCA disclosure data; https://www.dol.gov/agencies/eta/foreign-labor/performance
2017Q4,tcs,19.333995448352567,contrast_L12_vs_L34,DOL OFLC LCA disclosure data; https://www.dol.gov/agencies/eta/foreign-labor/performance
2017Q4,techm,228.39325249649102,contrast_L12_vs_L34,DOL OFLC LCA disclosure data; https://www.dol.gov/agencies/eta/foreign-labor/performance
2017Q4,wipro,7.318284607333283,contrast_L12_vs_L34,DOL OFLC LCA disclosure data; https://www.dol.gov/agencies/eta/foreign-labor/performance
2017Q4,pooled8,24.391304053542257,contrast_L12_vs_L34,DOL OFLC LCA disclosure data; https://www.dol.gov/agencies/eta/foreign-labor/performance
2017Q4,pooled_mid,24.488053557102376,contrast_L12_vs_L34,DOL OFLC LCA disclosure data; https://www.dol.gov/agencies/eta/foreign-labor/performance
2018Q1,accenture,-17.628733142217733,contrast_L12_vs_L34,DOL OFLC LCA disclosure data; https://www.dol.gov/agencies/eta/foreign-labor/performance
2018Q1,capgemini,-28.753261779031916,contrast_L12_vs_L34,DOL OFLC LCA disclosure data; https://www.dol.gov/agencies/eta/foreign-labor/performance
2018Q1,coforge,-56.37480252203333,contrast_L12_vs_L34,DOL OFLC LCA disclosure data; https://www.dol.gov/agencies/eta/foreign-labor/performance
2018Q1,cognizant,49.000187390843834,contrast_L12_vs_L34,DOL OFLC LCA disclosure data; https://www.dol.gov/agencies/eta/foreign-labor/performance
2018Q1,hcltech,-15.111062683986951,contrast_L12_vs_L34,DOL OFLC LCA disclosure data; https://www.dol.gov/agencies/eta/foreign-labor/performance
2018Q1,hexaware,-53.56575994671723,contrast_L12_vs_L34,DOL OFLC LCA disclosure data; https://www.dol.gov/agencies/eta/foreign-labor/performance
2018Q1,infosys,-23.699678286719795,contrast_L12_vs_L34,DOL OFLC LCA disclosure data; https://www.dol.gov/agencies/eta/foreign-labor/performance
2018Q1,ltim,44.72937183696308,contrast_L12_vs_L34,DOL OFLC LCA disclosure data; https://www.dol.gov/agencies/eta/foreign-labor/performance
2018Q1,mphasis,-15.299233381565886,contrast_L12_vs_L34,DOL OFLC LCA disclosure data; https://www.dol.gov/agencies/eta/foreign-labor/performance
2018Q1,persistent,-164.83757801605208,contrast_L12_vs_L34,DOL OFLC LCA disclosure data; https://www.dol.gov/agencies/eta/foreign-labor/performance
2018Q1,tcs,-5.586368478340361,contrast_L12_vs_L34,DOL OFLC LCA disclosure data; https://www.dol.gov/agencies/eta/foreign-labor/performance
2018Q1,techm,-42.62432572818446,contrast_L12_vs_L34,DOL OFLC LCA disclosure data; https://www.dol.gov/agencies/eta/foreign-labor/performance
2018Q1,wipro,1.518038560939459,contrast_L12_vs_L34,DOL OFLC LCA disclosure data; https://www.dol.gov/agencies/eta/foreign-labor/performance
2018Q1,pooled8,2.312971066858875,contrast_L12_vs_L34,DOL OFLC LCA disclosure data; https://www.dol.gov/agencies/eta/foreign-labor/performance
2018Q1,pooled_mid,-19.192314581300714,contrast_L12_vs_L34,DOL OFLC LCA disclosure data; https://www.dol.gov/agencies/eta/foreign-labor/performance
2018Q2,accenture,-14.795500999163934,contrast_L12_vs_L34,DOL OFLC LCA disclosure data; https://www.dol.gov/agencies/eta/foreign-labor/performance
2018Q2,capgemini,-32.08350736277808,contrast_L12_vs_L34,DOL OFLC LCA disclosure data; https://www.dol.gov/agencies/eta/foreign-labor/performance
2018Q2,coforge,-63.6324844693249,contrast_L12_vs_L34,DOL OFLC LCA disclosure data; https://www.dol.gov/agencies/eta/foreign-labor/performance
2018Q2,cognizant,58.94850590979436,contrast_L12_vs_L34,DOL OFLC LCA disclosure data; https://www.dol.gov/agencies/eta/foreign-labor/performance
2018Q2,hcltech,-25.443650625533778,contrast_L12_vs_L34,DOL OFLC LCA disclosure data; https://www.dol.gov/agencies/eta/foreign-labor/performance
2018Q2,hexaware,-61.32211794279431,contrast_L12_vs_L34,DOL OFLC LCA disclosure data; https://www.dol.gov/agencies/eta/foreign-labor/performance
2018Q2,infosys,-22.55336412592407,contrast_L12_vs_L34,DOL OFLC LCA disclosure data; https://www.dol.gov/agencies/eta/foreign-labor/performance
2018Q2,ltim,-8.017957971977339,contrast_L12_vs_L34,DOL OFLC LCA disclosure data; https://www.dol.gov/agencies/eta/foreign-labor/performance
2018Q2,mphasis,-40.76332014278975,contrast_L12_vs_L34,DOL OFLC LCA disclosure data; https://www.dol.gov/agencies/eta/foreign-labor/performance
2018Q2,persistent,-126.52787764271987,contrast_L12_vs_L34,DOL OFLC LCA disclosure data; https://www.dol.gov/agencies/eta/foreign-labor/performance
2018Q2,tcs,-21.552153343195393,contrast_L12_vs_L34,DOL OFLC LCA disclosure data; https://www.dol.gov/agencies/eta/foreign-labor/performance
2018Q2,techm,17.808156398407505,contrast_L12_vs_L34,DOL OFLC LCA disclosure data; https://www.dol.gov/agencies/eta/foreign-labor/performance
2018Q2,wipro,-8.518788815887518,contrast_L12_vs_L34,DOL OFLC LCA disclosure data; https://www.dol.gov/agencies/eta/foreign-labor/performance
2018Q2,pooled8,1.072949310843418,contrast_L12_vs_L34,DOL OFLC LCA disclosure data; https://www.dol.gov/agencies/eta/foreign-labor/performance
2018Q2,pooled_mid,-22.449087728135513,contrast_L12_vs_L34,DOL OFLC LCA disclosure data; https://www.dol.gov/agencies/eta/foreign-labor/performance
2018Q3,accenture,-14.830819249275452,contrast_L12_vs_L34,DOL OFLC LCA disclosure data; https://www.dol.gov/agencies/eta/foreign-labor/performance
2018Q3,capgemini,-42.319450153415055,contrast_L12_vs_L34,DOL OFLC LCA disclosure data; https://www.dol.gov/agencies/eta/foreign-labor/performance
2018Q3,coforge,-67.34189690994897,contrast_L12_vs_L34,DOL OFLC LCA disclosure data; https://www.dol.gov/agencies/eta/foreign-labor/performance
2018Q3,cognizant,20.25644829900523,contrast_L12_vs_L34,DOL OFLC LCA disclosure data; https://www.dol.gov/agencies/eta/foreign-labor/performance
2018Q3,hcltech,-27.20933885033127,contrast_L12_vs_L34,DOL OFLC LCA disclosure data; https://www.dol.gov/agencies/eta/foreign-labor/performance
2018Q3,hexaware,-165.36174126979685,contrast_L12_vs_L34,DOL OFLC LCA disclosure data; https://www.dol.gov/agencies/eta/foreign-labor/performance
2018Q3,infosys,-26.41440128083279,contrast_L12_vs_L34,DOL OFLC LCA disclosure data; https://www.dol.gov/agencies/eta/foreign-labor/performance
2018Q3,ltim,-23.55057094654046,contrast_L12_vs_L34,DOL OFLC LCA disclosure data; https://www.dol.gov/agencies/eta/foreign-labor/performance
2018Q3,mphasis,-46.83501413156603,contrast_L12_vs_L34,DOL OFLC LCA disclosure data; https://www.dol.gov/agencies/eta/foreign-labor/performance
2018Q3,persistent,-106.71301503977574,contrast_L12_vs_L34,DOL OFLC LCA disclosure data; https://www.dol.gov/agencies/eta/foreign-labor/performance
2018Q3,tcs,-23.928856040259873,contrast_L12_vs_L34,DOL OFLC LCA disclosure data; https://www.dol.gov/agencies/eta/foreign-labor/performance
2018Q3,techm,-75.10196807774317,contrast_L12_vs_L34,DOL OFLC LCA disclosure data; https://www.dol.gov/agencies/eta/foreign-labor/performance
2018Q3,wipro,-14.03416691679461,contrast_L12_vs_L34,DOL OFLC LCA disclosure data; https://www.dol.gov/agencies/eta/foreign-labor/performance
2018Q3,pooled8,-13.627127473243249,contrast_L12_vs_L34,DOL OFLC LCA disclosure data; https://www.dol.gov/agencies/eta/foreign-labor/performance
2018Q3,pooled_mid,-33.182451588249435,contrast_L12_vs_L34,DOL OFLC LCA disclosure data; https://www.dol.gov/agencies/eta/foreign-labor/performance
2018Q4,accenture,-11.356396227189634,contrast_L12_vs_L34,DOL OFLC LCA disclosure data; https://www.dol.gov/agencies/eta/foreign-labor/performance
2018Q4,capgemini,-48.23765067715134,contrast_L12_vs_L34,DOL OFLC LCA disclosure data; https://www.dol.gov/agencies/eta/foreign-labor/performance
2018Q4,coforge,-54.44303542093543,contrast_L12_vs_L34,DOL OFLC LCA disclosure data; https://www.dol.gov/agencies/eta/foreign-labor/performance
2018Q4,cognizant,34.45357044664263,contrast_L12_vs_L34,DOL OFLC LCA disclosure data; https://www.dol.gov/agencies/eta/foreign-labor/performance
2018Q4,hcltech,-22.789335799133298,contrast_L12_vs_L34,DOL OFLC LCA disclosure data; https://www.dol.gov/agencies/eta/foreign-labor/performance
2018Q4,hexaware,-209.7692362202725,contrast_L12_vs_L34,DOL OFLC LCA disclosure data; https://www.dol.gov/agencies/eta/foreign-labor/performance
2018Q4,infosys,-22.896492590921145,contrast_L12_vs_L34,DOL OFLC LCA disclosure data; https://www.dol.gov/agencies/eta/foreign-labor/performance
2018Q4,ltim,-41.13539930051317,contrast_L12_vs_L34,DOL OFLC LCA disclosure data; https://www.dol.gov/agencies/eta/foreign-labor/performance
2018Q4,mphasis,-17.354020215712588,contrast_L12_vs_L34,DOL OFLC LCA disclosure data; https://www.dol.gov/agencies/eta/foreign-labor/performance
2018Q4,persistent,-174.56975388050205,contrast_L12_vs_L34,DOL OFLC LCA disclosure data; https://www.dol.gov/agencies/eta/foreign-labor/performance
2018Q4,tcs,-27.798445023539696,contrast_L12_vs_L34,DOL OFLC LCA disclosure data; https://www.dol.gov/agencies/eta/foreign-labor/performance
2018Q4,techm,-173.52986176589806,contrast_L12_vs_L34,DOL OFLC LCA disclosure data; https://www.dol.gov/agencies/eta/foreign-labor/performance
2018Q4,wipro,-3.3863200796937534,contrast_L12_vs_L34,DOL OFLC LCA disclosure data; https://www.dol.gov/agencies/eta/foreign-labor/performance
2018Q4,pooled8,-20.811863128626435,contrast_L12_vs_L34,DOL OFLC LCA disclosure data; https://www.dol.gov/agencies/eta/foreign-labor/performance
2018Q4,pooled_mid,-37.52588478466831,contrast_L12_vs_L34,DOL OFLC LCA disclosure data; https://www.dol.gov/agencies/eta/foreign-labor/performance
2019Q1,accenture,-3.966794259948779,contrast_L12_vs_L34,DOL OFLC LCA disclosure data; https://www.dol.gov/agencies/eta/foreign-labor/performance
2019Q1,capgemini,-8.933023198275361,contrast_L12_vs_L34,DOL OFLC LCA disclosure data; https://www.dol.gov/agencies/eta/foreign-labor/performance
2019Q1,coforge,-30.83846548109514,contrast_L12_vs_L34,DOL OFLC LCA disclosure data; https://www.dol.gov/agencies/eta/foreign-labor/performance
2019Q1,cognizant,-66.26444587507928,contrast_L12_vs_L34,DOL OFLC LCA disclosure data; https://www.dol.gov/agencies/eta/foreign-labor/performance
2019Q1,hcltech,9.800939861545189,contrast_L12_vs_L34,DOL OFLC LCA disclosure data; https://www.dol.gov/agencies/eta/foreign-labor/performance
2019Q1,hexaware,-198.9279915654367,contrast_L12_vs_L34,DOL OFLC LCA disclosure data; https://www.dol.gov/agencies/eta/foreign-labor/performance
2019Q1,infosys,43.31749542185152,contrast_L12_vs_L34,DOL OFLC LCA disclosure data; https://www.dol.gov/agencies/eta/foreign-labor/performance
2019Q1,ltim,-61.363232111485445,contrast_L12_vs_L34,DOL OFLC LCA disclosure data; https://www.dol.gov/agencies/eta/foreign-labor/performance
2019Q1,mphasis,5.960826295758743,contrast_L12_vs_L34,DOL OFLC LCA disclosure data; https://www.dol.gov/agencies/eta/foreign-labor/performance
2019Q1,persistent,132.82705210035132,contrast_L12_vs_L34,DOL OFLC LCA disclosure data; https://www.dol.gov/agencies/eta/foreign-labor/performance
2019Q1,tcs,16.713313100080363,contrast_L12_vs_L34,DOL OFLC LCA disclosure data; https://www.dol.gov/agencies/eta/foreign-labor/performance
2019Q1,techm,-188.96534185193693,contrast_L12_vs_L34,DOL OFLC LCA disclosure data; https://www.dol.gov/agencies/eta/foreign-labor/performance
2019Q1,wipro,-10.744341580683574,contrast_L12_vs_L34,DOL OFLC LCA disclosure data; https://www.dol.gov/agencies/eta/foreign-labor/performance
2019Q1,pooled8,-26.05205774480511,contrast_L12_vs_L34,DOL OFLC LCA disclosure data; https://www.dol.gov/agencies/eta/foreign-labor/performance
2019Q1,pooled_mid,-11.748101006285367,contrast_L12_vs_L34,DOL OFLC LCA disclosure data; https://www.dol.gov/agencies/eta/foreign-labor/performance
2019Q2,accenture,-11.788493649224502,contrast_L12_vs_L34,DOL OFLC LCA disclosure data; https://www.dol.gov/agencies/eta/foreign-labor/performance
2019Q2,capgemini,1.8232414561368628,contrast_L12_vs_L34,DOL OFLC LCA disclosure data; https://www.dol.gov/agencies/eta/foreign-labor/performance
2019Q2,coforge,-61.57052545864663,contrast_L12_vs_L34,DOL OFLC LCA disclosure data; https://www.dol.gov/agencies/eta/foreign-labor/performance
2019Q2,cognizant,-75.7008385461262,contrast_L12_vs_L34,DOL OFLC LCA disclosure data; https://www.dol.gov/agencies/eta/foreign-labor/performance
2019Q2,hcltech,18.934336154083496,contrast_L12_vs_L34,DOL OFLC LCA disclosure data; https://www.dol.gov/agencies/eta/foreign-labor/performance
2019Q2,hexaware,-201.95379412586942,contrast_L12_vs_L34,DOL OFLC LCA disclosure data; https://www.dol.gov/agencies/eta/foreign-labor/performance
2019Q2,infosys,37.63526302466985,contrast_L12_vs_L34,DOL OFLC LCA disclosure data; https://www.dol.gov/agencies/eta/foreign-labor/performance
2019Q2,ltim,-47.51707982113592,contrast_L12_vs_L34,DOL OFLC LCA disclosure data; https://www.dol.gov/agencies/eta/foreign-labor/performance
2019Q2,mphasis,33.43518447324049,contrast_L12_vs_L34,DOL OFLC LCA disclosure data; https://www.dol.gov/agencies/eta/foreign-labor/performance
2019Q2,persistent,127.76398732507725,contrast_L12_vs_L34,DOL OFLC LCA disclosure data; https://www.dol.gov/agencies/eta/foreign-labor/performance
2019Q2,tcs,22.306312366292335,contrast_L12_vs_L34,DOL OFLC LCA disclosure data; https://www.dol.gov/agencies/eta/foreign-labor/performance
2019Q2,techm,-227.52636575212907,contrast_L12_vs_L34,DOL OFLC LCA disclosure data; https://www.dol.gov/agencies/eta/foreign-labor/performance
2019Q2,wipro,5.618301440400728,contrast_L12_vs_L34,DOL OFLC LCA disclosure data; https://www.dol.gov/agencies/eta/foreign-labor/performance
2019Q2,pooled8,-39.71916899112873,contrast_L12_vs_L34,DOL OFLC LCA disclosure data; https://www.dol.gov/agencies/eta/foreign-labor/performance
2019Q2,pooled_mid,-6.924282343335506,contrast_L12_vs_L34,DOL OFLC LCA disclosure data; https://www.dol.gov/agencies/eta/foreign-labor/performance
2019Q3,accenture,-22.047355781284153,contrast_L12_vs_L34,DOL OFLC LCA disclosure data; https://www.dol.gov/agencies/eta/foreign-labor/performance
2019Q3,capgemini,11.336639750954191,contrast_L12_vs_L34,DOL OFLC LCA disclosure data; https://www.dol.gov/agencies/eta/foreign-labor/performance
2019Q3,coforge,-83.34814208503087,contrast_L12_vs_L34,DOL OFLC LCA disclosure data; https://www.dol.gov/agencies/eta/foreign-labor/performance
2019Q3,cognizant,-42.29741322369276,contrast_L12_vs_L34,DOL OFLC LCA disclosure data; https://www.dol.gov/agencies/eta/foreign-labor/performance
2019Q3,hcltech,19.688976504853102,contrast_L12_vs_L34,DOL OFLC LCA disclosure data; https://www.dol.gov/agencies/eta/foreign-labor/performance
2019Q3,hexaware,-96.14347057048865,contrast_L12_vs_L34,DOL OFLC LCA disclosure data; https://www.dol.gov/agencies/eta/foreign-labor/performance
2019Q3,infosys,38.63782327410977,contrast_L12_vs_L34,DOL OFLC LCA disclosure data; https://www.dol.gov/agencies/eta/foreign-labor/performance
2019Q3,ltim,-51.593202145385874,contrast_L12_vs_L34,DOL OFLC LCA disclosure data; https://www.dol.gov/agencies/eta/foreign-labor/performance
2019Q3,mphasis,39.796216886795484,contrast_L12_vs_L34,DOL OFLC LCA disclosure data; https://www.dol.gov/agencies/eta/foreign-labor/performance
2019Q3,persistent,69.58982139318353,contrast_L12_vs_L34,DOL OFLC LCA disclosure data; https://www.dol.gov/agencies/eta/foreign-labor/performance
2019Q3,tcs,23.731190564676425,contrast_L12_vs_L34,DOL OFLC LCA disclosure data; https://www.dol.gov/agencies/eta/foreign-labor/performance
2019Q3,techm,-134.2735526097421,contrast_L12_vs_L34,DOL OFLC LCA disclosure data; https://www.dol.gov/agencies/eta/foreign-labor/performance
2019Q3,wipro,14.313348774898387,contrast_L12_vs_L34,DOL OFLC LCA disclosure data; https://www.dol.gov/agencies/eta/foreign-labor/performance
2019Q3,pooled8,-30.049797401281353,contrast_L12_vs_L34,DOL OFLC LCA disclosure data; https://www.dol.gov/agencies/eta/foreign-labor/performance
2019Q3,pooled_mid,3.2159863627497813,contrast_L12_vs_L34,DOL OFLC LCA disclosure data; https://www.dol.gov/agencies/eta/foreign-labor/performance
2019Q4,accenture,-23.40440070004633,contrast_L12_vs_L34,DOL OFLC LCA disclosure data; https://www.dol.gov/agencies/eta/foreign-labor/performance
2019Q4,capgemini,14.217027166696862,contrast_L12_vs_L34,DOL OFLC LCA disclosure data; https://www.dol.gov/agencies/eta/foreign-labor/performance
2019Q4,coforge,-87.84778915188528,contrast_L12_vs_L34,DOL OFLC LCA disclosure data; https://www.dol.gov/agencies/eta/foreign-labor/performance
2019Q4,cognizant,-33.67337253892986,contrast_L12_vs_L34,DOL OFLC LCA disclosure data; https://www.dol.gov/agencies/eta/foreign-labor/performance
2019Q4,hcltech,20.789178991470507,contrast_L12_vs_L34,DOL OFLC LCA disclosure data; https://www.dol.gov/agencies/eta/foreign-labor/performance
2019Q4,hexaware,-77.81932845911813,contrast_L12_vs_L34,DOL OFLC LCA disclosure data; https://www.dol.gov/agencies/eta/foreign-labor/performance
2019Q4,infosys,37.05147906241858,contrast_L12_vs_L34,DOL OFLC LCA disclosure data; https://www.dol.gov/agencies/eta/foreign-labor/performance
2019Q4,ltim,-49.75641070965577,contrast_L12_vs_L34,DOL OFLC LCA disclosure data; https://www.dol.gov/agencies/eta/foreign-labor/performance
2019Q4,mphasis,25.844001066053245,contrast_L12_vs_L34,DOL OFLC LCA disclosure data; https://www.dol.gov/agencies/eta/foreign-labor/performance
2019Q4,persistent,45.768580737438576,contrast_L12_vs_L34,DOL OFLC LCA disclosure data; https://www.dol.gov/agencies/eta/foreign-labor/performance
2019Q4,tcs,26.458345109089866,contrast_L12_vs_L34,DOL OFLC LCA disclosure data; https://www.dol.gov/agencies/eta/foreign-labor/performance
2019Q4,techm,-54.048470799100556,contrast_L12_vs_L34,DOL OFLC LCA disclosure data; https://www.dol.gov/agencies/eta/foreign-labor/performance
2019Q4,wipro,14.806675497001976,contrast_L12_vs_L34,DOL OFLC LCA disclosure data; https://www.dol.gov/agencies/eta/foreign-labor/performance
2019Q4,pooled8,-29.72147460899717,contrast_L12_vs_L34,DOL OFLC LCA disclosure data; https://www.dol.gov/agencies/eta/foreign-labor/performance
2019Q4,pooled_mid,6.100174504536255,contrast_L12_vs_L34,DOL OFLC LCA disclosure data; https://www.dol.gov/agencies/eta/foreign-labor/performance
2020Q1,accenture,-59.89418671975249,contrast_L12_vs_L34,DOL OFLC LCA disclosure data; https://www.dol.gov/agencies/eta/foreign-labor/performance
2020Q1,capgemini,-49.954601734937086,contrast_L12_vs_L34,DOL OFLC LCA disclosure data; https://www.dol.gov/agencies/eta/foreign-labor/performance
2020Q1,coforge,-109.38774313374336,contrast_L12_vs_L34,DOL OFLC LCA disclosure data; https://www.dol.gov/agencies/eta/foreign-labor/performance
2020Q1,cognizant,-38.949173475029625,contrast_L12_vs_L34,DOL OFLC LCA disclosure data; https://www.dol.gov/agencies/eta/foreign-labor/performance
2020Q1,hcltech,-21.80368570524156,contrast_L12_vs_L34,DOL OFLC LCA disclosure data; https://www.dol.gov/agencies/eta/foreign-labor/performance
2020Q1,hexaware,-71.74561463183946,contrast_L12_vs_L34,DOL OFLC LCA disclosure data; https://www.dol.gov/agencies/eta/foreign-labor/performance
2020Q1,infosys,-71.90489180013783,contrast_L12_vs_L34,DOL OFLC LCA disclosure data; https://www.dol.gov/agencies/eta/foreign-labor/performance
2020Q1,ltim,-77.61089397575677,contrast_L12_vs_L34,DOL OFLC LCA disclosure data; https://www.dol.gov/agencies/eta/foreign-labor/performance
2020Q1,mphasis,-44.9751617064707,contrast_L12_vs_L34,DOL OFLC LCA disclosure data; https://www.dol.gov/agencies/eta/foreign-labor/performance
2020Q1,persistent,-103.69187196627698,contrast_L12_vs_L34,DOL OFLC LCA disclosure data; https://www.dol.gov/agencies/eta/foreign-labor/performance
2020Q1,tcs,-31.88465562261719,contrast_L12_vs_L34,DOL OFLC LCA disclosure data; https://www.dol.gov/agencies/eta/foreign-labor/performance
2020Q1,techm,-27.198578141037423,contrast_L12_vs_L34,DOL OFLC LCA disclosure data; https://www.dol.gov/agencies/eta/foreign-labor/performance
2020Q1,wipro,-37.550387004838086,contrast_L12_vs_L34,DOL OFLC LCA disclosure data; https://www.dol.gov/agencies/eta/foreign-labor/performance
2020Q1,pooled8,-63.67977235337851,contrast_L12_vs_L34,DOL OFLC LCA disclosure data; https://www.dol.gov/agencies/eta/foreign-labor/performance
2020Q1,pooled_mid,-41.45039255787127,contrast_L12_vs_L34,DOL OFLC LCA disclosure data; https://www.dol.gov/agencies/eta/foreign-labor/performance
2020Q2,accenture,-45.36034090423704,contrast_L12_vs_L34,DOL OFLC LCA disclosure data; https://www.dol.gov/agencies/eta/foreign-labor/performance
2020Q2,capgemini,-32.76738244488969,contrast_L12_vs_L34,DOL OFLC LCA disclosure data; https://www.dol.gov/agencies/eta/foreign-labor/performance
2020Q2,coforge,-65.54068525770982,contrast_L12_vs_L34,DOL OFLC LCA disclosure data; https://www.dol.gov/agencies/eta/foreign-labor/performance
2020Q2,cognizant,-19.282556851181695,contrast_L12_vs_L34,DOL OFLC LCA disclosure data; https://www.dol.gov/agencies/eta/foreign-labor/performance
2020Q2,hcltech,-7.9043547041294,contrast_L12_vs_L34,DOL OFLC LCA disclosure data; https://www.dol.gov/agencies/eta/foreign-labor/performance
2020Q2,hexaware,-13.671354665859402,contrast_L12_vs_L34,DOL OFLC LCA disclosure data; https://www.dol.gov/agencies/eta/foreign-labor/performance
2020Q2,infosys,-70.11578107128416,contrast_L12_vs_L34,DOL OFLC LCA disclosure data; https://www.dol.gov/agencies/eta/foreign-labor/performance
2020Q2,ltim,-49.21305874233704,contrast_L12_vs_L34,DOL OFLC LCA disclosure data; https://www.dol.gov/agencies/eta/foreign-labor/performance
2020Q2,mphasis,-2.749724945722205,contrast_L12_vs_L34,DOL OFLC LCA disclosure data; https://www.dol.gov/agencies/eta/foreign-labor/performance
2020Q2,persistent,-39.08307005897266,contrast_L12_vs_L34,DOL OFLC LCA disclosure data; https://www.dol.gov/agencies/eta/foreign-labor/performance
2020Q2,tcs,14.257300362300986,contrast_L12_vs_L34,DOL OFLC LCA disclosure data; https://www.dol.gov/agencies/eta/foreign-labor/performance
2020Q2,techm,54.468270804985025,contrast_L12_vs_L34,DOL OFLC LCA disclosure data; https://www.dol.gov/agencies/eta/foreign-labor/performance
2020Q2,wipro,-21.714515905634677,contrast_L12_vs_L34,DOL OFLC LCA disclosure data; https://www.dol.gov/agencies/eta/foreign-labor/performance
2020Q2,pooled8,-34.17259215052366,contrast_L12_vs_L34,DOL OFLC LCA disclosure data; https://www.dol.gov/agencies/eta/foreign-labor/performance
2020Q2,pooled_mid,-22.166759865481644,contrast_L12_vs_L34,DOL OFLC LCA disclosure data; https://www.dol.gov/agencies/eta/foreign-labor/performance
2020Q3,accenture,-34.93668112781249,contrast_L12_vs_L34,DOL OFLC LCA disclosure data; https://www.dol.gov/agencies/eta/foreign-labor/performance
2020Q3,capgemini,-32.25794097151666,contrast_L12_vs_L34,DOL OFLC LCA disclosure data; https://www.dol.gov/agencies/eta/foreign-labor/performance
2020Q3,coforge,-45.21660020505294,contrast_L12_vs_L34,DOL OFLC LCA disclosure data; https://www.dol.gov/agencies/eta/foreign-labor/performance
2020Q3,cognizant,-12.882839351131036,contrast_L12_vs_L34,DOL OFLC LCA disclosure data; https://www.dol.gov/agencies/eta/foreign-labor/performance
2020Q3,hcltech,-6.71877831822499,contrast_L12_vs_L34,DOL OFLC LCA disclosure data; https://www.dol.gov/agencies/eta/foreign-labor/performance
2020Q3,hexaware,3.601233691825651,contrast_L12_vs_L34,DOL OFLC LCA disclosure data; https://www.dol.gov/agencies/eta/foreign-labor/performance
2020Q3,infosys,-60.13978270224758,contrast_L12_vs_L34,DOL OFLC LCA disclosure data; https://www.dol.gov/agencies/eta/foreign-labor/performance
2020Q3,ltim,-15.720722830980737,contrast_L12_vs_L34,DOL OFLC LCA disclosure data; https://www.dol.gov/agencies/eta/foreign-labor/performance
2020Q3,mphasis,-0.11450656085474797,contrast_L12_vs_L34,DOL OFLC LCA disclosure data; https://www.dol.gov/agencies/eta/foreign-labor/performance
2020Q3,persistent,-36.77247801253172,contrast_L12_vs_L34,DOL OFLC LCA disclosure data; https://www.dol.gov/agencies/eta/foreign-labor/performance
2020Q3,tcs,28.35998139350705,contrast_L12_vs_L34,DOL OFLC LCA disclosure data; https://www.dol.gov/agencies/eta/foreign-labor/performance
2020Q3,techm,101.39514108152218,contrast_L12_vs_L34,DOL OFLC LCA disclosure data; https://www.dol.gov/agencies/eta/foreign-labor/performance
2020Q3,wipro,-20.757549233777418,contrast_L12_vs_L34,DOL OFLC LCA disclosure data; https://www.dol.gov/agencies/eta/foreign-labor/performance
2020Q3,pooled8,-27.77412160729845,contrast_L12_vs_L34,DOL OFLC LCA disclosure data; https://www.dol.gov/agencies/eta/foreign-labor/performance
2020Q3,pooled_mid,-19.034190037193905,contrast_L12_vs_L34,DOL OFLC LCA disclosure data; https://www.dol.gov/agencies/eta/foreign-labor/performance
2020Q4,accenture,-37.16279456604566,contrast_L12_vs_L34,DOL OFLC LCA disclosure data; https://www.dol.gov/agencies/eta/foreign-labor/performance
2020Q4,capgemini,-17.6095425446387,contrast_L12_vs_L34,DOL OFLC LCA disclosure data; https://www.dol.gov/agencies/eta/foreign-labor/performance
2020Q4,coforge,-34.60365457336766,contrast_L12_vs_L34,DOL OFLC LCA disclosure data; https://www.dol.gov/agencies/eta/foreign-labor/performance
2020Q4,cognizant,-0.8847071312335331,contrast_L12_vs_L34,DOL OFLC LCA disclosure data; https://www.dol.gov/agencies/eta/foreign-labor/performance
2020Q4,hcltech,9.186980819167724,contrast_L12_vs_L34,DOL OFLC LCA disclosure data; https://www.dol.gov/agencies/eta/foreign-labor/performance
2020Q4,hexaware,42.18891146247468,contrast_L12_vs_L34,DOL OFLC LCA disclosure data; https://www.dol.gov/agencies/eta/foreign-labor/performance
2020Q4,infosys,-53.886136193284166,contrast_L12_vs_L34,DOL OFLC LCA disclosure data; https://www.dol.gov/agencies/eta/foreign-labor/performance
2020Q4,ltim,-4.334097482949737,contrast_L12_vs_L34,DOL OFLC LCA disclosure data; https://www.dol.gov/agencies/eta/foreign-labor/performance
2020Q4,mphasis,-15.986195484019905,contrast_L12_vs_L34,DOL OFLC LCA disclosure data; https://www.dol.gov/agencies/eta/foreign-labor/performance
2020Q4,persistent,8.87855505636136,contrast_L12_vs_L34,DOL OFLC LCA disclosure data; https://www.dol.gov/agencies/eta/foreign-labor/performance
2020Q4,tcs,40.23036140267713,contrast_L12_vs_L34,DOL OFLC LCA disclosure data; https://www.dol.gov/agencies/eta/foreign-labor/performance
2020Q4,techm,58.21435362855823,contrast_L12_vs_L34,DOL OFLC LCA disclosure data; https://www.dol.gov/agencies/eta/foreign-labor/performance
2020Q4,wipro,-17.633844896915193,contrast_L12_vs_L34,DOL OFLC LCA disclosure data; https://www.dol.gov/agencies/eta/foreign-labor/performance
2020Q4,pooled8,-12.716764234492793,contrast_L12_vs_L34,DOL OFLC LCA disclosure data; https://www.dol.gov/agencies/eta/foreign-labor/performance
2020Q4,pooled_mid,-4.965546428456534,contrast_L12_vs_L34,DOL OFLC LCA disclosure data; https://www.dol.gov/agencies/eta/foreign-labor/performance
2021Q1,accenture,3.7540944105427947,contrast_L12_vs_L34,DOL OFLC LCA disclosure data; https://www.dol.gov/agencies/eta/foreign-labor/performance
2021Q1,capgemini,25.76875620516105,contrast_L12_vs_L34,DOL OFLC LCA disclosure data; https://www.dol.gov/agencies/eta/foreign-labor/performance
2021Q1,coforge,14.446976924801504,contrast_L12_vs_L34,DOL OFLC LCA disclosure data; https://www.dol.gov/agencies/eta/foreign-labor/performance
2021Q1,cognizant,21.28411984573058,contrast_L12_vs_L34,DOL OFLC LCA disclosure data; https://www.dol.gov/agencies/eta/foreign-labor/performance
2021Q1,hcltech,29.166941364445815,contrast_L12_vs_L34,DOL OFLC LCA disclosure data; https://www.dol.gov/agencies/eta/foreign-labor/performance
2021Q1,hexaware,72.97600933425579,contrast_L12_vs_L34,DOL OFLC LCA disclosure data; https://www.dol.gov/agencies/eta/foreign-labor/performance
2021Q1,infosys,7.218140717576976,contrast_L12_vs_L34,DOL OFLC LCA disclosure data; https://www.dol.gov/agencies/eta/foreign-labor/performance
2021Q1,ltim,28.511302557729504,contrast_L12_vs_L34,DOL OFLC LCA disclosure data; https://www.dol.gov/agencies/eta/foreign-labor/performance
2021Q1,mphasis,-0.6791442908894858,contrast_L12_vs_L34,DOL OFLC LCA disclosure data; https://www.dol.gov/agencies/eta/foreign-labor/performance
2021Q1,persistent,36.179004460550274,contrast_L12_vs_L34,DOL OFLC LCA disclosure data; https://www.dol.gov/agencies/eta/foreign-labor/performance
2021Q1,tcs,67.46526746891415,contrast_L12_vs_L34,DOL OFLC LCA disclosure data; https://www.dol.gov/agencies/eta/foreign-labor/performance
2021Q1,techm,72.01648765416496,contrast_L12_vs_L34,DOL OFLC LCA disclosure data; https://www.dol.gov/agencies/eta/foreign-labor/performance
2021Q1,wipro,41.50745979133006,contrast_L12_vs_L34,DOL OFLC LCA disclosure data; https://www.dol.gov/agencies/eta/foreign-labor/performance
2021Q1,pooled8,30.830587582307274,contrast_L12_vs_L34,DOL OFLC LCA disclosure data; https://www.dol.gov/agencies/eta/foreign-labor/performance
2021Q1,pooled_mid,32.20730557076084,contrast_L12_vs_L34,DOL OFLC LCA disclosure data; https://www.dol.gov/agencies/eta/foreign-labor/performance
2021Q2,accenture,-13.681808185472123,contrast_L12_vs_L34,DOL OFLC LCA disclosure data; https://www.dol.gov/agencies/eta/foreign-labor/performance
2021Q2,capgemini,-17.119428103571643,contrast_L12_vs_L34,DOL OFLC LCA disclosure data; https://www.dol.gov/agencies/eta/foreign-labor/performance
2021Q2,coforge,17.77564359392754,contrast_L12_vs_L34,DOL OFLC LCA disclosure data; https://www.dol.gov/agencies/eta/foreign-labor/performance
2021Q2,cognizant,-15.904111054310299,contrast_L12_vs_L34,DOL OFLC LCA disclosure data; https://www.dol.gov/agencies/eta/foreign-labor/performance
2021Q2,hcltech,11.096711879881543,contrast_L12_vs_L34,DOL OFLC LCA disclosure data; https://www.dol.gov/agencies/eta/foreign-labor/performance
2021Q2,hexaware,36.47074662824397,contrast_L12_vs_L34,DOL OFLC LCA disclosure data; https://www.dol.gov/agencies/eta/foreign-labor/performance
2021Q2,infosys,7.151492534643367,contrast_L12_vs_L34,DOL OFLC LCA disclosure data; https://www.dol.gov/agencies/eta/foreign-labor/performance
2021Q2,ltim,23.412866732353706,contrast_L12_vs_L34,DOL OFLC LCA disclosure data; https://www.dol.gov/agencies/eta/foreign-labor/performance
2021Q2,mphasis,-31.39676844583955,contrast_L12_vs_L34,DOL OFLC LCA disclosure data; https://www.dol.gov/agencies/eta/foreign-labor/performance
2021Q2,persistent,-41.03194865729625,contrast_L12_vs_L34,DOL OFLC LCA disclosure data; https://www.dol.gov/agencies/eta/foreign-labor/performance
2021Q2,tcs,-24.452821277592818,contrast_L12_vs_L34,DOL OFLC LCA disclosure data; https://www.dol.gov/agencies/eta/foreign-labor/performance
2021Q2,techm,2.8447309192739567,contrast_L12_vs_L34,DOL OFLC LCA disclosure data; https://www.dol.gov/agencies/eta/foreign-labor/performance
2021Q2,wipro,24.08435334883337,contrast_L12_vs_L34,DOL OFLC LCA disclosure data; https://www.dol.gov/agencies/eta/foreign-labor/performance
2021Q2,pooled8,0.6897320792528419,contrast_L12_vs_L34,DOL OFLC LCA disclosure data; https://www.dol.gov/agencies/eta/foreign-labor/performance
2021Q2,pooled_mid,3.718426457986645,contrast_L12_vs_L34,DOL OFLC LCA disclosure data; https://www.dol.gov/agencies/eta/foreign-labor/performance
2021Q3,accenture,-29.550259535202223,contrast_L12_vs_L34,DOL OFLC LCA disclosure data; https://www.dol.gov/agencies/eta/foreign-labor/performance
2021Q3,capgemini,-29.978491387751212,contrast_L12_vs_L34,DOL OFLC LCA disclosure data; https://www.dol.gov/agencies/eta/foreign-labor/performance
2021Q3,coforge,48.73384745720244,contrast_L12_vs_L34,DOL OFLC LCA disclosure data; https://www.dol.gov/agencies/eta/foreign-labor/performance
2021Q3,cognizant,-31.67269668201058,contrast_L12_vs_L34,DOL OFLC LCA disclosure data; https://www.dol.gov/agencies/eta/foreign-labor/performance
2021Q3,hcltech,10.280347345591483,contrast_L12_vs_L34,DOL OFLC LCA disclosure data; https://www.dol.gov/agencies/eta/foreign-labor/performance
2021Q3,hexaware,-2.9146717132274773,contrast_L12_vs_L34,DOL OFLC LCA disclosure data; https://www.dol.gov/agencies/eta/foreign-labor/performance
2021Q3,infosys,-10.699625739824107,contrast_L12_vs_L34,DOL OFLC LCA disclosure data; https://www.dol.gov/agencies/eta/foreign-labor/performance
2021Q3,ltim,12.024912815157698,contrast_L12_vs_L34,DOL OFLC LCA disclosure data; https://www.dol.gov/agencies/eta/foreign-labor/performance
2021Q3,mphasis,-16.011384330150072,contrast_L12_vs_L34,DOL OFLC LCA disclosure data; https://www.dol.gov/agencies/eta/foreign-labor/performance
2021Q3,persistent,100.01722158548571,contrast_L12_vs_L34,DOL OFLC LCA disclosure data; https://www.dol.gov/agencies/eta/foreign-labor/performance
2021Q3,tcs,-58.73639579131685,contrast_L12_vs_L34,DOL OFLC LCA disclosure data; https://www.dol.gov/agencies/eta/foreign-labor/performance
2021Q3,techm,-56.29766444634318,contrast_L12_vs_L34,DOL OFLC LCA disclosure data; https://www.dol.gov/agencies/eta/foreign-labor/performance
2021Q3,wipro,24.979631398489452,contrast_L12_vs_L34,DOL OFLC LCA disclosure data; https://www.dol.gov/agencies/eta/foreign-labor/performance
2021Q3,pooled8,-2.6874357902628034,contrast_L12_vs_L34,DOL OFLC LCA disclosure data; https://www.dol.gov/agencies/eta/foreign-labor/performance
2021Q3,pooled_mid,0.8163395146489805,contrast_L12_vs_L34,DOL OFLC LCA disclosure data; https://www.dol.gov/agencies/eta/foreign-labor/performance
2021Q4,accenture,-34.765554778387354,contrast_L12_vs_L34,DOL OFLC LCA disclosure data; https://www.dol.gov/agencies/eta/foreign-labor/performance
2021Q4,capgemini,-49.072572584060055,contrast_L12_vs_L34,DOL OFLC LCA disclosure data; https://www.dol.gov/agencies/eta/foreign-labor/performance
2021Q4,coforge,55.812768370444665,contrast_L12_vs_L34,DOL OFLC LCA disclosure data; https://www.dol.gov/agencies/eta/foreign-labor/performance
2021Q4,cognizant,-46.41345626277588,contrast_L12_vs_L34,DOL OFLC LCA disclosure data; https://www.dol.gov/agencies/eta/foreign-labor/performance
2021Q4,hcltech,-21.542768290141105,contrast_L12_vs_L34,DOL OFLC LCA disclosure data; https://www.dol.gov/agencies/eta/foreign-labor/performance
2021Q4,hexaware,-34.45008194876365,contrast_L12_vs_L34,DOL OFLC LCA disclosure data; https://www.dol.gov/agencies/eta/foreign-labor/performance
2021Q4,infosys,-26.086242111517887,contrast_L12_vs_L34,DOL OFLC LCA disclosure data; https://www.dol.gov/agencies/eta/foreign-labor/performance
2021Q4,ltim,6.511783636435726,contrast_L12_vs_L34,DOL OFLC LCA disclosure data; https://www.dol.gov/agencies/eta/foreign-labor/performance
2021Q4,mphasis,15.29221597346788,contrast_L12_vs_L34,DOL OFLC LCA disclosure data; https://www.dol.gov/agencies/eta/foreign-labor/performance
2021Q4,persistent,69.17534521113416,contrast_L12_vs_L34,DOL OFLC LCA disclosure data; https://www.dol.gov/agencies/eta/foreign-labor/performance
2021Q4,tcs,-87.98839409186662,contrast_L12_vs_L34,DOL OFLC LCA disclosure data; https://www.dol.gov/agencies/eta/foreign-labor/performance
2021Q4,techm,-41.300786962500474,contrast_L12_vs_L34,DOL OFLC LCA disclosure data; https://www.dol.gov/agencies/eta/foreign-labor/performance
2021Q4,wipro,21.65876340927789,contrast_L12_vs_L34,DOL OFLC LCA disclosure data; https://www.dol.gov/agencies/eta/foreign-labor/performance
2021Q4,pooled8,-16.22729779949534,contrast_L12_vs_L34,DOL OFLC LCA disclosure data; https://www.dol.gov/agencies/eta/foreign-labor/performance
2021Q4,pooled_mid,-18.004364084793416,contrast_L12_vs_L34,DOL OFLC LCA disclosure data; https://www.dol.gov/agencies/eta/foreign-labor/performance
2022Q1,accenture,-51.06894538599127,contrast_L12_vs_L34,DOL OFLC LCA disclosure data; https://www.dol.gov/agencies/eta/foreign-labor/performance
2022Q1,capgemini,-56.02164773203551,contrast_L12_vs_L34,DOL OFLC LCA disclosure data; https://www.dol.gov/agencies/eta/foreign-labor/performance
2022Q1,coforge,13.064372096732598,contrast_L12_vs_L34,DOL OFLC LCA disclosure data; https://www.dol.gov/agencies/eta/foreign-labor/performance
2022Q1,cognizant,-62.22461384507368,contrast_L12_vs_L34,DOL OFLC LCA disclosure data; https://www.dol.gov/agencies/eta/foreign-labor/performance
2022Q1,hcltech,-26.06799236221939,contrast_L12_vs_L34,DOL OFLC LCA disclosure data; https://www.dol.gov/agencies/eta/foreign-labor/performance
2022Q1,hexaware,-27.802016154004406,contrast_L12_vs_L34,DOL OFLC LCA disclosure data; https://www.dol.gov/agencies/eta/foreign-labor/performance
2022Q1,infosys,-31.93725760419503,contrast_L12_vs_L34,DOL OFLC LCA disclosure data; https://www.dol.gov/agencies/eta/foreign-labor/performance
2022Q1,ltim,5.287182668060036,contrast_L12_vs_L34,DOL OFLC LCA disclosure data; https://www.dol.gov/agencies/eta/foreign-labor/performance
2022Q1,mphasis,36.68225266492288,contrast_L12_vs_L34,DOL OFLC LCA disclosure data; https://www.dol.gov/agencies/eta/foreign-labor/performance
2022Q1,tcs,-105.1306421369575,contrast_L12_vs_L34,DOL OFLC LCA disclosure data; https://www.dol.gov/agencies/eta/foreign-labor/performance
2022Q1,techm,2.1644402617980916,contrast_L12_vs_L34,DOL OFLC LCA disclosure data; https://www.dol.gov/agencies/eta/foreign-labor/performance
2022Q1,wipro,2.6204748184122764,contrast_L12_vs_L34,DOL OFLC LCA disclosure data; https://www.dol.gov/agencies/eta/foreign-labor/performance
2022Q1,pooled8,-32.57536946884222,contrast_L12_vs_L34,DOL OFLC LCA disclosure data; https://www.dol.gov/agencies/eta/foreign-labor/performance
2022Q1,pooled_mid,-26.52066573538459,contrast_L12_vs_L34,DOL OFLC LCA disclosure data; https://www.dol.gov/agencies/eta/foreign-labor/performance
2022Q2,accenture,-46.18254695081962,contrast_L12_vs_L34,DOL OFLC LCA disclosure data; https://www.dol.gov/agencies/eta/foreign-labor/performance
2022Q2,capgemini,-33.85890616539024,contrast_L12_vs_L34,DOL OFLC LCA disclosure data; https://www.dol.gov/agencies/eta/foreign-labor/performance
2022Q2,coforge,-22.55470997756239,contrast_L12_vs_L34,DOL OFLC LCA disclosure data; https://www.dol.gov/agencies/eta/foreign-labor/performance
2022Q2,cognizant,-41.07505291056873,contrast_L12_vs_L34,DOL OFLC LCA disclosure data; https://www.dol.gov/agencies/eta/foreign-labor/performance
2022Q2,hcltech,-19.39618458111601,contrast_L12_vs_L34,DOL OFLC LCA disclosure data; https://www.dol.gov/agencies/eta/foreign-labor/performance
2022Q2,hexaware,6.048115930794989,contrast_L12_vs_L34,DOL OFLC LCA disclosure data; https://www.dol.gov/agencies/eta/foreign-labor/performance
2022Q2,infosys,-24.33483620718281,contrast_L12_vs_L34,DOL OFLC LCA disclosure data; https://www.dol.gov/agencies/eta/foreign-labor/performance
2022Q2,ltim,-2.0087562193631356,contrast_L12_vs_L34,DOL OFLC LCA disclosure data; https://www.dol.gov/agencies/eta/foreign-labor/performance
2022Q2,mphasis,4.515409631099729,contrast_L12_vs_L34,DOL OFLC LCA disclosure data; https://www.dol.gov/agencies/eta/foreign-labor/performance
2022Q2,persistent,115.53651052605592,contrast_L12_vs_L34,DOL OFLC LCA disclosure data; https://www.dol.gov/agencies/eta/foreign-labor/performance
2022Q2,tcs,-61.7241081704526,contrast_L12_vs_L34,DOL OFLC LCA disclosure data; https://www.dol.gov/agencies/eta/foreign-labor/performance
2022Q2,techm,26.032076645670955,contrast_L12_vs_L34,DOL OFLC LCA disclosure data; https://www.dol.gov/agencies/eta/foreign-labor/performance
2022Q2,wipro,-14.102929923047018,contrast_L12_vs_L34,DOL OFLC LCA disclosure data; https://www.dol.gov/agencies/eta/foreign-labor/performance
2022Q2,pooled8,-21.655204164125237,contrast_L12_vs_L34,DOL OFLC LCA disclosure data; https://www.dol.gov/agencies/eta/foreign-labor/performance
2022Q2,pooled_mid,-21.36201993242447,contrast_L12_vs_L34,DOL OFLC LCA disclosure data; https://www.dol.gov/agencies/eta/foreign-labor/performance
2022Q3,accenture,-43.64365550537509,contrast_L12_vs_L34,DOL OFLC LCA disclosure data; https://www.dol.gov/agencies/eta/foreign-labor/performance
2022Q3,capgemini,-20.566288355858852,contrast_L12_vs_L34,DOL OFLC LCA disclosure data; https://www.dol.gov/agencies/eta/foreign-labor/performance
2022Q3,coforge,-82.2825003868478,contrast_L12_vs_L34,DOL OFLC LCA disclosure data; https://www.dol.gov/agencies/eta/foreign-labor/performance
2022Q3,cognizant,-43.64375030994269,contrast_L12_vs_L34,DOL OFLC LCA disclosure data; https://www.dol.gov/agencies/eta/foreign-labor/performance
2022Q3,hcltech,-24.786256630458666,contrast_L12_vs_L34,DOL OFLC LCA disclosure data; https://www.dol.gov/agencies/eta/foreign-labor/performance
2022Q3,hexaware,33.60834341279792,contrast_L12_vs_L34,DOL OFLC LCA disclosure data; https://www.dol.gov/agencies/eta/foreign-labor/performance
2022Q3,infosys,-21.72897029498578,contrast_L12_vs_L34,DOL OFLC LCA disclosure data; https://www.dol.gov/agencies/eta/foreign-labor/performance
2022Q3,ltim,-6.529466484089525,contrast_L12_vs_L34,DOL OFLC LCA disclosure data; https://www.dol.gov/agencies/eta/foreign-labor/performance
2022Q3,mphasis,-36.43928320198401,contrast_L12_vs_L34,DOL OFLC LCA disclosure data; https://www.dol.gov/agencies/eta/foreign-labor/performance
2022Q3,persistent,11.223339494558825,contrast_L12_vs_L34,DOL OFLC LCA disclosure data; https://www.dol.gov/agencies/eta/foreign-labor/performance
2022Q3,tcs,-54.283852451233955,contrast_L12_vs_L34,DOL OFLC LCA disclosure data; https://www.dol.gov/agencies/eta/foreign-labor/performance
2022Q3,techm,83.18840075198587,contrast_L12_vs_L34,DOL OFLC LCA disclosure data; https://www.dol.gov/agencies/eta/foreign-labor/performance
2022Q3,wipro,-29.664241230150232,contrast_L12_vs_L34,DOL OFLC LCA disclosure data; https://www.dol.gov/agencies/eta/foreign-labor/performance
2022Q3,pooled8,-30.65046373277837,contrast_L12_vs_L34,DOL OFLC LCA disclosure data; https://www.dol.gov/agencies/eta/foreign-labor/performance
2022Q3,pooled_mid,-22.845716984394183,contrast_L12_vs_L34,DOL OFLC LCA disclosure data; https://www.dol.gov/agencies/eta/foreign-labor/performance
2022Q4,accenture,-23.482736410790597,contrast_L12_vs_L34,DOL OFLC LCA disclosure data; https://www.dol.gov/agencies/eta/foreign-labor/performance
2022Q4,capgemini,-14.51217718409573,contrast_L12_vs_L34,DOL OFLC LCA disclosure data; https://www.dol.gov/agencies/eta/foreign-labor/performance
2022Q4,coforge,-104.78760920079853,contrast_L12_vs_L34,DOL OFLC LCA disclosure data; https://www.dol.gov/agencies/eta/foreign-labor/performance
2022Q4,cognizant,-45.10475284316344,contrast_L12_vs_L34,DOL OFLC LCA disclosure data; https://www.dol.gov/agencies/eta/foreign-labor/performance
2022Q4,hcltech,-9.806993185608086,contrast_L12_vs_L34,DOL OFLC LCA disclosure data; https://www.dol.gov/agencies/eta/foreign-labor/performance
2022Q4,hexaware,50.78222250499259,contrast_L12_vs_L34,DOL OFLC LCA disclosure data; https://www.dol.gov/agencies/eta/foreign-labor/performance
2022Q4,infosys,-14.014869149582795,contrast_L12_vs_L34,DOL OFLC LCA disclosure data; https://www.dol.gov/agencies/eta/foreign-labor/performance
2022Q4,ltim,-18.053110650736244,contrast_L12_vs_L34,DOL OFLC LCA disclosure data; https://www.dol.gov/agencies/eta/foreign-labor/performance
2022Q4,mphasis,-64.8692187211431,contrast_L12_vs_L34,DOL OFLC LCA disclosure data; https://www.dol.gov/agencies/eta/foreign-labor/performance
2022Q4,persistent,-80.0524295055212,contrast_L12_vs_L34,DOL OFLC LCA disclosure data; https://www.dol.gov/agencies/eta/foreign-labor/performance
2022Q4,tcs,-31.96469794496796,contrast_L12_vs_L34,DOL OFLC LCA disclosure data; https://www.dol.gov/agencies/eta/foreign-labor/performance
2022Q4,techm,169.0274023088224,contrast_L12_vs_L34,DOL OFLC LCA disclosure data; https://www.dol.gov/agencies/eta/foreign-labor/performance
2022Q4,wipro,-41.5962182283295,contrast_L12_vs_L34,DOL OFLC LCA disclosure data; https://www.dol.gov/agencies/eta/foreign-labor/performance
2022Q4,pooled8,-29.38376033262053,contrast_L12_vs_L34,DOL OFLC LCA disclosure data; https://www.dol.gov/agencies/eta/foreign-labor/performance
2022Q4,pooled_mid,-15.485554378191893,contrast_L12_vs_L34,DOL OFLC LCA disclosure data; https://www.dol.gov/agencies/eta/foreign-labor/performance
2023Q1,accenture,-20.956867031782135,contrast_L12_vs_L34,DOL OFLC LCA disclosure data; https://www.dol.gov/agencies/eta/foreign-labor/performance
2023Q1,capgemini,-4.427864122718792,contrast_L12_vs_L34,DOL OFLC LCA disclosure data; https://www.dol.gov/agencies/eta/foreign-labor/performance
2023Q1,coforge,-78.79790058944933,contrast_L12_vs_L34,DOL OFLC LCA disclosure data; https://www.dol.gov/agencies/eta/foreign-labor/performance
2023Q1,cognizant,-44.39575107429007,contrast_L12_vs_L34,DOL OFLC LCA disclosure data; https://www.dol.gov/agencies/eta/foreign-labor/performance
2023Q1,hcltech,-10.04163620381105,contrast_L12_vs_L34,DOL OFLC LCA disclosure data; https://www.dol.gov/agencies/eta/foreign-labor/performance
2023Q1,hexaware,53.76342554041224,contrast_L12_vs_L34,DOL OFLC LCA disclosure data; https://www.dol.gov/agencies/eta/foreign-labor/performance
2023Q1,infosys,-13.22033154499996,contrast_L12_vs_L34,DOL OFLC LCA disclosure data; https://www.dol.gov/agencies/eta/foreign-labor/performance
2023Q1,ltim,-10.45216381129301,contrast_L12_vs_L34,DOL OFLC LCA disclosure data; https://www.dol.gov/agencies/eta/foreign-labor/performance
2023Q1,mphasis,-52.00102356372629,contrast_L12_vs_L34,DOL OFLC LCA disclosure data; https://www.dol.gov/agencies/eta/foreign-labor/performance
2023Q1,tcs,-5.997507089737908,contrast_L12_vs_L34,DOL OFLC LCA disclosure data; https://www.dol.gov/agencies/eta/foreign-labor/performance
2023Q1,techm,138.7464636268081,contrast_L12_vs_L34,DOL OFLC LCA disclosure data; https://www.dol.gov/agencies/eta/foreign-labor/performance
2023Q1,wipro,-39.221578471742525,contrast_L12_vs_L34,DOL OFLC LCA disclosure data; https://www.dol.gov/agencies/eta/foreign-labor/performance
2023Q1,pooled8,-25.465829742277037,contrast_L12_vs_L34,DOL OFLC LCA disclosure data; https://www.dol.gov/agencies/eta/foreign-labor/performance
2023Q1,pooled_mid,-7.412411430083903,contrast_L12_vs_L34,DOL OFLC LCA disclosure data; https://www.dol.gov/agencies/eta/foreign-labor/performance
2023Q2,accenture,-29.91098620748624,contrast_L12_vs_L34,DOL OFLC LCA disclosure data; https://www.dol.gov/agencies/eta/foreign-labor/performance
2023Q2,capgemini,-14.176114749739433,contrast_L12_vs_L34,DOL OFLC LCA disclosure data; https://www.dol.gov/agencies/eta/foreign-labor/performance
2023Q2,coforge,-67.71971225792555,contrast_L12_vs_L34,DOL OFLC LCA disclosure data; https://www.dol.gov/agencies/eta/foreign-labor/performance
2023Q2,cognizant,-53.06415875003661,contrast_L12_vs_L34,DOL OFLC LCA disclosure data; https://www.dol.gov/agencies/eta/foreign-labor/performance
2023Q2,hcltech,-26.860884735255738,contrast_L12_vs_L34,DOL OFLC LCA disclosure data; https://www.dol.gov/agencies/eta/foreign-labor/performance
2023Q2,hexaware,24.604200543321774,contrast_L12_vs_L34,DOL OFLC LCA disclosure data; https://www.dol.gov/agencies/eta/foreign-labor/performance
2023Q2,infosys,-25.123622863561188,contrast_L12_vs_L34,DOL OFLC LCA disclosure data; https://www.dol.gov/agencies/eta/foreign-labor/performance
2023Q2,ltim,5.183756184965606,contrast_L12_vs_L34,DOL OFLC LCA disclosure data; https://www.dol.gov/agencies/eta/foreign-labor/performance
2023Q2,mphasis,3.5245519497304265,contrast_L12_vs_L34,DOL OFLC LCA disclosure data; https://www.dol.gov/agencies/eta/foreign-labor/performance
2023Q2,persistent,-86.8595858066138,contrast_L12_vs_L34,DOL OFLC LCA disclosure data; https://www.dol.gov/agencies/eta/foreign-labor/performance
2023Q2,tcs,-6.322819465139467,contrast_L12_vs_L34,DOL OFLC LCA disclosure data; https://www.dol.gov/agencies/eta/foreign-labor/performance
2023Q2,techm,184.82845245415575,contrast_L12_vs_L34,DOL OFLC LCA disclosure data; https://www.dol.gov/agencies/eta/foreign-labor/performance
2023Q2,wipro,-24.926967124897164,contrast_L12_vs_L34,DOL OFLC LCA disclosure data; https://www.dol.gov/agencies/eta/foreign-labor/performance
2023Q2,pooled8,-30.45799137624937,contrast_L12_vs_L34,DOL OFLC LCA disclosure data; https://www.dol.gov/agencies/eta/foreign-labor/performance
2023Q2,pooled_mid,-3.6973603774306696,contrast_L12_vs_L34,DOL OFLC LCA disclosure data; https://www.dol.gov/agencies/eta/foreign-labor/performance
2023Q3,accenture,-4.52891540734676,contrast_L12_vs_L34,DOL OFLC LCA disclosure data; https://www.dol.gov/agencies/eta/foreign-labor/performance
2023Q3,capgemini,-15.691687221920802,contrast_L12_vs_L34,DOL OFLC LCA disclosure data; https://www.dol.gov/agencies/eta/foreign-labor/performance
2023Q3,coforge,-21.37538109643708,contrast_L12_vs_L34,DOL OFLC LCA disclosure data; https://www.dol.gov/agencies/eta/foreign-labor/performance
2023Q3,cognizant,-25.4758341777618,contrast_L12_vs_L34,DOL OFLC LCA disclosure data; https://www.dol.gov/agencies/eta/foreign-labor/performance
2023Q3,hcltech,-7.717048788366158,contrast_L12_vs_L34,DOL OFLC LCA disclosure data; https://www.dol.gov/agencies/eta/foreign-labor/performance
2023Q3,hexaware,33.56186466417458,contrast_L12_vs_L34,DOL OFLC LCA disclosure data; https://www.dol.gov/agencies/eta/foreign-labor/performance
2023Q3,infosys,-11.044697607808946,contrast_L12_vs_L34,DOL OFLC LCA disclosure data; https://www.dol.gov/agencies/eta/foreign-labor/performance
2023Q3,ltim,23.490183558738764,contrast_L12_vs_L34,DOL OFLC LCA disclosure data; https://www.dol.gov/agencies/eta/foreign-labor/performance
2023Q3,mphasis,42.62682357379278,contrast_L12_vs_L34,DOL OFLC LCA disclosure data; https://www.dol.gov/agencies/eta/foreign-labor/performance
2023Q3,persistent,-65.94739654533575,contrast_L12_vs_L34,DOL OFLC LCA disclosure data; https://www.dol.gov/agencies/eta/foreign-labor/performance
2023Q3,tcs,28.033949118399317,contrast_L12_vs_L34,DOL OFLC LCA disclosure data; https://www.dol.gov/agencies/eta/foreign-labor/performance
2023Q3,techm,153.22895627869283,contrast_L12_vs_L34,DOL OFLC LCA disclosure data; https://www.dol.gov/agencies/eta/foreign-labor/performance
2023Q3,wipro,-3.8366431056232795,contrast_L12_vs_L34,DOL OFLC LCA disclosure data; https://www.dol.gov/agencies/eta/foreign-labor/performance
2023Q3,pooled8,-11.582447347096453,contrast_L12_vs_L34,DOL OFLC LCA disclosure data; https://www.dol.gov/agencies/eta/foreign-labor/performance
2023Q3,pooled_mid,-2.332417603808267,contrast_L12_vs_L34,DOL OFLC LCA disclosure data; https://www.dol.gov/agencies/eta/foreign-labor/performance
2023Q4,accenture,-35.59191836403473,contrast_L12_vs_L34,DOL OFLC LCA disclosure data; https://www.dol.gov/agencies/eta/foreign-labor/performance
2023Q4,capgemini,-10.137397420571785,contrast_L12_vs_L34,DOL OFLC LCA disclosure data; https://www.dol.gov/agencies/eta/foreign-labor/performance
2023Q4,coforge,2.904381234603523,contrast_L12_vs_L34,DOL OFLC LCA disclosure data; https://www.dol.gov/agencies/eta/foreign-labor/performance
2023Q4,cognizant,-13.31570126348257,contrast_L12_vs_L34,DOL OFLC LCA disclosure data; https://www.dol.gov/agencies/eta/foreign-labor/performance
2023Q4,hcltech,0.027521232269875462,contrast_L12_vs_L34,DOL OFLC LCA disclosure data; https://www.dol.gov/agencies/eta/foreign-labor/performance
2023Q4,hexaware,25.68498499355704,contrast_L12_vs_L34,DOL OFLC LCA disclosure data; https://www.dol.gov/agencies/eta/foreign-labor/performance
2023Q4,infosys,-4.590501432636574,contrast_L12_vs_L34,DOL OFLC LCA disclosure data; https://www.dol.gov/agencies/eta/foreign-labor/performance
2023Q4,ltim,75.30806432273532,contrast_L12_vs_L34,DOL OFLC LCA disclosure data; https://www.dol.gov/agencies/eta/foreign-labor/performance
2023Q4,mphasis,35.030217455815475,contrast_L12_vs_L34,DOL OFLC LCA disclosure data; https://www.dol.gov/agencies/eta/foreign-labor/performance
2023Q4,persistent,149.57613405346166,contrast_L12_vs_L34,DOL OFLC LCA disclosure data; https://www.dol.gov/agencies/eta/foreign-labor/performance
2023Q4,tcs,26.839304971661093,contrast_L12_vs_L34,DOL OFLC LCA disclosure data; https://www.dol.gov/agencies/eta/foreign-labor/performance
2023Q4,techm,-2.1490798443521935,contrast_L12_vs_L34,DOL OFLC LCA disclosure data; https://www.dol.gov/agencies/eta/foreign-labor/performance
2023Q4,wipro,11.548238150801602,contrast_L12_vs_L34,DOL OFLC LCA disclosure data; https://www.dol.gov/agencies/eta/foreign-labor/performance
2023Q4,pooled8,-2.703090095839814,contrast_L12_vs_L34,DOL OFLC LCA disclosure data; https://www.dol.gov/agencies/eta/foreign-labor/performance
2023Q4,pooled_mid,0.06694613323016263,contrast_L12_vs_L34,DOL OFLC LCA disclosure data; https://www.dol.gov/agencies/eta/foreign-labor/performance
2024Q1,accenture,-25.284526285655414,contrast_L12_vs_L34,DOL OFLC LCA disclosure data; https://www.dol.gov/agencies/eta/foreign-labor/performance
2024Q1,capgemini,-13.189622242483695,contrast_L12_vs_L34,DOL OFLC LCA disclosure data; https://www.dol.gov/agencies/eta/foreign-labor/performance
2024Q1,coforge,-3.659651709319597,contrast_L12_vs_L34,DOL OFLC LCA disclosure data; https://www.dol.gov/agencies/eta/foreign-labor/performance
2024Q1,cognizant,2.0428051042122384,contrast_L12_vs_L34,DOL OFLC LCA disclosure data; https://www.dol.gov/agencies/eta/foreign-labor/performance
2024Q1,hcltech,8.298264143538725,contrast_L12_vs_L34,DOL OFLC LCA disclosure data; https://www.dol.gov/agencies/eta/foreign-labor/performance
2024Q1,hexaware,5.01278488269977,contrast_L12_vs_L34,DOL OFLC LCA disclosure data; https://www.dol.gov/agencies/eta/foreign-labor/performance
2024Q1,infosys,4.78057362297492,contrast_L12_vs_L34,DOL OFLC LCA disclosure data; https://www.dol.gov/agencies/eta/foreign-labor/performance
2024Q1,ltim,81.64193680182511,contrast_L12_vs_L34,DOL OFLC LCA disclosure data; https://www.dol.gov/agencies/eta/foreign-labor/performance
2024Q1,mphasis,58.338275718686376,contrast_L12_vs_L34,DOL OFLC LCA disclosure data; https://www.dol.gov/agencies/eta/foreign-labor/performance
2024Q1,persistent,67.42191706744265,contrast_L12_vs_L34,DOL OFLC LCA disclosure data; https://www.dol.gov/agencies/eta/foreign-labor/performance
2024Q1,tcs,33.27608574873783,contrast_L12_vs_L34,DOL OFLC LCA disclosure data; https://www.dol.gov/agencies/eta/foreign-labor/performance
2024Q1,techm,1.379332213233577,contrast_L12_vs_L34,DOL OFLC LCA disclosure data; https://www.dol.gov/agencies/eta/foreign-labor/performance
2024Q1,wipro,20.552200297963072,contrast_L12_vs_L34,DOL OFLC LCA disclosure data; https://www.dol.gov/agencies/eta/foreign-labor/performance
2024Q1,pooled8,13.828884797059628,contrast_L12_vs_L34,DOL OFLC LCA disclosure data; https://www.dol.gov/agencies/eta/foreign-labor/performance
2024Q1,pooled_mid,0.20940965957698765,contrast_L12_vs_L34,DOL OFLC LCA disclosure data; https://www.dol.gov/agencies/eta/foreign-labor/performance
2024Q2,accenture,6.039031283839904,contrast_L12_vs_L34,DOL OFLC LCA disclosure data; https://www.dol.gov/agencies/eta/foreign-labor/performance
2024Q2,capgemini,9.747060797900225,contrast_L12_vs_L34,DOL OFLC LCA disclosure data; https://www.dol.gov/agencies/eta/foreign-labor/performance
2024Q2,coforge,21.628846581092258,contrast_L12_vs_L34,DOL OFLC LCA disclosure data; https://www.dol.gov/agencies/eta/foreign-labor/performance
2024Q2,cognizant,27.135829903397415,contrast_L12_vs_L34,DOL OFLC LCA disclosure data; https://www.dol.gov/agencies/eta/foreign-labor/performance
2024Q2,hcltech,54.21006948106224,contrast_L12_vs_L34,DOL OFLC LCA disclosure data; https://www.dol.gov/agencies/eta/foreign-labor/performance
2024Q2,hexaware,5.830458127487496,contrast_L12_vs_L34,DOL OFLC LCA disclosure data; https://www.dol.gov/agencies/eta/foreign-labor/performance
2024Q2,infosys,22.233663505940534,contrast_L12_vs_L34,DOL OFLC LCA disclosure data; https://www.dol.gov/agencies/eta/foreign-labor/performance
2024Q2,ltim,84.21937547122147,contrast_L12_vs_L34,DOL OFLC LCA disclosure data; https://www.dol.gov/agencies/eta/foreign-labor/performance
2024Q2,mphasis,12.573536384687841,contrast_L12_vs_L34,DOL OFLC LCA disclosure data; https://www.dol.gov/agencies/eta/foreign-labor/performance
2024Q2,persistent,117.5065844383552,contrast_L12_vs_L34,DOL OFLC LCA disclosure data; https://www.dol.gov/agencies/eta/foreign-labor/performance
2024Q2,tcs,48.75146686804089,contrast_L12_vs_L34,DOL OFLC LCA disclosure data; https://www.dol.gov/agencies/eta/foreign-labor/performance
2024Q2,techm,-41.25322753312568,contrast_L12_vs_L34,DOL OFLC LCA disclosure data; https://www.dol.gov/agencies/eta/foreign-labor/performance
2024Q2,wipro,4.18741471014662,contrast_L12_vs_L34,DOL OFLC LCA disclosure data; https://www.dol.gov/agencies/eta/foreign-labor/performance
2024Q2,pooled8,28.679557871758536,contrast_L12_vs_L34,DOL OFLC LCA disclosure data; https://www.dol.gov/agencies/eta/foreign-labor/performance
2024Q2,pooled_mid,27.1443201522088,contrast_L12_vs_L34,DOL OFLC LCA disclosure data; https://www.dol.gov/agencies/eta/foreign-labor/performance
2024Q3,accenture,-19.01798287264296,contrast_L12_vs_L34,DOL OFLC LCA disclosure data; https://www.dol.gov/agencies/eta/foreign-labor/performance
2024Q3,capgemini,7.058929546739499,contrast_L12_vs_L34,DOL OFLC LCA disclosure data; https://www.dol.gov/agencies/eta/foreign-labor/performance
2024Q3,coforge,-17.1908669847614,contrast_L12_vs_L34,DOL OFLC LCA disclosure data; https://www.dol.gov/agencies/eta/foreign-labor/performance
2024Q3,cognizant,6.4249092148476095,contrast_L12_vs_L34,DOL OFLC LCA disclosure data; https://www.dol.gov/agencies/eta/foreign-labor/performance
2024Q3,hcltech,37.90592497532341,contrast_L12_vs_L34,DOL OFLC LCA disclosure data; https://www.dol.gov/agencies/eta/foreign-labor/performance
2024Q3,hexaware,-29.699520499524695,contrast_L12_vs_L34,DOL OFLC LCA disclosure data; https://www.dol.gov/agencies/eta/foreign-labor/performance
2024Q3,infosys,-5.115860913570948,contrast_L12_vs_L34,DOL OFLC LCA disclosure data; https://www.dol.gov/agencies/eta/foreign-labor/performance
2024Q3,ltim,76.75827471590398,contrast_L12_vs_L34,DOL OFLC LCA disclosure data; https://www.dol.gov/agencies/eta/foreign-labor/performance
2024Q3,mphasis,2.0790769669073783,contrast_L12_vs_L34,DOL OFLC LCA disclosure data; https://www.dol.gov/agencies/eta/foreign-labor/performance
2024Q3,persistent,23.89126034324413,contrast_L12_vs_L34,DOL OFLC LCA disclosure data; https://www.dol.gov/agencies/eta/foreign-labor/performance
2024Q3,tcs,23.938881380571388,contrast_L12_vs_L34,DOL OFLC LCA disclosure data; https://www.dol.gov/agencies/eta/foreign-labor/performance
2024Q3,techm,4.934052191584986,contrast_L12_vs_L34,DOL OFLC LCA disclosure data; https://www.dol.gov/agencies/eta/foreign-labor/performance
2024Q3,wipro,-7.2726967941133545,contrast_L12_vs_L34,DOL OFLC LCA disclosure data; https://www.dol.gov/agencies/eta/foreign-labor/performance
2024Q3,pooled8,14.373727954739907,contrast_L12_vs_L34,DOL OFLC LCA disclosure data; https://www.dol.gov/agencies/eta/foreign-labor/performance
2024Q3,pooled_mid,24.62935032909332,contrast_L12_vs_L34,DOL OFLC LCA disclosure data; https://www.dol.gov/agencies/eta/foreign-labor/performance
2024Q4,accenture,2.05846124472777,contrast_L12_vs_L34,DOL OFLC LCA disclosure data; https://www.dol.gov/agencies/eta/foreign-labor/performance
2024Q4,capgemini,-2.1257602073208055,contrast_L12_vs_L34,DOL OFLC LCA disclosure data; https://www.dol.gov/agencies/eta/foreign-labor/performance
2024Q4,coforge,-22.980297598181863,contrast_L12_vs_L34,DOL OFLC LCA disclosure data; https://www.dol.gov/agencies/eta/foreign-labor/performance
2024Q4,cognizant,0.6387998496482816,contrast_L12_vs_L34,DOL OFLC LCA disclosure data; https://www.dol.gov/agencies/eta/foreign-labor/performance
2024Q4,hcltech,34.20058735350746,contrast_L12_vs_L34,DOL OFLC LCA disclosure data; https://www.dol.gov/agencies/eta/foreign-labor/performance
2024Q4,hexaware,-45.32231601851754,contrast_L12_vs_L34,DOL OFLC LCA disclosure data; https://www.dol.gov/agencies/eta/foreign-labor/performance
2024Q4,infosys,-18.952802455222702,contrast_L12_vs_L34,DOL OFLC LCA disclosure data; https://www.dol.gov/agencies/eta/foreign-labor/performance
2024Q4,ltim,27.486665986047548,contrast_L12_vs_L34,DOL OFLC LCA disclosure data; https://www.dol.gov/agencies/eta/foreign-labor/performance
2024Q4,mphasis,33.15782627423505,contrast_L12_vs_L34,DOL OFLC LCA disclosure data; https://www.dol.gov/agencies/eta/foreign-labor/performance
2024Q4,persistent,-135.00758482594108,contrast_L12_vs_L34,DOL OFLC LCA disclosure data; https://www.dol.gov/agencies/eta/foreign-labor/performance
2024Q4,tcs,27.03770855306221,contrast_L12_vs_L34,DOL OFLC LCA disclosure data; https://www.dol.gov/agencies/eta/foreign-labor/performance
2024Q4,wipro,-10.168419817884093,contrast_L12_vs_L34,DOL OFLC LCA disclosure data; https://www.dol.gov/agencies/eta/foreign-labor/performance
2024Q4,pooled8,7.600338090732025,contrast_L12_vs_L34,DOL OFLC LCA disclosure data; https://www.dol.gov/agencies/eta/foreign-labor/performance
2024Q4,pooled_mid,20.253216903110097,contrast_L12_vs_L34,DOL OFLC LCA disclosure data; https://www.dol.gov/agencies/eta/foreign-labor/performance
2025Q1,accenture,4.050220400556611,contrast_L12_vs_L34,DOL OFLC LCA disclosure data; https://www.dol.gov/agencies/eta/foreign-labor/performance
2025Q1,capgemini,-1.682885283688604,contrast_L12_vs_L34,DOL OFLC LCA disclosure data; https://www.dol.gov/agencies/eta/foreign-labor/performance
2025Q1,coforge,-21.80866098046849,contrast_L12_vs_L34,DOL OFLC LCA disclosure data; https://www.dol.gov/agencies/eta/foreign-labor/performance
2025Q1,cognizant,-5.657355431016642,contrast_L12_vs_L34,DOL OFLC LCA disclosure data; https://www.dol.gov/agencies/eta/foreign-labor/performance
2025Q1,hcltech,43.8239865611262,contrast_L12_vs_L34,DOL OFLC LCA disclosure data; https://www.dol.gov/agencies/eta/foreign-labor/performance
2025Q1,hexaware,-60.55711792825212,contrast_L12_vs_L34,DOL OFLC LCA disclosure data; https://www.dol.gov/agencies/eta/foreign-labor/performance
2025Q1,infosys,-31.464691741436877,contrast_L12_vs_L34,DOL OFLC LCA disclosure data; https://www.dol.gov/agencies/eta/foreign-labor/performance
2025Q1,ltim,9.13763711502899,contrast_L12_vs_L34,DOL OFLC LCA disclosure data; https://www.dol.gov/agencies/eta/foreign-labor/performance
2025Q1,mphasis,-36.05045321518303,contrast_L12_vs_L34,DOL OFLC LCA disclosure data; https://www.dol.gov/agencies/eta/foreign-labor/performance
2025Q1,persistent,-39.6587434076147,contrast_L12_vs_L34,DOL OFLC LCA disclosure data; https://www.dol.gov/agencies/eta/foreign-labor/performance
2025Q1,tcs,12.388312728463752,contrast_L12_vs_L34,DOL OFLC LCA disclosure data; https://www.dol.gov/agencies/eta/foreign-labor/performance
2025Q1,wipro,-21.946481126311404,contrast_L12_vs_L34,DOL OFLC LCA disclosure data; https://www.dol.gov/agencies/eta/foreign-labor/performance
2025Q1,pooled8,-10.507074439339215,contrast_L12_vs_L34,DOL OFLC LCA disclosure data; https://www.dol.gov/agencies/eta/foreign-labor/performance
2025Q1,pooled_mid,15.37767095879726,contrast_L12_vs_L34,DOL OFLC LCA disclosure data; https://www.dol.gov/agencies/eta/foreign-labor/performance
2025Q2,accenture,-23.33407456081052,contrast_L12_vs_L34,DOL OFLC LCA disclosure data; https://www.dol.gov/agencies/eta/foreign-labor/performance
2025Q2,capgemini,-25.30766088995049,contrast_L12_vs_L34,DOL OFLC LCA disclosure data; https://www.dol.gov/agencies/eta/foreign-labor/performance
2025Q2,coforge,-42.11938724078795,contrast_L12_vs_L34,DOL OFLC LCA disclosure data; https://www.dol.gov/agencies/eta/foreign-labor/performance
2025Q2,cognizant,-28.440050318203046,contrast_L12_vs_L34,DOL OFLC LCA disclosure data; https://www.dol.gov/agencies/eta/foreign-labor/performance
2025Q2,hcltech,28.170264127534402,contrast_L12_vs_L34,DOL OFLC LCA disclosure data; https://www.dol.gov/agencies/eta/foreign-labor/performance
2025Q2,hexaware,-101.30554003069632,contrast_L12_vs_L34,DOL OFLC LCA disclosure data; https://www.dol.gov/agencies/eta/foreign-labor/performance
2025Q2,infosys,-32.754437400010616,contrast_L12_vs_L34,DOL OFLC LCA disclosure data; https://www.dol.gov/agencies/eta/foreign-labor/performance
2025Q2,ltim,-31.425281481439114,contrast_L12_vs_L34,DOL OFLC LCA disclosure data; https://www.dol.gov/agencies/eta/foreign-labor/performance
2025Q2,mphasis,-35.95078070230365,contrast_L12_vs_L34,DOL OFLC LCA disclosure data; https://www.dol.gov/agencies/eta/foreign-labor/performance
2025Q2,persistent,-173.26289460012327,contrast_L12_vs_L34,DOL OFLC LCA disclosure data; https://www.dol.gov/agencies/eta/foreign-labor/performance
2025Q2,tcs,23.948802237121708,contrast_L12_vs_L34,DOL OFLC LCA disclosure data; https://www.dol.gov/agencies/eta/foreign-labor/performance
2025Q2,wipro,3.3409259262454896,contrast_L12_vs_L34,DOL OFLC LCA disclosure data; https://www.dol.gov/agencies/eta/foreign-labor/performance
2025Q2,pooled8,-13.356317357572138,contrast_L12_vs_L34,DOL OFLC LCA disclosure data; https://www.dol.gov/agencies/eta/foreign-labor/performance
2025Q2,pooled_mid,-29.36616490164981,contrast_L12_vs_L34,DOL OFLC LCA disclosure data; https://www.dol.gov/agencies/eta/foreign-labor/performance
2025Q3,accenture,-18.927681691312273,contrast_L12_vs_L34,DOL OFLC LCA disclosure data; https://www.dol.gov/agencies/eta/foreign-labor/performance
2025Q3,capgemini,-18.683991849550083,contrast_L12_vs_L34,DOL OFLC LCA disclosure data; https://www.dol.gov/agencies/eta/foreign-labor/performance
2025Q3,coforge,17.28817165333215,contrast_L12_vs_L34,DOL OFLC LCA disclosure data; https://www.dol.gov/agencies/eta/foreign-labor/performance
2025Q3,cognizant,-21.11737801704034,contrast_L12_vs_L34,DOL OFLC LCA disclosure data; https://www.dol.gov/agencies/eta/foreign-labor/performance
2025Q3,hcltech,59.03762280145021,contrast_L12_vs_L34,DOL OFLC LCA disclosure data; https://www.dol.gov/agencies/eta/foreign-labor/performance
2025Q3,hexaware,-93.07982694451945,contrast_L12_vs_L34,DOL OFLC LCA disclosure data; https://www.dol.gov/agencies/eta/foreign-labor/performance
2025Q3,infosys,38.77655729414326,contrast_L12_vs_L34,DOL OFLC LCA disclosure data; https://www.dol.gov/agencies/eta/foreign-labor/performance
2025Q3,ltim,-56.53960434608908,contrast_L12_vs_L34,DOL OFLC LCA disclosure data; https://www.dol.gov/agencies/eta/foreign-labor/performance
2025Q3,mphasis,-65.41895554824883,contrast_L12_vs_L34,DOL OFLC LCA disclosure data; https://www.dol.gov/agencies/eta/foreign-labor/performance
2025Q3,persistent,-140.07397863076136,contrast_L12_vs_L34,DOL OFLC LCA disclosure data; https://www.dol.gov/agencies/eta/foreign-labor/performance
2025Q3,tcs,36.37375117113568,contrast_L12_vs_L34,DOL OFLC LCA disclosure data; https://www.dol.gov/agencies/eta/foreign-labor/performance
2025Q3,wipro,-7.759696195159426,contrast_L12_vs_L34,DOL OFLC LCA disclosure data; https://www.dol.gov/agencies/eta/foreign-labor/performance
2025Q3,pooled8,1.4041901595513355,contrast_L12_vs_L34,DOL OFLC LCA disclosure data; https://www.dol.gov/agencies/eta/foreign-labor/performance
2025Q3,pooled_mid,-24.86063754918367,contrast_L12_vs_L34,DOL OFLC LCA disclosure data; https://www.dol.gov/agencies/eta/foreign-labor/performance
2025Q4,accenture,-20.56984838600678,contrast_L12_vs_L34,DOL OFLC LCA disclosure data; https://www.dol.gov/agencies/eta/foreign-labor/performance
2025Q4,capgemini,-9.138383532957135,contrast_L12_vs_L34,DOL OFLC LCA disclosure data; https://www.dol.gov/agencies/eta/foreign-labor/performance
2025Q4,coforge,40.19423137273507,contrast_L12_vs_L34,DOL OFLC LCA disclosure data; https://www.dol.gov/agencies/eta/foreign-labor/performance
2025Q4,cognizant,-19.031657527783842,contrast_L12_vs_L34,DOL OFLC LCA disclosure data; https://www.dol.gov/agencies/eta/foreign-labor/performance
2025Q4,hcltech,64.85252280788085,contrast_L12_vs_L34,DOL OFLC LCA disclosure data; https://www.dol.gov/agencies/eta/foreign-labor/performance
2025Q4,hexaware,-88.5839704158968,contrast_L12_vs_L34,DOL OFLC LCA disclosure data; https://www.dol.gov/agencies/eta/foreign-labor/performance
2025Q4,infosys,73.50329968615425,contrast_L12_vs_L34,DOL OFLC LCA disclosure data; https://www.dol.gov/agencies/eta/foreign-labor/performance
2025Q4,ltim,-50.089297027615764,contrast_L12_vs_L34,DOL OFLC LCA disclosure data; https://www.dol.gov/agencies/eta/foreign-labor/performance
2025Q4,mphasis,-65.38635723470502,contrast_L12_vs_L34,DOL OFLC LCA disclosure data; https://www.dol.gov/agencies/eta/foreign-labor/performance
2025Q4,persistent,-86.49015648054515,contrast_L12_vs_L34,DOL OFLC LCA disclosure data; https://www.dol.gov/agencies/eta/foreign-labor/performance
2025Q4,tcs,30.601254414289837,contrast_L12_vs_L34,DOL OFLC LCA disclosure data; https://www.dol.gov/agencies/eta/foreign-labor/performance
2025Q4,wipro,-11.963962526336285,contrast_L12_vs_L34,DOL OFLC LCA disclosure data; https://www.dol.gov/agencies/eta/foreign-labor/performance
2025Q4,pooled8,7.823940213983258,contrast_L12_vs_L34,DOL OFLC LCA disclosure data; https://www.dol.gov/agencies/eta/foreign-labor/performance
2025Q4,pooled_mid,-16.385827398173188,contrast_L12_vs_L34,DOL OFLC LCA disclosure data; https://www.dol.gov/agencies/eta/foreign-labor/performance
2026Q1,accenture,-28.692721703141626,contrast_L12_vs_L34,DOL OFLC LCA disclosure data; https://www.dol.gov/agencies/eta/foreign-labor/performance
2026Q1,capgemini,-11.626944947223652,contrast_L12_vs_L34,DOL OFLC LCA disclosure data; https://www.dol.gov/agencies/eta/foreign-labor/performance
2026Q1,coforge,75.13850894227343,contrast_L12_vs_L34,DOL OFLC LCA disclosure data; https://www.dol.gov/agencies/eta/foreign-labor/performance
2026Q1,cognizant,-13.944009608943823,contrast_L12_vs_L34,DOL OFLC LCA disclosure data; https://www.dol.gov/agencies/eta/foreign-labor/performance
2026Q1,hcltech,13.913532929379425,contrast_L12_vs_L34,DOL OFLC LCA disclosure data; https://www.dol.gov/agencies/eta/foreign-labor/performance
2026Q1,hexaware,-69.54138697846169,contrast_L12_vs_L34,DOL OFLC LCA disclosure data; https://www.dol.gov/agencies/eta/foreign-labor/performance
2026Q1,infosys,108.96236743063395,contrast_L12_vs_L34,DOL OFLC LCA disclosure data; https://www.dol.gov/agencies/eta/foreign-labor/performance
2026Q1,ltim,-42.40538085303044,contrast_L12_vs_L34,DOL OFLC LCA disclosure data; https://www.dol.gov/agencies/eta/foreign-labor/performance
2026Q1,mphasis,-29.338929733321372,contrast_L12_vs_L34,DOL OFLC LCA disclosure data; https://www.dol.gov/agencies/eta/foreign-labor/performance
2026Q1,persistent,-179.42879155814137,contrast_L12_vs_L34,DOL OFLC LCA disclosure data; https://www.dol.gov/agencies/eta/foreign-labor/performance
2026Q1,tcs,32.43557480986701,contrast_L12_vs_L34,DOL OFLC LCA disclosure data; https://www.dol.gov/agencies/eta/foreign-labor/performance
2026Q1,wipro,-3.374067174679889,contrast_L12_vs_L34,DOL OFLC LCA disclosure data; https://www.dol.gov/agencies/eta/foreign-labor/performance
2026Q1,pooled8,16.76352922281461,contrast_L12_vs_L34,DOL OFLC LCA disclosure data; https://www.dol.gov/agencies/eta/foreign-labor/performance
2026Q1,pooled_mid,-15.650375772452012,contrast_L12_vs_L34,DOL OFLC LCA disclosure data; https://www.dol.gov/agencies/eta/foreign-labor/performance
2026Q2,accenture,-72.08027719949173,contrast_L12_vs_L34,DOL OFLC LCA disclosure data; https://www.dol.gov/agencies/eta/foreign-labor/performance
2026Q2,capgemini,-10.500514962707872,contrast_L12_vs_L34,DOL OFLC LCA disclosure data; https://www.dol.gov/agencies/eta/foreign-labor/performance
2026Q2,coforge,105.42805837250813,contrast_L12_vs_L34,DOL OFLC LCA disclosure data; https://www.dol.gov/agencies/eta/foreign-labor/performance
2026Q2,cognizant,-16.38009494935777,contrast_L12_vs_L34,DOL OFLC LCA disclosure data; https://www.dol.gov/agencies/eta/foreign-labor/performance
2026Q2,hcltech,-52.62098442474415,contrast_L12_vs_L34,DOL OFLC LCA disclosure data; https://www.dol.gov/agencies/eta/foreign-labor/performance
2026Q2,hexaware,-61.00841077730166,contrast_L12_vs_L34,DOL OFLC LCA disclosure data; https://www.dol.gov/agencies/eta/foreign-labor/performance
2026Q2,infosys,110.46133713828193,contrast_L12_vs_L34,DOL OFLC LCA disclosure data; https://www.dol.gov/agencies/eta/foreign-labor/performance
2026Q2,ltim,-36.597707095971934,contrast_L12_vs_L34,DOL OFLC LCA disclosure data; https://www.dol.gov/agencies/eta/foreign-labor/performance
2026Q2,mphasis,-41.69671741948524,contrast_L12_vs_L34,DOL OFLC LCA disclosure data; https://www.dol.gov/agencies/eta/foreign-labor/performance
2026Q2,persistent,-142.23430768874883,contrast_L12_vs_L34,DOL OFLC LCA disclosure data; https://www.dol.gov/agencies/eta/foreign-labor/performance
2026Q2,tcs,-59.26272927050539,contrast_L12_vs_L34,DOL OFLC LCA disclosure data; https://www.dol.gov/agencies/eta/foreign-labor/performance
2026Q2,wipro,-22.873542935897927,contrast_L12_vs_L34,DOL OFLC LCA disclosure data; https://www.dol.gov/agencies/eta/foreign-labor/performance
2026Q2,pooled8,-3.5180624692562503,contrast_L12_vs_L34,DOL OFLC LCA disclosure data; https://www.dol.gov/agencies/eta/foreign-labor/performance
2026Q2,pooled_mid,-0.09519622003547568,contrast_L12_vs_L34,DOL OFLC LCA disclosure data; https://www.dol.gov/agencies/eta/foreign-labor/performance
2016Q4,accenture,-30.6670869127189,contrast_gpt4_withinL2,DOL OFLC LCA disclosure data; https://www.dol.gov/agencies/eta/foreign-labor/performance
2016Q4,capgemini,34.60416876373637,contrast_gpt4_withinL2,DOL OFLC LCA disclosure data; https://www.dol.gov/agencies/eta/foreign-labor/performance
2016Q4,cognizant,-73.23678937132267,contrast_gpt4_withinL2,DOL OFLC LCA disclosure data; https://www.dol.gov/agencies/eta/foreign-labor/performance
2016Q4,hcltech,27.550177354246898,contrast_gpt4_withinL2,DOL OFLC LCA disclosure data; https://www.dol.gov/agencies/eta/foreign-labor/performance
2016Q4,infosys,-10.285738543970808,contrast_gpt4_withinL2,DOL OFLC LCA disclosure data; https://www.dol.gov/agencies/eta/foreign-labor/performance
2016Q4,mphasis,11.84342893427035,contrast_gpt4_withinL2,DOL OFLC LCA disclosure data; https://www.dol.gov/agencies/eta/foreign-labor/performance
2016Q4,techm,-37.820595380866536,contrast_gpt4_withinL2,DOL OFLC LCA disclosure data; https://www.dol.gov/agencies/eta/foreign-labor/performance
2016Q4,wipro,-174.83888583149871,contrast_gpt4_withinL2,DOL OFLC LCA disclosure data; https://www.dol.gov/agencies/eta/foreign-labor/performance
2016Q4,pooled8,-35.27182414645242,contrast_gpt4_withinL2,DOL OFLC LCA disclosure data; https://www.dol.gov/agencies/eta/foreign-labor/performance
2016Q4,pooled_mid,35.23134153382023,contrast_gpt4_withinL2,DOL OFLC LCA disclosure data; https://www.dol.gov/agencies/eta/foreign-labor/performance
2017Q1,accenture,-117.97566803463013,contrast_gpt4_withinL2,DOL OFLC LCA disclosure data; https://www.dol.gov/agencies/eta/foreign-labor/performance
2017Q1,capgemini,-7.274650155540073,contrast_gpt4_withinL2,DOL OFLC LCA disclosure data; https://www.dol.gov/agencies/eta/foreign-labor/performance
2017Q1,cognizant,-229.66503574742313,contrast_gpt4_withinL2,DOL OFLC LCA disclosure data; https://www.dol.gov/agencies/eta/foreign-labor/performance
2017Q1,hcltech,0.09040570171635132,contrast_gpt4_withinL2,DOL OFLC LCA disclosure data; https://www.dol.gov/agencies/eta/foreign-labor/performance
2017Q1,infosys,-154.3479944642303,contrast_gpt4_withinL2,DOL OFLC LCA disclosure data; https://www.dol.gov/agencies/eta/foreign-labor/performance
2017Q1,ltim,108.73127334141763,contrast_gpt4_withinL2,DOL OFLC LCA disclosure data; https://www.dol.gov/agencies/eta/foreign-labor/performance
2017Q1,mphasis,-37.668109214738834,contrast_gpt4_withinL2,DOL OFLC LCA disclosure data; https://www.dol.gov/agencies/eta/foreign-labor/performance
2017Q1,tcs,47.50654010927876,contrast_gpt4_withinL2,DOL OFLC LCA disclosure data; https://www.dol.gov/agencies/eta/foreign-labor/performance
2017Q1,techm,28.776346883064463,contrast_gpt4_withinL2,DOL OFLC LCA disclosure data; https://www.dol.gov/agencies/eta/foreign-labor/performance
2017Q1,wipro,-175.14811145166382,contrast_gpt4_withinL2,DOL OFLC LCA disclosure data; https://www.dol.gov/agencies/eta/foreign-labor/performance
2017Q1,pooled8,-61.58622891271027,contrast_gpt4_withinL2,DOL OFLC LCA disclosure data; https://www.dol.gov/agencies/eta/foreign-labor/performance
2017Q1,pooled_mid,-17.810242472732668,contrast_gpt4_withinL2,DOL OFLC LCA disclosure data; https://www.dol.gov/agencies/eta/foreign-labor/performance
2017Q2,accenture,-77.24513903046375,contrast_gpt4_withinL2,DOL OFLC LCA disclosure data; https://www.dol.gov/agencies/eta/foreign-labor/performance
2017Q2,capgemini,-43.93719331971417,contrast_gpt4_withinL2,DOL OFLC LCA disclosure data; https://www.dol.gov/agencies/eta/foreign-labor/performance
2017Q2,cognizant,-226.6217448823171,contrast_gpt4_withinL2,DOL OFLC LCA disclosure data; https://www.dol.gov/agencies/eta/foreign-labor/performance
2017Q2,hcltech,-7.659044100137109,contrast_gpt4_withinL2,DOL OFLC LCA disclosure data; https://www.dol.gov/agencies/eta/foreign-labor/performance
2017Q2,infosys,-147.06355095536412,contrast_gpt4_withinL2,DOL OFLC LCA disclosure data; https://www.dol.gov/agencies/eta/foreign-labor/performance
2017Q2,ltim,198.25676398993284,contrast_gpt4_withinL2,DOL OFLC LCA disclosure data; https://www.dol.gov/agencies/eta/foreign-labor/performance
2017Q2,mphasis,-27.605403445666184,contrast_gpt4_withinL2,DOL OFLC LCA disclosure data; https://www.dol.gov/agencies/eta/foreign-labor/performance
2017Q2,tcs,-36.198436688375864,contrast_gpt4_withinL2,DOL OFLC LCA disclosure data; https://www.dol.gov/agencies/eta/foreign-labor/performance
2017Q2,techm,11.25204507799188,contrast_gpt4_withinL2,DOL OFLC LCA disclosure data; https://www.dol.gov/agencies/eta/foreign-labor/performance
2017Q2,wipro,-134.42678285417796,contrast_gpt4_withinL2,DOL OFLC LCA disclosure data; https://www.dol.gov/agencies/eta/foreign-labor/performance
2017Q2,pooled8,-50.25433811191871,contrast_gpt4_withinL2,DOL OFLC LCA disclosure data; https://www.dol.gov/agencies/eta/foreign-labor/performance
2017Q2,pooled_mid,-44.197054836860445,contrast_gpt4_withinL2,DOL OFLC LCA disclosure data; https://www.dol.gov/agencies/eta/foreign-labor/performance
2017Q4,accenture,-6.887367905062206,contrast_gpt4_withinL2,DOL OFLC LCA disclosure data; https://www.dol.gov/agencies/eta/foreign-labor/performance
2017Q4,capgemini,-57.98784035931999,contrast_gpt4_withinL2,DOL OFLC LCA disclosure data; https://www.dol.gov/agencies/eta/foreign-labor/performance
2017Q4,cognizant,-124.1713132308783,contrast_gpt4_withinL2,DOL OFLC LCA disclosure data; https://www.dol.gov/agencies/eta/foreign-labor/performance
2017Q4,hcltech,-37.38797561007668,contrast_gpt4_withinL2,DOL OFLC LCA disclosure data; https://www.dol.gov/agencies/eta/foreign-labor/performance
2017Q4,infosys,-31.585294941847707,contrast_gpt4_withinL2,DOL OFLC LCA disclosure data; https://www.dol.gov/agencies/eta/foreign-labor/performance
2017Q4,mphasis,-31.483306151773178,contrast_gpt4_withinL2,DOL OFLC LCA disclosure data; https://www.dol.gov/agencies/eta/foreign-labor/performance
2017Q4,techm,56.923732434138145,contrast_gpt4_withinL2,DOL OFLC LCA disclosure data; https://www.dol.gov/agencies/eta/foreign-labor/performance
2017Q4,wipro,57.80971634748039,contrast_gpt4_withinL2,DOL OFLC LCA disclosure data; https://www.dol.gov/agencies/eta/foreign-labor/performance
2017Q4,pooled8,9.93928488869662,contrast_gpt4_withinL2,DOL OFLC LCA disclosure data; https://www.dol.gov/agencies/eta/foreign-labor/performance
2017Q4,pooled_mid,-56.90833051720105,contrast_gpt4_withinL2,DOL OFLC LCA disclosure data; https://www.dol.gov/agencies/eta/foreign-labor/performance
2018Q1,accenture,24.878139678922516,contrast_gpt4_withinL2,DOL OFLC LCA disclosure data; https://www.dol.gov/agencies/eta/foreign-labor/performance
2018Q1,capgemini,10.450246873437159,contrast_gpt4_withinL2,DOL OFLC LCA disclosure data; https://www.dol.gov/agencies/eta/foreign-labor/performance
2018Q1,cognizant,-167.15429194209693,contrast_gpt4_withinL2,DOL OFLC LCA disclosure data; https://www.dol.gov/agencies/eta/foreign-labor/performance
2018Q1,hcltech,-42.21440347510533,contrast_gpt4_withinL2,DOL OFLC LCA disclosure data; https://www.dol.gov/agencies/eta/foreign-labor/performance
2018Q1,infosys,39.35743615866427,contrast_gpt4_withinL2,DOL OFLC LCA disclosure data; https://www.dol.gov/agencies/eta/foreign-labor/performance
2018Q1,ltim,-105.96101308648406,contrast_gpt4_withinL2,DOL OFLC LCA disclosure data; https://www.dol.gov/agencies/eta/foreign-labor/performance
2018Q1,mphasis,-14.388942663893008,contrast_gpt4_withinL2,DOL OFLC LCA disclosure data; https://www.dol.gov/agencies/eta/foreign-labor/performance
2018Q1,tcs,-153.06132670323328,contrast_gpt4_withinL2,DOL OFLC LCA disclosure data; https://www.dol.gov/agencies/eta/foreign-labor/performance
2018Q1,techm,-26.776761329210267,contrast_gpt4_withinL2,DOL OFLC LCA disclosure data; https://www.dol.gov/agencies/eta/foreign-labor/performance
2018Q1,wipro,69.46768625667609,contrast_gpt4_withinL2,DOL OFLC LCA disclosure data; https://www.dol.gov/agencies/eta/foreign-labor/performance
2018Q1,pooled8,4.090473649056403,contrast_gpt4_withinL2,DOL OFLC LCA disclosure data; https://www.dol.gov/agencies/eta/foreign-labor/performance
2018Q1,pooled_mid,5.6008723824705875,contrast_gpt4_withinL2,DOL OFLC LCA disclosure data; https://www.dol.gov/agencies/eta/foreign-labor/performance
2018Q2,accenture,-6.61324726347496,contrast_gpt4_withinL2,DOL OFLC LCA disclosure data; https://www.dol.gov/agencies/eta/foreign-labor/performance
2018Q2,capgemini,-10.112379054205825,contrast_gpt4_withinL2,DOL OFLC LCA disclosure data; https://www.dol.gov/agencies/eta/foreign-labor/performance
2018Q2,cognizant,-138.94459552822354,contrast_gpt4_withinL2,DOL OFLC LCA disclosure data; https://www.dol.gov/agencies/eta/foreign-labor/performance
2018Q2,hcltech,-22.73389425443125,contrast_gpt4_withinL2,DOL OFLC LCA disclosure data; https://www.dol.gov/agencies/eta/foreign-labor/performance
2018Q2,infosys,9.813447056608679,contrast_gpt4_withinL2,DOL OFLC LCA disclosure data; https://www.dol.gov/agencies/eta/foreign-labor/performance
2018Q2,ltim,-159.23700039219523,contrast_gpt4_withinL2,DOL OFLC LCA disclosure data; https://www.dol.gov/agencies/eta/foreign-labor/performance
2018Q2,mphasis,20.67193410555975,contrast_gpt4_withinL2,DOL OFLC LCA disclosure data; https://www.dol.gov/agencies/eta/foreign-labor/performance
2018Q2,tcs,-109.64708324764833,contrast_gpt4_withinL2,DOL OFLC LCA disclosure data; https://www.dol.gov/agencies/eta/foreign-labor/performance
2018Q2,techm,-20.378072781516693,contrast_gpt4_withinL2,DOL OFLC LCA disclosure data; https://www.dol.gov/agencies/eta/foreign-labor/performance
2018Q2,wipro,57.07045970148067,contrast_gpt4_withinL2,DOL OFLC LCA disclosure data; https://www.dol.gov/agencies/eta/foreign-labor/performance
2018Q2,pooled8,-14.827315908784904,contrast_gpt4_withinL2,DOL OFLC LCA disclosure data; https://www.dol.gov/agencies/eta/foreign-labor/performance
2018Q2,pooled_mid,-5.3168457044806585,contrast_gpt4_withinL2,DOL OFLC LCA disclosure data; https://www.dol.gov/agencies/eta/foreign-labor/performance
2018Q3,accenture,-11.126122537788532,contrast_gpt4_withinL2,DOL OFLC LCA disclosure data; https://www.dol.gov/agencies/eta/foreign-labor/performance
2018Q3,capgemini,-6.101648945302376,contrast_gpt4_withinL2,DOL OFLC LCA disclosure data; https://www.dol.gov/agencies/eta/foreign-labor/performance
2018Q3,cognizant,-140.69136483226265,contrast_gpt4_withinL2,DOL OFLC LCA disclosure data; https://www.dol.gov/agencies/eta/foreign-labor/performance
2018Q3,hcltech,-18.95665173561963,contrast_gpt4_withinL2,DOL OFLC LCA disclosure data; https://www.dol.gov/agencies/eta/foreign-labor/performance
2018Q3,infosys,27.821431744784746,contrast_gpt4_withinL2,DOL OFLC LCA disclosure data; https://www.dol.gov/agencies/eta/foreign-labor/performance
2018Q3,ltim,-112.30534238272553,contrast_gpt4_withinL2,DOL OFLC LCA disclosure data; https://www.dol.gov/agencies/eta/foreign-labor/performance
2018Q3,mphasis,31.962528275030202,contrast_gpt4_withinL2,DOL OFLC LCA disclosure data; https://www.dol.gov/agencies/eta/foreign-labor/performance
2018Q3,tcs,-108.46881386245434,contrast_gpt4_withinL2,DOL OFLC LCA disclosure data; https://www.dol.gov/agencies/eta/foreign-labor/performance
2018Q3,techm,-19.441942358855087,contrast_gpt4_withinL2,DOL OFLC LCA disclosure data; https://www.dol.gov/agencies/eta/foreign-labor/performance
2018Q3,wipro,55.35103521576892,contrast_gpt4_withinL2,DOL OFLC LCA disclosure data; https://www.dol.gov/agencies/eta/foreign-labor/performance
2018Q3,pooled8,-11.969914913052554,contrast_gpt4_withinL2,DOL OFLC LCA disclosure data; https://www.dol.gov/agencies/eta/foreign-labor/performance
2018Q3,pooled_mid,-1.951220259092807,contrast_gpt4_withinL2,DOL OFLC LCA disclosure data; https://www.dol.gov/agencies/eta/foreign-labor/performance
2018Q4,accenture,-27.774825255776232,contrast_gpt4_withinL2,DOL OFLC LCA disclosure data; https://www.dol.gov/agencies/eta/foreign-labor/performance
2018Q4,capgemini,24.505769501045947,contrast_gpt4_withinL2,DOL OFLC LCA disclosure data; https://www.dol.gov/agencies/eta/foreign-labor/performance
2018Q4,cognizant,-238.69262414277966,contrast_gpt4_withinL2,DOL OFLC LCA disclosure data; https://www.dol.gov/agencies/eta/foreign-labor/performance
2018Q4,hcltech,-1.634195566719896,contrast_gpt4_withinL2,DOL OFLC LCA disclosure data; https://www.dol.gov/agencies/eta/foreign-labor/performance
2018Q4,infosys,35.09442692297474,contrast_gpt4_withinL2,DOL OFLC LCA disclosure data; https://www.dol.gov/agencies/eta/foreign-labor/performance
2018Q4,ltim,-13.919713016020012,contrast_gpt4_withinL2,DOL OFLC LCA disclosure data; https://www.dol.gov/agencies/eta/foreign-labor/performance
2018Q4,mphasis,29.849664219803813,contrast_gpt4_withinL2,DOL OFLC LCA disclosure data; https://www.dol.gov/agencies/eta/foreign-labor/performance
2018Q4,persistent,151.14575040738964,contrast_gpt4_withinL2,DOL OFLC LCA disclosure data; https://www.dol.gov/agencies/eta/foreign-labor/performance
2018Q4,tcs,-109.19754629508581,contrast_gpt4_withinL2,DOL OFLC LCA disclosure data; https://www.dol.gov/agencies/eta/foreign-labor/performance
2018Q4,techm,-17.75347043633729,contrast_gpt4_withinL2,DOL OFLC LCA disclosure data; https://www.dol.gov/agencies/eta/foreign-labor/performance
2018Q4,wipro,47.10695944419851,contrast_gpt4_withinL2,DOL OFLC LCA disclosure data; https://www.dol.gov/agencies/eta/foreign-labor/performance
2018Q4,pooled8,-15.764102888288026,contrast_gpt4_withinL2,DOL OFLC LCA disclosure data; https://www.dol.gov/agencies/eta/foreign-labor/performance
2018Q4,pooled_mid,22.225907957901757,contrast_gpt4_withinL2,DOL OFLC LCA disclosure data; https://www.dol.gov/agencies/eta/foreign-labor/performance
2019Q1,accenture,-20.158921015735388,contrast_gpt4_withinL2,DOL OFLC LCA disclosure data; https://www.dol.gov/agencies/eta/foreign-labor/performance
2019Q1,capgemini,29.33961690707729,contrast_gpt4_withinL2,DOL OFLC LCA disclosure data; https://www.dol.gov/agencies/eta/foreign-labor/performance
2019Q1,cognizant,59.82484387371496,contrast_gpt4_withinL2,DOL OFLC LCA disclosure data; https://www.dol.gov/agencies/eta/foreign-labor/performance
2019Q1,hcltech,48.64420976205493,contrast_gpt4_withinL2,DOL OFLC LCA disclosure data; https://www.dol.gov/agencies/eta/foreign-labor/performance
2019Q1,infosys,76.64193816662711,contrast_gpt4_withinL2,DOL OFLC LCA disclosure data; https://www.dol.gov/agencies/eta/foreign-labor/performance
2019Q1,ltim,-19.826279639361076,contrast_gpt4_withinL2,DOL OFLC LCA disclosure data; https://www.dol.gov/agencies/eta/foreign-labor/performance
2019Q1,mphasis,91.74518832030913,contrast_gpt4_withinL2,DOL OFLC LCA disclosure data; https://www.dol.gov/agencies/eta/foreign-labor/performance
2019Q1,tcs,-81.26002111588127,contrast_gpt4_withinL2,DOL OFLC LCA disclosure data; https://www.dol.gov/agencies/eta/foreign-labor/performance
2019Q1,techm,29.83181917568299,contrast_gpt4_withinL2,DOL OFLC LCA disclosure data; https://www.dol.gov/agencies/eta/foreign-labor/performance
2019Q1,wipro,91.82991840866437,contrast_gpt4_withinL2,DOL OFLC LCA disclosure data; https://www.dol.gov/agencies/eta/foreign-labor/performance
2019Q1,pooled8,4.053509243406893,contrast_gpt4_withinL2,DOL OFLC LCA disclosure data; https://www.dol.gov/agencies/eta/foreign-labor/performance
2019Q1,pooled_mid,32.9741294886423,contrast_gpt4_withinL2,DOL OFLC LCA disclosure data; https://www.dol.gov/agencies/eta/foreign-labor/performance
2019Q2,accenture,3.0171888045571933,contrast_gpt4_withinL2,DOL OFLC LCA disclosure data; https://www.dol.gov/agencies/eta/foreign-labor/performance
2019Q2,capgemini,53.89863930465215,contrast_gpt4_withinL2,DOL OFLC LCA disclosure data; https://www.dol.gov/agencies/eta/foreign-labor/performance
2019Q2,coforge,-22.314355131420978,contrast_gpt4_withinL2,DOL OFLC LCA disclosure data; https://www.dol.gov/agencies/eta/foreign-labor/performance
2019Q2,cognizant,43.322251307270925,contrast_gpt4_withinL2,DOL OFLC LCA disclosure data; https://www.dol.gov/agencies/eta/foreign-labor/performance
2019Q2,hcltech,47.222954370688186,contrast_gpt4_withinL2,DOL OFLC LCA disclosure data; https://www.dol.gov/agencies/eta/foreign-labor/performance
2019Q2,infosys,76.64566055118706,contrast_gpt4_withinL2,DOL OFLC LCA disclosure data; https://www.dol.gov/agencies/eta/foreign-labor/performance
2019Q2,ltim,13.75297985912178,contrast_gpt4_withinL2,DOL OFLC LCA disclosure data; https://www.dol.gov/agencies/eta/foreign-labor/performance
2019Q2,mphasis,80.06899287999045,contrast_gpt4_withinL2,DOL OFLC LCA disclosure data; https://www.dol.gov/agencies/eta/foreign-labor/performance
2019Q2,tcs,-59.94494046081195,contrast_gpt4_withinL2,DOL OFLC LCA disclosure data; https://www.dol.gov/agencies/eta/foreign-labor/performance
2019Q2,techm,29.324154006174734,contrast_gpt4_withinL2,DOL OFLC LCA disclosure data; https://www.dol.gov/agencies/eta/foreign-labor/performance
2019Q2,wipro,117.67013001889057,contrast_gpt4_withinL2,DOL OFLC LCA disclosure data; https://www.dol.gov/agencies/eta/foreign-labor/performance
2019Q2,pooled8,11.855646357278847,contrast_gpt4_withinL2,DOL OFLC LCA disclosure data; https://www.dol.gov/agencies/eta/foreign-labor/performance
2019Q2,pooled_mid,46.25800361725613,contrast_gpt4_withinL2,DOL OFLC LCA disclosure data; https://www.dol.gov/agencies/eta/foreign-labor/performance
2019Q3,accenture,11.78811684905762,contrast_gpt4_withinL2,DOL OFLC LCA disclosure data; https://www.dol.gov/agencies/eta/foreign-labor/performance
2019Q3,capgemini,52.835348565496226,contrast_gpt4_withinL2,DOL OFLC LCA disclosure data; https://www.dol.gov/agencies/eta/foreign-labor/performance
2019Q3,cognizant,91.3408885499266,contrast_gpt4_withinL2,DOL OFLC LCA disclosure data; https://www.dol.gov/agencies/eta/foreign-labor/performance
2019Q3,hcltech,46.8413432226562,contrast_gpt4_withinL2,DOL OFLC LCA disclosure data; https://www.dol.gov/agencies/eta/foreign-labor/performance
2019Q3,hexaware,-13.326539980476046,contrast_gpt4_withinL2,DOL OFLC LCA disclosure data; https://www.dol.gov/agencies/eta/foreign-labor/performance
2019Q3,infosys,61.59881000133273,contrast_gpt4_withinL2,DOL OFLC LCA disclosure data; https://www.dol.gov/agencies/eta/foreign-labor/performance
2019Q3,ltim,-33.98213885098025,contrast_gpt4_withinL2,DOL OFLC LCA disclosure data; https://www.dol.gov/agencies/eta/foreign-labor/performance
2019Q3,mphasis,53.37441167411835,contrast_gpt4_withinL2,DOL OFLC LCA disclosure data; https://www.dol.gov/agencies/eta/foreign-labor/performance
2019Q3,persistent,163.125695982874,contrast_gpt4_withinL2,DOL OFLC LCA disclosure data; https://www.dol.gov/agencies/eta/foreign-labor/performance
2019Q3,tcs,-58.47510631951471,contrast_gpt4_withinL2,DOL OFLC LCA disclosure data; https://www.dol.gov/agencies/eta/foreign-labor/performance
2019Q3,techm,29.057469996268495,contrast_gpt4_withinL2,DOL OFLC LCA disclosure data; https://www.dol.gov/agencies/eta/foreign-labor/performance
2019Q3,wipro,131.87226100267765,contrast_gpt4_withinL2,DOL OFLC LCA disclosure data; https://www.dol.gov/agencies/eta/foreign-labor/performance
2019Q3,pooled8,11.00537901728621,contrast_gpt4_withinL2,DOL OFLC LCA disclosure data; https://www.dol.gov/agencies/eta/foreign-labor/performance
2019Q3,pooled_mid,40.1474168734552,contrast_gpt4_withinL2,DOL OFLC LCA disclosure data; https://www.dol.gov/agencies/eta/foreign-labor/performance
2019Q4,accenture,19.459309567527708,contrast_gpt4_withinL2,DOL OFLC LCA disclosure data; https://www.dol.gov/agencies/eta/foreign-labor/performance
2019Q4,capgemini,45.827644921852105,contrast_gpt4_withinL2,DOL OFLC LCA disclosure data; https://www.dol.gov/agencies/eta/foreign-labor/performance
2019Q4,cognizant,307.84998575403114,contrast_gpt4_withinL2,DOL OFLC LCA disclosure data; https://www.dol.gov/agencies/eta/foreign-labor/performance
2019Q4,hcltech,38.94012550010339,contrast_gpt4_withinL2,DOL OFLC LCA disclosure data; https://www.dol.gov/agencies/eta/foreign-labor/performance
2019Q4,hexaware,-11.199129005602318,contrast_gpt4_withinL2,DOL OFLC LCA disclosure data; https://www.dol.gov/agencies/eta/foreign-labor/performance
2019Q4,infosys,90.28385871663662,contrast_gpt4_withinL2,DOL OFLC LCA disclosure data; https://www.dol.gov/agencies/eta/foreign-labor/performance
2019Q4,ltim,-50.51402009971905,contrast_gpt4_withinL2,DOL OFLC LCA disclosure data; https://www.dol.gov/agencies/eta/foreign-labor/performance
2019Q4,mphasis,75.10865393829653,contrast_gpt4_withinL2,DOL OFLC LCA disclosure data; https://www.dol.gov/agencies/eta/foreign-labor/performance
2019Q4,persistent,176.568722891828,contrast_gpt4_withinL2,DOL OFLC LCA disclosure data; https://www.dol.gov/agencies/eta/foreign-labor/performance
2019Q4,tcs,-51.40920451099433,contrast_gpt4_withinL2,DOL OFLC LCA disclosure data; https://www.dol.gov/agencies/eta/foreign-labor/performance
2019Q4,techm,27.514538863341194,contrast_gpt4_withinL2,DOL OFLC LCA disclosure data; https://www.dol.gov/agencies/eta/foreign-labor/performance
2019Q4,wipro,134.48036938899997,contrast_gpt4_withinL2,DOL OFLC LCA disclosure data; https://www.dol.gov/agencies/eta/foreign-labor/performance
2019Q4,pooled8,10.627683984519873,contrast_gpt4_withinL2,DOL OFLC LCA disclosure data; https://www.dol.gov/agencies/eta/foreign-labor/performance
2019Q4,pooled_mid,38.87621145569211,contrast_gpt4_withinL2,DOL OFLC LCA disclosure data; https://www.dol.gov/agencies/eta/foreign-labor/performance
2020Q1,accenture,22.651994633499175,contrast_gpt4_withinL2,DOL OFLC LCA disclosure data; https://www.dol.gov/agencies/eta/foreign-labor/performance
2020Q1,capgemini,31.48710061012995,contrast_gpt4_withinL2,DOL OFLC LCA disclosure data; https://www.dol.gov/agencies/eta/foreign-labor/performance
2020Q1,cognizant,321.0020946419473,contrast_gpt4_withinL2,DOL OFLC LCA disclosure data; https://www.dol.gov/agencies/eta/foreign-labor/performance
2020Q1,hcltech,11.163997114266946,contrast_gpt4_withinL2,DOL OFLC LCA disclosure data; https://www.dol.gov/agencies/eta/foreign-labor/performance
2020Q1,infosys,213.91866208017416,contrast_gpt4_withinL2,DOL OFLC LCA disclosure data; https://www.dol.gov/agencies/eta/foreign-labor/performance
2020Q1,ltim,3.863265080172681,contrast_gpt4_withinL2,DOL OFLC LCA disclosure data; https://www.dol.gov/agencies/eta/foreign-labor/performance
2020Q1,mphasis,19.51696992718036,contrast_gpt4_withinL2,DOL OFLC LCA disclosure data; https://www.dol.gov/agencies/eta/foreign-labor/performance
2020Q1,tcs,120.12221312968114,contrast_gpt4_withinL2,DOL OFLC LCA disclosure data; https://www.dol.gov/agencies/eta/foreign-labor/performance
2020Q1,techm,-23.738279849243163,contrast_gpt4_withinL2,DOL OFLC LCA disclosure data; https://www.dol.gov/agencies/eta/foreign-labor/performance
2020Q1,wipro,34.571674158342205,contrast_gpt4_withinL2,DOL OFLC LCA disclosure data; https://www.dol.gov/agencies/eta/foreign-labor/performance
2020Q1,pooled8,25.03987135874162,contrast_gpt4_withinL2,DOL OFLC LCA disclosure data; https://www.dol.gov/agencies/eta/foreign-labor/performance
2020Q1,pooled_mid,20.848907189352424,contrast_gpt4_withinL2,DOL OFLC LCA disclosure data; https://www.dol.gov/agencies/eta/foreign-labor/performance
2020Q2,accenture,13.871916506924016,contrast_gpt4_withinL2,DOL OFLC LCA disclosure data; https://www.dol.gov/agencies/eta/foreign-labor/performance
2020Q2,capgemini,46.79090106658338,contrast_gpt4_withinL2,DOL OFLC LCA disclosure data; https://www.dol.gov/agencies/eta/foreign-labor/performance
2020Q2,cognizant,521.4176852293427,contrast_gpt4_withinL2,DOL OFLC LCA disclosure data; https://www.dol.gov/agencies/eta/foreign-labor/performance
2020Q2,hcltech,-17.698957037535852,contrast_gpt4_withinL2,DOL OFLC LCA disclosure data; https://www.dol.gov/agencies/eta/foreign-labor/performance
2020Q2,infosys,224.50411481513288,contrast_gpt4_withinL2,DOL OFLC LCA disclosure data; https://www.dol.gov/agencies/eta/foreign-labor/performance
2020Q2,ltim,-5.158736879049329,contrast_gpt4_withinL2,DOL OFLC LCA disclosure data; https://www.dol.gov/agencies/eta/foreign-labor/performance
2020Q2,mphasis,11.406115688865759,contrast_gpt4_withinL2,DOL OFLC LCA disclosure data; https://www.dol.gov/agencies/eta/foreign-labor/performance
2020Q2,tcs,67.8485670675824,contrast_gpt4_withinL2,DOL OFLC LCA disclosure data; https://www.dol.gov/agencies/eta/foreign-labor/performance
2020Q2,techm,-3.9666430507723156,contrast_gpt4_withinL2,DOL OFLC LCA disclosure data; https://www.dol.gov/agencies/eta/foreign-labor/performance
2020Q2,wipro,-4.115807249350752,contrast_gpt4_withinL2,DOL OFLC LCA disclosure data; https://www.dol.gov/agencies/eta/foreign-labor/performance
2020Q2,pooled8,39.11476736514893,contrast_gpt4_withinL2,DOL OFLC LCA disclosure data; https://www.dol.gov/agencies/eta/foreign-labor/performance
2020Q2,pooled_mid,35.06978141094392,contrast_gpt4_withinL2,DOL OFLC LCA disclosure data; https://www.dol.gov/agencies/eta/foreign-labor/performance
2020Q3,accenture,26.813770367796142,contrast_gpt4_withinL2,DOL OFLC LCA disclosure data; https://www.dol.gov/agencies/eta/foreign-labor/performance
2020Q3,capgemini,50.187493396093394,contrast_gpt4_withinL2,DOL OFLC LCA disclosure data; https://www.dol.gov/agencies/eta/foreign-labor/performance
2020Q3,cognizant,463.6639489214893,contrast_gpt4_withinL2,DOL OFLC LCA disclosure data; https://www.dol.gov/agencies/eta/foreign-labor/performance
2020Q3,hcltech,-18.004141175887533,contrast_gpt4_withinL2,DOL OFLC LCA disclosure data; https://www.dol.gov/agencies/eta/foreign-labor/performance
2020Q3,infosys,224.8454490828335,contrast_gpt4_withinL2,DOL OFLC LCA disclosure data; https://www.dol.gov/agencies/eta/foreign-labor/performance
2020Q3,ltim,-19.711537925987393,contrast_gpt4_withinL2,DOL OFLC LCA disclosure data; https://www.dol.gov/agencies/eta/foreign-labor/performance
2020Q3,mphasis,64.95512591569648,contrast_gpt4_withinL2,DOL OFLC LCA disclosure data; https://www.dol.gov/agencies/eta/foreign-labor/performance
2020Q3,persistent,-14.698219034864582,contrast_gpt4_withinL2,DOL OFLC LCA disclosure data; https://www.dol.gov/agencies/eta/foreign-labor/performance
2020Q3,tcs,66.55136978845343,contrast_gpt4_withinL2,DOL OFLC LCA disclosure data; https://www.dol.gov/agencies/eta/foreign-labor/performance
2020Q3,techm,-1.5477887095815817,contrast_gpt4_withinL2,DOL OFLC LCA disclosure data; https://www.dol.gov/agencies/eta/foreign-labor/performance
2020Q3,wipro,-14.491243833902402,contrast_gpt4_withinL2,DOL OFLC LCA disclosure data; https://www.dol.gov/agencies/eta/foreign-labor/performance
2020Q3,pooled8,45.48525251822907,contrast_gpt4_withinL2,DOL OFLC LCA disclosure data; https://www.dol.gov/agencies/eta/foreign-labor/performance
2020Q3,pooled_mid,56.2484713647536,contrast_gpt4_withinL2,DOL OFLC LCA disclosure data; https://www.dol.gov/agencies/eta/foreign-labor/performance
2020Q4,accenture,37.250826651280896,contrast_gpt4_withinL2,DOL OFLC LCA disclosure data; https://www.dol.gov/agencies/eta/foreign-labor/performance
2020Q4,capgemini,38.758468283031604,contrast_gpt4_withinL2,DOL OFLC LCA disclosure data; https://www.dol.gov/agencies/eta/foreign-labor/performance
2020Q4,cognizant,377.6051793937595,contrast_gpt4_withinL2,DOL OFLC LCA disclosure data; https://www.dol.gov/agencies/eta/foreign-labor/performance
2020Q4,hcltech,-17.859700051600278,contrast_gpt4_withinL2,DOL OFLC LCA disclosure data; https://www.dol.gov/agencies/eta/foreign-labor/performance
2020Q4,infosys,171.9476561305819,contrast_gpt4_withinL2,DOL OFLC LCA disclosure data; https://www.dol.gov/agencies/eta/foreign-labor/performance
2020Q4,ltim,-9.278762215529575,contrast_gpt4_withinL2,DOL OFLC LCA disclosure data; https://www.dol.gov/agencies/eta/foreign-labor/performance
2020Q4,mphasis,66.06175372622937,contrast_gpt4_withinL2,DOL OFLC LCA disclosure data; https://www.dol.gov/agencies/eta/foreign-labor/performance
2020Q4,persistent,-44.39313889359605,contrast_gpt4_withinL2,DOL OFLC LCA disclosure data; https://www.dol.gov/agencies/eta/foreign-labor/performance
2020Q4,tcs,48.1845177306145,contrast_gpt4_withinL2,DOL OFLC LCA disclosure data; https://www.dol.gov/agencies/eta/foreign-labor/performance
2020Q4,techm,1.9831477960450883,contrast_gpt4_withinL2,DOL OFLC LCA disclosure data; https://www.dol.gov/agencies/eta/foreign-labor/performance
2020Q4,wipro,-14.209803191922859,contrast_gpt4_withinL2,DOL OFLC LCA disclosure data; https://www.dol.gov/agencies/eta/foreign-labor/performance
2020Q4,pooled8,47.18005514167298,contrast_gpt4_withinL2,DOL OFLC LCA disclosure data; https://www.dol.gov/agencies/eta/foreign-labor/performance
2020Q4,pooled_mid,48.94795627569242,contrast_gpt4_withinL2,DOL OFLC LCA disclosure data; https://www.dol.gov/agencies/eta/foreign-labor/performance
2021Q1,accenture,32.05902537129963,contrast_gpt4_withinL2,DOL OFLC LCA disclosure data; https://www.dol.gov/agencies/eta/foreign-labor/performance
2021Q1,capgemini,32.68533462859618,contrast_gpt4_withinL2,DOL OFLC LCA disclosure data; https://www.dol.gov/agencies/eta/foreign-labor/performance
2021Q1,cognizant,235.39245830489287,contrast_gpt4_withinL2,DOL OFLC LCA disclosure data; https://www.dol.gov/agencies/eta/foreign-labor/performance
2021Q1,hcltech,-14.504591283433914,contrast_gpt4_withinL2,DOL OFLC LCA disclosure data; https://www.dol.gov/agencies/eta/foreign-labor/performance
2021Q1,infosys,-16.118815719492787,contrast_gpt4_withinL2,DOL OFLC LCA disclosure data; https://www.dol.gov/agencies/eta/foreign-labor/performance
2021Q1,ltim,-12.924056363362599,contrast_gpt4_withinL2,DOL OFLC LCA disclosure data; https://www.dol.gov/agencies/eta/foreign-labor/performance
2021Q1,mphasis,58.01730423227792,contrast_gpt4_withinL2,DOL OFLC LCA disclosure data; https://www.dol.gov/agencies/eta/foreign-labor/performance
2021Q1,persistent,1.1696039763191235,contrast_gpt4_withinL2,DOL OFLC LCA disclosure data; https://www.dol.gov/agencies/eta/foreign-labor/performance
2021Q1,tcs,-57.79305233284238,contrast_gpt4_withinL2,DOL OFLC LCA disclosure data; https://www.dol.gov/agencies/eta/foreign-labor/performance
2021Q1,techm,37.812178399939484,contrast_gpt4_withinL2,DOL OFLC LCA disclosure data; https://www.dol.gov/agencies/eta/foreign-labor/performance
2021Q1,wipro,3.249309091808769,contrast_gpt4_withinL2,DOL OFLC LCA disclosure data; https://www.dol.gov/agencies/eta/foreign-labor/performance
2021Q1,pooled8,29.528692717683914,contrast_gpt4_withinL2,DOL OFLC LCA disclosure data; https://www.dol.gov/agencies/eta/foreign-labor/performance
2021Q1,pooled_mid,37.61374930136442,contrast_gpt4_withinL2,DOL OFLC LCA disclosure data; https://www.dol.gov/agencies/eta/foreign-labor/performance
2021Q2,accenture,47.78699939064799,contrast_gpt4_withinL2,DOL OFLC LCA disclosure data; https://www.dol.gov/agencies/eta/foreign-labor/performance
2021Q2,capgemini,-4.646063497515627,contrast_gpt4_withinL2,DOL OFLC LCA disclosure data; https://www.dol.gov/agencies/eta/foreign-labor/performance
2021Q2,cognizant,-173.30414256822016,contrast_gpt4_withinL2,DOL OFLC LCA disclosure data; https://www.dol.gov/agencies/eta/foreign-labor/performance
2021Q2,hcltech,15.6507347707389,contrast_gpt4_withinL2,DOL OFLC LCA disclosure data; https://www.dol.gov/agencies/eta/foreign-labor/performance
2021Q2,infosys,-90.06891379968462,contrast_gpt4_withinL2,DOL OFLC LCA disclosure data; https://www.dol.gov/agencies/eta/foreign-labor/performance
2021Q2,ltim,-18.173349444240017,contrast_gpt4_withinL2,DOL OFLC LCA disclosure data; https://www.dol.gov/agencies/eta/foreign-labor/performance
2021Q2,mphasis,37.12573672330025,contrast_gpt4_withinL2,DOL OFLC LCA disclosure data; https://www.dol.gov/agencies/eta/foreign-labor/performance
2021Q2,tcs,-37.05910909654827,contrast_gpt4_withinL2,DOL OFLC LCA disclosure data; https://www.dol.gov/agencies/eta/foreign-labor/performance
2021Q2,techm,8.185475620115948,contrast_gpt4_withinL2,DOL OFLC LCA disclosure data; https://www.dol.gov/agencies/eta/foreign-labor/performance
2021Q2,wipro,11.26598181394378,contrast_gpt4_withinL2,DOL OFLC LCA disclosure data; https://www.dol.gov/agencies/eta/foreign-labor/performance
2021Q2,pooled8,-2.77755740871466,contrast_gpt4_withinL2,DOL OFLC LCA disclosure data; https://www.dol.gov/agencies/eta/foreign-labor/performance
2021Q2,pooled_mid,4.482042382616932,contrast_gpt4_withinL2,DOL OFLC LCA disclosure data; https://www.dol.gov/agencies/eta/foreign-labor/performance
2021Q3,accenture,23.23080884996333,contrast_gpt4_withinL2,DOL OFLC LCA disclosure data; https://www.dol.gov/agencies/eta/foreign-labor/performance
2021Q3,capgemini,-0.4788220333608848,contrast_gpt4_withinL2,DOL OFLC LCA disclosure data; https://www.dol.gov/agencies/eta/foreign-labor/performance
2021Q3,coforge,102.96194171811582,contrast_gpt4_withinL2,DOL OFLC LCA disclosure data; https://www.dol.gov/agencies/eta/foreign-labor/performance
2021Q3,cognizant,-160.19742308940107,contrast_gpt4_withinL2,DOL OFLC LCA disclosure data; https://www.dol.gov/agencies/eta/foreign-labor/performance
2021Q3,hcltech,10.887967146955072,contrast_gpt4_withinL2,DOL OFLC LCA disclosure data; https://www.dol.gov/agencies/eta/foreign-labor/performance
2021Q3,infosys,-174.4928169543956,contrast_gpt4_withinL2,DOL OFLC LCA disclosure data; https://www.dol.gov/agencies/eta/foreign-labor/performance
2021Q3,ltim,-0.9302392662313537,contrast_gpt4_withinL2,DOL OFLC LCA disclosure data; https://www.dol.gov/agencies/eta/foreign-labor/performance
2021Q3,mphasis,-30.71860585631221,contrast_gpt4_withinL2,DOL OFLC LCA disclosure data; https://www.dol.gov/agencies/eta/foreign-labor/performance
2021Q3,tcs,-63.47638982402023,contrast_gpt4_withinL2,DOL OFLC LCA disclosure data; https://www.dol.gov/agencies/eta/foreign-labor/performance
2021Q3,techm,9.455955061305653,contrast_gpt4_withinL2,DOL OFLC LCA disclosure data; https://www.dol.gov/agencies/eta/foreign-labor/performance
2021Q3,wipro,0.6686570499037607,contrast_gpt4_withinL2,DOL OFLC LCA disclosure data; https://www.dol.gov/agencies/eta/foreign-labor/performance
2021Q3,pooled8,-22.94882346728681,contrast_gpt4_withinL2,DOL OFLC LCA disclosure data; https://www.dol.gov/agencies/eta/foreign-labor/performance
2021Q3,pooled_mid,-18.23703265762073,contrast_gpt4_withinL2,DOL OFLC LCA disclosure data; https://www.dol.gov/agencies/eta/foreign-labor/performance
2021Q4,accenture,11.876526804579576,contrast_gpt4_withinL2,DOL OFLC LCA disclosure data; https://www.dol.gov/agencies/eta/foreign-labor/performance
2021Q4,capgemini,2.1633611527103156,contrast_gpt4_withinL2,DOL OFLC LCA disclosure data; https://www.dol.gov/agencies/eta/foreign-labor/performance
2021Q4,coforge,-51.08256237659907,contrast_gpt4_withinL2,DOL OFLC LCA disclosure data; https://www.dol.gov/agencies/eta/foreign-labor/performance
2021Q4,cognizant,-221.85290020070505,contrast_gpt4_withinL2,DOL OFLC LCA disclosure data; https://www.dol.gov/agencies/eta/foreign-labor/performance
2021Q4,hcltech,8.858762619009491,contrast_gpt4_withinL2,DOL OFLC LCA disclosure data; https://www.dol.gov/agencies/eta/foreign-labor/performance
2021Q4,infosys,-193.65225327519104,contrast_gpt4_withinL2,DOL OFLC LCA disclosure data; https://www.dol.gov/agencies/eta/foreign-labor/performance
2021Q4,ltim,-11.375096117971108,contrast_gpt4_withinL2,DOL OFLC LCA disclosure data; https://www.dol.gov/agencies/eta/foreign-labor/performance
2021Q4,mphasis,-52.622370387711236,contrast_gpt4_withinL2,DOL OFLC LCA disclosure data; https://www.dol.gov/agencies/eta/foreign-labor/performance
2021Q4,tcs,-35.90916698586808,contrast_gpt4_withinL2,DOL OFLC LCA disclosure data; https://www.dol.gov/agencies/eta/foreign-labor/performance
2021Q4,techm,2.5079357886188482,contrast_gpt4_withinL2,DOL OFLC LCA disclosure data; https://www.dol.gov/agencies/eta/foreign-labor/performance
2021Q4,wipro,-8.982238899672126,contrast_gpt4_withinL2,DOL OFLC LCA disclosure data; https://www.dol.gov/agencies/eta/foreign-labor/performance
2021Q4,pooled8,-19.808828726844016,contrast_gpt4_withinL2,DOL OFLC LCA disclosure data; https://www.dol.gov/agencies/eta/foreign-labor/performance
2021Q4,pooled_mid,-20.77702305755563,contrast_gpt4_withinL2,DOL OFLC LCA disclosure data; https://www.dol.gov/agencies/eta/foreign-labor/performance
2022Q1,accenture,-4.930199103689176,contrast_gpt4_withinL2,DOL OFLC LCA disclosure data; https://www.dol.gov/agencies/eta/foreign-labor/performance
2022Q1,capgemini,-24.504766239235504,contrast_gpt4_withinL2,DOL OFLC LCA disclosure data; https://www.dol.gov/agencies/eta/foreign-labor/performance
2022Q1,cognizant,-236.7638258811106,contrast_gpt4_withinL2,DOL OFLC LCA disclosure data; https://www.dol.gov/agencies/eta/foreign-labor/performance
2022Q1,hcltech,-0.5080616693193576,contrast_gpt4_withinL2,DOL OFLC LCA disclosure data; https://www.dol.gov/agencies/eta/foreign-labor/performance
2022Q1,infosys,-154.0445040947149,contrast_gpt4_withinL2,DOL OFLC LCA disclosure data; https://www.dol.gov/agencies/eta/foreign-labor/performance
2022Q1,ltim,-18.44169952214157,contrast_gpt4_withinL2,DOL OFLC LCA disclosure data; https://www.dol.gov/agencies/eta/foreign-labor/performance
2022Q1,mphasis,-45.787943644014064,contrast_gpt4_withinL2,DOL OFLC LCA disclosure data; https://www.dol.gov/agencies/eta/foreign-labor/performance
2022Q1,tcs,-49.999434292941785,contrast_gpt4_withinL2,DOL OFLC LCA disclosure data; https://www.dol.gov/agencies/eta/foreign-labor/performance
2022Q1,techm,-6.959449589093973,contrast_gpt4_withinL2,DOL OFLC LCA disclosure data; https://www.dol.gov/agencies/eta/foreign-labor/performance
2022Q1,wipro,-24.852881064923846,contrast_gpt4_withinL2,DOL OFLC LCA disclosure data; https://www.dol.gov/agencies/eta/foreign-labor/performance
2022Q1,pooled8,-27.970721813343935,contrast_gpt4_withinL2,DOL OFLC LCA disclosure data; https://www.dol.gov/agencies/eta/foreign-labor/performance
2022Q1,pooled_mid,-23.98309418116892,contrast_gpt4_withinL2,DOL OFLC LCA disclosure data; https://www.dol.gov/agencies/eta/foreign-labor/performance
2022Q2,accenture,-32.16659252673795,contrast_gpt4_withinL2,DOL OFLC LCA disclosure data; https://www.dol.gov/agencies/eta/foreign-labor/performance
2022Q2,capgemini,-53.280486187389435,contrast_gpt4_withinL2,DOL OFLC LCA disclosure data; https://www.dol.gov/agencies/eta/foreign-labor/performance
2022Q2,cognizant,44.15701127502807,contrast_gpt4_withinL2,DOL OFLC LCA disclosure data; https://www.dol.gov/agencies/eta/foreign-labor/performance
2022Q2,hcltech,-13.124080457502528,contrast_gpt4_withinL2,DOL OFLC LCA disclosure data; https://www.dol.gov/agencies/eta/foreign-labor/performance
2022Q2,infosys,-77.35184827218498,contrast_gpt4_withinL2,DOL OFLC LCA disclosure data; https://www.dol.gov/agencies/eta/foreign-labor/performance
2022Q2,ltim,-3.9311420214888173,contrast_gpt4_withinL2,DOL OFLC LCA disclosure data; https://www.dol.gov/agencies/eta/foreign-labor/performance
2022Q2,mphasis,-10.498938928503794,contrast_gpt4_withinL2,DOL OFLC LCA disclosure data; https://www.dol.gov/agencies/eta/foreign-labor/performance
2022Q2,tcs,-26.480782445001775,contrast_gpt4_withinL2,DOL OFLC LCA disclosure data; https://www.dol.gov/agencies/eta/foreign-labor/performance
2022Q2,techm,-7.994441995693943,contrast_gpt4_withinL2,DOL OFLC LCA disclosure data; https://www.dol.gov/agencies/eta/foreign-labor/performance
2022Q2,wipro,-45.80361814066404,contrast_gpt4_withinL2,DOL OFLC LCA disclosure data; https://www.dol.gov/agencies/eta/foreign-labor/performance
2022Q2,pooled8,-21.36970689256224,contrast_gpt4_withinL2,DOL OFLC LCA disclosure data; https://www.dol.gov/agencies/eta/foreign-labor/performance
2022Q2,pooled_mid,-23.10335171007313,contrast_gpt4_withinL2,DOL OFLC LCA disclosure data; https://www.dol.gov/agencies/eta/foreign-labor/performance
2022Q3,accenture,-50.51481891610138,contrast_gpt4_withinL2,DOL OFLC LCA disclosure data; https://www.dol.gov/agencies/eta/foreign-labor/performance
2022Q3,capgemini,-71.78329468165417,contrast_gpt4_withinL2,DOL OFLC LCA disclosure data; https://www.dol.gov/agencies/eta/foreign-labor/performance
2022Q3,cognizant,42.05822562905615,contrast_gpt4_withinL2,DOL OFLC LCA disclosure data; https://www.dol.gov/agencies/eta/foreign-labor/performance
2022Q3,hcltech,-11.541425576085231,contrast_gpt4_withinL2,DOL OFLC LCA disclosure data; https://www.dol.gov/agencies/eta/foreign-labor/performance
2022Q3,hexaware,85.99274801426881,contrast_gpt4_withinL2,DOL OFLC LCA disclosure data; https://www.dol.gov/agencies/eta/foreign-labor/performance
2022Q3,infosys,53.50672225927974,contrast_gpt4_withinL2,DOL OFLC LCA disclosure data; https://www.dol.gov/agencies/eta/foreign-labor/performance
2022Q3,ltim,-9.95338570042638,contrast_gpt4_withinL2,DOL OFLC LCA disclosure data; https://www.dol.gov/agencies/eta/foreign-labor/performance
2022Q3,mphasis,47.07172070758165,contrast_gpt4_withinL2,DOL OFLC LCA disclosure data; https://www.dol.gov/agencies/eta/foreign-labor/performance
2022Q3,tcs,0.6150780115444374,contrast_gpt4_withinL2,DOL OFLC LCA disclosure data; https://www.dol.gov/agencies/eta/foreign-labor/performance
2022Q3,techm,-17.66893475557223,contrast_gpt4_withinL2,DOL OFLC LCA disclosure data; https://www.dol.gov/agencies/eta/foreign-labor/performance
2022Q3,wipro,-46.534392716455166,contrast_gpt4_withinL2,DOL OFLC LCA disclosure data; https://www.dol.gov/agencies/eta/foreign-labor/performance
2022Q3,pooled8,-9.683496078146351,contrast_gpt4_withinL2,DOL OFLC LCA disclosure data; https://www.dol.gov/agencies/eta/foreign-labor/performance
2022Q3,pooled_mid,-17.91272881747775,contrast_gpt4_withinL2,DOL OFLC LCA disclosure data; https://www.dol.gov/agencies/eta/foreign-labor/performance
2022Q4,accenture,-162.4537883182611,contrast_gpt4_withinL2,DOL OFLC LCA disclosure data; https://www.dol.gov/agencies/eta/foreign-labor/performance
2022Q4,capgemini,-90.79861049306767,contrast_gpt4_withinL2,DOL OFLC LCA disclosure data; https://www.dol.gov/agencies/eta/foreign-labor/performance
2022Q4,cognizant,101.35148103329492,contrast_gpt4_withinL2,DOL OFLC LCA disclosure data; https://www.dol.gov/agencies/eta/foreign-labor/performance
2022Q4,hcltech,-14.644917361404428,contrast_gpt4_withinL2,DOL OFLC LCA disclosure data; https://www.dol.gov/agencies/eta/foreign-labor/performance
2022Q4,hexaware,73.48867867327104,contrast_gpt4_withinL2,DOL OFLC LCA disclosure data; https://www.dol.gov/agencies/eta/foreign-labor/performance
2022Q4,infosys,119.32775152091882,contrast_gpt4_withinL2,DOL OFLC LCA disclosure data; https://www.dol.gov/agencies/eta/foreign-labor/performance
2022Q4,ltim,-11.53272461493081,contrast_gpt4_withinL2,DOL OFLC LCA disclosure data; https://www.dol.gov/agencies/eta/foreign-labor/performance
2022Q4,mphasis,67.75082866754906,contrast_gpt4_withinL2,DOL OFLC LCA disclosure data; https://www.dol.gov/agencies/eta/foreign-labor/performance
2022Q4,tcs,-5.464216192983709,contrast_gpt4_withinL2,DOL OFLC LCA disclosure data; https://www.dol.gov/agencies/eta/foreign-labor/performance
2022Q4,techm,-23.743402790918484,contrast_gpt4_withinL2,DOL OFLC LCA disclosure data; https://www.dol.gov/agencies/eta/foreign-labor/performance
2022Q4,wipro,-48.655268447846076,contrast_gpt4_withinL2,DOL OFLC LCA disclosure data; https://www.dol.gov/agencies/eta/foreign-labor/performance
2022Q4,pooled8,-27.05390426363971,contrast_gpt4_withinL2,DOL OFLC LCA disclosure data; https://www.dol.gov/agencies/eta/foreign-labor/performance
2022Q4,pooled_mid,-27.66774329839217,contrast_gpt4_withinL2,DOL OFLC LCA disclosure data; https://www.dol.gov/agencies/eta/foreign-labor/performance
2023Q1,accenture,-163.73929246931635,contrast_gpt4_withinL2,DOL OFLC LCA disclosure data; https://www.dol.gov/agencies/eta/foreign-labor/performance
2023Q1,capgemini,-70.99409426593414,contrast_gpt4_withinL2,DOL OFLC LCA disclosure data; https://www.dol.gov/agencies/eta/foreign-labor/performance
2023Q1,cognizant,119.20256569977067,contrast_gpt4_withinL2,DOL OFLC LCA disclosure data; https://www.dol.gov/agencies/eta/foreign-labor/performance
2023Q1,hcltech,-12.303825837552889,contrast_gpt4_withinL2,DOL OFLC LCA disclosure data; https://www.dol.gov/agencies/eta/foreign-labor/performance
2023Q1,hexaware,64.21807369679178,contrast_gpt4_withinL2,DOL OFLC LCA disclosure data; https://www.dol.gov/agencies/eta/foreign-labor/performance
2023Q1,infosys,125.20108059928138,contrast_gpt4_withinL2,DOL OFLC LCA disclosure data; https://www.dol.gov/agencies/eta/foreign-labor/performance
2023Q1,ltim,-25.85626355585523,contrast_gpt4_withinL2,DOL OFLC LCA disclosure data; https://www.dol.gov/agencies/eta/foreign-labor/performance
2023Q1,mphasis,66.74145363832842,contrast_gpt4_withinL2,DOL OFLC LCA disclosure data; https://www.dol.gov/agencies/eta/foreign-labor/performance
2023Q1,tcs,-8.968551203803841,contrast_gpt4_withinL2,DOL OFLC LCA disclosure data; https://www.dol.gov/agencies/eta/foreign-labor/performance
2023Q1,techm,-21.354544330790084,contrast_gpt4_withinL2,DOL OFLC LCA disclosure data; https://www.dol.gov/agencies/eta/foreign-labor/performance
2023Q1,wipro,-42.60672916732563,contrast_gpt4_withinL2,DOL OFLC LCA disclosure data; https://www.dol.gov/agencies/eta/foreign-labor/performance
2023Q1,pooled8,-25.042972705392085,contrast_gpt4_withinL2,DOL OFLC LCA disclosure data; https://www.dol.gov/agencies/eta/foreign-labor/performance
2023Q1,pooled_mid,-23.579594498840848,contrast_gpt4_withinL2,DOL OFLC LCA disclosure data; https://www.dol.gov/agencies/eta/foreign-labor/performance
2023Q2,accenture,-166.11392868109908,contrast_gpt4_withinL2,DOL OFLC LCA disclosure data; https://www.dol.gov/agencies/eta/foreign-labor/performance
2023Q2,capgemini,-30.911281496215828,contrast_gpt4_withinL2,DOL OFLC LCA disclosure data; https://www.dol.gov/agencies/eta/foreign-labor/performance
2023Q2,cognizant,34.51031258204881,contrast_gpt4_withinL2,DOL OFLC LCA disclosure data; https://www.dol.gov/agencies/eta/foreign-labor/performance
2023Q2,hcltech,-1.2313415113790356,contrast_gpt4_withinL2,DOL OFLC LCA disclosure data; https://www.dol.gov/agencies/eta/foreign-labor/performance
2023Q2,infosys,182.95711569711636,contrast_gpt4_withinL2,DOL OFLC LCA disclosure data; https://www.dol.gov/agencies/eta/foreign-labor/performance
2023Q2,ltim,-68.38558218324987,contrast_gpt4_withinL2,DOL OFLC LCA disclosure data; https://www.dol.gov/agencies/eta/foreign-labor/performance
2023Q2,mphasis,24.600937605121285,contrast_gpt4_withinL2,DOL OFLC LCA disclosure data; https://www.dol.gov/agencies/eta/foreign-labor/performance
2023Q2,tcs,-4.107408661192672,contrast_gpt4_withinL2,DOL OFLC LCA disclosure data; https://www.dol.gov/agencies/eta/foreign-labor/performance
2023Q2,techm,-3.9679438481683533,contrast_gpt4_withinL2,DOL OFLC LCA disclosure data; https://www.dol.gov/agencies/eta/foreign-labor/performance
2023Q2,wipro,-23.58254230074322,contrast_gpt4_withinL2,DOL OFLC LCA disclosure data; https://www.dol.gov/agencies/eta/foreign-labor/performance
2023Q2,pooled8,-13.882699460545403,contrast_gpt4_withinL2,DOL OFLC LCA disclosure data; https://www.dol.gov/agencies/eta/foreign-labor/performance
2023Q2,pooled_mid,-11.366040361673445,contrast_gpt4_withinL2,DOL OFLC LCA disclosure data; https://www.dol.gov/agencies/eta/foreign-labor/performance
2023Q3,accenture,-129.1873047901556,contrast_gpt4_withinL2,DOL OFLC LCA disclosure data; https://www.dol.gov/agencies/eta/foreign-labor/performance
2023Q3,capgemini,-17.598345192065675,contrast_gpt4_withinL2,DOL OFLC LCA disclosure data; https://www.dol.gov/agencies/eta/foreign-labor/performance
2023Q3,cognizant,51.17362052882413,contrast_gpt4_withinL2,DOL OFLC LCA disclosure data; https://www.dol.gov/agencies/eta/foreign-labor/performance
2023Q3,hcltech,-1.3627791501075777,contrast_gpt4_withinL2,DOL OFLC LCA disclosure data; https://www.dol.gov/agencies/eta/foreign-labor/performance
2023Q3,hexaware,-11.14028301137889,contrast_gpt4_withinL2,DOL OFLC LCA disclosure data; https://www.dol.gov/agencies/eta/foreign-labor/performance
2023Q3,infosys,94.99398793989721,contrast_gpt4_withinL2,DOL OFLC LCA disclosure data; https://www.dol.gov/agencies/eta/foreign-labor/performance
2023Q3,ltim,-85.86248542029037,contrast_gpt4_withinL2,DOL OFLC LCA disclosure data; https://www.dol.gov/agencies/eta/foreign-labor/performance
2023Q3,mphasis,-16.264970288488872,contrast_gpt4_withinL2,DOL OFLC LCA disclosure data; https://www.dol.gov/agencies/eta/foreign-labor/performance
2023Q3,persistent,127.91962255635235,contrast_gpt4_withinL2,DOL OFLC LCA disclosure data; https://www.dol.gov/agencies/eta/foreign-labor/performance
2023Q3,tcs,-24.062011814122734,contrast_gpt4_withinL2,DOL OFLC LCA disclosure data; https://www.dol.gov/agencies/eta/foreign-labor/performance
2023Q3,techm,4.449777025412512,contrast_gpt4_withinL2,DOL OFLC LCA disclosure data; https://www.dol.gov/agencies/eta/foreign-labor/performance
2023Q3,wipro,-2.7394578110295082,contrast_gpt4_withinL2,DOL OFLC LCA disclosure data; https://www.dol.gov/agencies/eta/foreign-labor/performance
2023Q3,pooled8,-18.881355776866922,contrast_gpt4_withinL2,DOL OFLC LCA disclosure data; https://www.dol.gov/agencies/eta/foreign-labor/performance
2023Q3,pooled_mid,-14.794718598766417,contrast_gpt4_withinL2,DOL OFLC LCA disclosure data; https://www.dol.gov/agencies/eta/foreign-labor/performance
2023Q4,accenture,86.81732386071755,contrast_gpt4_withinL2,DOL OFLC LCA disclosure data; https://www.dol.gov/agencies/eta/foreign-labor/performance
2023Q4,capgemini,8.989500411654799,contrast_gpt4_withinL2,DOL OFLC LCA disclosure data; https://www.dol.gov/agencies/eta/foreign-labor/performance
2023Q4,cognizant,25.40023339322639,contrast_gpt4_withinL2,DOL OFLC LCA disclosure data; https://www.dol.gov/agencies/eta/foreign-labor/performance
2023Q4,hcltech,11.722529013969003,contrast_gpt4_withinL2,DOL OFLC LCA disclosure data; https://www.dol.gov/agencies/eta/foreign-labor/performance
2023Q4,hexaware,-3.8466280827796053,contrast_gpt4_withinL2,DOL OFLC LCA disclosure data; https://www.dol.gov/agencies/eta/foreign-labor/performance
2023Q4,infosys,39.304258810960725,contrast_gpt4_withinL2,DOL OFLC LCA disclosure data; https://www.dol.gov/agencies/eta/foreign-labor/performance
2023Q4,ltim,-84.13421267098296,contrast_gpt4_withinL2,DOL OFLC LCA disclosure data; https://www.dol.gov/agencies/eta/foreign-labor/performance
2023Q4,mphasis,-46.51119353544813,contrast_gpt4_withinL2,DOL OFLC LCA disclosure data; https://www.dol.gov/agencies/eta/foreign-labor/performance
2023Q4,persistent,108.98016589859549,contrast_gpt4_withinL2,DOL OFLC LCA disclosure data; https://www.dol.gov/agencies/eta/foreign-labor/performance
2023Q4,tcs,-38.39706519896373,contrast_gpt4_withinL2,DOL OFLC LCA disclosure data; https://www.dol.gov/agencies/eta/foreign-labor/performance
2023Q4,techm,18.479097773521318,contrast_gpt4_withinL2,DOL OFLC LCA disclosure data; https://www.dol.gov/agencies/eta/foreign-labor/performance
2023Q4,wipro,8.957870212466961,contrast_gpt4_withinL2,DOL OFLC LCA disclosure data; https://www.dol.gov/agencies/eta/foreign-labor/performance
2023Q4,pooled8,9.160861731542134,contrast_gpt4_withinL2,DOL OFLC LCA disclosure data; https://www.dol.gov/agencies/eta/foreign-labor/performance
2023Q4,pooled_mid,-3.538408599686605,contrast_gpt4_withinL2,DOL OFLC LCA disclosure data; https://www.dol.gov/agencies/eta/foreign-labor/performance
2024Q1,accenture,100.87062956009511,contrast_gpt4_withinL2,DOL OFLC LCA disclosure data; https://www.dol.gov/agencies/eta/foreign-labor/performance
2024Q1,capgemini,6.53393377877261,contrast_gpt4_withinL2,DOL OFLC LCA disclosure data; https://www.dol.gov/agencies/eta/foreign-labor/performance
2024Q1,cognizant,29.525073254953185,contrast_gpt4_withinL2,DOL OFLC LCA disclosure data; https://www.dol.gov/agencies/eta/foreign-labor/performance
2024Q1,hcltech,23.312741484322466,contrast_gpt4_withinL2,DOL OFLC LCA disclosure data; https://www.dol.gov/agencies/eta/foreign-labor/performance
2024Q1,hexaware,4.785602117763514,contrast_gpt4_withinL2,DOL OFLC LCA disclosure data; https://www.dol.gov/agencies/eta/foreign-labor/performance
2024Q1,infosys,15.333859868576365,contrast_gpt4_withinL2,DOL OFLC LCA disclosure data; https://www.dol.gov/agencies/eta/foreign-labor/performance
2024Q1,ltim,-70.18240987860992,contrast_gpt4_withinL2,DOL OFLC LCA disclosure data; https://www.dol.gov/agencies/eta/foreign-labor/performance
2024Q1,mphasis,-61.51911023918706,contrast_gpt4_withinL2,DOL OFLC LCA disclosure data; https://www.dol.gov/agencies/eta/foreign-labor/performance
2024Q1,persistent,76.49729151312009,contrast_gpt4_withinL2,DOL OFLC LCA disclosure data; https://www.dol.gov/agencies/eta/foreign-labor/performance
2024Q1,tcs,-33.16394015248744,contrast_gpt4_withinL2,DOL OFLC LCA disclosure data; https://www.dol.gov/agencies/eta/foreign-labor/performance
2024Q1,techm,6.898908217999668,contrast_gpt4_withinL2,DOL OFLC LCA disclosure data; https://www.dol.gov/agencies/eta/foreign-labor/performance
2024Q1,wipro,8.408022990691041,contrast_gpt4_withinL2,DOL OFLC LCA disclosure data; https://www.dol.gov/agencies/eta/foreign-labor/performance
2024Q1,pooled8,14.90032848818082,contrast_gpt4_withinL2,DOL OFLC LCA disclosure data; https://www.dol.gov/agencies/eta/foreign-labor/performance
2024Q1,pooled_mid,-4.359710666472473,contrast_gpt4_withinL2,DOL OFLC LCA disclosure data; https://www.dol.gov/agencies/eta/foreign-labor/performance
2024Q2,accenture,119.95847120517828,contrast_gpt4_withinL2,DOL OFLC LCA disclosure data; https://www.dol.gov/agencies/eta/foreign-labor/performance
2024Q2,capgemini,-3.9554633427711607,contrast_gpt4_withinL2,DOL OFLC LCA disclosure data; https://www.dol.gov/agencies/eta/foreign-labor/performance
2024Q2,coforge,154.0445040947149,contrast_gpt4_withinL2,DOL OFLC LCA disclosure data; https://www.dol.gov/agencies/eta/foreign-labor/performance
2024Q2,cognizant,54.14391671663859,contrast_gpt4_withinL2,DOL OFLC LCA disclosure data; https://www.dol.gov/agencies/eta/foreign-labor/performance
2024Q2,hcltech,-2.578610773826849,contrast_gpt4_withinL2,DOL OFLC LCA disclosure data; https://www.dol.gov/agencies/eta/foreign-labor/performance
2024Q2,hexaware,37.83364407199117,contrast_gpt4_withinL2,DOL OFLC LCA disclosure data; https://www.dol.gov/agencies/eta/foreign-labor/performance
2024Q2,infosys,-103.00423395812028,contrast_gpt4_withinL2,DOL OFLC LCA disclosure data; https://www.dol.gov/agencies/eta/foreign-labor/performance
2024Q2,ltim,-68.33633378928498,contrast_gpt4_withinL2,DOL OFLC LCA disclosure data; https://www.dol.gov/agencies/eta/foreign-labor/performance
2024Q2,mphasis,-39.899523338217804,contrast_gpt4_withinL2,DOL OFLC LCA disclosure data; https://www.dol.gov/agencies/eta/foreign-labor/performance
2024Q2,tcs,-50.17509598247867,contrast_gpt4_withinL2,DOL OFLC LCA disclosure data; https://www.dol.gov/agencies/eta/foreign-labor/performance
2024Q2,techm,-5.613852593920324,contrast_gpt4_withinL2,DOL OFLC LCA disclosure data; https://www.dol.gov/agencies/eta/foreign-labor/performance
2024Q2,wipro,18.898190491649107,contrast_gpt4_withinL2,DOL OFLC LCA disclosure data; https://www.dol.gov/agencies/eta/foreign-labor/performance
2024Q2,pooled8,-2.768408765034188,contrast_gpt4_withinL2,DOL OFLC LCA disclosure data; https://www.dol.gov/agencies/eta/foreign-labor/performance
2024Q2,pooled_mid,-6.842762653466133,contrast_gpt4_withinL2,DOL OFLC LCA disclosure data; https://www.dol.gov/agencies/eta/foreign-labor/performance
2024Q3,accenture,135.02942167515556,contrast_gpt4_withinL2,DOL OFLC LCA disclosure data; https://www.dol.gov/agencies/eta/foreign-labor/performance
2024Q3,capgemini,-24.780760349216706,contrast_gpt4_withinL2,DOL OFLC LCA disclosure data; https://www.dol.gov/agencies/eta/foreign-labor/performance
2024Q3,coforge,11.778303565638339,contrast_gpt4_withinL2,DOL OFLC LCA disclosure data; https://www.dol.gov/agencies/eta/foreign-labor/performance
2024Q3,cognizant,58.61692040522034,contrast_gpt4_withinL2,DOL OFLC LCA disclosure data; https://www.dol.gov/agencies/eta/foreign-labor/performance
2024Q3,hcltech,-5.2049057114038675,contrast_gpt4_withinL2,DOL OFLC LCA disclosure data; https://www.dol.gov/agencies/eta/foreign-labor/performance
2024Q3,infosys,-56.64271665234801,contrast_gpt4_withinL2,DOL OFLC LCA disclosure data; https://www.dol.gov/agencies/eta/foreign-labor/performance
2024Q3,ltim,-50.626913651750115,contrast_gpt4_withinL2,DOL OFLC LCA disclosure data; https://www.dol.gov/agencies/eta/foreign-labor/performance
2024Q3,mphasis,-38.878142137998225,contrast_gpt4_withinL2,DOL OFLC LCA disclosure data; https://www.dol.gov/agencies/eta/foreign-labor/performance
2024Q3,persistent,-49.16862835552933,contrast_gpt4_withinL2,DOL OFLC LCA disclosure data; https://www.dol.gov/agencies/eta/foreign-labor/performance
2024Q3,tcs,-25.95542431472757,contrast_gpt4_withinL2,DOL OFLC LCA disclosure data; https://www.dol.gov/agencies/eta/foreign-labor/performance
2024Q3,techm,-16.04717436623413,contrast_gpt4_withinL2,DOL OFLC LCA disclosure data; https://www.dol.gov/agencies/eta/foreign-labor/performance
2024Q3,wipro,5.445082557586094,contrast_gpt4_withinL2,DOL OFLC LCA disclosure data; https://www.dol.gov/agencies/eta/foreign-labor/performance
2024Q3,pooled8,3.867528529424378,contrast_gpt4_withinL2,DOL OFLC LCA disclosure data; https://www.dol.gov/agencies/eta/foreign-labor/performance
2024Q3,pooled_mid,-9.867718635222907,contrast_gpt4_withinL2,DOL OFLC LCA disclosure data; https://www.dol.gov/agencies/eta/foreign-labor/performance
2024Q4,accenture,34.89464108463887,contrast_gpt4_withinL2,DOL OFLC LCA disclosure data; https://www.dol.gov/agencies/eta/foreign-labor/performance
2024Q4,capgemini,-30.8179730307638,contrast_gpt4_withinL2,DOL OFLC LCA disclosure data; https://www.dol.gov/agencies/eta/foreign-labor/performance
2024Q4,coforge,-44.183275227903934,contrast_gpt4_withinL2,DOL OFLC LCA disclosure data; https://www.dol.gov/agencies/eta/foreign-labor/performance
2024Q4,cognizant,63.8355631730263,contrast_gpt4_withinL2,DOL OFLC LCA disclosure data; https://www.dol.gov/agencies/eta/foreign-labor/performance
2024Q4,hcltech,-9.902096777226944,contrast_gpt4_withinL2,DOL OFLC LCA disclosure data; https://www.dol.gov/agencies/eta/foreign-labor/performance
2024Q4,infosys,-31.596593335406585,contrast_gpt4_withinL2,DOL OFLC LCA disclosure data; https://www.dol.gov/agencies/eta/foreign-labor/performance
2024Q4,ltim,-49.103695957211755,contrast_gpt4_withinL2,DOL OFLC LCA disclosure data; https://www.dol.gov/agencies/eta/foreign-labor/performance
2024Q4,mphasis,-40.97594734818794,contrast_gpt4_withinL2,DOL OFLC LCA disclosure data; https://www.dol.gov/agencies/eta/foreign-labor/performance
2024Q4,persistent,-62.88852463415762,contrast_gpt4_withinL2,DOL OFLC LCA disclosure data; https://www.dol.gov/agencies/eta/foreign-labor/performance
2024Q4,tcs,-20.11549278630866,contrast_gpt4_withinL2,DOL OFLC LCA disclosure data; https://www.dol.gov/agencies/eta/foreign-labor/performance
2024Q4,techm,-18.879899913275203,contrast_gpt4_withinL2,DOL OFLC LCA disclosure data; https://www.dol.gov/agencies/eta/foreign-labor/performance
2024Q4,wipro,-6.598288152798716,contrast_gpt4_withinL2,DOL OFLC LCA disclosure data; https://www.dol.gov/agencies/eta/foreign-labor/performance
2024Q4,pooled8,-9.42888207424269,contrast_gpt4_withinL2,DOL OFLC LCA disclosure data; https://www.dol.gov/agencies/eta/foreign-labor/performance
2024Q4,pooled_mid,-11.881385700725268,contrast_gpt4_withinL2,DOL OFLC LCA disclosure data; https://www.dol.gov/agencies/eta/foreign-labor/performance
2025Q1,accenture,33.54796807084614,contrast_gpt4_withinL2,DOL OFLC LCA disclosure data; https://www.dol.gov/agencies/eta/foreign-labor/performance
2025Q1,capgemini,-21.700619386595708,contrast_gpt4_withinL2,DOL OFLC LCA disclosure data; https://www.dol.gov/agencies/eta/foreign-labor/performance
2025Q1,coforge,40.54651081081644,contrast_gpt4_withinL2,DOL OFLC LCA disclosure data; https://www.dol.gov/agencies/eta/foreign-labor/performance
2025Q1,cognizant,39.1388521799453,contrast_gpt4_withinL2,DOL OFLC LCA disclosure data; https://www.dol.gov/agencies/eta/foreign-labor/performance
2025Q1,hcltech,-20.259203545100053,contrast_gpt4_withinL2,DOL OFLC LCA disclosure data; https://www.dol.gov/agencies/eta/foreign-labor/performance
2025Q1,hexaware,28.29982231393545,contrast_gpt4_withinL2,DOL OFLC LCA disclosure data; https://www.dol.gov/agencies/eta/foreign-labor/performance
2025Q1,infosys,-66.30852091536772,contrast_gpt4_withinL2,DOL OFLC LCA disclosure data; https://www.dol.gov/agencies/eta/foreign-labor/performance
2025Q1,ltim,-67.31888460058931,contrast_gpt4_withinL2,DOL OFLC LCA disclosure data; https://www.dol.gov/agencies/eta/foreign-labor/performance
2025Q1,mphasis,-15.212044712975233,contrast_gpt4_withinL2,DOL OFLC LCA disclosure data; https://www.dol.gov/agencies/eta/foreign-labor/performance
2025Q1,persistent,-32.466107569286834,contrast_gpt4_withinL2,DOL OFLC LCA disclosure data; https://www.dol.gov/agencies/eta/foreign-labor/performance
2025Q1,tcs,-13.520223678934027,contrast_gpt4_withinL2,DOL OFLC LCA disclosure data; https://www.dol.gov/agencies/eta/foreign-labor/performance
2025Q1,techm,-7.543231653148558,contrast_gpt4_withinL2,DOL OFLC LCA disclosure data; https://www.dol.gov/agencies/eta/foreign-labor/performance
2025Q1,wipro,5.275798106004025,contrast_gpt4_withinL2,DOL OFLC LCA disclosure data; https://www.dol.gov/agencies/eta/foreign-labor/performance
2025Q1,pooled8,-23.305508287153057,contrast_gpt4_withinL2,DOL OFLC LCA disclosure data; https://www.dol.gov/agencies/eta/foreign-labor/performance
2025Q1,pooled_mid,0.6939580235171725,contrast_gpt4_withinL2,DOL OFLC LCA disclosure data; https://www.dol.gov/agencies/eta/foreign-labor/performance
2025Q2,accenture,17.704207706870598,contrast_gpt4_withinL2,DOL OFLC LCA disclosure data; https://www.dol.gov/agencies/eta/foreign-labor/performance
2025Q2,capgemini,-27.577597202914408,contrast_gpt4_withinL2,DOL OFLC LCA disclosure data; https://www.dol.gov/agencies/eta/foreign-labor/performance
2025Q2,coforge,167.03986122237876,contrast_gpt4_withinL2,DOL OFLC LCA disclosure data; https://www.dol.gov/agencies/eta/foreign-labor/performance
2025Q2,cognizant,72.53870107849991,contrast_gpt4_withinL2,DOL OFLC LCA disclosure data; https://www.dol.gov/agencies/eta/foreign-labor/performance
2025Q2,hcltech,15.230011077196412,contrast_gpt4_withinL2,DOL OFLC LCA disclosure data; https://www.dol.gov/agencies/eta/foreign-labor/performance
2025Q2,hexaware,-10.536051565782628,contrast_gpt4_withinL2,DOL OFLC LCA disclosure data; https://www.dol.gov/agencies/eta/foreign-labor/performance
2025Q2,infosys,-185.9260471126057,contrast_gpt4_withinL2,DOL OFLC LCA disclosure data; https://www.dol.gov/agencies/eta/foreign-labor/performance
2025Q2,ltim,-55.1917702733047,contrast_gpt4_withinL2,DOL OFLC LCA disclosure data; https://www.dol.gov/agencies/eta/foreign-labor/performance
2025Q2,mphasis,-4.662719657305043,contrast_gpt4_withinL2,DOL OFLC LCA disclosure data; https://www.dol.gov/agencies/eta/foreign-labor/performance
2025Q2,persistent,160.0305428870828,contrast_gpt4_withinL2,DOL OFLC LCA disclosure data; https://www.dol.gov/agencies/eta/foreign-labor/performance
2025Q2,tcs,13.291028474427204,contrast_gpt4_withinL2,DOL OFLC LCA disclosure data; https://www.dol.gov/agencies/eta/foreign-labor/performance
2025Q2,techm,-0.7117467768864039,contrast_gpt4_withinL2,DOL OFLC LCA disclosure data; https://www.dol.gov/agencies/eta/foreign-labor/performance
2025Q2,wipro,-15.455875981659824,contrast_gpt4_withinL2,DOL OFLC LCA disclosure data; https://www.dol.gov/agencies/eta/foreign-labor/performance
2025Q2,pooled8,-15.288536711234432,contrast_gpt4_withinL2,DOL OFLC LCA disclosure data; https://www.dol.gov/agencies/eta/foreign-labor/performance
2025Q2,pooled_mid,-6.08690477009517,contrast_gpt4_withinL2,DOL OFLC LCA disclosure data; https://www.dol.gov/agencies/eta/foreign-labor/performance
2025Q3,accenture,-10.639839093742808,contrast_gpt4_withinL2,DOL OFLC LCA disclosure data; https://www.dol.gov/agencies/eta/foreign-labor/performance
2025Q3,capgemini,-9.733231222240383,contrast_gpt4_withinL2,DOL OFLC LCA disclosure data; https://www.dol.gov/agencies/eta/foreign-labor/performance
2025Q3,coforge,262.3056988268818,contrast_gpt4_withinL2,DOL OFLC LCA disclosure data; https://www.dol.gov/agencies/eta/foreign-labor/performance
2025Q3,cognizant,56.4390509163946,contrast_gpt4_withinL2,DOL OFLC LCA disclosure data; https://www.dol.gov/agencies/eta/foreign-labor/performance
2025Q3,hcltech,3.728752984605393,contrast_gpt4_withinL2,DOL OFLC LCA disclosure data; https://www.dol.gov/agencies/eta/foreign-labor/performance
2025Q3,infosys,-247.8827603711618,contrast_gpt4_withinL2,DOL OFLC LCA disclosure data; https://www.dol.gov/agencies/eta/foreign-labor/performance
2025Q3,ltim,-65.26008239292888,contrast_gpt4_withinL2,DOL OFLC LCA disclosure data; https://www.dol.gov/agencies/eta/foreign-labor/performance
2025Q3,mphasis,41.550367918657884,contrast_gpt4_withinL2,DOL OFLC LCA disclosure data; https://www.dol.gov/agencies/eta/foreign-labor/performance
2025Q3,persistent,107.46303239816243,contrast_gpt4_withinL2,DOL OFLC LCA disclosure data; https://www.dol.gov/agencies/eta/foreign-labor/performance
2025Q3,tcs,12.059242527860903,contrast_gpt4_withinL2,DOL OFLC LCA disclosure data; https://www.dol.gov/agencies/eta/foreign-labor/performance
2025Q3,techm,14.86718886901287,contrast_gpt4_withinL2,DOL OFLC LCA disclosure data; https://www.dol.gov/agencies/eta/foreign-labor/performance
2025Q3,wipro,-13.005665335311376,contrast_gpt4_withinL2,DOL OFLC LCA disclosure data; https://www.dol.gov/agencies/eta/foreign-labor/performance
2025Q3,pooled8,-30.244569318719098,contrast_gpt4_withinL2,DOL OFLC LCA disclosure data; https://www.dol.gov/agencies/eta/foreign-labor/performance
2025Q3,pooled_mid,10.428911560679909,contrast_gpt4_withinL2,DOL OFLC LCA disclosure data; https://www.dol.gov/agencies/eta/foreign-labor/performance
2025Q4,accenture,-11.891009514519839,contrast_gpt4_withinL2,DOL OFLC LCA disclosure data; https://www.dol.gov/agencies/eta/foreign-labor/performance
2025Q4,capgemini,-7.649460813145266,contrast_gpt4_withinL2,DOL OFLC LCA disclosure data; https://www.dol.gov/agencies/eta/foreign-labor/performance
2025Q4,coforge,313.54942159291494,contrast_gpt4_withinL2,DOL OFLC LCA disclosure data; https://www.dol.gov/agencies/eta/foreign-labor/performance
2025Q4,cognizant,48.03540401202432,contrast_gpt4_withinL2,DOL OFLC LCA disclosure data; https://www.dol.gov/agencies/eta/foreign-labor/performance
2025Q4,hcltech,-9.301503523874885,contrast_gpt4_withinL2,DOL OFLC LCA disclosure data; https://www.dol.gov/agencies/eta/foreign-labor/performance
2025Q4,infosys,-301.277551615637,contrast_gpt4_withinL2,DOL OFLC LCA disclosure data; https://www.dol.gov/agencies/eta/foreign-labor/performance
2025Q4,ltim,-67.14426588436933,contrast_gpt4_withinL2,DOL OFLC LCA disclosure data; https://www.dol.gov/agencies/eta/foreign-labor/performance
2025Q4,mphasis,107.70307493952686,contrast_gpt4_withinL2,DOL OFLC LCA disclosure data; https://www.dol.gov/agencies/eta/foreign-labor/performance
2025Q4,tcs,28.586165743022956,contrast_gpt4_withinL2,DOL OFLC LCA disclosure data; https://www.dol.gov/agencies/eta/foreign-labor/performance
2025Q4,techm,17.39681358731113,contrast_gpt4_withinL2,DOL OFLC LCA disclosure data; https://www.dol.gov/agencies/eta/foreign-labor/performance
2025Q4,wipro,-3.527085217718568,contrast_gpt4_withinL2,DOL OFLC LCA disclosure data; https://www.dol.gov/agencies/eta/foreign-labor/performance
2025Q4,pooled8,-37.49560811524049,contrast_gpt4_withinL2,DOL OFLC LCA disclosure data; https://www.dol.gov/agencies/eta/foreign-labor/performance
2025Q4,pooled_mid,25.361117977109743,contrast_gpt4_withinL2,DOL OFLC LCA disclosure data; https://www.dol.gov/agencies/eta/foreign-labor/performance
2026Q1,accenture,-8.34811064765691,contrast_gpt4_withinL2,DOL OFLC LCA disclosure data; https://www.dol.gov/agencies/eta/foreign-labor/performance
2026Q1,capgemini,-10.912936899108823,contrast_gpt4_withinL2,DOL OFLC LCA disclosure data; https://www.dol.gov/agencies/eta/foreign-labor/performance
2026Q1,coforge,214.39800628174072,contrast_gpt4_withinL2,DOL OFLC LCA disclosure data; https://www.dol.gov/agencies/eta/foreign-labor/performance
2026Q1,cognizant,89.30409461996658,contrast_gpt4_withinL2,DOL OFLC LCA disclosure data; https://www.dol.gov/agencies/eta/foreign-labor/performance
2026Q1,hcltech,-14.981058843862485,contrast_gpt4_withinL2,DOL OFLC LCA disclosure data; https://www.dol.gov/agencies/eta/foreign-labor/performance
2026Q1,infosys,-291.94893110216316,contrast_gpt4_withinL2,DOL OFLC LCA disclosure data; https://www.dol.gov/agencies/eta/foreign-labor/performance
2026Q1,ltim,-60.63524596056355,contrast_gpt4_withinL2,DOL OFLC LCA disclosure data; https://www.dol.gov/agencies/eta/foreign-labor/performance
2026Q1,mphasis,83.17168941779637,contrast_gpt4_withinL2,DOL OFLC LCA disclosure data; https://www.dol.gov/agencies/eta/foreign-labor/performance
2026Q1,tcs,27.711521140136536,contrast_gpt4_withinL2,DOL OFLC LCA disclosure data; https://www.dol.gov/agencies/eta/foreign-labor/performance
2026Q1,techm,18.58680540407594,contrast_gpt4_withinL2,DOL OFLC LCA disclosure data; https://www.dol.gov/agencies/eta/foreign-labor/performance
2026Q1,wipro,-5.87455107091599,contrast_gpt4_withinL2,DOL OFLC LCA disclosure data; https://www.dol.gov/agencies/eta/foreign-labor/performance
2026Q1,pooled8,-33.511968949432614,contrast_gpt4_withinL2,DOL OFLC LCA disclosure data; https://www.dol.gov/agencies/eta/foreign-labor/performance
2026Q1,pooled_mid,15.060255275364153,contrast_gpt4_withinL2,DOL OFLC LCA disclosure data; https://www.dol.gov/agencies/eta/foreign-labor/performance
2026Q2,accenture,35.63770589201461,contrast_gpt4_withinL2,DOL OFLC LCA disclosure data; https://www.dol.gov/agencies/eta/foreign-labor/performance
2026Q2,capgemini,31.12097807223269,contrast_gpt4_withinL2,DOL OFLC LCA disclosure data; https://www.dol.gov/agencies/eta/foreign-labor/performance
2026Q2,coforge,107.27429086896926,contrast_gpt4_withinL2,DOL OFLC LCA disclosure data; https://www.dol.gov/agencies/eta/foreign-labor/performance
2026Q2,cognizant,48.644147907719955,contrast_gpt4_withinL2,DOL OFLC LCA disclosure data; https://www.dol.gov/agencies/eta/foreign-labor/performance
2026Q2,hcltech,-61.31114882395091,contrast_gpt4_withinL2,DOL OFLC LCA disclosure data; https://www.dol.gov/agencies/eta/foreign-labor/performance
2026Q2,infosys,-136.12019052492303,contrast_gpt4_withinL2,DOL OFLC LCA disclosure data; https://www.dol.gov/agencies/eta/foreign-labor/performance
2026Q2,ltim,-10.67964927298322,contrast_gpt4_withinL2,DOL OFLC LCA disclosure data; https://www.dol.gov/agencies/eta/foreign-labor/performance
2026Q2,mphasis,64.22571652539341,contrast_gpt4_withinL2,DOL OFLC LCA disclosure data; https://www.dol.gov/agencies/eta/foreign-labor/performance
2026Q2,persistent,-106.25723521849129,contrast_gpt4_withinL2,DOL OFLC LCA disclosure data; https://www.dol.gov/agencies/eta/foreign-labor/performance
2026Q2,tcs,40.921313037090236,contrast_gpt4_withinL2,DOL OFLC LCA disclosure data; https://www.dol.gov/agencies/eta/foreign-labor/performance
2026Q2,techm,13.589648988682008,contrast_gpt4_withinL2,DOL OFLC LCA disclosure data; https://www.dol.gov/agencies/eta/foreign-labor/performance
2026Q2,wipro,34.06058685586074,contrast_gpt4_withinL2,DOL OFLC LCA disclosure data; https://www.dol.gov/agencies/eta/foreign-labor/performance
2026Q2,pooled8,-29.69113400489178,contrast_gpt4_withinL2,DOL OFLC LCA disclosure data; https://www.dol.gov/agencies/eta/foreign-labor/performance
2026Q2,pooled_mid,40.22413941993503,contrast_gpt4_withinL2,DOL OFLC LCA disclosure data; https://www.dol.gov/agencies/eta/foreign-labor/performance
2016Q3,accenture,-1.1365316367041078,comp_index_gpt4_dYoY_x100,DOL OFLC LCA disclosure data; https://www.dol.gov/agencies/eta/foreign-labor/performance
2016Q3,capgemini,1.0971108279255182,comp_index_gpt4_dYoY_x100,DOL OFLC LCA disclosure data; https://www.dol.gov/agencies/eta/foreign-labor/performance
2016Q3,coforge,0.3142690358190259,comp_index_gpt4_dYoY_x100,DOL OFLC LCA disclosure data; https://www.dol.gov/agencies/eta/foreign-labor/performance
2016Q3,cognizant,-2.187321532748865,comp_index_gpt4_dYoY_x100,DOL OFLC LCA disclosure data; https://www.dol.gov/agencies/eta/foreign-labor/performance
2016Q3,hcltech,-0.49178648664462976,comp_index_gpt4_dYoY_x100,DOL OFLC LCA disclosure data; https://www.dol.gov/agencies/eta/foreign-labor/performance
2016Q3,hexaware,-0.5102920904419994,comp_index_gpt4_dYoY_x100,DOL OFLC LCA disclosure data; https://www.dol.gov/agencies/eta/foreign-labor/performance
2016Q3,infosys,-0.35944516416531735,comp_index_gpt4_dYoY_x100,DOL OFLC LCA disclosure data; https://www.dol.gov/agencies/eta/foreign-labor/performance
2016Q3,ltim,-0.4515860155377416,comp_index_gpt4_dYoY_x100,DOL OFLC LCA disclosure data; https://www.dol.gov/agencies/eta/foreign-labor/performance
2016Q3,mphasis,1.1258828156575418,comp_index_gpt4_dYoY_x100,DOL OFLC LCA disclosure data; https://www.dol.gov/agencies/eta/foreign-labor/performance
2016Q3,persistent,-1.3745417536063287,comp_index_gpt4_dYoY_x100,DOL OFLC LCA disclosure data; https://www.dol.gov/agencies/eta/foreign-labor/performance
2016Q3,tcs,0.5084278035442757,comp_index_gpt4_dYoY_x100,DOL OFLC LCA disclosure data; https://www.dol.gov/agencies/eta/foreign-labor/performance
2016Q3,techm,2.2725410963620907,comp_index_gpt4_dYoY_x100,DOL OFLC LCA disclosure data; https://www.dol.gov/agencies/eta/foreign-labor/performance
2016Q3,wipro,-1.2756973620480117,comp_index_gpt4_dYoY_x100,DOL OFLC LCA disclosure data; https://www.dol.gov/agencies/eta/foreign-labor/performance
2016Q3,pooled8,-0.2321352642477681,comp_index_gpt4_dYoY_x100,DOL OFLC LCA disclosure data; https://www.dol.gov/agencies/eta/foreign-labor/performance
2016Q4,accenture,-1.0716098850356515,comp_index_gpt4_dYoY_x100,DOL OFLC LCA disclosure data; https://www.dol.gov/agencies/eta/foreign-labor/performance
2016Q4,capgemini,1.270001052617431,comp_index_gpt4_dYoY_x100,DOL OFLC LCA disclosure data; https://www.dol.gov/agencies/eta/foreign-labor/performance
2016Q4,coforge,0.024461334578251837,comp_index_gpt4_dYoY_x100,DOL OFLC LCA disclosure data; https://www.dol.gov/agencies/eta/foreign-labor/performance
2016Q4,cognizant,-1.9848990499156782,comp_index_gpt4_dYoY_x100,DOL OFLC LCA disclosure data; https://www.dol.gov/agencies/eta/foreign-labor/performance
2016Q4,hcltech,0.16030860427218574,comp_index_gpt4_dYoY_x100,DOL OFLC LCA disclosure data; https://www.dol.gov/agencies/eta/foreign-labor/performance
2016Q4,hexaware,-1.1776703368493124,comp_index_gpt4_dYoY_x100,DOL OFLC LCA disclosure data; https://www.dol.gov/agencies/eta/foreign-labor/performance
2016Q4,infosys,-0.6675680673528639,comp_index_gpt4_dYoY_x100,DOL OFLC LCA disclosure data; https://www.dol.gov/agencies/eta/foreign-labor/performance
2016Q4,ltim,-0.14193213435492735,comp_index_gpt4_dYoY_x100,DOL OFLC LCA disclosure data; https://www.dol.gov/agencies/eta/foreign-labor/performance
2016Q4,mphasis,2.2062097905983125,comp_index_gpt4_dYoY_x100,DOL OFLC LCA disclosure data; https://www.dol.gov/agencies/eta/foreign-labor/performance
2016Q4,persistent,-1.784745233420948,comp_index_gpt4_dYoY_x100,DOL OFLC LCA disclosure data; https://www.dol.gov/agencies/eta/foreign-labor/performance
2016Q4,tcs,0.5856487812299194,comp_index_gpt4_dYoY_x100,DOL OFLC LCA disclosure data; https://www.dol.gov/agencies/eta/foreign-labor/performance
2016Q4,techm,2.1235898574532786,comp_index_gpt4_dYoY_x100,DOL OFLC LCA disclosure data; https://www.dol.gov/agencies/eta/foreign-labor/performance
2016Q4,wipro,-1.7678953196094471,comp_index_gpt4_dYoY_x100,DOL OFLC LCA disclosure data; https://www.dol.gov/agencies/eta/foreign-labor/performance
2016Q4,pooled8,-0.430007602857152,comp_index_gpt4_dYoY_x100,DOL OFLC LCA disclosure data; https://www.dol.gov/agencies/eta/foreign-labor/performance
2017Q1,accenture,-2.131022283050843,comp_index_gpt4_dYoY_x100,DOL OFLC LCA disclosure data; https://www.dol.gov/agencies/eta/foreign-labor/performance
2017Q1,capgemini,-0.06297492739303356,comp_index_gpt4_dYoY_x100,DOL OFLC LCA disclosure data; https://www.dol.gov/agencies/eta/foreign-labor/performance
2017Q1,coforge,0.1978274019156845,comp_index_gpt4_dYoY_x100,DOL OFLC LCA disclosure data; https://www.dol.gov/agencies/eta/foreign-labor/performance
2017Q1,cognizant,-2.166903177963553,comp_index_gpt4_dYoY_x100,DOL OFLC LCA disclosure data; https://www.dol.gov/agencies/eta/foreign-labor/performance
2017Q1,hcltech,0.7391466980950057,comp_index_gpt4_dYoY_x100,DOL OFLC LCA disclosure data; https://www.dol.gov/agencies/eta/foreign-labor/performance
2017Q1,hexaware,-1.210129522738701,comp_index_gpt4_dYoY_x100,DOL OFLC LCA disclosure data; https://www.dol.gov/agencies/eta/foreign-labor/performance
2017Q1,infosys,-1.7498404059804296,comp_index_gpt4_dYoY_x100,DOL OFLC LCA disclosure data; https://www.dol.gov/agencies/eta/foreign-labor/performance
2017Q1,ltim,0.018440639625261213,comp_index_gpt4_dYoY_x100,DOL OFLC LCA disclosure data; https://www.dol.gov/agencies/eta/foreign-labor/performance
2017Q1,mphasis,3.6225270572201818,comp_index_gpt4_dYoY_x100,DOL OFLC LCA disclosure data; https://www.dol.gov/agencies/eta/foreign-labor/performance
2017Q1,persistent,-1.6031964242442354,comp_index_gpt4_dYoY_x100,DOL OFLC LCA disclosure data; https://www.dol.gov/agencies/eta/foreign-labor/performance
2017Q1,tcs,-0.2925664231731906,comp_index_gpt4_dYoY_x100,DOL OFLC LCA disclosure data; https://www.dol.gov/agencies/eta/foreign-labor/performance
2017Q1,techm,-0.8832118399459299,comp_index_gpt4_dYoY_x100,DOL OFLC LCA disclosure data; https://www.dol.gov/agencies/eta/foreign-labor/performance
2017Q1,wipro,-1.7596622278077123,comp_index_gpt4_dYoY_x100,DOL OFLC LCA disclosure data; https://www.dol.gov/agencies/eta/foreign-labor/performance
2017Q1,pooled8,-0.727879503859119,comp_index_gpt4_dYoY_x100,DOL OFLC LCA disclosure data; https://www.dol.gov/agencies/eta/foreign-labor/performance
2017Q2,accenture,-2.351858207004376,comp_index_gpt4_dYoY_x100,DOL OFLC LCA disclosure data; https://www.dol.gov/agencies/eta/foreign-labor/performance
2017Q2,capgemini,-0.06828567038998923,comp_index_gpt4_dYoY_x100,DOL OFLC LCA disclosure data; https://www.dol.gov/agencies/eta/foreign-labor/performance
2017Q2,coforge,0.5114702495063628,comp_index_gpt4_dYoY_x100,DOL OFLC LCA disclosure data; https://www.dol.gov/agencies/eta/foreign-labor/performance
2017Q2,cognizant,0.36489374546618825,comp_index_gpt4_dYoY_x100,DOL OFLC LCA disclosure data; https://www.dol.gov/agencies/eta/foreign-labor/performance
2017Q2,hcltech,0.8110742503990798,comp_index_gpt4_dYoY_x100,DOL OFLC LCA disclosure data; https://www.dol.gov/agencies/eta/foreign-labor/performance
2017Q2,hexaware,-2.273901625909658,comp_index_gpt4_dYoY_x100,DOL OFLC LCA disclosure data; https://www.dol.gov/agencies/eta/foreign-labor/performance
2017Q2,infosys,-1.9056793213243495,comp_index_gpt4_dYoY_x100,DOL OFLC LCA disclosure data; https://www.dol.gov/agencies/eta/foreign-labor/performance
2017Q2,ltim,-1.3221234459231401,comp_index_gpt4_dYoY_x100,DOL OFLC LCA disclosure data; https://www.dol.gov/agencies/eta/foreign-labor/performance
2017Q2,mphasis,4.2561093684524876,comp_index_gpt4_dYoY_x100,DOL OFLC LCA disclosure data; https://www.dol.gov/agencies/eta/foreign-labor/performance
2017Q2,persistent,-1.3213173500398634,comp_index_gpt4_dYoY_x100,DOL OFLC LCA disclosure data; https://www.dol.gov/agencies/eta/foreign-labor/performance
2017Q2,tcs,-0.5064011592333384,comp_index_gpt4_dYoY_x100,DOL OFLC LCA disclosure data; https://www.dol.gov/agencies/eta/foreign-labor/performance
2017Q2,techm,-0.7585958245147184,comp_index_gpt4_dYoY_x100,DOL OFLC LCA disclosure data; https://www.dol.gov/agencies/eta/foreign-labor/performance
2017Q2,wipro,-1.47484828556258,comp_index_gpt4_dYoY_x100,DOL OFLC LCA disclosure data; https://www.dol.gov/agencies/eta/foreign-labor/performance
2017Q2,pooled8,-0.5853787504135677,comp_index_gpt4_dYoY_x100,DOL OFLC LCA disclosure data; https://www.dol.gov/agencies/eta/foreign-labor/performance
2017Q3,accenture,-2.662494844280683,comp_index_gpt4_dYoY_x100,DOL OFLC LCA disclosure data; https://www.dol.gov/agencies/eta/foreign-labor/performance
2017Q3,capgemini,3.962147999479626,comp_index_gpt4_dYoY_x100,DOL OFLC LCA disclosure data; https://www.dol.gov/agencies/eta/foreign-labor/performance
2017Q3,coforge,0.32500458227971984,comp_index_gpt4_dYoY_x100,DOL OFLC LCA disclosure data; https://www.dol.gov/agencies/eta/foreign-labor/performance
2017Q3,cognizant,0.7223809934903347,comp_index_gpt4_dYoY_x100,DOL OFLC LCA disclosure data; https://www.dol.gov/agencies/eta/foreign-labor/performance
2017Q3,hcltech,0.3432878383029636,comp_index_gpt4_dYoY_x100,DOL OFLC LCA disclosure data; https://www.dol.gov/agencies/eta/foreign-labor/performance
2017Q3,hexaware,-2.2240441546291567,comp_index_gpt4_dYoY_x100,DOL OFLC LCA disclosure data; https://www.dol.gov/agencies/eta/foreign-labor/performance
2017Q3,infosys,-1.9113541865684147,comp_index_gpt4_dYoY_x100,DOL OFLC LCA disclosure data; https://www.dol.gov/agencies/eta/foreign-labor/performance
2017Q3,ltim,-1.3532100274522785,comp_index_gpt4_dYoY_x100,DOL OFLC LCA disclosure data; https://www.dol.gov/agencies/eta/foreign-labor/performance
2017Q3,mphasis,3.228464967665412,comp_index_gpt4_dYoY_x100,DOL OFLC LCA disclosure data; https://www.dol.gov/agencies/eta/foreign-labor/performance
2017Q3,persistent,-0.25707146560314253,comp_index_gpt4_dYoY_x100,DOL OFLC LCA disclosure data; https://www.dol.gov/agencies/eta/foreign-labor/performance
2017Q3,tcs,-0.4371110792804167,comp_index_gpt4_dYoY_x100,DOL OFLC LCA disclosure data; https://www.dol.gov/agencies/eta/foreign-labor/performance
2017Q3,techm,-0.7206990030883764,comp_index_gpt4_dYoY_x100,DOL OFLC LCA disclosure data; https://www.dol.gov/agencies/eta/foreign-labor/performance
2017Q3,wipro,-0.8149915437782318,comp_index_gpt4_dYoY_x100,DOL OFLC LCA disclosure data; https://www.dol.gov/agencies/eta/foreign-labor/performance
2017Q3,pooled8,-0.5016614518430718,comp_index_gpt4_dYoY_x100,DOL OFLC LCA disclosure data; https://www.dol.gov/agencies/eta/foreign-labor/performance
2017Q4,accenture,-2.470947234943144,comp_index_gpt4_dYoY_x100,DOL OFLC LCA disclosure data; https://www.dol.gov/agencies/eta/foreign-labor/performance
2017Q4,capgemini,3.490594257763846,comp_index_gpt4_dYoY_x100,DOL OFLC LCA disclosure data; https://www.dol.gov/agencies/eta/foreign-labor/performance
2017Q4,coforge,-0.13642204090953403,comp_index_gpt4_dYoY_x100,DOL OFLC LCA disclosure data; https://www.dol.gov/agencies/eta/foreign-labor/performance
2017Q4,cognizant,0.8608956276911606,comp_index_gpt4_dYoY_x100,DOL OFLC LCA disclosure data; https://www.dol.gov/agencies/eta/foreign-labor/performance
2017Q4,hcltech,-0.418758310438927,comp_index_gpt4_dYoY_x100,DOL OFLC LCA disclosure data; https://www.dol.gov/agencies/eta/foreign-labor/performance
2017Q4,hexaware,-2.5303125997386267,comp_index_gpt4_dYoY_x100,DOL OFLC LCA disclosure data; https://www.dol.gov/agencies/eta/foreign-labor/performance
2017Q4,infosys,-1.7398636225547381,comp_index_gpt4_dYoY_x100,DOL OFLC LCA disclosure data; https://www.dol.gov/agencies/eta/foreign-labor/performance
2017Q4,ltim,-2.0596925262056587,comp_index_gpt4_dYoY_x100,DOL OFLC LCA disclosure data; https://www.dol.gov/agencies/eta/foreign-labor/performance
2017Q4,mphasis,2.3129406067694314,comp_index_gpt4_dYoY_x100,DOL OFLC LCA disclosure data; https://www.dol.gov/agencies/eta/foreign-labor/performance
2017Q4,persistent,0.5202339409560941,comp_index_gpt4_dYoY_x100,DOL OFLC LCA disclosure data; https://www.dol.gov/agencies/eta/foreign-labor/performance
2017Q4,tcs,-0.5525591740521141,comp_index_gpt4_dYoY_x100,DOL OFLC LCA disclosure data; https://www.dol.gov/agencies/eta/foreign-labor/performance
2017Q4,techm,-0.7129698213717339,comp_index_gpt4_dYoY_x100,DOL OFLC LCA disclosure data; https://www.dol.gov/agencies/eta/foreign-labor/performance
2017Q4,wipro,-0.051663540559343524,comp_index_gpt4_dYoY_x100,DOL OFLC LCA disclosure data; https://www.dol.gov/agencies/eta/foreign-labor/performance
2017Q4,pooled8,-0.11737666009408176,comp_index_gpt4_dYoY_x100,DOL OFLC LCA disclosure data; https://www.dol.gov/agencies/eta/foreign-labor/performance
2018Q1,accenture,-1.4421107661030774,comp_index_gpt4_dYoY_x100,DOL OFLC LCA disclosure data; https://www.dol.gov/agencies/eta/foreign-labor/performance
2018Q1,capgemini,3.245254233952466,comp_index_gpt4_dYoY_x100,DOL OFLC LCA disclosure data; https://www.dol.gov/agencies/eta/foreign-labor/performance
2018Q1,coforge,-1.6158952911814572,comp_index_gpt4_dYoY_x100,DOL OFLC LCA disclosure data; https://www.dol.gov/agencies/eta/foreign-labor/performance
2018Q1,cognizant,2.1659611773468423,comp_index_gpt4_dYoY_x100,DOL OFLC LCA disclosure data; https://www.dol.gov/agencies/eta/foreign-labor/performance
2018Q1,hcltech,-1.4584553901347608,comp_index_gpt4_dYoY_x100,DOL OFLC LCA disclosure data; https://www.dol.gov/agencies/eta/foreign-labor/performance
2018Q1,hexaware,-0.22354208091813765,comp_index_gpt4_dYoY_x100,DOL OFLC LCA disclosure data; https://www.dol.gov/agencies/eta/foreign-labor/performance
2018Q1,infosys,0.016908728662434758,comp_index_gpt4_dYoY_x100,DOL OFLC LCA disclosure data; https://www.dol.gov/agencies/eta/foreign-labor/performance
2018Q1,ltim,-2.147677894920863,comp_index_gpt4_dYoY_x100,DOL OFLC LCA disclosure data; https://www.dol.gov/agencies/eta/foreign-labor/performance
2018Q1,mphasis,0.8179039397772758,comp_index_gpt4_dYoY_x100,DOL OFLC LCA disclosure data; https://www.dol.gov/agencies/eta/foreign-labor/performance
2018Q1,persistent,9.012965741267287,comp_index_gpt4_dYoY_x100,DOL OFLC LCA disclosure data; https://www.dol.gov/agencies/eta/foreign-labor/performance
2018Q1,tcs,-2.137893188671758,comp_index_gpt4_dYoY_x100,DOL OFLC LCA disclosure data; https://www.dol.gov/agencies/eta/foreign-labor/performance
2018Q1,techm,-1.6025041178395205,comp_index_gpt4_dYoY_x100,DOL OFLC LCA disclosure data; https://www.dol.gov/agencies/eta/foreign-labor/performance
2018Q1,wipro,1.3584149473626517,comp_index_gpt4_dYoY_x100,DOL OFLC LCA disclosure data; https://www.dol.gov/agencies/eta/foreign-labor/performance
2018Q1,pooled8,-0.3859119166982672,comp_index_gpt4_dYoY_x100,DOL OFLC LCA disclosure data; https://www.dol.gov/agencies/eta/foreign-labor/performance
2018Q2,accenture,-1.003759222103695,comp_index_gpt4_dYoY_x100,DOL OFLC LCA disclosure data; https://www.dol.gov/agencies/eta/foreign-labor/performance
2018Q2,capgemini,3.1698653690011014,comp_index_gpt4_dYoY_x100,DOL OFLC LCA disclosure data; https://www.dol.gov/agencies/eta/foreign-labor/performance
2018Q2,coforge,-1.8380869486412044,comp_index_gpt4_dYoY_x100,DOL OFLC LCA disclosure data; https://www.dol.gov/agencies/eta/foreign-labor/performance
2018Q2,cognizant,0.9861334934265442,comp_index_gpt4_dYoY_x100,DOL OFLC LCA disclosure data; https://www.dol.gov/agencies/eta/foreign-labor/performance
2018Q2,hcltech,-1.4851412821309973,comp_index_gpt4_dYoY_x100,DOL OFLC LCA disclosure data; https://www.dol.gov/agencies/eta/foreign-labor/performance
2018Q2,hexaware,1.6845329851156388,comp_index_gpt4_dYoY_x100,DOL OFLC LCA disclosure data; https://www.dol.gov/agencies/eta/foreign-labor/performance
2018Q2,infosys,-0.20927724529952174,comp_index_gpt4_dYoY_x100,DOL OFLC LCA disclosure data; https://www.dol.gov/agencies/eta/foreign-labor/performance
2018Q2,ltim,-0.9481469162800349,comp_index_gpt4_dYoY_x100,DOL OFLC LCA disclosure data; https://www.dol.gov/agencies/eta/foreign-labor/performance
2018Q2,mphasis,1.5409943551467076,comp_index_gpt4_dYoY_x100,DOL OFLC LCA disclosure data; https://www.dol.gov/agencies/eta/foreign-labor/performance
2018Q2,persistent,9.706548434752593,comp_index_gpt4_dYoY_x100,DOL OFLC LCA disclosure data; https://www.dol.gov/agencies/eta/foreign-labor/performance
2018Q2,tcs,-2.512075779560985,comp_index_gpt4_dYoY_x100,DOL OFLC LCA disclosure data; https://www.dol.gov/agencies/eta/foreign-labor/performance
2018Q2,techm,-1.7020848118886267,comp_index_gpt4_dYoY_x100,DOL OFLC LCA disclosure data; https://www.dol.gov/agencies/eta/foreign-labor/performance
2018Q2,wipro,1.3215130230704308,comp_index_gpt4_dYoY_x100,DOL OFLC LCA disclosure data; https://www.dol.gov/agencies/eta/foreign-labor/performance
2018Q2,pooled8,-0.7740500534095363,comp_index_gpt4_dYoY_x100,DOL OFLC LCA disclosure data; https://www.dol.gov/agencies/eta/foreign-labor/performance
2018Q3,accenture,-0.2051303442151431,comp_index_gpt4_dYoY_x100,DOL OFLC LCA disclosure data; https://www.dol.gov/agencies/eta/foreign-labor/performance
2018Q3,capgemini,-0.0329831700173977,comp_index_gpt4_dYoY_x100,DOL OFLC LCA disclosure data; https://www.dol.gov/agencies/eta/foreign-labor/performance
2018Q3,coforge,-2.197707528497639,comp_index_gpt4_dYoY_x100,DOL OFLC LCA disclosure data; https://www.dol.gov/agencies/eta/foreign-labor/performance
2018Q3,cognizant,1.0312941485927984,comp_index_gpt4_dYoY_x100,DOL OFLC LCA disclosure data; https://www.dol.gov/agencies/eta/foreign-labor/performance
2018Q3,hcltech,-1.4121611883907703,comp_index_gpt4_dYoY_x100,DOL OFLC LCA disclosure data; https://www.dol.gov/agencies/eta/foreign-labor/performance
2018Q3,hexaware,2.429404653741285,comp_index_gpt4_dYoY_x100,DOL OFLC LCA disclosure data; https://www.dol.gov/agencies/eta/foreign-labor/performance
2018Q3,infosys,-0.46050720854824423,comp_index_gpt4_dYoY_x100,DOL OFLC LCA disclosure data; https://www.dol.gov/agencies/eta/foreign-labor/performance
2018Q3,ltim,-0.1798418736261298,comp_index_gpt4_dYoY_x100,DOL OFLC LCA disclosure data; https://www.dol.gov/agencies/eta/foreign-labor/performance
2018Q3,mphasis,2.59168055074942,comp_index_gpt4_dYoY_x100,DOL OFLC LCA disclosure data; https://www.dol.gov/agencies/eta/foreign-labor/performance
2018Q3,persistent,9.590823212138,comp_index_gpt4_dYoY_x100,DOL OFLC LCA disclosure data; https://www.dol.gov/agencies/eta/foreign-labor/performance
2018Q3,tcs,-2.4787669139266666,comp_index_gpt4_dYoY_x100,DOL OFLC LCA disclosure data; https://www.dol.gov/agencies/eta/foreign-labor/performance
2018Q3,techm,-1.7326953035936676,comp_index_gpt4_dYoY_x100,DOL OFLC LCA disclosure data; https://www.dol.gov/agencies/eta/foreign-labor/performance
2018Q3,wipro,0.802148214236309,comp_index_gpt4_dYoY_x100,DOL OFLC LCA disclosure data; https://www.dol.gov/agencies/eta/foreign-labor/performance
2018Q3,pooled8,-1.5305072511465734,comp_index_gpt4_dYoY_x100,DOL OFLC LCA disclosure data; https://www.dol.gov/agencies/eta/foreign-labor/performance
2018Q4,accenture,-0.215219772605435,comp_index_gpt4_dYoY_x100,DOL OFLC LCA disclosure data; https://www.dol.gov/agencies/eta/foreign-labor/performance
2018Q4,capgemini,0.02183039276424381,comp_index_gpt4_dYoY_x100,DOL OFLC LCA disclosure data; https://www.dol.gov/agencies/eta/foreign-labor/performance
2018Q4,coforge,-2.0336846709504752,comp_index_gpt4_dYoY_x100,DOL OFLC LCA disclosure data; https://www.dol.gov/agencies/eta/foreign-labor/performance
2018Q4,cognizant,0.969721398729817,comp_index_gpt4_dYoY_x100,DOL OFLC LCA disclosure data; https://www.dol.gov/agencies/eta/foreign-labor/performance
2018Q4,hcltech,-0.8428409576519802,comp_index_gpt4_dYoY_x100,DOL OFLC LCA disclosure data; https://www.dol.gov/agencies/eta/foreign-labor/performance
2018Q4,hexaware,4.671429044023845,comp_index_gpt4_dYoY_x100,DOL OFLC LCA disclosure data; https://www.dol.gov/agencies/eta/foreign-labor/performance
2018Q4,infosys,-0.455633738712502,comp_index_gpt4_dYoY_x100,DOL OFLC LCA disclosure data; https://www.dol.gov/agencies/eta/foreign-labor/performance
2018Q4,ltim,1.148032397667298,comp_index_gpt4_dYoY_x100,DOL OFLC LCA disclosure data; https://www.dol.gov/agencies/eta/foreign-labor/performance
2018Q4,mphasis,2.572814213751473,comp_index_gpt4_dYoY_x100,DOL OFLC LCA disclosure data; https://www.dol.gov/agencies/eta/foreign-labor/performance
2018Q4,persistent,9.269018505218241,comp_index_gpt4_dYoY_x100,DOL OFLC LCA disclosure data; https://www.dol.gov/agencies/eta/foreign-labor/performance
2018Q4,tcs,-2.5402553992638133,comp_index_gpt4_dYoY_x100,DOL OFLC LCA disclosure data; https://www.dol.gov/agencies/eta/foreign-labor/performance
2018Q4,techm,-1.6914975012413236,comp_index_gpt4_dYoY_x100,DOL OFLC LCA disclosure data; https://www.dol.gov/agencies/eta/foreign-labor/performance
2018Q4,wipro,0.5447928183965778,comp_index_gpt4_dYoY_x100,DOL OFLC LCA disclosure data; https://www.dol.gov/agencies/eta/foreign-labor/performance
2018Q4,pooled8,-2.5039217040744743,comp_index_gpt4_dYoY_x100,DOL OFLC LCA disclosure data; https://www.dol.gov/agencies/eta/foreign-labor/performance
2019Q1,accenture,0.11368415279815469,comp_index_gpt4_dYoY_x100,DOL OFLC LCA disclosure data; https://www.dol.gov/agencies/eta/foreign-labor/performance
2019Q1,capgemini,-1.9007916941791048,comp_index_gpt4_dYoY_x100,DOL OFLC LCA disclosure data; https://www.dol.gov/agencies/eta/foreign-labor/performance
2019Q1,coforge,-0.9269796409045794,comp_index_gpt4_dYoY_x100,DOL OFLC LCA disclosure data; https://www.dol.gov/agencies/eta/foreign-labor/performance
2019Q1,cognizant,0.33708799009588564,comp_index_gpt4_dYoY_x100,DOL OFLC LCA disclosure data; https://www.dol.gov/agencies/eta/foreign-labor/performance
2019Q1,hcltech,-0.6133069030812011,comp_index_gpt4_dYoY_x100,DOL OFLC LCA disclosure data; https://www.dol.gov/agencies/eta/foreign-labor/performance
2019Q1,hexaware,4.500731978568295,comp_index_gpt4_dYoY_x100,DOL OFLC LCA disclosure data; https://www.dol.gov/agencies/eta/foreign-labor/performance
2019Q1,infosys,0.8704361000882566,comp_index_gpt4_dYoY_x100,DOL OFLC LCA disclosure data; https://www.dol.gov/agencies/eta/foreign-labor/performance
2019Q1,ltim,2.8568996141336345,comp_index_gpt4_dYoY_x100,DOL OFLC LCA disclosure data; https://www.dol.gov/agencies/eta/foreign-labor/performance
2019Q1,mphasis,8.2413711817789,comp_index_gpt4_dYoY_x100,DOL OFLC LCA disclosure data; https://www.dol.gov/agencies/eta/foreign-labor/performance
2019Q1,persistent,0.6580158122444391,comp_index_gpt4_dYoY_x100,DOL OFLC LCA disclosure data; https://www.dol.gov/agencies/eta/foreign-labor/performance
2019Q1,tcs,-2.529188394528392,comp_index_gpt4_dYoY_x100,DOL OFLC LCA disclosure data; https://www.dol.gov/agencies/eta/foreign-labor/performance
2019Q1,techm,0.658601636804812,comp_index_gpt4_dYoY_x100,DOL OFLC LCA disclosure data; https://www.dol.gov/agencies/eta/foreign-labor/performance
2019Q1,wipro,2.1147946770438297,comp_index_gpt4_dYoY_x100,DOL OFLC LCA disclosure data; https://www.dol.gov/agencies/eta/foreign-labor/performance
2019Q1,pooled8,-3.2811338274370883,comp_index_gpt4_dYoY_x100,DOL OFLC LCA disclosure data; https://www.dol.gov/agencies/eta/foreign-labor/performance
2019Q2,accenture,0.4281618495774131,comp_index_gpt4_dYoY_x100,DOL OFLC LCA disclosure data; https://www.dol.gov/agencies/eta/foreign-labor/performance
2019Q2,capgemini,-2.1487810524870032,comp_index_gpt4_dYoY_x100,DOL OFLC LCA disclosure data; https://www.dol.gov/agencies/eta/foreign-labor/performance
2019Q2,coforge,-1.2902252021798732,comp_index_gpt4_dYoY_x100,DOL OFLC LCA disclosure data; https://www.dol.gov/agencies/eta/foreign-labor/performance
2019Q2,cognizant,0.48593400655547736,comp_index_gpt4_dYoY_x100,DOL OFLC LCA disclosure data; https://www.dol.gov/agencies/eta/foreign-labor/performance
2019Q2,hcltech,-0.41400650749137125,comp_index_gpt4_dYoY_x100,DOL OFLC LCA disclosure data; https://www.dol.gov/agencies/eta/foreign-labor/performance
2019Q2,hexaware,2.699032722661132,comp_index_gpt4_dYoY_x100,DOL OFLC LCA disclosure data; https://www.dol.gov/agencies/eta/foreign-labor/performance
2019Q2,infosys,1.0497530932530474,comp_index_gpt4_dYoY_x100,DOL OFLC LCA disclosure data; https://www.dol.gov/agencies/eta/foreign-labor/performance
2019Q2,ltim,3.093637630267354,comp_index_gpt4_dYoY_x100,DOL OFLC LCA disclosure data; https://www.dol.gov/agencies/eta/foreign-labor/performance
2019Q2,mphasis,7.447500970416209,comp_index_gpt4_dYoY_x100,DOL OFLC LCA disclosure data; https://www.dol.gov/agencies/eta/foreign-labor/performance
2019Q2,persistent,0.5415260788186438,comp_index_gpt4_dYoY_x100,DOL OFLC LCA disclosure data; https://www.dol.gov/agencies/eta/foreign-labor/performance
2019Q2,tcs,-2.122103456116897,comp_index_gpt4_dYoY_x100,DOL OFLC LCA disclosure data; https://www.dol.gov/agencies/eta/foreign-labor/performance
2019Q2,techm,0.6230403428181819,comp_index_gpt4_dYoY_x100,DOL OFLC LCA disclosure data; https://www.dol.gov/agencies/eta/foreign-labor/performance
2019Q2,wipro,3.178171021080356,comp_index_gpt4_dYoY_x100,DOL OFLC LCA disclosure data; https://www.dol.gov/agencies/eta/foreign-labor/performance
2019Q2,pooled8,-3.763822719618004,comp_index_gpt4_dYoY_x100,DOL OFLC LCA disclosure data; https://www.dol.gov/agencies/eta/foreign-labor/performance
2019Q3,accenture,0.32555070316326873,comp_index_gpt4_dYoY_x100,DOL OFLC LCA disclosure data; https://www.dol.gov/agencies/eta/foreign-labor/performance
2019Q3,capgemini,-2.1154771859746346,comp_index_gpt4_dYoY_x100,DOL OFLC LCA disclosure data; https://www.dol.gov/agencies/eta/foreign-labor/performance
2019Q3,coforge,-1.4279488630584036,comp_index_gpt4_dYoY_x100,DOL OFLC LCA disclosure data; https://www.dol.gov/agencies/eta/foreign-labor/performance
2019Q3,cognizant,0.37323308646843856,comp_index_gpt4_dYoY_x100,DOL OFLC LCA disclosure data; https://www.dol.gov/agencies/eta/foreign-labor/performance
2019Q3,hcltech,-0.39654455510776954,comp_index_gpt4_dYoY_x100,DOL OFLC LCA disclosure data; https://www.dol.gov/agencies/eta/foreign-labor/performance
2019Q3,hexaware,1.4819203707182704,comp_index_gpt4_dYoY_x100,DOL OFLC LCA disclosure data; https://www.dol.gov/agencies/eta/foreign-labor/performance
2019Q3,infosys,1.29312612149588,comp_index_gpt4_dYoY_x100,DOL OFLC LCA disclosure data; https://www.dol.gov/agencies/eta/foreign-labor/performance
2019Q3,ltim,2.758355687919234,comp_index_gpt4_dYoY_x100,DOL OFLC LCA disclosure data; https://www.dol.gov/agencies/eta/foreign-labor/performance
2019Q3,mphasis,6.006654585178984,comp_index_gpt4_dYoY_x100,DOL OFLC LCA disclosure data; https://www.dol.gov/agencies/eta/foreign-labor/performance
2019Q3,persistent,2.5210827961195004,comp_index_gpt4_dYoY_x100,DOL OFLC LCA disclosure data; https://www.dol.gov/agencies/eta/foreign-labor/performance
2019Q3,tcs,-2.1907188215391837,comp_index_gpt4_dYoY_x100,DOL OFLC LCA disclosure data; https://www.dol.gov/agencies/eta/foreign-labor/performance
2019Q3,techm,0.7152660702274827,comp_index_gpt4_dYoY_x100,DOL OFLC LCA disclosure data; https://www.dol.gov/agencies/eta/foreign-labor/performance
2019Q3,wipro,3.74250119746663,comp_index_gpt4_dYoY_x100,DOL OFLC LCA disclosure data; https://www.dol.gov/agencies/eta/foreign-labor/performance
2019Q3,pooled8,-2.901889484286946,comp_index_gpt4_dYoY_x100,DOL OFLC LCA disclosure data; https://www.dol.gov/agencies/eta/foreign-labor/performance
2019Q4,accenture,0.28622058197365075,comp_index_gpt4_dYoY_x100,DOL OFLC LCA disclosure data; https://www.dol.gov/agencies/eta/foreign-labor/performance
2019Q4,capgemini,-1.9808541978789562,comp_index_gpt4_dYoY_x100,DOL OFLC LCA disclosure data; https://www.dol.gov/agencies/eta/foreign-labor/performance
2019Q4,coforge,-1.1746840975418893,comp_index_gpt4_dYoY_x100,DOL OFLC LCA disclosure data; https://www.dol.gov/agencies/eta/foreign-labor/performance
2019Q4,cognizant,0.7038534061959201,comp_index_gpt4_dYoY_x100,DOL OFLC LCA disclosure data; https://www.dol.gov/agencies/eta/foreign-labor/performance
2019Q4,hcltech,-0.8051088286418207,comp_index_gpt4_dYoY_x100,DOL OFLC LCA disclosure data; https://www.dol.gov/agencies/eta/foreign-labor/performance
2019Q4,hexaware,-0.6107295959318249,comp_index_gpt4_dYoY_x100,DOL OFLC LCA disclosure data; https://www.dol.gov/agencies/eta/foreign-labor/performance
2019Q4,infosys,1.238261094716031,comp_index_gpt4_dYoY_x100,DOL OFLC LCA disclosure data; https://www.dol.gov/agencies/eta/foreign-labor/performance
2019Q4,ltim,2.2471838381377562,comp_index_gpt4_dYoY_x100,DOL OFLC LCA disclosure data; https://www.dol.gov/agencies/eta/foreign-labor/performance
2019Q4,mphasis,6.457811226855393,comp_index_gpt4_dYoY_x100,DOL OFLC LCA disclosure data; https://www.dol.gov/agencies/eta/foreign-labor/performance
2019Q4,persistent,3.5943298520402567,comp_index_gpt4_dYoY_x100,DOL OFLC LCA disclosure data; https://www.dol.gov/agencies/eta/foreign-labor/performance
2019Q4,tcs,-2.129502260048699,comp_index_gpt4_dYoY_x100,DOL OFLC LCA disclosure data; https://www.dol.gov/agencies/eta/foreign-labor/performance
2019Q4,techm,0.668977607250365,comp_index_gpt4_dYoY_x100,DOL OFLC LCA disclosure data; https://www.dol.gov/agencies/eta/foreign-labor/performance
2019Q4,wipro,4.106183985303624,comp_index_gpt4_dYoY_x100,DOL OFLC LCA disclosure data; https://www.dol.gov/agencies/eta/foreign-labor/performance
2019Q4,pooled8,-2.3782502425481855,comp_index_gpt4_dYoY_x100,DOL OFLC LCA disclosure data; https://www.dol.gov/agencies/eta/foreign-labor/performance
2020Q1,accenture,0.5043049830767199,comp_index_gpt4_dYoY_x100,DOL OFLC LCA disclosure data; https://www.dol.gov/agencies/eta/foreign-labor/performance
2020Q1,capgemini,0.9742729555363594,comp_index_gpt4_dYoY_x100,DOL OFLC LCA disclosure data; https://www.dol.gov/agencies/eta/foreign-labor/performance
2020Q1,coforge,-0.6613157656145452,comp_index_gpt4_dYoY_x100,DOL OFLC LCA disclosure data; https://www.dol.gov/agencies/eta/foreign-labor/performance
2020Q1,cognizant,1.3830673198352295,comp_index_gpt4_dYoY_x100,DOL OFLC LCA disclosure data; https://www.dol.gov/agencies/eta/foreign-labor/performance
2020Q1,hcltech,-0.5324931932084609,comp_index_gpt4_dYoY_x100,DOL OFLC LCA disclosure data; https://www.dol.gov/agencies/eta/foreign-labor/performance
2020Q1,hexaware,-1.1401258475565945,comp_index_gpt4_dYoY_x100,DOL OFLC LCA disclosure data; https://www.dol.gov/agencies/eta/foreign-labor/performance
2020Q1,infosys,0.3441979005181506,comp_index_gpt4_dYoY_x100,DOL OFLC LCA disclosure data; https://www.dol.gov/agencies/eta/foreign-labor/performance
2020Q1,ltim,0.881309557884491,comp_index_gpt4_dYoY_x100,DOL OFLC LCA disclosure data; https://www.dol.gov/agencies/eta/foreign-labor/performance
2020Q1,mphasis,0.0827005841178563,comp_index_gpt4_dYoY_x100,DOL OFLC LCA disclosure data; https://www.dol.gov/agencies/eta/foreign-labor/performance
2020Q1,persistent,2.9299004708210785,comp_index_gpt4_dYoY_x100,DOL OFLC LCA disclosure data; https://www.dol.gov/agencies/eta/foreign-labor/performance
2020Q1,tcs,2.1274001016289623,comp_index_gpt4_dYoY_x100,DOL OFLC LCA disclosure data; https://www.dol.gov/agencies/eta/foreign-labor/performance
2020Q1,techm,-0.8934256970723808,comp_index_gpt4_dYoY_x100,DOL OFLC LCA disclosure data; https://www.dol.gov/agencies/eta/foreign-labor/performance
2020Q1,wipro,-0.6317471501225524,comp_index_gpt4_dYoY_x100,DOL OFLC LCA disclosure data; https://www.dol.gov/agencies/eta/foreign-labor/performance
2020Q1,pooled8,-0.9475997649276979,comp_index_gpt4_dYoY_x100,DOL OFLC LCA disclosure data; https://www.dol.gov/agencies/eta/foreign-labor/performance
2020Q2,accenture,0.39016988808382447,comp_index_gpt4_dYoY_x100,DOL OFLC LCA disclosure data; https://www.dol.gov/agencies/eta/foreign-labor/performance
2020Q2,capgemini,1.1634062547902557,comp_index_gpt4_dYoY_x100,DOL OFLC LCA disclosure data; https://www.dol.gov/agencies/eta/foreign-labor/performance
2020Q2,coforge,0.5136500171508351,comp_index_gpt4_dYoY_x100,DOL OFLC LCA disclosure data; https://www.dol.gov/agencies/eta/foreign-labor/performance
2020Q2,cognizant,3.4680136427424957,comp_index_gpt4_dYoY_x100,DOL OFLC LCA disclosure data; https://www.dol.gov/agencies/eta/foreign-labor/performance
2020Q2,hcltech,-1.360859558769878,comp_index_gpt4_dYoY_x100,DOL OFLC LCA disclosure data; https://www.dol.gov/agencies/eta/foreign-labor/performance
2020Q2,hexaware,-1.662516222667254,comp_index_gpt4_dYoY_x100,DOL OFLC LCA disclosure data; https://www.dol.gov/agencies/eta/foreign-labor/performance
2020Q2,infosys,3.619733821208293,comp_index_gpt4_dYoY_x100,DOL OFLC LCA disclosure data; https://www.dol.gov/agencies/eta/foreign-labor/performance
2020Q2,ltim,0.3221292173391177,comp_index_gpt4_dYoY_x100,DOL OFLC LCA disclosure data; https://www.dol.gov/agencies/eta/foreign-labor/performance
2020Q2,mphasis,0.5315326256716935,comp_index_gpt4_dYoY_x100,DOL OFLC LCA disclosure data; https://www.dol.gov/agencies/eta/foreign-labor/performance
2020Q2,persistent,4.307468453774255,comp_index_gpt4_dYoY_x100,DOL OFLC LCA disclosure data; https://www.dol.gov/agencies/eta/foreign-labor/performance
2020Q2,tcs,0.4658922185231118,comp_index_gpt4_dYoY_x100,DOL OFLC LCA disclosure data; https://www.dol.gov/agencies/eta/foreign-labor/performance
2020Q2,techm,0.23046954083862925,comp_index_gpt4_dYoY_x100,DOL OFLC LCA disclosure data; https://www.dol.gov/agencies/eta/foreign-labor/performance
2020Q2,wipro,-0.7714989671605887,comp_index_gpt4_dYoY_x100,DOL OFLC LCA disclosure data; https://www.dol.gov/agencies/eta/foreign-labor/performance
2020Q2,pooled8,2.014077643772816,comp_index_gpt4_dYoY_x100,DOL OFLC LCA disclosure data; https://www.dol.gov/agencies/eta/foreign-labor/performance
2020Q3,accenture,0.709865775218943,comp_index_gpt4_dYoY_x100,DOL OFLC LCA disclosure data; https://www.dol.gov/agencies/eta/foreign-labor/performance
2020Q3,capgemini,1.6968931945343213,comp_index_gpt4_dYoY_x100,DOL OFLC LCA disclosure data; https://www.dol.gov/agencies/eta/foreign-labor/performance
2020Q3,coforge,1.8685576888767486,comp_index_gpt4_dYoY_x100,DOL OFLC LCA disclosure data; https://www.dol.gov/agencies/eta/foreign-labor/performance
2020Q3,cognizant,3.313231529612215,comp_index_gpt4_dYoY_x100,DOL OFLC LCA disclosure data; https://www.dol.gov/agencies/eta/foreign-labor/performance
2020Q3,hcltech,-1.3314862147494888,comp_index_gpt4_dYoY_x100,DOL OFLC LCA disclosure data; https://www.dol.gov/agencies/eta/foreign-labor/performance
2020Q3,hexaware,-1.042333525264283,comp_index_gpt4_dYoY_x100,DOL OFLC LCA disclosure data; https://www.dol.gov/agencies/eta/foreign-labor/performance
2020Q3,infosys,5.492583471073709,comp_index_gpt4_dYoY_x100,DOL OFLC LCA disclosure data; https://www.dol.gov/agencies/eta/foreign-labor/performance
2020Q3,ltim,0.18942595102963145,comp_index_gpt4_dYoY_x100,DOL OFLC LCA disclosure data; https://www.dol.gov/agencies/eta/foreign-labor/performance
2020Q3,mphasis,1.3932747435542625,comp_index_gpt4_dYoY_x100,DOL OFLC LCA disclosure data; https://www.dol.gov/agencies/eta/foreign-labor/performance
2020Q3,persistent,1.5257808265443984,comp_index_gpt4_dYoY_x100,DOL OFLC LCA disclosure data; https://www.dol.gov/agencies/eta/foreign-labor/performance
2020Q3,tcs,1.0126392941184559,comp_index_gpt4_dYoY_x100,DOL OFLC LCA disclosure data; https://www.dol.gov/agencies/eta/foreign-labor/performance
2020Q3,techm,0.33129971101214517,comp_index_gpt4_dYoY_x100,DOL OFLC LCA disclosure data; https://www.dol.gov/agencies/eta/foreign-labor/performance
2020Q3,wipro,-0.6797644991863638,comp_index_gpt4_dYoY_x100,DOL OFLC LCA disclosure data; https://www.dol.gov/agencies/eta/foreign-labor/performance
2020Q3,pooled8,2.2534996337717828,comp_index_gpt4_dYoY_x100,DOL OFLC LCA disclosure data; https://www.dol.gov/agencies/eta/foreign-labor/performance
2020Q4,accenture,0.9533406366290964,comp_index_gpt4_dYoY_x100,DOL OFLC LCA disclosure data; https://www.dol.gov/agencies/eta/foreign-labor/performance
2020Q4,capgemini,1.5675352748465876,comp_index_gpt4_dYoY_x100,DOL OFLC LCA disclosure data; https://www.dol.gov/agencies/eta/foreign-labor/performance
2020Q4,coforge,2.0802373848517686,comp_index_gpt4_dYoY_x100,DOL OFLC LCA disclosure data; https://www.dol.gov/agencies/eta/foreign-labor/performance
2020Q4,cognizant,3.720318635053377,comp_index_gpt4_dYoY_x100,DOL OFLC LCA disclosure data; https://www.dol.gov/agencies/eta/foreign-labor/performance
2020Q4,hcltech,-0.8795066600743917,comp_index_gpt4_dYoY_x100,DOL OFLC LCA disclosure data; https://www.dol.gov/agencies/eta/foreign-labor/performance
2020Q4,hexaware,-0.5977548558058765,comp_index_gpt4_dYoY_x100,DOL OFLC LCA disclosure data; https://www.dol.gov/agencies/eta/foreign-labor/performance
2020Q4,infosys,6.8793561665068665,comp_index_gpt4_dYoY_x100,DOL OFLC LCA disclosure data; https://www.dol.gov/agencies/eta/foreign-labor/performance
2020Q4,ltim,-0.22714105038602606,comp_index_gpt4_dYoY_x100,DOL OFLC LCA disclosure data; https://www.dol.gov/agencies/eta/foreign-labor/performance
2020Q4,mphasis,1.1042755095663215,comp_index_gpt4_dYoY_x100,DOL OFLC LCA disclosure data; https://www.dol.gov/agencies/eta/foreign-labor/performance
2020Q4,persistent,-0.5167821145524276,comp_index_gpt4_dYoY_x100,DOL OFLC LCA disclosure data; https://www.dol.gov/agencies/eta/foreign-labor/performance
2020Q4,tcs,0.7855151655942416,comp_index_gpt4_dYoY_x100,DOL OFLC LCA disclosure data; https://www.dol.gov/agencies/eta/foreign-labor/performance
2020Q4,techm,0.9484333296602143,comp_index_gpt4_dYoY_x100,DOL OFLC LCA disclosure data; https://www.dol.gov/agencies/eta/foreign-labor/performance
2020Q4,wipro,-0.5565419283871331,comp_index_gpt4_dYoY_x100,DOL OFLC LCA disclosure data; https://www.dol.gov/agencies/eta/foreign-labor/performance
2020Q4,pooled8,3.533449541168021,comp_index_gpt4_dYoY_x100,DOL OFLC LCA disclosure data; https://www.dol.gov/agencies/eta/foreign-labor/performance
2021Q1,accenture,0.5480569351699605,comp_index_gpt4_dYoY_x100,DOL OFLC LCA disclosure data; https://www.dol.gov/agencies/eta/foreign-labor/performance
2021Q1,capgemini,0.37296990296049604,comp_index_gpt4_dYoY_x100,DOL OFLC LCA disclosure data; https://www.dol.gov/agencies/eta/foreign-labor/performance
2021Q1,coforge,1.3015167508383163,comp_index_gpt4_dYoY_x100,DOL OFLC LCA disclosure data; https://www.dol.gov/agencies/eta/foreign-labor/performance
2021Q1,cognizant,3.471575737599941,comp_index_gpt4_dYoY_x100,DOL OFLC LCA disclosure data; https://www.dol.gov/agencies/eta/foreign-labor/performance
2021Q1,hcltech,-0.66373581461866,comp_index_gpt4_dYoY_x100,DOL OFLC LCA disclosure data; https://www.dol.gov/agencies/eta/foreign-labor/performance
2021Q1,hexaware,-1.375759927946818,comp_index_gpt4_dYoY_x100,DOL OFLC LCA disclosure data; https://www.dol.gov/agencies/eta/foreign-labor/performance
2021Q1,infosys,7.41349343204768,comp_index_gpt4_dYoY_x100,DOL OFLC LCA disclosure data; https://www.dol.gov/agencies/eta/foreign-labor/performance
2021Q1,ltim,-0.3356277934317142,comp_index_gpt4_dYoY_x100,DOL OFLC LCA disclosure data; https://www.dol.gov/agencies/eta/foreign-labor/performance
2021Q1,mphasis,1.424965605897155,comp_index_gpt4_dYoY_x100,DOL OFLC LCA disclosure data; https://www.dol.gov/agencies/eta/foreign-labor/performance
2021Q1,persistent,-0.1281580915726388,comp_index_gpt4_dYoY_x100,DOL OFLC LCA disclosure data; https://www.dol.gov/agencies/eta/foreign-labor/performance
2021Q1,tcs,-1.8469451982141782,comp_index_gpt4_dYoY_x100,DOL OFLC LCA disclosure data; https://www.dol.gov/agencies/eta/foreign-labor/performance
2021Q1,techm,2.3223480813690633,comp_index_gpt4_dYoY_x100,DOL OFLC LCA disclosure data; https://www.dol.gov/agencies/eta/foreign-labor/performance
2021Q1,wipro,2.698842645529509,comp_index_gpt4_dYoY_x100,DOL OFLC LCA disclosure data; https://www.dol.gov/agencies/eta/foreign-labor/performance
2021Q1,pooled8,4.458195339721927,comp_index_gpt4_dYoY_x100,DOL OFLC LCA disclosure data; https://www.dol.gov/agencies/eta/foreign-labor/performance
2021Q2,accenture,0.823228177077262,comp_index_gpt4_dYoY_x100,DOL OFLC LCA disclosure data; https://www.dol.gov/agencies/eta/foreign-labor/performance
2021Q2,capgemini,0.8720914938518121,comp_index_gpt4_dYoY_x100,DOL OFLC LCA disclosure data; https://www.dol.gov/agencies/eta/foreign-labor/performance
2021Q2,coforge,0.7338349281073908,comp_index_gpt4_dYoY_x100,DOL OFLC LCA disclosure data; https://www.dol.gov/agencies/eta/foreign-labor/performance
2021Q2,cognizant,-2.074725564647528,comp_index_gpt4_dYoY_x100,DOL OFLC LCA disclosure data; https://www.dol.gov/agencies/eta/foreign-labor/performance
2021Q2,hcltech,0.4611485822425321,comp_index_gpt4_dYoY_x100,DOL OFLC LCA disclosure data; https://www.dol.gov/agencies/eta/foreign-labor/performance
2021Q2,hexaware,-0.7907056046096761,comp_index_gpt4_dYoY_x100,DOL OFLC LCA disclosure data; https://www.dol.gov/agencies/eta/foreign-labor/performance
2021Q2,infosys,3.445474747946631,comp_index_gpt4_dYoY_x100,DOL OFLC LCA disclosure data; https://www.dol.gov/agencies/eta/foreign-labor/performance
2021Q2,ltim,-0.48951100834484507,comp_index_gpt4_dYoY_x100,DOL OFLC LCA disclosure data; https://www.dol.gov/agencies/eta/foreign-labor/performance
2021Q2,mphasis,0.1714439206542573,comp_index_gpt4_dYoY_x100,DOL OFLC LCA disclosure data; https://www.dol.gov/agencies/eta/foreign-labor/performance
2021Q2,persistent,-3.056982515809925,comp_index_gpt4_dYoY_x100,DOL OFLC LCA disclosure data; https://www.dol.gov/agencies/eta/foreign-labor/performance
2021Q2,tcs,-0.2711974948609419,comp_index_gpt4_dYoY_x100,DOL OFLC LCA disclosure data; https://www.dol.gov/agencies/eta/foreign-labor/performance
2021Q2,techm,1.2050357302946457,comp_index_gpt4_dYoY_x100,DOL OFLC LCA disclosure data; https://www.dol.gov/agencies/eta/foreign-labor/performance
2021Q2,wipro,1.6547954827665912,comp_index_gpt4_dYoY_x100,DOL OFLC LCA disclosure data; https://www.dol.gov/agencies/eta/foreign-labor/performance
2021Q2,pooled8,0.8282156662945961,comp_index_gpt4_dYoY_x100,DOL OFLC LCA disclosure data; https://www.dol.gov/agencies/eta/foreign-labor/performance
2021Q3,accenture,0.04378415791360668,comp_index_gpt4_dYoY_x100,DOL OFLC LCA disclosure data; https://www.dol.gov/agencies/eta/foreign-labor/performance
2021Q3,capgemini,0.542306141410942,comp_index_gpt4_dYoY_x100,DOL OFLC LCA disclosure data; https://www.dol.gov/agencies/eta/foreign-labor/performance
2021Q3,coforge,-0.11178055769169859,comp_index_gpt4_dYoY_x100,DOL OFLC LCA disclosure data; https://www.dol.gov/agencies/eta/foreign-labor/performance
2021Q3,cognizant,-1.8846107125119582,comp_index_gpt4_dYoY_x100,DOL OFLC LCA disclosure data; https://www.dol.gov/agencies/eta/foreign-labor/performance
2021Q3,hcltech,0.8057723560845997,comp_index_gpt4_dYoY_x100,DOL OFLC LCA disclosure data; https://www.dol.gov/agencies/eta/foreign-labor/performance
2021Q3,hexaware,-1.5639817819625312,comp_index_gpt4_dYoY_x100,DOL OFLC LCA disclosure data; https://www.dol.gov/agencies/eta/foreign-labor/performance
2021Q3,infosys,0.9311400172704043,comp_index_gpt4_dYoY_x100,DOL OFLC LCA disclosure data; https://www.dol.gov/agencies/eta/foreign-labor/performance
2021Q3,ltim,-0.7353327663878306,comp_index_gpt4_dYoY_x100,DOL OFLC LCA disclosure data; https://www.dol.gov/agencies/eta/foreign-labor/performance
2021Q3,mphasis,-1.1582974851941596,comp_index_gpt4_dYoY_x100,DOL OFLC LCA disclosure data; https://www.dol.gov/agencies/eta/foreign-labor/performance
2021Q3,persistent,-2.114610280220286,comp_index_gpt4_dYoY_x100,DOL OFLC LCA disclosure data; https://www.dol.gov/agencies/eta/foreign-labor/performance
2021Q3,tcs,-2.196814677369774,comp_index_gpt4_dYoY_x100,DOL OFLC LCA disclosure data; https://www.dol.gov/agencies/eta/foreign-labor/performance
2021Q3,techm,1.3344871839279016,comp_index_gpt4_dYoY_x100,DOL OFLC LCA disclosure data; https://www.dol.gov/agencies/eta/foreign-labor/performance
2021Q3,wipro,0.8065948586485239,comp_index_gpt4_dYoY_x100,DOL OFLC LCA disclosure data; https://www.dol.gov/agencies/eta/foreign-labor/performance
2021Q3,pooled8,1.1999467395371388,comp_index_gpt4_dYoY_x100,DOL OFLC LCA disclosure data; https://www.dol.gov/agencies/eta/foreign-labor/performance
2021Q4,accenture,-0.05044492301518044,comp_index_gpt4_dYoY_x100,DOL OFLC LCA disclosure data; https://www.dol.gov/agencies/eta/foreign-labor/performance
2021Q4,capgemini,0.838182039895552,comp_index_gpt4_dYoY_x100,DOL OFLC LCA disclosure data; https://www.dol.gov/agencies/eta/foreign-labor/performance
2021Q4,coforge,-0.11883327708706037,comp_index_gpt4_dYoY_x100,DOL OFLC LCA disclosure data; https://www.dol.gov/agencies/eta/foreign-labor/performance
2021Q4,cognizant,-2.9027911833358844,comp_index_gpt4_dYoY_x100,DOL OFLC LCA disclosure data; https://www.dol.gov/agencies/eta/foreign-labor/performance
2021Q4,hcltech,0.3354655248975824,comp_index_gpt4_dYoY_x100,DOL OFLC LCA disclosure data; https://www.dol.gov/agencies/eta/foreign-labor/performance
2021Q4,hexaware,-1.6117549098086825,comp_index_gpt4_dYoY_x100,DOL OFLC LCA disclosure data; https://www.dol.gov/agencies/eta/foreign-labor/performance
2021Q4,infosys,-0.8062247145138146,comp_index_gpt4_dYoY_x100,DOL OFLC LCA disclosure data; https://www.dol.gov/agencies/eta/foreign-labor/performance
2021Q4,ltim,-0.2863743007129438,comp_index_gpt4_dYoY_x100,DOL OFLC LCA disclosure data; https://www.dol.gov/agencies/eta/foreign-labor/performance
2021Q4,mphasis,-1.2784803592317484,comp_index_gpt4_dYoY_x100,DOL OFLC LCA disclosure data; https://www.dol.gov/agencies/eta/foreign-labor/performance
2021Q4,persistent,-0.9116291848130897,comp_index_gpt4_dYoY_x100,DOL OFLC LCA disclosure data; https://www.dol.gov/agencies/eta/foreign-labor/performance
2021Q4,tcs,-1.7036300898375933,comp_index_gpt4_dYoY_x100,DOL OFLC LCA disclosure data; https://www.dol.gov/agencies/eta/foreign-labor/performance
2021Q4,techm,0.8261465038512328,comp_index_gpt4_dYoY_x100,DOL OFLC LCA disclosure data; https://www.dol.gov/agencies/eta/foreign-labor/performance
2021Q4,wipro,0.41176228027717254,comp_index_gpt4_dYoY_x100,DOL OFLC LCA disclosure data; https://www.dol.gov/agencies/eta/foreign-labor/performance
2021Q4,pooled8,0.2040383152446923,comp_index_gpt4_dYoY_x100,DOL OFLC LCA disclosure data; https://www.dol.gov/agencies/eta/foreign-labor/performance
2022Q1,accenture,-0.2989032798891844,comp_index_gpt4_dYoY_x100,DOL OFLC LCA disclosure data; https://www.dol.gov/agencies/eta/foreign-labor/performance
2022Q1,capgemini,1.0772718720783447,comp_index_gpt4_dYoY_x100,DOL OFLC LCA disclosure data; https://www.dol.gov/agencies/eta/foreign-labor/performance
2022Q1,coforge,0.41360170550049924,comp_index_gpt4_dYoY_x100,DOL OFLC LCA disclosure data; https://www.dol.gov/agencies/eta/foreign-labor/performance
2022Q1,cognizant,-3.3501598641994645,comp_index_gpt4_dYoY_x100,DOL OFLC LCA disclosure data; https://www.dol.gov/agencies/eta/foreign-labor/performance
2022Q1,hcltech,0.17944704389365462,comp_index_gpt4_dYoY_x100,DOL OFLC LCA disclosure data; https://www.dol.gov/agencies/eta/foreign-labor/performance
2022Q1,hexaware,-0.7546016007447531,comp_index_gpt4_dYoY_x100,DOL OFLC LCA disclosure data; https://www.dol.gov/agencies/eta/foreign-labor/performance
2022Q1,infosys,-1.9776252506238157,comp_index_gpt4_dYoY_x100,DOL OFLC LCA disclosure data; https://www.dol.gov/agencies/eta/foreign-labor/performance
2022Q1,ltim,-0.30235488784438047,comp_index_gpt4_dYoY_x100,DOL OFLC LCA disclosure data; https://www.dol.gov/agencies/eta/foreign-labor/performance
2022Q1,mphasis,-0.8978870900821279,comp_index_gpt4_dYoY_x100,DOL OFLC LCA disclosure data; https://www.dol.gov/agencies/eta/foreign-labor/performance
2022Q1,persistent,0.46547556065383855,comp_index_gpt4_dYoY_x100,DOL OFLC LCA disclosure data; https://www.dol.gov/agencies/eta/foreign-labor/performance
2022Q1,tcs,-2.019784844342787,comp_index_gpt4_dYoY_x100,DOL OFLC LCA disclosure data; https://www.dol.gov/agencies/eta/foreign-labor/performance
2022Q1,techm,0.43425238913205044,comp_index_gpt4_dYoY_x100,DOL OFLC LCA disclosure data; https://www.dol.gov/agencies/eta/foreign-labor/performance
2022Q1,wipro,-1.1134293897736236,comp_index_gpt4_dYoY_x100,DOL OFLC LCA disclosure data; https://www.dol.gov/agencies/eta/foreign-labor/performance
2022Q1,pooled8,-0.9909992561051961,comp_index_gpt4_dYoY_x100,DOL OFLC LCA disclosure data; https://www.dol.gov/agencies/eta/foreign-labor/performance
2022Q2,accenture,-0.8733457304422432,comp_index_gpt4_dYoY_x100,DOL OFLC LCA disclosure data; https://www.dol.gov/agencies/eta/foreign-labor/performance
2022Q2,capgemini,0.6299100728746843,comp_index_gpt4_dYoY_x100,DOL OFLC LCA disclosure data; https://www.dol.gov/agencies/eta/foreign-labor/performance
2022Q2,coforge,0.35249860513851816,comp_index_gpt4_dYoY_x100,DOL OFLC LCA disclosure data; https://www.dol.gov/agencies/eta/foreign-labor/performance
2022Q2,cognizant,2.201854419288629,comp_index_gpt4_dYoY_x100,DOL OFLC LCA disclosure data; https://www.dol.gov/agencies/eta/foreign-labor/performance
2022Q2,hcltech,-0.2560030006532932,comp_index_gpt4_dYoY_x100,DOL OFLC LCA disclosure data; https://www.dol.gov/agencies/eta/foreign-labor/performance
2022Q2,hexaware,1.2709588979983977,comp_index_gpt4_dYoY_x100,DOL OFLC LCA disclosure data; https://www.dol.gov/agencies/eta/foreign-labor/performance
2022Q2,infosys,-1.154758482962348,comp_index_gpt4_dYoY_x100,DOL OFLC LCA disclosure data; https://www.dol.gov/agencies/eta/foreign-labor/performance
2022Q2,ltim,0.3191154507388494,comp_index_gpt4_dYoY_x100,DOL OFLC LCA disclosure data; https://www.dol.gov/agencies/eta/foreign-labor/performance
2022Q2,mphasis,-0.591856282616765,comp_index_gpt4_dYoY_x100,DOL OFLC LCA disclosure data; https://www.dol.gov/agencies/eta/foreign-labor/performance
2022Q2,persistent,1.0231608983668594,comp_index_gpt4_dYoY_x100,DOL OFLC LCA disclosure data; https://www.dol.gov/agencies/eta/foreign-labor/performance
2022Q2,tcs,-2.1210562764153007,comp_index_gpt4_dYoY_x100,DOL OFLC LCA disclosure data; https://www.dol.gov/agencies/eta/foreign-labor/performance
2022Q2,techm,-0.21395643530432995,comp_index_gpt4_dYoY_x100,DOL OFLC LCA disclosure data; https://www.dol.gov/agencies/eta/foreign-labor/performance
2022Q2,wipro,-1.8282072109846448,comp_index_gpt4_dYoY_x100,DOL OFLC LCA disclosure data; https://www.dol.gov/agencies/eta/foreign-labor/performance
2022Q2,pooled8,0.7956492310766783,comp_index_gpt4_dYoY_x100,DOL OFLC LCA disclosure data; https://www.dol.gov/agencies/eta/foreign-labor/performance
2022Q3,accenture,-0.7862269273829048,comp_index_gpt4_dYoY_x100,DOL OFLC LCA disclosure data; https://www.dol.gov/agencies/eta/foreign-labor/performance
2022Q3,capgemini,0.35603410312813333,comp_index_gpt4_dYoY_x100,DOL OFLC LCA disclosure data; https://www.dol.gov/agencies/eta/foreign-labor/performance
2022Q3,coforge,0.5144462238451997,comp_index_gpt4_dYoY_x100,DOL OFLC LCA disclosure data; https://www.dol.gov/agencies/eta/foreign-labor/performance
2022Q3,cognizant,2.3886952141034756,comp_index_gpt4_dYoY_x100,DOL OFLC LCA disclosure data; https://www.dol.gov/agencies/eta/foreign-labor/performance
2022Q3,hcltech,-0.9541151018710226,comp_index_gpt4_dYoY_x100,DOL OFLC LCA disclosure data; https://www.dol.gov/agencies/eta/foreign-labor/performance
2022Q3,hexaware,1.404043182790049,comp_index_gpt4_dYoY_x100,DOL OFLC LCA disclosure data; https://www.dol.gov/agencies/eta/foreign-labor/performance
2022Q3,infosys,-0.960154846850847,comp_index_gpt4_dYoY_x100,DOL OFLC LCA disclosure data; https://www.dol.gov/agencies/eta/foreign-labor/performance
2022Q3,ltim,0.39438924917999385,comp_index_gpt4_dYoY_x100,DOL OFLC LCA disclosure data; https://www.dol.gov/agencies/eta/foreign-labor/performance
2022Q3,mphasis,0.7147772017467191,comp_index_gpt4_dYoY_x100,DOL OFLC LCA disclosure data; https://www.dol.gov/agencies/eta/foreign-labor/performance
2022Q3,persistent,0.45158686573305573,comp_index_gpt4_dYoY_x100,DOL OFLC LCA disclosure data; https://www.dol.gov/agencies/eta/foreign-labor/performance
2022Q3,tcs,-0.0212347321485451,comp_index_gpt4_dYoY_x100,DOL OFLC LCA disclosure data; https://www.dol.gov/agencies/eta/foreign-labor/performance
2022Q3,techm,-1.167464364177584,comp_index_gpt4_dYoY_x100,DOL OFLC LCA disclosure data; https://www.dol.gov/agencies/eta/foreign-labor/performance
2022Q3,wipro,-2.1758549217691714,comp_index_gpt4_dYoY_x100,DOL OFLC LCA disclosure data; https://www.dol.gov/agencies/eta/foreign-labor/performance
2022Q3,pooled8,0.08218709885609021,comp_index_gpt4_dYoY_x100,DOL OFLC LCA disclosure data; https://www.dol.gov/agencies/eta/foreign-labor/performance
2022Q4,accenture,-1.9537959894996737,comp_index_gpt4_dYoY_x100,DOL OFLC LCA disclosure data; https://www.dol.gov/agencies/eta/foreign-labor/performance
2022Q4,capgemini,0.04718457929260289,comp_index_gpt4_dYoY_x100,DOL OFLC LCA disclosure data; https://www.dol.gov/agencies/eta/foreign-labor/performance
2022Q4,coforge,0.3705887789071771,comp_index_gpt4_dYoY_x100,DOL OFLC LCA disclosure data; https://www.dol.gov/agencies/eta/foreign-labor/performance
2022Q4,cognizant,3.023099975424892,comp_index_gpt4_dYoY_x100,DOL OFLC LCA disclosure data; https://www.dol.gov/agencies/eta/foreign-labor/performance
2022Q4,hcltech,-1.0333334561482777,comp_index_gpt4_dYoY_x100,DOL OFLC LCA disclosure data; https://www.dol.gov/agencies/eta/foreign-labor/performance
2022Q4,hexaware,1.9358007595147497,comp_index_gpt4_dYoY_x100,DOL OFLC LCA disclosure data; https://www.dol.gov/agencies/eta/foreign-labor/performance
2022Q4,infosys,-0.8699418067902198,comp_index_gpt4_dYoY_x100,DOL OFLC LCA disclosure data; https://www.dol.gov/agencies/eta/foreign-labor/performance
2022Q4,ltim,-0.08329357416673178,comp_index_gpt4_dYoY_x100,DOL OFLC LCA disclosure data; https://www.dol.gov/agencies/eta/foreign-labor/performance
2022Q4,mphasis,0.7528811140522285,comp_index_gpt4_dYoY_x100,DOL OFLC LCA disclosure data; https://www.dol.gov/agencies/eta/foreign-labor/performance
2022Q4,persistent,-0.27101123470749666,comp_index_gpt4_dYoY_x100,DOL OFLC LCA disclosure data; https://www.dol.gov/agencies/eta/foreign-labor/performance
2022Q4,tcs,-0.31665165674151785,comp_index_gpt4_dYoY_x100,DOL OFLC LCA disclosure data; https://www.dol.gov/agencies/eta/foreign-labor/performance
2022Q4,techm,-1.8593249379741938,comp_index_gpt4_dYoY_x100,DOL OFLC LCA disclosure data; https://www.dol.gov/agencies/eta/foreign-labor/performance
2022Q4,wipro,-2.953945810740888,comp_index_gpt4_dYoY_x100,DOL OFLC LCA disclosure data; https://www.dol.gov/agencies/eta/foreign-labor/performance
2022Q4,pooled8,-0.22931167483114523,comp_index_gpt4_dYoY_x100,DOL OFLC LCA disclosure data; https://www.dol.gov/agencies/eta/foreign-labor/performance
2023Q1,accenture,-2.0516054796538397,comp_index_gpt4_dYoY_x100,DOL OFLC LCA disclosure data; https://www.dol.gov/agencies/eta/foreign-labor/performance
2023Q1,capgemini,-0.2280563203491459,comp_index_gpt4_dYoY_x100,DOL OFLC LCA disclosure data; https://www.dol.gov/agencies/eta/foreign-labor/performance
2023Q1,coforge,0.5191569649299121,comp_index_gpt4_dYoY_x100,DOL OFLC LCA disclosure data; https://www.dol.gov/agencies/eta/foreign-labor/performance
2023Q1,cognizant,3.4444608142680577,comp_index_gpt4_dYoY_x100,DOL OFLC LCA disclosure data; https://www.dol.gov/agencies/eta/foreign-labor/performance
2023Q1,hcltech,-1.2930784279116425,comp_index_gpt4_dYoY_x100,DOL OFLC LCA disclosure data; https://www.dol.gov/agencies/eta/foreign-labor/performance
2023Q1,hexaware,1.8454003588598167,comp_index_gpt4_dYoY_x100,DOL OFLC LCA disclosure data; https://www.dol.gov/agencies/eta/foreign-labor/performance
2023Q1,infosys,-0.8031480808141866,comp_index_gpt4_dYoY_x100,DOL OFLC LCA disclosure data; https://www.dol.gov/agencies/eta/foreign-labor/performance
2023Q1,ltim,-0.3317978644898134,comp_index_gpt4_dYoY_x100,DOL OFLC LCA disclosure data; https://www.dol.gov/agencies/eta/foreign-labor/performance
2023Q1,mphasis,0.47410775298133423,comp_index_gpt4_dYoY_x100,DOL OFLC LCA disclosure data; https://www.dol.gov/agencies/eta/foreign-labor/performance
2023Q1,persistent,-1.370923963438353,comp_index_gpt4_dYoY_x100,DOL OFLC LCA disclosure data; https://www.dol.gov/agencies/eta/foreign-labor/performance
2023Q1,tcs,-0.005908316810843139,comp_index_gpt4_dYoY_x100,DOL OFLC LCA disclosure data; https://www.dol.gov/agencies/eta/foreign-labor/performance
2023Q1,techm,-1.937053718959103,comp_index_gpt4_dYoY_x100,DOL OFLC LCA disclosure data; https://www.dol.gov/agencies/eta/foreign-labor/performance
2023Q1,wipro,-2.54739760154008,comp_index_gpt4_dYoY_x100,DOL OFLC LCA disclosure data; https://www.dol.gov/agencies/eta/foreign-labor/performance
2023Q1,pooled8,-0.08302709721560442,comp_index_gpt4_dYoY_x100,DOL OFLC LCA disclosure data; https://www.dol.gov/agencies/eta/foreign-labor/performance
2023Q2,accenture,-1.978074914041561,comp_index_gpt4_dYoY_x100,DOL OFLC LCA disclosure data; https://www.dol.gov/agencies/eta/foreign-labor/performance
2023Q2,capgemini,-0.6857909775867421,comp_index_gpt4_dYoY_x100,DOL OFLC LCA disclosure data; https://www.dol.gov/agencies/eta/foreign-labor/performance
2023Q2,coforge,1.144810495416826,comp_index_gpt4_dYoY_x100,DOL OFLC LCA disclosure data; https://www.dol.gov/agencies/eta/foreign-labor/performance
2023Q2,cognizant,0.5017309191920005,comp_index_gpt4_dYoY_x100,DOL OFLC LCA disclosure data; https://www.dol.gov/agencies/eta/foreign-labor/performance
2023Q2,hcltech,-1.9291671809537947,comp_index_gpt4_dYoY_x100,DOL OFLC LCA disclosure data; https://www.dol.gov/agencies/eta/foreign-labor/performance
2023Q2,hexaware,-0.6167103301338628,comp_index_gpt4_dYoY_x100,DOL OFLC LCA disclosure data; https://www.dol.gov/agencies/eta/foreign-labor/performance
2023Q2,infosys,-1.7448329274903251,comp_index_gpt4_dYoY_x100,DOL OFLC LCA disclosure data; https://www.dol.gov/agencies/eta/foreign-labor/performance
2023Q2,ltim,-1.0047523084492749,comp_index_gpt4_dYoY_x100,DOL OFLC LCA disclosure data; https://www.dol.gov/agencies/eta/foreign-labor/performance
2023Q2,mphasis,0.8233203818343693,comp_index_gpt4_dYoY_x100,DOL OFLC LCA disclosure data; https://www.dol.gov/agencies/eta/foreign-labor/performance
2023Q2,persistent,-1.9771637175093115,comp_index_gpt4_dYoY_x100,DOL OFLC LCA disclosure data; https://www.dol.gov/agencies/eta/foreign-labor/performance
2023Q2,tcs,0.29951126182484744,comp_index_gpt4_dYoY_x100,DOL OFLC LCA disclosure data; https://www.dol.gov/agencies/eta/foreign-labor/performance
2023Q2,techm,-1.3337773049153623,comp_index_gpt4_dYoY_x100,DOL OFLC LCA disclosure data; https://www.dol.gov/agencies/eta/foreign-labor/performance
2023Q2,wipro,-2.8157472082010138,comp_index_gpt4_dYoY_x100,DOL OFLC LCA disclosure data; https://www.dol.gov/agencies/eta/foreign-labor/performance
2023Q2,pooled8,-1.034919600289519,comp_index_gpt4_dYoY_x100,DOL OFLC LCA disclosure data; https://www.dol.gov/agencies/eta/foreign-labor/performance
2023Q3,accenture,-2.924711908195987,comp_index_gpt4_dYoY_x100,DOL OFLC LCA disclosure data; https://www.dol.gov/agencies/eta/foreign-labor/performance
2023Q3,capgemini,-0.19091118664598117,comp_index_gpt4_dYoY_x100,DOL OFLC LCA disclosure data; https://www.dol.gov/agencies/eta/foreign-labor/performance
2023Q3,coforge,1.9636143967239006,comp_index_gpt4_dYoY_x100,DOL OFLC LCA disclosure data; https://www.dol.gov/agencies/eta/foreign-labor/performance
2023Q3,cognizant,1.8788958294792102,comp_index_gpt4_dYoY_x100,DOL OFLC LCA disclosure data; https://www.dol.gov/agencies/eta/foreign-labor/performance
2023Q3,hcltech,-1.5226515735850654,comp_index_gpt4_dYoY_x100,DOL OFLC LCA disclosure data; https://www.dol.gov/agencies/eta/foreign-labor/performance
2023Q3,hexaware,0.2563428954378222,comp_index_gpt4_dYoY_x100,DOL OFLC LCA disclosure data; https://www.dol.gov/agencies/eta/foreign-labor/performance
2023Q3,infosys,-1.240546676889842,comp_index_gpt4_dYoY_x100,DOL OFLC LCA disclosure data; https://www.dol.gov/agencies/eta/foreign-labor/performance
2023Q3,ltim,-1.1304796252027072,comp_index_gpt4_dYoY_x100,DOL OFLC LCA disclosure data; https://www.dol.gov/agencies/eta/foreign-labor/performance
2023Q3,mphasis,-0.08307001782020818,comp_index_gpt4_dYoY_x100,DOL OFLC LCA disclosure data; https://www.dol.gov/agencies/eta/foreign-labor/performance
2023Q3,persistent,-1.5916527489404642,comp_index_gpt4_dYoY_x100,DOL OFLC LCA disclosure data; https://www.dol.gov/agencies/eta/foreign-labor/performance
2023Q3,tcs,-0.7316893089751031,comp_index_gpt4_dYoY_x100,DOL OFLC LCA disclosure data; https://www.dol.gov/agencies/eta/foreign-labor/performance
2023Q3,techm,-0.8178752497653097,comp_index_gpt4_dYoY_x100,DOL OFLC LCA disclosure data; https://www.dol.gov/agencies/eta/foreign-labor/performance
2023Q3,wipro,-1.9129539675211693,comp_index_gpt4_dYoY_x100,DOL OFLC LCA disclosure data; https://www.dol.gov/agencies/eta/foreign-labor/performance
2023Q3,pooled8,-0.6742958693711221,comp_index_gpt4_dYoY_x100,DOL OFLC LCA disclosure data; https://www.dol.gov/agencies/eta/foreign-labor/performance
2023Q4,accenture,-1.4587552121733127,comp_index_gpt4_dYoY_x100,DOL OFLC LCA disclosure data; https://www.dol.gov/agencies/eta/foreign-labor/performance
2023Q4,capgemini,-0.1166332230598921,comp_index_gpt4_dYoY_x100,DOL OFLC LCA disclosure data; https://www.dol.gov/agencies/eta/foreign-labor/performance
2023Q4,coforge,1.95540992816019,comp_index_gpt4_dYoY_x100,DOL OFLC LCA disclosure data; https://www.dol.gov/agencies/eta/foreign-labor/performance
2023Q4,cognizant,3.024393480491938,comp_index_gpt4_dYoY_x100,DOL OFLC LCA disclosure data; https://www.dol.gov/agencies/eta/foreign-labor/performance
2023Q4,hcltech,-0.9238496124188256,comp_index_gpt4_dYoY_x100,DOL OFLC LCA disclosure data; https://www.dol.gov/agencies/eta/foreign-labor/performance
2023Q4,hexaware,0.32041318638870164,comp_index_gpt4_dYoY_x100,DOL OFLC LCA disclosure data; https://www.dol.gov/agencies/eta/foreign-labor/performance
2023Q4,infosys,-0.9683898816229108,comp_index_gpt4_dYoY_x100,DOL OFLC LCA disclosure data; https://www.dol.gov/agencies/eta/foreign-labor/performance
2023Q4,ltim,-0.9576845157691194,comp_index_gpt4_dYoY_x100,DOL OFLC LCA disclosure data; https://www.dol.gov/agencies/eta/foreign-labor/performance
2023Q4,mphasis,-0.2542818021204596,comp_index_gpt4_dYoY_x100,DOL OFLC LCA disclosure data; https://www.dol.gov/agencies/eta/foreign-labor/performance
2023Q4,persistent,-1.4853363855463875,comp_index_gpt4_dYoY_x100,DOL OFLC LCA disclosure data; https://www.dol.gov/agencies/eta/foreign-labor/performance
2023Q4,tcs,-0.8188127304544435,comp_index_gpt4_dYoY_x100,DOL OFLC LCA disclosure data; https://www.dol.gov/agencies/eta/foreign-labor/performance
2023Q4,techm,-0.30260826183253764,comp_index_gpt4_dYoY_x100,DOL OFLC LCA disclosure data; https://www.dol.gov/agencies/eta/foreign-labor/performance
2023Q4,wipro,-1.0401243387657022,comp_index_gpt4_dYoY_x100,DOL OFLC LCA disclosure data; https://www.dol.gov/agencies/eta/foreign-labor/performance
2023Q4,pooled8,0.1362098494032571,comp_index_gpt4_dYoY_x100,DOL OFLC LCA disclosure data; https://www.dol.gov/agencies/eta/foreign-labor/performance
2024Q1,accenture,-1.0892363376135306,comp_index_gpt4_dYoY_x100,DOL OFLC LCA disclosure data; https://www.dol.gov/agencies/eta/foreign-labor/performance
2024Q1,capgemini,0.07905064875524115,comp_index_gpt4_dYoY_x100,DOL OFLC LCA disclosure data; https://www.dol.gov/agencies/eta/foreign-labor/performance
2024Q1,coforge,2.4237646483575737,comp_index_gpt4_dYoY_x100,DOL OFLC LCA disclosure data; https://www.dol.gov/agencies/eta/foreign-labor/performance
2024Q1,cognizant,4.548343996280768,comp_index_gpt4_dYoY_x100,DOL OFLC LCA disclosure data; https://www.dol.gov/agencies/eta/foreign-labor/performance
2024Q1,hcltech,-0.3342602375215442,comp_index_gpt4_dYoY_x100,DOL OFLC LCA disclosure data; https://www.dol.gov/agencies/eta/foreign-labor/performance
2024Q1,hexaware,1.0330923498978128,comp_index_gpt4_dYoY_x100,DOL OFLC LCA disclosure data; https://www.dol.gov/agencies/eta/foreign-labor/performance
2024Q1,infosys,-0.582295660309684,comp_index_gpt4_dYoY_x100,DOL OFLC LCA disclosure data; https://www.dol.gov/agencies/eta/foreign-labor/performance
2024Q1,ltim,-0.4176228066482546,comp_index_gpt4_dYoY_x100,DOL OFLC LCA disclosure data; https://www.dol.gov/agencies/eta/foreign-labor/performance
2024Q1,mphasis,0.08169080634119474,comp_index_gpt4_dYoY_x100,DOL OFLC LCA disclosure data; https://www.dol.gov/agencies/eta/foreign-labor/performance
2024Q1,persistent,-1.8003639742084743,comp_index_gpt4_dYoY_x100,DOL OFLC LCA disclosure data; https://www.dol.gov/agencies/eta/foreign-labor/performance
2024Q1,tcs,-1.1570347812727033,comp_index_gpt4_dYoY_x100,DOL OFLC LCA disclosure data; https://www.dol.gov/agencies/eta/foreign-labor/performance
2024Q1,techm,-0.5142820152763572,comp_index_gpt4_dYoY_x100,DOL OFLC LCA disclosure data; https://www.dol.gov/agencies/eta/foreign-labor/performance
2024Q1,wipro,-0.9090495484050165,comp_index_gpt4_dYoY_x100,DOL OFLC LCA disclosure data; https://www.dol.gov/agencies/eta/foreign-labor/performance
2024Q1,pooled8,1.0022283311227786,comp_index_gpt4_dYoY_x100,DOL OFLC LCA disclosure data; https://www.dol.gov/agencies/eta/foreign-labor/performance
2024Q2,accenture,-0.5722415981291196,comp_index_gpt4_dYoY_x100,DOL OFLC LCA disclosure data; https://www.dol.gov/agencies/eta/foreign-labor/performance
2024Q2,capgemini,0.9601598063656902,comp_index_gpt4_dYoY_x100,DOL OFLC LCA disclosure data; https://www.dol.gov/agencies/eta/foreign-labor/performance
2024Q2,coforge,1.9942662293390812,comp_index_gpt4_dYoY_x100,DOL OFLC LCA disclosure data; https://www.dol.gov/agencies/eta/foreign-labor/performance
2024Q2,cognizant,8.319027574137172,comp_index_gpt4_dYoY_x100,DOL OFLC LCA disclosure data; https://www.dol.gov/agencies/eta/foreign-labor/performance
2024Q2,hcltech,1.2342921872511181,comp_index_gpt4_dYoY_x100,DOL OFLC LCA disclosure data; https://www.dol.gov/agencies/eta/foreign-labor/performance
2024Q2,hexaware,2.3671000362542327,comp_index_gpt4_dYoY_x100,DOL OFLC LCA disclosure data; https://www.dol.gov/agencies/eta/foreign-labor/performance
2024Q2,infosys,0.15184472473425137,comp_index_gpt4_dYoY_x100,DOL OFLC LCA disclosure data; https://www.dol.gov/agencies/eta/foreign-labor/performance
2024Q2,ltim,-1.3927442827105785,comp_index_gpt4_dYoY_x100,DOL OFLC LCA disclosure data; https://www.dol.gov/agencies/eta/foreign-labor/performance
2024Q2,mphasis,-0.5455399971223129,comp_index_gpt4_dYoY_x100,DOL OFLC LCA disclosure data; https://www.dol.gov/agencies/eta/foreign-labor/performance
2024Q2,persistent,0.6333769026761193,comp_index_gpt4_dYoY_x100,DOL OFLC LCA disclosure data; https://www.dol.gov/agencies/eta/foreign-labor/performance
2024Q2,tcs,-1.6484646276063497,comp_index_gpt4_dYoY_x100,DOL OFLC LCA disclosure data; https://www.dol.gov/agencies/eta/foreign-labor/performance
2024Q2,techm,-1.2475653931861563,comp_index_gpt4_dYoY_x100,DOL OFLC LCA disclosure data; https://www.dol.gov/agencies/eta/foreign-labor/performance
2024Q2,wipro,0.18768714878492077,comp_index_gpt4_dYoY_x100,DOL OFLC LCA disclosure data; https://www.dol.gov/agencies/eta/foreign-labor/performance
2024Q2,pooled8,2.2449759265570024,comp_index_gpt4_dYoY_x100,DOL OFLC LCA disclosure data; https://www.dol.gov/agencies/eta/foreign-labor/performance
2024Q3,accenture,2.0102417788739557,comp_index_gpt4_dYoY_x100,DOL OFLC LCA disclosure data; https://www.dol.gov/agencies/eta/foreign-labor/performance
2024Q3,capgemini,0.49722224582791075,comp_index_gpt4_dYoY_x100,DOL OFLC LCA disclosure data; https://www.dol.gov/agencies/eta/foreign-labor/performance
2024Q3,coforge,1.3741700916474642,comp_index_gpt4_dYoY_x100,DOL OFLC LCA disclosure data; https://www.dol.gov/agencies/eta/foreign-labor/performance
2024Q3,cognizant,7.976724651007638,comp_index_gpt4_dYoY_x100,DOL OFLC LCA disclosure data; https://www.dol.gov/agencies/eta/foreign-labor/performance
2024Q3,hcltech,1.5374816093391308,comp_index_gpt4_dYoY_x100,DOL OFLC LCA disclosure data; https://www.dol.gov/agencies/eta/foreign-labor/performance
2024Q3,hexaware,2.1041428372050364,comp_index_gpt4_dYoY_x100,DOL OFLC LCA disclosure data; https://www.dol.gov/agencies/eta/foreign-labor/performance
2024Q3,infosys,0.07220342605586128,comp_index_gpt4_dYoY_x100,DOL OFLC LCA disclosure data; https://www.dol.gov/agencies/eta/foreign-labor/performance
2024Q3,ltim,-1.117305804726887,comp_index_gpt4_dYoY_x100,DOL OFLC LCA disclosure data; https://www.dol.gov/agencies/eta/foreign-labor/performance
2024Q3,mphasis,-0.67326343981291,comp_index_gpt4_dYoY_x100,DOL OFLC LCA disclosure data; https://www.dol.gov/agencies/eta/foreign-labor/performance
2024Q3,persistent,1.5963006517988876,comp_index_gpt4_dYoY_x100,DOL OFLC LCA disclosure data; https://www.dol.gov/agencies/eta/foreign-labor/performance
2024Q3,tcs,-1.1302732588421738,comp_index_gpt4_dYoY_x100,DOL OFLC LCA disclosure data; https://www.dol.gov/agencies/eta/foreign-labor/performance
2024Q3,techm,-1.554620171350507,comp_index_gpt4_dYoY_x100,DOL OFLC LCA disclosure data; https://www.dol.gov/agencies/eta/foreign-labor/performance
2024Q3,wipro,-0.00555923801700553,comp_index_gpt4_dYoY_x100,DOL OFLC LCA disclosure data; https://www.dol.gov/agencies/eta/foreign-labor/performance
2024Q3,pooled8,2.598361847505104,comp_index_gpt4_dYoY_x100,DOL OFLC LCA disclosure data; https://www.dol.gov/agencies/eta/foreign-labor/performance
2024Q4,accenture,1.837124250662736,comp_index_gpt4_dYoY_x100,DOL OFLC LCA disclosure data; https://www.dol.gov/agencies/eta/foreign-labor/performance
2024Q4,capgemini,0.5073559121943294,comp_index_gpt4_dYoY_x100,DOL OFLC LCA disclosure data; https://www.dol.gov/agencies/eta/foreign-labor/performance
2024Q4,coforge,1.678352920798143,comp_index_gpt4_dYoY_x100,DOL OFLC LCA disclosure data; https://www.dol.gov/agencies/eta/foreign-labor/performance
2024Q4,cognizant,6.571636551530613,comp_index_gpt4_dYoY_x100,DOL OFLC LCA disclosure data; https://www.dol.gov/agencies/eta/foreign-labor/performance
2024Q4,hcltech,1.357353218423274,comp_index_gpt4_dYoY_x100,DOL OFLC LCA disclosure data; https://www.dol.gov/agencies/eta/foreign-labor/performance
2024Q4,hexaware,1.5860048957268225,comp_index_gpt4_dYoY_x100,DOL OFLC LCA disclosure data; https://www.dol.gov/agencies/eta/foreign-labor/performance
2024Q4,infosys,0.18657706856354261,comp_index_gpt4_dYoY_x100,DOL OFLC LCA disclosure data; https://www.dol.gov/agencies/eta/foreign-labor/performance
2024Q4,ltim,-0.9702524103401777,comp_index_gpt4_dYoY_x100,DOL OFLC LCA disclosure data; https://www.dol.gov/agencies/eta/foreign-labor/performance
2024Q4,mphasis,-0.7825664823240097,comp_index_gpt4_dYoY_x100,DOL OFLC LCA disclosure data; https://www.dol.gov/agencies/eta/foreign-labor/performance
2024Q4,persistent,2.7411384864768795,comp_index_gpt4_dYoY_x100,DOL OFLC LCA disclosure data; https://www.dol.gov/agencies/eta/foreign-labor/performance
2024Q4,tcs,-1.0855449563499375,comp_index_gpt4_dYoY_x100,DOL OFLC LCA disclosure data; https://www.dol.gov/agencies/eta/foreign-labor/performance
2024Q4,techm,-1.5242436145950222,comp_index_gpt4_dYoY_x100,DOL OFLC LCA disclosure data; https://www.dol.gov/agencies/eta/foreign-labor/performance
2024Q4,wipro,-0.1225279372513488,comp_index_gpt4_dYoY_x100,DOL OFLC LCA disclosure data; https://www.dol.gov/agencies/eta/foreign-labor/performance
2024Q4,pooled8,2.0948863568637566,comp_index_gpt4_dYoY_x100,DOL OFLC LCA disclosure data; https://www.dol.gov/agencies/eta/foreign-labor/performance
2025Q1,accenture,1.935538310410434,comp_index_gpt4_dYoY_x100,DOL OFLC LCA disclosure data; https://www.dol.gov/agencies/eta/foreign-labor/performance
2025Q1,capgemini,0.2921475059775913,comp_index_gpt4_dYoY_x100,DOL OFLC LCA disclosure data; https://www.dol.gov/agencies/eta/foreign-labor/performance
2025Q1,coforge,1.469054415720572,comp_index_gpt4_dYoY_x100,DOL OFLC LCA disclosure data; https://www.dol.gov/agencies/eta/foreign-labor/performance
2025Q1,cognizant,4.756571931118803,comp_index_gpt4_dYoY_x100,DOL OFLC LCA disclosure data; https://www.dol.gov/agencies/eta/foreign-labor/performance
2025Q1,hcltech,1.23527238538913,comp_index_gpt4_dYoY_x100,DOL OFLC LCA disclosure data; https://www.dol.gov/agencies/eta/foreign-labor/performance
2025Q1,hexaware,0.549931665490988,comp_index_gpt4_dYoY_x100,DOL OFLC LCA disclosure data; https://www.dol.gov/agencies/eta/foreign-labor/performance
2025Q1,infosys,0.08067073477003861,comp_index_gpt4_dYoY_x100,DOL OFLC LCA disclosure data; https://www.dol.gov/agencies/eta/foreign-labor/performance
2025Q1,ltim,-1.4588861531967368,comp_index_gpt4_dYoY_x100,DOL OFLC LCA disclosure data; https://www.dol.gov/agencies/eta/foreign-labor/performance
2025Q1,mphasis,-0.9887977618755484,comp_index_gpt4_dYoY_x100,DOL OFLC LCA disclosure data; https://www.dol.gov/agencies/eta/foreign-labor/performance
2025Q1,persistent,4.210805607947387,comp_index_gpt4_dYoY_x100,DOL OFLC LCA disclosure data; https://www.dol.gov/agencies/eta/foreign-labor/performance
2025Q1,tcs,-0.7364241013502748,comp_index_gpt4_dYoY_x100,DOL OFLC LCA disclosure data; https://www.dol.gov/agencies/eta/foreign-labor/performance
2025Q1,techm,-1.219105056210279,comp_index_gpt4_dYoY_x100,DOL OFLC LCA disclosure data; https://www.dol.gov/agencies/eta/foreign-labor/performance
2025Q1,wipro,0.060626426183951754,comp_index_gpt4_dYoY_x100,DOL OFLC LCA disclosure data; https://www.dol.gov/agencies/eta/foreign-labor/performance
2025Q1,pooled8,1.3530555015510815,comp_index_gpt4_dYoY_x100,DOL OFLC LCA disclosure data; https://www.dol.gov/agencies/eta/foreign-labor/performance
2025Q2,accenture,1.9637632048959741,comp_index_gpt4_dYoY_x100,DOL OFLC LCA disclosure data; https://www.dol.gov/agencies/eta/foreign-labor/performance
2025Q2,capgemini,-0.6069696541172398,comp_index_gpt4_dYoY_x100,DOL OFLC LCA disclosure data; https://www.dol.gov/agencies/eta/foreign-labor/performance
2025Q2,coforge,7.864135655745774,comp_index_gpt4_dYoY_x100,DOL OFLC LCA disclosure data; https://www.dol.gov/agencies/eta/foreign-labor/performance
2025Q2,cognizant,2.2678052833708384,comp_index_gpt4_dYoY_x100,DOL OFLC LCA disclosure data; https://www.dol.gov/agencies/eta/foreign-labor/performance
2025Q2,hcltech,-0.041794459866928424,comp_index_gpt4_dYoY_x100,DOL OFLC LCA disclosure data; https://www.dol.gov/agencies/eta/foreign-labor/performance
2025Q2,hexaware,1.0755070690065094,comp_index_gpt4_dYoY_x100,DOL OFLC LCA disclosure data; https://www.dol.gov/agencies/eta/foreign-labor/performance
2025Q2,infosys,-0.3523547559870943,comp_index_gpt4_dYoY_x100,DOL OFLC LCA disclosure data; https://www.dol.gov/agencies/eta/foreign-labor/performance
2025Q2,ltim,-0.7981500769728034,comp_index_gpt4_dYoY_x100,DOL OFLC LCA disclosure data; https://www.dol.gov/agencies/eta/foreign-labor/performance
2025Q2,mphasis,-0.925711893390968,comp_index_gpt4_dYoY_x100,DOL OFLC LCA disclosure data; https://www.dol.gov/agencies/eta/foreign-labor/performance
2025Q2,persistent,4.604571395894719,comp_index_gpt4_dYoY_x100,DOL OFLC LCA disclosure data; https://www.dol.gov/agencies/eta/foreign-labor/performance
2025Q2,tcs,-0.1232662195606582,comp_index_gpt4_dYoY_x100,DOL OFLC LCA disclosure data; https://www.dol.gov/agencies/eta/foreign-labor/performance
2025Q2,techm,-0.6685989138257464,comp_index_gpt4_dYoY_x100,DOL OFLC LCA disclosure data; https://www.dol.gov/agencies/eta/foreign-labor/performance
2025Q2,wipro,-0.46377366186133306,comp_index_gpt4_dYoY_x100,DOL OFLC LCA disclosure data; https://www.dol.gov/agencies/eta/foreign-labor/performance
2025Q2,pooled8,0.7514738741053573,comp_index_gpt4_dYoY_x100,DOL OFLC LCA disclosure data; https://www.dol.gov/agencies/eta/foreign-labor/performance
2025Q3,accenture,0.9515591428786108,comp_index_gpt4_dYoY_x100,DOL OFLC LCA disclosure data; https://www.dol.gov/agencies/eta/foreign-labor/performance
2025Q3,capgemini,-0.5632780491711675,comp_index_gpt4_dYoY_x100,DOL OFLC LCA disclosure data; https://www.dol.gov/agencies/eta/foreign-labor/performance
2025Q3,coforge,10.386840435327006,comp_index_gpt4_dYoY_x100,DOL OFLC LCA disclosure data; https://www.dol.gov/agencies/eta/foreign-labor/performance
2025Q3,cognizant,1.0469488390901338,comp_index_gpt4_dYoY_x100,DOL OFLC LCA disclosure data; https://www.dol.gov/agencies/eta/foreign-labor/performance
2025Q3,hcltech,-0.6184680066942061,comp_index_gpt4_dYoY_x100,DOL OFLC LCA disclosure data; https://www.dol.gov/agencies/eta/foreign-labor/performance
2025Q3,hexaware,1.3592117121291714,comp_index_gpt4_dYoY_x100,DOL OFLC LCA disclosure data; https://www.dol.gov/agencies/eta/foreign-labor/performance
2025Q3,infosys,-0.2778483593684933,comp_index_gpt4_dYoY_x100,DOL OFLC LCA disclosure data; https://www.dol.gov/agencies/eta/foreign-labor/performance
2025Q3,ltim,-1.2750224464541215,comp_index_gpt4_dYoY_x100,DOL OFLC LCA disclosure data; https://www.dol.gov/agencies/eta/foreign-labor/performance
2025Q3,mphasis,-0.3306847575036964,comp_index_gpt4_dYoY_x100,DOL OFLC LCA disclosure data; https://www.dol.gov/agencies/eta/foreign-labor/performance
2025Q3,persistent,4.161170347403253,comp_index_gpt4_dYoY_x100,DOL OFLC LCA disclosure data; https://www.dol.gov/agencies/eta/foreign-labor/performance
2025Q3,tcs,-0.00037033133175601307,comp_index_gpt4_dYoY_x100,DOL OFLC LCA disclosure data; https://www.dol.gov/agencies/eta/foreign-labor/performance
2025Q3,techm,-0.16152658336322512,comp_index_gpt4_dYoY_x100,DOL OFLC LCA disclosure data; https://www.dol.gov/agencies/eta/foreign-labor/performance
2025Q3,wipro,-0.8957255833809685,comp_index_gpt4_dYoY_x100,DOL OFLC LCA disclosure data; https://www.dol.gov/agencies/eta/foreign-labor/performance
2025Q3,pooled8,0.03362414629239918,comp_index_gpt4_dYoY_x100,DOL OFLC LCA disclosure data; https://www.dol.gov/agencies/eta/foreign-labor/performance
2025Q4,accenture,0.7554448707363437,comp_index_gpt4_dYoY_x100,DOL OFLC LCA disclosure data; https://www.dol.gov/agencies/eta/foreign-labor/performance
2025Q4,capgemini,-0.8204504799012469,comp_index_gpt4_dYoY_x100,DOL OFLC LCA disclosure data; https://www.dol.gov/agencies/eta/foreign-labor/performance
2025Q4,coforge,12.02633522898232,comp_index_gpt4_dYoY_x100,DOL OFLC LCA disclosure data; https://www.dol.gov/agencies/eta/foreign-labor/performance
2025Q4,cognizant,0.8807605446283451,comp_index_gpt4_dYoY_x100,DOL OFLC LCA disclosure data; https://www.dol.gov/agencies/eta/foreign-labor/performance
2025Q4,hcltech,-0.7997835014459942,comp_index_gpt4_dYoY_x100,DOL OFLC LCA disclosure data; https://www.dol.gov/agencies/eta/foreign-labor/performance
2025Q4,hexaware,1.262583784478788,comp_index_gpt4_dYoY_x100,DOL OFLC LCA disclosure data; https://www.dol.gov/agencies/eta/foreign-labor/performance
2025Q4,infosys,-0.3641327977127795,comp_index_gpt4_dYoY_x100,DOL OFLC LCA disclosure data; https://www.dol.gov/agencies/eta/foreign-labor/performance
2025Q4,ltim,-1.5120968953442393,comp_index_gpt4_dYoY_x100,DOL OFLC LCA disclosure data; https://www.dol.gov/agencies/eta/foreign-labor/performance
2025Q4,mphasis,0.15413159244052066,comp_index_gpt4_dYoY_x100,DOL OFLC LCA disclosure data; https://www.dol.gov/agencies/eta/foreign-labor/performance
2025Q4,persistent,3.403059231395389,comp_index_gpt4_dYoY_x100,DOL OFLC LCA disclosure data; https://www.dol.gov/agencies/eta/foreign-labor/performance
2025Q4,tcs,0.3057913878572238,comp_index_gpt4_dYoY_x100,DOL OFLC LCA disclosure data; https://www.dol.gov/agencies/eta/foreign-labor/performance
2025Q4,techm,0.050666971665658256,comp_index_gpt4_dYoY_x100,DOL OFLC LCA disclosure data; https://www.dol.gov/agencies/eta/foreign-labor/performance
2025Q4,wipro,-1.3505879613969762,comp_index_gpt4_dYoY_x100,DOL OFLC LCA disclosure data; https://www.dol.gov/agencies/eta/foreign-labor/performance
2025Q4,pooled8,-0.08899591569980769,comp_index_gpt4_dYoY_x100,DOL OFLC LCA disclosure data; https://www.dol.gov/agencies/eta/foreign-labor/performance
2026Q1,accenture,0.5689076803692128,comp_index_gpt4_dYoY_x100,DOL OFLC LCA disclosure data; https://www.dol.gov/agencies/eta/foreign-labor/performance
2026Q1,capgemini,-0.673010216814296,comp_index_gpt4_dYoY_x100,DOL OFLC LCA disclosure data; https://www.dol.gov/agencies/eta/foreign-labor/performance
2026Q1,coforge,14.76373816488078,comp_index_gpt4_dYoY_x100,DOL OFLC LCA disclosure data; https://www.dol.gov/agencies/eta/foreign-labor/performance
2026Q1,cognizant,0.7186366201228034,comp_index_gpt4_dYoY_x100,DOL OFLC LCA disclosure data; https://www.dol.gov/agencies/eta/foreign-labor/performance
2026Q1,hcltech,-0.9909041150453102,comp_index_gpt4_dYoY_x100,DOL OFLC LCA disclosure data; https://www.dol.gov/agencies/eta/foreign-labor/performance
2026Q1,hexaware,1.1035441815143487,comp_index_gpt4_dYoY_x100,DOL OFLC LCA disclosure data; https://www.dol.gov/agencies/eta/foreign-labor/performance
2026Q1,infosys,0.10142084265498674,comp_index_gpt4_dYoY_x100,DOL OFLC LCA disclosure data; https://www.dol.gov/agencies/eta/foreign-labor/performance
2026Q1,ltim,-1.4675062212608725,comp_index_gpt4_dYoY_x100,DOL OFLC LCA disclosure data; https://www.dol.gov/agencies/eta/foreign-labor/performance
2026Q1,mphasis,-0.061471948225066964,comp_index_gpt4_dYoY_x100,DOL OFLC LCA disclosure data; https://www.dol.gov/agencies/eta/foreign-labor/performance
2026Q1,persistent,2.9279755526973927,comp_index_gpt4_dYoY_x100,DOL OFLC LCA disclosure data; https://www.dol.gov/agencies/eta/foreign-labor/performance
2026Q1,tcs,0.298409969329394,comp_index_gpt4_dYoY_x100,DOL OFLC LCA disclosure data; https://www.dol.gov/agencies/eta/foreign-labor/performance
2026Q1,techm,-0.24423436462791548,comp_index_gpt4_dYoY_x100,DOL OFLC LCA disclosure data; https://www.dol.gov/agencies/eta/foreign-labor/performance
2026Q1,wipro,-1.0897319049710696,comp_index_gpt4_dYoY_x100,DOL OFLC LCA disclosure data; https://www.dol.gov/agencies/eta/foreign-labor/performance
2026Q1,pooled8,-0.1658388590060622,comp_index_gpt4_dYoY_x100,DOL OFLC LCA disclosure data; https://www.dol.gov/agencies/eta/foreign-labor/performance
2026Q2,accenture,-0.5706673508366955,comp_index_gpt4_dYoY_x100,DOL OFLC LCA disclosure data; https://www.dol.gov/agencies/eta/foreign-labor/performance
2026Q2,capgemini,-0.03657689942155873,comp_index_gpt4_dYoY_x100,DOL OFLC LCA disclosure data; https://www.dol.gov/agencies/eta/foreign-labor/performance
2026Q2,coforge,8.450437550123024,comp_index_gpt4_dYoY_x100,DOL OFLC LCA disclosure data; https://www.dol.gov/agencies/eta/foreign-labor/performance
2026Q2,cognizant,-0.15885672124702488,comp_index_gpt4_dYoY_x100,DOL OFLC LCA disclosure data; https://www.dol.gov/agencies/eta/foreign-labor/performance
2026Q2,hcltech,-1.21831981448699,comp_index_gpt4_dYoY_x100,DOL OFLC LCA disclosure data; https://www.dol.gov/agencies/eta/foreign-labor/performance
2026Q2,hexaware,0.2523664639280998,comp_index_gpt4_dYoY_x100,DOL OFLC LCA disclosure data; https://www.dol.gov/agencies/eta/foreign-labor/performance
2026Q2,infosys,1.0878493994376237,comp_index_gpt4_dYoY_x100,DOL OFLC LCA disclosure data; https://www.dol.gov/agencies/eta/foreign-labor/performance
2026Q2,ltim,0.4019439241512046,comp_index_gpt4_dYoY_x100,DOL OFLC LCA disclosure data; https://www.dol.gov/agencies/eta/foreign-labor/performance
2026Q2,mphasis,-0.6787007238716947,comp_index_gpt4_dYoY_x100,DOL OFLC LCA disclosure data; https://www.dol.gov/agencies/eta/foreign-labor/performance
2026Q2,persistent,2.5920035282869125,comp_index_gpt4_dYoY_x100,DOL OFLC LCA disclosure data; https://www.dol.gov/agencies/eta/foreign-labor/performance
2026Q2,tcs,1.8271712679886254,comp_index_gpt4_dYoY_x100,DOL OFLC LCA disclosure data; https://www.dol.gov/agencies/eta/foreign-labor/performance
2026Q2,techm,-0.2080807298533771,comp_index_gpt4_dYoY_x100,DOL OFLC LCA disclosure data; https://www.dol.gov/agencies/eta/foreign-labor/performance
2026Q2,wipro,0.9872725957277395,comp_index_gpt4_dYoY_x100,DOL OFLC LCA disclosure data; https://www.dol.gov/agencies/eta/foreign-labor/performance
2026Q2,pooled8,-0.1822018948038795,comp_index_gpt4_dYoY_x100,DOL OFLC LCA disclosure data; https://www.dol.gov/agencies/eta/foreign-labor/performance
2018Q3,accenture,-2.0305266160745568,new_ttm,DOL OFLC LCA disclosure data; https://www.dol.gov/agencies/eta/foreign-labor/performance
2018Q3,capgemini,-50.17528422248926,new_ttm,DOL OFLC LCA disclosure data; https://www.dol.gov/agencies/eta/foreign-labor/performance
2018Q3,coforge,58.33519771454705,new_ttm,DOL OFLC LCA disclosure data; https://www.dol.gov/agencies/eta/foreign-labor/performance
2018Q3,cognizant,188.98131129832169,new_ttm,DOL OFLC LCA disclosure data; https://www.dol.gov/agencies/eta/foreign-labor/performance
2018Q3,hcltech,-33.0497976650289,new_ttm,DOL OFLC LCA disclosure data; https://www.dol.gov/agencies/eta/foreign-labor/performance
2018Q3,hexaware,9.377682913333528,new_ttm,DOL OFLC LCA disclosure data; https://www.dol.gov/agencies/eta/foreign-labor/performance
2018Q3,infosys,-109.12267307247218,new_ttm,DOL OFLC LCA disclosure data; https://www.dol.gov/agencies/eta/foreign-labor/performance
2018Q3,ltim,66.35823660572142,new_ttm,DOL OFLC LCA disclosure data; https://www.dol.gov/agencies/eta/foreign-labor/performance
2018Q3,mphasis,-34.551246828075776,new_ttm,DOL OFLC LCA disclosure data; https://www.dol.gov/agencies/eta/foreign-labor/performance
2018Q3,persistent,9.47453675893661,new_ttm,DOL OFLC LCA disclosure data; https://www.dol.gov/agencies/eta/foreign-labor/performance
2018Q3,tcs,73.5772907038707,new_ttm,DOL OFLC LCA disclosure data; https://www.dol.gov/agencies/eta/foreign-labor/performance
2018Q3,techm,-38.01121266306154,new_ttm,DOL OFLC LCA disclosure data; https://www.dol.gov/agencies/eta/foreign-labor/performance
2018Q3,wipro,85.99777127686055,new_ttm,DOL OFLC LCA disclosure data; https://www.dol.gov/agencies/eta/foreign-labor/performance
2018Q3,pooled8,27.15087791310112,new_ttm,DOL OFLC LCA disclosure data; https://www.dol.gov/agencies/eta/foreign-labor/performance
2018Q4,accenture,-0.05706134248977353,new_ttm,DOL OFLC LCA disclosure data; https://www.dol.gov/agencies/eta/foreign-labor/performance
2018Q4,capgemini,-49.119623372825686,new_ttm,DOL OFLC LCA disclosure data; https://www.dol.gov/agencies/eta/foreign-labor/performance
2018Q4,coforge,60.94383273979156,new_ttm,DOL OFLC LCA disclosure data; https://www.dol.gov/agencies/eta/foreign-labor/performance
2018Q4,cognizant,201.92835173447116,new_ttm,DOL OFLC LCA disclosure data; https://www.dol.gov/agencies/eta/foreign-labor/performance
2018Q4,hcltech,-42.10631856140212,new_ttm,DOL OFLC LCA disclosure data; https://www.dol.gov/agencies/eta/foreign-labor/performance
2018Q4,hexaware,19.56073935056045,new_ttm,DOL OFLC LCA disclosure data; https://www.dol.gov/agencies/eta/foreign-labor/performance
2018Q4,infosys,-100.23217419216641,new_ttm,DOL OFLC LCA disclosure data; https://www.dol.gov/agencies/eta/foreign-labor/performance
2018Q4,ltim,52.48975095350664,new_ttm,DOL OFLC LCA disclosure data; https://www.dol.gov/agencies/eta/foreign-labor/performance
2018Q4,mphasis,-35.833842582403214,new_ttm,DOL OFLC LCA disclosure data; https://www.dol.gov/agencies/eta/foreign-labor/performance
2018Q4,persistent,8.751937801655666,new_ttm,DOL OFLC LCA disclosure data; https://www.dol.gov/agencies/eta/foreign-labor/performance
2018Q4,tcs,72.00577083735168,new_ttm,DOL OFLC LCA disclosure data; https://www.dol.gov/agencies/eta/foreign-labor/performance
2018Q4,techm,-37.65938864695575,new_ttm,DOL OFLC LCA disclosure data; https://www.dol.gov/agencies/eta/foreign-labor/performance
2018Q4,wipro,80.61919063508495,new_ttm,DOL OFLC LCA disclosure data; https://www.dol.gov/agencies/eta/foreign-labor/performance
2018Q4,pooled8,28.81172761989128,new_ttm,DOL OFLC LCA disclosure data; https://www.dol.gov/agencies/eta/foreign-labor/performance
2019Q1,accenture,31.232960039572106,new_ttm,DOL OFLC LCA disclosure data; https://www.dol.gov/agencies/eta/foreign-labor/performance
2019Q1,capgemini,26.141922549214257,new_ttm,DOL OFLC LCA disclosure data; https://www.dol.gov/agencies/eta/foreign-labor/performance
2019Q1,coforge,31.623279090139068,new_ttm,DOL OFLC LCA disclosure data; https://www.dol.gov/agencies/eta/foreign-labor/performance
2019Q1,cognizant,31.858614637296533,new_ttm,DOL OFLC LCA disclosure data; https://www.dol.gov/agencies/eta/foreign-labor/performance
2019Q1,hcltech,42.856458341461945,new_ttm,DOL OFLC LCA disclosure data; https://www.dol.gov/agencies/eta/foreign-labor/performance
2019Q1,hexaware,22.724071829828,new_ttm,DOL OFLC LCA disclosure data; https://www.dol.gov/agencies/eta/foreign-labor/performance
2019Q1,infosys,205.13380478875862,new_ttm,DOL OFLC LCA disclosure data; https://www.dol.gov/agencies/eta/foreign-labor/performance
2019Q1,ltim,37.792076759812666,new_ttm,DOL OFLC LCA disclosure data; https://www.dol.gov/agencies/eta/foreign-labor/performance
2019Q1,mphasis,97.48872309811478,new_ttm,DOL OFLC LCA disclosure data; https://www.dol.gov/agencies/eta/foreign-labor/performance
2019Q1,persistent,-0.5602255548669898,new_ttm,DOL OFLC LCA disclosure data; https://www.dol.gov/agencies/eta/foreign-labor/performance
2019Q1,tcs,-17.314965543156987,new_ttm,DOL OFLC LCA disclosure data; https://www.dol.gov/agencies/eta/foreign-labor/performance
2019Q1,techm,-59.135590929542225,new_ttm,DOL OFLC LCA disclosure data; https://www.dol.gov/agencies/eta/foreign-labor/performance
2019Q1,wipro,30.354518971122594,new_ttm,DOL OFLC LCA disclosure data; https://www.dol.gov/agencies/eta/foreign-labor/performance
2019Q1,pooled8,46.2771651075724,new_ttm,DOL OFLC LCA disclosure data; https://www.dol.gov/agencies/eta/foreign-labor/performance
2019Q2,accenture,27.64160179231414,new_ttm,DOL OFLC LCA disclosure data; https://www.dol.gov/agencies/eta/foreign-labor/performance
2019Q2,capgemini,33.17423553647421,new_ttm,DOL OFLC LCA disclosure data; https://www.dol.gov/agencies/eta/foreign-labor/performance
2019Q2,coforge,30.489811977445974,new_ttm,DOL OFLC LCA disclosure data; https://www.dol.gov/agencies/eta/foreign-labor/performance
2019Q2,cognizant,39.95297626349471,new_ttm,DOL OFLC LCA disclosure data; https://www.dol.gov/agencies/eta/foreign-labor/performance
2019Q2,hcltech,56.99910770494401,new_ttm,DOL OFLC LCA disclosure data; https://www.dol.gov/agencies/eta/foreign-labor/performance
2019Q2,hexaware,25.220768425812107,new_ttm,DOL OFLC LCA disclosure data; https://www.dol.gov/agencies/eta/foreign-labor/performance
2019Q2,infosys,203.62566849592872,new_ttm,DOL OFLC LCA disclosure data; https://www.dol.gov/agencies/eta/foreign-labor/performance
2019Q2,ltim,31.85435191649327,new_ttm,DOL OFLC LCA disclosure data; https://www.dol.gov/agencies/eta/foreign-labor/performance
2019Q2,mphasis,96.77505341540635,new_ttm,DOL OFLC LCA disclosure data; https://www.dol.gov/agencies/eta/foreign-labor/performance
2019Q2,persistent,5.683347476316601,new_ttm,DOL OFLC LCA disclosure data; https://www.dol.gov/agencies/eta/foreign-labor/performance
2019Q2,tcs,-17.630250166789178,new_ttm,DOL OFLC LCA disclosure data; https://www.dol.gov/agencies/eta/foreign-labor/performance
2019Q2,techm,-58.56596116242162,new_ttm,DOL OFLC LCA disclosure data; https://www.dol.gov/agencies/eta/foreign-labor/performance
2019Q2,wipro,10.062619021169434,new_ttm,DOL OFLC LCA disclosure data; https://www.dol.gov/agencies/eta/foreign-labor/performance
2019Q2,pooled8,46.16248418093137,new_ttm,DOL OFLC LCA disclosure data; https://www.dol.gov/agencies/eta/foreign-labor/performance
2019Q3,accenture,26.47720581228149,new_ttm,DOL OFLC LCA disclosure data; https://www.dol.gov/agencies/eta/foreign-labor/performance
2019Q3,capgemini,33.88765463325841,new_ttm,DOL OFLC LCA disclosure data; https://www.dol.gov/agencies/eta/foreign-labor/performance
2019Q3,coforge,18.478435740636627,new_ttm,DOL OFLC LCA disclosure data; https://www.dol.gov/agencies/eta/foreign-labor/performance
2019Q3,cognizant,6.689305745452496,new_ttm,DOL OFLC LCA disclosure data; https://www.dol.gov/agencies/eta/foreign-labor/performance
2019Q3,hcltech,54.30750938026663,new_ttm,DOL OFLC LCA disclosure data; https://www.dol.gov/agencies/eta/foreign-labor/performance
2019Q3,hexaware,25.585086928999402,new_ttm,DOL OFLC LCA disclosure data; https://www.dol.gov/agencies/eta/foreign-labor/performance
2019Q3,infosys,200.02263061263318,new_ttm,DOL OFLC LCA disclosure data; https://www.dol.gov/agencies/eta/foreign-labor/performance
2019Q3,ltim,24.76159871534867,new_ttm,DOL OFLC LCA disclosure data; https://www.dol.gov/agencies/eta/foreign-labor/performance
2019Q3,mphasis,84.96985338783915,new_ttm,DOL OFLC LCA disclosure data; https://www.dol.gov/agencies/eta/foreign-labor/performance
2019Q3,persistent,11.211729812070601,new_ttm,DOL OFLC LCA disclosure data; https://www.dol.gov/agencies/eta/foreign-labor/performance
2019Q3,tcs,-21.89708197112344,new_ttm,DOL OFLC LCA disclosure data; https://www.dol.gov/agencies/eta/foreign-labor/performance
2019Q3,techm,-54.87440302819411,new_ttm,DOL OFLC LCA disclosure data; https://www.dol.gov/agencies/eta/foreign-labor/performance
2019Q3,wipro,-3.209903295438394,new_ttm,DOL OFLC LCA disclosure data; https://www.dol.gov/agencies/eta/foreign-labor/performance
2019Q3,pooled8,34.43220407834801,new_ttm,DOL OFLC LCA disclosure data; https://www.dol.gov/agencies/eta/foreign-labor/performance
2019Q4,accenture,28.682554135016463,new_ttm,DOL OFLC LCA disclosure data; https://www.dol.gov/agencies/eta/foreign-labor/performance
2019Q4,capgemini,40.07259817389175,new_ttm,DOL OFLC LCA disclosure data; https://www.dol.gov/agencies/eta/foreign-labor/performance
2019Q4,coforge,8.004375996723505,new_ttm,DOL OFLC LCA disclosure data; https://www.dol.gov/agencies/eta/foreign-labor/performance
2019Q4,cognizant,11.768363451671163,new_ttm,DOL OFLC LCA disclosure data; https://www.dol.gov/agencies/eta/foreign-labor/performance
2019Q4,hcltech,63.665217437569055,new_ttm,DOL OFLC LCA disclosure data; https://www.dol.gov/agencies/eta/foreign-labor/performance
2019Q4,hexaware,30.964718521093083,new_ttm,DOL OFLC LCA disclosure data; https://www.dol.gov/agencies/eta/foreign-labor/performance
2019Q4,infosys,192.8594664226963,new_ttm,DOL OFLC LCA disclosure data; https://www.dol.gov/agencies/eta/foreign-labor/performance
2019Q4,ltim,28.54212750885461,new_ttm,DOL OFLC LCA disclosure data; https://www.dol.gov/agencies/eta/foreign-labor/performance
2019Q4,mphasis,90.20815606182346,new_ttm,DOL OFLC LCA disclosure data; https://www.dol.gov/agencies/eta/foreign-labor/performance
2019Q4,persistent,10.59190188837375,new_ttm,DOL OFLC LCA disclosure data; https://www.dol.gov/agencies/eta/foreign-labor/performance
2019Q4,tcs,-21.104052914296616,new_ttm,DOL OFLC LCA disclosure data; https://www.dol.gov/agencies/eta/foreign-labor/performance
2019Q4,techm,-52.47646399816131,new_ttm,DOL OFLC LCA disclosure data; https://www.dol.gov/agencies/eta/foreign-labor/performance
2019Q4,wipro,-0.7349234623512325,new_ttm,DOL OFLC LCA disclosure data; https://www.dol.gov/agencies/eta/foreign-labor/performance
2019Q4,pooled8,36.02263367605226,new_ttm,DOL OFLC LCA disclosure data; https://www.dol.gov/agencies/eta/foreign-labor/performance
2020Q1,accenture,-102.47619820659295,new_ttm,DOL OFLC LCA disclosure data; https://www.dol.gov/agencies/eta/foreign-labor/performance
2020Q1,capgemini,-102.87605648766159,new_ttm,DOL OFLC LCA disclosure data; https://www.dol.gov/agencies/eta/foreign-labor/performance
2020Q1,coforge,-46.613879585988606,new_ttm,DOL OFLC LCA disclosure data; https://www.dol.gov/agencies/eta/foreign-labor/performance
2020Q1,cognizant,-38.728910413972756,new_ttm,DOL OFLC LCA disclosure data; https://www.dol.gov/agencies/eta/foreign-labor/performance
2020Q1,hcltech,-108.11615790903993,new_ttm,DOL OFLC LCA disclosure data; https://www.dol.gov/agencies/eta/foreign-labor/performance
2020Q1,hexaware,-17.859020918109643,new_ttm,DOL OFLC LCA disclosure data; https://www.dol.gov/agencies/eta/foreign-labor/performance
2020Q1,infosys,-280.5257266789626,new_ttm,DOL OFLC LCA disclosure data; https://www.dol.gov/agencies/eta/foreign-labor/performance
2020Q1,ltim,-109.92117332970166,new_ttm,DOL OFLC LCA disclosure data; https://www.dol.gov/agencies/eta/foreign-labor/performance
2020Q1,mphasis,-137.2362288858877,new_ttm,DOL OFLC LCA disclosure data; https://www.dol.gov/agencies/eta/foreign-labor/performance
2020Q1,persistent,-108.74389880699844,new_ttm,DOL OFLC LCA disclosure data; https://www.dol.gov/agencies/eta/foreign-labor/performance
2020Q1,tcs,-150.16099814816403,new_ttm,DOL OFLC LCA disclosure data; https://www.dol.gov/agencies/eta/foreign-labor/performance
2020Q1,techm,-106.04451118899651,new_ttm,DOL OFLC LCA disclosure data; https://www.dol.gov/agencies/eta/foreign-labor/performance
2020Q1,wipro,-141.89664935635244,new_ttm,DOL OFLC LCA disclosure data; https://www.dol.gov/agencies/eta/foreign-labor/performance
2020Q1,pooled8,-120.7438256548515,new_ttm,DOL OFLC LCA disclosure data; https://www.dol.gov/agencies/eta/foreign-labor/performance
2020Q2,accenture,-27.58265690407635,new_ttm,DOL OFLC LCA disclosure data; https://www.dol.gov/agencies/eta/foreign-labor/performance
2020Q2,capgemini,-65.73927832617919,new_ttm,DOL OFLC LCA disclosure data; https://www.dol.gov/agencies/eta/foreign-labor/performance
2020Q2,coforge,0.044660978274922325,new_ttm,DOL OFLC LCA disclosure data; https://www.dol.gov/agencies/eta/foreign-labor/performance
2020Q2,cognizant,-31.849238767436916,new_ttm,DOL OFLC LCA disclosure data; https://www.dol.gov/agencies/eta/foreign-labor/performance
2020Q2,hcltech,-42.9860117363182,new_ttm,DOL OFLC LCA disclosure data; https://www.dol.gov/agencies/eta/foreign-labor/performance
2020Q2,hexaware,-6.010392406970544,new_ttm,DOL OFLC LCA disclosure data; https://www.dol.gov/agencies/eta/foreign-labor/performance
2020Q2,infosys,-163.71371418414049,new_ttm,DOL OFLC LCA disclosure data; https://www.dol.gov/agencies/eta/foreign-labor/performance
2020Q2,ltim,-67.53708646990968,new_ttm,DOL OFLC LCA disclosure data; https://www.dol.gov/agencies/eta/foreign-labor/performance
2020Q2,mphasis,-90.91314756080233,new_ttm,DOL OFLC LCA disclosure data; https://www.dol.gov/agencies/eta/foreign-labor/performance
2020Q2,persistent,-18.121719445090147,new_ttm,DOL OFLC LCA disclosure data; https://www.dol.gov/agencies/eta/foreign-labor/performance
2020Q2,tcs,-32.84866224238931,new_ttm,DOL OFLC LCA disclosure data; https://www.dol.gov/agencies/eta/foreign-labor/performance
2020Q2,techm,-56.13663865035202,new_ttm,DOL OFLC LCA disclosure data; https://www.dol.gov/agencies/eta/foreign-labor/performance
2020Q2,wipro,-71.18683134904548,new_ttm,DOL OFLC LCA disclosure data; https://www.dol.gov/agencies/eta/foreign-labor/performance
2020Q2,pooled8,-67.80091043571869,new_ttm,DOL OFLC LCA disclosure data; https://www.dol.gov/agencies/eta/foreign-labor/performance
2020Q3,accenture,-29.308946597115675,new_ttm,DOL OFLC LCA disclosure data; https://www.dol.gov/agencies/eta/foreign-labor/performance
2020Q3,capgemini,-79.66317744563356,new_ttm,DOL OFLC LCA disclosure data; https://www.dol.gov/agencies/eta/foreign-labor/performance
2020Q3,coforge,-10.600410572505703,new_ttm,DOL OFLC LCA disclosure data; https://www.dol.gov/agencies/eta/foreign-labor/performance
2020Q3,cognizant,-40.788294504189516,new_ttm,DOL OFLC LCA disclosure data; https://www.dol.gov/agencies/eta/foreign-labor/performance
2020Q3,hcltech,-43.19214114914367,new_ttm,DOL OFLC LCA disclosure data; https://www.dol.gov/agencies/eta/foreign-labor/performance
2020Q3,hexaware,-13.551355382851382,new_ttm,DOL OFLC LCA disclosure data; https://www.dol.gov/agencies/eta/foreign-labor/performance
2020Q3,infosys,-145.9391907430974,new_ttm,DOL OFLC LCA disclosure data; https://www.dol.gov/agencies/eta/foreign-labor/performance
2020Q3,ltim,-75.72975640575736,new_ttm,DOL OFLC LCA disclosure data; https://www.dol.gov/agencies/eta/foreign-labor/performance
2020Q3,mphasis,-84.5991847115242,new_ttm,DOL OFLC LCA disclosure data; https://www.dol.gov/agencies/eta/foreign-labor/performance
2020Q3,persistent,-32.5422400434628,new_ttm,DOL OFLC LCA disclosure data; https://www.dol.gov/agencies/eta/foreign-labor/performance
2020Q3,tcs,-28.285671954551685,new_ttm,DOL OFLC LCA disclosure data; https://www.dol.gov/agencies/eta/foreign-labor/performance
2020Q3,techm,-78.1535689283278,new_ttm,DOL OFLC LCA disclosure data; https://www.dol.gov/agencies/eta/foreign-labor/performance
2020Q3,wipro,-61.68841694005568,new_ttm,DOL OFLC LCA disclosure data; https://www.dol.gov/agencies/eta/foreign-labor/performance
2020Q3,pooled8,-69.48461064981709,new_ttm,DOL OFLC LCA disclosure data; https://www.dol.gov/agencies/eta/foreign-labor/performance
2020Q4,accenture,-36.08457056274635,new_ttm,DOL OFLC LCA disclosure data; https://www.dol.gov/agencies/eta/foreign-labor/performance
2020Q4,capgemini,-98.4933092272895,new_ttm,DOL OFLC LCA disclosure data; https://www.dol.gov/agencies/eta/foreign-labor/performance
2020Q4,coforge,-8.788881367780235,new_ttm,DOL OFLC LCA disclosure data; https://www.dol.gov/agencies/eta/foreign-labor/performance
2020Q4,cognizant,-84.3647060023271,new_ttm,DOL OFLC LCA disclosure data; https://www.dol.gov/agencies/eta/foreign-labor/performance
2020Q4,hcltech,-33.046293145736904,new_ttm,DOL OFLC LCA disclosure data; https://www.dol.gov/agencies/eta/foreign-labor/performance
2020Q4,hexaware,-26.740488001263007,new_ttm,DOL OFLC LCA disclosure data; https://www.dol.gov/agencies/eta/foreign-labor/performance
2020Q4,infosys,-149.2154751819368,new_ttm,DOL OFLC LCA disclosure data; https://www.dol.gov/agencies/eta/foreign-labor/performance
2020Q4,ltim,-83.11892810293389,new_ttm,DOL OFLC LCA disclosure data; https://www.dol.gov/agencies/eta/foreign-labor/performance
2020Q4,mphasis,-84.39885715109845,new_ttm,DOL OFLC LCA disclosure data; https://www.dol.gov/agencies/eta/foreign-labor/performance
2020Q4,persistent,-29.609255096037735,new_ttm,DOL OFLC LCA disclosure data; https://www.dol.gov/agencies/eta/foreign-labor/performance
2020Q4,tcs,-27.729344795967208,new_ttm,DOL OFLC LCA disclosure data; https://www.dol.gov/agencies/eta/foreign-labor/performance
2020Q4,techm,-70.19038039387799,new_ttm,DOL OFLC LCA disclosure data; https://www.dol.gov/agencies/eta/foreign-labor/performance
2020Q4,wipro,-63.03827999627756,new_ttm,DOL OFLC LCA disclosure data; https://www.dol.gov/agencies/eta/foreign-labor/performance
2020Q4,pooled8,-80.85226298929682,new_ttm,DOL OFLC LCA disclosure data; https://www.dol.gov/agencies/eta/foreign-labor/performance
2021Q1,accenture,62.76031289203554,new_ttm,DOL OFLC LCA disclosure data; https://www.dol.gov/agencies/eta/foreign-labor/performance
2021Q1,capgemini,-5.148484692141843,new_ttm,DOL OFLC LCA disclosure data; https://www.dol.gov/agencies/eta/foreign-labor/performance
2021Q1,coforge,42.578890678926555,new_ttm,DOL OFLC LCA disclosure data; https://www.dol.gov/agencies/eta/foreign-labor/performance
2021Q1,cognizant,-59.379331096524865,new_ttm,DOL OFLC LCA disclosure data; https://www.dol.gov/agencies/eta/foreign-labor/performance
2021Q1,hcltech,74.5714870152796,new_ttm,DOL OFLC LCA disclosure data; https://www.dol.gov/agencies/eta/foreign-labor/performance
2021Q1,hexaware,-6.640245457563389,new_ttm,DOL OFLC LCA disclosure data; https://www.dol.gov/agencies/eta/foreign-labor/performance
2021Q1,infosys,132.69220876199216,new_ttm,DOL OFLC LCA disclosure data; https://www.dol.gov/agencies/eta/foreign-labor/performance
2021Q1,ltim,21.03178291042839,new_ttm,DOL OFLC LCA disclosure data; https://www.dol.gov/agencies/eta/foreign-labor/performance
2021Q1,mphasis,61.15291586561702,new_ttm,DOL OFLC LCA disclosure data; https://www.dol.gov/agencies/eta/foreign-labor/performance
2021Q1,persistent,92.29352745928236,new_ttm,DOL OFLC LCA disclosure data; https://www.dol.gov/agencies/eta/foreign-labor/performance
2021Q1,tcs,126.20870453704913,new_ttm,DOL OFLC LCA disclosure data; https://www.dol.gov/agencies/eta/foreign-labor/performance
2021Q1,techm,41.60423508915895,new_ttm,DOL OFLC LCA disclosure data; https://www.dol.gov/agencies/eta/foreign-labor/performance
2021Q1,wipro,83.25125227775513,new_ttm,DOL OFLC LCA disclosure data; https://www.dol.gov/agencies/eta/foreign-labor/performance
2021Q1,pooled8,38.05464861260167,new_ttm,DOL OFLC LCA disclosure data; https://www.dol.gov/agencies/eta/foreign-labor/performance
2021Q2,accenture,-52.786248591900566,new_ttm,DOL OFLC LCA disclosure data; https://www.dol.gov/agencies/eta/foreign-labor/performance
2021Q2,capgemini,-76.00267093994901,new_ttm,DOL OFLC LCA disclosure data; https://www.dol.gov/agencies/eta/foreign-labor/performance
2021Q2,coforge,-42.725161463394606,new_ttm,DOL OFLC LCA disclosure data; https://www.dol.gov/agencies/eta/foreign-labor/performance
2021Q2,cognizant,-126.15899050784154,new_ttm,DOL OFLC LCA disclosure data; https://www.dol.gov/agencies/eta/foreign-labor/performance
2021Q2,hcltech,-10.313290548553393,new_ttm,DOL OFLC LCA disclosure data; https://www.dol.gov/agencies/eta/foreign-labor/performance
2021Q2,hexaware,-40.989970517603005,new_ttm,DOL OFLC LCA disclosure data; https://www.dol.gov/agencies/eta/foreign-labor/performance
2021Q2,infosys,-11.258821877927948,new_ttm,DOL OFLC LCA disclosure data; https://www.dol.gov/agencies/eta/foreign-labor/performance
2021Q2,ltim,-44.34334305549906,new_ttm,DOL OFLC LCA disclosure data; https://www.dol.gov/agencies/eta/foreign-labor/performance
2021Q2,mphasis,22.915751667946758,new_ttm,DOL OFLC LCA disclosure data; https://www.dol.gov/agencies/eta/foreign-labor/performance
2021Q2,persistent,-32.59319545857806,new_ttm,DOL OFLC LCA disclosure data; https://www.dol.gov/agencies/eta/foreign-labor/performance
2021Q2,tcs,-2.965475102241429,new_ttm,DOL OFLC LCA disclosure data; https://www.dol.gov/agencies/eta/foreign-labor/performance
2021Q2,techm,-38.16304108363168,new_ttm,DOL OFLC LCA disclosure data; https://www.dol.gov/agencies/eta/foreign-labor/performance
2021Q2,wipro,18.643620409272568,new_ttm,DOL OFLC LCA disclosure data; https://www.dol.gov/agencies/eta/foreign-labor/performance
2021Q2,pooled8,-41.310187938538434,new_ttm,DOL OFLC LCA disclosure data; https://www.dol.gov/agencies/eta/foreign-labor/performance
2021Q3,accenture,-41.81477733131812,new_ttm,DOL OFLC LCA disclosure data; https://www.dol.gov/agencies/eta/foreign-labor/performance
2021Q3,capgemini,-43.39802784161857,new_ttm,DOL OFLC LCA disclosure data; https://www.dol.gov/agencies/eta/foreign-labor/performance
2021Q3,coforge,-39.56309784544456,new_ttm,DOL OFLC LCA disclosure data; https://www.dol.gov/agencies/eta/foreign-labor/performance
2021Q3,cognizant,-96.26981602538063,new_ttm,DOL OFLC LCA disclosure data; https://www.dol.gov/agencies/eta/foreign-labor/performance
2021Q3,hcltech,15.535572018474845,new_ttm,DOL OFLC LCA disclosure data; https://www.dol.gov/agencies/eta/foreign-labor/performance
2021Q3,hexaware,-49.06229164484712,new_ttm,DOL OFLC LCA disclosure data; https://www.dol.gov/agencies/eta/foreign-labor/performance
2021Q3,infosys,-39.00004714940931,new_ttm,DOL OFLC LCA disclosure data; https://www.dol.gov/agencies/eta/foreign-labor/performance
2021Q3,ltim,-15.806335404179507,new_ttm,DOL OFLC LCA disclosure data; https://www.dol.gov/agencies/eta/foreign-labor/performance
2021Q3,mphasis,55.33433524908391,new_ttm,DOL OFLC LCA disclosure data; https://www.dol.gov/agencies/eta/foreign-labor/performance
2021Q3,persistent,-21.791250189665725,new_ttm,DOL OFLC LCA disclosure data; https://www.dol.gov/agencies/eta/foreign-labor/performance
2021Q3,tcs,20.458251374683627,new_ttm,DOL OFLC LCA disclosure data; https://www.dol.gov/agencies/eta/foreign-labor/performance
2021Q3,techm,-6.8437161553228485,new_ttm,DOL OFLC LCA disclosure data; https://www.dol.gov/agencies/eta/foreign-labor/performance
2021Q3,wipro,21.38415466856341,new_ttm,DOL OFLC LCA disclosure data; https://www.dol.gov/agencies/eta/foreign-labor/performance
2021Q3,pooled8,-23.346197488375743,new_ttm,DOL OFLC LCA disclosure data; https://www.dol.gov/agencies/eta/foreign-labor/performance
2021Q4,accenture,-21.366190817448203,new_ttm,DOL OFLC LCA disclosure data; https://www.dol.gov/agencies/eta/foreign-labor/performance
2021Q4,capgemini,-1.6851372957593969,new_ttm,DOL OFLC LCA disclosure data; https://www.dol.gov/agencies/eta/foreign-labor/performance
2021Q4,coforge,-38.214227345440136,new_ttm,DOL OFLC LCA disclosure data; https://www.dol.gov/agencies/eta/foreign-labor/performance
2021Q4,cognizant,-51.54387911793445,new_ttm,DOL OFLC LCA disclosure data; https://www.dol.gov/agencies/eta/foreign-labor/performance
2021Q4,hcltech,-2.828292806211299,new_ttm,DOL OFLC LCA disclosure data; https://www.dol.gov/agencies/eta/foreign-labor/performance
2021Q4,hexaware,-35.563273436028865,new_ttm,DOL OFLC LCA disclosure data; https://www.dol.gov/agencies/eta/foreign-labor/performance
2021Q4,infosys,-21.236847814625133,new_ttm,DOL OFLC LCA disclosure data; https://www.dol.gov/agencies/eta/foreign-labor/performance
2021Q4,ltim,6.163319477131961,new_ttm,DOL OFLC LCA disclosure data; https://www.dol.gov/agencies/eta/foreign-labor/performance
2021Q4,mphasis,72.82916638649203,new_ttm,DOL OFLC LCA disclosure data; https://www.dol.gov/agencies/eta/foreign-labor/performance
2021Q4,persistent,-27.871340246902047,new_ttm,DOL OFLC LCA disclosure data; https://www.dol.gov/agencies/eta/foreign-labor/performance
2021Q4,tcs,26.616238690198703,new_ttm,DOL OFLC LCA disclosure data; https://www.dol.gov/agencies/eta/foreign-labor/performance
2021Q4,techm,-33.78804396351232,new_ttm,DOL OFLC LCA disclosure data; https://www.dol.gov/agencies/eta/foreign-labor/performance
2021Q4,wipro,32.53278187616163,new_ttm,DOL OFLC LCA disclosure data; https://www.dol.gov/agencies/eta/foreign-labor/performance
2021Q4,pooled8,-7.491726124494232,new_ttm,DOL OFLC LCA disclosure data; https://www.dol.gov/agencies/eta/foreign-labor/performance
2022Q1,accenture,-6.511995550777661,new_ttm,DOL OFLC LCA disclosure data; https://www.dol.gov/agencies/eta/foreign-labor/performance
2022Q1,capgemini,25.587482784170078,new_ttm,DOL OFLC LCA disclosure data; https://www.dol.gov/agencies/eta/foreign-labor/performance
2022Q1,coforge,-37.675500222573305,new_ttm,DOL OFLC LCA disclosure data; https://www.dol.gov/agencies/eta/foreign-labor/performance
2022Q1,cognizant,-7.336514578517317,new_ttm,DOL OFLC LCA disclosure data; https://www.dol.gov/agencies/eta/foreign-labor/performance
2022Q1,hcltech,10.503406958325536,new_ttm,DOL OFLC LCA disclosure data; https://www.dol.gov/agencies/eta/foreign-labor/performance
2022Q1,hexaware,-11.034805716886535,new_ttm,DOL OFLC LCA disclosure data; https://www.dol.gov/agencies/eta/foreign-labor/performance
2022Q1,infosys,-16.793091964761082,new_ttm,DOL OFLC LCA disclosure data; https://www.dol.gov/agencies/eta/foreign-labor/performance
2022Q1,ltim,21.53153086503488,new_ttm,DOL OFLC LCA disclosure data; https://www.dol.gov/agencies/eta/foreign-labor/performance
2022Q1,mphasis,70.73736123437428,new_ttm,DOL OFLC LCA disclosure data; https://www.dol.gov/agencies/eta/foreign-labor/performance
2022Q1,persistent,-35.384074270285716,new_ttm,DOL OFLC LCA disclosure data; https://www.dol.gov/agencies/eta/foreign-labor/performance
2022Q1,tcs,35.75207714676387,new_ttm,DOL OFLC LCA disclosure data; https://www.dol.gov/agencies/eta/foreign-labor/performance
2022Q1,techm,-24.091256619228325,new_ttm,DOL OFLC LCA disclosure data; https://www.dol.gov/agencies/eta/foreign-labor/performance
2022Q1,wipro,6.86205985664918,new_ttm,DOL OFLC LCA disclosure data; https://www.dol.gov/agencies/eta/foreign-labor/performance
2022Q1,pooled8,6.305540364551164,new_ttm,DOL OFLC LCA disclosure data; https://www.dol.gov/agencies/eta/foreign-labor/performance
2022Q2,accenture,50.28015084959427,new_ttm,DOL OFLC LCA disclosure data; https://www.dol.gov/agencies/eta/foreign-labor/performance
2022Q2,capgemini,86.04255990327597,new_ttm,DOL OFLC LCA disclosure data; https://www.dol.gov/agencies/eta/foreign-labor/performance
2022Q2,coforge,-10.241500542806953,new_ttm,DOL OFLC LCA disclosure data; https://www.dol.gov/agencies/eta/foreign-labor/performance
2022Q2,cognizant,79.1728009232393,new_ttm,DOL OFLC LCA disclosure data; https://www.dol.gov/agencies/eta/foreign-labor/performance
2022Q2,hcltech,32.97179895556489,new_ttm,DOL OFLC LCA disclosure data; https://www.dol.gov/agencies/eta/foreign-labor/performance
2022Q2,hexaware,5.195973893071096,new_ttm,DOL OFLC LCA disclosure data; https://www.dol.gov/agencies/eta/foreign-labor/performance
2022Q2,infosys,42.6260616080736,new_ttm,DOL OFLC LCA disclosure data; https://www.dol.gov/agencies/eta/foreign-labor/performance
2022Q2,ltim,72.94205873467803,new_ttm,DOL OFLC LCA disclosure data; https://www.dol.gov/agencies/eta/foreign-labor/performance
2022Q2,mphasis,62.537158359117754,new_ttm,DOL OFLC LCA disclosure data; https://www.dol.gov/agencies/eta/foreign-labor/performance
2022Q2,persistent,46.19437122686353,new_ttm,DOL OFLC LCA disclosure data; https://www.dol.gov/agencies/eta/foreign-labor/performance
2022Q2,tcs,48.75560772022662,new_ttm,DOL OFLC LCA disclosure data; https://www.dol.gov/agencies/eta/foreign-labor/performance
2022Q2,techm,9.911349870573842,new_ttm,DOL OFLC LCA disclosure data; https://www.dol.gov/agencies/eta/foreign-labor/performance
2022Q2,wipro,11.745233821880458,new_ttm,DOL OFLC LCA disclosure data; https://www.dol.gov/agencies/eta/foreign-labor/performance
2022Q2,pooled8,47.336715361370175,new_ttm,DOL OFLC LCA disclosure data; https://www.dol.gov/agencies/eta/foreign-labor/performance
2022Q3,accenture,23.112585533889483,new_ttm,DOL OFLC LCA disclosure data; https://www.dol.gov/agencies/eta/foreign-labor/performance
2022Q3,capgemini,63.79314579574985,new_ttm,DOL OFLC LCA disclosure data; https://www.dol.gov/agencies/eta/foreign-labor/performance
2022Q3,coforge,-6.637506894487257,new_ttm,DOL OFLC LCA disclosure data; https://www.dol.gov/agencies/eta/foreign-labor/performance
2022Q3,cognizant,69.73400588199813,new_ttm,DOL OFLC LCA disclosure data; https://www.dol.gov/agencies/eta/foreign-labor/performance
2022Q3,hcltech,-4.049915069969194,new_ttm,DOL OFLC LCA disclosure data; https://www.dol.gov/agencies/eta/foreign-labor/performance
2022Q3,hexaware,14.45812288111075,new_ttm,DOL OFLC LCA disclosure data; https://www.dol.gov/agencies/eta/foreign-labor/performance
2022Q3,infosys,43.461987397479405,new_ttm,DOL OFLC LCA disclosure data; https://www.dol.gov/agencies/eta/foreign-labor/performance
2022Q3,ltim,52.499479814771654,new_ttm,DOL OFLC LCA disclosure data; https://www.dol.gov/agencies/eta/foreign-labor/performance
2022Q3,mphasis,25.233750783934582,new_ttm,DOL OFLC LCA disclosure data; https://www.dol.gov/agencies/eta/foreign-labor/performance
2022Q3,persistent,39.673142813940984,new_ttm,DOL OFLC LCA disclosure data; https://www.dol.gov/agencies/eta/foreign-labor/performance
2022Q3,tcs,-0.20489477856892893,new_ttm,DOL OFLC LCA disclosure data; https://www.dol.gov/agencies/eta/foreign-labor/performance
2022Q3,techm,-15.884920060881246,new_ttm,DOL OFLC LCA disclosure data; https://www.dol.gov/agencies/eta/foreign-labor/performance
2022Q3,wipro,-13.557665172843777,new_ttm,DOL OFLC LCA disclosure data; https://www.dol.gov/agencies/eta/foreign-labor/performance
2022Q3,pooled8,22.584551633772996,new_ttm,DOL OFLC LCA disclosure data; https://www.dol.gov/agencies/eta/foreign-labor/performance
2022Q4,accenture,-0.15232295405215257,new_ttm,DOL OFLC LCA disclosure data; https://www.dol.gov/agencies/eta/foreign-labor/performance
2022Q4,capgemini,26.36298548709602,new_ttm,DOL OFLC LCA disclosure data; https://www.dol.gov/agencies/eta/foreign-labor/performance
2022Q4,coforge,5.45589842504344,new_ttm,DOL OFLC LCA disclosure data; https://www.dol.gov/agencies/eta/foreign-labor/performance
2022Q4,cognizant,59.28677780423084,new_ttm,DOL OFLC LCA disclosure data; https://www.dol.gov/agencies/eta/foreign-labor/performance
2022Q4,hcltech,1.1808090858608082,new_ttm,DOL OFLC LCA disclosure data; https://www.dol.gov/agencies/eta/foreign-labor/performance
2022Q4,hexaware,-6.453852113757118,new_ttm,DOL OFLC LCA disclosure data; https://www.dol.gov/agencies/eta/foreign-labor/performance
2022Q4,infosys,21.801914965506562,new_ttm,DOL OFLC LCA disclosure data; https://www.dol.gov/agencies/eta/foreign-labor/performance
2022Q4,ltim,35.28726579889938,new_ttm,DOL OFLC LCA disclosure data; https://www.dol.gov/agencies/eta/foreign-labor/performance
2022Q4,mphasis,-10.473221914735095,new_ttm,DOL OFLC LCA disclosure data; https://www.dol.gov/agencies/eta/foreign-labor/performance
2022Q4,persistent,48.55078157817008,new_ttm,DOL OFLC LCA disclosure data; https://www.dol.gov/agencies/eta/foreign-labor/performance
2022Q4,tcs,-12.65861894995155,new_ttm,DOL OFLC LCA disclosure data; https://www.dol.gov/agencies/eta/foreign-labor/performance
2022Q4,techm,-4.928350409063678,new_ttm,DOL OFLC LCA disclosure data; https://www.dol.gov/agencies/eta/foreign-labor/performance
2022Q4,wipro,-31.129979559727882,new_ttm,DOL OFLC LCA disclosure data; https://www.dol.gov/agencies/eta/foreign-labor/performance
2022Q4,pooled8,11.458865974655394,new_ttm,DOL OFLC LCA disclosure data; https://www.dol.gov/agencies/eta/foreign-labor/performance
2023Q1,accenture,-13.465688514625713,new_ttm,DOL OFLC LCA disclosure data; https://www.dol.gov/agencies/eta/foreign-labor/performance
2023Q1,capgemini,-0.7522367394425845,new_ttm,DOL OFLC LCA disclosure data; https://www.dol.gov/agencies/eta/foreign-labor/performance
2023Q1,coforge,0.0,new_ttm,DOL OFLC LCA disclosure data; https://www.dol.gov/agencies/eta/foreign-labor/performance
2023Q1,cognizant,45.24118359321648,new_ttm,DOL OFLC LCA disclosure data; https://www.dol.gov/agencies/eta/foreign-labor/performance
2023Q1,hcltech,-11.521515300034864,new_ttm,DOL OFLC LCA disclosure data; https://www.dol.gov/agencies/eta/foreign-labor/performance
2023Q1,hexaware,-14.310084364067329,new_ttm,DOL OFLC LCA disclosure data; https://www.dol.gov/agencies/eta/foreign-labor/performance
2023Q1,infosys,10.622526159434372,new_ttm,DOL OFLC LCA disclosure data; https://www.dol.gov/agencies/eta/foreign-labor/performance
2023Q1,ltim,18.486716699338828,new_ttm,DOL OFLC LCA disclosure data; https://www.dol.gov/agencies/eta/foreign-labor/performance
2023Q1,mphasis,-30.807916211999505,new_ttm,DOL OFLC LCA disclosure data; https://www.dol.gov/agencies/eta/foreign-labor/performance
2023Q1,persistent,66.4437074677514,new_ttm,DOL OFLC LCA disclosure data; https://www.dol.gov/agencies/eta/foreign-labor/performance
2023Q1,tcs,-29.163540285724466,new_ttm,DOL OFLC LCA disclosure data; https://www.dol.gov/agencies/eta/foreign-labor/performance
2023Q1,techm,-18.62875015699594,new_ttm,DOL OFLC LCA disclosure data; https://www.dol.gov/agencies/eta/foreign-labor/performance
2023Q1,wipro,-21.554685439439478,new_ttm,DOL OFLC LCA disclosure data; https://www.dol.gov/agencies/eta/foreign-labor/performance
2023Q1,pooled8,0.2250825702305388,new_ttm,DOL OFLC LCA disclosure data; https://www.dol.gov/agencies/eta/foreign-labor/performance
2023Q2,accenture,-65.57873658269078,new_ttm,DOL OFLC LCA disclosure data; https://www.dol.gov/agencies/eta/foreign-labor/performance
2023Q2,capgemini,-79.66686332300087,new_ttm,DOL OFLC LCA disclosure data; https://www.dol.gov/agencies/eta/foreign-labor/performance
2023Q2,coforge,17.904823144898547,new_ttm,DOL OFLC LCA disclosure data; https://www.dol.gov/agencies/eta/foreign-labor/performance
2023Q2,cognizant,-23.741727352666338,new_ttm,DOL OFLC LCA disclosure data; https://www.dol.gov/agencies/eta/foreign-labor/performance
2023Q2,hcltech,-51.86055581204941,new_ttm,DOL OFLC LCA disclosure data; https://www.dol.gov/agencies/eta/foreign-labor/performance
2023Q2,hexaware,-56.835640774615705,new_ttm,DOL OFLC LCA disclosure data; https://www.dol.gov/agencies/eta/foreign-labor/performance
2023Q2,infosys,-75.44768718549297,new_ttm,DOL OFLC LCA disclosure data; https://www.dol.gov/agencies/eta/foreign-labor/performance
2023Q2,ltim,-33.45656583506313,new_ttm,DOL OFLC LCA disclosure data; https://www.dol.gov/agencies/eta/foreign-labor/performance
2023Q2,mphasis,-40.888391485694996,new_ttm,DOL OFLC LCA disclosure data; https://www.dol.gov/agencies/eta/foreign-labor/performance
2023Q2,persistent,5.619455834364207,new_ttm,DOL OFLC LCA disclosure data; https://www.dol.gov/agencies/eta/foreign-labor/performance
2023Q2,tcs,-92.08070767093305,new_ttm,DOL OFLC LCA disclosure data; https://www.dol.gov/agencies/eta/foreign-labor/performance
2023Q2,techm,-58.23783228928578,new_ttm,DOL OFLC LCA disclosure data; https://www.dol.gov/agencies/eta/foreign-labor/performance
2023Q2,wipro,-49.02557996039103,new_ttm,DOL OFLC LCA disclosure data; https://www.dol.gov/agencies/eta/foreign-labor/performance
2023Q2,pooled8,-56.70134007536962,new_ttm,DOL OFLC LCA disclosure data; https://www.dol.gov/agencies/eta/foreign-labor/performance
2023Q3,accenture,-30.21561654524698,new_ttm,DOL OFLC LCA disclosure data; https://www.dol.gov/agencies/eta/foreign-labor/performance
2023Q3,capgemini,-76.71431894375047,new_ttm,DOL OFLC LCA disclosure data; https://www.dol.gov/agencies/eta/foreign-labor/performance
2023Q3,coforge,46.2623521948113,new_ttm,DOL OFLC LCA disclosure data; https://www.dol.gov/agencies/eta/foreign-labor/performance
2023Q3,cognizant,-5.942791468113426,new_ttm,DOL OFLC LCA disclosure data; https://www.dol.gov/agencies/eta/foreign-labor/performance
2023Q3,hcltech,-22.464413136524243,new_ttm,DOL OFLC LCA disclosure data; https://www.dol.gov/agencies/eta/foreign-labor/performance
2023Q3,hexaware,-48.03129989045968,new_ttm,DOL OFLC LCA disclosure data; https://www.dol.gov/agencies/eta/foreign-labor/performance
2023Q3,infosys,-39.68971242371112,new_ttm,DOL OFLC LCA disclosure data; https://www.dol.gov/agencies/eta/foreign-labor/performance
2023Q3,ltim,-19.710562929765498,new_ttm,DOL OFLC LCA disclosure data; https://www.dol.gov/agencies/eta/foreign-labor/performance
2023Q3,mphasis,-54.45255422118328,new_ttm,DOL OFLC LCA disclosure data; https://www.dol.gov/agencies/eta/foreign-labor/performance
2023Q3,persistent,28.768207245178086,new_ttm,DOL OFLC LCA disclosure data; https://www.dol.gov/agencies/eta/foreign-labor/performance
2023Q3,tcs,-71.80677133792237,new_ttm,DOL OFLC LCA disclosure data; https://www.dol.gov/agencies/eta/foreign-labor/performance
2023Q3,techm,-19.633875420834165,new_ttm,DOL OFLC LCA disclosure data; https://www.dol.gov/agencies/eta/foreign-labor/performance
2023Q3,wipro,-0.5987843382091916,new_ttm,DOL OFLC LCA disclosure data; https://www.dol.gov/agencies/eta/foreign-labor/performance
2023Q3,pooled8,-28.206866546654464,new_ttm,DOL OFLC LCA disclosure data; https://www.dol.gov/agencies/eta/foreign-labor/performance
2023Q4,accenture,-33.449249029577146,new_ttm,DOL OFLC LCA disclosure data; https://www.dol.gov/agencies/eta/foreign-labor/performance
2023Q4,capgemini,-61.50836451077899,new_ttm,DOL OFLC LCA disclosure data; https://www.dol.gov/agencies/eta/foreign-labor/performance
2023Q4,coforge,37.85576551882401,new_ttm,DOL OFLC LCA disclosure data; https://www.dol.gov/agencies/eta/foreign-labor/performance
2023Q4,cognizant,-8.659797081217846,new_ttm,DOL OFLC LCA disclosure data; https://www.dol.gov/agencies/eta/foreign-labor/performance
2023Q4,hcltech,-20.517201337549324,new_ttm,DOL OFLC LCA disclosure data; https://www.dol.gov/agencies/eta/foreign-labor/performance
2023Q4,hexaware,-20.025925748062193,new_ttm,DOL OFLC LCA disclosure data; https://www.dol.gov/agencies/eta/foreign-labor/performance
2023Q4,infosys,-31.03658765168356,new_ttm,DOL OFLC LCA disclosure data; https://www.dol.gov/agencies/eta/foreign-labor/performance
2023Q4,ltim,-18.43235594646277,new_ttm,DOL OFLC LCA disclosure data; https://www.dol.gov/agencies/eta/foreign-labor/performance
2023Q4,mphasis,-31.65615829664967,new_ttm,DOL OFLC LCA disclosure data; https://www.dol.gov/agencies/eta/foreign-labor/performance
2023Q4,persistent,28.905475626375303,new_ttm,DOL OFLC LCA disclosure data; https://www.dol.gov/agencies/eta/foreign-labor/performance
2023Q4,tcs,-70.76331895456075,new_ttm,DOL OFLC LCA disclosure data; https://www.dol.gov/agencies/eta/foreign-labor/performance
2023Q4,techm,-11.810692229889089,new_ttm,DOL OFLC LCA disclosure data; https://www.dol.gov/agencies/eta/foreign-labor/performance
2023Q4,wipro,9.556610253887682,new_ttm,DOL OFLC LCA disclosure data; https://www.dol.gov/agencies/eta/foreign-labor/performance
2023Q4,pooled8,-25.695817445653653,new_ttm,DOL OFLC LCA disclosure data; https://www.dol.gov/agencies/eta/foreign-labor/performance
2024Q1,accenture,-28.850140883518332,new_ttm,DOL OFLC LCA disclosure data; https://www.dol.gov/agencies/eta/foreign-labor/performance
2024Q1,capgemini,-49.32060832074532,new_ttm,DOL OFLC LCA disclosure data; https://www.dol.gov/agencies/eta/foreign-labor/performance
2024Q1,coforge,50.13468798114469,new_ttm,DOL OFLC LCA disclosure data; https://www.dol.gov/agencies/eta/foreign-labor/performance
2024Q1,cognizant,-16.34730082565313,new_ttm,DOL OFLC LCA disclosure data; https://www.dol.gov/agencies/eta/foreign-labor/performance
2024Q1,hcltech,-24.41122931639543,new_ttm,DOL OFLC LCA disclosure data; https://www.dol.gov/agencies/eta/foreign-labor/performance
2024Q1,hexaware,-8.004270767353637,new_ttm,DOL OFLC LCA disclosure data; https://www.dol.gov/agencies/eta/foreign-labor/performance
2024Q1,infosys,-20.753056860776237,new_ttm,DOL OFLC LCA disclosure data; https://www.dol.gov/agencies/eta/foreign-labor/performance
2024Q1,ltim,-13.071051628288128,new_ttm,DOL OFLC LCA disclosure data; https://www.dol.gov/agencies/eta/foreign-labor/performance
2024Q1,mphasis,-22.00379587560566,new_ttm,DOL OFLC LCA disclosure data; https://www.dol.gov/agencies/eta/foreign-labor/performance
2024Q1,persistent,15.692076470107386,new_ttm,DOL OFLC LCA disclosure data; https://www.dol.gov/agencies/eta/foreign-labor/performance
2024Q1,tcs,-50.69147192742815,new_ttm,DOL OFLC LCA disclosure data; https://www.dol.gov/agencies/eta/foreign-labor/performance
2024Q1,techm,-3.7147128191946654,new_ttm,DOL OFLC LCA disclosure data; https://www.dol.gov/agencies/eta/foreign-labor/performance
2024Q1,wipro,9.452592695075241,new_ttm,DOL OFLC LCA disclosure data; https://www.dol.gov/agencies/eta/foreign-labor/performance
2024Q1,pooled8,-22.06368162867639,new_ttm,DOL OFLC LCA disclosure data; https://www.dol.gov/agencies/eta/foreign-labor/performance
2024Q2,accenture,40.8951456787602,new_ttm,DOL OFLC LCA disclosure data; https://www.dol.gov/agencies/eta/foreign-labor/performance
2024Q2,capgemini,14.933624965795728,new_ttm,DOL OFLC LCA disclosure data; https://www.dol.gov/agencies/eta/foreign-labor/performance
2024Q2,coforge,33.76425117694032,new_ttm,DOL OFLC LCA disclosure data; https://www.dol.gov/agencies/eta/foreign-labor/performance
2024Q2,cognizant,30.57750227312298,new_ttm,DOL OFLC LCA disclosure data; https://www.dol.gov/agencies/eta/foreign-labor/performance
2024Q2,hcltech,52.946505446713466,new_ttm,DOL OFLC LCA disclosure data; https://www.dol.gov/agencies/eta/foreign-labor/performance
2024Q2,hexaware,66.48166739337194,new_ttm,DOL OFLC LCA disclosure data; https://www.dol.gov/agencies/eta/foreign-labor/performance
2024Q2,infosys,48.606106614159415,new_ttm,DOL OFLC LCA disclosure data; https://www.dol.gov/agencies/eta/foreign-labor/performance
2024Q2,ltim,35.81405361003424,new_ttm,DOL OFLC LCA disclosure data; https://www.dol.gov/agencies/eta/foreign-labor/performance
2024Q2,mphasis,-5.093286908179258,new_ttm,DOL OFLC LCA disclosure data; https://www.dol.gov/agencies/eta/foreign-labor/performance
2024Q2,persistent,116.38336367355917,new_ttm,DOL OFLC LCA disclosure data; https://www.dol.gov/agencies/eta/foreign-labor/performance
2024Q2,tcs,46.276036999567594,new_ttm,DOL OFLC LCA disclosure data; https://www.dol.gov/agencies/eta/foreign-labor/performance
2024Q2,techm,56.81781935137427,new_ttm,DOL OFLC LCA disclosure data; https://www.dol.gov/agencies/eta/foreign-labor/performance
2024Q2,wipro,4.726205012271369,new_ttm,DOL OFLC LCA disclosure data; https://www.dol.gov/agencies/eta/foreign-labor/performance
2024Q2,pooled8,39.031202769287255,new_ttm,DOL OFLC LCA disclosure data; https://www.dol.gov/agencies/eta/foreign-labor/performance
2024Q3,accenture,15.059341790124419,new_ttm,DOL OFLC LCA disclosure data; https://www.dol.gov/agencies/eta/foreign-labor/performance
2024Q3,capgemini,8.124767227287979,new_ttm,DOL OFLC LCA disclosure data; https://www.dol.gov/agencies/eta/foreign-labor/performance
2024Q3,coforge,-9.716374845364774,new_ttm,DOL OFLC LCA disclosure data; https://www.dol.gov/agencies/eta/foreign-labor/performance
2024Q3,cognizant,-11.08545342421252,new_ttm,DOL OFLC LCA disclosure data; https://www.dol.gov/agencies/eta/foreign-labor/performance
2024Q3,hcltech,37.66114042115572,new_ttm,DOL OFLC LCA disclosure data; https://www.dol.gov/agencies/eta/foreign-labor/performance
2024Q3,hexaware,63.446367873185515,new_ttm,DOL OFLC LCA disclosure data; https://www.dol.gov/agencies/eta/foreign-labor/performance
2024Q3,infosys,0.9099243855114089,new_ttm,DOL OFLC LCA disclosure data; https://www.dol.gov/agencies/eta/foreign-labor/performance
2024Q3,ltim,10.036585668373572,new_ttm,DOL OFLC LCA disclosure data; https://www.dol.gov/agencies/eta/foreign-labor/performance
2024Q3,mphasis,1.600034134644112,new_ttm,DOL OFLC LCA disclosure data; https://www.dol.gov/agencies/eta/foreign-labor/performance
2024Q3,persistent,95.07769079453243,new_ttm,DOL OFLC LCA disclosure data; https://www.dol.gov/agencies/eta/foreign-labor/performance
2024Q3,tcs,47.81479441874214,new_ttm,DOL OFLC LCA disclosure data; https://www.dol.gov/agencies/eta/foreign-labor/performance
2024Q3,techm,16.02876158163394,new_ttm,DOL OFLC LCA disclosure data; https://www.dol.gov/agencies/eta/foreign-labor/performance
2024Q3,wipro,-55.218331289635344,new_ttm,DOL OFLC LCA disclosure data; https://www.dol.gov/agencies/eta/foreign-labor/performance
2024Q3,pooled8,8.774758339922604,new_ttm,DOL OFLC LCA disclosure data; https://www.dol.gov/agencies/eta/foreign-labor/performance
2024Q4,accenture,28.688303125864827,new_ttm,DOL OFLC LCA disclosure data; https://www.dol.gov/agencies/eta/foreign-labor/performance
2024Q4,capgemini,-7.115153395498942,new_ttm,DOL OFLC LCA disclosure data; https://www.dol.gov/agencies/eta/foreign-labor/performance
2024Q4,coforge,-12.921173148000623,new_ttm,DOL OFLC LCA disclosure data; https://www.dol.gov/agencies/eta/foreign-labor/performance
2024Q4,cognizant,-10.158870543417422,new_ttm,DOL OFLC LCA disclosure data; https://www.dol.gov/agencies/eta/foreign-labor/performance
2024Q4,hcltech,32.79872781231734,new_ttm,DOL OFLC LCA disclosure data; https://www.dol.gov/agencies/eta/foreign-labor/performance
2024Q4,hexaware,51.80393610896823,new_ttm,DOL OFLC LCA disclosure data; https://www.dol.gov/agencies/eta/foreign-labor/performance
2024Q4,infosys,-0.45310453596001377,new_ttm,DOL OFLC LCA disclosure data; https://www.dol.gov/agencies/eta/foreign-labor/performance
2024Q4,ltim,12.173868427300647,new_ttm,DOL OFLC LCA disclosure data; https://www.dol.gov/agencies/eta/foreign-labor/performance
2024Q4,mphasis,-13.32613777720653,new_ttm,DOL OFLC LCA disclosure data; https://www.dol.gov/agencies/eta/foreign-labor/performance
2024Q4,persistent,90.05293106100834,new_ttm,DOL OFLC LCA disclosure data; https://www.dol.gov/agencies/eta/foreign-labor/performance
2024Q4,tcs,48.490901336859885,new_ttm,DOL OFLC LCA disclosure data; https://www.dol.gov/agencies/eta/foreign-labor/performance
2024Q4,techm,19.53557746328615,new_ttm,DOL OFLC LCA disclosure data; https://www.dol.gov/agencies/eta/foreign-labor/performance
2024Q4,wipro,-56.645833253715196,new_ttm,DOL OFLC LCA disclosure data; https://www.dol.gov/agencies/eta/foreign-labor/performance
2024Q4,pooled8,9.26779593133205,new_ttm,DOL OFLC LCA disclosure data; https://www.dol.gov/agencies/eta/foreign-labor/performance
2025Q1,accenture,29.258805122063546,new_ttm,DOL OFLC LCA disclosure data; https://www.dol.gov/agencies/eta/foreign-labor/performance
2025Q1,capgemini,-2.9806128032701933,new_ttm,DOL OFLC LCA disclosure data; https://www.dol.gov/agencies/eta/foreign-labor/performance
2025Q1,coforge,-21.602608354534578,new_ttm,DOL OFLC LCA disclosure data; https://www.dol.gov/agencies/eta/foreign-labor/performance
2025Q1,cognizant,-3.866824082562558,new_ttm,DOL OFLC LCA disclosure data; https://www.dol.gov/agencies/eta/foreign-labor/performance
2025Q1,hcltech,37.00108777503599,new_ttm,DOL OFLC LCA disclosure data; https://www.dol.gov/agencies/eta/foreign-labor/performance
2025Q1,hexaware,42.744401482693966,new_ttm,DOL OFLC LCA disclosure data; https://www.dol.gov/agencies/eta/foreign-labor/performance
2025Q1,infosys,-9.967128571333733,new_ttm,DOL OFLC LCA disclosure data; https://www.dol.gov/agencies/eta/foreign-labor/performance
2025Q1,ltim,11.7201601286178,new_ttm,DOL OFLC LCA disclosure data; https://www.dol.gov/agencies/eta/foreign-labor/performance
2025Q1,mphasis,-7.023949537580157,new_ttm,DOL OFLC LCA disclosure data; https://www.dol.gov/agencies/eta/foreign-labor/performance
2025Q1,persistent,97.97913701993062,new_ttm,DOL OFLC LCA disclosure data; https://www.dol.gov/agencies/eta/foreign-labor/performance
2025Q1,tcs,14.434458973762856,new_ttm,DOL OFLC LCA disclosure data; https://www.dol.gov/agencies/eta/foreign-labor/performance
2025Q1,techm,19.7489778267126,new_ttm,DOL OFLC LCA disclosure data; https://www.dol.gov/agencies/eta/foreign-labor/performance
2025Q1,wipro,-57.095571453496476,new_ttm,DOL OFLC LCA disclosure data; https://www.dol.gov/agencies/eta/foreign-labor/performance
2025Q1,pooled8,3.9443026689357024,new_ttm,DOL OFLC LCA disclosure data; https://www.dol.gov/agencies/eta/foreign-labor/performance
2025Q2,accenture,-41.01162792838953,new_ttm,DOL OFLC LCA disclosure data; https://www.dol.gov/agencies/eta/foreign-labor/performance
2025Q2,capgemini,-40.34469439519272,new_ttm,DOL OFLC LCA disclosure data; https://www.dol.gov/agencies/eta/foreign-labor/performance
2025Q2,coforge,4.011999378942535,new_ttm,DOL OFLC LCA disclosure data; https://www.dol.gov/agencies/eta/foreign-labor/performance
2025Q2,cognizant,-56.93287154768846,new_ttm,DOL OFLC LCA disclosure data; https://www.dol.gov/agencies/eta/foreign-labor/performance
2025Q2,hcltech,-41.388030503344886,new_ttm,DOL OFLC LCA disclosure data; https://www.dol.gov/agencies/eta/foreign-labor/performance
2025Q2,hexaware,-22.09906979531087,new_ttm,DOL OFLC LCA disclosure data; https://www.dol.gov/agencies/eta/foreign-labor/performance
2025Q2,infosys,-21.196000822511056,new_ttm,DOL OFLC LCA disclosure data; https://www.dol.gov/agencies/eta/foreign-labor/performance
2025Q2,ltim,-56.803886066453146,new_ttm,DOL OFLC LCA disclosure data; https://www.dol.gov/agencies/eta/foreign-labor/performance
2025Q2,mphasis,-3.2970019237569828,new_ttm,DOL OFLC LCA disclosure data; https://www.dol.gov/agencies/eta/foreign-labor/performance
2025Q2,persistent,-81.2638158561485,new_ttm,DOL OFLC LCA disclosure data; https://www.dol.gov/agencies/eta/foreign-labor/performance
2025Q2,tcs,-30.73567637623011,new_ttm,DOL OFLC LCA disclosure data; https://www.dol.gov/agencies/eta/foreign-labor/performance
2025Q2,techm,-30.357595720579706,new_ttm,DOL OFLC LCA disclosure data; https://www.dol.gov/agencies/eta/foreign-labor/performance
2025Q2,wipro,-24.047922795658543,new_ttm,DOL OFLC LCA disclosure data; https://www.dol.gov/agencies/eta/foreign-labor/performance
2025Q2,pooled8,-39.123238615170386,new_ttm,DOL OFLC LCA disclosure data; https://www.dol.gov/agencies/eta/foreign-labor/performance
2025Q3,accenture,-58.270093496741616,new_ttm,DOL OFLC LCA disclosure data; https://www.dol.gov/agencies/eta/foreign-labor/performance
2025Q3,capgemini,-35.95693019650969,new_ttm,DOL OFLC LCA disclosure data; https://www.dol.gov/agencies/eta/foreign-labor/performance
2025Q3,coforge,27.22576021261492,new_ttm,DOL OFLC LCA disclosure data; https://www.dol.gov/agencies/eta/foreign-labor/performance
2025Q3,cognizant,-44.6693382519868,new_ttm,DOL OFLC LCA disclosure data; https://www.dol.gov/agencies/eta/foreign-labor/performance
2025Q3,hcltech,-59.12587276966814,new_ttm,DOL OFLC LCA disclosure data; https://www.dol.gov/agencies/eta/foreign-labor/performance
2025Q3,hexaware,-30.990520923649118,new_ttm,DOL OFLC LCA disclosure data; https://www.dol.gov/agencies/eta/foreign-labor/performance
2025Q3,infosys,-10.39524896784479,new_ttm,DOL OFLC LCA disclosure data; https://www.dol.gov/agencies/eta/foreign-labor/performance
2025Q3,ltim,-43.04528286162766,new_ttm,DOL OFLC LCA disclosure data; https://www.dol.gov/agencies/eta/foreign-labor/performance
2025Q3,mphasis,7.268973336827756,new_ttm,DOL OFLC LCA disclosure data; https://www.dol.gov/agencies/eta/foreign-labor/performance
2025Q3,persistent,-89.11848107430788,new_ttm,DOL OFLC LCA disclosure data; https://www.dol.gov/agencies/eta/foreign-labor/performance
2025Q3,tcs,-45.09510616485575,new_ttm,DOL OFLC LCA disclosure data; https://www.dol.gov/agencies/eta/foreign-labor/performance
2025Q3,techm,-18.282801413574997,new_ttm,DOL OFLC LCA disclosure data; https://www.dol.gov/agencies/eta/foreign-labor/performance
2025Q3,wipro,-4.073584119294205,new_ttm,DOL OFLC LCA disclosure data; https://www.dol.gov/agencies/eta/foreign-labor/performance
2025Q3,pooled8,-37.73695324465617,new_ttm,DOL OFLC LCA disclosure data; https://www.dol.gov/agencies/eta/foreign-labor/performance
2025Q4,accenture,-69.23481393668125,new_ttm,DOL OFLC LCA disclosure data; https://www.dol.gov/agencies/eta/foreign-labor/performance
2025Q4,capgemini,-31.008126076540705,new_ttm,DOL OFLC LCA disclosure data; https://www.dol.gov/agencies/eta/foreign-labor/performance
2025Q4,coforge,29.112441664275373,new_ttm,DOL OFLC LCA disclosure data; https://www.dol.gov/agencies/eta/foreign-labor/performance
2025Q4,cognizant,-65.28188211415531,new_ttm,DOL OFLC LCA disclosure data; https://www.dol.gov/agencies/eta/foreign-labor/performance
2025Q4,hcltech,-63.05081116034014,new_ttm,DOL OFLC LCA disclosure data; https://www.dol.gov/agencies/eta/foreign-labor/performance
2025Q4,hexaware,-48.24800590531955,new_ttm,DOL OFLC LCA disclosure data; https://www.dol.gov/agencies/eta/foreign-labor/performance
2025Q4,infosys,-18.232155679395458,new_ttm,DOL OFLC LCA disclosure data; https://www.dol.gov/agencies/eta/foreign-labor/performance
2025Q4,ltim,-60.68457787510081,new_ttm,DOL OFLC LCA disclosure data; https://www.dol.gov/agencies/eta/foreign-labor/performance
2025Q4,mphasis,20.615338004009686,new_ttm,DOL OFLC LCA disclosure data; https://www.dol.gov/agencies/eta/foreign-labor/performance
2025Q4,persistent,-102.76147389287802,new_ttm,DOL OFLC LCA disclosure data; https://www.dol.gov/agencies/eta/foreign-labor/performance
2025Q4,tcs,-49.66508312452821,new_ttm,DOL OFLC LCA disclosure data; https://www.dol.gov/agencies/eta/foreign-labor/performance
2025Q4,techm,-41.44985932058323,new_ttm,DOL OFLC LCA disclosure data; https://www.dol.gov/agencies/eta/foreign-labor/performance
2025Q4,wipro,-14.284212577106556,new_ttm,DOL OFLC LCA disclosure data; https://www.dol.gov/agencies/eta/foreign-labor/performance
2025Q4,pooled8,-49.19360955617354,new_ttm,DOL OFLC LCA disclosure data; https://www.dol.gov/agencies/eta/foreign-labor/performance
2026Q1,accenture,-71.95950031035548,new_ttm,DOL OFLC LCA disclosure data; https://www.dol.gov/agencies/eta/foreign-labor/performance
2026Q1,capgemini,-40.825562217728844,new_ttm,DOL OFLC LCA disclosure data; https://www.dol.gov/agencies/eta/foreign-labor/performance
2026Q1,coforge,44.03118394383325,new_ttm,DOL OFLC LCA disclosure data; https://www.dol.gov/agencies/eta/foreign-labor/performance
2026Q1,cognizant,-78.54203257011095,new_ttm,DOL OFLC LCA disclosure data; https://www.dol.gov/agencies/eta/foreign-labor/performance
2026Q1,hcltech,-67.18222961012388,new_ttm,DOL OFLC LCA disclosure data; https://www.dol.gov/agencies/eta/foreign-labor/performance
2026Q1,hexaware,-60.47780301098551,new_ttm,DOL OFLC LCA disclosure data; https://www.dol.gov/agencies/eta/foreign-labor/performance
2026Q1,infosys,-16.932939850030166,new_ttm,DOL OFLC LCA disclosure data; https://www.dol.gov/agencies/eta/foreign-labor/performance
2026Q1,ltim,-65.31558817234423,new_ttm,DOL OFLC LCA disclosure data; https://www.dol.gov/agencies/eta/foreign-labor/performance
2026Q1,mphasis,20.255891354582552,new_ttm,DOL OFLC LCA disclosure data; https://www.dol.gov/agencies/eta/foreign-labor/performance
2026Q1,persistent,-134.06243242867023,new_ttm,DOL OFLC LCA disclosure data; https://www.dol.gov/agencies/eta/foreign-labor/performance
2026Q1,tcs,-33.3904841115967,new_ttm,DOL OFLC LCA disclosure data; https://www.dol.gov/agencies/eta/foreign-labor/performance
2026Q1,techm,-49.54133447711039,new_ttm,DOL OFLC LCA disclosure data; https://www.dol.gov/agencies/eta/foreign-labor/performance
2026Q1,wipro,-10.75501377281942,new_ttm,DOL OFLC LCA disclosure data; https://www.dol.gov/agencies/eta/foreign-labor/performance
2026Q1,pooled8,-49.92049781374035,new_ttm,DOL OFLC LCA disclosure data; https://www.dol.gov/agencies/eta/foreign-labor/performance
2026Q2,accenture,-166.08538986812,new_ttm,DOL OFLC LCA disclosure data; https://www.dol.gov/agencies/eta/foreign-labor/performance
2026Q2,capgemini,-97.5467309870341,new_ttm,DOL OFLC LCA disclosure data; https://www.dol.gov/agencies/eta/foreign-labor/performance
2026Q2,coforge,-6.979576193554197,new_ttm,DOL OFLC LCA disclosure data; https://www.dol.gov/agencies/eta/foreign-labor/performance
2026Q2,cognizant,-202.9872778702708,new_ttm,DOL OFLC LCA disclosure data; https://www.dol.gov/agencies/eta/foreign-labor/performance
2026Q2,hcltech,-103.38537213199466,new_ttm,DOL OFLC LCA disclosure data; https://www.dol.gov/agencies/eta/foreign-labor/performance
2026Q2,hexaware,-62.057648772511,new_ttm,DOL OFLC LCA disclosure data; https://www.dol.gov/agencies/eta/foreign-labor/performance
2026Q2,infosys,-150.11191513603035,new_ttm,DOL OFLC LCA disclosure data; https://www.dol.gov/agencies/eta/foreign-labor/performance
2026Q2,ltim,-94.0709259222301,new_ttm,DOL OFLC LCA disclosure data; https://www.dol.gov/agencies/eta/foreign-labor/performance
2026Q2,mphasis,-11.221199060692813,new_ttm,DOL OFLC LCA disclosure data; https://www.dol.gov/agencies/eta/foreign-labor/performance
2026Q2,persistent,-38.453189844169856,new_ttm,DOL OFLC LCA disclosure data; https://www.dol.gov/agencies/eta/foreign-labor/performance
2026Q2,tcs,-179.05739326339534,new_ttm,DOL OFLC LCA disclosure data; https://www.dol.gov/agencies/eta/foreign-labor/performance
2026Q2,techm,-128.8413311893357,new_ttm,DOL OFLC LCA disclosure data; https://www.dol.gov/agencies/eta/foreign-labor/performance
2026Q2,wipro,-47.92038722089566,new_ttm,DOL OFLC LCA disclosure data; https://www.dol.gov/agencies/eta/foreign-labor/performance
2026Q2,pooled8,-138.94964069555692,new_ttm,DOL OFLC LCA disclosure data; https://www.dol.gov/agencies/eta/foreign-labor/performance
2018Q3,accenture,-10.2419066712857,existing_ttm,DOL OFLC LCA disclosure data; https://www.dol.gov/agencies/eta/foreign-labor/performance
2018Q3,capgemini,-22.786111349763868,existing_ttm,DOL OFLC LCA disclosure data; https://www.dol.gov/agencies/eta/foreign-labor/performance
2018Q3,coforge,-8.107825209714576,existing_ttm,DOL OFLC LCA disclosure data; https://www.dol.gov/agencies/eta/foreign-labor/performance
2018Q3,cognizant,118.60912904685175,existing_ttm,DOL OFLC LCA disclosure data; https://www.dol.gov/agencies/eta/foreign-labor/performance
2018Q3,hcltech,-77.66079159430953,existing_ttm,DOL OFLC LCA disclosure data; https://www.dol.gov/agencies/eta/foreign-labor/performance
2018Q3,hexaware,-15.938903648884725,existing_ttm,DOL OFLC LCA disclosure data; https://www.dol.gov/agencies/eta/foreign-labor/performance
2018Q3,infosys,-44.05436163284385,existing_ttm,DOL OFLC LCA disclosure data; https://www.dol.gov/agencies/eta/foreign-labor/performance
2018Q3,ltim,19.01631456091681,existing_ttm,DOL OFLC LCA disclosure data; https://www.dol.gov/agencies/eta/foreign-labor/performance
2018Q3,mphasis,-16.482229345091458,existing_ttm,DOL OFLC LCA disclosure data; https://www.dol.gov/agencies/eta/foreign-labor/performance
2018Q3,persistent,6.5813218569571825,existing_ttm,DOL OFLC LCA disclosure data; https://www.dol.gov/agencies/eta/foreign-labor/performance
2018Q3,tcs,-21.207505823716822,existing_ttm,DOL OFLC LCA disclosure data; https://www.dol.gov/agencies/eta/foreign-labor/performance
2018Q3,techm,-3.6396422391519425,existing_ttm,DOL OFLC LCA disclosure data; https://www.dol.gov/agencies/eta/foreign-labor/performance
2018Q3,wipro,-10.413337620493163,existing_ttm,DOL OFLC LCA disclosure data; https://www.dol.gov/agencies/eta/foreign-labor/performance
2018Q3,pooled8,-16.882104445311345,existing_ttm,DOL OFLC LCA disclosure data; https://www.dol.gov/agencies/eta/foreign-labor/performance
2018Q4,accenture,-19.701844110766043,existing_ttm,DOL OFLC LCA disclosure data; https://www.dol.gov/agencies/eta/foreign-labor/performance
2018Q4,capgemini,-30.993580871079462,existing_ttm,DOL OFLC LCA disclosure data; https://www.dol.gov/agencies/eta/foreign-labor/performance
2018Q4,coforge,-0.06497791083309079,existing_ttm,DOL OFLC LCA disclosure data; https://www.dol.gov/agencies/eta/foreign-labor/performance
2018Q4,cognizant,211.71387168369438,existing_ttm,DOL OFLC LCA disclosure data; https://www.dol.gov/agencies/eta/foreign-labor/performance
2018Q4,hcltech,-59.38309990011299,existing_ttm,DOL OFLC LCA disclosure data; https://www.dol.gov/agencies/eta/foreign-labor/performance
2018Q4,hexaware,-19.290366612449155,existing_ttm,DOL OFLC LCA disclosure data; https://www.dol.gov/agencies/eta/foreign-labor/performance
2018Q4,infosys,-43.365833055838245,existing_ttm,DOL OFLC LCA disclosure data; https://www.dol.gov/agencies/eta/foreign-labor/performance
2018Q4,ltim,27.510402104702376,existing_ttm,DOL OFLC LCA disclosure data; https://www.dol.gov/agencies/eta/foreign-labor/performance
2018Q4,mphasis,-13.30590349448395,existing_ttm,DOL OFLC LCA disclosure data; https://www.dol.gov/agencies/eta/foreign-labor/performance
2018Q4,persistent,10.956220251152624,existing_ttm,DOL OFLC LCA disclosure data; https://www.dol.gov/agencies/eta/foreign-labor/performance
2018Q4,tcs,-26.132586706092116,existing_ttm,DOL OFLC LCA disclosure data; https://www.dol.gov/agencies/eta/foreign-labor/performance
2018Q4,techm,-10.515439383910207,existing_ttm,DOL OFLC LCA disclosure data; https://www.dol.gov/agencies/eta/foreign-labor/performance
2018Q4,wipro,-30.259445685261245,existing_ttm,DOL OFLC LCA disclosure data; https://www.dol.gov/agencies/eta/foreign-labor/performance
2018Q4,pooled8,-7.893079136838608,existing_ttm,DOL OFLC LCA disclosure data; https://www.dol.gov/agencies/eta/foreign-labor/performance
2019Q1,accenture,-25.486417511903937,existing_ttm,DOL OFLC LCA disclosure data; https://www.dol.gov/agencies/eta/foreign-labor/performance
2019Q1,capgemini,-14.461396428556236,existing_ttm,DOL OFLC LCA disclosure data; https://www.dol.gov/agencies/eta/foreign-labor/performance
2019Q1,coforge,-2.1376004652314906,existing_ttm,DOL OFLC LCA disclosure data; https://www.dol.gov/agencies/eta/foreign-labor/performance
2019Q1,cognizant,242.76332180228573,existing_ttm,DOL OFLC LCA disclosure data; https://www.dol.gov/agencies/eta/foreign-labor/performance
2019Q1,hcltech,9.378997837725393,existing_ttm,DOL OFLC LCA disclosure data; https://www.dol.gov/agencies/eta/foreign-labor/performance
2019Q1,hexaware,-15.733309246540944,existing_ttm,DOL OFLC LCA disclosure data; https://www.dol.gov/agencies/eta/foreign-labor/performance
2019Q1,infosys,-43.45965415837001,existing_ttm,DOL OFLC LCA disclosure data; https://www.dol.gov/agencies/eta/foreign-labor/performance
2019Q1,ltim,29.59504041835313,existing_ttm,DOL OFLC LCA disclosure data; https://www.dol.gov/agencies/eta/foreign-labor/performance
2019Q1,mphasis,-30.06268605921904,existing_ttm,DOL OFLC LCA disclosure data; https://www.dol.gov/agencies/eta/foreign-labor/performance
2019Q1,persistent,-6.477083615778205,existing_ttm,DOL OFLC LCA disclosure data; https://www.dol.gov/agencies/eta/foreign-labor/performance
2019Q1,tcs,-35.955184258669064,existing_ttm,DOL OFLC LCA disclosure data; https://www.dol.gov/agencies/eta/foreign-labor/performance
2019Q1,techm,-23.84530129056497,existing_ttm,DOL OFLC LCA disclosure data; https://www.dol.gov/agencies/eta/foreign-labor/performance
2019Q1,wipro,-59.95126377702189,existing_ttm,DOL OFLC LCA disclosure data; https://www.dol.gov/agencies/eta/foreign-labor/performance
2019Q1,pooled8,3.1530212039540406,existing_ttm,DOL OFLC LCA disclosure data; https://www.dol.gov/agencies/eta/foreign-labor/performance
2019Q2,accenture,-22.199610425773297,existing_ttm,DOL OFLC LCA disclosure data; https://www.dol.gov/agencies/eta/foreign-labor/performance
2019Q2,capgemini,-1.1331435928663713,existing_ttm,DOL OFLC LCA disclosure data; https://www.dol.gov/agencies/eta/foreign-labor/performance
2019Q2,coforge,17.55295569570191,existing_ttm,DOL OFLC LCA disclosure data; https://www.dol.gov/agencies/eta/foreign-labor/performance
2019Q2,cognizant,285.20414842554845,existing_ttm,DOL OFLC LCA disclosure data; https://www.dol.gov/agencies/eta/foreign-labor/performance
2019Q2,hcltech,52.43192644587954,existing_ttm,DOL OFLC LCA disclosure data; https://www.dol.gov/agencies/eta/foreign-labor/performance
2019Q2,hexaware,-17.140787691502087,existing_ttm,DOL OFLC LCA disclosure data; https://www.dol.gov/agencies/eta/foreign-labor/performance
2019Q2,infosys,-27.84184720640462,existing_ttm,DOL OFLC LCA disclosure data; https://www.dol.gov/agencies/eta/foreign-labor/performance
2019Q2,ltim,-0.24049590723918252,existing_ttm,DOL OFLC LCA disclosure data; https://www.dol.gov/agencies/eta/foreign-labor/performance
2019Q2,mphasis,-3.2455106357169714,existing_ttm,DOL OFLC LCA disclosure data; https://www.dol.gov/agencies/eta/foreign-labor/performance
2019Q2,persistent,-19.793578459550545,existing_ttm,DOL OFLC LCA disclosure data; https://www.dol.gov/agencies/eta/foreign-labor/performance
2019Q2,tcs,-30.040942082906685,existing_ttm,DOL OFLC LCA disclosure data; https://www.dol.gov/agencies/eta/foreign-labor/performance
2019Q2,techm,-27.60979590293926,existing_ttm,DOL OFLC LCA disclosure data; https://www.dol.gov/agencies/eta/foreign-labor/performance
2019Q2,wipro,-83.72838086035351,existing_ttm,DOL OFLC LCA disclosure data; https://www.dol.gov/agencies/eta/foreign-labor/performance
2019Q2,pooled8,22.631914002026253,existing_ttm,DOL OFLC LCA disclosure data; https://www.dol.gov/agencies/eta/foreign-labor/performance
2019Q3,accenture,-30.077025681941095,existing_ttm,DOL OFLC LCA disclosure data; https://www.dol.gov/agencies/eta/foreign-labor/performance
2019Q3,capgemini,17.241595029839278,existing_ttm,DOL OFLC LCA disclosure data; https://www.dol.gov/agencies/eta/foreign-labor/performance
2019Q3,coforge,24.57766465620704,existing_ttm,DOL OFLC LCA disclosure data; https://www.dol.gov/agencies/eta/foreign-labor/performance
2019Q3,cognizant,162.37652209760157,existing_ttm,DOL OFLC LCA disclosure data; https://www.dol.gov/agencies/eta/foreign-labor/performance
2019Q3,hcltech,71.79362879758567,existing_ttm,DOL OFLC LCA disclosure data; https://www.dol.gov/agencies/eta/foreign-labor/performance
2019Q3,hexaware,-3.745756253490044,existing_ttm,DOL OFLC LCA disclosure data; https://www.dol.gov/agencies/eta/foreign-labor/performance
2019Q3,infosys,-19.076729511689287,existing_ttm,DOL OFLC LCA disclosure data; https://www.dol.gov/agencies/eta/foreign-labor/performance
2019Q3,ltim,2.134742984893898,existing_ttm,DOL OFLC LCA disclosure data; https://www.dol.gov/agencies/eta/foreign-labor/performance
2019Q3,mphasis,22.724725670095268,existing_ttm,DOL OFLC LCA disclosure data; https://www.dol.gov/agencies/eta/foreign-labor/performance
2019Q3,persistent,-32.88579866359675,existing_ttm,DOL OFLC LCA disclosure data; https://www.dol.gov/agencies/eta/foreign-labor/performance
2019Q3,tcs,-19.127005755696064,existing_ttm,DOL OFLC LCA disclosure data; https://www.dol.gov/agencies/eta/foreign-labor/performance
2019Q3,techm,-30.474871992908596,existing_ttm,DOL OFLC LCA disclosure data; https://www.dol.gov/agencies/eta/foreign-labor/performance
2019Q3,wipro,-78.31497665879176,existing_ttm,DOL OFLC LCA disclosure data; https://www.dol.gov/agencies/eta/foreign-labor/performance
2019Q3,pooled8,24.80676988974476,existing_ttm,DOL OFLC LCA disclosure data; https://www.dol.gov/agencies/eta/foreign-labor/performance
2019Q4,accenture,-12.817953201642815,existing_ttm,DOL OFLC LCA disclosure data; https://www.dol.gov/agencies/eta/foreign-labor/performance
2019Q4,capgemini,24.671318741977665,existing_ttm,DOL OFLC LCA disclosure data; https://www.dol.gov/agencies/eta/foreign-labor/performance
2019Q4,coforge,13.75396634497488,existing_ttm,DOL OFLC LCA disclosure data; https://www.dol.gov/agencies/eta/foreign-labor/performance
2019Q4,cognizant,111.77071709121533,existing_ttm,DOL OFLC LCA disclosure data; https://www.dol.gov/agencies/eta/foreign-labor/performance
2019Q4,hcltech,96.74130284892894,existing_ttm,DOL OFLC LCA disclosure data; https://www.dol.gov/agencies/eta/foreign-labor/performance
2019Q4,hexaware,7.631608787288191,existing_ttm,DOL OFLC LCA disclosure data; https://www.dol.gov/agencies/eta/foreign-labor/performance
2019Q4,infosys,-8.956759518068054,existing_ttm,DOL OFLC LCA disclosure data; https://www.dol.gov/agencies/eta/foreign-labor/performance
2019Q4,ltim,-3.661019152564505,existing_ttm,DOL OFLC LCA disclosure data; https://www.dol.gov/agencies/eta/foreign-labor/performance
2019Q4,mphasis,47.605759999164434,existing_ttm,DOL OFLC LCA disclosure data; https://www.dol.gov/agencies/eta/foreign-labor/performance
2019Q4,persistent,-26.89899394396283,existing_ttm,DOL OFLC LCA disclosure data; https://www.dol.gov/agencies/eta/foreign-labor/performance
2019Q4,tcs,-12.462846156276214,existing_ttm,DOL OFLC LCA disclosure data; https://www.dol.gov/agencies/eta/foreign-labor/performance
2019Q4,techm,-28.795691098587316,existing_ttm,DOL OFLC LCA disclosure data; https://www.dol.gov/agencies/eta/foreign-labor/performance
2019Q4,wipro,-71.9596570691175,existing_ttm,DOL OFLC LCA disclosure data; https://www.dol.gov/agencies/eta/foreign-labor/performance
2019Q4,pooled8,29.661606523956728,existing_ttm,DOL OFLC LCA disclosure data; https://www.dol.gov/agencies/eta/foreign-labor/performance
2020Q1,accenture,-0.1967121612265728,existing_ttm,DOL OFLC LCA disclosure data; https://www.dol.gov/agencies/eta/foreign-labor/performance
2020Q1,capgemini,17.06116094787122,existing_ttm,DOL OFLC LCA disclosure data; https://www.dol.gov/agencies/eta/foreign-labor/performance
2020Q1,coforge,30.791243187838607,existing_ttm,DOL OFLC LCA disclosure data; https://www.dol.gov/agencies/eta/foreign-labor/performance
2020Q1,cognizant,58.46900502945732,existing_ttm,DOL OFLC LCA disclosure data; https://www.dol.gov/agencies/eta/foreign-labor/performance
2020Q1,hcltech,75.42420964335345,existing_ttm,DOL OFLC LCA disclosure data; https://www.dol.gov/agencies/eta/foreign-labor/performance
2020Q1,hexaware,16.07933035303051,existing_ttm,DOL OFLC LCA disclosure data; https://www.dol.gov/agencies/eta/foreign-labor/performance
2020Q1,infosys,6.0201970621254475,existing_ttm,DOL OFLC LCA disclosure data; https://www.dol.gov/agencies/eta/foreign-labor/performance
2020Q1,ltim,-12.163053528106023,existing_ttm,DOL OFLC LCA disclosure data; https://www.dol.gov/agencies/eta/foreign-labor/performance
2020Q1,mphasis,97.93228505174699,existing_ttm,DOL OFLC LCA disclosure data; https://www.dol.gov/agencies/eta/foreign-labor/performance
2020Q1,persistent,-4.9533935122276676,existing_ttm,DOL OFLC LCA disclosure data; https://www.dol.gov/agencies/eta/foreign-labor/performance
2020Q1,tcs,-6.216922887163439,existing_ttm,DOL OFLC LCA disclosure data; https://www.dol.gov/agencies/eta/foreign-labor/performance
2020Q1,techm,-11.80140092109384,existing_ttm,DOL OFLC LCA disclosure data; https://www.dol.gov/agencies/eta/foreign-labor/performance
2020Q1,wipro,-66.90637596731881,existing_ttm,DOL OFLC LCA disclosure data; https://www.dol.gov/agencies/eta/foreign-labor/performance
2020Q1,pooled8,22.265965326009045,existing_ttm,DOL OFLC LCA disclosure data; https://www.dol.gov/agencies/eta/foreign-labor/performance
2020Q2,accenture,7.880694089962535,existing_ttm,DOL OFLC LCA disclosure data; https://www.dol.gov/agencies/eta/foreign-labor/performance
2020Q2,capgemini,5.938789775401961,existing_ttm,DOL OFLC LCA disclosure data; https://www.dol.gov/agencies/eta/foreign-labor/performance
2020Q2,coforge,11.348217278087414,existing_ttm,DOL OFLC LCA disclosure data; https://www.dol.gov/agencies/eta/foreign-labor/performance
2020Q2,cognizant,3.2104287589013616,existing_ttm,DOL OFLC LCA disclosure data; https://www.dol.gov/agencies/eta/foreign-labor/performance
2020Q2,hcltech,39.67662317262201,existing_ttm,DOL OFLC LCA disclosure data; https://www.dol.gov/agencies/eta/foreign-labor/performance
2020Q2,hexaware,20.619399300043657,existing_ttm,DOL OFLC LCA disclosure data; https://www.dol.gov/agencies/eta/foreign-labor/performance
2020Q2,infosys,-16.254683478722434,existing_ttm,DOL OFLC LCA disclosure data; https://www.dol.gov/agencies/eta/foreign-labor/performance
2020Q2,ltim,4.50569565112541,existing_ttm,DOL OFLC LCA disclosure data; https://www.dol.gov/agencies/eta/foreign-labor/performance
2020Q2,mphasis,71.3402150864829,existing_ttm,DOL OFLC LCA disclosure data; https://www.dol.gov/agencies/eta/foreign-labor/performance
2020Q2,persistent,12.869137242052172,existing_ttm,DOL OFLC LCA disclosure data; https://www.dol.gov/agencies/eta/foreign-labor/performance
2020Q2,tcs,1.1535536682652345,existing_ttm,DOL OFLC LCA disclosure data; https://www.dol.gov/agencies/eta/foreign-labor/performance
2020Q2,techm,-10.219411021249794,existing_ttm,DOL OFLC LCA disclosure data; https://www.dol.gov/agencies/eta/foreign-labor/performance
2020Q2,wipro,-47.7495262464491,existing_ttm,DOL OFLC LCA disclosure data; https://www.dol.gov/agencies/eta/foreign-labor/performance
2020Q2,pooled8,-0.4942432147899788,existing_ttm,DOL OFLC LCA disclosure data; https://www.dol.gov/agencies/eta/foreign-labor/performance
2020Q3,accenture,31.013426266356557,existing_ttm,DOL OFLC LCA disclosure data; https://www.dol.gov/agencies/eta/foreign-labor/performance
2020Q3,capgemini,4.721000513774445,existing_ttm,DOL OFLC LCA disclosure data; https://www.dol.gov/agencies/eta/foreign-labor/performance
2020Q3,coforge,19.254571712740262,existing_ttm,DOL OFLC LCA disclosure data; https://www.dol.gov/agencies/eta/foreign-labor/performance
2020Q3,cognizant,16.806304415183106,existing_ttm,DOL OFLC LCA disclosure data; https://www.dol.gov/agencies/eta/foreign-labor/performance
2020Q3,hcltech,24.37948372960717,existing_ttm,DOL OFLC LCA disclosure data; https://www.dol.gov/agencies/eta/foreign-labor/performance
2020Q3,hexaware,14.703710673845617,existing_ttm,DOL OFLC LCA disclosure data; https://www.dol.gov/agencies/eta/foreign-labor/performance
2020Q3,infosys,-23.393114244320714,existing_ttm,DOL OFLC LCA disclosure data; https://www.dol.gov/agencies/eta/foreign-labor/performance
2020Q3,ltim,4.477507894792109,existing_ttm,DOL OFLC LCA disclosure data; https://www.dol.gov/agencies/eta/foreign-labor/performance
2020Q3,mphasis,51.828045002113186,existing_ttm,DOL OFLC LCA disclosure data; https://www.dol.gov/agencies/eta/foreign-labor/performance
2020Q3,persistent,8.072321127244113,existing_ttm,DOL OFLC LCA disclosure data; https://www.dol.gov/agencies/eta/foreign-labor/performance
2020Q3,tcs,16.680698368585993,existing_ttm,DOL OFLC LCA disclosure data; https://www.dol.gov/agencies/eta/foreign-labor/performance
2020Q3,techm,-5.388508849497948,existing_ttm,DOL OFLC LCA disclosure data; https://www.dol.gov/agencies/eta/foreign-labor/performance
2020Q3,wipro,-46.18384938866685,existing_ttm,DOL OFLC LCA disclosure data; https://www.dol.gov/agencies/eta/foreign-labor/performance
2020Q3,pooled8,9.092736353819628,existing_ttm,DOL OFLC LCA disclosure data; https://www.dol.gov/agencies/eta/foreign-labor/performance
2020Q4,accenture,19.896436719693728,existing_ttm,DOL OFLC LCA disclosure data; https://www.dol.gov/agencies/eta/foreign-labor/performance
2020Q4,capgemini,-9.514760694502735,existing_ttm,DOL OFLC LCA disclosure data; https://www.dol.gov/agencies/eta/foreign-labor/performance
2020Q4,coforge,15.799729019103722,existing_ttm,DOL OFLC LCA disclosure data; https://www.dol.gov/agencies/eta/foreign-labor/performance
2020Q4,cognizant,-28.71986440821835,existing_ttm,DOL OFLC LCA disclosure data; https://www.dol.gov/agencies/eta/foreign-labor/performance
2020Q4,hcltech,0.07642338927558957,existing_ttm,DOL OFLC LCA disclosure data; https://www.dol.gov/agencies/eta/foreign-labor/performance
2020Q4,hexaware,-5.337053052301155,existing_ttm,DOL OFLC LCA disclosure data; https://www.dol.gov/agencies/eta/foreign-labor/performance
2020Q4,infosys,-50.18676659838914,existing_ttm,DOL OFLC LCA disclosure data; https://www.dol.gov/agencies/eta/foreign-labor/performance
2020Q4,ltim,-14.387143834630253,existing_ttm,DOL OFLC LCA disclosure data; https://www.dol.gov/agencies/eta/foreign-labor/performance
2020Q4,mphasis,14.055539225816386,existing_ttm,DOL OFLC LCA disclosure data; https://www.dol.gov/agencies/eta/foreign-labor/performance
2020Q4,persistent,-9.943389698818693,existing_ttm,DOL OFLC LCA disclosure data; https://www.dol.gov/agencies/eta/foreign-labor/performance
2020Q4,tcs,-3.2215156638323896,existing_ttm,DOL OFLC LCA disclosure data; https://www.dol.gov/agencies/eta/foreign-labor/performance
2020Q4,techm,-23.572929243909726,existing_ttm,DOL OFLC LCA disclosure data; https://www.dol.gov/agencies/eta/foreign-labor/performance
2020Q4,wipro,-53.25005652145507,existing_ttm,DOL OFLC LCA disclosure data; https://www.dol.gov/agencies/eta/foreign-labor/performance
2020Q4,pooled8,-21.721320246841195,existing_ttm,DOL OFLC LCA disclosure data; https://www.dol.gov/agencies/eta/foreign-labor/performance
2021Q1,accenture,12.491491160111174,existing_ttm,DOL OFLC LCA disclosure data; https://www.dol.gov/agencies/eta/foreign-labor/performance
2021Q1,capgemini,-22.02532723371945,existing_ttm,DOL OFLC LCA disclosure data; https://www.dol.gov/agencies/eta/foreign-labor/performance
2021Q1,coforge,4.76342985471696,existing_ttm,DOL OFLC LCA disclosure data; https://www.dol.gov/agencies/eta/foreign-labor/performance
2021Q1,cognizant,-48.311954478826166,existing_ttm,DOL OFLC LCA disclosure data; https://www.dol.gov/agencies/eta/foreign-labor/performance
2021Q1,hcltech,-8.898162357378663,existing_ttm,DOL OFLC LCA disclosure data; https://www.dol.gov/agencies/eta/foreign-labor/performance
2021Q1,hexaware,-11.132723531351218,existing_ttm,DOL OFLC LCA disclosure data; https://www.dol.gov/agencies/eta/foreign-labor/performance
2021Q1,infosys,-62.999445884914174,existing_ttm,DOL OFLC LCA disclosure data; https://www.dol.gov/agencies/eta/foreign-labor/performance
2021Q1,ltim,-10.530837665523357,existing_ttm,DOL OFLC LCA disclosure data; https://www.dol.gov/agencies/eta/foreign-labor/performance
2021Q1,mphasis,-11.056667402861397,existing_ttm,DOL OFLC LCA disclosure data; https://www.dol.gov/agencies/eta/foreign-labor/performance
2021Q1,persistent,-27.731928541623436,existing_ttm,DOL OFLC LCA disclosure data; https://www.dol.gov/agencies/eta/foreign-labor/performance
2021Q1,tcs,-5.626540644340613,existing_ttm,DOL OFLC LCA disclosure data; https://www.dol.gov/agencies/eta/foreign-labor/performance
2021Q1,techm,-41.93342300640312,existing_ttm,DOL OFLC LCA disclosure data; https://www.dol.gov/agencies/eta/foreign-labor/performance
2021Q1,wipro,-1.8465768823369064,existing_ttm,DOL OFLC LCA disclosure data; https://www.dol.gov/agencies/eta/foreign-labor/performance
2021Q1,pooled8,-32.335222218340135,existing_ttm,DOL OFLC LCA disclosure data; https://www.dol.gov/agencies/eta/foreign-labor/performance
2021Q2,accenture,-9.440968447107464,existing_ttm,DOL OFLC LCA disclosure data; https://www.dol.gov/agencies/eta/foreign-labor/performance
2021Q2,capgemini,-29.710648031734017,existing_ttm,DOL OFLC LCA disclosure data; https://www.dol.gov/agencies/eta/foreign-labor/performance
2021Q2,coforge,-0.044238001163824085,existing_ttm,DOL OFLC LCA disclosure data; https://www.dol.gov/agencies/eta/foreign-labor/performance
2021Q2,cognizant,-18.568608525434783,existing_ttm,DOL OFLC LCA disclosure data; https://www.dol.gov/agencies/eta/foreign-labor/performance
2021Q2,hcltech,-4.676176590803933,existing_ttm,DOL OFLC LCA disclosure data; https://www.dol.gov/agencies/eta/foreign-labor/performance
2021Q2,hexaware,-23.388479314562247,existing_ttm,DOL OFLC LCA disclosure data; https://www.dol.gov/agencies/eta/foreign-labor/performance
2021Q2,infosys,-61.133510183817194,existing_ttm,DOL OFLC LCA disclosure data; https://www.dol.gov/agencies/eta/foreign-labor/performance
2021Q2,ltim,-13.214667050157605,existing_ttm,DOL OFLC LCA disclosure data; https://www.dol.gov/agencies/eta/foreign-labor/performance
2021Q2,mphasis,-2.2426296582099594,existing_ttm,DOL OFLC LCA disclosure data; https://www.dol.gov/agencies/eta/foreign-labor/performance
2021Q2,persistent,-42.06745267716933,existing_ttm,DOL OFLC LCA disclosure data; https://www.dol.gov/agencies/eta/foreign-labor/performance
2021Q2,tcs,1.3413199512986171,existing_ttm,DOL OFLC LCA disclosure data; https://www.dol.gov/agencies/eta/foreign-labor/performance
2021Q2,techm,-50.97169762023266,existing_ttm,DOL OFLC LCA disclosure data; https://www.dol.gov/agencies/eta/foreign-labor/performance
2021Q2,wipro,2.172893814178891,existing_ttm,DOL OFLC LCA disclosure data; https://www.dol.gov/agencies/eta/foreign-labor/performance
2021Q2,pooled8,-19.243091958376763,existing_ttm,DOL OFLC LCA disclosure data; https://www.dol.gov/agencies/eta/foreign-labor/performance
2021Q3,accenture,-50.68176023684517,existing_ttm,DOL OFLC LCA disclosure data; https://www.dol.gov/agencies/eta/foreign-labor/performance
2021Q3,capgemini,-72.38672728994993,existing_ttm,DOL OFLC LCA disclosure data; https://www.dol.gov/agencies/eta/foreign-labor/performance
2021Q3,coforge,-22.09616855959149,existing_ttm,DOL OFLC LCA disclosure data; https://www.dol.gov/agencies/eta/foreign-labor/performance
2021Q3,cognizant,-81.55737954771783,existing_ttm,DOL OFLC LCA disclosure data; https://www.dol.gov/agencies/eta/foreign-labor/performance
2021Q3,hcltech,-9.753571685760052,existing_ttm,DOL OFLC LCA disclosure data; https://www.dol.gov/agencies/eta/foreign-labor/performance
2021Q3,hexaware,-56.78871336861,existing_ttm,DOL OFLC LCA disclosure data; https://www.dol.gov/agencies/eta/foreign-labor/performance
2021Q3,infosys,-59.718926849984655,existing_ttm,DOL OFLC LCA disclosure data; https://www.dol.gov/agencies/eta/foreign-labor/performance
2021Q3,ltim,-25.350078372709984,existing_ttm,DOL OFLC LCA disclosure data; https://www.dol.gov/agencies/eta/foreign-labor/performance
2021Q3,mphasis,-17.994141286174358,existing_ttm,DOL OFLC LCA disclosure data; https://www.dol.gov/agencies/eta/foreign-labor/performance
2021Q3,persistent,-47.082028915229145,existing_ttm,DOL OFLC LCA disclosure data; https://www.dol.gov/agencies/eta/foreign-labor/performance
2021Q3,tcs,-43.69950826030897,existing_ttm,DOL OFLC LCA disclosure data; https://www.dol.gov/agencies/eta/foreign-labor/performance
2021Q3,techm,-54.345526462192474,existing_ttm,DOL OFLC LCA disclosure data; https://www.dol.gov/agencies/eta/foreign-labor/performance
2021Q3,wipro,6.36837996115254,existing_ttm,DOL OFLC LCA disclosure data; https://www.dol.gov/agencies/eta/foreign-labor/performance
2021Q3,pooled8,-57.83692417961371,existing_ttm,DOL OFLC LCA disclosure data; https://www.dol.gov/agencies/eta/foreign-labor/performance
2021Q4,accenture,-62.21857269970402,existing_ttm,DOL OFLC LCA disclosure data; https://www.dol.gov/agencies/eta/foreign-labor/performance
2021Q4,capgemini,-53.66101334055611,existing_ttm,DOL OFLC LCA disclosure data; https://www.dol.gov/agencies/eta/foreign-labor/performance
2021Q4,coforge,-12.871360414648262,existing_ttm,DOL OFLC LCA disclosure data; https://www.dol.gov/agencies/eta/foreign-labor/performance
2021Q4,cognizant,-52.94008247525274,existing_ttm,DOL OFLC LCA disclosure data; https://www.dol.gov/agencies/eta/foreign-labor/performance
2021Q4,hcltech,-18.759133828373812,existing_ttm,DOL OFLC LCA disclosure data; https://www.dol.gov/agencies/eta/foreign-labor/performance
2021Q4,hexaware,-37.65855975934486,existing_ttm,DOL OFLC LCA disclosure data; https://www.dol.gov/agencies/eta/foreign-labor/performance
2021Q4,infosys,-20.104509944842132,existing_ttm,DOL OFLC LCA disclosure data; https://www.dol.gov/agencies/eta/foreign-labor/performance
2021Q4,ltim,-6.959329179919522,existing_ttm,DOL OFLC LCA disclosure data; https://www.dol.gov/agencies/eta/foreign-labor/performance
2021Q4,mphasis,4.499065268206347,existing_ttm,DOL OFLC LCA disclosure data; https://www.dol.gov/agencies/eta/foreign-labor/performance
2021Q4,persistent,-54.159728243274444,existing_ttm,DOL OFLC LCA disclosure data; https://www.dol.gov/agencies/eta/foreign-labor/performance
2021Q4,tcs,-3.9554919930834513,existing_ttm,DOL OFLC LCA disclosure data; https://www.dol.gov/agencies/eta/foreign-labor/performance
2021Q4,techm,-33.78649945065163,existing_ttm,DOL OFLC LCA disclosure data; https://www.dol.gov/agencies/eta/foreign-labor/performance
2021Q4,wipro,32.17239451256106,existing_ttm,DOL OFLC LCA disclosure data; https://www.dol.gov/agencies/eta/foreign-labor/performance
2021Q4,pooled8,-31.677553967687782,existing_ttm,DOL OFLC LCA disclosure data; https://www.dol.gov/agencies/eta/foreign-labor/performance
2022Q1,accenture,-70.66440112866361,existing_ttm,DOL OFLC LCA disclosure data; https://www.dol.gov/agencies/eta/foreign-labor/performance
2022Q1,capgemini,-47.56726193480946,existing_ttm,DOL OFLC LCA disclosure data; https://www.dol.gov/agencies/eta/foreign-labor/performance
2022Q1,coforge,-5.8268908123975764,existing_ttm,DOL OFLC LCA disclosure data; https://www.dol.gov/agencies/eta/foreign-labor/performance
2022Q1,cognizant,-29.774116856618193,existing_ttm,DOL OFLC LCA disclosure data; https://www.dol.gov/agencies/eta/foreign-labor/performance
2022Q1,hcltech,-11.543921415610587,existing_ttm,DOL OFLC LCA disclosure data; https://www.dol.gov/agencies/eta/foreign-labor/performance
2022Q1,hexaware,-35.007788867699155,existing_ttm,DOL OFLC LCA disclosure data; https://www.dol.gov/agencies/eta/foreign-labor/performance
2022Q1,infosys,-18.07025484109062,existing_ttm,DOL OFLC LCA disclosure data; https://www.dol.gov/agencies/eta/foreign-labor/performance
2022Q1,ltim,-14.205863406222957,existing_ttm,DOL OFLC LCA disclosure data; https://www.dol.gov/agencies/eta/foreign-labor/performance
2022Q1,mphasis,8.897853405497923,existing_ttm,DOL OFLC LCA disclosure data; https://www.dol.gov/agencies/eta/foreign-labor/performance
2022Q1,persistent,-45.56738036909107,existing_ttm,DOL OFLC LCA disclosure data; https://www.dol.gov/agencies/eta/foreign-labor/performance
2022Q1,tcs,10.156450701155556,existing_ttm,DOL OFLC LCA disclosure data; https://www.dol.gov/agencies/eta/foreign-labor/performance
2022Q1,techm,-38.70584791773653,existing_ttm,DOL OFLC LCA disclosure data; https://www.dol.gov/agencies/eta/foreign-labor/performance
2022Q1,wipro,-37.22515362250151,existing_ttm,DOL OFLC LCA disclosure data; https://www.dol.gov/agencies/eta/foreign-labor/performance
2022Q1,pooled8,-21.522273732449545,existing_ttm,DOL OFLC LCA disclosure data; https://www.dol.gov/agencies/eta/foreign-labor/performance
2022Q2,accenture,-66.3876798259832,existing_ttm,DOL OFLC LCA disclosure data; https://www.dol.gov/agencies/eta/foreign-labor/performance
2022Q2,capgemini,-46.66511916928183,existing_ttm,DOL OFLC LCA disclosure data; https://www.dol.gov/agencies/eta/foreign-labor/performance
2022Q2,coforge,-15.784481036740033,existing_ttm,DOL OFLC LCA disclosure data; https://www.dol.gov/agencies/eta/foreign-labor/performance
2022Q2,cognizant,-52.120047862931195,existing_ttm,DOL OFLC LCA disclosure data; https://www.dol.gov/agencies/eta/foreign-labor/performance
2022Q2,hcltech,-7.112865544369655,existing_ttm,DOL OFLC LCA disclosure data; https://www.dol.gov/agencies/eta/foreign-labor/performance
2022Q2,hexaware,-20.01908490038077,existing_ttm,DOL OFLC LCA disclosure data; https://www.dol.gov/agencies/eta/foreign-labor/performance
2022Q2,infosys,7.7018180728167005,existing_ttm,DOL OFLC LCA disclosure data; https://www.dol.gov/agencies/eta/foreign-labor/performance
2022Q2,ltim,-17.591094159722736,existing_ttm,DOL OFLC LCA disclosure data; https://www.dol.gov/agencies/eta/foreign-labor/performance
2022Q2,mphasis,2.62601670928214,existing_ttm,DOL OFLC LCA disclosure data; https://www.dol.gov/agencies/eta/foreign-labor/performance
2022Q2,persistent,-38.83706747488643,existing_ttm,DOL OFLC LCA disclosure data; https://www.dol.gov/agencies/eta/foreign-labor/performance
2022Q2,tcs,-13.924297407247352,existing_ttm,DOL OFLC LCA disclosure data; https://www.dol.gov/agencies/eta/foreign-labor/performance
2022Q2,techm,-30.53816495511819,existing_ttm,DOL OFLC LCA disclosure data; https://www.dol.gov/agencies/eta/foreign-labor/performance
2022Q2,wipro,-22.805863044248557,existing_ttm,DOL OFLC LCA disclosure data; https://www.dol.gov/agencies/eta/foreign-labor/performance
2022Q2,pooled8,-30.51798001102294,existing_ttm,DOL OFLC LCA disclosure data; https://www.dol.gov/agencies/eta/foreign-labor/performance
2022Q3,accenture,-52.284728072464674,existing_ttm,DOL OFLC LCA disclosure data; https://www.dol.gov/agencies/eta/foreign-labor/performance
2022Q3,capgemini,-8.335694772251195,existing_ttm,DOL OFLC LCA disclosure data; https://www.dol.gov/agencies/eta/foreign-labor/performance
2022Q3,coforge,-23.76716518771196,existing_ttm,DOL OFLC LCA disclosure data; https://www.dol.gov/agencies/eta/foreign-labor/performance
2022Q3,cognizant,-13.518500907059044,existing_ttm,DOL OFLC LCA disclosure data; https://www.dol.gov/agencies/eta/foreign-labor/performance
2022Q3,hcltech,-8.9864879016911,existing_ttm,DOL OFLC LCA disclosure data; https://www.dol.gov/agencies/eta/foreign-labor/performance
2022Q3,hexaware,-2.950066439669799,existing_ttm,DOL OFLC LCA disclosure data; https://www.dol.gov/agencies/eta/foreign-labor/performance
2022Q3,infosys,23.37537304262252,existing_ttm,DOL OFLC LCA disclosure data; https://www.dol.gov/agencies/eta/foreign-labor/performance
2022Q3,ltim,-18.883169371350586,existing_ttm,DOL OFLC LCA disclosure data; https://www.dol.gov/agencies/eta/foreign-labor/performance
2022Q3,mphasis,8.190885462277656,existing_ttm,DOL OFLC LCA disclosure data; https://www.dol.gov/agencies/eta/foreign-labor/performance
2022Q3,persistent,-22.641687665917885,existing_ttm,DOL OFLC LCA disclosure data; https://www.dol.gov/agencies/eta/foreign-labor/performance
2022Q3,tcs,22.114377284529844,existing_ttm,DOL OFLC LCA disclosure data; https://www.dol.gov/agencies/eta/foreign-labor/performance
2022Q3,techm,-39.11685865690499,existing_ttm,DOL OFLC LCA disclosure data; https://www.dol.gov/agencies/eta/foreign-labor/performance
2022Q3,wipro,-14.119381142209471,existing_ttm,DOL OFLC LCA disclosure data; https://www.dol.gov/agencies/eta/foreign-labor/performance
2022Q3,pooled8,-3.8999992779064,existing_ttm,DOL OFLC LCA disclosure data; https://www.dol.gov/agencies/eta/foreign-labor/performance
2022Q4,accenture,-28.095001131772317,existing_ttm,DOL OFLC LCA disclosure data; https://www.dol.gov/agencies/eta/foreign-labor/performance
2022Q4,capgemini,-18.762431257774228,existing_ttm,DOL OFLC LCA disclosure data; https://www.dol.gov/agencies/eta/foreign-labor/performance
2022Q4,coforge,-27.688782732090054,existing_ttm,DOL OFLC LCA disclosure data; https://www.dol.gov/agencies/eta/foreign-labor/performance
2022Q4,cognizant,-15.666397259536403,existing_ttm,DOL OFLC LCA disclosure data; https://www.dol.gov/agencies/eta/foreign-labor/performance
2022Q4,hcltech,0.49641580155219717,existing_ttm,DOL OFLC LCA disclosure data; https://www.dol.gov/agencies/eta/foreign-labor/performance
2022Q4,hexaware,-11.985128872044251,existing_ttm,DOL OFLC LCA disclosure data; https://www.dol.gov/agencies/eta/foreign-labor/performance
2022Q4,infosys,17.134970444608854,existing_ttm,DOL OFLC LCA disclosure data; https://www.dol.gov/agencies/eta/foreign-labor/performance
2022Q4,ltim,-30.2810954048081,existing_ttm,DOL OFLC LCA disclosure data; https://www.dol.gov/agencies/eta/foreign-labor/performance
2022Q4,mphasis,1.8156207024220463,existing_ttm,DOL OFLC LCA disclosure data; https://www.dol.gov/agencies/eta/foreign-labor/performance
2022Q4,persistent,11.08143663402901,existing_ttm,DOL OFLC LCA disclosure data; https://www.dol.gov/agencies/eta/foreign-labor/performance
2022Q4,tcs,-4.353771029868211,existing_ttm,DOL OFLC LCA disclosure data; https://www.dol.gov/agencies/eta/foreign-labor/performance
2022Q4,techm,-46.94184346518385,existing_ttm,DOL OFLC LCA disclosure data; https://www.dol.gov/agencies/eta/foreign-labor/performance
2022Q4,wipro,-29.33803948234589,existing_ttm,DOL OFLC LCA disclosure data; https://www.dol.gov/agencies/eta/foreign-labor/performance
2022Q4,pooled8,-9.573838626641606,existing_ttm,DOL OFLC LCA disclosure data; https://www.dol.gov/agencies/eta/foreign-labor/performance
2023Q1,accenture,-14.604738165434128,existing_ttm,DOL OFLC LCA disclosure data; https://www.dol.gov/agencies/eta/foreign-labor/performance
2023Q1,capgemini,-2.388694988925654,existing_ttm,DOL OFLC LCA disclosure data; https://www.dol.gov/agencies/eta/foreign-labor/performance
2023Q1,coforge,-43.93666597838457,existing_ttm,DOL OFLC LCA disclosure data; https://www.dol.gov/agencies/eta/foreign-labor/performance
2023Q1,cognizant,-15.123483527988718,existing_ttm,DOL OFLC LCA disclosure data; https://www.dol.gov/agencies/eta/foreign-labor/performance
2023Q1,hcltech,-2.840243885264471,existing_ttm,DOL OFLC LCA disclosure data; https://www.dol.gov/agencies/eta/foreign-labor/performance
2023Q1,hexaware,-23.347066547005937,existing_ttm,DOL OFLC LCA disclosure data; https://www.dol.gov/agencies/eta/foreign-labor/performance
2023Q1,infosys,22.25893579033238,existing_ttm,DOL OFLC LCA disclosure data; https://www.dol.gov/agencies/eta/foreign-labor/performance
2023Q1,ltim,-26.002325676551745,existing_ttm,DOL OFLC LCA disclosure data; https://www.dol.gov/agencies/eta/foreign-labor/performance
2023Q1,mphasis,-0.5148016517401244,existing_ttm,DOL OFLC LCA disclosure data; https://www.dol.gov/agencies/eta/foreign-labor/performance
2023Q1,persistent,24.406144997589053,existing_ttm,DOL OFLC LCA disclosure data; https://www.dol.gov/agencies/eta/foreign-labor/performance
2023Q1,tcs,-18.06486387814964,existing_ttm,DOL OFLC LCA disclosure data; https://www.dol.gov/agencies/eta/foreign-labor/performance
2023Q1,techm,-26.808490349964487,existing_ttm,DOL OFLC LCA disclosure data; https://www.dol.gov/agencies/eta/foreign-labor/performance
2023Q1,wipro,14.302583613988794,existing_ttm,DOL OFLC LCA disclosure data; https://www.dol.gov/agencies/eta/foreign-labor/performance
2023Q1,pooled8,-9.083166344325761,existing_ttm,DOL OFLC LCA disclosure data; https://www.dol.gov/agencies/eta/foreign-labor/performance
2023Q2,accenture,11.627360140752916,existing_ttm,DOL OFLC LCA disclosure data; https://www.dol.gov/agencies/eta/foreign-labor/performance
2023Q2,capgemini,23.96932683031378,existing_ttm,DOL OFLC LCA disclosure data; https://www.dol.gov/agencies/eta/foreign-labor/performance
2023Q2,coforge,-12.689175185462375,existing_ttm,DOL OFLC LCA disclosure data; https://www.dol.gov/agencies/eta/foreign-labor/performance
2023Q2,cognizant,-2.1187005345933265,existing_ttm,DOL OFLC LCA disclosure data; https://www.dol.gov/agencies/eta/foreign-labor/performance
2023Q2,hcltech,5.711936163691133,existing_ttm,DOL OFLC LCA disclosure data; https://www.dol.gov/agencies/eta/foreign-labor/performance
2023Q2,hexaware,-24.380406627972683,existing_ttm,DOL OFLC LCA disclosure data; https://www.dol.gov/agencies/eta/foreign-labor/performance
2023Q2,infosys,27.537917790073447,existing_ttm,DOL OFLC LCA disclosure data; https://www.dol.gov/agencies/eta/foreign-labor/performance
2023Q2,ltim,-23.404499429343968,existing_ttm,DOL OFLC LCA disclosure data; https://www.dol.gov/agencies/eta/foreign-labor/performance
2023Q2,mphasis,1.6445658439807196,existing_ttm,DOL OFLC LCA disclosure data; https://www.dol.gov/agencies/eta/foreign-labor/performance
2023Q2,persistent,44.96712006126601,existing_ttm,DOL OFLC LCA disclosure data; https://www.dol.gov/agencies/eta/foreign-labor/performance
2023Q2,tcs,9.234056186130411,existing_ttm,DOL OFLC LCA disclosure data; https://www.dol.gov/agencies/eta/foreign-labor/performance
2023Q2,techm,-14.107859825990548,existing_ttm,DOL OFLC LCA disclosure data; https://www.dol.gov/agencies/eta/foreign-labor/performance
2023Q2,wipro,29.7399843741113,existing_ttm,DOL OFLC LCA disclosure data; https://www.dol.gov/agencies/eta/foreign-labor/performance
2023Q2,pooled8,6.972528632537242,existing_ttm,DOL OFLC LCA disclosure data; https://www.dol.gov/agencies/eta/foreign-labor/performance
2023Q3,accenture,42.8743919591455,existing_ttm,DOL OFLC LCA disclosure data; https://www.dol.gov/agencies/eta/foreign-labor/performance
2023Q3,capgemini,25.350411028349846,existing_ttm,DOL OFLC LCA disclosure data; https://www.dol.gov/agencies/eta/foreign-labor/performance
2023Q3,coforge,11.506932978478728,existing_ttm,DOL OFLC LCA disclosure data; https://www.dol.gov/agencies/eta/foreign-labor/performance
2023Q3,cognizant,-3.602156353063223,existing_ttm,DOL OFLC LCA disclosure data; https://www.dol.gov/agencies/eta/foreign-labor/performance
2023Q3,hcltech,7.972696805085347,existing_ttm,DOL OFLC LCA disclosure data; https://www.dol.gov/agencies/eta/foreign-labor/performance
2023Q3,hexaware,-4.908961019652363,existing_ttm,DOL OFLC LCA disclosure data; https://www.dol.gov/agencies/eta/foreign-labor/performance
2023Q3,infosys,22.808745354328913,existing_ttm,DOL OFLC LCA disclosure data; https://www.dol.gov/agencies/eta/foreign-labor/performance
2023Q3,ltim,-14.38816834870221,existing_ttm,DOL OFLC LCA disclosure data; https://www.dol.gov/agencies/eta/foreign-labor/performance
2023Q3,mphasis,-0.3919012200735719,existing_ttm,DOL OFLC LCA disclosure data; https://www.dol.gov/agencies/eta/foreign-labor/performance
2023Q3,persistent,63.40582641899388,existing_ttm,DOL OFLC LCA disclosure data; https://www.dol.gov/agencies/eta/foreign-labor/performance
2023Q3,tcs,-6.051341803539167,existing_ttm,DOL OFLC LCA disclosure data; https://www.dol.gov/agencies/eta/foreign-labor/performance
2023Q3,techm,4.451560526246332,existing_ttm,DOL OFLC LCA disclosure data; https://www.dol.gov/agencies/eta/foreign-labor/performance
2023Q3,wipro,38.470908788406405,existing_ttm,DOL OFLC LCA disclosure data; https://www.dol.gov/agencies/eta/foreign-labor/performance
2023Q3,pooled8,6.193919416628946,existing_ttm,DOL OFLC LCA disclosure data; https://www.dol.gov/agencies/eta/foreign-labor/performance
2023Q4,accenture,26.451615268243284,existing_ttm,DOL OFLC LCA disclosure data; https://www.dol.gov/agencies/eta/foreign-labor/performance
2023Q4,capgemini,32.50606451942757,existing_ttm,DOL OFLC LCA disclosure data; https://www.dol.gov/agencies/eta/foreign-labor/performance
2023Q4,coforge,5.374427600669061,existing_ttm,DOL OFLC LCA disclosure data; https://www.dol.gov/agencies/eta/foreign-labor/performance
2023Q4,cognizant,-13.198400353433403,existing_ttm,DOL OFLC LCA disclosure data; https://www.dol.gov/agencies/eta/foreign-labor/performance
2023Q4,hcltech,4.876833034665629,existing_ttm,DOL OFLC LCA disclosure data; https://www.dol.gov/agencies/eta/foreign-labor/performance
2023Q4,hexaware,-4.7703797957211185,existing_ttm,DOL OFLC LCA disclosure data; https://www.dol.gov/agencies/eta/foreign-labor/performance
2023Q4,infosys,5.203612427693789,existing_ttm,DOL OFLC LCA disclosure data; https://www.dol.gov/agencies/eta/foreign-labor/performance
2023Q4,ltim,-4.004422287605989,existing_ttm,DOL OFLC LCA disclosure data; https://www.dol.gov/agencies/eta/foreign-labor/performance
2023Q4,mphasis,-5.887900525002274,existing_ttm,DOL OFLC LCA disclosure data; https://www.dol.gov/agencies/eta/foreign-labor/performance
2023Q4,persistent,51.36189216716034,existing_ttm,DOL OFLC LCA disclosure data; https://www.dol.gov/agencies/eta/foreign-labor/performance
2023Q4,tcs,-7.622583556981792,existing_ttm,DOL OFLC LCA disclosure data; https://www.dol.gov/agencies/eta/foreign-labor/performance
2023Q4,techm,8.37559538398539,existing_ttm,DOL OFLC LCA disclosure data; https://www.dol.gov/agencies/eta/foreign-labor/performance
2023Q4,wipro,50.51155589845424,existing_ttm,DOL OFLC LCA disclosure data; https://www.dol.gov/agencies/eta/foreign-labor/performance
2023Q4,pooled8,-0.4008733721364919,existing_ttm,DOL OFLC LCA disclosure data; https://www.dol.gov/agencies/eta/foreign-labor/performance
2024Q1,accenture,27.07959800092568,existing_ttm,DOL OFLC LCA disclosure data; https://www.dol.gov/agencies/eta/foreign-labor/performance
2024Q1,capgemini,11.094630116467838,existing_ttm,DOL OFLC LCA disclosure data; https://www.dol.gov/agencies/eta/foreign-labor/performance
2024Q1,coforge,8.586129060639236,existing_ttm,DOL OFLC LCA disclosure data; https://www.dol.gov/agencies/eta/foreign-labor/performance
2024Q1,cognizant,-29.10294482576577,existing_ttm,DOL OFLC LCA disclosure data; https://www.dol.gov/agencies/eta/foreign-labor/performance
2024Q1,hcltech,-1.258464522907215,existing_ttm,DOL OFLC LCA disclosure data; https://www.dol.gov/agencies/eta/foreign-labor/performance
2024Q1,hexaware,2.730545069026744,existing_ttm,DOL OFLC LCA disclosure data; https://www.dol.gov/agencies/eta/foreign-labor/performance
2024Q1,infosys,6.712370420718811,existing_ttm,DOL OFLC LCA disclosure data; https://www.dol.gov/agencies/eta/foreign-labor/performance
2024Q1,ltim,-3.2880759667415083,existing_ttm,DOL OFLC LCA disclosure data; https://www.dol.gov/agencies/eta/foreign-labor/performance
2024Q1,mphasis,-8.759805931798589,existing_ttm,DOL OFLC LCA disclosure data; https://www.dol.gov/agencies/eta/foreign-labor/performance
2024Q1,persistent,40.33397087958509,existing_ttm,DOL OFLC LCA disclosure data; https://www.dol.gov/agencies/eta/foreign-labor/performance
2024Q1,tcs,14.616956929848962,existing_ttm,DOL OFLC LCA disclosure data; https://www.dol.gov/agencies/eta/foreign-labor/performance
2024Q1,techm,6.6249385541200665,existing_ttm,DOL OFLC LCA disclosure data; https://www.dol.gov/agencies/eta/foreign-labor/performance
2024Q1,wipro,38.99652332723002,existing_ttm,DOL OFLC LCA disclosure data; https://www.dol.gov/agencies/eta/foreign-labor/performance
2024Q1,pooled8,-0.11469132232047154,existing_ttm,DOL OFLC LCA disclosure data; https://www.dol.gov/agencies/eta/foreign-labor/performance
2024Q2,accenture,14.242925194316737,existing_ttm,DOL OFLC LCA disclosure data; https://www.dol.gov/agencies/eta/foreign-labor/performance
2024Q2,capgemini,-42.600784263113624,existing_ttm,DOL OFLC LCA disclosure data; https://www.dol.gov/agencies/eta/foreign-labor/performance
2024Q2,coforge,-8.594242980072476,existing_ttm,DOL OFLC LCA disclosure data; https://www.dol.gov/agencies/eta/foreign-labor/performance
2024Q2,cognizant,-25.657669696699376,existing_ttm,DOL OFLC LCA disclosure data; https://www.dol.gov/agencies/eta/foreign-labor/performance
2024Q2,hcltech,-23.724668399627156,existing_ttm,DOL OFLC LCA disclosure data; https://www.dol.gov/agencies/eta/foreign-labor/performance
2024Q2,hexaware,10.232561196267223,existing_ttm,DOL OFLC LCA disclosure data; https://www.dol.gov/agencies/eta/foreign-labor/performance
2024Q2,infosys,-26.74022410898384,existing_ttm,DOL OFLC LCA disclosure data; https://www.dol.gov/agencies/eta/foreign-labor/performance
2024Q2,ltim,2.857896595781739,existing_ttm,DOL OFLC LCA disclosure data; https://www.dol.gov/agencies/eta/foreign-labor/performance
2024Q2,mphasis,-13.982467960031187,existing_ttm,DOL OFLC LCA disclosure data; https://www.dol.gov/agencies/eta/foreign-labor/performance
2024Q2,persistent,18.232155679395458,existing_ttm,DOL OFLC LCA disclosure data; https://www.dol.gov/agencies/eta/foreign-labor/performance
2024Q2,tcs,-12.254555533745174,existing_ttm,DOL OFLC LCA disclosure data; https://www.dol.gov/agencies/eta/foreign-labor/performance
2024Q2,techm,-0.2890175422233386,existing_ttm,DOL OFLC LCA disclosure data; https://www.dol.gov/agencies/eta/foreign-labor/performance
2024Q2,wipro,11.893909080058783,existing_ttm,DOL OFLC LCA disclosure data; https://www.dol.gov/agencies/eta/foreign-labor/performance
2024Q2,pooled8,-15.528210998909694,existing_ttm,DOL OFLC LCA disclosure data; https://www.dol.gov/agencies/eta/foreign-labor/performance
2024Q3,accenture,-14.042551240614323,existing_ttm,DOL OFLC LCA disclosure data; https://www.dol.gov/agencies/eta/foreign-labor/performance
2024Q3,capgemini,-41.72568462302018,existing_ttm,DOL OFLC LCA disclosure data; https://www.dol.gov/agencies/eta/foreign-labor/performance
2024Q3,coforge,-18.449783621655012,existing_ttm,DOL OFLC LCA disclosure data; https://www.dol.gov/agencies/eta/foreign-labor/performance
2024Q3,cognizant,-15.098384257574878,existing_ttm,DOL OFLC LCA disclosure data; https://www.dol.gov/agencies/eta/foreign-labor/performance
2024Q3,hcltech,-21.423597342309712,existing_ttm,DOL OFLC LCA disclosure data; https://www.dol.gov/agencies/eta/foreign-labor/performance
2024Q3,hexaware,6.9831094503340045,existing_ttm,DOL OFLC LCA disclosure data; https://www.dol.gov/agencies/eta/foreign-labor/performance
2024Q3,infosys,-40.97317812475401,existing_ttm,DOL OFLC LCA disclosure data; https://www.dol.gov/agencies/eta/foreign-labor/performance
2024Q3,ltim,14.94643916361795,existing_ttm,DOL OFLC LCA disclosure data; https://www.dol.gov/agencies/eta/foreign-labor/performance
2024Q3,mphasis,-2.5183570786961016,existing_ttm,DOL OFLC LCA disclosure data; https://www.dol.gov/agencies/eta/foreign-labor/performance
2024Q3,persistent,-12.487332988140803,existing_ttm,DOL OFLC LCA disclosure data; https://www.dol.gov/agencies/eta/foreign-labor/performance
2024Q3,tcs,-2.9251666047855016,existing_ttm,DOL OFLC LCA disclosure data; https://www.dol.gov/agencies/eta/foreign-labor/performance
2024Q3,techm,-6.829087075612166,existing_ttm,DOL OFLC LCA disclosure data; https://www.dol.gov/agencies/eta/foreign-labor/performance
2024Q3,wipro,-3.8697914480899493,existing_ttm,DOL OFLC LCA disclosure data; https://www.dol.gov/agencies/eta/foreign-labor/performance
2024Q3,pooled8,-14.852401096161708,existing_ttm,DOL OFLC LCA disclosure data; https://www.dol.gov/agencies/eta/foreign-labor/performance
2024Q4,accenture,-2.769757078633187,existing_ttm,DOL OFLC LCA disclosure data; https://www.dol.gov/agencies/eta/foreign-labor/performance
2024Q4,capgemini,-37.923637929630026,existing_ttm,DOL OFLC LCA disclosure data; https://www.dol.gov/agencies/eta/foreign-labor/performance
2024Q4,coforge,-2.353049741019416,existing_ttm,DOL OFLC LCA disclosure data; https://www.dol.gov/agencies/eta/foreign-labor/performance
2024Q4,cognizant,2.7576561611213064,existing_ttm,DOL OFLC LCA disclosure data; https://www.dol.gov/agencies/eta/foreign-labor/performance
2024Q4,hcltech,-19.40936333548825,existing_ttm,DOL OFLC LCA disclosure data; https://www.dol.gov/agencies/eta/foreign-labor/performance
2024Q4,hexaware,21.06884574952293,existing_ttm,DOL OFLC LCA disclosure data; https://www.dol.gov/agencies/eta/foreign-labor/performance
2024Q4,infosys,-39.5342100476716,existing_ttm,DOL OFLC LCA disclosure data; https://www.dol.gov/agencies/eta/foreign-labor/performance
2024Q4,ltim,20.545530752169796,existing_ttm,DOL OFLC LCA disclosure data; https://www.dol.gov/agencies/eta/foreign-labor/performance
2024Q4,mphasis,6.268370229368675,existing_ttm,DOL OFLC LCA disclosure data; https://www.dol.gov/agencies/eta/foreign-labor/performance
2024Q4,persistent,-18.819652123697537,existing_ttm,DOL OFLC LCA disclosure data; https://www.dol.gov/agencies/eta/foreign-labor/performance
2024Q4,tcs,4.881398532023293,existing_ttm,DOL OFLC LCA disclosure data; https://www.dol.gov/agencies/eta/foreign-labor/performance
2024Q4,techm,-1.8827493137973446,existing_ttm,DOL OFLC LCA disclosure data; https://www.dol.gov/agencies/eta/foreign-labor/performance
2024Q4,wipro,-17.732126452936196,existing_ttm,DOL OFLC LCA disclosure data; https://www.dol.gov/agencies/eta/foreign-labor/performance
2024Q4,pooled8,-6.113851265324607,existing_ttm,DOL OFLC LCA disclosure data; https://www.dol.gov/agencies/eta/foreign-labor/performance
2025Q1,accenture,-1.7929660049285903,existing_ttm,DOL OFLC LCA disclosure data; https://www.dol.gov/agencies/eta/foreign-labor/performance
2025Q1,capgemini,-22.71091877075567,existing_ttm,DOL OFLC LCA disclosure data; https://www.dol.gov/agencies/eta/foreign-labor/performance
2025Q1,coforge,26.041494611144138,existing_ttm,DOL OFLC LCA disclosure data; https://www.dol.gov/agencies/eta/foreign-labor/performance
2025Q1,cognizant,20.166169618606602,existing_ttm,DOL OFLC LCA disclosure data; https://www.dol.gov/agencies/eta/foreign-labor/performance
2025Q1,hcltech,-17.372819175085933,existing_ttm,DOL OFLC LCA disclosure data; https://www.dol.gov/agencies/eta/foreign-labor/performance
2025Q1,hexaware,27.75297009877629,existing_ttm,DOL OFLC LCA disclosure data; https://www.dol.gov/agencies/eta/foreign-labor/performance
2025Q1,infosys,-46.22193578981996,existing_ttm,DOL OFLC LCA disclosure data; https://www.dol.gov/agencies/eta/foreign-labor/performance
2025Q1,ltim,31.66581024410398,existing_ttm,DOL OFLC LCA disclosure data; https://www.dol.gov/agencies/eta/foreign-labor/performance
2025Q1,mphasis,13.792314320550162,existing_ttm,DOL OFLC LCA disclosure data; https://www.dol.gov/agencies/eta/foreign-labor/performance
2025Q1,persistent,-7.051378432765813,existing_ttm,DOL OFLC LCA disclosure data; https://www.dol.gov/agencies/eta/foreign-labor/performance
2025Q1,tcs,-40.63040343318639,existing_ttm,DOL OFLC LCA disclosure data; https://www.dol.gov/agencies/eta/foreign-labor/performance
2025Q1,techm,-5.114335811018741,existing_ttm,DOL OFLC LCA disclosure data; https://www.dol.gov/agencies/eta/foreign-labor/performance
2025Q1,wipro,-17.309845006915616,existing_ttm,DOL OFLC LCA disclosure data; https://www.dol.gov/agencies/eta/foreign-labor/performance
2025Q1,pooled8,-11.606056361606159,existing_ttm,DOL OFLC LCA disclosure data; https://www.dol.gov/agencies/eta/foreign-labor/performance
2025Q2,accenture,-1.5845401948563738,existing_ttm,DOL OFLC LCA disclosure data; https://www.dol.gov/agencies/eta/foreign-labor/performance
2025Q2,capgemini,26.24219695368975,existing_ttm,DOL OFLC LCA disclosure data; https://www.dol.gov/agencies/eta/foreign-labor/performance
2025Q2,coforge,22.314355131420978,existing_ttm,DOL OFLC LCA disclosure data; https://www.dol.gov/agencies/eta/foreign-labor/performance
2025Q2,cognizant,19.848640454847985,existing_ttm,DOL OFLC LCA disclosure data; https://www.dol.gov/agencies/eta/foreign-labor/performance
2025Q2,hcltech,-5.403799731247304,existing_ttm,DOL OFLC LCA disclosure data; https://www.dol.gov/agencies/eta/foreign-labor/performance
2025Q2,hexaware,12.552066887844356,existing_ttm,DOL OFLC LCA disclosure data; https://www.dol.gov/agencies/eta/foreign-labor/performance
2025Q2,infosys,-43.263776559953655,existing_ttm,DOL OFLC LCA disclosure data; https://www.dol.gov/agencies/eta/foreign-labor/performance
2025Q2,ltim,31.208282556571028,existing_ttm,DOL OFLC LCA disclosure data; https://www.dol.gov/agencies/eta/foreign-labor/performance
2025Q2,mphasis,18.759861389479834,existing_ttm,DOL OFLC LCA disclosure data; https://www.dol.gov/agencies/eta/foreign-labor/performance
2025Q2,persistent,12.675170563914381,existing_ttm,DOL OFLC LCA disclosure data; https://www.dol.gov/agencies/eta/foreign-labor/performance
2025Q2,tcs,-9.976416410869877,existing_ttm,DOL OFLC LCA disclosure data; https://www.dol.gov/agencies/eta/foreign-labor/performance
2025Q2,techm,-7.199509953005053,existing_ttm,DOL OFLC LCA disclosure data; https://www.dol.gov/agencies/eta/foreign-labor/performance
2025Q2,wipro,-19.24969653840742,existing_ttm,DOL OFLC LCA disclosure data; https://www.dol.gov/agencies/eta/foreign-labor/performance
2025Q2,pooled8,-1.810253831587975,existing_ttm,DOL OFLC LCA disclosure data; https://www.dol.gov/agencies/eta/foreign-labor/performance
2025Q3,accenture,5.024312483187223,existing_ttm,DOL OFLC LCA disclosure data; https://www.dol.gov/agencies/eta/foreign-labor/performance
2025Q3,capgemini,17.600779128371872,existing_ttm,DOL OFLC LCA disclosure data; https://www.dol.gov/agencies/eta/foreign-labor/performance
2025Q3,coforge,20.60040414375138,existing_ttm,DOL OFLC LCA disclosure data; https://www.dol.gov/agencies/eta/foreign-labor/performance
2025Q3,cognizant,15.372468177278018,existing_ttm,DOL OFLC LCA disclosure data; https://www.dol.gov/agencies/eta/foreign-labor/performance
2025Q3,hcltech,-9.114567612808475,existing_ttm,DOL OFLC LCA disclosure data; https://www.dol.gov/agencies/eta/foreign-labor/performance
2025Q3,hexaware,3.174869831458027,existing_ttm,DOL OFLC LCA disclosure data; https://www.dol.gov/agencies/eta/foreign-labor/performance
2025Q3,infosys,2.376663225671626,existing_ttm,DOL OFLC LCA disclosure data; https://www.dol.gov/agencies/eta/foreign-labor/performance
2025Q3,ltim,18.902600914127056,existing_ttm,DOL OFLC LCA disclosure data; https://www.dol.gov/agencies/eta/foreign-labor/performance
2025Q3,mphasis,13.185213110480253,existing_ttm,DOL OFLC LCA disclosure data; https://www.dol.gov/agencies/eta/foreign-labor/performance
2025Q3,persistent,21.22469600899965,existing_ttm,DOL OFLC LCA disclosure data; https://www.dol.gov/agencies/eta/foreign-labor/performance
2025Q3,tcs,-9.612153887520403,existing_ttm,DOL OFLC LCA disclosure data; https://www.dol.gov/agencies/eta/foreign-labor/performance
2025Q3,techm,-5.248117811464093,existing_ttm,DOL OFLC LCA disclosure data; https://www.dol.gov/agencies/eta/foreign-labor/performance
2025Q3,wipro,-14.679203095782805,existing_ttm,DOL OFLC LCA disclosure data; https://www.dol.gov/agencies/eta/foreign-labor/performance
2025Q3,pooled8,3.155988859904623,existing_ttm,DOL OFLC LCA disclosure data; https://www.dol.gov/agencies/eta/foreign-labor/performance
2025Q4,accenture,-5.7808608921372215,existing_ttm,DOL OFLC LCA disclosure data; https://www.dol.gov/agencies/eta/foreign-labor/performance
2025Q4,capgemini,7.670645865002822,existing_ttm,DOL OFLC LCA disclosure data; https://www.dol.gov/agencies/eta/foreign-labor/performance
2025Q4,coforge,8.552217343816192,existing_ttm,DOL OFLC LCA disclosure data; https://www.dol.gov/agencies/eta/foreign-labor/performance
2025Q4,cognizant,6.264822243164531,existing_ttm,DOL OFLC LCA disclosure data; https://www.dol.gov/agencies/eta/foreign-labor/performance
2025Q4,hcltech,-17.51364033123907,existing_ttm,DOL OFLC LCA disclosure data; https://www.dol.gov/agencies/eta/foreign-labor/performance
2025Q4,hexaware,-9.980575791648644,existing_ttm,DOL OFLC LCA disclosure data; https://www.dol.gov/agencies/eta/foreign-labor/performance
2025Q4,infosys,13.819675188501657,existing_ttm,DOL OFLC LCA disclosure data; https://www.dol.gov/agencies/eta/foreign-labor/performance
2025Q4,ltim,4.546237407675742,existing_ttm,DOL OFLC LCA disclosure data; https://www.dol.gov/agencies/eta/foreign-labor/performance
2025Q4,mphasis,10.333314547532419,existing_ttm,DOL OFLC LCA disclosure data; https://www.dol.gov/agencies/eta/foreign-labor/performance
2025Q4,persistent,22.11213059334419,existing_ttm,DOL OFLC LCA disclosure data; https://www.dol.gov/agencies/eta/foreign-labor/performance
2025Q4,tcs,-16.5597020893283,existing_ttm,DOL OFLC LCA disclosure data; https://www.dol.gov/agencies/eta/foreign-labor/performance
2025Q4,techm,-15.634607039069397,existing_ttm,DOL OFLC LCA disclosure data; https://www.dol.gov/agencies/eta/foreign-labor/performance
2025Q4,wipro,-1.082450598428504,existing_ttm,DOL OFLC LCA disclosure data; https://www.dol.gov/agencies/eta/foreign-labor/performance
2025Q4,pooled8,-1.5778540176095215,existing_ttm,DOL OFLC LCA disclosure data; https://www.dol.gov/agencies/eta/foreign-labor/performance
2026Q1,accenture,-5.963573959647426,existing_ttm,DOL OFLC LCA disclosure data; https://www.dol.gov/agencies/eta/foreign-labor/performance
2026Q1,capgemini,6.288151992994173,existing_ttm,DOL OFLC LCA disclosure data; https://www.dol.gov/agencies/eta/foreign-labor/performance
2026Q1,coforge,-26.041494611144135,existing_ttm,DOL OFLC LCA disclosure data; https://www.dol.gov/agencies/eta/foreign-labor/performance
2026Q1,cognizant,4.358457000321853,existing_ttm,DOL OFLC LCA disclosure data; https://www.dol.gov/agencies/eta/foreign-labor/performance
2026Q1,hcltech,-11.083180510841599,existing_ttm,DOL OFLC LCA disclosure data; https://www.dol.gov/agencies/eta/foreign-labor/performance
2026Q1,hexaware,-11.618991758803542,existing_ttm,DOL OFLC LCA disclosure data; https://www.dol.gov/agencies/eta/foreign-labor/performance
2026Q1,infosys,44.39902024324986,existing_ttm,DOL OFLC LCA disclosure data; https://www.dol.gov/agencies/eta/foreign-labor/performance
2026Q1,ltim,-17.11169577810916,existing_ttm,DOL OFLC LCA disclosure data; https://www.dol.gov/agencies/eta/foreign-labor/performance
2026Q1,mphasis,6.415501202452939,existing_ttm,DOL OFLC LCA disclosure data; https://www.dol.gov/agencies/eta/foreign-labor/performance
2026Q1,persistent,6.196672374919984,existing_ttm,DOL OFLC LCA disclosure data; https://www.dol.gov/agencies/eta/foreign-labor/performance
2026Q1,tcs,6.890894014274172,existing_ttm,DOL OFLC LCA disclosure data; https://www.dol.gov/agencies/eta/foreign-labor/performance
2026Q1,techm,-13.631959818418583,existing_ttm,DOL OFLC LCA disclosure data; https://www.dol.gov/agencies/eta/foreign-labor/performance
2026Q1,wipro,11.580945551555045,existing_ttm,DOL OFLC LCA disclosure data; https://www.dol.gov/agencies/eta/foreign-labor/performance
2026Q1,pooled8,7.974510118292827,existing_ttm,DOL OFLC LCA disclosure data; https://www.dol.gov/agencies/eta/foreign-labor/performance
2026Q2,accenture,-14.38519276266838,existing_ttm,DOL OFLC LCA disclosure data; https://www.dol.gov/agencies/eta/foreign-labor/performance
2026Q2,capgemini,-2.571737290780598,existing_ttm,DOL OFLC LCA disclosure data; https://www.dol.gov/agencies/eta/foreign-labor/performance
2026Q2,coforge,-16.10117702072036,existing_ttm,DOL OFLC LCA disclosure data; https://www.dol.gov/agencies/eta/foreign-labor/performance
2026Q2,cognizant,-8.743824485098187,existing_ttm,DOL OFLC LCA disclosure data; https://www.dol.gov/agencies/eta/foreign-labor/performance
2026Q2,hcltech,-24.54618332772759,existing_ttm,DOL OFLC LCA disclosure data; https://www.dol.gov/agencies/eta/foreign-labor/performance
2026Q2,hexaware,-13.161824874656212,existing_ttm,DOL OFLC LCA disclosure data; https://www.dol.gov/agencies/eta/foreign-labor/performance
2026Q2,infosys,78.30817169438883,existing_ttm,DOL OFLC LCA disclosure data; https://www.dol.gov/agencies/eta/foreign-labor/performance
2026Q2,ltim,-32.96032270104683,existing_ttm,DOL OFLC LCA disclosure data; https://www.dol.gov/agencies/eta/foreign-labor/performance
2026Q2,mphasis,0.47732787526575904,existing_ttm,DOL OFLC LCA disclosure data; https://www.dol.gov/agencies/eta/foreign-labor/performance
2026Q2,persistent,-11.332868530700312,existing_ttm,DOL OFLC LCA disclosure data; https://www.dol.gov/agencies/eta/foreign-labor/performance
2026Q2,tcs,-38.218325422240355,existing_ttm,DOL OFLC LCA disclosure data; https://www.dol.gov/agencies/eta/foreign-labor/performance
2026Q2,techm,-7.255397028698763,existing_ttm,DOL OFLC LCA disclosure data; https://www.dol.gov/agencies/eta/foreign-labor/performance
2026Q2,wipro,28.444375204078526,existing_ttm,DOL OFLC LCA disclosure data; https://www.dol.gov/agencies/eta/foreign-labor/performance
2026Q2,pooled8,-0.3559258429732155,existing_ttm,DOL OFLC LCA disclosure data; https://www.dol.gov/agencies/eta/foreign-labor/performance
