COUNTRY,BOP_ACCOUNTING_ENTRY,INDICATOR,UNIT,FREQUENCY,TIME_PERIOD,OBS_VALUE,SCALE,UPDATE_DATE,url
IND,CD_T,S,USD,Q,2004-Q1,8721932461.103252,6,2026-09-25T20:58:59.844521500Z,"https://api.imf.org/external/sdmx/2.1/data/IMF.STA,BOP/IND.CD_T+DB_T.SI+SI2+SJ+S.USD.Q?startPeriod=2004"
IND,CD_T,S,USD,Q,2004-Q2,9186739496.334885,6,2026-09-25T20:58:59.844521500Z,"https://api.imf.org/external/sdmx/2.1/data/IMF.STA,BOP/IND.CD_T+DB_T.SI+SI2+SJ+S.USD.Q?startPeriod=2004"
IND,CD_T,S,USD,Q,2004-Q3,8558857172.567982,6,2026-09-25T20:58:59.844521500Z,"https://api.imf.org/external/sdmx/2.1/data/IMF.STA,BOP/IND.CD_T+DB_T.SI+SI2+SJ+S.USD.Q?startPeriod=2004"
IND,CD_T,S,USD,Q,2004-Q4,11630375876.75044,6,2026-09-25T20:58:59.844521500Z,"https://api.imf.org/external/sdmx/2.1/data/IMF.STA,BOP/IND.CD_T+DB_T.SI+SI2+SJ+S.USD.Q?startPeriod=2004"
IND,CD_T,S,USD,Q,2005-Q1,13593080790.20902,6,2026-09-25T20:58:59.844521500Z,"https://api.imf.org/external/sdmx/2.1/data/IMF.STA,BOP/IND.CD_T+DB_T.SI+SI2+SJ+S.USD.Q?startPeriod=2004"
IND,CD_T,S,USD,Q,2005-Q2,11474027567.44897,6,2026-09-25T20:58:59.844521500Z,"https://api.imf.org/external/sdmx/2.1/data/IMF.STA,BOP/IND.CD_T+DB_T.SI+SI2+SJ+S.USD.Q?startPeriod=2004"
IND,CD_T,S,USD,Q,2005-Q3,12485847861.84461,6,2026-09-25T20:58:59.844521500Z,"https://api.imf.org/external/sdmx/2.1/data/IMF.STA,BOP/IND.CD_T+DB_T.SI+SI2+SJ+S.USD.Q?startPeriod=2004"
IND,CD_T,S,USD,Q,2005-Q4,14625995699.9859,6,2026-09-25T20:58:59.844521500Z,"https://api.imf.org/external/sdmx/2.1/data/IMF.STA,BOP/IND.CD_T+DB_T.SI+SI2+SJ+S.USD.Q?startPeriod=2004"
IND,CD_T,S,USD,Q,2006-Q1,18684392475.16457,6,2026-09-25T20:58:59.844521500Z,"https://api.imf.org/external/sdmx/2.1/data/IMF.STA,BOP/IND.CD_T+DB_T.SI+SI2+SJ+S.USD.Q?startPeriod=2004"
IND,CD_T,S,USD,Q,2006-Q2,15980353706.58847,6,2026-09-25T20:58:59.844521500Z,"https://api.imf.org/external/sdmx/2.1/data/IMF.STA,BOP/IND.CD_T+DB_T.SI+SI2+SJ+S.USD.Q?startPeriod=2004"
IND,CD_T,S,USD,Q,2006-Q3,16386087974.1617,6,2026-09-25T20:58:59.844521500Z,"https://api.imf.org/external/sdmx/2.1/data/IMF.STA,BOP/IND.CD_T+DB_T.SI+SI2+SJ+S.USD.Q?startPeriod=2004"
IND,CD_T,S,USD,Q,2006-Q4,18389014281.96696,6,2026-09-25T20:58:59.844521500Z,"https://api.imf.org/external/sdmx/2.1/data/IMF.STA,BOP/IND.CD_T+DB_T.SI+SI2+SJ+S.USD.Q?startPeriod=2004"
IND,CD_T,S,USD,Q,2007-Q1,22786016565.44679,6,2026-09-25T20:58:59.844521500Z,"https://api.imf.org/external/sdmx/2.1/data/IMF.STA,BOP/IND.CD_T+DB_T.SI+SI2+SJ+S.USD.Q?startPeriod=2004"
IND,CD_T,S,USD,Q,2007-Q2,18803474768.63978,6,2026-09-25T20:58:59.844521500Z,"https://api.imf.org/external/sdmx/2.1/data/IMF.STA,BOP/IND.CD_T+DB_T.SI+SI2+SJ+S.USD.Q?startPeriod=2004"
IND,CD_T,S,USD,Q,2007-Q3,20988014815.53377,6,2026-09-25T20:58:59.844521500Z,"https://api.imf.org/external/sdmx/2.1/data/IMF.STA,BOP/IND.CD_T+DB_T.SI+SI2+SJ+S.USD.Q?startPeriod=2004"
IND,CD_T,S,USD,Q,2007-Q4,23974953394.49417,6,2026-09-25T20:58:59.844521500Z,"https://api.imf.org/external/sdmx/2.1/data/IMF.STA,BOP/IND.CD_T+DB_T.SI+SI2+SJ+S.USD.Q?startPeriod=2004"
IND,CD_T,S,USD,Q,2008-Q1,26160951060.75217,6,2026-09-25T20:58:59.844521500Z,"https://api.imf.org/external/sdmx/2.1/data/IMF.STA,BOP/IND.CD_T+DB_T.SI+SI2+SJ+S.USD.Q?startPeriod=2004"
IND,CD_T,S,USD,Q,2008-Q2,23370777705.58128,6,2026-09-25T20:58:59.844521500Z,"https://api.imf.org/external/sdmx/2.1/data/IMF.STA,BOP/IND.CD_T+DB_T.SI+SI2+SJ+S.USD.Q?startPeriod=2004"
IND,CD_T,S,USD,Q,2008-Q3,28566479542.61837,6,2026-09-25T20:58:59.844521500Z,"https://api.imf.org/external/sdmx/2.1/data/IMF.STA,BOP/IND.CD_T+DB_T.SI+SI2+SJ+S.USD.Q?startPeriod=2004"
IND,CD_T,S,USD,Q,2008-Q4,27956030795.6687,6,2026-09-25T20:58:59.844521500Z,"https://api.imf.org/external/sdmx/2.1/data/IMF.STA,BOP/IND.CD_T+DB_T.SI+SI2+SJ+S.USD.Q?startPeriod=2004"
IND,CD_T,S,USD,Q,2009-Q1,24856486181.68863,6,2026-09-25T20:58:59.844521500Z,"https://api.imf.org/external/sdmx/2.1/data/IMF.STA,BOP/IND.CD_T+DB_T.SI+SI2+SJ+S.USD.Q?startPeriod=2004"
IND,CD_T,S,USD,Q,2009-Q2,22385000000.0,6,2026-09-25T20:58:59.844521500Z,"https://api.imf.org/external/sdmx/2.1/data/IMF.STA,BOP/IND.CD_T+DB_T.SI+SI2+SJ+S.USD.Q?startPeriod=2004"
IND,CD_T,S,USD,Q,2009-Q3,21287000000.00008,6,2026-09-25T20:58:59.844521500Z,"https://api.imf.org/external/sdmx/2.1/data/IMF.STA,BOP/IND.CD_T+DB_T.SI+SI2+SJ+S.USD.Q?startPeriod=2004"
IND,CD_T,S,USD,Q,2009-Q4,24360999999.9999,6,2026-09-25T20:58:59.844521500Z,"https://api.imf.org/external/sdmx/2.1/data/IMF.STA,BOP/IND.CD_T+DB_T.SI+SI2+SJ+S.USD.Q?startPeriod=2004"
IND,CD_T,S,USD,Q,2010-Q1,27696000000.0,6,2026-09-25T20:58:59.844521500Z,"https://api.imf.org/external/sdmx/2.1/data/IMF.STA,BOP/IND.CD_T+DB_T.SI+SI2+SJ+S.USD.Q?startPeriod=2004"
IND,CD_T,S,USD,Q,2010-Q2,25022091427.82229,6,2026-09-25T20:58:59.844521500Z,"https://api.imf.org/external/sdmx/2.1/data/IMF.STA,BOP/IND.CD_T+DB_T.SI+SI2+SJ+S.USD.Q?startPeriod=2004"
IND,CD_T,S,USD,Q,2010-Q3,29324628417.46706,6,2026-09-25T20:58:59.844521500Z,"https://api.imf.org/external/sdmx/2.1/data/IMF.STA,BOP/IND.CD_T+DB_T.SI+SI2+SJ+S.USD.Q?startPeriod=2004"
IND,CD_T,S,USD,Q,2010-Q4,35025591829.15464,6,2026-09-25T20:58:59.844521500Z,"https://api.imf.org/external/sdmx/2.1/data/IMF.STA,BOP/IND.CD_T+DB_T.SI+SI2+SJ+S.USD.Q?startPeriod=2004"
IND,CD_T,S,USD,Q,2011-Q1,35263757230.46941,6,2026-09-25T20:58:59.844521500Z,"https://api.imf.org/external/sdmx/2.1/data/IMF.STA,BOP/IND.CD_T+DB_T.SI+SI2+SJ+S.USD.Q?startPeriod=2004"
IND,CD_T,S,USD,Q,2011-Q2,33720068704.68482,6,2026-09-25T20:58:59.844521500Z,"https://api.imf.org/external/sdmx/2.1/data/IMF.STA,BOP/IND.CD_T+DB_T.SI+SI2+SJ+S.USD.Q?startPeriod=2004"
IND,CD_T,S,USD,Q,2011-Q3,32290473210.31373,6,2026-09-25T20:58:59.844521500Z,"https://api.imf.org/external/sdmx/2.1/data/IMF.STA,BOP/IND.CD_T+DB_T.SI+SI2+SJ+S.USD.Q?startPeriod=2004"
IND,CD_T,S,USD,Q,2011-Q4,37253616519.22579,6,2026-09-25T20:58:59.844521500Z,"https://api.imf.org/external/sdmx/2.1/data/IMF.STA,BOP/IND.CD_T+DB_T.SI+SI2+SJ+S.USD.Q?startPeriod=2004"
IND,CD_T,S,USD,Q,2012-Q1,37664103435.95814,6,2026-09-25T20:58:59.844521500Z,"https://api.imf.org/external/sdmx/2.1/data/IMF.STA,BOP/IND.CD_T+DB_T.SI+SI2+SJ+S.USD.Q?startPeriod=2004"
IND,CD_T,S,USD,Q,2012-Q2,35775121150.21848,6,2026-09-25T20:58:59.844521500Z,"https://api.imf.org/external/sdmx/2.1/data/IMF.STA,BOP/IND.CD_T+DB_T.SI+SI2+SJ+S.USD.Q?startPeriod=2004"
IND,CD_T,S,USD,Q,2012-Q3,35022536811.82753,6,2026-09-25T20:58:59.844521500Z,"https://api.imf.org/external/sdmx/2.1/data/IMF.STA,BOP/IND.CD_T+DB_T.SI+SI2+SJ+S.USD.Q?startPeriod=2004"
IND,CD_T,S,USD,Q,2012-Q4,37062835160.41213,6,2026-09-25T20:58:59.844521500Z,"https://api.imf.org/external/sdmx/2.1/data/IMF.STA,BOP/IND.CD_T+DB_T.SI+SI2+SJ+S.USD.Q?startPeriod=2004"
IND,CD_T,S,USD,Q,2013-Q1,37818997202.82138,6,2026-09-25T20:58:59.844521500Z,"https://api.imf.org/external/sdmx/2.1/data/IMF.STA,BOP/IND.CD_T+DB_T.SI+SI2+SJ+S.USD.Q?startPeriod=2004"
IND,CD_T,S,USD,Q,2013-Q2,36580973052.7837,6,2026-09-25T20:58:59.844521500Z,"https://api.imf.org/external/sdmx/2.1/data/IMF.STA,BOP/IND.CD_T+DB_T.SI+SI2+SJ+S.USD.Q?startPeriod=2004"
IND,CD_T,S,USD,Q,2013-Q3,36906731159.77262,6,2026-09-25T20:58:59.844521500Z,"https://api.imf.org/external/sdmx/2.1/data/IMF.STA,BOP/IND.CD_T+DB_T.SI+SI2+SJ+S.USD.Q?startPeriod=2004"
IND,CD_T,S,USD,Q,2013-Q4,37856930450.73972,6,2026-09-25T20:58:59.844521500Z,"https://api.imf.org/external/sdmx/2.1/data/IMF.STA,BOP/IND.CD_T+DB_T.SI+SI2+SJ+S.USD.Q?startPeriod=2004"
IND,CD_T,S,USD,Q,2014-Q1,40468466967.19899,6,2026-09-25T20:58:59.844521500Z,"https://api.imf.org/external/sdmx/2.1/data/IMF.STA,BOP/IND.CD_T+DB_T.SI+SI2+SJ+S.USD.Q?startPeriod=2004"
IND,CD_T,S,USD,Q,2014-Q2,38160683800.55195,6,2026-09-25T20:58:59.844521500Z,"https://api.imf.org/external/sdmx/2.1/data/IMF.STA,BOP/IND.CD_T+DB_T.SI+SI2+SJ+S.USD.Q?startPeriod=2004"
IND,CD_T,S,USD,Q,2014-Q3,38641160818.13208,6,2026-09-25T20:58:59.844521500Z,"https://api.imf.org/external/sdmx/2.1/data/IMF.STA,BOP/IND.CD_T+DB_T.SI+SI2+SJ+S.USD.Q?startPeriod=2004"
IND,CD_T,S,USD,Q,2014-Q4,39925826577.77342,6,2026-09-25T20:58:59.844521500Z,"https://api.imf.org/external/sdmx/2.1/data/IMF.STA,BOP/IND.CD_T+DB_T.SI+SI2+SJ+S.USD.Q?startPeriod=2004"
IND,CD_T,S,USD,Q,2015-Q1,41379793280.72517,6,2026-09-25T20:58:59.844521500Z,"https://api.imf.org/external/sdmx/2.1/data/IMF.STA,BOP/IND.CD_T+DB_T.SI+SI2+SJ+S.USD.Q?startPeriod=2004"
IND,CD_T,S,USD,Q,2015-Q2,38266268114.04387,6,2026-09-25T20:58:59.844521500Z,"https://api.imf.org/external/sdmx/2.1/data/IMF.STA,BOP/IND.CD_T+DB_T.SI+SI2+SJ+S.USD.Q?startPeriod=2004"
IND,CD_T,S,USD,Q,2015-Q3,38728253858.10137,6,2026-09-25T20:58:59.844521500Z,"https://api.imf.org/external/sdmx/2.1/data/IMF.STA,BOP/IND.CD_T+DB_T.SI+SI2+SJ+S.USD.Q?startPeriod=2004"
IND,CD_T,S,USD,Q,2015-Q4,37903858323.07925,6,2026-09-25T20:58:59.844521500Z,"https://api.imf.org/external/sdmx/2.1/data/IMF.STA,BOP/IND.CD_T+DB_T.SI+SI2+SJ+S.USD.Q?startPeriod=2004"
IND,CD_T,S,USD,Q,2016-Q1,39412765108.65352,6,2026-09-25T20:58:59.844521500Z,"https://api.imf.org/external/sdmx/2.1/data/IMF.STA,BOP/IND.CD_T+DB_T.SI+SI2+SJ+S.USD.Q?startPeriod=2004"
IND,CD_T,S,USD,Q,2016-Q2,39380739394.15329,6,2026-09-25T20:58:59.844521500Z,"https://api.imf.org/external/sdmx/2.1/data/IMF.STA,BOP/IND.CD_T+DB_T.SI+SI2+SJ+S.USD.Q?startPeriod=2004"
IND,CD_T,S,USD,Q,2016-Q3,40880073369.84879,6,2026-09-25T20:58:59.844521500Z,"https://api.imf.org/external/sdmx/2.1/data/IMF.STA,BOP/IND.CD_T+DB_T.SI+SI2+SJ+S.USD.Q?startPeriod=2004"
IND,CD_T,S,USD,Q,2016-Q4,42145205055.04049,6,2026-09-25T20:58:59.844521500Z,"https://api.imf.org/external/sdmx/2.1/data/IMF.STA,BOP/IND.CD_T+DB_T.SI+SI2+SJ+S.USD.Q?startPeriod=2004"
IND,CD_T,S,USD,Q,2017-Q1,41790597547.7832,6,2026-09-25T20:58:59.844521500Z,"https://api.imf.org/external/sdmx/2.1/data/IMF.STA,BOP/IND.CD_T+DB_T.SI+SI2+SJ+S.USD.Q?startPeriod=2004"
IND,CD_T,S,USD,Q,2017-Q2,45915522921.14929,6,2026-09-25T20:58:59.844521500Z,"https://api.imf.org/external/sdmx/2.1/data/IMF.STA,BOP/IND.CD_T+DB_T.SI+SI2+SJ+S.USD.Q?startPeriod=2004"
IND,CD_T,S,USD,Q,2017-Q3,47408792404.5679,6,2026-09-25T20:58:59.844521500Z,"https://api.imf.org/external/sdmx/2.1/data/IMF.STA,BOP/IND.CD_T+DB_T.SI+SI2+SJ+S.USD.Q?startPeriod=2004"
IND,CD_T,S,USD,Q,2017-Q4,50179101403.43235,6,2026-09-25T20:58:59.844521500Z,"https://api.imf.org/external/sdmx/2.1/data/IMF.STA,BOP/IND.CD_T+DB_T.SI+SI2+SJ+S.USD.Q?startPeriod=2004"
IND,CD_T,S,USD,Q,2018-Q1,51585440689.97328,6,2026-09-25T20:58:59.844521500Z,"https://api.imf.org/external/sdmx/2.1/data/IMF.STA,BOP/IND.CD_T+DB_T.SI+SI2+SJ+S.USD.Q?startPeriod=2004"
IND,CD_T,S,USD,Q,2018-Q2,48200439419.65625,6,2026-09-25T20:58:59.844521500Z,"https://api.imf.org/external/sdmx/2.1/data/IMF.STA,BOP/IND.CD_T+DB_T.SI+SI2+SJ+S.USD.Q?startPeriod=2004"
IND,CD_T,S,USD,Q,2018-Q3,50094451911.90496,6,2026-09-25T20:58:59.844521500Z,"https://api.imf.org/external/sdmx/2.1/data/IMF.STA,BOP/IND.CD_T+DB_T.SI+SI2+SJ+S.USD.Q?startPeriod=2004"
IND,CD_T,S,USD,Q,2018-Q4,55075246832.37261,6,2026-09-25T20:58:59.844521500Z,"https://api.imf.org/external/sdmx/2.1/data/IMF.STA,BOP/IND.CD_T+DB_T.SI+SI2+SJ+S.USD.Q?startPeriod=2004"
IND,CD_T,S,USD,Q,2019-Q1,54630281395.91416,6,2026-09-25T20:58:59.844521500Z,"https://api.imf.org/external/sdmx/2.1/data/IMF.STA,BOP/IND.CD_T+DB_T.SI+SI2+SJ+S.USD.Q?startPeriod=2004"
IND,CD_T,S,USD,Q,2019-Q2,52195873611.13098,6,2026-09-25T20:58:59.844521500Z,"https://api.imf.org/external/sdmx/2.1/data/IMF.STA,BOP/IND.CD_T+DB_T.SI+SI2+SJ+S.USD.Q?startPeriod=2004"
IND,CD_T,S,USD,Q,2019-Q3,52776956178.86185,6,2026-09-25T20:58:59.844521500Z,"https://api.imf.org/external/sdmx/2.1/data/IMF.STA,BOP/IND.CD_T+DB_T.SI+SI2+SJ+S.USD.Q?startPeriod=2004"
IND,CD_T,S,USD,Q,2019-Q4,55158428484.99319,6,2026-09-25T20:58:59.844521500Z,"https://api.imf.org/external/sdmx/2.1/data/IMF.STA,BOP/IND.CD_T+DB_T.SI+SI2+SJ+S.USD.Q?startPeriod=2004"
IND,CD_T,S,USD,Q,2020-Q1,53059749782.30911,6,2026-09-25T20:58:59.844521500Z,"https://api.imf.org/external/sdmx/2.1/data/IMF.STA,BOP/IND.CD_T+DB_T.SI+SI2+SJ+S.USD.Q?startPeriod=2004"
IND,CD_T,S,USD,Q,2020-Q2,46953004538.75002,6,2026-09-25T20:58:59.844521500Z,"https://api.imf.org/external/sdmx/2.1/data/IMF.STA,BOP/IND.CD_T+DB_T.SI+SI2+SJ+S.USD.Q?startPeriod=2004"
IND,CD_T,S,USD,Q,2020-Q3,49793134419.05742,6,2026-09-25T20:58:59.844521500Z,"https://api.imf.org/external/sdmx/2.1/data/IMF.STA,BOP/IND.CD_T+DB_T.SI+SI2+SJ+S.USD.Q?startPeriod=2004"
IND,CD_T,S,USD,Q,2020-Q4,53339262942.20656,6,2026-09-25T20:58:59.844521500Z,"https://api.imf.org/external/sdmx/2.1/data/IMF.STA,BOP/IND.CD_T+DB_T.SI+SI2+SJ+S.USD.Q?startPeriod=2004"
IND,CD_T,S,USD,Q,2021-Q1,56004338672.45482,6,2026-09-25T20:58:59.844521500Z,"https://api.imf.org/external/sdmx/2.1/data/IMF.STA,BOP/IND.CD_T+DB_T.SI+SI2+SJ+S.USD.Q?startPeriod=2004"
IND,CD_T,S,USD,Q,2021-Q2,56216695932.03915,6,2026-09-25T20:58:59.844521500Z,"https://api.imf.org/external/sdmx/2.1/data/IMF.STA,BOP/IND.CD_T+DB_T.SI+SI2+SJ+S.USD.Q?startPeriod=2004"
IND,CD_T,S,USD,Q,2021-Q3,61418096871.52515,6,2026-09-25T20:58:59.844521500Z,"https://api.imf.org/external/sdmx/2.1/data/IMF.STA,BOP/IND.CD_T+DB_T.SI+SI2+SJ+S.USD.Q?startPeriod=2004"
IND,CD_T,S,USD,Q,2021-Q4,67016326051.7487,6,2026-09-25T20:58:59.844521500Z,"https://api.imf.org/external/sdmx/2.1/data/IMF.STA,BOP/IND.CD_T+DB_T.SI+SI2+SJ+S.USD.Q?startPeriod=2004"
IND,CD_T,S,USD,Q,2022-Q1,69875591686.89919,6,2026-09-25T20:58:59.844521500Z,"https://api.imf.org/external/sdmx/2.1/data/IMF.STA,BOP/IND.CD_T+DB_T.SI+SI2+SJ+S.USD.Q?startPeriod=2004"
IND,CD_T,S,USD,Q,2022-Q2,76093151538.73738,6,2026-09-25T20:58:59.844521500Z,"https://api.imf.org/external/sdmx/2.1/data/IMF.STA,BOP/IND.CD_T+DB_T.SI+SI2+SJ+S.USD.Q?startPeriod=2004"
IND,CD_T,S,USD,Q,2022-Q3,79981008343.71616,6,2026-09-25T20:58:59.844521500Z,"https://api.imf.org/external/sdmx/2.1/data/IMF.STA,BOP/IND.CD_T+DB_T.SI+SI2+SJ+S.USD.Q?startPeriod=2004"
IND,CD_T,S,USD,Q,2022-Q4,83421344383.40741,6,2026-09-25T20:58:59.844521500Z,"https://api.imf.org/external/sdmx/2.1/data/IMF.STA,BOP/IND.CD_T+DB_T.SI+SI2+SJ+S.USD.Q?startPeriod=2004"
IND,CD_T,S,USD,Q,2023-Q1,85833194011.87163,6,2026-09-25T20:58:59.844521500Z,"https://api.imf.org/external/sdmx/2.1/data/IMF.STA,BOP/IND.CD_T+DB_T.SI+SI2+SJ+S.USD.Q?startPeriod=2004"
IND,CD_T,S,USD,Q,2023-Q2,80569489198.65868,6,2026-09-25T20:58:59.844521500Z,"https://api.imf.org/external/sdmx/2.1/data/IMF.STA,BOP/IND.CD_T+DB_T.SI+SI2+SJ+S.USD.Q?startPeriod=2004"
IND,CD_T,S,USD,Q,2023-Q3,83351563477.63986,6,2026-09-25T20:58:59.844521500Z,"https://api.imf.org/external/sdmx/2.1/data/IMF.STA,BOP/IND.CD_T+DB_T.SI+SI2+SJ+S.USD.Q?startPeriod=2004"
IND,CD_T,S,USD,Q,2023-Q4,87785442694.52663,6,2026-09-25T20:58:59.844521500Z,"https://api.imf.org/external/sdmx/2.1/data/IMF.STA,BOP/IND.CD_T+DB_T.SI+SI2+SJ+S.USD.Q?startPeriod=2004"
IND,CD_T,S,USD,Q,2024-Q1,89355918309.30046,6,2026-09-25T20:58:59.844521500Z,"https://api.imf.org/external/sdmx/2.1/data/IMF.STA,BOP/IND.CD_T+DB_T.SI+SI2+SJ+S.USD.Q?startPeriod=2004"
IND,CD_T,S,USD,Q,2024-Q2,88633958841.14528,6,2026-09-25T20:58:59.844521500Z,"https://api.imf.org/external/sdmx/2.1/data/IMF.STA,BOP/IND.CD_T+DB_T.SI+SI2+SJ+S.USD.Q?startPeriod=2004"
IND,CD_T,S,USD,Q,2024-Q3,93405880516.12444,6,2026-09-25T20:58:59.844521500Z,"https://api.imf.org/external/sdmx/2.1/data/IMF.STA,BOP/IND.CD_T+DB_T.SI+SI2+SJ+S.USD.Q?startPeriod=2004"
IND,CD_T,S,USD,Q,2024-Q4,103487420289.548,6,2026-09-25T20:58:59.844521500Z,"https://api.imf.org/external/sdmx/2.1/data/IMF.STA,BOP/IND.CD_T+DB_T.SI+SI2+SJ+S.USD.Q?startPeriod=2004"
IND,CD_T,S,USD,Q,2025-Q1,102025539818.9883,6,2026-09-25T20:58:59.844521500Z,"https://api.imf.org/external/sdmx/2.1/data/IMF.STA,BOP/IND.CD_T+DB_T.SI+SI2+SJ+S.USD.Q?startPeriod=2004"
IND,CD_T,S,USD,Q,2025-Q2,97410535895.86745,6,2026-09-25T20:58:59.844521500Z,"https://api.imf.org/external/sdmx/2.1/data/IMF.STA,BOP/IND.CD_T+DB_T.SI+SI2+SJ+S.USD.Q?startPeriod=2004"
IND,CD_T,S,USD,Q,2025-Q3,101604979336.8038,6,2026-09-25T20:58:59.844521500Z,"https://api.imf.org/external/sdmx/2.1/data/IMF.STA,BOP/IND.CD_T+DB_T.SI+SI2+SJ+S.USD.Q?startPeriod=2004"
IND,CD_T,S,USD,Q,2025-Q4,111211773273.2577,6,2026-09-25T20:58:59.844521500Z,"https://api.imf.org/external/sdmx/2.1/data/IMF.STA,BOP/IND.CD_T+DB_T.SI+SI2+SJ+S.USD.Q?startPeriod=2004"
IND,CD_T,S,USD,Q,2026-Q1,111065004147.8194,6,2026-09-25T20:58:59.844521500Z,"https://api.imf.org/external/sdmx/2.1/data/IMF.STA,BOP/IND.CD_T+DB_T.SI+SI2+SJ+S.USD.Q?startPeriod=2004"
IND,CD_T,S,USD,Q,2026-Q2,106238607125.791,6,2026-09-25T20:58:59.844521500Z,"https://api.imf.org/external/sdmx/2.1/data/IMF.STA,BOP/IND.CD_T+DB_T.SI+SI2+SJ+S.USD.Q?startPeriod=2004"
IND,CD_T,SI,USD,Q,2004-Q1,3765580799.151344,6,2026-09-25T20:58:59.844521500Z,"https://api.imf.org/external/sdmx/2.1/data/IMF.STA,BOP/IND.CD_T+DB_T.SI+SI2+SJ+S.USD.Q?startPeriod=2004"
IND,CD_T,SI,USD,Q,2004-Q2,4176074162.123475,6,2026-09-25T20:58:59.844521500Z,"https://api.imf.org/external/sdmx/2.1/data/IMF.STA,BOP/IND.CD_T+DB_T.SI+SI2+SJ+S.USD.Q?startPeriod=2004"
IND,CD_T,SI,USD,Q,2004-Q3,4302500909.894452,6,2026-09-25T20:58:59.844521500Z,"https://api.imf.org/external/sdmx/2.1/data/IMF.STA,BOP/IND.CD_T+DB_T.SI+SI2+SJ+S.USD.Q?startPeriod=2004"
IND,CD_T,SI,USD,Q,2004-Q4,4646990487.614476,6,2026-09-25T20:58:59.844521500Z,"https://api.imf.org/external/sdmx/2.1/data/IMF.STA,BOP/IND.CD_T+DB_T.SI+SI2+SJ+S.USD.Q?startPeriod=2004"
IND,CD_T,SI,USD,Q,2005-Q1,5438673691.018022,6,2026-09-25T20:58:59.844521500Z,"https://api.imf.org/external/sdmx/2.1/data/IMF.STA,BOP/IND.CD_T+DB_T.SI+SI2+SJ+S.USD.Q?startPeriod=2004"
IND,CD_T,SI,USD,Q,2005-Q2,5274906221.596056,6,2026-09-25T20:58:59.844521500Z,"https://api.imf.org/external/sdmx/2.1/data/IMF.STA,BOP/IND.CD_T+DB_T.SI+SI2+SJ+S.USD.Q?startPeriod=2004"
IND,CD_T,SI,USD,Q,2005-Q3,5414394441.070649,6,2026-09-25T20:58:59.844521500Z,"https://api.imf.org/external/sdmx/2.1/data/IMF.STA,BOP/IND.CD_T+DB_T.SI+SI2+SJ+S.USD.Q?startPeriod=2004"
IND,CD_T,SI,USD,Q,2005-Q4,6529875405.329198,6,2026-09-25T20:58:59.844521500Z,"https://api.imf.org/external/sdmx/2.1/data/IMF.STA,BOP/IND.CD_T+DB_T.SI+SI2+SJ+S.USD.Q?startPeriod=2004"
IND,CD_T,SI,USD,Q,2006-Q1,7353222693.419035,6,2026-09-25T20:58:59.844521500Z,"https://api.imf.org/external/sdmx/2.1/data/IMF.STA,BOP/IND.CD_T+DB_T.SI+SI2+SJ+S.USD.Q?startPeriod=2004"
IND,CD_T,SI,USD,Q,2006-Q2,7350426097.315129,6,2026-09-25T20:58:59.844521500Z,"https://api.imf.org/external/sdmx/2.1/data/IMF.STA,BOP/IND.CD_T+DB_T.SI+SI2+SJ+S.USD.Q?startPeriod=2004"
IND,CD_T,SI,USD,Q,2006-Q3,7478472273.639885,6,2026-09-25T20:58:59.844521500Z,"https://api.imf.org/external/sdmx/2.1/data/IMF.STA,BOP/IND.CD_T+DB_T.SI+SI2+SJ+S.USD.Q?startPeriod=2004"
IND,CD_T,SI,USD,Q,2006-Q4,7996538064.250326,6,2026-09-25T20:58:59.844521500Z,"https://api.imf.org/external/sdmx/2.1/data/IMF.STA,BOP/IND.CD_T+DB_T.SI+SI2+SJ+S.USD.Q?startPeriod=2004"
IND,CD_T,SI,USD,Q,2007-Q1,9939607657.293264,6,2026-09-25T20:58:59.844521500Z,"https://api.imf.org/external/sdmx/2.1/data/IMF.STA,BOP/IND.CD_T+DB_T.SI+SI2+SJ+S.USD.Q?startPeriod=2004"
IND,CD_T,SI,USD,Q,2007-Q2,9268596123.624935,6,2026-09-25T20:58:59.844521500Z,"https://api.imf.org/external/sdmx/2.1/data/IMF.STA,BOP/IND.CD_T+DB_T.SI+SI2+SJ+S.USD.Q?startPeriod=2004"
IND,CD_T,SI,USD,Q,2007-Q3,9486358637.58286,6,2026-09-25T20:58:59.844521500Z,"https://api.imf.org/external/sdmx/2.1/data/IMF.STA,BOP/IND.CD_T+DB_T.SI+SI2+SJ+S.USD.Q?startPeriod=2004"
IND,CD_T,SI,USD,Q,2007-Q4,9970875254.355831,6,2026-09-25T20:58:59.844521500Z,"https://api.imf.org/external/sdmx/2.1/data/IMF.STA,BOP/IND.CD_T+DB_T.SI+SI2+SJ+S.USD.Q?startPeriod=2004"
IND,CD_T,SI,USD,Q,2008-Q1,13281375562.52009,6,2026-09-25T20:58:59.844521500Z,"https://api.imf.org/external/sdmx/2.1/data/IMF.STA,BOP/IND.CD_T+DB_T.SI+SI2+SJ+S.USD.Q?startPeriod=2004"
IND,CD_T,SI,USD,Q,2008-Q2,12595944868.91002,6,2026-09-25T20:58:59.844521500Z,"https://api.imf.org/external/sdmx/2.1/data/IMF.STA,BOP/IND.CD_T+DB_T.SI+SI2+SJ+S.USD.Q?startPeriod=2004"
IND,CD_T,SI,USD,Q,2008-Q3,12704880275.37919,6,2026-09-25T20:58:59.844521500Z,"https://api.imf.org/external/sdmx/2.1/data/IMF.STA,BOP/IND.CD_T+DB_T.SI+SI2+SJ+S.USD.Q?startPeriod=2004"
IND,CD_T,SI,USD,Q,2008-Q4,11768310647.1725,6,2026-09-25T20:58:59.844521500Z,"https://api.imf.org/external/sdmx/2.1/data/IMF.STA,BOP/IND.CD_T+DB_T.SI+SI2+SJ+S.USD.Q?startPeriod=2004"
IND,CD_T,SI,USD,Q,2009-Q1,11257564109.08925,6,2026-09-25T20:58:59.844521500Z,"https://api.imf.org/external/sdmx/2.1/data/IMF.STA,BOP/IND.CD_T+DB_T.SI+SI2+SJ+S.USD.Q?startPeriod=2004"
IND,CD_T,SI,USD,Q,2009-Q2,11509000000.0,6,2026-09-25T20:58:59.844521500Z,"https://api.imf.org/external/sdmx/2.1/data/IMF.STA,BOP/IND.CD_T+DB_T.SI+SI2+SJ+S.USD.Q?startPeriod=2004"
IND,CD_T,SI,USD,Q,2009-Q3,11901000000.00002,6,2026-09-25T20:58:59.844521500Z,"https://api.imf.org/external/sdmx/2.1/data/IMF.STA,BOP/IND.CD_T+DB_T.SI+SI2+SJ+S.USD.Q?startPeriod=2004"
IND,CD_T,SI,USD,Q,2009-Q4,13716999999.99999,6,2026-09-25T20:58:59.844521500Z,"https://api.imf.org/external/sdmx/2.1/data/IMF.STA,BOP/IND.CD_T+DB_T.SI+SI2+SJ+S.USD.Q?startPeriod=2004"
IND,CD_T,SI,USD,Q,2010-Q1,14753000000.00001,6,2026-09-25T20:58:59.844521500Z,"https://api.imf.org/external/sdmx/2.1/data/IMF.STA,BOP/IND.CD_T+DB_T.SI+SI2+SJ+S.USD.Q?startPeriod=2004"
IND,CD_T,SI,USD,Q,2010-Q2,12208884386.83029,6,2026-09-25T20:58:59.844521500Z,"https://api.imf.org/external/sdmx/2.1/data/IMF.STA,BOP/IND.CD_T+DB_T.SI+SI2+SJ+S.USD.Q?startPeriod=2004"
IND,CD_T,SI,USD,Q,2010-Q3,12424597521.87889,6,2026-09-25T20:58:59.844521500Z,"https://api.imf.org/external/sdmx/2.1/data/IMF.STA,BOP/IND.CD_T+DB_T.SI+SI2+SJ+S.USD.Q?startPeriod=2004"
IND,CD_T,SI,USD,Q,2010-Q4,14857759314.38643,6,2026-09-25T20:58:59.844521500Z,"https://api.imf.org/external/sdmx/2.1/data/IMF.STA,BOP/IND.CD_T+DB_T.SI+SI2+SJ+S.USD.Q?startPeriod=2004"
IND,CD_T,SI,USD,Q,2011-Q1,15726145495.8298,6,2026-09-25T20:58:59.844521500Z,"https://api.imf.org/external/sdmx/2.1/data/IMF.STA,BOP/IND.CD_T+DB_T.SI+SI2+SJ+S.USD.Q?startPeriod=2004"
IND,CD_T,SI,USD,Q,2011-Q2,15336484368.91627,6,2026-09-25T20:58:59.844521500Z,"https://api.imf.org/external/sdmx/2.1/data/IMF.STA,BOP/IND.CD_T+DB_T.SI+SI2+SJ+S.USD.Q?startPeriod=2004"
IND,CD_T,SI,USD,Q,2011-Q3,14416548361.71228,6,2026-09-25T20:58:59.844521500Z,"https://api.imf.org/external/sdmx/2.1/data/IMF.STA,BOP/IND.CD_T+DB_T.SI+SI2+SJ+S.USD.Q?startPeriod=2004"
IND,CD_T,SI,USD,Q,2011-Q4,16608047882.86366,6,2026-09-25T20:58:59.844521500Z,"https://api.imf.org/external/sdmx/2.1/data/IMF.STA,BOP/IND.CD_T+DB_T.SI+SI2+SJ+S.USD.Q?startPeriod=2004"
IND,CD_T,SI,USD,Q,2012-Q1,17613051980.18556,6,2026-09-25T20:58:59.844521500Z,"https://api.imf.org/external/sdmx/2.1/data/IMF.STA,BOP/IND.CD_T+DB_T.SI+SI2+SJ+S.USD.Q?startPeriod=2004"
IND,CD_T,SI,USD,Q,2012-Q2,16083955031.39785,6,2026-09-25T20:58:59.844521500Z,"https://api.imf.org/external/sdmx/2.1/data/IMF.STA,BOP/IND.CD_T+DB_T.SI+SI2+SJ+S.USD.Q?startPeriod=2004"
IND,CD_T,SI,USD,Q,2012-Q3,16557299839.28429,6,2026-09-25T20:58:59.844521500Z,"https://api.imf.org/external/sdmx/2.1/data/IMF.STA,BOP/IND.CD_T+DB_T.SI+SI2+SJ+S.USD.Q?startPeriod=2004"
IND,CD_T,SI,USD,Q,2012-Q4,16927690389.44929,6,2026-09-25T20:58:59.844521500Z,"https://api.imf.org/external/sdmx/2.1/data/IMF.STA,BOP/IND.CD_T+DB_T.SI+SI2+SJ+S.USD.Q?startPeriod=2004"
IND,CD_T,SI,USD,Q,2013-Q1,18217005852.8331,6,2026-09-25T20:58:59.844521500Z,"https://api.imf.org/external/sdmx/2.1/data/IMF.STA,BOP/IND.CD_T+DB_T.SI+SI2+SJ+S.USD.Q?startPeriod=2004"
IND,CD_T,SI,USD,Q,2013-Q2,17561097860.49738,6,2026-09-25T20:58:59.844521500Z,"https://api.imf.org/external/sdmx/2.1/data/IMF.STA,BOP/IND.CD_T+DB_T.SI+SI2+SJ+S.USD.Q?startPeriod=2004"
IND,CD_T,SI,USD,Q,2013-Q3,18023497911.63215,6,2026-09-25T20:58:59.844521500Z,"https://api.imf.org/external/sdmx/2.1/data/IMF.STA,BOP/IND.CD_T+DB_T.SI+SI2+SJ+S.USD.Q?startPeriod=2004"
IND,CD_T,SI,USD,Q,2013-Q4,18455326913.63099,6,2026-09-25T20:58:59.844521500Z,"https://api.imf.org/external/sdmx/2.1/data/IMF.STA,BOP/IND.CD_T+DB_T.SI+SI2+SJ+S.USD.Q?startPeriod=2004"
IND,CD_T,SI,USD,Q,2014-Q1,18014403926.43776,6,2026-09-25T20:58:59.844521500Z,"https://api.imf.org/external/sdmx/2.1/data/IMF.STA,BOP/IND.CD_T+DB_T.SI+SI2+SJ+S.USD.Q?startPeriod=2004"
IND,CD_T,SI,USD,Q,2014-Q2,18218348560.31644,6,2026-09-25T20:58:59.844521500Z,"https://api.imf.org/external/sdmx/2.1/data/IMF.STA,BOP/IND.CD_T+DB_T.SI+SI2+SJ+S.USD.Q?startPeriod=2004"
IND,CD_T,SI,USD,Q,2014-Q3,19134849811.18059,6,2026-09-25T20:58:59.844521500Z,"https://api.imf.org/external/sdmx/2.1/data/IMF.STA,BOP/IND.CD_T+DB_T.SI+SI2+SJ+S.USD.Q?startPeriod=2004"
IND,CD_T,SI,USD,Q,2014-Q4,19425267288.94298,6,2026-09-25T20:58:59.844521500Z,"https://api.imf.org/external/sdmx/2.1/data/IMF.STA,BOP/IND.CD_T+DB_T.SI+SI2+SJ+S.USD.Q?startPeriod=2004"
IND,CD_T,SI,USD,Q,2015-Q1,18555407597.44229,6,2026-09-25T20:58:59.844521500Z,"https://api.imf.org/external/sdmx/2.1/data/IMF.STA,BOP/IND.CD_T+DB_T.SI+SI2+SJ+S.USD.Q?startPeriod=2004"
IND,CD_T,SI,USD,Q,2015-Q2,18730583034.42533,6,2026-09-25T20:58:59.844521500Z,"https://api.imf.org/external/sdmx/2.1/data/IMF.STA,BOP/IND.CD_T+DB_T.SI+SI2+SJ+S.USD.Q?startPeriod=2004"
IND,CD_T,SI,USD,Q,2015-Q3,19354285890.97561,6,2026-09-25T20:58:59.844521500Z,"https://api.imf.org/external/sdmx/2.1/data/IMF.STA,BOP/IND.CD_T+DB_T.SI+SI2+SJ+S.USD.Q?startPeriod=2004"
IND,CD_T,SI,USD,Q,2015-Q4,19728180785.4738,6,2026-09-25T20:58:59.844521500Z,"https://api.imf.org/external/sdmx/2.1/data/IMF.STA,BOP/IND.CD_T+DB_T.SI+SI2+SJ+S.USD.Q?startPeriod=2004"
IND,CD_T,SI,USD,Q,2016-Q1,18749603188.46199,6,2026-09-25T20:58:59.844521500Z,"https://api.imf.org/external/sdmx/2.1/data/IMF.STA,BOP/IND.CD_T+DB_T.SI+SI2+SJ+S.USD.Q?startPeriod=2004"
IND,CD_T,SI,USD,Q,2016-Q2,18846067095.90859,6,2026-09-25T20:58:59.844521500Z,"https://api.imf.org/external/sdmx/2.1/data/IMF.STA,BOP/IND.CD_T+DB_T.SI+SI2+SJ+S.USD.Q?startPeriod=2004"
IND,CD_T,SI,USD,Q,2016-Q3,19349402386.83876,6,2026-09-25T20:58:59.844521500Z,"https://api.imf.org/external/sdmx/2.1/data/IMF.STA,BOP/IND.CD_T+DB_T.SI+SI2+SJ+S.USD.Q?startPeriod=2004"
IND,CD_T,SI,USD,Q,2016-Q4,19596425212.63604,6,2026-09-25T20:58:59.844521500Z,"https://api.imf.org/external/sdmx/2.1/data/IMF.STA,BOP/IND.CD_T+DB_T.SI+SI2+SJ+S.USD.Q?startPeriod=2004"
IND,CD_T,SI,USD,Q,2017-Q1,19252596761.95583,6,2026-09-25T20:58:59.844521500Z,"https://api.imf.org/external/sdmx/2.1/data/IMF.STA,BOP/IND.CD_T+DB_T.SI+SI2+SJ+S.USD.Q?startPeriod=2004"
IND,CD_T,SI,USD,Q,2017-Q2,19209794409.14783,6,2026-09-25T20:58:59.844521500Z,"https://api.imf.org/external/sdmx/2.1/data/IMF.STA,BOP/IND.CD_T+DB_T.SI+SI2+SJ+S.USD.Q?startPeriod=2004"
IND,CD_T,SI,USD,Q,2017-Q3,19985120373.64473,6,2026-09-25T20:58:59.844521500Z,"https://api.imf.org/external/sdmx/2.1/data/IMF.STA,BOP/IND.CD_T+DB_T.SI+SI2+SJ+S.USD.Q?startPeriod=2004"
IND,CD_T,SI,USD,Q,2017-Q4,20071016389.86861,6,2026-09-25T20:58:59.844521500Z,"https://api.imf.org/external/sdmx/2.1/data/IMF.STA,BOP/IND.CD_T+DB_T.SI+SI2+SJ+S.USD.Q?startPeriod=2004"
IND,CD_T,SI,USD,Q,2018-Q1,20574072802.12958,6,2026-09-25T20:58:59.844521500Z,"https://api.imf.org/external/sdmx/2.1/data/IMF.STA,BOP/IND.CD_T+DB_T.SI+SI2+SJ+S.USD.Q?startPeriod=2004"
IND,CD_T,SI,USD,Q,2018-Q2,20746471251.58246,6,2026-09-25T20:58:59.844521500Z,"https://api.imf.org/external/sdmx/2.1/data/IMF.STA,BOP/IND.CD_T+DB_T.SI+SI2+SJ+S.USD.Q?startPeriod=2004"
IND,CD_T,SI,USD,Q,2018-Q3,21427567095.19051,6,2026-09-25T20:58:59.844521500Z,"https://api.imf.org/external/sdmx/2.1/data/IMF.STA,BOP/IND.CD_T+DB_T.SI+SI2+SJ+S.USD.Q?startPeriod=2004"
IND,CD_T,SI,USD,Q,2018-Q4,21907323613.75311,6,2026-09-25T20:58:59.844521500Z,"https://api.imf.org/external/sdmx/2.1/data/IMF.STA,BOP/IND.CD_T+DB_T.SI+SI2+SJ+S.USD.Q?startPeriod=2004"
IND,CD_T,SI,USD,Q,2019-Q1,22262474901.22508,6,2026-09-25T20:58:59.844521500Z,"https://api.imf.org/external/sdmx/2.1/data/IMF.STA,BOP/IND.CD_T+DB_T.SI+SI2+SJ+S.USD.Q?startPeriod=2004"
IND,CD_T,SI,USD,Q,2019-Q2,23604132517.29169,6,2026-09-25T20:58:59.844521500Z,"https://api.imf.org/external/sdmx/2.1/data/IMF.STA,BOP/IND.CD_T+DB_T.SI+SI2+SJ+S.USD.Q?startPeriod=2004"
IND,CD_T,SI,USD,Q,2019-Q3,23946866195.03458,6,2026-09-25T20:58:59.844521500Z,"https://api.imf.org/external/sdmx/2.1/data/IMF.STA,BOP/IND.CD_T+DB_T.SI+SI2+SJ+S.USD.Q?startPeriod=2004"
IND,CD_T,SI,USD,Q,2019-Q4,24591722300.19095,6,2026-09-25T20:58:59.844521500Z,"https://api.imf.org/external/sdmx/2.1/data/IMF.STA,BOP/IND.CD_T+DB_T.SI+SI2+SJ+S.USD.Q?startPeriod=2004"
IND,CD_T,SI,USD,Q,2020-Q1,23967439727.29844,6,2026-09-25T20:58:59.844521500Z,"https://api.imf.org/external/sdmx/2.1/data/IMF.STA,BOP/IND.CD_T+DB_T.SI+SI2+SJ+S.USD.Q?startPeriod=2004"
IND,CD_T,SI,USD,Q,2020-Q2,23395814637.40222,6,2026-09-25T20:58:59.844521500Z,"https://api.imf.org/external/sdmx/2.1/data/IMF.STA,BOP/IND.CD_T+DB_T.SI+SI2+SJ+S.USD.Q?startPeriod=2004"
IND,CD_T,SI,USD,Q,2020-Q3,25515111096.21289,6,2026-09-25T20:58:59.844521500Z,"https://api.imf.org/external/sdmx/2.1/data/IMF.STA,BOP/IND.CD_T+DB_T.SI+SI2+SJ+S.USD.Q?startPeriod=2004"
IND,CD_T,SI,USD,Q,2020-Q4,26593054550.30155,6,2026-09-25T20:58:59.844521500Z,"https://api.imf.org/external/sdmx/2.1/data/IMF.STA,BOP/IND.CD_T+DB_T.SI+SI2+SJ+S.USD.Q?startPeriod=2004"
IND,CD_T,SI,USD,Q,2021-Q1,27574378166.21038,6,2026-09-25T20:58:59.844521500Z,"https://api.imf.org/external/sdmx/2.1/data/IMF.STA,BOP/IND.CD_T+DB_T.SI+SI2+SJ+S.USD.Q?startPeriod=2004"
IND,CD_T,SI,USD,Q,2021-Q2,28489417887.69772,6,2026-09-25T20:58:59.844521500Z,"https://api.imf.org/external/sdmx/2.1/data/IMF.STA,BOP/IND.CD_T+DB_T.SI+SI2+SJ+S.USD.Q?startPeriod=2004"
IND,CD_T,SI,USD,Q,2021-Q3,30822570025.14524,6,2026-09-25T20:58:59.844521500Z,"https://api.imf.org/external/sdmx/2.1/data/IMF.STA,BOP/IND.CD_T+DB_T.SI+SI2+SJ+S.USD.Q?startPeriod=2004"
IND,CD_T,SI,USD,Q,2021-Q4,32637832064.75055,6,2026-09-25T20:58:59.844521500Z,"https://api.imf.org/external/sdmx/2.1/data/IMF.STA,BOP/IND.CD_T+DB_T.SI+SI2+SJ+S.USD.Q?startPeriod=2004"
IND,CD_T,SI,USD,Q,2022-Q1,33628867969.9726,6,2026-09-25T20:58:59.844521500Z,"https://api.imf.org/external/sdmx/2.1/data/IMF.STA,BOP/IND.CD_T+DB_T.SI+SI2+SJ+S.USD.Q?startPeriod=2004"
IND,CD_T,SI,USD,Q,2022-Q2,35521358830.65182,6,2026-09-25T20:58:59.844521500Z,"https://api.imf.org/external/sdmx/2.1/data/IMF.STA,BOP/IND.CD_T+DB_T.SI+SI2+SJ+S.USD.Q?startPeriod=2004"
IND,CD_T,SI,USD,Q,2022-Q3,37110510465.34016,6,2026-09-25T20:58:59.844521500Z,"https://api.imf.org/external/sdmx/2.1/data/IMF.STA,BOP/IND.CD_T+DB_T.SI+SI2+SJ+S.USD.Q?startPeriod=2004"
IND,CD_T,SI,USD,Q,2022-Q4,38537505475.84483,6,2026-09-25T20:58:59.844521500Z,"https://api.imf.org/external/sdmx/2.1/data/IMF.STA,BOP/IND.CD_T+DB_T.SI+SI2+SJ+S.USD.Q?startPeriod=2004"
IND,CD_T,SI,USD,Q,2023-Q1,41115621441.98668,6,2026-09-25T20:58:59.844521500Z,"https://api.imf.org/external/sdmx/2.1/data/IMF.STA,BOP/IND.CD_T+DB_T.SI+SI2+SJ+S.USD.Q?startPeriod=2004"
IND,CD_T,SI,USD,Q,2023-Q2,39090550441.84456,6,2026-09-25T20:58:59.844521500Z,"https://api.imf.org/external/sdmx/2.1/data/IMF.STA,BOP/IND.CD_T+DB_T.SI+SI2+SJ+S.USD.Q?startPeriod=2004"
IND,CD_T,SI,USD,Q,2023-Q3,40546146521.38938,6,2026-09-25T20:58:59.844521500Z,"https://api.imf.org/external/sdmx/2.1/data/IMF.STA,BOP/IND.CD_T+DB_T.SI+SI2+SJ+S.USD.Q?startPeriod=2004"
IND,CD_T,SI,USD,Q,2023-Q4,41836564559.05896,6,2026-09-25T20:58:59.844521500Z,"https://api.imf.org/external/sdmx/2.1/data/IMF.STA,BOP/IND.CD_T+DB_T.SI+SI2+SJ+S.USD.Q?startPeriod=2004"
IND,CD_T,SI,USD,Q,2024-Q1,42136846310.85592,6,2026-09-25T20:58:59.844521500Z,"https://api.imf.org/external/sdmx/2.1/data/IMF.STA,BOP/IND.CD_T+DB_T.SI+SI2+SJ+S.USD.Q?startPeriod=2004"
IND,CD_T,SI,USD,Q,2024-Q2,42540957153.44344,6,2026-09-25T20:58:59.844521500Z,"https://api.imf.org/external/sdmx/2.1/data/IMF.STA,BOP/IND.CD_T+DB_T.SI+SI2+SJ+S.USD.Q?startPeriod=2004"
IND,CD_T,SI,USD,Q,2024-Q3,44771829138.31922,6,2026-09-25T20:58:59.844521500Z,"https://api.imf.org/external/sdmx/2.1/data/IMF.STA,BOP/IND.CD_T+DB_T.SI+SI2+SJ+S.USD.Q?startPeriod=2004"
IND,CD_T,SI,USD,Q,2024-Q4,48295816527.9386,6,2026-09-25T20:58:59.844521500Z,"https://api.imf.org/external/sdmx/2.1/data/IMF.STA,BOP/IND.CD_T+DB_T.SI+SI2+SJ+S.USD.Q?startPeriod=2004"
IND,CD_T,SI,USD,Q,2025-Q1,47738192435.20173,6,2026-09-25T20:58:59.844521500Z,"https://api.imf.org/external/sdmx/2.1/data/IMF.STA,BOP/IND.CD_T+DB_T.SI+SI2+SJ+S.USD.Q?startPeriod=2004"
IND,CD_T,SI,USD,Q,2025-Q2,47932035657.70654,6,2026-09-25T20:58:59.844521500Z,"https://api.imf.org/external/sdmx/2.1/data/IMF.STA,BOP/IND.CD_T+DB_T.SI+SI2+SJ+S.USD.Q?startPeriod=2004"
IND,CD_T,SI,USD,Q,2025-Q3,50358949106.47812,6,2026-09-25T20:58:59.844521500Z,"https://api.imf.org/external/sdmx/2.1/data/IMF.STA,BOP/IND.CD_T+DB_T.SI+SI2+SJ+S.USD.Q?startPeriod=2004"
IND,CD_T,SI,USD,Q,2025-Q4,54314611083.16803,6,2026-09-25T20:58:59.844521500Z,"https://api.imf.org/external/sdmx/2.1/data/IMF.STA,BOP/IND.CD_T+DB_T.SI+SI2+SJ+S.USD.Q?startPeriod=2004"
IND,CD_T,SI,USD,Q,2026-Q1,53953067396.0958,6,2026-09-25T20:58:59.844521500Z,"https://api.imf.org/external/sdmx/2.1/data/IMF.STA,BOP/IND.CD_T+DB_T.SI+SI2+SJ+S.USD.Q?startPeriod=2004"
IND,CD_T,SI,USD,Q,2026-Q2,52009491854.59386,6,2026-09-25T20:58:59.844521500Z,"https://api.imf.org/external/sdmx/2.1/data/IMF.STA,BOP/IND.CD_T+DB_T.SI+SI2+SJ+S.USD.Q?startPeriod=2004"
IND,CD_T,SI2,USD,Q,2004-Q1,3639939886.845827,6,2026-09-25T20:58:59.844521500Z,"https://api.imf.org/external/sdmx/2.1/data/IMF.STA,BOP/IND.CD_T+DB_T.SI+SI2+SJ+S.USD.Q?startPeriod=2004"
IND,CD_T,SI2,USD,Q,2004-Q2,3945988045.025307,6,2026-09-25T20:58:59.844521500Z,"https://api.imf.org/external/sdmx/2.1/data/IMF.STA,BOP/IND.CD_T+DB_T.SI+SI2+SJ+S.USD.Q?startPeriod=2004"
IND,CD_T,SI2,USD,Q,2004-Q3,4099941073.50214,6,2026-09-25T20:58:59.844521500Z,"https://api.imf.org/external/sdmx/2.1/data/IMF.STA,BOP/IND.CD_T+DB_T.SI+SI2+SJ+S.USD.Q?startPeriod=2004"
IND,CD_T,SI2,USD,Q,2004-Q4,4517993910.471928,6,2026-09-25T20:58:59.844521500Z,"https://api.imf.org/external/sdmx/2.1/data/IMF.STA,BOP/IND.CD_T+DB_T.SI+SI2+SJ+S.USD.Q?startPeriod=2004"
IND,CD_T,SI2,USD,Q,2005-Q1,5136099349.627225,6,2026-09-25T20:58:59.844521500Z,"https://api.imf.org/external/sdmx/2.1/data/IMF.STA,BOP/IND.CD_T+DB_T.SI+SI2+SJ+S.USD.Q?startPeriod=2004"
IND,CD_T,SI2,USD,Q,2005-Q2,5102905888.297632,6,2026-09-25T20:58:59.844521500Z,"https://api.imf.org/external/sdmx/2.1/data/IMF.STA,BOP/IND.CD_T+DB_T.SI+SI2+SJ+S.USD.Q?startPeriod=2004"
IND,CD_T,SI2,USD,Q,2005-Q3,5217904781.667984,6,2026-09-25T20:58:59.844521500Z,"https://api.imf.org/external/sdmx/2.1/data/IMF.STA,BOP/IND.CD_T+DB_T.SI+SI2+SJ+S.USD.Q?startPeriod=2004"
IND,CD_T,SI2,USD,Q,2005-Q4,6253965176.935006,6,2026-09-25T20:58:59.844521500Z,"https://api.imf.org/external/sdmx/2.1/data/IMF.STA,BOP/IND.CD_T+DB_T.SI+SI2+SJ+S.USD.Q?startPeriod=2004"
IND,CD_T,SI2,USD,Q,2006-Q1,7025086538.309952,6,2026-09-25T20:58:59.844521500Z,"https://api.imf.org/external/sdmx/2.1/data/IMF.STA,BOP/IND.CD_T+DB_T.SI+SI2+SJ+S.USD.Q?startPeriod=2004"
IND,CD_T,SI2,USD,Q,2006-Q2,7039017685.329424,6,2026-09-25T20:58:59.844521500Z,"https://api.imf.org/external/sdmx/2.1/data/IMF.STA,BOP/IND.CD_T+DB_T.SI+SI2+SJ+S.USD.Q?startPeriod=2004"
IND,CD_T,SI2,USD,Q,2006-Q3,7120916848.595334,6,2026-09-25T20:58:59.844521500Z,"https://api.imf.org/external/sdmx/2.1/data/IMF.STA,BOP/IND.CD_T+DB_T.SI+SI2+SJ+S.USD.Q?startPeriod=2004"
IND,CD_T,SI2,USD,Q,2006-Q4,7601957416.411887,6,2026-09-25T20:58:59.844521500Z,"https://api.imf.org/external/sdmx/2.1/data/IMF.STA,BOP/IND.CD_T+DB_T.SI+SI2+SJ+S.USD.Q?startPeriod=2004"
IND,CD_T,SI2,USD,Q,2007-Q1,9538111394.177944,6,2026-09-25T20:58:59.844521500Z,"https://api.imf.org/external/sdmx/2.1/data/IMF.STA,BOP/IND.CD_T+DB_T.SI+SI2+SJ+S.USD.Q?startPeriod=2004"
IND,CD_T,SI2,USD,Q,2007-Q2,8836068913.334497,6,2026-09-25T20:58:59.844521500Z,"https://api.imf.org/external/sdmx/2.1/data/IMF.STA,BOP/IND.CD_T+DB_T.SI+SI2+SJ+S.USD.Q?startPeriod=2004"
IND,CD_T,SI2,USD,Q,2007-Q3,9049961710.909554,6,2026-09-25T20:58:59.844521500Z,"https://api.imf.org/external/sdmx/2.1/data/IMF.STA,BOP/IND.CD_T+DB_T.SI+SI2+SJ+S.USD.Q?startPeriod=2004"
IND,CD_T,SI2,USD,Q,2007-Q4,9608378601.42093,6,2026-09-25T20:58:59.844521500Z,"https://api.imf.org/external/sdmx/2.1/data/IMF.STA,BOP/IND.CD_T+DB_T.SI+SI2+SJ+S.USD.Q?startPeriod=2004"
IND,CD_T,SI2,USD,Q,2008-Q1,12805619173.89907,6,2026-09-25T20:58:59.844521500Z,"https://api.imf.org/external/sdmx/2.1/data/IMF.STA,BOP/IND.CD_T+DB_T.SI+SI2+SJ+S.USD.Q?startPeriod=2004"
IND,CD_T,SI2,USD,Q,2008-Q2,12080891367.04234,6,2026-09-25T20:58:59.844521500Z,"https://api.imf.org/external/sdmx/2.1/data/IMF.STA,BOP/IND.CD_T+DB_T.SI+SI2+SJ+S.USD.Q?startPeriod=2004"
IND,CD_T,SI2,USD,Q,2008-Q3,12120019278.37069,6,2026-09-25T20:58:59.844521500Z,"https://api.imf.org/external/sdmx/2.1/data/IMF.STA,BOP/IND.CD_T+DB_T.SI+SI2+SJ+S.USD.Q?startPeriod=2004"
IND,CD_T,SI2,USD,Q,2008-Q4,11273790392.31462,6,2026-09-25T20:58:59.844521500Z,"https://api.imf.org/external/sdmx/2.1/data/IMF.STA,BOP/IND.CD_T+DB_T.SI+SI2+SJ+S.USD.Q?startPeriod=2004"
IND,CD_T,SI2,USD,Q,2009-Q1,10825013594.63608,6,2026-09-25T20:58:59.844521500Z,"https://api.imf.org/external/sdmx/2.1/data/IMF.STA,BOP/IND.CD_T+DB_T.SI+SI2+SJ+S.USD.Q?startPeriod=2004"
IND,CD_T,SI2,USD,Q,2009-Q2,11004000000.0,6,2026-09-25T20:58:59.844521500Z,"https://api.imf.org/external/sdmx/2.1/data/IMF.STA,BOP/IND.CD_T+DB_T.SI+SI2+SJ+S.USD.Q?startPeriod=2004"
IND,CD_T,SI2,USD,Q,2009-Q3,11207000000.00001,6,2026-09-25T20:58:59.844521500Z,"https://api.imf.org/external/sdmx/2.1/data/IMF.STA,BOP/IND.CD_T+DB_T.SI+SI2+SJ+S.USD.Q?startPeriod=2004"
IND,CD_T,SI2,USD,Q,2009-Q4,13196999999.99999,6,2026-09-25T20:58:59.844521500Z,"https://api.imf.org/external/sdmx/2.1/data/IMF.STA,BOP/IND.CD_T+DB_T.SI+SI2+SJ+S.USD.Q?startPeriod=2004"
IND,CD_T,SI2,USD,Q,2010-Q1,14297000000.00001,6,2026-09-25T20:58:59.844521500Z,"https://api.imf.org/external/sdmx/2.1/data/IMF.STA,BOP/IND.CD_T+DB_T.SI+SI2+SJ+S.USD.Q?startPeriod=2004"
IND,CD_T,SI2,USD,Q,2010-Q2,11802385217.1413,6,2026-09-25T20:58:59.844521500Z,"https://api.imf.org/external/sdmx/2.1/data/IMF.STA,BOP/IND.CD_T+DB_T.SI+SI2+SJ+S.USD.Q?startPeriod=2004"
IND,CD_T,SI2,USD,Q,2010-Q3,11925213663.16106,6,2026-09-25T20:58:59.844521500Z,"https://api.imf.org/external/sdmx/2.1/data/IMF.STA,BOP/IND.CD_T+DB_T.SI+SI2+SJ+S.USD.Q?startPeriod=2004"
IND,CD_T,SI2,USD,Q,2010-Q4,14115239838.21749,6,2026-09-25T20:58:59.844521500Z,"https://api.imf.org/external/sdmx/2.1/data/IMF.STA,BOP/IND.CD_T+DB_T.SI+SI2+SJ+S.USD.Q?startPeriod=2004"
IND,CD_T,SI2,USD,Q,2011-Q1,15257527532.82266,6,2026-09-25T20:58:59.844521500Z,"https://api.imf.org/external/sdmx/2.1/data/IMF.STA,BOP/IND.CD_T+DB_T.SI+SI2+SJ+S.USD.Q?startPeriod=2004"
IND,CD_T,SI2,USD,Q,2011-Q2,14950160475.06481,6,2026-09-25T20:58:59.844521500Z,"https://api.imf.org/external/sdmx/2.1/data/IMF.STA,BOP/IND.CD_T+DB_T.SI+SI2+SJ+S.USD.Q?startPeriod=2004"
IND,CD_T,SI2,USD,Q,2011-Q3,13940145236.69785,6,2026-09-25T20:58:59.844521500Z,"https://api.imf.org/external/sdmx/2.1/data/IMF.STA,BOP/IND.CD_T+DB_T.SI+SI2+SJ+S.USD.Q?startPeriod=2004"
IND,CD_T,SI2,USD,Q,2011-Q4,16125242925.97757,6,2026-09-25T20:58:59.844521500Z,"https://api.imf.org/external/sdmx/2.1/data/IMF.STA,BOP/IND.CD_T+DB_T.SI+SI2+SJ+S.USD.Q?startPeriod=2004"
IND,CD_T,SI2,USD,Q,2012-Q1,17198877943.0825,6,2026-09-25T20:58:59.844521500Z,"https://api.imf.org/external/sdmx/2.1/data/IMF.STA,BOP/IND.CD_T+DB_T.SI+SI2+SJ+S.USD.Q?startPeriod=2004"
IND,CD_T,SI2,USD,Q,2012-Q2,15632186969.28058,6,2026-09-25T20:58:59.844521500Z,"https://api.imf.org/external/sdmx/2.1/data/IMF.STA,BOP/IND.CD_T+DB_T.SI+SI2+SJ+S.USD.Q?startPeriod=2004"
IND,CD_T,SI2,USD,Q,2012-Q3,16078291153.21747,6,2026-09-25T20:58:59.844521500Z,"https://api.imf.org/external/sdmx/2.1/data/IMF.STA,BOP/IND.CD_T+DB_T.SI+SI2+SJ+S.USD.Q?startPeriod=2004"
IND,CD_T,SI2,USD,Q,2012-Q4,16466404618.33818,6,2026-09-25T20:58:59.844521500Z,"https://api.imf.org/external/sdmx/2.1/data/IMF.STA,BOP/IND.CD_T+DB_T.SI+SI2+SJ+S.USD.Q?startPeriod=2004"
IND,CD_T,SI2,USD,Q,2013-Q1,17691402062.19572,6,2026-09-25T20:58:59.844521500Z,"https://api.imf.org/external/sdmx/2.1/data/IMF.STA,BOP/IND.CD_T+DB_T.SI+SI2+SJ+S.USD.Q?startPeriod=2004"
IND,CD_T,SI2,USD,Q,2013-Q2,16904537594.60759,6,2026-09-25T20:58:59.844521500Z,"https://api.imf.org/external/sdmx/2.1/data/IMF.STA,BOP/IND.CD_T+DB_T.SI+SI2+SJ+S.USD.Q?startPeriod=2004"
IND,CD_T,SI2,USD,Q,2013-Q3,17408719198.41486,6,2026-09-25T20:58:59.844521500Z,"https://api.imf.org/external/sdmx/2.1/data/IMF.STA,BOP/IND.CD_T+DB_T.SI+SI2+SJ+S.USD.Q?startPeriod=2004"
IND,CD_T,SI2,USD,Q,2013-Q4,17895764152.73156,6,2026-09-25T20:58:59.844521500Z,"https://api.imf.org/external/sdmx/2.1/data/IMF.STA,BOP/IND.CD_T+DB_T.SI+SI2+SJ+S.USD.Q?startPeriod=2004"
IND,CD_T,SI2,USD,Q,2014-Q1,17274466169.13242,6,2026-09-25T20:58:59.844521500Z,"https://api.imf.org/external/sdmx/2.1/data/IMF.STA,BOP/IND.CD_T+DB_T.SI+SI2+SJ+S.USD.Q?startPeriod=2004"
IND,CD_T,SI2,USD,Q,2014-Q2,17679470863.11023,6,2026-09-25T20:58:59.844521500Z,"https://api.imf.org/external/sdmx/2.1/data/IMF.STA,BOP/IND.CD_T+DB_T.SI+SI2+SJ+S.USD.Q?startPeriod=2004"
IND,CD_T,SI2,USD,Q,2014-Q3,18595475051.32365,6,2026-09-25T20:58:59.844521500Z,"https://api.imf.org/external/sdmx/2.1/data/IMF.STA,BOP/IND.CD_T+DB_T.SI+SI2+SJ+S.USD.Q?startPeriod=2004"
IND,CD_T,SI2,USD,Q,2014-Q4,18838294974.48406,6,2026-09-25T20:58:59.844521500Z,"https://api.imf.org/external/sdmx/2.1/data/IMF.STA,BOP/IND.CD_T+DB_T.SI+SI2+SJ+S.USD.Q?startPeriod=2004"
IND,CD_T,SI2,USD,Q,2015-Q1,17994902171.93091,6,2026-09-25T20:58:59.844521500Z,"https://api.imf.org/external/sdmx/2.1/data/IMF.STA,BOP/IND.CD_T+DB_T.SI+SI2+SJ+S.USD.Q?startPeriod=2004"
IND,CD_T,SI2,USD,Q,2015-Q2,18187952850.17155,6,2026-09-25T20:58:59.844521500Z,"https://api.imf.org/external/sdmx/2.1/data/IMF.STA,BOP/IND.CD_T+DB_T.SI+SI2+SJ+S.USD.Q?startPeriod=2004"
IND,CD_T,SI2,USD,Q,2015-Q3,18705763757.15384,6,2026-09-25T20:58:59.844521500Z,"https://api.imf.org/external/sdmx/2.1/data/IMF.STA,BOP/IND.CD_T+DB_T.SI+SI2+SJ+S.USD.Q?startPeriod=2004"
IND,CD_T,SI2,USD,Q,2015-Q4,19195174985.96798,6,2026-09-25T20:58:59.844521500Z,"https://api.imf.org/external/sdmx/2.1/data/IMF.STA,BOP/IND.CD_T+DB_T.SI+SI2+SJ+S.USD.Q?startPeriod=2004"
IND,CD_T,SI2,USD,Q,2016-Q1,18064214584.79784,6,2026-09-25T20:58:59.844521500Z,"https://api.imf.org/external/sdmx/2.1/data/IMF.STA,BOP/IND.CD_T+DB_T.SI+SI2+SJ+S.USD.Q?startPeriod=2004"
IND,CD_T,SI2,USD,Q,2016-Q2,18244693638.77559,6,2026-09-25T20:58:59.844521500Z,"https://api.imf.org/external/sdmx/2.1/data/IMF.STA,BOP/IND.CD_T+DB_T.SI+SI2+SJ+S.USD.Q?startPeriod=2004"
IND,CD_T,SI2,USD,Q,2016-Q3,18642480677.2794,6,2026-09-25T20:58:59.844521500Z,"https://api.imf.org/external/sdmx/2.1/data/IMF.STA,BOP/IND.CD_T+DB_T.SI+SI2+SJ+S.USD.Q?startPeriod=2004"
IND,CD_T,SI2,USD,Q,2016-Q4,18948884119.38308,6,2026-09-25T20:58:59.844521500Z,"https://api.imf.org/external/sdmx/2.1/data/IMF.STA,BOP/IND.CD_T+DB_T.SI+SI2+SJ+S.USD.Q?startPeriod=2004"
IND,CD_T,SI2,USD,Q,2017-Q1,18514072651.66372,6,2026-09-25T20:58:59.844521500Z,"https://api.imf.org/external/sdmx/2.1/data/IMF.STA,BOP/IND.CD_T+DB_T.SI+SI2+SJ+S.USD.Q?startPeriod=2004"
IND,CD_T,SI2,USD,Q,2017-Q2,18592424463.66615,6,2026-09-25T20:58:59.844521500Z,"https://api.imf.org/external/sdmx/2.1/data/IMF.STA,BOP/IND.CD_T+DB_T.SI+SI2+SJ+S.USD.Q?startPeriod=2004"
IND,CD_T,SI2,USD,Q,2017-Q3,19294666120.20995,6,2026-09-25T20:58:59.844521500Z,"https://api.imf.org/external/sdmx/2.1/data/IMF.STA,BOP/IND.CD_T+DB_T.SI+SI2+SJ+S.USD.Q?startPeriod=2004"
IND,CD_T,SI2,USD,Q,2017-Q4,19532479362.30482,6,2026-09-25T20:58:59.844521500Z,"https://api.imf.org/external/sdmx/2.1/data/IMF.STA,BOP/IND.CD_T+DB_T.SI+SI2+SJ+S.USD.Q?startPeriod=2004"
IND,CD_T,SI2,USD,Q,2018-Q1,19906170219.70661,6,2026-09-25T20:58:59.844521500Z,"https://api.imf.org/external/sdmx/2.1/data/IMF.STA,BOP/IND.CD_T+DB_T.SI+SI2+SJ+S.USD.Q?startPeriod=2004"
IND,CD_T,SI2,USD,Q,2018-Q2,20120963098.47374,6,2026-09-25T20:58:59.844521500Z,"https://api.imf.org/external/sdmx/2.1/data/IMF.STA,BOP/IND.CD_T+DB_T.SI+SI2+SJ+S.USD.Q?startPeriod=2004"
IND,CD_T,SI2,USD,Q,2018-Q3,20757175212.52664,6,2026-09-25T20:58:59.844521500Z,"https://api.imf.org/external/sdmx/2.1/data/IMF.STA,BOP/IND.CD_T+DB_T.SI+SI2+SJ+S.USD.Q?startPeriod=2004"
IND,CD_T,SI2,USD,Q,2018-Q4,21148411896.94443,6,2026-09-25T20:58:59.844521500Z,"https://api.imf.org/external/sdmx/2.1/data/IMF.STA,BOP/IND.CD_T+DB_T.SI+SI2+SJ+S.USD.Q?startPeriod=2004"
IND,CD_T,SI2,USD,Q,2019-Q1,21439248975.90301,6,2026-09-25T20:58:59.844521500Z,"https://api.imf.org/external/sdmx/2.1/data/IMF.STA,BOP/IND.CD_T+DB_T.SI+SI2+SJ+S.USD.Q?startPeriod=2004"
IND,CD_T,SI2,USD,Q,2019-Q2,22810564678.99094,6,2026-09-25T20:58:59.844521500Z,"https://api.imf.org/external/sdmx/2.1/data/IMF.STA,BOP/IND.CD_T+DB_T.SI+SI2+SJ+S.USD.Q?startPeriod=2004"
IND,CD_T,SI2,USD,Q,2019-Q3,23246718185.93823,6,2026-09-25T20:58:59.844521500Z,"https://api.imf.org/external/sdmx/2.1/data/IMF.STA,BOP/IND.CD_T+DB_T.SI+SI2+SJ+S.USD.Q?startPeriod=2004"
IND,CD_T,SI2,USD,Q,2019-Q4,23760086808.69231,6,2026-09-25T20:58:59.844521500Z,"https://api.imf.org/external/sdmx/2.1/data/IMF.STA,BOP/IND.CD_T+DB_T.SI+SI2+SJ+S.USD.Q?startPeriod=2004"
IND,CD_T,SI2,USD,Q,2020-Q1,23284829900.15055,6,2026-09-25T20:58:59.844521500Z,"https://api.imf.org/external/sdmx/2.1/data/IMF.STA,BOP/IND.CD_T+DB_T.SI+SI2+SJ+S.USD.Q?startPeriod=2004"
IND,CD_T,SI2,USD,Q,2020-Q2,22622861416.72623,6,2026-09-25T20:58:59.844521500Z,"https://api.imf.org/external/sdmx/2.1/data/IMF.STA,BOP/IND.CD_T+DB_T.SI+SI2+SJ+S.USD.Q?startPeriod=2004"
IND,CD_T,SI2,USD,Q,2020-Q3,24790625216.89511,6,2026-09-25T20:58:59.844521500Z,"https://api.imf.org/external/sdmx/2.1/data/IMF.STA,BOP/IND.CD_T+DB_T.SI+SI2+SJ+S.USD.Q?startPeriod=2004"
IND,CD_T,SI2,USD,Q,2020-Q4,25781785967.94395,6,2026-09-25T20:58:59.844521500Z,"https://api.imf.org/external/sdmx/2.1/data/IMF.STA,BOP/IND.CD_T+DB_T.SI+SI2+SJ+S.USD.Q?startPeriod=2004"
IND,CD_T,SI2,USD,Q,2021-Q1,26802018090.13212,6,2026-09-25T20:58:59.844521500Z,"https://api.imf.org/external/sdmx/2.1/data/IMF.STA,BOP/IND.CD_T+DB_T.SI+SI2+SJ+S.USD.Q?startPeriod=2004"
IND,CD_T,SI2,USD,Q,2021-Q2,27602455931.02435,6,2026-09-25T20:58:59.844521500Z,"https://api.imf.org/external/sdmx/2.1/data/IMF.STA,BOP/IND.CD_T+DB_T.SI+SI2+SJ+S.USD.Q?startPeriod=2004"
IND,CD_T,SI2,USD,Q,2021-Q3,29965015360.32866,6,2026-09-25T20:58:59.844521500Z,"https://api.imf.org/external/sdmx/2.1/data/IMF.STA,BOP/IND.CD_T+DB_T.SI+SI2+SJ+S.USD.Q?startPeriod=2004"
IND,CD_T,SI2,USD,Q,2021-Q4,31739597908.53004,6,2026-09-25T20:58:59.844521500Z,"https://api.imf.org/external/sdmx/2.1/data/IMF.STA,BOP/IND.CD_T+DB_T.SI+SI2+SJ+S.USD.Q?startPeriod=2004"
IND,CD_T,SI2,USD,Q,2022-Q1,32786064045.29627,6,2026-09-25T20:58:59.844521500Z,"https://api.imf.org/external/sdmx/2.1/data/IMF.STA,BOP/IND.CD_T+DB_T.SI+SI2+SJ+S.USD.Q?startPeriod=2004"
IND,CD_T,SI2,USD,Q,2022-Q2,34476114498.72135,6,2026-09-25T20:58:59.844521500Z,"https://api.imf.org/external/sdmx/2.1/data/IMF.STA,BOP/IND.CD_T+DB_T.SI+SI2+SJ+S.USD.Q?startPeriod=2004"
IND,CD_T,SI2,USD,Q,2022-Q3,36227611805.21809,6,2026-09-25T20:58:59.844521500Z,"https://api.imf.org/external/sdmx/2.1/data/IMF.STA,BOP/IND.CD_T+DB_T.SI+SI2+SJ+S.USD.Q?startPeriod=2004"
IND,CD_T,SI2,USD,Q,2022-Q4,37598665144.62886,6,2026-09-25T20:58:59.844521500Z,"https://api.imf.org/external/sdmx/2.1/data/IMF.STA,BOP/IND.CD_T+DB_T.SI+SI2+SJ+S.USD.Q?startPeriod=2004"
IND,CD_T,SI2,USD,Q,2023-Q1,38472611500.63271,6,2026-09-25T20:58:59.844521500Z,"https://api.imf.org/external/sdmx/2.1/data/IMF.STA,BOP/IND.CD_T+DB_T.SI+SI2+SJ+S.USD.Q?startPeriod=2004"
IND,CD_T,SI2,USD,Q,2023-Q2,38171746305.12306,6,2026-09-25T20:58:59.844521500Z,"https://api.imf.org/external/sdmx/2.1/data/IMF.STA,BOP/IND.CD_T+DB_T.SI+SI2+SJ+S.USD.Q?startPeriod=2004"
IND,CD_T,SI2,USD,Q,2023-Q3,39569855369.37291,6,2026-09-25T20:58:59.844521500Z,"https://api.imf.org/external/sdmx/2.1/data/IMF.STA,BOP/IND.CD_T+DB_T.SI+SI2+SJ+S.USD.Q?startPeriod=2004"
IND,CD_T,SI2,USD,Q,2023-Q4,41040967533.6087,6,2026-09-25T20:58:59.844521500Z,"https://api.imf.org/external/sdmx/2.1/data/IMF.STA,BOP/IND.CD_T+DB_T.SI+SI2+SJ+S.USD.Q?startPeriod=2004"
IND,CD_T,SI2,USD,Q,2024-Q1,41550826425.45324,6,2026-09-25T20:58:59.844521500Z,"https://api.imf.org/external/sdmx/2.1/data/IMF.STA,BOP/IND.CD_T+DB_T.SI+SI2+SJ+S.USD.Q?startPeriod=2004"
IND,CD_T,SI2,USD,Q,2024-Q2,41925977317.7719,6,2026-09-25T20:58:59.844521500Z,"https://api.imf.org/external/sdmx/2.1/data/IMF.STA,BOP/IND.CD_T+DB_T.SI+SI2+SJ+S.USD.Q?startPeriod=2004"
IND,CD_T,SI2,USD,Q,2024-Q3,44163939041.66298,6,2026-09-25T20:58:59.844521500Z,"https://api.imf.org/external/sdmx/2.1/data/IMF.STA,BOP/IND.CD_T+DB_T.SI+SI2+SJ+S.USD.Q?startPeriod=2004"
IND,CD_T,SI2,USD,Q,2024-Q4,47618526536.80564,6,2026-09-25T20:58:59.844521500Z,"https://api.imf.org/external/sdmx/2.1/data/IMF.STA,BOP/IND.CD_T+DB_T.SI+SI2+SJ+S.USD.Q?startPeriod=2004"
IND,CD_T,SI2,USD,Q,2025-Q1,46917082627.74513,6,2026-09-25T20:58:59.844521500Z,"https://api.imf.org/external/sdmx/2.1/data/IMF.STA,BOP/IND.CD_T+DB_T.SI+SI2+SJ+S.USD.Q?startPeriod=2004"
IND,CD_T,SI2,USD,Q,2025-Q2,47323845740.61151,6,2026-09-25T20:58:59.844521500Z,"https://api.imf.org/external/sdmx/2.1/data/IMF.STA,BOP/IND.CD_T+DB_T.SI+SI2+SJ+S.USD.Q?startPeriod=2004"
IND,CD_T,SI2,USD,Q,2025-Q3,49522609111.86656,6,2026-09-25T20:58:59.844521500Z,"https://api.imf.org/external/sdmx/2.1/data/IMF.STA,BOP/IND.CD_T+DB_T.SI+SI2+SJ+S.USD.Q?startPeriod=2004"
IND,CD_T,SI2,USD,Q,2025-Q4,53501761030.10537,6,2026-09-25T20:58:59.844521500Z,"https://api.imf.org/external/sdmx/2.1/data/IMF.STA,BOP/IND.CD_T+DB_T.SI+SI2+SJ+S.USD.Q?startPeriod=2004"
IND,CD_T,SI2,USD,Q,2026-Q1,53326307469.99226,6,2026-09-25T20:58:59.844521500Z,"https://api.imf.org/external/sdmx/2.1/data/IMF.STA,BOP/IND.CD_T+DB_T.SI+SI2+SJ+S.USD.Q?startPeriod=2004"
IND,CD_T,SI2,USD,Q,2026-Q2,51384181946.98168,6,2026-09-25T20:58:59.844521500Z,"https://api.imf.org/external/sdmx/2.1/data/IMF.STA,BOP/IND.CD_T+DB_T.SI+SI2+SJ+S.USD.Q?startPeriod=2004"
IND,CD_T,SJ,USD,Q,2004-Q1,1788808345.120226,6,2026-09-25T20:58:59.844521500Z,"https://api.imf.org/external/sdmx/2.1/data/IMF.STA,BOP/IND.CD_T+DB_T.SI+SI2+SJ+S.USD.Q?startPeriod=2004"
IND,CD_T,SJ,USD,Q,2004-Q2,1801932901.572292,6,2026-09-25T20:58:59.844521500Z,"https://api.imf.org/external/sdmx/2.1/data/IMF.STA,BOP/IND.CD_T+DB_T.SI+SI2+SJ+S.USD.Q?startPeriod=2004"
IND,CD_T,SJ,USD,Q,2004-Q3,1307215029.723219,6,2026-09-25T20:58:59.844521500Z,"https://api.imf.org/external/sdmx/2.1/data/IMF.STA,BOP/IND.CD_T+DB_T.SI+SI2+SJ+S.USD.Q?startPeriod=2004"
IND,CD_T,SJ,USD,Q,2004-Q4,3071675391.234016,6,2026-09-25T20:58:59.844521500Z,"https://api.imf.org/external/sdmx/2.1/data/IMF.STA,BOP/IND.CD_T+DB_T.SI+SI2+SJ+S.USD.Q?startPeriod=2004"
IND,CD_T,SJ,USD,Q,2005-Q1,3733161080.131294,6,2026-09-25T20:58:59.844521500Z,"https://api.imf.org/external/sdmx/2.1/data/IMF.STA,BOP/IND.CD_T+DB_T.SI+SI2+SJ+S.USD.Q?startPeriod=2004"
IND,CD_T,SJ,USD,Q,2005-Q2,2611882394.580996,6,2026-09-25T20:58:59.844521500Z,"https://api.imf.org/external/sdmx/2.1/data/IMF.STA,BOP/IND.CD_T+DB_T.SI+SI2+SJ+S.USD.Q?startPeriod=2004"
IND,CD_T,SJ,USD,Q,2005-Q3,2987054798.909942,6,2026-09-25T20:58:59.844521500Z,"https://api.imf.org/external/sdmx/2.1/data/IMF.STA,BOP/IND.CD_T+DB_T.SI+SI2+SJ+S.USD.Q?startPeriod=2004"
IND,CD_T,SJ,USD,Q,2005-Q4,3084026505.004934,6,2026-09-25T20:58:59.844521500Z,"https://api.imf.org/external/sdmx/2.1/data/IMF.STA,BOP/IND.CD_T+DB_T.SI+SI2+SJ+S.USD.Q?startPeriod=2004"
IND,CD_T,SJ,USD,Q,2006-Q1,5841814500.600194,6,2026-09-25T20:58:59.844521500Z,"https://api.imf.org/external/sdmx/2.1/data/IMF.STA,BOP/IND.CD_T+DB_T.SI+SI2+SJ+S.USD.Q?startPeriod=2004"
IND,CD_T,SJ,USD,Q,2006-Q2,4041491798.772107,6,2026-09-25T20:58:59.844521500Z,"https://api.imf.org/external/sdmx/2.1/data/IMF.STA,BOP/IND.CD_T+DB_T.SI+SI2+SJ+S.USD.Q?startPeriod=2004"
IND,CD_T,SJ,USD,Q,2006-Q3,3569084610.667861,6,2026-09-25T20:58:59.844521500Z,"https://api.imf.org/external/sdmx/2.1/data/IMF.STA,BOP/IND.CD_T+DB_T.SI+SI2+SJ+S.USD.Q?startPeriod=2004"
IND,CD_T,SJ,USD,Q,2006-Q4,3792864796.292646,6,2026-09-25T20:58:59.844521500Z,"https://api.imf.org/external/sdmx/2.1/data/IMF.STA,BOP/IND.CD_T+DB_T.SI+SI2+SJ+S.USD.Q?startPeriod=2004"
IND,CD_T,SJ,USD,Q,2007-Q1,5553031766.53828,6,2026-09-25T20:58:59.844521500Z,"https://api.imf.org/external/sdmx/2.1/data/IMF.STA,BOP/IND.CD_T+DB_T.SI+SI2+SJ+S.USD.Q?startPeriod=2004"
IND,CD_T,SJ,USD,Q,2007-Q2,4046136235.764313,6,2026-09-25T20:58:59.844521500Z,"https://api.imf.org/external/sdmx/2.1/data/IMF.STA,BOP/IND.CD_T+DB_T.SI+SI2+SJ+S.USD.Q?startPeriod=2004"
IND,CD_T,SJ,USD,Q,2007-Q3,5206411510.251688,6,2026-09-25T20:58:59.844521500Z,"https://api.imf.org/external/sdmx/2.1/data/IMF.STA,BOP/IND.CD_T+DB_T.SI+SI2+SJ+S.USD.Q?startPeriod=2004"
IND,CD_T,SJ,USD,Q,2007-Q4,5514104975.787099,6,2026-09-25T20:58:59.844521500Z,"https://api.imf.org/external/sdmx/2.1/data/IMF.STA,BOP/IND.CD_T+DB_T.SI+SI2+SJ+S.USD.Q?startPeriod=2004"
IND,CD_T,SJ,USD,Q,2008-Q1,3917048376.72774,6,2026-09-25T20:58:59.844521500Z,"https://api.imf.org/external/sdmx/2.1/data/IMF.STA,BOP/IND.CD_T+DB_T.SI+SI2+SJ+S.USD.Q?startPeriod=2004"
IND,CD_T,SJ,USD,Q,2008-Q2,3930778857.879962,6,2026-09-25T20:58:59.844521500Z,"https://api.imf.org/external/sdmx/2.1/data/IMF.STA,BOP/IND.CD_T+DB_T.SI+SI2+SJ+S.USD.Q?startPeriod=2004"
IND,CD_T,SJ,USD,Q,2008-Q3,7050538720.820717,6,2026-09-25T20:58:59.844521500Z,"https://api.imf.org/external/sdmx/2.1/data/IMF.STA,BOP/IND.CD_T+DB_T.SI+SI2+SJ+S.USD.Q?startPeriod=2004"
IND,CD_T,SJ,USD,Q,2008-Q4,8235715511.236674,6,2026-09-25T20:58:59.844521500Z,"https://api.imf.org/external/sdmx/2.1/data/IMF.STA,BOP/IND.CD_T+DB_T.SI+SI2+SJ+S.USD.Q?startPeriod=2004"
IND,CD_T,SJ,USD,Q,2009-Q1,5766804443.503907,6,2026-09-25T20:58:59.844521500Z,"https://api.imf.org/external/sdmx/2.1/data/IMF.STA,BOP/IND.CD_T+DB_T.SI+SI2+SJ+S.USD.Q?startPeriod=2004"
IND,CD_T,SJ,USD,Q,2009-Q2,2557000000.0,6,2026-09-25T20:58:59.844521500Z,"https://api.imf.org/external/sdmx/2.1/data/IMF.STA,BOP/IND.CD_T+DB_T.SI+SI2+SJ+S.USD.Q?startPeriod=2004"
IND,CD_T,SJ,USD,Q,2009-Q3,2503000000.000008,6,2026-09-25T20:58:59.844521500Z,"https://api.imf.org/external/sdmx/2.1/data/IMF.STA,BOP/IND.CD_T+DB_T.SI+SI2+SJ+S.USD.Q?startPeriod=2004"
IND,CD_T,SJ,USD,Q,2009-Q4,2412999999.999994,6,2026-09-25T20:58:59.844521500Z,"https://api.imf.org/external/sdmx/2.1/data/IMF.STA,BOP/IND.CD_T+DB_T.SI+SI2+SJ+S.USD.Q?startPeriod=2004"
IND,CD_T,SJ,USD,Q,2010-Q1,3818000000.000014,6,2026-09-25T20:58:59.844521500Z,"https://api.imf.org/external/sdmx/2.1/data/IMF.STA,BOP/IND.CD_T+DB_T.SI+SI2+SJ+S.USD.Q?startPeriod=2004"
IND,CD_T,SJ,USD,Q,2010-Q2,4636432239.844824,6,2026-09-25T20:58:59.844521500Z,"https://api.imf.org/external/sdmx/2.1/data/IMF.STA,BOP/IND.CD_T+DB_T.SI+SI2+SJ+S.USD.Q?startPeriod=2004"
IND,CD_T,SJ,USD,Q,2010-Q3,5584511778.711266,6,2026-09-25T20:58:59.844521500Z,"https://api.imf.org/external/sdmx/2.1/data/IMF.STA,BOP/IND.CD_T+DB_T.SI+SI2+SJ+S.USD.Q?startPeriod=2004"
IND,CD_T,SJ,USD,Q,2010-Q4,6753937765.818579,6,2026-09-25T20:58:59.844521500Z,"https://api.imf.org/external/sdmx/2.1/data/IMF.STA,BOP/IND.CD_T+DB_T.SI+SI2+SJ+S.USD.Q?startPeriod=2004"
IND,CD_T,SJ,USD,Q,2011-Q1,5848266439.282496,6,2026-09-25T20:58:59.844521500Z,"https://api.imf.org/external/sdmx/2.1/data/IMF.STA,BOP/IND.CD_T+DB_T.SI+SI2+SJ+S.USD.Q?startPeriod=2004"
IND,CD_T,SJ,USD,Q,2011-Q2,5448059481.760869,6,2026-09-25T20:58:59.844521500Z,"https://api.imf.org/external/sdmx/2.1/data/IMF.STA,BOP/IND.CD_T+DB_T.SI+SI2+SJ+S.USD.Q?startPeriod=2004"
IND,CD_T,SJ,USD,Q,2011-Q3,5771970111.818551,6,2026-09-25T20:58:59.844521500Z,"https://api.imf.org/external/sdmx/2.1/data/IMF.STA,BOP/IND.CD_T+DB_T.SI+SI2+SJ+S.USD.Q?startPeriod=2004"
IND,CD_T,SJ,USD,Q,2011-Q4,6506613344.003673,6,2026-09-25T20:58:59.844521500Z,"https://api.imf.org/external/sdmx/2.1/data/IMF.STA,BOP/IND.CD_T+DB_T.SI+SI2+SJ+S.USD.Q?startPeriod=2004"
IND,CD_T,SJ,USD,Q,2012-Q1,6831666244.391584,6,2026-09-25T20:58:59.844521500Z,"https://api.imf.org/external/sdmx/2.1/data/IMF.STA,BOP/IND.CD_T+DB_T.SI+SI2+SJ+S.USD.Q?startPeriod=2004"
IND,CD_T,SJ,USD,Q,2012-Q2,7611231318.301807,6,2026-09-25T20:58:59.844521500Z,"https://api.imf.org/external/sdmx/2.1/data/IMF.STA,BOP/IND.CD_T+DB_T.SI+SI2+SJ+S.USD.Q?startPeriod=2004"
IND,CD_T,SJ,USD,Q,2012-Q3,7131540752.021314,6,2026-09-25T20:58:59.844521500Z,"https://api.imf.org/external/sdmx/2.1/data/IMF.STA,BOP/IND.CD_T+DB_T.SI+SI2+SJ+S.USD.Q?startPeriod=2004"
IND,CD_T,SJ,USD,Q,2012-Q4,7135372115.863322,6,2026-09-25T20:58:59.844521500Z,"https://api.imf.org/external/sdmx/2.1/data/IMF.STA,BOP/IND.CD_T+DB_T.SI+SI2+SJ+S.USD.Q?startPeriod=2004"
IND,CD_T,SJ,USD,Q,2013-Q1,6569470475.762039,6,2026-09-25T20:58:59.844521500Z,"https://api.imf.org/external/sdmx/2.1/data/IMF.STA,BOP/IND.CD_T+DB_T.SI+SI2+SJ+S.USD.Q?startPeriod=2004"
IND,CD_T,SJ,USD,Q,2013-Q2,7263414627.241129,6,2026-09-25T20:58:59.844521500Z,"https://api.imf.org/external/sdmx/2.1/data/IMF.STA,BOP/IND.CD_T+DB_T.SI+SI2+SJ+S.USD.Q?startPeriod=2004"
IND,CD_T,SJ,USD,Q,2013-Q3,7460868195.671818,6,2026-09-25T20:58:59.844521500Z,"https://api.imf.org/external/sdmx/2.1/data/IMF.STA,BOP/IND.CD_T+DB_T.SI+SI2+SJ+S.USD.Q?startPeriod=2004"
IND,CD_T,SJ,USD,Q,2013-Q4,6905221193.066246,6,2026-09-25T20:58:59.844521500Z,"https://api.imf.org/external/sdmx/2.1/data/IMF.STA,BOP/IND.CD_T+DB_T.SI+SI2+SJ+S.USD.Q?startPeriod=2004"
IND,CD_T,SJ,USD,Q,2014-Q1,6852781298.202802,6,2026-09-25T20:58:59.844521500Z,"https://api.imf.org/external/sdmx/2.1/data/IMF.STA,BOP/IND.CD_T+DB_T.SI+SI2+SJ+S.USD.Q?startPeriod=2004"
IND,CD_T,SJ,USD,Q,2014-Q2,7066444160.061638,6,2026-09-25T20:58:59.844521500Z,"https://api.imf.org/external/sdmx/2.1/data/IMF.STA,BOP/IND.CD_T+DB_T.SI+SI2+SJ+S.USD.Q?startPeriod=2004"
IND,CD_T,SJ,USD,Q,2014-Q3,7077322832.113529,6,2026-09-25T20:58:59.844521500Z,"https://api.imf.org/external/sdmx/2.1/data/IMF.STA,BOP/IND.CD_T+DB_T.SI+SI2+SJ+S.USD.Q?startPeriod=2004"
IND,CD_T,SJ,USD,Q,2014-Q4,7206534191.619822,6,2026-09-25T20:58:59.844521500Z,"https://api.imf.org/external/sdmx/2.1/data/IMF.STA,BOP/IND.CD_T+DB_T.SI+SI2+SJ+S.USD.Q?startPeriod=2004"
IND,CD_T,SJ,USD,Q,2015-Q1,7071557566.454917,6,2026-09-25T20:58:59.844521500Z,"https://api.imf.org/external/sdmx/2.1/data/IMF.STA,BOP/IND.CD_T+DB_T.SI+SI2+SJ+S.USD.Q?startPeriod=2004"
IND,CD_T,SJ,USD,Q,2015-Q2,7792119697.282493,6,2026-09-25T20:58:59.844521500Z,"https://api.imf.org/external/sdmx/2.1/data/IMF.STA,BOP/IND.CD_T+DB_T.SI+SI2+SJ+S.USD.Q?startPeriod=2004"
IND,CD_T,SJ,USD,Q,2015-Q3,7244254604.530721,6,2026-09-25T20:58:59.844521500Z,"https://api.imf.org/external/sdmx/2.1/data/IMF.STA,BOP/IND.CD_T+DB_T.SI+SI2+SJ+S.USD.Q?startPeriod=2004"
IND,CD_T,SJ,USD,Q,2015-Q4,6666752989.382258,6,2026-09-25T20:58:59.844521500Z,"https://api.imf.org/external/sdmx/2.1/data/IMF.STA,BOP/IND.CD_T+DB_T.SI+SI2+SJ+S.USD.Q?startPeriod=2004"
IND,CD_T,SJ,USD,Q,2016-Q1,7290888008.071825,6,2026-09-25T20:58:59.844521500Z,"https://api.imf.org/external/sdmx/2.1/data/IMF.STA,BOP/IND.CD_T+DB_T.SI+SI2+SJ+S.USD.Q?startPeriod=2004"
IND,CD_T,SJ,USD,Q,2016-Q2,8057685892.659058,6,2026-09-25T20:58:59.844521500Z,"https://api.imf.org/external/sdmx/2.1/data/IMF.STA,BOP/IND.CD_T+DB_T.SI+SI2+SJ+S.USD.Q?startPeriod=2004"
IND,CD_T,SJ,USD,Q,2016-Q3,8248534984.92387,6,2026-09-25T20:58:59.844521500Z,"https://api.imf.org/external/sdmx/2.1/data/IMF.STA,BOP/IND.CD_T+DB_T.SI+SI2+SJ+S.USD.Q?startPeriod=2004"
IND,CD_T,SJ,USD,Q,2016-Q4,8319430733.176795,6,2026-09-25T20:58:59.844521500Z,"https://api.imf.org/external/sdmx/2.1/data/IMF.STA,BOP/IND.CD_T+DB_T.SI+SI2+SJ+S.USD.Q?startPeriod=2004"
IND,CD_T,SJ,USD,Q,2017-Q1,8320336179.041528,6,2026-09-25T20:58:59.844521500Z,"https://api.imf.org/external/sdmx/2.1/data/IMF.STA,BOP/IND.CD_T+DB_T.SI+SI2+SJ+S.USD.Q?startPeriod=2004"
IND,CD_T,SJ,USD,Q,2017-Q2,8467001454.012214,6,2026-09-25T20:58:59.844521500Z,"https://api.imf.org/external/sdmx/2.1/data/IMF.STA,BOP/IND.CD_T+DB_T.SI+SI2+SJ+S.USD.Q?startPeriod=2004"
IND,CD_T,SJ,USD,Q,2017-Q3,9084003858.327423,6,2026-09-25T20:58:59.844521500Z,"https://api.imf.org/external/sdmx/2.1/data/IMF.STA,BOP/IND.CD_T+DB_T.SI+SI2+SJ+S.USD.Q?startPeriod=2004"
IND,CD_T,SJ,USD,Q,2017-Q4,9858637666.922087,6,2026-09-25T20:58:59.844521500Z,"https://api.imf.org/external/sdmx/2.1/data/IMF.STA,BOP/IND.CD_T+DB_T.SI+SI2+SJ+S.USD.Q?startPeriod=2004"
IND,CD_T,SJ,USD,Q,2018-Q1,9935889732.02621,6,2026-09-25T20:58:59.844521500Z,"https://api.imf.org/external/sdmx/2.1/data/IMF.STA,BOP/IND.CD_T+DB_T.SI+SI2+SJ+S.USD.Q?startPeriod=2004"
IND,CD_T,SJ,USD,Q,2018-Q2,9435761874.80481,6,2026-09-25T20:58:59.844521500Z,"https://api.imf.org/external/sdmx/2.1/data/IMF.STA,BOP/IND.CD_T+DB_T.SI+SI2+SJ+S.USD.Q?startPeriod=2004"
IND,CD_T,SJ,USD,Q,2018-Q3,9407861102.296923,6,2026-09-25T20:58:59.844521500Z,"https://api.imf.org/external/sdmx/2.1/data/IMF.STA,BOP/IND.CD_T+DB_T.SI+SI2+SJ+S.USD.Q?startPeriod=2004"
IND,CD_T,SJ,USD,Q,2018-Q4,9978380571.550074,6,2026-09-25T20:58:59.844521500Z,"https://api.imf.org/external/sdmx/2.1/data/IMF.STA,BOP/IND.CD_T+DB_T.SI+SI2+SJ+S.USD.Q?startPeriod=2004"
IND,CD_T,SJ,USD,Q,2019-Q1,10289796800.20722,6,2026-09-25T20:58:59.844521500Z,"https://api.imf.org/external/sdmx/2.1/data/IMF.STA,BOP/IND.CD_T+DB_T.SI+SI2+SJ+S.USD.Q?startPeriod=2004"
IND,CD_T,SJ,USD,Q,2019-Q2,11475430845.77404,6,2026-09-25T20:58:59.844521500Z,"https://api.imf.org/external/sdmx/2.1/data/IMF.STA,BOP/IND.CD_T+DB_T.SI+SI2+SJ+S.USD.Q?startPeriod=2004"
IND,CD_T,SJ,USD,Q,2019-Q3,10877770433.9264,6,2026-09-25T20:58:59.844521500Z,"https://api.imf.org/external/sdmx/2.1/data/IMF.STA,BOP/IND.CD_T+DB_T.SI+SI2+SJ+S.USD.Q?startPeriod=2004"
IND,CD_T,SJ,USD,Q,2019-Q4,11888620859.63892,6,2026-09-25T20:58:59.844521500Z,"https://api.imf.org/external/sdmx/2.1/data/IMF.STA,BOP/IND.CD_T+DB_T.SI+SI2+SJ+S.USD.Q?startPeriod=2004"
IND,CD_T,SJ,USD,Q,2020-Q1,11473681343.04366,6,2026-09-25T20:58:59.844521500Z,"https://api.imf.org/external/sdmx/2.1/data/IMF.STA,BOP/IND.CD_T+DB_T.SI+SI2+SJ+S.USD.Q?startPeriod=2004"
IND,CD_T,SJ,USD,Q,2020-Q2,11282281153.78455,6,2026-09-25T20:58:59.844521500Z,"https://api.imf.org/external/sdmx/2.1/data/IMF.STA,BOP/IND.CD_T+DB_T.SI+SI2+SJ+S.USD.Q?startPeriod=2004"
IND,CD_T,SJ,USD,Q,2020-Q3,11624251586.8324,6,2026-09-25T20:58:59.844521500Z,"https://api.imf.org/external/sdmx/2.1/data/IMF.STA,BOP/IND.CD_T+DB_T.SI+SI2+SJ+S.USD.Q?startPeriod=2004"
IND,CD_T,SJ,USD,Q,2020-Q4,12930014441.53514,6,2026-09-25T20:58:59.844521500Z,"https://api.imf.org/external/sdmx/2.1/data/IMF.STA,BOP/IND.CD_T+DB_T.SI+SI2+SJ+S.USD.Q?startPeriod=2004"
IND,CD_T,SJ,USD,Q,2021-Q1,13324474743.39039,6,2026-09-25T20:58:59.844521500Z,"https://api.imf.org/external/sdmx/2.1/data/IMF.STA,BOP/IND.CD_T+DB_T.SI+SI2+SJ+S.USD.Q?startPeriod=2004"
IND,CD_T,SJ,USD,Q,2021-Q2,12961512738.77019,6,2026-09-25T20:58:59.844521500Z,"https://api.imf.org/external/sdmx/2.1/data/IMF.STA,BOP/IND.CD_T+DB_T.SI+SI2+SJ+S.USD.Q?startPeriod=2004"
IND,CD_T,SJ,USD,Q,2021-Q3,13857862772.1617,6,2026-09-25T20:58:59.844521500Z,"https://api.imf.org/external/sdmx/2.1/data/IMF.STA,BOP/IND.CD_T+DB_T.SI+SI2+SJ+S.USD.Q?startPeriod=2004"
IND,CD_T,SJ,USD,Q,2021-Q4,15311999951.53002,6,2026-09-25T20:58:59.844521500Z,"https://api.imf.org/external/sdmx/2.1/data/IMF.STA,BOP/IND.CD_T+DB_T.SI+SI2+SJ+S.USD.Q?startPeriod=2004"
IND,CD_T,SJ,USD,Q,2022-Q1,16835253704.29846,6,2026-09-25T20:58:59.844521500Z,"https://api.imf.org/external/sdmx/2.1/data/IMF.STA,BOP/IND.CD_T+DB_T.SI+SI2+SJ+S.USD.Q?startPeriod=2004"
IND,CD_T,SJ,USD,Q,2022-Q2,17750709327.61823,6,2026-09-25T20:58:59.844521500Z,"https://api.imf.org/external/sdmx/2.1/data/IMF.STA,BOP/IND.CD_T+DB_T.SI+SI2+SJ+S.USD.Q?startPeriod=2004"
IND,CD_T,SJ,USD,Q,2022-Q3,19141318547.01592,6,2026-09-25T20:58:59.844521500Z,"https://api.imf.org/external/sdmx/2.1/data/IMF.STA,BOP/IND.CD_T+DB_T.SI+SI2+SJ+S.USD.Q?startPeriod=2004"
IND,CD_T,SJ,USD,Q,2022-Q4,21197912617.61758,6,2026-09-25T20:58:59.844521500Z,"https://api.imf.org/external/sdmx/2.1/data/IMF.STA,BOP/IND.CD_T+DB_T.SI+SI2+SJ+S.USD.Q?startPeriod=2004"
IND,CD_T,SJ,USD,Q,2023-Q1,22259802506.07561,6,2026-09-25T20:58:59.844521500Z,"https://api.imf.org/external/sdmx/2.1/data/IMF.STA,BOP/IND.CD_T+DB_T.SI+SI2+SJ+S.USD.Q?startPeriod=2004"
IND,CD_T,SJ,USD,Q,2023-Q2,21830873848.5159,6,2026-09-25T20:58:59.844521500Z,"https://api.imf.org/external/sdmx/2.1/data/IMF.STA,BOP/IND.CD_T+DB_T.SI+SI2+SJ+S.USD.Q?startPeriod=2004"
IND,CD_T,SJ,USD,Q,2023-Q3,21471664002.59135,6,2026-09-25T20:58:59.844521500Z,"https://api.imf.org/external/sdmx/2.1/data/IMF.STA,BOP/IND.CD_T+DB_T.SI+SI2+SJ+S.USD.Q?startPeriod=2004"
IND,CD_T,SJ,USD,Q,2023-Q4,22647243013.04096,6,2026-09-25T20:58:59.844521500Z,"https://api.imf.org/external/sdmx/2.1/data/IMF.STA,BOP/IND.CD_T+DB_T.SI+SI2+SJ+S.USD.Q?startPeriod=2004"
IND,CD_T,SJ,USD,Q,2024-Q1,22619903880.30016,6,2026-09-25T20:58:59.844521500Z,"https://api.imf.org/external/sdmx/2.1/data/IMF.STA,BOP/IND.CD_T+DB_T.SI+SI2+SJ+S.USD.Q?startPeriod=2004"
IND,CD_T,SJ,USD,Q,2024-Q2,22999889459.71561,6,2026-09-25T20:58:59.844521500Z,"https://api.imf.org/external/sdmx/2.1/data/IMF.STA,BOP/IND.CD_T+DB_T.SI+SI2+SJ+S.USD.Q?startPeriod=2004"
IND,CD_T,SJ,USD,Q,2024-Q3,25176491320.69293,6,2026-09-25T20:58:59.844521500Z,"https://api.imf.org/external/sdmx/2.1/data/IMF.STA,BOP/IND.CD_T+DB_T.SI+SI2+SJ+S.USD.Q?startPeriod=2004"
IND,CD_T,SJ,USD,Q,2024-Q4,29603324712.66954,6,2026-09-25T20:58:59.844521500Z,"https://api.imf.org/external/sdmx/2.1/data/IMF.STA,BOP/IND.CD_T+DB_T.SI+SI2+SJ+S.USD.Q?startPeriod=2004"
IND,CD_T,SJ,USD,Q,2025-Q1,29432314365.11699,6,2026-09-25T20:58:59.844521500Z,"https://api.imf.org/external/sdmx/2.1/data/IMF.STA,BOP/IND.CD_T+DB_T.SI+SI2+SJ+S.USD.Q?startPeriod=2004"
IND,CD_T,SJ,USD,Q,2025-Q2,29510783340.25416,6,2026-09-25T20:58:59.844521500Z,"https://api.imf.org/external/sdmx/2.1/data/IMF.STA,BOP/IND.CD_T+DB_T.SI+SI2+SJ+S.USD.Q?startPeriod=2004"
IND,CD_T,SJ,USD,Q,2025-Q3,29471101610.22391,6,2026-09-25T20:58:59.844521500Z,"https://api.imf.org/external/sdmx/2.1/data/IMF.STA,BOP/IND.CD_T+DB_T.SI+SI2+SJ+S.USD.Q?startPeriod=2004"
IND,CD_T,SJ,USD,Q,2025-Q4,32120690296.10704,6,2026-09-25T20:58:59.844521500Z,"https://api.imf.org/external/sdmx/2.1/data/IMF.STA,BOP/IND.CD_T+DB_T.SI+SI2+SJ+S.USD.Q?startPeriod=2004"
IND,CD_T,SJ,USD,Q,2026-Q1,33076070701.65815,6,2026-09-25T20:58:59.844521500Z,"https://api.imf.org/external/sdmx/2.1/data/IMF.STA,BOP/IND.CD_T+DB_T.SI+SI2+SJ+S.USD.Q?startPeriod=2004"
IND,CD_T,SJ,USD,Q,2026-Q2,32805116550.29155,6,2026-09-25T20:58:59.844521500Z,"https://api.imf.org/external/sdmx/2.1/data/IMF.STA,BOP/IND.CD_T+DB_T.SI+SI2+SJ+S.USD.Q?startPeriod=2004"
IND,DB_T,S,USD,Q,2004-Q1,7097794377.652051,6,2026-09-25T20:58:59.844521500Z,"https://api.imf.org/external/sdmx/2.1/data/IMF.STA,BOP/IND.CD_T+DB_T.SI+SI2+SJ+S.USD.Q?startPeriod=2004"
IND,DB_T,S,USD,Q,2004-Q2,7720848148.359885,6,2026-09-25T20:58:59.844521500Z,"https://api.imf.org/external/sdmx/2.1/data/IMF.STA,BOP/IND.CD_T+DB_T.SI+SI2+SJ+S.USD.Q?startPeriod=2004"
IND,DB_T,S,USD,Q,2004-Q3,9214479453.716702,6,2026-09-25T20:58:59.844521500Z,"https://api.imf.org/external/sdmx/2.1/data/IMF.STA,BOP/IND.CD_T+DB_T.SI+SI2+SJ+S.USD.Q?startPeriod=2004"
IND,DB_T,S,USD,Q,2004-Q4,11407834540.39039,6,2026-09-25T20:58:59.844521500Z,"https://api.imf.org/external/sdmx/2.1/data/IMF.STA,BOP/IND.CD_T+DB_T.SI+SI2+SJ+S.USD.Q?startPeriod=2004"
IND,DB_T,S,USD,Q,2005-Q1,10915806925.92095,6,2026-09-25T20:58:59.844521500Z,"https://api.imf.org/external/sdmx/2.1/data/IMF.STA,BOP/IND.CD_T+DB_T.SI+SI2+SJ+S.USD.Q?startPeriod=2004"
IND,DB_T,S,USD,Q,2005-Q2,11127779429.83036,6,2026-09-25T20:58:59.844521500Z,"https://api.imf.org/external/sdmx/2.1/data/IMF.STA,BOP/IND.CD_T+DB_T.SI+SI2+SJ+S.USD.Q?startPeriod=2004"
IND,DB_T,S,USD,Q,2005-Q3,11049722450.25008,6,2026-09-25T20:58:59.844521500Z,"https://api.imf.org/external/sdmx/2.1/data/IMF.STA,BOP/IND.CD_T+DB_T.SI+SI2+SJ+S.USD.Q?startPeriod=2004"
IND,DB_T,S,USD,Q,2005-Q4,14073051776.39927,6,2026-09-25T20:58:59.844521500Z,"https://api.imf.org/external/sdmx/2.1/data/IMF.STA,BOP/IND.CD_T+DB_T.SI+SI2+SJ+S.USD.Q?startPeriod=2004"
IND,DB_T,S,USD,Q,2006-Q1,13683097497.20172,6,2026-09-25T20:58:59.844521500Z,"https://api.imf.org/external/sdmx/2.1/data/IMF.STA,BOP/IND.CD_T+DB_T.SI+SI2+SJ+S.USD.Q?startPeriod=2004"
IND,DB_T,S,USD,Q,2006-Q2,13081066617.79529,6,2026-09-25T20:58:59.844521500Z,"https://api.imf.org/external/sdmx/2.1/data/IMF.STA,BOP/IND.CD_T+DB_T.SI+SI2+SJ+S.USD.Q?startPeriod=2004"
IND,DB_T,S,USD,Q,2006-Q3,14749398503.2129,6,2026-09-25T20:58:59.844521500Z,"https://api.imf.org/external/sdmx/2.1/data/IMF.STA,BOP/IND.CD_T+DB_T.SI+SI2+SJ+S.USD.Q?startPeriod=2004"
IND,DB_T,S,USD,Q,2006-Q4,17000601689.17567,6,2026-09-25T20:58:59.844521500Z,"https://api.imf.org/external/sdmx/2.1/data/IMF.STA,BOP/IND.CD_T+DB_T.SI+SI2+SJ+S.USD.Q?startPeriod=2004"
IND,DB_T,S,USD,Q,2007-Q1,18117816005.21594,6,2026-09-25T20:58:59.844521500Z,"https://api.imf.org/external/sdmx/2.1/data/IMF.STA,BOP/IND.CD_T+DB_T.SI+SI2+SJ+S.USD.Q?startPeriod=2004"
IND,DB_T,S,USD,Q,2007-Q2,15363579923.55897,6,2026-09-25T20:58:59.844521500Z,"https://api.imf.org/external/sdmx/2.1/data/IMF.STA,BOP/IND.CD_T+DB_T.SI+SI2+SJ+S.USD.Q?startPeriod=2004"
IND,DB_T,S,USD,Q,2007-Q3,17395938806.54838,6,2026-09-25T20:58:59.844521500Z,"https://api.imf.org/external/sdmx/2.1/data/IMF.STA,BOP/IND.CD_T+DB_T.SI+SI2+SJ+S.USD.Q?startPeriod=2004"
IND,DB_T,S,USD,Q,2007-Q4,19297517554.67014,6,2026-09-25T20:58:59.844521500Z,"https://api.imf.org/external/sdmx/2.1/data/IMF.STA,BOP/IND.CD_T+DB_T.SI+SI2+SJ+S.USD.Q?startPeriod=2004"
IND,DB_T,S,USD,Q,2008-Q1,16967765589.84249,6,2026-09-25T20:58:59.844521500Z,"https://api.imf.org/external/sdmx/2.1/data/IMF.STA,BOP/IND.CD_T+DB_T.SI+SI2+SJ+S.USD.Q?startPeriod=2004"
IND,DB_T,S,USD,Q,2008-Q2,12197081483.52053,6,2026-09-25T20:58:59.844521500Z,"https://api.imf.org/external/sdmx/2.1/data/IMF.STA,BOP/IND.CD_T+DB_T.SI+SI2+SJ+S.USD.Q?startPeriod=2004"
IND,DB_T,S,USD,Q,2008-Q3,13361464120.68321,6,2026-09-25T20:58:59.844521500Z,"https://api.imf.org/external/sdmx/2.1/data/IMF.STA,BOP/IND.CD_T+DB_T.SI+SI2+SJ+S.USD.Q?startPeriod=2004"
IND,DB_T,S,USD,Q,2008-Q4,13036550546.06055,6,2026-09-25T20:58:59.844521500Z,"https://api.imf.org/external/sdmx/2.1/data/IMF.STA,BOP/IND.CD_T+DB_T.SI+SI2+SJ+S.USD.Q?startPeriod=2004"
IND,DB_T,S,USD,Q,2009-Q1,12716141319.92532,6,2026-09-25T20:58:59.844521500Z,"https://api.imf.org/external/sdmx/2.1/data/IMF.STA,BOP/IND.CD_T+DB_T.SI+SI2+SJ+S.USD.Q?startPeriod=2004"
IND,DB_T,S,USD,Q,2009-Q2,10830000000.0,6,2026-09-25T20:58:59.844521500Z,"https://api.imf.org/external/sdmx/2.1/data/IMF.STA,BOP/IND.CD_T+DB_T.SI+SI2+SJ+S.USD.Q?startPeriod=2004"
IND,DB_T,S,USD,Q,2009-Q3,13583000000.0,6,2026-09-25T20:58:59.844521500Z,"https://api.imf.org/external/sdmx/2.1/data/IMF.STA,BOP/IND.CD_T+DB_T.SI+SI2+SJ+S.USD.Q?startPeriod=2004"
IND,DB_T,S,USD,Q,2009-Q4,15900999999.99998,6,2026-09-25T20:58:59.844521500Z,"https://api.imf.org/external/sdmx/2.1/data/IMF.STA,BOP/IND.CD_T+DB_T.SI+SI2+SJ+S.USD.Q?startPeriod=2004"
IND,DB_T,S,USD,Q,2010-Q1,19222000000.00001,6,2026-09-25T20:58:59.844521500Z,"https://api.imf.org/external/sdmx/2.1/data/IMF.STA,BOP/IND.CD_T+DB_T.SI+SI2+SJ+S.USD.Q?startPeriod=2004"
IND,DB_T,S,USD,Q,2010-Q2,16975639820.02306,6,2026-09-25T20:58:59.844521500Z,"https://api.imf.org/external/sdmx/2.1/data/IMF.STA,BOP/IND.CD_T+DB_T.SI+SI2+SJ+S.USD.Q?startPeriod=2004"
IND,DB_T,S,USD,Q,2010-Q3,19504217929.10619,6,2026-09-25T20:58:59.844521500Z,"https://api.imf.org/external/sdmx/2.1/data/IMF.STA,BOP/IND.CD_T+DB_T.SI+SI2+SJ+S.USD.Q?startPeriod=2004"
IND,DB_T,S,USD,Q,2010-Q4,23211113664.80802,6,2026-09-25T20:58:59.844521500Z,"https://api.imf.org/external/sdmx/2.1/data/IMF.STA,BOP/IND.CD_T+DB_T.SI+SI2+SJ+S.USD.Q?startPeriod=2004"
IND,DB_T,S,USD,Q,2011-Q1,20864706481.84556,6,2026-09-25T20:58:59.844521500Z,"https://api.imf.org/external/sdmx/2.1/data/IMF.STA,BOP/IND.CD_T+DB_T.SI+SI2+SJ+S.USD.Q?startPeriod=2004"
IND,DB_T,S,USD,Q,2011-Q2,17427152201.66295,6,2026-09-25T20:58:59.844521500Z,"https://api.imf.org/external/sdmx/2.1/data/IMF.STA,BOP/IND.CD_T+DB_T.SI+SI2+SJ+S.USD.Q?startPeriod=2004"
IND,DB_T,S,USD,Q,2011-Q3,18319334975.27041,6,2026-09-25T20:58:59.844521500Z,"https://api.imf.org/external/sdmx/2.1/data/IMF.STA,BOP/IND.CD_T+DB_T.SI+SI2+SJ+S.USD.Q?startPeriod=2004"
IND,DB_T,S,USD,Q,2011-Q4,21146945421.23891,6,2026-09-25T20:58:59.844521500Z,"https://api.imf.org/external/sdmx/2.1/data/IMF.STA,BOP/IND.CD_T+DB_T.SI+SI2+SJ+S.USD.Q?startPeriod=2004"
IND,DB_T,S,USD,Q,2012-Q1,20014946223.91817,6,2026-09-25T20:58:59.844521500Z,"https://api.imf.org/external/sdmx/2.1/data/IMF.STA,BOP/IND.CD_T+DB_T.SI+SI2+SJ+S.USD.Q?startPeriod=2004"
IND,DB_T,S,USD,Q,2012-Q2,20792438078.7395,6,2026-09-25T20:58:59.844521500Z,"https://api.imf.org/external/sdmx/2.1/data/IMF.STA,BOP/IND.CD_T+DB_T.SI+SI2+SJ+S.USD.Q?startPeriod=2004"
IND,DB_T,S,USD,Q,2012-Q3,18694702561.75766,6,2026-09-25T20:58:59.844521500Z,"https://api.imf.org/external/sdmx/2.1/data/IMF.STA,BOP/IND.CD_T+DB_T.SI+SI2+SJ+S.USD.Q?startPeriod=2004"
IND,DB_T,S,USD,Q,2012-Q4,20417531645.04126,6,2026-09-25T20:58:59.844521500Z,"https://api.imf.org/external/sdmx/2.1/data/IMF.STA,BOP/IND.CD_T+DB_T.SI+SI2+SJ+S.USD.Q?startPeriod=2004"
IND,DB_T,S,USD,Q,2013-Q1,20859375588.70748,6,2026-09-25T20:58:59.844521500Z,"https://api.imf.org/external/sdmx/2.1/data/IMF.STA,BOP/IND.CD_T+DB_T.SI+SI2+SJ+S.USD.Q?startPeriod=2004"
IND,DB_T,S,USD,Q,2013-Q2,19686060189.54965,6,2026-09-25T20:58:59.844521500Z,"https://api.imf.org/external/sdmx/2.1/data/IMF.STA,BOP/IND.CD_T+DB_T.SI+SI2+SJ+S.USD.Q?startPeriod=2004"
IND,DB_T,S,USD,Q,2013-Q3,18487887715.35825,6,2026-09-25T20:58:59.844521500Z,"https://api.imf.org/external/sdmx/2.1/data/IMF.STA,BOP/IND.CD_T+DB_T.SI+SI2+SJ+S.USD.Q?startPeriod=2004"
IND,DB_T,S,USD,Q,2013-Q4,19688896861.73162,6,2026-09-25T20:58:59.844521500Z,"https://api.imf.org/external/sdmx/2.1/data/IMF.STA,BOP/IND.CD_T+DB_T.SI+SI2+SJ+S.USD.Q?startPeriod=2004"
IND,DB_T,S,USD,Q,2014-Q1,20884481152.5662,6,2026-09-25T20:58:59.844521500Z,"https://api.imf.org/external/sdmx/2.1/data/IMF.STA,BOP/IND.CD_T+DB_T.SI+SI2+SJ+S.USD.Q?startPeriod=2004"
IND,DB_T,S,USD,Q,2014-Q2,20590652354.72176,6,2026-09-25T20:58:59.844521500Z,"https://api.imf.org/external/sdmx/2.1/data/IMF.STA,BOP/IND.CD_T+DB_T.SI+SI2+SJ+S.USD.Q?startPeriod=2004"
IND,DB_T,S,USD,Q,2014-Q3,19714950333.37198,6,2026-09-25T20:58:59.844521500Z,"https://api.imf.org/external/sdmx/2.1/data/IMF.STA,BOP/IND.CD_T+DB_T.SI+SI2+SJ+S.USD.Q?startPeriod=2004"
IND,DB_T,S,USD,Q,2014-Q4,19928505249.86594,6,2026-09-25T20:58:59.844521500Z,"https://api.imf.org/external/sdmx/2.1/data/IMF.STA,BOP/IND.CD_T+DB_T.SI+SI2+SJ+S.USD.Q?startPeriod=2004"
IND,DB_T,S,USD,Q,2015-Q1,21344185886.44169,6,2026-09-25T20:58:59.844521500Z,"https://api.imf.org/external/sdmx/2.1/data/IMF.STA,BOP/IND.CD_T+DB_T.SI+SI2+SJ+S.USD.Q?startPeriod=2004"
IND,DB_T,S,USD,Q,2015-Q2,20515049277.30958,6,2026-09-25T20:58:59.844521500Z,"https://api.imf.org/external/sdmx/2.1/data/IMF.STA,BOP/IND.CD_T+DB_T.SI+SI2+SJ+S.USD.Q?startPeriod=2004"
IND,DB_T,S,USD,Q,2015-Q3,20892898405.36235,6,2026-09-25T20:58:59.844521500Z,"https://api.imf.org/external/sdmx/2.1/data/IMF.STA,BOP/IND.CD_T+DB_T.SI+SI2+SJ+S.USD.Q?startPeriod=2004"
IND,DB_T,S,USD,Q,2015-Q4,19890962479.09819,6,2026-09-25T20:58:59.844521500Z,"https://api.imf.org/external/sdmx/2.1/data/IMF.STA,BOP/IND.CD_T+DB_T.SI+SI2+SJ+S.USD.Q?startPeriod=2004"
IND,DB_T,S,USD,Q,2016-Q1,23335752654.74037,6,2026-09-25T20:58:59.844521500Z,"https://api.imf.org/external/sdmx/2.1/data/IMF.STA,BOP/IND.CD_T+DB_T.SI+SI2+SJ+S.USD.Q?startPeriod=2004"
IND,DB_T,S,USD,Q,2016-Q2,23635744159.20731,6,2026-09-25T20:58:59.844521500Z,"https://api.imf.org/external/sdmx/2.1/data/IMF.STA,BOP/IND.CD_T+DB_T.SI+SI2+SJ+S.USD.Q?startPeriod=2004"
IND,DB_T,S,USD,Q,2016-Q3,24585593695.383,6,2026-09-25T20:58:59.844521500Z,"https://api.imf.org/external/sdmx/2.1/data/IMF.STA,BOP/IND.CD_T+DB_T.SI+SI2+SJ+S.USD.Q?startPeriod=2004"
IND,DB_T,S,USD,Q,2016-Q4,24365349407.39571,6,2026-09-25T20:58:59.844521500Z,"https://api.imf.org/external/sdmx/2.1/data/IMF.STA,BOP/IND.CD_T+DB_T.SI+SI2+SJ+S.USD.Q?startPeriod=2004"
IND,DB_T,S,USD,Q,2017-Q1,23265324689.13673,6,2026-09-25T20:58:59.844521500Z,"https://api.imf.org/external/sdmx/2.1/data/IMF.STA,BOP/IND.CD_T+DB_T.SI+SI2+SJ+S.USD.Q?startPeriod=2004"
IND,DB_T,S,USD,Q,2017-Q2,27607257459.28329,6,2026-09-25T20:58:59.844521500Z,"https://api.imf.org/external/sdmx/2.1/data/IMF.STA,BOP/IND.CD_T+DB_T.SI+SI2+SJ+S.USD.Q?startPeriod=2004"
IND,DB_T,S,USD,Q,2017-Q3,29031716054.84047,6,2026-09-25T20:58:59.844521500Z,"https://api.imf.org/external/sdmx/2.1/data/IMF.STA,BOP/IND.CD_T+DB_T.SI+SI2+SJ+S.USD.Q?startPeriod=2004"
IND,DB_T,S,USD,Q,2017-Q4,29466843701.90459,6,2026-09-25T20:58:59.844521500Z,"https://api.imf.org/external/sdmx/2.1/data/IMF.STA,BOP/IND.CD_T+DB_T.SI+SI2+SJ+S.USD.Q?startPeriod=2004"
IND,DB_T,S,USD,Q,2018-Q1,31421143798.24999,6,2026-09-25T20:58:59.844521500Z,"https://api.imf.org/external/sdmx/2.1/data/IMF.STA,BOP/IND.CD_T+DB_T.SI+SI2+SJ+S.USD.Q?startPeriod=2004"
IND,DB_T,S,USD,Q,2018-Q2,29524228596.93606,6,2026-09-25T20:58:59.844521500Z,"https://api.imf.org/external/sdmx/2.1/data/IMF.STA,BOP/IND.CD_T+DB_T.SI+SI2+SJ+S.USD.Q?startPeriod=2004"
IND,DB_T,S,USD,Q,2018-Q3,29838776106.10709,6,2026-09-25T20:58:59.844521500Z,"https://api.imf.org/external/sdmx/2.1/data/IMF.STA,BOP/IND.CD_T+DB_T.SI+SI2+SJ+S.USD.Q?startPeriod=2004"
IND,DB_T,S,USD,Q,2018-Q4,33397466005.28713,6,2026-09-25T20:58:59.844521500Z,"https://api.imf.org/external/sdmx/2.1/data/IMF.STA,BOP/IND.CD_T+DB_T.SI+SI2+SJ+S.USD.Q?startPeriod=2004"
IND,DB_T,S,USD,Q,2019-Q1,33299057405.49162,6,2026-09-25T20:58:59.844521500Z,"https://api.imf.org/external/sdmx/2.1/data/IMF.STA,BOP/IND.CD_T+DB_T.SI+SI2+SJ+S.USD.Q?startPeriod=2004"
IND,DB_T,S,USD,Q,2019-Q2,32120485800.29551,6,2026-09-25T20:58:59.844521500Z,"https://api.imf.org/external/sdmx/2.1/data/IMF.STA,BOP/IND.CD_T+DB_T.SI+SI2+SJ+S.USD.Q?startPeriod=2004"
IND,DB_T,S,USD,Q,2019-Q3,31836044023.34775,6,2026-09-25T20:58:59.844521500Z,"https://api.imf.org/external/sdmx/2.1/data/IMF.STA,BOP/IND.CD_T+DB_T.SI+SI2+SJ+S.USD.Q?startPeriod=2004"
IND,DB_T,S,USD,Q,2019-Q4,33279613001.17671,6,2026-09-25T20:58:59.844521500Z,"https://api.imf.org/external/sdmx/2.1/data/IMF.STA,BOP/IND.CD_T+DB_T.SI+SI2+SJ+S.USD.Q?startPeriod=2004"
IND,DB_T,S,USD,Q,2020-Q1,31032804275.37969,6,2026-09-25T20:58:59.844521500Z,"https://api.imf.org/external/sdmx/2.1/data/IMF.STA,BOP/IND.CD_T+DB_T.SI+SI2+SJ+S.USD.Q?startPeriod=2004"
IND,DB_T,S,USD,Q,2020-Q2,26194641990.55135,6,2026-09-25T20:58:59.844521500Z,"https://api.imf.org/external/sdmx/2.1/data/IMF.STA,BOP/IND.CD_T+DB_T.SI+SI2+SJ+S.USD.Q?startPeriod=2004"
IND,DB_T,S,USD,Q,2020-Q3,28707478976.69716,6,2026-09-25T20:58:59.844521500Z,"https://api.imf.org/external/sdmx/2.1/data/IMF.STA,BOP/IND.CD_T+DB_T.SI+SI2+SJ+S.USD.Q?startPeriod=2004"
IND,DB_T,S,USD,Q,2020-Q4,30102532613.27466,6,2026-09-25T20:58:59.844521500Z,"https://api.imf.org/external/sdmx/2.1/data/IMF.STA,BOP/IND.CD_T+DB_T.SI+SI2+SJ+S.USD.Q?startPeriod=2004"
IND,DB_T,S,USD,Q,2021-Q1,32519799293.39823,6,2026-09-25T20:58:59.844521500Z,"https://api.imf.org/external/sdmx/2.1/data/IMF.STA,BOP/IND.CD_T+DB_T.SI+SI2+SJ+S.USD.Q?startPeriod=2004"
IND,DB_T,S,USD,Q,2021-Q2,30408457107.30731,6,2026-09-25T20:58:59.844521500Z,"https://api.imf.org/external/sdmx/2.1/data/IMF.STA,BOP/IND.CD_T+DB_T.SI+SI2+SJ+S.USD.Q?startPeriod=2004"
IND,DB_T,S,USD,Q,2021-Q3,35838739758.27991,6,2026-09-25T20:58:59.844521500Z,"https://api.imf.org/external/sdmx/2.1/data/IMF.STA,BOP/IND.CD_T+DB_T.SI+SI2+SJ+S.USD.Q?startPeriod=2004"
IND,DB_T,S,USD,Q,2021-Q4,39207005112.30189,6,2026-09-25T20:58:59.844521500Z,"https://api.imf.org/external/sdmx/2.1/data/IMF.STA,BOP/IND.CD_T+DB_T.SI+SI2+SJ+S.USD.Q?startPeriod=2004"
IND,DB_T,S,USD,Q,2022-Q1,41556781191.91078,6,2026-09-25T20:58:59.844521500Z,"https://api.imf.org/external/sdmx/2.1/data/IMF.STA,BOP/IND.CD_T+DB_T.SI+SI2+SJ+S.USD.Q?startPeriod=2004"
IND,DB_T,S,USD,Q,2022-Q2,45024419434.27115,6,2026-09-25T20:58:59.844521500Z,"https://api.imf.org/external/sdmx/2.1/data/IMF.STA,BOP/IND.CD_T+DB_T.SI+SI2+SJ+S.USD.Q?startPeriod=2004"
IND,DB_T,S,USD,Q,2022-Q3,45555273217.42174,6,2026-09-25T20:58:59.844521500Z,"https://api.imf.org/external/sdmx/2.1/data/IMF.STA,BOP/IND.CD_T+DB_T.SI+SI2+SJ+S.USD.Q?startPeriod=2004"
IND,DB_T,S,USD,Q,2022-Q4,44707970179.19552,6,2026-09-25T20:58:59.844521500Z,"https://api.imf.org/external/sdmx/2.1/data/IMF.STA,BOP/IND.CD_T+DB_T.SI+SI2+SJ+S.USD.Q?startPeriod=2004"
IND,DB_T,S,USD,Q,2023-Q1,46758377595.3496,6,2026-09-25T20:58:59.844521500Z,"https://api.imf.org/external/sdmx/2.1/data/IMF.STA,BOP/IND.CD_T+DB_T.SI+SI2+SJ+S.USD.Q?startPeriod=2004"
IND,DB_T,S,USD,Q,2023-Q2,45448606268.74407,6,2026-09-25T20:58:59.844521500Z,"https://api.imf.org/external/sdmx/2.1/data/IMF.STA,BOP/IND.CD_T+DB_T.SI+SI2+SJ+S.USD.Q?startPeriod=2004"
IND,DB_T,S,USD,Q,2023-Q3,43411437110.79997,6,2026-09-25T20:58:59.844521500Z,"https://api.imf.org/external/sdmx/2.1/data/IMF.STA,BOP/IND.CD_T+DB_T.SI+SI2+SJ+S.USD.Q?startPeriod=2004"
IND,DB_T,S,USD,Q,2023-Q4,42779173841.05063,6,2026-09-25T20:58:59.844521500Z,"https://api.imf.org/external/sdmx/2.1/data/IMF.STA,BOP/IND.CD_T+DB_T.SI+SI2+SJ+S.USD.Q?startPeriod=2004"
IND,DB_T,S,USD,Q,2024-Q1,46671600962.12838,6,2026-09-25T20:58:59.844521500Z,"https://api.imf.org/external/sdmx/2.1/data/IMF.STA,BOP/IND.CD_T+DB_T.SI+SI2+SJ+S.USD.Q?startPeriod=2004"
IND,DB_T,S,USD,Q,2024-Q2,48783831373.64949,6,2026-09-25T20:58:59.844521500Z,"https://api.imf.org/external/sdmx/2.1/data/IMF.STA,BOP/IND.CD_T+DB_T.SI+SI2+SJ+S.USD.Q?startPeriod=2004"
IND,DB_T,S,USD,Q,2024-Q3,48944625011.6133,6,2026-09-25T20:58:59.844521500Z,"https://api.imf.org/external/sdmx/2.1/data/IMF.STA,BOP/IND.CD_T+DB_T.SI+SI2+SJ+S.USD.Q?startPeriod=2004"
IND,DB_T,S,USD,Q,2024-Q4,52277363472.15857,6,2026-09-25T20:58:59.844521500Z,"https://api.imf.org/external/sdmx/2.1/data/IMF.STA,BOP/IND.CD_T+DB_T.SI+SI2+SJ+S.USD.Q?startPeriod=2004"
IND,DB_T,S,USD,Q,2025-Q1,48711096177.90518,6,2026-09-25T20:58:59.844521500Z,"https://api.imf.org/external/sdmx/2.1/data/IMF.STA,BOP/IND.CD_T+DB_T.SI+SI2+SJ+S.USD.Q?startPeriod=2004"
IND,DB_T,S,USD,Q,2025-Q2,49509373340.92826,6,2026-09-25T20:58:59.844521500Z,"https://api.imf.org/external/sdmx/2.1/data/IMF.STA,BOP/IND.CD_T+DB_T.SI+SI2+SJ+S.USD.Q?startPeriod=2004"
IND,DB_T,S,USD,Q,2025-Q3,50733840049.65718,6,2026-09-25T20:58:59.844521500Z,"https://api.imf.org/external/sdmx/2.1/data/IMF.STA,BOP/IND.CD_T+DB_T.SI+SI2+SJ+S.USD.Q?startPeriod=2004"
IND,DB_T,S,USD,Q,2025-Q4,53725511118.8472,6,2026-09-25T20:58:59.844521500Z,"https://api.imf.org/external/sdmx/2.1/data/IMF.STA,BOP/IND.CD_T+DB_T.SI+SI2+SJ+S.USD.Q?startPeriod=2004"
IND,DB_T,S,USD,Q,2026-Q1,50708766887.02927,6,2026-09-25T20:58:59.844521500Z,"https://api.imf.org/external/sdmx/2.1/data/IMF.STA,BOP/IND.CD_T+DB_T.SI+SI2+SJ+S.USD.Q?startPeriod=2004"
IND,DB_T,S,USD,Q,2026-Q2,54622587909.6886,6,2026-09-25T20:58:59.844521500Z,"https://api.imf.org/external/sdmx/2.1/data/IMF.STA,BOP/IND.CD_T+DB_T.SI+SI2+SJ+S.USD.Q?startPeriod=2004"
IND,DB_T,SI,USD,Q,2004-Q1,257801449.7878359,6,2026-09-25T20:58:59.844521500Z,"https://api.imf.org/external/sdmx/2.1/data/IMF.STA,BOP/IND.CD_T+DB_T.SI+SI2+SJ+S.USD.Q?startPeriod=2004"
IND,DB_T,SI,USD,Q,2004-Q2,227858758.7525902,6,2026-09-25T20:58:59.844521500Z,"https://api.imf.org/external/sdmx/2.1/data/IMF.STA,BOP/IND.CD_T+DB_T.SI+SI2+SJ+S.USD.Q?startPeriod=2004"
IND,DB_T,SI,USD,Q,2004-Q3,180462399.6949687,6,2026-09-25T20:58:59.844521500Z,"https://api.imf.org/external/sdmx/2.1/data/IMF.STA,BOP/IND.CD_T+DB_T.SI+SI2+SJ+S.USD.Q?startPeriod=2004"
IND,DB_T,SI,USD,Q,2004-Q4,555463709.3336438,6,2026-09-25T20:58:59.844521500Z,"https://api.imf.org/external/sdmx/2.1/data/IMF.STA,BOP/IND.CD_T+DB_T.SI+SI2+SJ+S.USD.Q?startPeriod=2004"
IND,DB_T,SI,USD,Q,2005-Q1,485834868.766244,6,2026-09-25T20:58:59.844521500Z,"https://api.imf.org/external/sdmx/2.1/data/IMF.STA,BOP/IND.CD_T+DB_T.SI+SI2+SJ+S.USD.Q?startPeriod=2004"
IND,DB_T,SI,USD,Q,2005-Q2,256509830.3923824,6,2026-09-25T20:58:59.844521500Z,"https://api.imf.org/external/sdmx/2.1/data/IMF.STA,BOP/IND.CD_T+DB_T.SI+SI2+SJ+S.USD.Q?startPeriod=2004"
IND,DB_T,SI,USD,Q,2005-Q3,292045201.3952253,6,2026-09-25T20:58:59.844521500Z,"https://api.imf.org/external/sdmx/2.1/data/IMF.STA,BOP/IND.CD_T+DB_T.SI+SI2+SJ+S.USD.Q?startPeriod=2004"
IND,DB_T,SI,USD,Q,2005-Q4,440465071.1969547,6,2026-09-25T20:58:59.844521500Z,"https://api.imf.org/external/sdmx/2.1/data/IMF.STA,BOP/IND.CD_T+DB_T.SI+SI2+SJ+S.USD.Q?startPeriod=2004"
IND,DB_T,SI,USD,Q,2006-Q1,375543609.2274499,6,2026-09-25T20:58:59.844521500Z,"https://api.imf.org/external/sdmx/2.1/data/IMF.STA,BOP/IND.CD_T+DB_T.SI+SI2+SJ+S.USD.Q?startPeriod=2004"
IND,DB_T,SI,USD,Q,2006-Q2,510986896.3621369,6,2026-09-25T20:58:59.844521500Z,"https://api.imf.org/external/sdmx/2.1/data/IMF.STA,BOP/IND.CD_T+DB_T.SI+SI2+SJ+S.USD.Q?startPeriod=2004"
IND,DB_T,SI,USD,Q,2006-Q3,531049598.4150821,6,2026-09-25T20:58:59.844521500Z,"https://api.imf.org/external/sdmx/2.1/data/IMF.STA,BOP/IND.CD_T+DB_T.SI+SI2+SJ+S.USD.Q?startPeriod=2004"
IND,DB_T,SI,USD,Q,2006-Q4,842401895.7655011,6,2026-09-25T20:58:59.844521500Z,"https://api.imf.org/external/sdmx/2.1/data/IMF.STA,BOP/IND.CD_T+DB_T.SI+SI2+SJ+S.USD.Q?startPeriod=2004"
IND,DB_T,SI,USD,Q,2007-Q1,1006287504.678652,6,2026-09-25T20:58:59.844521500Z,"https://api.imf.org/external/sdmx/2.1/data/IMF.STA,BOP/IND.CD_T+DB_T.SI+SI2+SJ+S.USD.Q?startPeriod=2004"
IND,DB_T,SI,USD,Q,2007-Q2,949692489.7658266,6,2026-09-25T20:58:59.844521500Z,"https://api.imf.org/external/sdmx/2.1/data/IMF.STA,BOP/IND.CD_T+DB_T.SI+SI2+SJ+S.USD.Q?startPeriod=2004"
IND,DB_T,SI,USD,Q,2007-Q3,997654947.4357826,6,2026-09-25T20:58:59.844521500Z,"https://api.imf.org/external/sdmx/2.1/data/IMF.STA,BOP/IND.CD_T+DB_T.SI+SI2+SJ+S.USD.Q?startPeriod=2004"
IND,DB_T,SI,USD,Q,2007-Q4,1061262483.391377,6,2026-09-25T20:58:59.844521500Z,"https://api.imf.org/external/sdmx/2.1/data/IMF.STA,BOP/IND.CD_T+DB_T.SI+SI2+SJ+S.USD.Q?startPeriod=2004"
IND,DB_T,SI,USD,Q,2008-Q1,1285383518.161363,6,2026-09-25T20:58:59.844521500Z,"https://api.imf.org/external/sdmx/2.1/data/IMF.STA,BOP/IND.CD_T+DB_T.SI+SI2+SJ+S.USD.Q?startPeriod=2004"
IND,DB_T,SI,USD,Q,2008-Q2,1021464763.666742,6,2026-09-25T20:58:59.844521500Z,"https://api.imf.org/external/sdmx/2.1/data/IMF.STA,BOP/IND.CD_T+DB_T.SI+SI2+SJ+S.USD.Q?startPeriod=2004"
IND,DB_T,SI,USD,Q,2008-Q3,1184112247.018972,6,2026-09-25T20:58:59.844521500Z,"https://api.imf.org/external/sdmx/2.1/data/IMF.STA,BOP/IND.CD_T+DB_T.SI+SI2+SJ+S.USD.Q?startPeriod=2004"
IND,DB_T,SI,USD,Q,2008-Q4,818321823.3507618,6,2026-09-25T20:58:59.844521500Z,"https://api.imf.org/external/sdmx/2.1/data/IMF.STA,BOP/IND.CD_T+DB_T.SI+SI2+SJ+S.USD.Q?startPeriod=2004"
IND,DB_T,SI,USD,Q,2009-Q1,719142854.8467892,6,2026-09-25T20:58:59.844521500Z,"https://api.imf.org/external/sdmx/2.1/data/IMF.STA,BOP/IND.CD_T+DB_T.SI+SI2+SJ+S.USD.Q?startPeriod=2004"
IND,DB_T,SI,USD,Q,2009-Q2,725000000.0,6,2026-09-25T20:58:59.844521500Z,"https://api.imf.org/external/sdmx/2.1/data/IMF.STA,BOP/IND.CD_T+DB_T.SI+SI2+SJ+S.USD.Q?startPeriod=2004"
IND,DB_T,SI,USD,Q,2009-Q3,789000000.0000015,6,2026-09-25T20:58:59.844521500Z,"https://api.imf.org/external/sdmx/2.1/data/IMF.STA,BOP/IND.CD_T+DB_T.SI+SI2+SJ+S.USD.Q?startPeriod=2004"
IND,DB_T,SI,USD,Q,2009-Q4,1006999999.999999,6,2026-09-25T20:58:59.844521500Z,"https://api.imf.org/external/sdmx/2.1/data/IMF.STA,BOP/IND.CD_T+DB_T.SI+SI2+SJ+S.USD.Q?startPeriod=2004"
IND,DB_T,SI,USD,Q,2010-Q1,731000000.0000014,6,2026-09-25T20:58:59.844521500Z,"https://api.imf.org/external/sdmx/2.1/data/IMF.STA,BOP/IND.CD_T+DB_T.SI+SI2+SJ+S.USD.Q?startPeriod=2004"
IND,DB_T,SI,USD,Q,2010-Q2,879666167.1319869,6,2026-09-25T20:58:59.844521500Z,"https://api.imf.org/external/sdmx/2.1/data/IMF.STA,BOP/IND.CD_T+DB_T.SI+SI2+SJ+S.USD.Q?startPeriod=2004"
IND,DB_T,SI,USD,Q,2010-Q3,888454222.8956709,6,2026-09-25T20:58:59.844521500Z,"https://api.imf.org/external/sdmx/2.1/data/IMF.STA,BOP/IND.CD_T+DB_T.SI+SI2+SJ+S.USD.Q?startPeriod=2004"
IND,DB_T,SI,USD,Q,2010-Q4,1117710594.738514,6,2026-09-25T20:58:59.844521500Z,"https://api.imf.org/external/sdmx/2.1/data/IMF.STA,BOP/IND.CD_T+DB_T.SI+SI2+SJ+S.USD.Q?startPeriod=2004"
IND,DB_T,SI,USD,Q,2011-Q1,861823215.9580859,6,2026-09-25T20:58:59.844521500Z,"https://api.imf.org/external/sdmx/2.1/data/IMF.STA,BOP/IND.CD_T+DB_T.SI+SI2+SJ+S.USD.Q?startPeriod=2004"
IND,DB_T,SI,USD,Q,2011-Q2,894566296.4072733,6,2026-09-25T20:58:59.844521500Z,"https://api.imf.org/external/sdmx/2.1/data/IMF.STA,BOP/IND.CD_T+DB_T.SI+SI2+SJ+S.USD.Q?startPeriod=2004"
IND,DB_T,SI,USD,Q,2011-Q3,676276932.7608262,6,2026-09-25T20:58:59.844521500Z,"https://api.imf.org/external/sdmx/2.1/data/IMF.STA,BOP/IND.CD_T+DB_T.SI+SI2+SJ+S.USD.Q?startPeriod=2004"
IND,DB_T,SI,USD,Q,2011-Q4,763820049.4788976,6,2026-09-25T20:58:59.844521500Z,"https://api.imf.org/external/sdmx/2.1/data/IMF.STA,BOP/IND.CD_T+DB_T.SI+SI2+SJ+S.USD.Q?startPeriod=2004"
IND,DB_T,SI,USD,Q,2012-Q1,922996395.8231728,6,2026-09-25T20:58:59.844521500Z,"https://api.imf.org/external/sdmx/2.1/data/IMF.STA,BOP/IND.CD_T+DB_T.SI+SI2+SJ+S.USD.Q?startPeriod=2004"
IND,DB_T,SI,USD,Q,2012-Q2,825710474.371545,6,2026-09-25T20:58:59.844521500Z,"https://api.imf.org/external/sdmx/2.1/data/IMF.STA,BOP/IND.CD_T+DB_T.SI+SI2+SJ+S.USD.Q?startPeriod=2004"
IND,DB_T,SI,USD,Q,2012-Q3,802962204.2886091,6,2026-09-25T20:58:59.844521500Z,"https://api.imf.org/external/sdmx/2.1/data/IMF.STA,BOP/IND.CD_T+DB_T.SI+SI2+SJ+S.USD.Q?startPeriod=2004"
IND,DB_T,SI,USD,Q,2012-Q4,930225057.858159,6,2026-09-25T20:58:59.844521500Z,"https://api.imf.org/external/sdmx/2.1/data/IMF.STA,BOP/IND.CD_T+DB_T.SI+SI2+SJ+S.USD.Q?startPeriod=2004"
IND,DB_T,SI,USD,Q,2013-Q1,952368827.0907862,6,2026-09-25T20:58:59.844521500Z,"https://api.imf.org/external/sdmx/2.1/data/IMF.STA,BOP/IND.CD_T+DB_T.SI+SI2+SJ+S.USD.Q?startPeriod=2004"
IND,DB_T,SI,USD,Q,2013-Q2,896480351.0058779,6,2026-09-25T20:58:59.844521500Z,"https://api.imf.org/external/sdmx/2.1/data/IMF.STA,BOP/IND.CD_T+DB_T.SI+SI2+SJ+S.USD.Q?startPeriod=2004"
IND,DB_T,SI,USD,Q,2013-Q3,961779279.8504224,6,2026-09-25T20:58:59.844521500Z,"https://api.imf.org/external/sdmx/2.1/data/IMF.STA,BOP/IND.CD_T+DB_T.SI+SI2+SJ+S.USD.Q?startPeriod=2004"
IND,DB_T,SI,USD,Q,2013-Q4,932473771.9926364,6,2026-09-25T20:58:59.844521500Z,"https://api.imf.org/external/sdmx/2.1/data/IMF.STA,BOP/IND.CD_T+DB_T.SI+SI2+SJ+S.USD.Q?startPeriod=2004"
IND,DB_T,SI,USD,Q,2014-Q1,1137667250.766143,6,2026-09-25T20:58:59.844521500Z,"https://api.imf.org/external/sdmx/2.1/data/IMF.STA,BOP/IND.CD_T+DB_T.SI+SI2+SJ+S.USD.Q?startPeriod=2004"
IND,DB_T,SI,USD,Q,2014-Q2,880310217.6738822,6,2026-09-25T20:58:59.844521500Z,"https://api.imf.org/external/sdmx/2.1/data/IMF.STA,BOP/IND.CD_T+DB_T.SI+SI2+SJ+S.USD.Q?startPeriod=2004"
IND,DB_T,SI,USD,Q,2014-Q3,1145124353.864592,6,2026-09-25T20:58:59.844521500Z,"https://api.imf.org/external/sdmx/2.1/data/IMF.STA,BOP/IND.CD_T+DB_T.SI+SI2+SJ+S.USD.Q?startPeriod=2004"
IND,DB_T,SI,USD,Q,2014-Q4,1154802207.577376,6,2026-09-25T20:58:59.844521500Z,"https://api.imf.org/external/sdmx/2.1/data/IMF.STA,BOP/IND.CD_T+DB_T.SI+SI2+SJ+S.USD.Q?startPeriod=2004"
IND,DB_T,SI,USD,Q,2015-Q1,913643699.2266934,6,2026-09-25T20:58:59.844521500Z,"https://api.imf.org/external/sdmx/2.1/data/IMF.STA,BOP/IND.CD_T+DB_T.SI+SI2+SJ+S.USD.Q?startPeriod=2004"
IND,DB_T,SI,USD,Q,2015-Q2,933240536.9384556,6,2026-09-25T20:58:59.844521500Z,"https://api.imf.org/external/sdmx/2.1/data/IMF.STA,BOP/IND.CD_T+DB_T.SI+SI2+SJ+S.USD.Q?startPeriod=2004"
IND,DB_T,SI,USD,Q,2015-Q3,1001931501.355441,6,2026-09-25T20:58:59.844521500Z,"https://api.imf.org/external/sdmx/2.1/data/IMF.STA,BOP/IND.CD_T+DB_T.SI+SI2+SJ+S.USD.Q?startPeriod=2004"
IND,DB_T,SI,USD,Q,2015-Q4,948812961.3180492,6,2026-09-25T20:58:59.844521500Z,"https://api.imf.org/external/sdmx/2.1/data/IMF.STA,BOP/IND.CD_T+DB_T.SI+SI2+SJ+S.USD.Q?startPeriod=2004"
IND,DB_T,SI,USD,Q,2016-Q1,1191572982.484062,6,2026-09-25T20:58:59.844521500Z,"https://api.imf.org/external/sdmx/2.1/data/IMF.STA,BOP/IND.CD_T+DB_T.SI+SI2+SJ+S.USD.Q?startPeriod=2004"
IND,DB_T,SI,USD,Q,2016-Q2,988509710.0722392,6,2026-09-25T20:58:59.844521500Z,"https://api.imf.org/external/sdmx/2.1/data/IMF.STA,BOP/IND.CD_T+DB_T.SI+SI2+SJ+S.USD.Q?startPeriod=2004"
IND,DB_T,SI,USD,Q,2016-Q3,1325304788.535425,6,2026-09-25T20:58:59.844521500Z,"https://api.imf.org/external/sdmx/2.1/data/IMF.STA,BOP/IND.CD_T+DB_T.SI+SI2+SJ+S.USD.Q?startPeriod=2004"
IND,DB_T,SI,USD,Q,2016-Q4,1247028972.081954,6,2026-09-25T20:58:59.844521500Z,"https://api.imf.org/external/sdmx/2.1/data/IMF.STA,BOP/IND.CD_T+DB_T.SI+SI2+SJ+S.USD.Q?startPeriod=2004"
IND,DB_T,SI,USD,Q,2017-Q1,1277778265.930241,6,2026-09-25T20:58:59.844521500Z,"https://api.imf.org/external/sdmx/2.1/data/IMF.STA,BOP/IND.CD_T+DB_T.SI+SI2+SJ+S.USD.Q?startPeriod=2004"
IND,DB_T,SI,USD,Q,2017-Q2,1475587213.297997,6,2026-09-25T20:58:59.844521500Z,"https://api.imf.org/external/sdmx/2.1/data/IMF.STA,BOP/IND.CD_T+DB_T.SI+SI2+SJ+S.USD.Q?startPeriod=2004"
IND,DB_T,SI,USD,Q,2017-Q3,1652683911.803261,6,2026-09-25T20:58:59.844521500Z,"https://api.imf.org/external/sdmx/2.1/data/IMF.STA,BOP/IND.CD_T+DB_T.SI+SI2+SJ+S.USD.Q?startPeriod=2004"
IND,DB_T,SI,USD,Q,2017-Q4,1662185628.466323,6,2026-09-25T20:58:59.844521500Z,"https://api.imf.org/external/sdmx/2.1/data/IMF.STA,BOP/IND.CD_T+DB_T.SI+SI2+SJ+S.USD.Q?startPeriod=2004"
IND,DB_T,SI,USD,Q,2018-Q1,1708212977.068734,6,2026-09-25T20:58:59.844521500Z,"https://api.imf.org/external/sdmx/2.1/data/IMF.STA,BOP/IND.CD_T+DB_T.SI+SI2+SJ+S.USD.Q?startPeriod=2004"
IND,DB_T,SI,USD,Q,2018-Q2,1882274187.425878,6,2026-09-25T20:58:59.844521500Z,"https://api.imf.org/external/sdmx/2.1/data/IMF.STA,BOP/IND.CD_T+DB_T.SI+SI2+SJ+S.USD.Q?startPeriod=2004"
IND,DB_T,SI,USD,Q,2018-Q3,1868600728.730368,6,2026-09-25T20:58:59.844521500Z,"https://api.imf.org/external/sdmx/2.1/data/IMF.STA,BOP/IND.CD_T+DB_T.SI+SI2+SJ+S.USD.Q?startPeriod=2004"
IND,DB_T,SI,USD,Q,2018-Q4,1629004670.261779,6,2026-09-25T20:58:59.844521500Z,"https://api.imf.org/external/sdmx/2.1/data/IMF.STA,BOP/IND.CD_T+DB_T.SI+SI2+SJ+S.USD.Q?startPeriod=2004"
IND,DB_T,SI,USD,Q,2019-Q1,2029404852.746757,6,2026-09-25T20:58:59.844521500Z,"https://api.imf.org/external/sdmx/2.1/data/IMF.STA,BOP/IND.CD_T+DB_T.SI+SI2+SJ+S.USD.Q?startPeriod=2004"
IND,DB_T,SI,USD,Q,2019-Q2,2207071952.191428,6,2026-09-25T20:58:59.844521500Z,"https://api.imf.org/external/sdmx/2.1/data/IMF.STA,BOP/IND.CD_T+DB_T.SI+SI2+SJ+S.USD.Q?startPeriod=2004"
IND,DB_T,SI,USD,Q,2019-Q3,2654207447.265482,6,2026-09-25T20:58:59.844521500Z,"https://api.imf.org/external/sdmx/2.1/data/IMF.STA,BOP/IND.CD_T+DB_T.SI+SI2+SJ+S.USD.Q?startPeriod=2004"
IND,DB_T,SI,USD,Q,2019-Q4,2712147854.013141,6,2026-09-25T20:58:59.844521500Z,"https://api.imf.org/external/sdmx/2.1/data/IMF.STA,BOP/IND.CD_T+DB_T.SI+SI2+SJ+S.USD.Q?startPeriod=2004"
IND,DB_T,SI,USD,Q,2020-Q1,2638192181.515951,6,2026-09-25T20:58:59.844521500Z,"https://api.imf.org/external/sdmx/2.1/data/IMF.STA,BOP/IND.CD_T+DB_T.SI+SI2+SJ+S.USD.Q?startPeriod=2004"
IND,DB_T,SI,USD,Q,2020-Q2,2268822679.725398,6,2026-09-25T20:58:59.844521500Z,"https://api.imf.org/external/sdmx/2.1/data/IMF.STA,BOP/IND.CD_T+DB_T.SI+SI2+SJ+S.USD.Q?startPeriod=2004"
IND,DB_T,SI,USD,Q,2020-Q3,3290080813.709913,6,2026-09-25T20:58:59.844521500Z,"https://api.imf.org/external/sdmx/2.1/data/IMF.STA,BOP/IND.CD_T+DB_T.SI+SI2+SJ+S.USD.Q?startPeriod=2004"
IND,DB_T,SI,USD,Q,2020-Q4,2810154726.3824,6,2026-09-25T20:58:59.844521500Z,"https://api.imf.org/external/sdmx/2.1/data/IMF.STA,BOP/IND.CD_T+DB_T.SI+SI2+SJ+S.USD.Q?startPeriod=2004"
IND,DB_T,SI,USD,Q,2021-Q1,3909418227.238565,6,2026-09-25T20:58:59.844521500Z,"https://api.imf.org/external/sdmx/2.1/data/IMF.STA,BOP/IND.CD_T+DB_T.SI+SI2+SJ+S.USD.Q?startPeriod=2004"
IND,DB_T,SI,USD,Q,2021-Q2,3016558762.284328,6,2026-09-25T20:58:59.844521500Z,"https://api.imf.org/external/sdmx/2.1/data/IMF.STA,BOP/IND.CD_T+DB_T.SI+SI2+SJ+S.USD.Q?startPeriod=2004"
IND,DB_T,SI,USD,Q,2021-Q3,3651054124.532231,6,2026-09-25T20:58:59.844521500Z,"https://api.imf.org/external/sdmx/2.1/data/IMF.STA,BOP/IND.CD_T+DB_T.SI+SI2+SJ+S.USD.Q?startPeriod=2004"
IND,DB_T,SI,USD,Q,2021-Q4,3812509737.851774,6,2026-09-25T20:58:59.844521500Z,"https://api.imf.org/external/sdmx/2.1/data/IMF.STA,BOP/IND.CD_T+DB_T.SI+SI2+SJ+S.USD.Q?startPeriod=2004"
IND,DB_T,SI,USD,Q,2022-Q1,4009281891.497214,6,2026-09-25T20:58:59.844521500Z,"https://api.imf.org/external/sdmx/2.1/data/IMF.STA,BOP/IND.CD_T+DB_T.SI+SI2+SJ+S.USD.Q?startPeriod=2004"
IND,DB_T,SI,USD,Q,2022-Q2,4436436161.31594,6,2026-09-25T20:58:59.844521500Z,"https://api.imf.org/external/sdmx/2.1/data/IMF.STA,BOP/IND.CD_T+DB_T.SI+SI2+SJ+S.USD.Q?startPeriod=2004"
IND,DB_T,SI,USD,Q,2022-Q3,4139972675.642171,6,2026-09-25T20:58:59.844521500Z,"https://api.imf.org/external/sdmx/2.1/data/IMF.STA,BOP/IND.CD_T+DB_T.SI+SI2+SJ+S.USD.Q?startPeriod=2004"
IND,DB_T,SI,USD,Q,2022-Q4,4590288880.701295,6,2026-09-25T20:58:59.844521500Z,"https://api.imf.org/external/sdmx/2.1/data/IMF.STA,BOP/IND.CD_T+DB_T.SI+SI2+SJ+S.USD.Q?startPeriod=2004"
IND,DB_T,SI,USD,Q,2023-Q1,6606485853.40819,6,2026-09-25T20:58:59.844521500Z,"https://api.imf.org/external/sdmx/2.1/data/IMF.STA,BOP/IND.CD_T+DB_T.SI+SI2+SJ+S.USD.Q?startPeriod=2004"
IND,DB_T,SI,USD,Q,2023-Q2,4859136723.057776,6,2026-09-25T20:58:59.844521500Z,"https://api.imf.org/external/sdmx/2.1/data/IMF.STA,BOP/IND.CD_T+DB_T.SI+SI2+SJ+S.USD.Q?startPeriod=2004"
IND,DB_T,SI,USD,Q,2023-Q3,4967763222.985331,6,2026-09-25T20:58:59.844521500Z,"https://api.imf.org/external/sdmx/2.1/data/IMF.STA,BOP/IND.CD_T+DB_T.SI+SI2+SJ+S.USD.Q?startPeriod=2004"
IND,DB_T,SI,USD,Q,2023-Q4,5399706544.647268,6,2026-09-25T20:58:59.844521500Z,"https://api.imf.org/external/sdmx/2.1/data/IMF.STA,BOP/IND.CD_T+DB_T.SI+SI2+SJ+S.USD.Q?startPeriod=2004"
IND,DB_T,SI,USD,Q,2024-Q1,5707089408.635755,6,2026-09-25T20:58:59.844521500Z,"https://api.imf.org/external/sdmx/2.1/data/IMF.STA,BOP/IND.CD_T+DB_T.SI+SI2+SJ+S.USD.Q?startPeriod=2004"
IND,DB_T,SI,USD,Q,2024-Q2,5215153639.048058,6,2026-09-25T20:58:59.844521500Z,"https://api.imf.org/external/sdmx/2.1/data/IMF.STA,BOP/IND.CD_T+DB_T.SI+SI2+SJ+S.USD.Q?startPeriod=2004"
IND,DB_T,SI,USD,Q,2024-Q3,5332907827.695827,6,2026-09-25T20:58:59.844521500Z,"https://api.imf.org/external/sdmx/2.1/data/IMF.STA,BOP/IND.CD_T+DB_T.SI+SI2+SJ+S.USD.Q?startPeriod=2004"
IND,DB_T,SI,USD,Q,2024-Q4,7416054905.061475,6,2026-09-25T20:58:59.844521500Z,"https://api.imf.org/external/sdmx/2.1/data/IMF.STA,BOP/IND.CD_T+DB_T.SI+SI2+SJ+S.USD.Q?startPeriod=2004"
IND,DB_T,SI,USD,Q,2025-Q1,6308543554.255587,6,2026-09-25T20:58:59.844521500Z,"https://api.imf.org/external/sdmx/2.1/data/IMF.STA,BOP/IND.CD_T+DB_T.SI+SI2+SJ+S.USD.Q?startPeriod=2004"
IND,DB_T,SI,USD,Q,2025-Q2,6470149139.187737,6,2026-09-25T20:58:59.844521500Z,"https://api.imf.org/external/sdmx/2.1/data/IMF.STA,BOP/IND.CD_T+DB_T.SI+SI2+SJ+S.USD.Q?startPeriod=2004"
IND,DB_T,SI,USD,Q,2025-Q3,6397776959.73759,6,2026-09-25T20:58:59.844521500Z,"https://api.imf.org/external/sdmx/2.1/data/IMF.STA,BOP/IND.CD_T+DB_T.SI+SI2+SJ+S.USD.Q?startPeriod=2004"
IND,DB_T,SI,USD,Q,2025-Q4,7275122464.988349,6,2026-09-25T20:58:59.844521500Z,"https://api.imf.org/external/sdmx/2.1/data/IMF.STA,BOP/IND.CD_T+DB_T.SI+SI2+SJ+S.USD.Q?startPeriod=2004"
IND,DB_T,SI,USD,Q,2026-Q1,7113134177.54763,6,2026-09-25T20:58:59.844521500Z,"https://api.imf.org/external/sdmx/2.1/data/IMF.STA,BOP/IND.CD_T+DB_T.SI+SI2+SJ+S.USD.Q?startPeriod=2004"
IND,DB_T,SI,USD,Q,2026-Q2,6549453075.779218,6,2026-09-25T20:58:59.844521500Z,"https://api.imf.org/external/sdmx/2.1/data/IMF.STA,BOP/IND.CD_T+DB_T.SI+SI2+SJ+S.USD.Q?startPeriod=2004"
IND,DB_T,SI2,USD,Q,2004-Q1,175919377.6520509,6,2026-09-25T20:58:59.844521500Z,"https://api.imf.org/external/sdmx/2.1/data/IMF.STA,BOP/IND.CD_T+DB_T.SI+SI2+SJ+S.USD.Q?startPeriod=2004"
IND,DB_T,SI2,USD,Q,2004-Q2,124954803.1869043,6,2026-09-25T20:58:59.844521500Z,"https://api.imf.org/external/sdmx/2.1/data/IMF.STA,BOP/IND.CD_T+DB_T.SI+SI2+SJ+S.USD.Q?startPeriod=2004"
IND,DB_T,SI2,USD,Q,2004-Q3,125002166.4153625,6,2026-09-25T20:58:59.844521500Z,"https://api.imf.org/external/sdmx/2.1/data/IMF.STA,BOP/IND.CD_T+DB_T.SI+SI2+SJ+S.USD.Q?startPeriod=2004"
IND,DB_T,SI2,USD,Q,2004-Q4,296024903.7529849,6,2026-09-25T20:58:59.844521500Z,"https://api.imf.org/external/sdmx/2.1/data/IMF.STA,BOP/IND.CD_T+DB_T.SI+SI2+SJ+S.USD.Q?startPeriod=2004"
IND,DB_T,SI2,USD,Q,2005-Q1,253956536.0633534,6,2026-09-25T20:58:59.844521500Z,"https://api.imf.org/external/sdmx/2.1/data/IMF.STA,BOP/IND.CD_T+DB_T.SI+SI2+SJ+S.USD.Q?startPeriod=2004"
IND,DB_T,SI2,USD,Q,2005-Q2,200896389.2925588,6,2026-09-25T20:58:59.844521500Z,"https://api.imf.org/external/sdmx/2.1/data/IMF.STA,BOP/IND.CD_T+DB_T.SI+SI2+SJ+S.USD.Q?startPeriod=2004"
IND,DB_T,SI2,USD,Q,2005-Q3,232079807.3783374,6,2026-09-25T20:58:59.844521500Z,"https://api.imf.org/external/sdmx/2.1/data/IMF.STA,BOP/IND.CD_T+DB_T.SI+SI2+SJ+S.USD.Q?startPeriod=2004"
IND,DB_T,SI2,USD,Q,2005-Q4,361932539.1230791,6,2026-09-25T20:58:59.844521500Z,"https://api.imf.org/external/sdmx/2.1/data/IMF.STA,BOP/IND.CD_T+DB_T.SI+SI2+SJ+S.USD.Q?startPeriod=2004"
IND,DB_T,SI2,USD,Q,2006-Q1,295029761.9717897,6,2026-09-25T20:58:59.844521500Z,"https://api.imf.org/external/sdmx/2.1/data/IMF.STA,BOP/IND.CD_T+DB_T.SI+SI2+SJ+S.USD.Q?startPeriod=2004"
IND,DB_T,SI2,USD,Q,2006-Q2,414991294.786035,6,2026-09-25T20:58:59.844521500Z,"https://api.imf.org/external/sdmx/2.1/data/IMF.STA,BOP/IND.CD_T+DB_T.SI+SI2+SJ+S.USD.Q?startPeriod=2004"
IND,DB_T,SI2,USD,Q,2006-Q3,404999450.0806189,6,2026-09-25T20:58:59.844521500Z,"https://api.imf.org/external/sdmx/2.1/data/IMF.STA,BOP/IND.CD_T+DB_T.SI+SI2+SJ+S.USD.Q?startPeriod=2004"
IND,DB_T,SI2,USD,Q,2006-Q4,684013889.2388039,6,2026-09-25T20:58:59.844521500Z,"https://api.imf.org/external/sdmx/2.1/data/IMF.STA,BOP/IND.CD_T+DB_T.SI+SI2+SJ+S.USD.Q?startPeriod=2004"
IND,DB_T,SI2,USD,Q,2007-Q1,762922135.1556934,6,2026-09-25T20:58:59.844521500Z,"https://api.imf.org/external/sdmx/2.1/data/IMF.STA,BOP/IND.CD_T+DB_T.SI+SI2+SJ+S.USD.Q?startPeriod=2004"
IND,DB_T,SI2,USD,Q,2007-Q2,679044681.140019,6,2026-09-25T20:58:59.844521500Z,"https://api.imf.org/external/sdmx/2.1/data/IMF.STA,BOP/IND.CD_T+DB_T.SI+SI2+SJ+S.USD.Q?startPeriod=2004"
IND,DB_T,SI2,USD,Q,2007-Q3,801479908.3035918,6,2026-09-25T20:58:59.844521500Z,"https://api.imf.org/external/sdmx/2.1/data/IMF.STA,BOP/IND.CD_T+DB_T.SI+SI2+SJ+S.USD.Q?startPeriod=2004"
IND,DB_T,SI2,USD,Q,2007-Q4,851949491.2038708,6,2026-09-25T20:58:59.844521500Z,"https://api.imf.org/external/sdmx/2.1/data/IMF.STA,BOP/IND.CD_T+DB_T.SI+SI2+SJ+S.USD.Q?startPeriod=2004"
IND,DB_T,SI2,USD,Q,2008-Q1,1025594664.095146,6,2026-09-25T20:58:59.844521500Z,"https://api.imf.org/external/sdmx/2.1/data/IMF.STA,BOP/IND.CD_T+DB_T.SI+SI2+SJ+S.USD.Q?startPeriod=2004"
IND,DB_T,SI2,USD,Q,2008-Q2,844058780.0357852,6,2026-09-25T20:58:59.844521500Z,"https://api.imf.org/external/sdmx/2.1/data/IMF.STA,BOP/IND.CD_T+DB_T.SI+SI2+SJ+S.USD.Q?startPeriod=2004"
IND,DB_T,SI2,USD,Q,2008-Q3,934909611.6991996,6,2026-09-25T20:58:59.844521500Z,"https://api.imf.org/external/sdmx/2.1/data/IMF.STA,BOP/IND.CD_T+DB_T.SI+SI2+SJ+S.USD.Q?startPeriod=2004"
IND,DB_T,SI2,USD,Q,2008-Q4,579930864.9131573,6,2026-09-25T20:58:59.844521500Z,"https://api.imf.org/external/sdmx/2.1/data/IMF.STA,BOP/IND.CD_T+DB_T.SI+SI2+SJ+S.USD.Q?startPeriod=2004"
IND,DB_T,SI2,USD,Q,2009-Q1,455051981.0666231,6,2026-09-25T20:58:59.844521500Z,"https://api.imf.org/external/sdmx/2.1/data/IMF.STA,BOP/IND.CD_T+DB_T.SI+SI2+SJ+S.USD.Q?startPeriod=2004"
IND,DB_T,SI2,USD,Q,2009-Q2,391000000.0,6,2026-09-25T20:58:59.844521500Z,"https://api.imf.org/external/sdmx/2.1/data/IMF.STA,BOP/IND.CD_T+DB_T.SI+SI2+SJ+S.USD.Q?startPeriod=2004"
IND,DB_T,SI2,USD,Q,2009-Q3,438000000.0000007,6,2026-09-25T20:58:59.844521500Z,"https://api.imf.org/external/sdmx/2.1/data/IMF.STA,BOP/IND.CD_T+DB_T.SI+SI2+SJ+S.USD.Q?startPeriod=2004"
IND,DB_T,SI2,USD,Q,2009-Q4,332999999.9999988,6,2026-09-25T20:58:59.844521500Z,"https://api.imf.org/external/sdmx/2.1/data/IMF.STA,BOP/IND.CD_T+DB_T.SI+SI2+SJ+S.USD.Q?startPeriod=2004"
IND,DB_T,SI2,USD,Q,2010-Q1,307000000.0000007,6,2026-09-25T20:58:59.844521500Z,"https://api.imf.org/external/sdmx/2.1/data/IMF.STA,BOP/IND.CD_T+DB_T.SI+SI2+SJ+S.USD.Q?startPeriod=2004"
IND,DB_T,SI2,USD,Q,2010-Q2,574745192.6701165,6,2026-09-25T20:58:59.844521500Z,"https://api.imf.org/external/sdmx/2.1/data/IMF.STA,BOP/IND.CD_T+DB_T.SI+SI2+SJ+S.USD.Q?startPeriod=2004"
IND,DB_T,SI2,USD,Q,2010-Q3,585516584.454406,6,2026-09-25T20:58:59.844521500Z,"https://api.imf.org/external/sdmx/2.1/data/IMF.STA,BOP/IND.CD_T+DB_T.SI+SI2+SJ+S.USD.Q?startPeriod=2004"
IND,DB_T,SI2,USD,Q,2010-Q4,708635919.2300586,6,2026-09-25T20:58:59.844521500Z,"https://api.imf.org/external/sdmx/2.1/data/IMF.STA,BOP/IND.CD_T+DB_T.SI+SI2+SJ+S.USD.Q?startPeriod=2004"
IND,DB_T,SI2,USD,Q,2011-Q1,325611703.0675714,6,2026-09-25T20:58:59.844521500Z,"https://api.imf.org/external/sdmx/2.1/data/IMF.STA,BOP/IND.CD_T+DB_T.SI+SI2+SJ+S.USD.Q?startPeriod=2004"
IND,DB_T,SI2,USD,Q,2011-Q2,302330381.8710305,6,2026-09-25T20:58:59.844521500Z,"https://api.imf.org/external/sdmx/2.1/data/IMF.STA,BOP/IND.CD_T+DB_T.SI+SI2+SJ+S.USD.Q?startPeriod=2004"
IND,DB_T,SI2,USD,Q,2011-Q3,307205399.8383768,6,2026-09-25T20:58:59.844521500Z,"https://api.imf.org/external/sdmx/2.1/data/IMF.STA,BOP/IND.CD_T+DB_T.SI+SI2+SJ+S.USD.Q?startPeriod=2004"
IND,DB_T,SI2,USD,Q,2011-Q4,317153080.2880262,6,2026-09-25T20:58:59.844521500Z,"https://api.imf.org/external/sdmx/2.1/data/IMF.STA,BOP/IND.CD_T+DB_T.SI+SI2+SJ+S.USD.Q?startPeriod=2004"
IND,DB_T,SI2,USD,Q,2012-Q1,329187355.3847438,6,2026-09-25T20:58:59.844521500Z,"https://api.imf.org/external/sdmx/2.1/data/IMF.STA,BOP/IND.CD_T+DB_T.SI+SI2+SJ+S.USD.Q?startPeriod=2004"
IND,DB_T,SI2,USD,Q,2012-Q2,632376046.4298033,6,2026-09-25T20:58:59.844521500Z,"https://api.imf.org/external/sdmx/2.1/data/IMF.STA,BOP/IND.CD_T+DB_T.SI+SI2+SJ+S.USD.Q?startPeriod=2004"
IND,DB_T,SI2,USD,Q,2012-Q3,579561715.9763154,6,2026-09-25T20:58:59.844521500Z,"https://api.imf.org/external/sdmx/2.1/data/IMF.STA,BOP/IND.CD_T+DB_T.SI+SI2+SJ+S.USD.Q?startPeriod=2004"
IND,DB_T,SI2,USD,Q,2012-Q4,565387811.579953,6,2026-09-25T20:58:59.844521500Z,"https://api.imf.org/external/sdmx/2.1/data/IMF.STA,BOP/IND.CD_T+DB_T.SI+SI2+SJ+S.USD.Q?startPeriod=2004"
IND,DB_T,SI2,USD,Q,2013-Q1,585818622.3153806,6,2026-09-25T20:58:59.844521500Z,"https://api.imf.org/external/sdmx/2.1/data/IMF.STA,BOP/IND.CD_T+DB_T.SI+SI2+SJ+S.USD.Q?startPeriod=2004"
IND,DB_T,SI2,USD,Q,2013-Q2,349602033.3733054,6,2026-09-25T20:58:59.844521500Z,"https://api.imf.org/external/sdmx/2.1/data/IMF.STA,BOP/IND.CD_T+DB_T.SI+SI2+SJ+S.USD.Q?startPeriod=2004"
IND,DB_T,SI2,USD,Q,2013-Q3,690961091.1898271,6,2026-09-25T20:58:59.844521500Z,"https://api.imf.org/external/sdmx/2.1/data/IMF.STA,BOP/IND.CD_T+DB_T.SI+SI2+SJ+S.USD.Q?startPeriod=2004"
IND,DB_T,SI2,USD,Q,2013-Q4,653973658.4874533,6,2026-09-25T20:58:59.844521500Z,"https://api.imf.org/external/sdmx/2.1/data/IMF.STA,BOP/IND.CD_T+DB_T.SI+SI2+SJ+S.USD.Q?startPeriod=2004"
IND,DB_T,SI2,USD,Q,2014-Q1,786778079.5493785,6,2026-09-25T20:58:59.844521500Z,"https://api.imf.org/external/sdmx/2.1/data/IMF.STA,BOP/IND.CD_T+DB_T.SI+SI2+SJ+S.USD.Q?startPeriod=2004"
IND,DB_T,SI2,USD,Q,2014-Q2,519092988.8922061,6,2026-09-25T20:58:59.844521500Z,"https://api.imf.org/external/sdmx/2.1/data/IMF.STA,BOP/IND.CD_T+DB_T.SI+SI2+SJ+S.USD.Q?startPeriod=2004"
IND,DB_T,SI2,USD,Q,2014-Q3,727800806.7817007,6,2026-09-25T20:58:59.844521500Z,"https://api.imf.org/external/sdmx/2.1/data/IMF.STA,BOP/IND.CD_T+DB_T.SI+SI2+SJ+S.USD.Q?startPeriod=2004"
IND,DB_T,SI2,USD,Q,2014-Q4,848312147.908104,6,2026-09-25T20:58:59.844521500Z,"https://api.imf.org/external/sdmx/2.1/data/IMF.STA,BOP/IND.CD_T+DB_T.SI+SI2+SJ+S.USD.Q?startPeriod=2004"
IND,DB_T,SI2,USD,Q,2015-Q1,612603263.0298941,6,2026-09-25T20:58:59.844521500Z,"https://api.imf.org/external/sdmx/2.1/data/IMF.STA,BOP/IND.CD_T+DB_T.SI+SI2+SJ+S.USD.Q?startPeriod=2004"
IND,DB_T,SI2,USD,Q,2015-Q2,676395899.6187171,6,2026-09-25T20:58:59.844521500Z,"https://api.imf.org/external/sdmx/2.1/data/IMF.STA,BOP/IND.CD_T+DB_T.SI+SI2+SJ+S.USD.Q?startPeriod=2004"
IND,DB_T,SI2,USD,Q,2015-Q3,647746125.6277024,6,2026-09-25T20:58:59.844521500Z,"https://api.imf.org/external/sdmx/2.1/data/IMF.STA,BOP/IND.CD_T+DB_T.SI+SI2+SJ+S.USD.Q?startPeriod=2004"
IND,DB_T,SI2,USD,Q,2015-Q4,638766290.0079052,6,2026-09-25T20:58:59.844521500Z,"https://api.imf.org/external/sdmx/2.1/data/IMF.STA,BOP/IND.CD_T+DB_T.SI+SI2+SJ+S.USD.Q?startPeriod=2004"
IND,DB_T,SI2,USD,Q,2016-Q1,736261305.4806745,6,2026-09-25T20:58:59.844521500Z,"https://api.imf.org/external/sdmx/2.1/data/IMF.STA,BOP/IND.CD_T+DB_T.SI+SI2+SJ+S.USD.Q?startPeriod=2004"
IND,DB_T,SI2,USD,Q,2016-Q2,673675668.3770643,6,2026-09-25T20:58:59.844521500Z,"https://api.imf.org/external/sdmx/2.1/data/IMF.STA,BOP/IND.CD_T+DB_T.SI+SI2+SJ+S.USD.Q?startPeriod=2004"
IND,DB_T,SI2,USD,Q,2016-Q3,993699712.195318,6,2026-09-25T20:58:59.844521500Z,"https://api.imf.org/external/sdmx/2.1/data/IMF.STA,BOP/IND.CD_T+DB_T.SI+SI2+SJ+S.USD.Q?startPeriod=2004"
IND,DB_T,SI2,USD,Q,2016-Q4,945444225.9257067,6,2026-09-25T20:58:59.844521500Z,"https://api.imf.org/external/sdmx/2.1/data/IMF.STA,BOP/IND.CD_T+DB_T.SI+SI2+SJ+S.USD.Q?startPeriod=2004"
IND,DB_T,SI2,USD,Q,2017-Q1,974088478.6382352,6,2026-09-25T20:58:59.844521500Z,"https://api.imf.org/external/sdmx/2.1/data/IMF.STA,BOP/IND.CD_T+DB_T.SI+SI2+SJ+S.USD.Q?startPeriod=2004"
IND,DB_T,SI2,USD,Q,2017-Q2,1135564406.444088,6,2026-09-25T20:58:59.844521500Z,"https://api.imf.org/external/sdmx/2.1/data/IMF.STA,BOP/IND.CD_T+DB_T.SI+SI2+SJ+S.USD.Q?startPeriod=2004"
IND,DB_T,SI2,USD,Q,2017-Q3,1325305990.763001,6,2026-09-25T20:58:59.844521500Z,"https://api.imf.org/external/sdmx/2.1/data/IMF.STA,BOP/IND.CD_T+DB_T.SI+SI2+SJ+S.USD.Q?startPeriod=2004"
IND,DB_T,SI2,USD,Q,2017-Q4,1333472587.078825,6,2026-09-25T20:58:59.844521500Z,"https://api.imf.org/external/sdmx/2.1/data/IMF.STA,BOP/IND.CD_T+DB_T.SI+SI2+SJ+S.USD.Q?startPeriod=2004"
IND,DB_T,SI2,USD,Q,2018-Q1,1344913901.213645,6,2026-09-25T20:58:59.844521500Z,"https://api.imf.org/external/sdmx/2.1/data/IMF.STA,BOP/IND.CD_T+DB_T.SI+SI2+SJ+S.USD.Q?startPeriod=2004"
IND,DB_T,SI2,USD,Q,2018-Q2,1515620788.322246,6,2026-09-25T20:58:59.844521500Z,"https://api.imf.org/external/sdmx/2.1/data/IMF.STA,BOP/IND.CD_T+DB_T.SI+SI2+SJ+S.USD.Q?startPeriod=2004"
IND,DB_T,SI2,USD,Q,2018-Q3,1471503589.233709,6,2026-09-25T20:58:59.844521500Z,"https://api.imf.org/external/sdmx/2.1/data/IMF.STA,BOP/IND.CD_T+DB_T.SI+SI2+SJ+S.USD.Q?startPeriod=2004"
IND,DB_T,SI2,USD,Q,2018-Q4,1253827423.920442,6,2026-09-25T20:58:59.844521500Z,"https://api.imf.org/external/sdmx/2.1/data/IMF.STA,BOP/IND.CD_T+DB_T.SI+SI2+SJ+S.USD.Q?startPeriod=2004"
IND,DB_T,SI2,USD,Q,2019-Q1,1571120926.554858,6,2026-09-25T20:58:59.844521500Z,"https://api.imf.org/external/sdmx/2.1/data/IMF.STA,BOP/IND.CD_T+DB_T.SI+SI2+SJ+S.USD.Q?startPeriod=2004"
IND,DB_T,SI2,USD,Q,2019-Q2,1812272494.183027,6,2026-09-25T20:58:59.844521500Z,"https://api.imf.org/external/sdmx/2.1/data/IMF.STA,BOP/IND.CD_T+DB_T.SI+SI2+SJ+S.USD.Q?startPeriod=2004"
IND,DB_T,SI2,USD,Q,2019-Q3,2182294447.152188,6,2026-09-25T20:58:59.844521500Z,"https://api.imf.org/external/sdmx/2.1/data/IMF.STA,BOP/IND.CD_T+DB_T.SI+SI2+SJ+S.USD.Q?startPeriod=2004"
IND,DB_T,SI2,USD,Q,2019-Q4,2305206518.428245,6,2026-09-25T20:58:59.844521500Z,"https://api.imf.org/external/sdmx/2.1/data/IMF.STA,BOP/IND.CD_T+DB_T.SI+SI2+SJ+S.USD.Q?startPeriod=2004"
IND,DB_T,SI2,USD,Q,2020-Q1,2159493092.915363,6,2026-09-25T20:58:59.844521500Z,"https://api.imf.org/external/sdmx/2.1/data/IMF.STA,BOP/IND.CD_T+DB_T.SI+SI2+SJ+S.USD.Q?startPeriod=2004"
IND,DB_T,SI2,USD,Q,2020-Q2,1848658842.553295,6,2026-09-25T20:58:59.844521500Z,"https://api.imf.org/external/sdmx/2.1/data/IMF.STA,BOP/IND.CD_T+DB_T.SI+SI2+SJ+S.USD.Q?startPeriod=2004"
IND,DB_T,SI2,USD,Q,2020-Q3,2769141879.48513,6,2026-09-25T20:58:59.844521500Z,"https://api.imf.org/external/sdmx/2.1/data/IMF.STA,BOP/IND.CD_T+DB_T.SI+SI2+SJ+S.USD.Q?startPeriod=2004"
IND,DB_T,SI2,USD,Q,2020-Q4,2311821210.630225,6,2026-09-25T20:58:59.844521500Z,"https://api.imf.org/external/sdmx/2.1/data/IMF.STA,BOP/IND.CD_T+DB_T.SI+SI2+SJ+S.USD.Q?startPeriod=2004"
IND,DB_T,SI2,USD,Q,2021-Q1,3327145799.233165,6,2026-09-25T20:58:59.844521500Z,"https://api.imf.org/external/sdmx/2.1/data/IMF.STA,BOP/IND.CD_T+DB_T.SI+SI2+SJ+S.USD.Q?startPeriod=2004"
IND,DB_T,SI2,USD,Q,2021-Q2,2466188812.430591,6,2026-09-25T20:58:59.844521500Z,"https://api.imf.org/external/sdmx/2.1/data/IMF.STA,BOP/IND.CD_T+DB_T.SI+SI2+SJ+S.USD.Q?startPeriod=2004"
IND,DB_T,SI2,USD,Q,2021-Q3,3183824297.305516,6,2026-09-25T20:58:59.844521500Z,"https://api.imf.org/external/sdmx/2.1/data/IMF.STA,BOP/IND.CD_T+DB_T.SI+SI2+SJ+S.USD.Q?startPeriod=2004"
IND,DB_T,SI2,USD,Q,2021-Q4,3383545545.591025,6,2026-09-25T20:58:59.844521500Z,"https://api.imf.org/external/sdmx/2.1/data/IMF.STA,BOP/IND.CD_T+DB_T.SI+SI2+SJ+S.USD.Q?startPeriod=2004"
IND,DB_T,SI2,USD,Q,2022-Q1,3520055848.720168,6,2026-09-25T20:58:59.844521500Z,"https://api.imf.org/external/sdmx/2.1/data/IMF.STA,BOP/IND.CD_T+DB_T.SI+SI2+SJ+S.USD.Q?startPeriod=2004"
IND,DB_T,SI2,USD,Q,2022-Q2,3784212002.406781,6,2026-09-25T20:58:59.844521500Z,"https://api.imf.org/external/sdmx/2.1/data/IMF.STA,BOP/IND.CD_T+DB_T.SI+SI2+SJ+S.USD.Q?startPeriod=2004"
IND,DB_T,SI2,USD,Q,2022-Q3,3546287233.943311,6,2026-09-25T20:58:59.844521500Z,"https://api.imf.org/external/sdmx/2.1/data/IMF.STA,BOP/IND.CD_T+DB_T.SI+SI2+SJ+S.USD.Q?startPeriod=2004"
IND,DB_T,SI2,USD,Q,2022-Q4,4057720151.008477,6,2026-09-25T20:58:59.844521500Z,"https://api.imf.org/external/sdmx/2.1/data/IMF.STA,BOP/IND.CD_T+DB_T.SI+SI2+SJ+S.USD.Q?startPeriod=2004"
IND,DB_T,SI2,USD,Q,2023-Q1,4102935908.959651,6,2026-09-25T20:58:59.844521500Z,"https://api.imf.org/external/sdmx/2.1/data/IMF.STA,BOP/IND.CD_T+DB_T.SI+SI2+SJ+S.USD.Q?startPeriod=2004"
IND,DB_T,SI2,USD,Q,2023-Q2,4243356631.427388,6,2026-09-25T20:58:59.844521500Z,"https://api.imf.org/external/sdmx/2.1/data/IMF.STA,BOP/IND.CD_T+DB_T.SI+SI2+SJ+S.USD.Q?startPeriod=2004"
IND,DB_T,SI2,USD,Q,2023-Q3,4333123194.115368,6,2026-09-25T20:58:59.844521500Z,"https://api.imf.org/external/sdmx/2.1/data/IMF.STA,BOP/IND.CD_T+DB_T.SI+SI2+SJ+S.USD.Q?startPeriod=2004"
IND,DB_T,SI2,USD,Q,2023-Q4,4774363145.612758,6,2026-09-25T20:58:59.844521500Z,"https://api.imf.org/external/sdmx/2.1/data/IMF.STA,BOP/IND.CD_T+DB_T.SI+SI2+SJ+S.USD.Q?startPeriod=2004"
IND,DB_T,SI2,USD,Q,2024-Q1,4908279563.509313,6,2026-09-25T20:58:59.844521500Z,"https://api.imf.org/external/sdmx/2.1/data/IMF.STA,BOP/IND.CD_T+DB_T.SI+SI2+SJ+S.USD.Q?startPeriod=2004"
IND,DB_T,SI2,USD,Q,2024-Q2,4478713833.681904,6,2026-09-25T20:58:59.844521500Z,"https://api.imf.org/external/sdmx/2.1/data/IMF.STA,BOP/IND.CD_T+DB_T.SI+SI2+SJ+S.USD.Q?startPeriod=2004"
IND,DB_T,SI2,USD,Q,2024-Q3,4539487703.005254,6,2026-09-25T20:58:59.844521500Z,"https://api.imf.org/external/sdmx/2.1/data/IMF.STA,BOP/IND.CD_T+DB_T.SI+SI2+SJ+S.USD.Q?startPeriod=2004"
IND,DB_T,SI2,USD,Q,2024-Q4,6561384916.132336,6,2026-09-25T20:58:59.844521500Z,"https://api.imf.org/external/sdmx/2.1/data/IMF.STA,BOP/IND.CD_T+DB_T.SI+SI2+SJ+S.USD.Q?startPeriod=2004"
IND,DB_T,SI2,USD,Q,2025-Q1,5433623757.334433,6,2026-09-25T20:58:59.844521500Z,"https://api.imf.org/external/sdmx/2.1/data/IMF.STA,BOP/IND.CD_T+DB_T.SI+SI2+SJ+S.USD.Q?startPeriod=2004"
IND,DB_T,SI2,USD,Q,2025-Q2,5852649222.271266,6,2026-09-25T20:58:59.844521500Z,"https://api.imf.org/external/sdmx/2.1/data/IMF.STA,BOP/IND.CD_T+DB_T.SI+SI2+SJ+S.USD.Q?startPeriod=2004"
IND,DB_T,SI2,USD,Q,2025-Q3,5639896964.568573,6,2026-09-25T20:58:59.844521500Z,"https://api.imf.org/external/sdmx/2.1/data/IMF.STA,BOP/IND.CD_T+DB_T.SI+SI2+SJ+S.USD.Q?startPeriod=2004"
IND,DB_T,SI2,USD,Q,2025-Q4,6437132410.783828,6,2026-09-25T20:58:59.844521500Z,"https://api.imf.org/external/sdmx/2.1/data/IMF.STA,BOP/IND.CD_T+DB_T.SI+SI2+SJ+S.USD.Q?startPeriod=2004"
IND,DB_T,SI2,USD,Q,2026-Q1,6236714280.095147,6,2026-09-25T20:58:59.844521500Z,"https://api.imf.org/external/sdmx/2.1/data/IMF.STA,BOP/IND.CD_T+DB_T.SI+SI2+SJ+S.USD.Q?startPeriod=2004"
IND,DB_T,SI2,USD,Q,2026-Q2,5927763165.480023,6,2026-09-25T20:58:59.844521500Z,"https://api.imf.org/external/sdmx/2.1/data/IMF.STA,BOP/IND.CD_T+DB_T.SI+SI2+SJ+S.USD.Q?startPeriod=2004"
IND,DB_T,SJ,USD,Q,2004-Q1,2320765558.698727,6,2026-09-25T20:58:59.844521500Z,"https://api.imf.org/external/sdmx/2.1/data/IMF.STA,BOP/IND.CD_T+DB_T.SI+SI2+SJ+S.USD.Q?startPeriod=2004"
IND,DB_T,SJ,USD,Q,2004-Q2,2137150332.581724,6,2026-09-25T20:58:59.844521500Z,"https://api.imf.org/external/sdmx/2.1/data/IMF.STA,BOP/IND.CD_T+DB_T.SI+SI2+SJ+S.USD.Q?startPeriod=2004"
IND,DB_T,SJ,USD,Q,2004-Q3,3120721329.659093,6,2026-09-25T20:58:59.844521500Z,"https://api.imf.org/external/sdmx/2.1/data/IMF.STA,BOP/IND.CD_T+DB_T.SI+SI2+SJ+S.USD.Q?startPeriod=2004"
IND,DB_T,SJ,USD,Q,2004-Q4,3914823708.384704,6,2026-09-25T20:58:59.844521500Z,"https://api.imf.org/external/sdmx/2.1/data/IMF.STA,BOP/IND.CD_T+DB_T.SI+SI2+SJ+S.USD.Q?startPeriod=2004"
IND,DB_T,SJ,USD,Q,2005-Q1,3312645662.757922,6,2026-09-25T20:58:59.844521500Z,"https://api.imf.org/external/sdmx/2.1/data/IMF.STA,BOP/IND.CD_T+DB_T.SI+SI2+SJ+S.USD.Q?startPeriod=2004"
IND,DB_T,SJ,USD,Q,2005-Q2,2740079976.332754,6,2026-09-25T20:58:59.844521500Z,"https://api.imf.org/external/sdmx/2.1/data/IMF.STA,BOP/IND.CD_T+DB_T.SI+SI2+SJ+S.USD.Q?startPeriod=2004"
IND,DB_T,SJ,USD,Q,2005-Q3,2731171934.364595,6,2026-09-25T20:58:59.844521500Z,"https://api.imf.org/external/sdmx/2.1/data/IMF.STA,BOP/IND.CD_T+DB_T.SI+SI2+SJ+S.USD.Q?startPeriod=2004"
IND,DB_T,SJ,USD,Q,2005-Q4,4789713449.880164,6,2026-09-25T20:58:59.844521500Z,"https://api.imf.org/external/sdmx/2.1/data/IMF.STA,BOP/IND.CD_T+DB_T.SI+SI2+SJ+S.USD.Q?startPeriod=2004"
IND,DB_T,SJ,USD,Q,2006-Q1,3609948133.317418,6,2026-09-25T20:58:59.844521500Z,"https://api.imf.org/external/sdmx/2.1/data/IMF.STA,BOP/IND.CD_T+DB_T.SI+SI2+SJ+S.USD.Q?startPeriod=2004"
IND,DB_T,SJ,USD,Q,2006-Q2,3421973792.724274,6,2026-09-25T20:58:59.844521500Z,"https://api.imf.org/external/sdmx/2.1/data/IMF.STA,BOP/IND.CD_T+DB_T.SI+SI2+SJ+S.USD.Q?startPeriod=2004"
IND,DB_T,SJ,USD,Q,2006-Q3,4135178091.211857,6,2026-09-25T20:58:59.844521500Z,"https://api.imf.org/external/sdmx/2.1/data/IMF.STA,BOP/IND.CD_T+DB_T.SI+SI2+SJ+S.USD.Q?startPeriod=2004"
IND,DB_T,SJ,USD,Q,2006-Q4,6244377688.891128,6,2026-09-25T20:58:59.844521500Z,"https://api.imf.org/external/sdmx/2.1/data/IMF.STA,BOP/IND.CD_T+DB_T.SI+SI2+SJ+S.USD.Q?startPeriod=2004"
IND,DB_T,SJ,USD,Q,2007-Q1,6255282349.105924,6,2026-09-25T20:58:59.844521500Z,"https://api.imf.org/external/sdmx/2.1/data/IMF.STA,BOP/IND.CD_T+DB_T.SI+SI2+SJ+S.USD.Q?startPeriod=2004"
IND,DB_T,SJ,USD,Q,2007-Q2,3069766990.667986,6,2026-09-25T20:58:59.844521500Z,"https://api.imf.org/external/sdmx/2.1/data/IMF.STA,BOP/IND.CD_T+DB_T.SI+SI2+SJ+S.USD.Q?startPeriod=2004"
IND,DB_T,SJ,USD,Q,2007-Q3,4201106970.095028,6,2026-09-25T20:58:59.844521500Z,"https://api.imf.org/external/sdmx/2.1/data/IMF.STA,BOP/IND.CD_T+DB_T.SI+SI2+SJ+S.USD.Q?startPeriod=2004"
IND,DB_T,SJ,USD,Q,2007-Q4,4247330583.601451,6,2026-09-25T20:58:59.844521500Z,"https://api.imf.org/external/sdmx/2.1/data/IMF.STA,BOP/IND.CD_T+DB_T.SI+SI2+SJ+S.USD.Q?startPeriod=2004"
IND,DB_T,SJ,USD,Q,2008-Q1,7254751285.760206,6,2026-09-25T20:58:59.844521500Z,"https://api.imf.org/external/sdmx/2.1/data/IMF.STA,BOP/IND.CD_T+DB_T.SI+SI2+SJ+S.USD.Q?startPeriod=2004"
IND,DB_T,SJ,USD,Q,2008-Q2,3920216120.018308,6,2026-09-25T20:58:59.844521500Z,"https://api.imf.org/external/sdmx/2.1/data/IMF.STA,BOP/IND.CD_T+DB_T.SI+SI2+SJ+S.USD.Q?startPeriod=2004"
IND,DB_T,SJ,USD,Q,2008-Q3,3571066911.630903,6,2026-09-25T20:58:59.844521500Z,"https://api.imf.org/external/sdmx/2.1/data/IMF.STA,BOP/IND.CD_T+DB_T.SI+SI2+SJ+S.USD.Q?startPeriod=2004"
IND,DB_T,SJ,USD,Q,2008-Q4,4953610315.715074,6,2026-09-25T20:58:59.844521500Z,"https://api.imf.org/external/sdmx/2.1/data/IMF.STA,BOP/IND.CD_T+DB_T.SI+SI2+SJ+S.USD.Q?startPeriod=2004"
IND,DB_T,SJ,USD,Q,2009-Q1,4519982105.976551,6,2026-09-25T20:58:59.844521500Z,"https://api.imf.org/external/sdmx/2.1/data/IMF.STA,BOP/IND.CD_T+DB_T.SI+SI2+SJ+S.USD.Q?startPeriod=2004"
IND,DB_T,SJ,USD,Q,2009-Q2,3172000000.0,6,2026-09-25T20:58:59.844521500Z,"https://api.imf.org/external/sdmx/2.1/data/IMF.STA,BOP/IND.CD_T+DB_T.SI+SI2+SJ+S.USD.Q?startPeriod=2004"
IND,DB_T,SJ,USD,Q,2009-Q3,4612999999.999999,6,2026-09-25T20:58:59.844521500Z,"https://api.imf.org/external/sdmx/2.1/data/IMF.STA,BOP/IND.CD_T+DB_T.SI+SI2+SJ+S.USD.Q?startPeriod=2004"
IND,DB_T,SJ,USD,Q,2009-Q4,4570999999.999992,6,2026-09-25T20:58:59.844521500Z,"https://api.imf.org/external/sdmx/2.1/data/IMF.STA,BOP/IND.CD_T+DB_T.SI+SI2+SJ+S.USD.Q?startPeriod=2004"
IND,DB_T,SJ,USD,Q,2010-Q1,5571000000.0,6,2026-09-25T20:58:59.844521500Z,"https://api.imf.org/external/sdmx/2.1/data/IMF.STA,BOP/IND.CD_T+DB_T.SI+SI2+SJ+S.USD.Q?startPeriod=2004"
IND,DB_T,SJ,USD,Q,2010-Q2,5592884604.624639,6,2026-09-25T20:58:59.844521500Z,"https://api.imf.org/external/sdmx/2.1/data/IMF.STA,BOP/IND.CD_T+DB_T.SI+SI2+SJ+S.USD.Q?startPeriod=2004"
IND,DB_T,SJ,USD,Q,2010-Q3,6607619988.36455,6,2026-09-25T20:58:59.844521500Z,"https://api.imf.org/external/sdmx/2.1/data/IMF.STA,BOP/IND.CD_T+DB_T.SI+SI2+SJ+S.USD.Q?startPeriod=2004"
IND,DB_T,SJ,USD,Q,2010-Q4,7724378484.094466,6,2026-09-25T20:58:59.844521500Z,"https://api.imf.org/external/sdmx/2.1/data/IMF.STA,BOP/IND.CD_T+DB_T.SI+SI2+SJ+S.USD.Q?startPeriod=2004"
IND,DB_T,SJ,USD,Q,2011-Q1,6701004454.236023,6,2026-09-25T20:58:59.844521500Z,"https://api.imf.org/external/sdmx/2.1/data/IMF.STA,BOP/IND.CD_T+DB_T.SI+SI2+SJ+S.USD.Q?startPeriod=2004"
IND,DB_T,SJ,USD,Q,2011-Q2,5703081716.217252,6,2026-09-25T20:58:59.844521500Z,"https://api.imf.org/external/sdmx/2.1/data/IMF.STA,BOP/IND.CD_T+DB_T.SI+SI2+SJ+S.USD.Q?startPeriod=2004"
IND,DB_T,SJ,USD,Q,2011-Q3,6020320355.737823,6,2026-09-25T20:58:59.844521500Z,"https://api.imf.org/external/sdmx/2.1/data/IMF.STA,BOP/IND.CD_T+DB_T.SI+SI2+SJ+S.USD.Q?startPeriod=2004"
IND,DB_T,SJ,USD,Q,2011-Q4,6709465314.711814,6,2026-09-25T20:58:59.844521500Z,"https://api.imf.org/external/sdmx/2.1/data/IMF.STA,BOP/IND.CD_T+DB_T.SI+SI2+SJ+S.USD.Q?startPeriod=2004"
IND,DB_T,SJ,USD,Q,2012-Q1,7034981468.262339,6,2026-09-25T20:58:59.844521500Z,"https://api.imf.org/external/sdmx/2.1/data/IMF.STA,BOP/IND.CD_T+DB_T.SI+SI2+SJ+S.USD.Q?startPeriod=2004"
IND,DB_T,SJ,USD,Q,2012-Q2,8204563322.003948,6,2026-09-25T20:58:59.844521500Z,"https://api.imf.org/external/sdmx/2.1/data/IMF.STA,BOP/IND.CD_T+DB_T.SI+SI2+SJ+S.USD.Q?startPeriod=2004"
IND,DB_T,SJ,USD,Q,2012-Q3,6754946098.42568,6,2026-09-25T20:58:59.844521500Z,"https://api.imf.org/external/sdmx/2.1/data/IMF.STA,BOP/IND.CD_T+DB_T.SI+SI2+SJ+S.USD.Q?startPeriod=2004"
IND,DB_T,SJ,USD,Q,2012-Q4,7905738175.631696,6,2026-09-25T20:58:59.844521500Z,"https://api.imf.org/external/sdmx/2.1/data/IMF.STA,BOP/IND.CD_T+DB_T.SI+SI2+SJ+S.USD.Q?startPeriod=2004"
IND,DB_T,SJ,USD,Q,2013-Q1,7484200512.854253,6,2026-09-25T20:58:59.844521500Z,"https://api.imf.org/external/sdmx/2.1/data/IMF.STA,BOP/IND.CD_T+DB_T.SI+SI2+SJ+S.USD.Q?startPeriod=2004"
IND,DB_T,SJ,USD,Q,2013-Q2,6734357754.669712,6,2026-09-25T20:58:59.844521500Z,"https://api.imf.org/external/sdmx/2.1/data/IMF.STA,BOP/IND.CD_T+DB_T.SI+SI2+SJ+S.USD.Q?startPeriod=2004"
IND,DB_T,SJ,USD,Q,2013-Q3,7090267470.544618,6,2026-09-25T20:58:59.844521500Z,"https://api.imf.org/external/sdmx/2.1/data/IMF.STA,BOP/IND.CD_T+DB_T.SI+SI2+SJ+S.USD.Q?startPeriod=2004"
IND,DB_T,SJ,USD,Q,2013-Q4,6757492340.55892,6,2026-09-25T20:58:59.844521500Z,"https://api.imf.org/external/sdmx/2.1/data/IMF.STA,BOP/IND.CD_T+DB_T.SI+SI2+SJ+S.USD.Q?startPeriod=2004"
IND,DB_T,SJ,USD,Q,2014-Q1,6607280279.917273,6,2026-09-25T20:58:59.844521500Z,"https://api.imf.org/external/sdmx/2.1/data/IMF.STA,BOP/IND.CD_T+DB_T.SI+SI2+SJ+S.USD.Q?startPeriod=2004"
IND,DB_T,SJ,USD,Q,2014-Q2,6318840579.235262,6,2026-09-25T20:58:59.844521500Z,"https://api.imf.org/external/sdmx/2.1/data/IMF.STA,BOP/IND.CD_T+DB_T.SI+SI2+SJ+S.USD.Q?startPeriod=2004"
IND,DB_T,SJ,USD,Q,2014-Q3,6865579124.970474,6,2026-09-25T20:58:59.844521500Z,"https://api.imf.org/external/sdmx/2.1/data/IMF.STA,BOP/IND.CD_T+DB_T.SI+SI2+SJ+S.USD.Q?startPeriod=2004"
IND,DB_T,SJ,USD,Q,2014-Q4,7081129092.386892,6,2026-09-25T20:58:59.844521500Z,"https://api.imf.org/external/sdmx/2.1/data/IMF.STA,BOP/IND.CD_T+DB_T.SI+SI2+SJ+S.USD.Q?startPeriod=2004"
IND,DB_T,SJ,USD,Q,2015-Q1,7378543643.363596,6,2026-09-25T20:58:59.844521500Z,"https://api.imf.org/external/sdmx/2.1/data/IMF.STA,BOP/IND.CD_T+DB_T.SI+SI2+SJ+S.USD.Q?startPeriod=2004"
IND,DB_T,SJ,USD,Q,2015-Q2,7289110021.965512,6,2026-09-25T20:58:59.844521500Z,"https://api.imf.org/external/sdmx/2.1/data/IMF.STA,BOP/IND.CD_T+DB_T.SI+SI2+SJ+S.USD.Q?startPeriod=2004"
IND,DB_T,SJ,USD,Q,2015-Q3,7496130606.064665,6,2026-09-25T20:58:59.844521500Z,"https://api.imf.org/external/sdmx/2.1/data/IMF.STA,BOP/IND.CD_T+DB_T.SI+SI2+SJ+S.USD.Q?startPeriod=2004"
IND,DB_T,SJ,USD,Q,2015-Q4,7645783612.853058,6,2026-09-25T20:58:59.844521500Z,"https://api.imf.org/external/sdmx/2.1/data/IMF.STA,BOP/IND.CD_T+DB_T.SI+SI2+SJ+S.USD.Q?startPeriod=2004"
IND,DB_T,SJ,USD,Q,2016-Q1,8664002183.96557,6,2026-09-25T20:58:59.844521500Z,"https://api.imf.org/external/sdmx/2.1/data/IMF.STA,BOP/IND.CD_T+DB_T.SI+SI2+SJ+S.USD.Q?startPeriod=2004"
IND,DB_T,SJ,USD,Q,2016-Q2,8004692591.75091,6,2026-09-25T20:58:59.844521500Z,"https://api.imf.org/external/sdmx/2.1/data/IMF.STA,BOP/IND.CD_T+DB_T.SI+SI2+SJ+S.USD.Q?startPeriod=2004"
IND,DB_T,SJ,USD,Q,2016-Q3,8007538130.899016,6,2026-09-25T20:58:59.844521500Z,"https://api.imf.org/external/sdmx/2.1/data/IMF.STA,BOP/IND.CD_T+DB_T.SI+SI2+SJ+S.USD.Q?startPeriod=2004"
IND,DB_T,SJ,USD,Q,2016-Q4,8065012793.155101,6,2026-09-25T20:58:59.844521500Z,"https://api.imf.org/external/sdmx/2.1/data/IMF.STA,BOP/IND.CD_T+DB_T.SI+SI2+SJ+S.USD.Q?startPeriod=2004"
IND,DB_T,SJ,USD,Q,2017-Q1,8239311004.202137,6,2026-09-25T20:58:59.844521500Z,"https://api.imf.org/external/sdmx/2.1/data/IMF.STA,BOP/IND.CD_T+DB_T.SI+SI2+SJ+S.USD.Q?startPeriod=2004"
IND,DB_T,SJ,USD,Q,2017-Q2,8278635885.83506,6,2026-09-25T20:58:59.844521500Z,"https://api.imf.org/external/sdmx/2.1/data/IMF.STA,BOP/IND.CD_T+DB_T.SI+SI2+SJ+S.USD.Q?startPeriod=2004"
IND,DB_T,SJ,USD,Q,2017-Q3,9559138865.739191,6,2026-09-25T20:58:59.844521500Z,"https://api.imf.org/external/sdmx/2.1/data/IMF.STA,BOP/IND.CD_T+DB_T.SI+SI2+SJ+S.USD.Q?startPeriod=2004"
IND,DB_T,SJ,USD,Q,2017-Q4,9359916782.706251,6,2026-09-25T20:58:59.844521500Z,"https://api.imf.org/external/sdmx/2.1/data/IMF.STA,BOP/IND.CD_T+DB_T.SI+SI2+SJ+S.USD.Q?startPeriod=2004"
IND,DB_T,SJ,USD,Q,2018-Q1,9432643356.432167,6,2026-09-25T20:58:59.844521500Z,"https://api.imf.org/external/sdmx/2.1/data/IMF.STA,BOP/IND.CD_T+DB_T.SI+SI2+SJ+S.USD.Q?startPeriod=2004"
IND,DB_T,SJ,USD,Q,2018-Q2,9478523930.391624,6,2026-09-25T20:58:59.844521500Z,"https://api.imf.org/external/sdmx/2.1/data/IMF.STA,BOP/IND.CD_T+DB_T.SI+SI2+SJ+S.USD.Q?startPeriod=2004"
IND,DB_T,SJ,USD,Q,2018-Q3,9690187020.398634,6,2026-09-25T20:58:59.844521500Z,"https://api.imf.org/external/sdmx/2.1/data/IMF.STA,BOP/IND.CD_T+DB_T.SI+SI2+SJ+S.USD.Q?startPeriod=2004"
IND,DB_T,SJ,USD,Q,2018-Q4,10134665607.2461,6,2026-09-25T20:58:59.844521500Z,"https://api.imf.org/external/sdmx/2.1/data/IMF.STA,BOP/IND.CD_T+DB_T.SI+SI2+SJ+S.USD.Q?startPeriod=2004"
IND,DB_T,SJ,USD,Q,2019-Q1,11109474967.69338,6,2026-09-25T20:58:59.844521500Z,"https://api.imf.org/external/sdmx/2.1/data/IMF.STA,BOP/IND.CD_T+DB_T.SI+SI2+SJ+S.USD.Q?startPeriod=2004"
IND,DB_T,SJ,USD,Q,2019-Q2,11714516924.5468,6,2026-09-25T20:58:59.844521500Z,"https://api.imf.org/external/sdmx/2.1/data/IMF.STA,BOP/IND.CD_T+DB_T.SI+SI2+SJ+S.USD.Q?startPeriod=2004"
IND,DB_T,SJ,USD,Q,2019-Q3,11211191790.39673,6,2026-09-25T20:58:59.844521500Z,"https://api.imf.org/external/sdmx/2.1/data/IMF.STA,BOP/IND.CD_T+DB_T.SI+SI2+SJ+S.USD.Q?startPeriod=2004"
IND,DB_T,SJ,USD,Q,2019-Q4,12027010344.1825,6,2026-09-25T20:58:59.844521500Z,"https://api.imf.org/external/sdmx/2.1/data/IMF.STA,BOP/IND.CD_T+DB_T.SI+SI2+SJ+S.USD.Q?startPeriod=2004"
IND,DB_T,SJ,USD,Q,2020-Q1,11928173834.04187,6,2026-09-25T20:58:59.844521500Z,"https://api.imf.org/external/sdmx/2.1/data/IMF.STA,BOP/IND.CD_T+DB_T.SI+SI2+SJ+S.USD.Q?startPeriod=2004"
IND,DB_T,SJ,USD,Q,2020-Q2,11514482259.17579,6,2026-09-25T20:58:59.844521500Z,"https://api.imf.org/external/sdmx/2.1/data/IMF.STA,BOP/IND.CD_T+DB_T.SI+SI2+SJ+S.USD.Q?startPeriod=2004"
IND,DB_T,SJ,USD,Q,2020-Q3,12353774478.9356,6,2026-09-25T20:58:59.844521500Z,"https://api.imf.org/external/sdmx/2.1/data/IMF.STA,BOP/IND.CD_T+DB_T.SI+SI2+SJ+S.USD.Q?startPeriod=2004"
IND,DB_T,SJ,USD,Q,2020-Q4,12807300517.54246,6,2026-09-25T20:58:59.844521500Z,"https://api.imf.org/external/sdmx/2.1/data/IMF.STA,BOP/IND.CD_T+DB_T.SI+SI2+SJ+S.USD.Q?startPeriod=2004"
IND,DB_T,SJ,USD,Q,2021-Q1,12846530519.64526,6,2026-09-25T20:58:59.844521500Z,"https://api.imf.org/external/sdmx/2.1/data/IMF.STA,BOP/IND.CD_T+DB_T.SI+SI2+SJ+S.USD.Q?startPeriod=2004"
IND,DB_T,SJ,USD,Q,2021-Q2,11634692446.43973,6,2026-09-25T20:58:59.844521500Z,"https://api.imf.org/external/sdmx/2.1/data/IMF.STA,BOP/IND.CD_T+DB_T.SI+SI2+SJ+S.USD.Q?startPeriod=2004"
IND,DB_T,SJ,USD,Q,2021-Q3,12456867394.73189,6,2026-09-25T20:58:59.844521500Z,"https://api.imf.org/external/sdmx/2.1/data/IMF.STA,BOP/IND.CD_T+DB_T.SI+SI2+SJ+S.USD.Q?startPeriod=2004"
IND,DB_T,SJ,USD,Q,2021-Q4,13722085631.18058,6,2026-09-25T20:58:59.844521500Z,"https://api.imf.org/external/sdmx/2.1/data/IMF.STA,BOP/IND.CD_T+DB_T.SI+SI2+SJ+S.USD.Q?startPeriod=2004"
IND,DB_T,SJ,USD,Q,2022-Q1,13866963681.82388,6,2026-09-25T20:58:59.844521500Z,"https://api.imf.org/external/sdmx/2.1/data/IMF.STA,BOP/IND.CD_T+DB_T.SI+SI2+SJ+S.USD.Q?startPeriod=2004"
IND,DB_T,SJ,USD,Q,2022-Q2,14302686065.2017,6,2026-09-25T20:58:59.844521500Z,"https://api.imf.org/external/sdmx/2.1/data/IMF.STA,BOP/IND.CD_T+DB_T.SI+SI2+SJ+S.USD.Q?startPeriod=2004"
IND,DB_T,SJ,USD,Q,2022-Q3,13963511485.78816,6,2026-09-25T20:58:59.844521500Z,"https://api.imf.org/external/sdmx/2.1/data/IMF.STA,BOP/IND.CD_T+DB_T.SI+SI2+SJ+S.USD.Q?startPeriod=2004"
IND,DB_T,SJ,USD,Q,2022-Q4,15125402248.94275,6,2026-09-25T20:58:59.844521500Z,"https://api.imf.org/external/sdmx/2.1/data/IMF.STA,BOP/IND.CD_T+DB_T.SI+SI2+SJ+S.USD.Q?startPeriod=2004"
IND,DB_T,SJ,USD,Q,2023-Q1,16314482749.88411,6,2026-09-25T20:58:59.844521500Z,"https://api.imf.org/external/sdmx/2.1/data/IMF.STA,BOP/IND.CD_T+DB_T.SI+SI2+SJ+S.USD.Q?startPeriod=2004"
IND,DB_T,SJ,USD,Q,2023-Q2,15203433918.58014,6,2026-09-25T20:58:59.844521500Z,"https://api.imf.org/external/sdmx/2.1/data/IMF.STA,BOP/IND.CD_T+DB_T.SI+SI2+SJ+S.USD.Q?startPeriod=2004"
IND,DB_T,SJ,USD,Q,2023-Q3,13672528944.37761,6,2026-09-25T20:58:59.844521500Z,"https://api.imf.org/external/sdmx/2.1/data/IMF.STA,BOP/IND.CD_T+DB_T.SI+SI2+SJ+S.USD.Q?startPeriod=2004"
IND,DB_T,SJ,USD,Q,2023-Q4,14066737328.46989,6,2026-09-25T20:58:59.844521500Z,"https://api.imf.org/external/sdmx/2.1/data/IMF.STA,BOP/IND.CD_T+DB_T.SI+SI2+SJ+S.USD.Q?startPeriod=2004"
IND,DB_T,SJ,USD,Q,2024-Q1,16388245931.00038,6,2026-09-25T20:58:59.844521500Z,"https://api.imf.org/external/sdmx/2.1/data/IMF.STA,BOP/IND.CD_T+DB_T.SI+SI2+SJ+S.USD.Q?startPeriod=2004"
IND,DB_T,SJ,USD,Q,2024-Q2,16625375457.67559,6,2026-09-25T20:58:59.844521500Z,"https://api.imf.org/external/sdmx/2.1/data/IMF.STA,BOP/IND.CD_T+DB_T.SI+SI2+SJ+S.USD.Q?startPeriod=2004"
IND,DB_T,SJ,USD,Q,2024-Q3,15548484336.10818,6,2026-09-25T20:58:59.844521500Z,"https://api.imf.org/external/sdmx/2.1/data/IMF.STA,BOP/IND.CD_T+DB_T.SI+SI2+SJ+S.USD.Q?startPeriod=2004"
IND,DB_T,SJ,USD,Q,2024-Q4,18251610606.8962,6,2026-09-25T20:58:59.844521500Z,"https://api.imf.org/external/sdmx/2.1/data/IMF.STA,BOP/IND.CD_T+DB_T.SI+SI2+SJ+S.USD.Q?startPeriod=2004"
IND,DB_T,SJ,USD,Q,2025-Q1,16220509648.78635,6,2026-09-25T20:58:59.844521500Z,"https://api.imf.org/external/sdmx/2.1/data/IMF.STA,BOP/IND.CD_T+DB_T.SI+SI2+SJ+S.USD.Q?startPeriod=2004"
IND,DB_T,SJ,USD,Q,2025-Q2,15868114548.68156,6,2026-09-25T20:58:59.844521500Z,"https://api.imf.org/external/sdmx/2.1/data/IMF.STA,BOP/IND.CD_T+DB_T.SI+SI2+SJ+S.USD.Q?startPeriod=2004"
IND,DB_T,SJ,USD,Q,2025-Q3,16129337745.61306,6,2026-09-25T20:58:59.844521500Z,"https://api.imf.org/external/sdmx/2.1/data/IMF.STA,BOP/IND.CD_T+DB_T.SI+SI2+SJ+S.USD.Q?startPeriod=2004"
IND,DB_T,SJ,USD,Q,2025-Q4,19261293427.86102,6,2026-09-25T20:58:59.844521500Z,"https://api.imf.org/external/sdmx/2.1/data/IMF.STA,BOP/IND.CD_T+DB_T.SI+SI2+SJ+S.USD.Q?startPeriod=2004"
IND,DB_T,SJ,USD,Q,2026-Q1,18326341088.99224,6,2026-09-25T20:58:59.844521500Z,"https://api.imf.org/external/sdmx/2.1/data/IMF.STA,BOP/IND.CD_T+DB_T.SI+SI2+SJ+S.USD.Q?startPeriod=2004"
IND,DB_T,SJ,USD,Q,2026-Q2,17011870570.73251,6,2026-09-25T20:58:59.844521500Z,"https://api.imf.org/external/sdmx/2.1/data/IMF.STA,BOP/IND.CD_T+DB_T.SI+SI2+SJ+S.USD.Q?startPeriod=2004"
