firm,fiscal_year,metric,dimension,value,unit,scope,source_url,source_doc,page,notes
Infosys,2014,employees_by_age,age_lt30,111778,count,"Infosys Group (global, permanent employees)",https://www.infosys.com/sustainability/documents/infosys-sustainability-report-2015-16.pdf,Infosys Sustainability Report 2015-16,23,"Infosys age bands: <=30, 31-50, >50 (>=50 label used from FY22 databook)."
Infosys,2014,employees_by_age,age_30_50,47405,count,"Infosys Group (global, permanent employees)",https://www.infosys.com/sustainability/documents/infosys-sustainability-report-2015-16.pdf,Infosys Sustainability Report 2015-16,23,"Infosys age bands: <=30, 31-50, >50 (>=50 label used from FY22 databook)."
Infosys,2014,employees_by_age,age_gt50,1222,count,"Infosys Group (global, permanent employees)",https://www.infosys.com/sustainability/documents/infosys-sustainability-report-2015-16.pdf,Infosys Sustainability Report 2015-16,23,"Infosys age bands: <=30, 31-50, >50 (>=50 label used from FY22 databook)."
Infosys,2014,employees_total,total,160405,count,"Infosys Group (global, permanent employees)",https://www.infosys.com/sustainability/documents/infosys-sustainability-report-2015-16.pdf,Infosys Sustainability Report 2015-16,23,
Infosys,2015,employees_by_age,age_lt30,120697,count,"Infosys Group (global, permanent employees)",https://www.infosys.com/sustainability/documents/infosys-sustainability-report-2015-16.pdf,Infosys Sustainability Report 2015-16,23,"Infosys age bands: <=30, 31-50, >50 (>=50 label used from FY22 databook). Bands sum to 176,065 not 176,187; restated in SR 2016-17."
Infosys,2015,employees_by_age,age_30_50,53996,count,"Infosys Group (global, permanent employees)",https://www.infosys.com/sustainability/documents/infosys-sustainability-report-2015-16.pdf,Infosys Sustainability Report 2015-16,23,"Infosys age bands: <=30, 31-50, >50 (>=50 label used from FY22 databook). Bands sum to 176,065 not 176,187; restated in SR 2016-17."
Infosys,2015,employees_by_age,age_gt50,1372,count,"Infosys Group (global, permanent employees)",https://www.infosys.com/sustainability/documents/infosys-sustainability-report-2015-16.pdf,Infosys Sustainability Report 2015-16,23,"Infosys age bands: <=30, 31-50, >50 (>=50 label used from FY22 databook). Bands sum to 176,065 not 176,187; restated in SR 2016-17."
Infosys,2015,employees_total,total,176187,count,"Infosys Group (global, permanent employees)",https://www.infosys.com/sustainability/documents/infosys-sustainability-report-2015-16.pdf,Infosys Sustainability Report 2015-16,23,"Bands sum to 176,065 not 176,187; restated in SR 2016-17."
Infosys,2015,employees_by_age,age_lt30,120714,count,"Infosys Group (global, permanent employees)",https://www.infosys.com/sustainability/documents/infosys-sustainability-report-2016-17.pdf,Infosys Sustainability Report 2016-17,24,"Infosys age bands: <=30, 31-50, >50 (>=50 label used from FY22 databook). Restated vintage (SR 2016-17)."
Infosys,2015,employees_by_age,age_30_50,54086,count,"Infosys Group (global, permanent employees)",https://www.infosys.com/sustainability/documents/infosys-sustainability-report-2016-17.pdf,Infosys Sustainability Report 2016-17,24,"Infosys age bands: <=30, 31-50, >50 (>=50 label used from FY22 databook). Restated vintage (SR 2016-17)."
Infosys,2015,employees_by_age,age_gt50,1387,count,"Infosys Group (global, permanent employees)",https://www.infosys.com/sustainability/documents/infosys-sustainability-report-2016-17.pdf,Infosys Sustainability Report 2016-17,24,"Infosys age bands: <=30, 31-50, >50 (>=50 label used from FY22 databook). Restated vintage (SR 2016-17)."
Infosys,2015,employees_total,total,176187,count,"Infosys Group (global, permanent employees)",https://www.infosys.com/sustainability/documents/infosys-sustainability-report-2016-17.pdf,Infosys Sustainability Report 2016-17,24,Restated vintage (SR 2016-17).
Infosys,2016,employees_by_age,age_lt30,122089,count,"Infosys Group (global, permanent employees)",https://www.infosys.com/sustainability/documents/infosys-sustainability-report-2015-16.pdf,Infosys Sustainability Report 2015-16,23,"Infosys age bands: <=30, 31-50, >50 (>=50 label used from FY22 databook)."
Infosys,2016,employees_by_age,age_30_50,69952,count,"Infosys Group (global, permanent employees)",https://www.infosys.com/sustainability/documents/infosys-sustainability-report-2015-16.pdf,Infosys Sustainability Report 2015-16,23,"Infosys age bands: <=30, 31-50, >50 (>=50 label used from FY22 databook)."
Infosys,2016,employees_by_age,age_gt50,2003,count,"Infosys Group (global, permanent employees)",https://www.infosys.com/sustainability/documents/infosys-sustainability-report-2015-16.pdf,Infosys Sustainability Report 2015-16,23,"Infosys age bands: <=30, 31-50, >50 (>=50 label used from FY22 databook)."
Infosys,2016,employees_total,total,194044,count,"Infosys Group (global, permanent employees)",https://www.infosys.com/sustainability/documents/infosys-sustainability-report-2015-16.pdf,Infosys Sustainability Report 2015-16,23,
Infosys,2017,employees_by_age,age_lt30,126777,count,"Infosys Group (global, permanent employees)",https://www.infosys.com/sustainability/documents/infosys-sustainability-report-2016-17.pdf,Infosys Sustainability Report 2016-17,24,"Infosys age bands: <=30, 31-50, >50 (>=50 label used from FY22 databook)."
Infosys,2017,employees_by_age,age_30_50,71486,count,"Infosys Group (global, permanent employees)",https://www.infosys.com/sustainability/documents/infosys-sustainability-report-2016-17.pdf,Infosys Sustainability Report 2016-17,24,"Infosys age bands: <=30, 31-50, >50 (>=50 label used from FY22 databook)."
Infosys,2017,employees_by_age,age_gt50,2101,count,"Infosys Group (global, permanent employees)",https://www.infosys.com/sustainability/documents/infosys-sustainability-report-2016-17.pdf,Infosys Sustainability Report 2016-17,24,"Infosys age bands: <=30, 31-50, >50 (>=50 label used from FY22 databook)."
Infosys,2017,employees_total,total,200364,count,"Infosys Group (global, permanent employees)",https://www.infosys.com/sustainability/documents/infosys-sustainability-report-2016-17.pdf,Infosys Sustainability Report 2016-17,24,
Infosys,2018,employees_by_age,age_lt30,123291,count,"Infosys Group (global, permanent employees)",https://www.infosys.com/sustainability/documents/infosys-sustainability-report-2017-18.pdf,Infosys Sustainability Report 2017-18,62,"Infosys age bands: <=30, 31-50, >50 (>=50 label used from FY22 databook)."
Infosys,2018,employees_by_age,age_30_50,78312,count,"Infosys Group (global, permanent employees)",https://www.infosys.com/sustainability/documents/infosys-sustainability-report-2017-18.pdf,Infosys Sustainability Report 2017-18,62,"Infosys age bands: <=30, 31-50, >50 (>=50 label used from FY22 databook)."
Infosys,2018,employees_by_age,age_gt50,2504,count,"Infosys Group (global, permanent employees)",https://www.infosys.com/sustainability/documents/infosys-sustainability-report-2017-18.pdf,Infosys Sustainability Report 2017-18,62,"Infosys age bands: <=30, 31-50, >50 (>=50 label used from FY22 databook)."
Infosys,2018,employees_total,total,204107,count,"Infosys Group (global, permanent employees)",https://www.infosys.com/sustainability/documents/infosys-sustainability-report-2017-18.pdf,Infosys Sustainability Report 2017-18,62,
Infosys,2019,employees_by_age,age_lt30,133506,count,"Infosys Group (global, permanent employees)",https://www.infosys.com/sustainability/documents/infosys-sustainability-report-2019-20.pdf,Infosys Sustainability Report 2019-20,92,"Infosys age bands: <=30, 31-50, >50 (>=50 label used from FY22 databook)."
Infosys,2019,employees_by_age,age_30_50,90698,count,"Infosys Group (global, permanent employees)",https://www.infosys.com/sustainability/documents/infosys-sustainability-report-2019-20.pdf,Infosys Sustainability Report 2019-20,92,"Infosys age bands: <=30, 31-50, >50 (>=50 label used from FY22 databook)."
Infosys,2019,employees_by_age,age_gt50,3919,count,"Infosys Group (global, permanent employees)",https://www.infosys.com/sustainability/documents/infosys-sustainability-report-2019-20.pdf,Infosys Sustainability Report 2019-20,92,"Infosys age bands: <=30, 31-50, >50 (>=50 label used from FY22 databook)."
Infosys,2019,employees_total,total,228123,count,"Infosys Group (global, permanent employees)",https://www.infosys.com/sustainability/documents/infosys-sustainability-report-2019-20.pdf,Infosys Sustainability Report 2019-20,92,
Infosys,2020,employees_by_age,age_lt30,138941,count,"Infosys Group (global, permanent employees)",https://www.infosys.com/sustainability/documents/infosys-sustainability-report-2019-20.pdf,Infosys Sustainability Report 2019-20,92,"Infosys age bands: <=30, 31-50, >50 (>=50 label used from FY22 databook). Excludes new acquisitions Simplus and Stater."
Infosys,2020,employees_by_age,age_30_50,97323,count,"Infosys Group (global, permanent employees)",https://www.infosys.com/sustainability/documents/infosys-sustainability-report-2019-20.pdf,Infosys Sustainability Report 2019-20,92,"Infosys age bands: <=30, 31-50, >50 (>=50 label used from FY22 databook). Excludes new acquisitions Simplus and Stater."
Infosys,2020,employees_by_age,age_gt50,4536,count,"Infosys Group (global, permanent employees)",https://www.infosys.com/sustainability/documents/infosys-sustainability-report-2019-20.pdf,Infosys Sustainability Report 2019-20,92,"Infosys age bands: <=30, 31-50, >50 (>=50 label used from FY22 databook). Excludes new acquisitions Simplus and Stater."
Infosys,2020,employees_total,total,240800,count,"Infosys Group (global, permanent employees)",https://www.infosys.com/sustainability/documents/infosys-sustainability-report-2019-20.pdf,Infosys Sustainability Report 2019-20,92,Excludes new acquisitions Simplus and Stater.
Infosys,2021,employees_by_age,age_lt30,143803,count,"Infosys Group (global, permanent employees)",https://www.infosys.com/sustainability/documents/infosys-esg-databook-2020-21.pdf,Infosys ESG Databook 2020-21,19,"Infosys age bands: <=30, 31-50, >50 (>=50 label used from FY22 databook)."
Infosys,2021,employees_by_age,age_30_50,109632,count,"Infosys Group (global, permanent employees)",https://www.infosys.com/sustainability/documents/infosys-esg-databook-2020-21.pdf,Infosys ESG Databook 2020-21,19,"Infosys age bands: <=30, 31-50, >50 (>=50 label used from FY22 databook)."
Infosys,2021,employees_by_age,age_gt50,6184,count,"Infosys Group (global, permanent employees)",https://www.infosys.com/sustainability/documents/infosys-esg-databook-2020-21.pdf,Infosys ESG Databook 2020-21,19,"Infosys age bands: <=30, 31-50, >50 (>=50 label used from FY22 databook)."
Infosys,2021,employees_total,total,259619,count,"Infosys Group (global, permanent employees)",https://www.infosys.com/sustainability/documents/infosys-esg-databook-2020-21.pdf,Infosys ESG Databook 2020-21,19,
Infosys,2022,employees_by_age,age_lt30,187271,count,"Infosys Group (global, permanent employees)",https://www.infosys.com/sustainability/documents/infosys-esg-databook-2021-22.pdf,Infosys ESG Databook 2021-22,22,"Infosys age bands: <=30, 31-50, >50 (>=50 label used from FY22 databook)."
Infosys,2022,employees_by_age,age_30_50,119211,count,"Infosys Group (global, permanent employees)",https://www.infosys.com/sustainability/documents/infosys-esg-databook-2021-22.pdf,Infosys ESG Databook 2021-22,22,"Infosys age bands: <=30, 31-50, >50 (>=50 label used from FY22 databook)."
Infosys,2022,employees_by_age,age_gt50,7533,count,"Infosys Group (global, permanent employees)",https://www.infosys.com/sustainability/documents/infosys-esg-databook-2021-22.pdf,Infosys ESG Databook 2021-22,22,"Infosys age bands: <=30, 31-50, >50 (>=50 label used from FY22 databook)."
Infosys,2022,employees_total,total,314015,count,"Infosys Group (global, permanent employees)",https://www.infosys.com/sustainability/documents/infosys-esg-databook-2021-22.pdf,Infosys ESG Databook 2021-22,22,
Infosys,2023,employees_by_age,age_lt30,204647,count,"Infosys Group (global, permanent employees)",https://www.infosys.com/sustainability/documents/infosys-esg-databook-2022-23.pdf,Infosys ESG Databook 2022-23,21,"Infosys age bands: <=30, 31-50, >50 (>=50 label used from FY22 databook)."
Infosys,2023,employees_by_age,age_30_50,129949,count,"Infosys Group (global, permanent employees)",https://www.infosys.com/sustainability/documents/infosys-esg-databook-2022-23.pdf,Infosys ESG Databook 2022-23,21,"Infosys age bands: <=30, 31-50, >50 (>=50 label used from FY22 databook)."
Infosys,2023,employees_by_age,age_gt50,8638,count,"Infosys Group (global, permanent employees)",https://www.infosys.com/sustainability/documents/infosys-esg-databook-2022-23.pdf,Infosys ESG Databook 2022-23,21,"Infosys age bands: <=30, 31-50, >50 (>=50 label used from FY22 databook)."
Infosys,2023,employees_total,total,343234,count,"Infosys Group (global, permanent employees)",https://www.infosys.com/sustainability/documents/infosys-esg-databook-2022-23.pdf,Infosys ESG Databook 2022-23,21,
Infosys,2024,employees_by_age,age_lt30,173626,count,"Infosys Group (global, permanent employees)",https://www.infosys.com/sustainability/documents/infosys-esg-databook-2023-24.pdf,Infosys ESG Databook 2023-24,20,"Infosys age bands: <=30, 31-50, >50 (>=50 label used from FY22 databook)."
Infosys,2024,employees_by_age,age_30_50,134543,count,"Infosys Group (global, permanent employees)",https://www.infosys.com/sustainability/documents/infosys-esg-databook-2023-24.pdf,Infosys ESG Databook 2023-24,20,"Infosys age bands: <=30, 31-50, >50 (>=50 label used from FY22 databook)."
Infosys,2024,employees_by_age,age_gt50,9071,count,"Infosys Group (global, permanent employees)",https://www.infosys.com/sustainability/documents/infosys-esg-databook-2023-24.pdf,Infosys ESG Databook 2023-24,20,"Infosys age bands: <=30, 31-50, >50 (>=50 label used from FY22 databook)."
Infosys,2024,employees_total,total,317240,count,"Infosys Group (global, permanent employees)",https://www.infosys.com/sustainability/documents/infosys-esg-databook-2023-24.pdf,Infosys ESG Databook 2023-24,20,
Infosys,2025,employees_by_age,age_lt30,169765,count,"Infosys Group (global, permanent employees)",https://www.infosys.com/sustainability/documents/infosys-esg-databook-2024-25.pdf,Infosys ESG Databook 2024-25,26,"Infosys age bands: <=30, 31-50, >50 (>=50 label used from FY22 databook)."
Infosys,2025,employees_by_age,age_30_50,143794,count,"Infosys Group (global, permanent employees)",https://www.infosys.com/sustainability/documents/infosys-esg-databook-2024-25.pdf,Infosys ESG Databook 2024-25,26,"Infosys age bands: <=30, 31-50, >50 (>=50 label used from FY22 databook)."
Infosys,2025,employees_by_age,age_gt50,10019,count,"Infosys Group (global, permanent employees)",https://www.infosys.com/sustainability/documents/infosys-esg-databook-2024-25.pdf,Infosys ESG Databook 2024-25,26,"Infosys age bands: <=30, 31-50, >50 (>=50 label used from FY22 databook)."
Infosys,2025,employees_total,total,323578,count,"Infosys Group (global, permanent employees)",https://www.infosys.com/sustainability/documents/infosys-esg-databook-2024-25.pdf,Infosys ESG Databook 2024-25,26,
Infosys,2026,employees_by_age,age_lt30,166636,count,"Infosys Group (global, permanent employees)",https://www.infosys.com/sustainability/documents/infosys-esg-databook-2025-26.pdf,Infosys ESG Databook 2025-26,27,"Infosys age bands: <=30, 31-50, >50 (>=50 label used from FY22 databook)."
Infosys,2026,employees_by_age,age_30_50,150316,count,"Infosys Group (global, permanent employees)",https://www.infosys.com/sustainability/documents/infosys-esg-databook-2025-26.pdf,Infosys ESG Databook 2025-26,27,"Infosys age bands: <=30, 31-50, >50 (>=50 label used from FY22 databook)."
Infosys,2026,employees_by_age,age_gt50,11642,count,"Infosys Group (global, permanent employees)",https://www.infosys.com/sustainability/documents/infosys-esg-databook-2025-26.pdf,Infosys ESG Databook 2025-26,27,"Infosys age bands: <=30, 31-50, >50 (>=50 label used from FY22 databook)."
Infosys,2026,employees_total,total,328594,count,"Infosys Group (global, permanent employees)",https://www.infosys.com/sustainability/documents/infosys-esg-databook-2025-26.pdf,Infosys ESG Databook 2025-26,27,
Infosys,2014,headcount_by_grade,grade_junior,80593,count,"Infosys Group (global, permanent employees)",https://www.infosys.com/sustainability/documents/infosys-sustainability-report-2015-16.pdf,Infosys Sustainability Report 2015-16,23,Associate/Junior = JL3 and below; Middle = JL4-JL5; Senior = JL6-JL8; Top = title holders/UMR (definitions per ESG Databook 2021-22 training table). Reported label 'Associate'.
Infosys,2014,headcount_by_grade,grade_middle,57709,count,"Infosys Group (global, permanent employees)",https://www.infosys.com/sustainability/documents/infosys-sustainability-report-2015-16.pdf,Infosys Sustainability Report 2015-16,23,Associate/Junior = JL3 and below; Middle = JL4-JL5; Senior = JL6-JL8; Top = title holders/UMR (definitions per ESG Databook 2021-22 training table). Reported label 'Associate'.
Infosys,2014,headcount_by_grade,grade_senior,21635,count,"Infosys Group (global, permanent employees)",https://www.infosys.com/sustainability/documents/infosys-sustainability-report-2015-16.pdf,Infosys Sustainability Report 2015-16,23,Associate/Junior = JL3 and below; Middle = JL4-JL5; Senior = JL6-JL8; Top = title holders/UMR (definitions per ESG Databook 2021-22 training table). Reported label 'Associate'.
Infosys,2014,headcount_by_grade,grade_top,468,count,"Infosys Group (global, permanent employees)",https://www.infosys.com/sustainability/documents/infosys-sustainability-report-2015-16.pdf,Infosys Sustainability Report 2015-16,23,Associate/Junior = JL3 and below; Middle = JL4-JL5; Senior = JL6-JL8; Top = title holders/UMR (definitions per ESG Databook 2021-22 training table). Reported label 'Associate'.
Infosys,2015,headcount_by_grade,grade_junior,84219,count,"Infosys Group (global, permanent employees)",https://www.infosys.com/sustainability/documents/infosys-sustainability-report-2015-16.pdf,Infosys Sustainability Report 2015-16,23,Associate/Junior = JL3 and below; Middle = JL4-JL5; Senior = JL6-JL8; Top = title holders/UMR (definitions per ESG Databook 2021-22 training table). Reported label 'Associate'.
Infosys,2015,headcount_by_grade,grade_middle,67451,count,"Infosys Group (global, permanent employees)",https://www.infosys.com/sustainability/documents/infosys-sustainability-report-2015-16.pdf,Infosys Sustainability Report 2015-16,23,Associate/Junior = JL3 and below; Middle = JL4-JL5; Senior = JL6-JL8; Top = title holders/UMR (definitions per ESG Databook 2021-22 training table). Reported label 'Associate'.
Infosys,2015,headcount_by_grade,grade_senior,24015,count,"Infosys Group (global, permanent employees)",https://www.infosys.com/sustainability/documents/infosys-sustainability-report-2015-16.pdf,Infosys Sustainability Report 2015-16,23,Associate/Junior = JL3 and below; Middle = JL4-JL5; Senior = JL6-JL8; Top = title holders/UMR (definitions per ESG Databook 2021-22 training table). Reported label 'Associate'.
Infosys,2015,headcount_by_grade,grade_top,502,count,"Infosys Group (global, permanent employees)",https://www.infosys.com/sustainability/documents/infosys-sustainability-report-2015-16.pdf,Infosys Sustainability Report 2015-16,23,Associate/Junior = JL3 and below; Middle = JL4-JL5; Senior = JL6-JL8; Top = title holders/UMR (definitions per ESG Databook 2021-22 training table). Reported label 'Associate'.
Infosys,2016,headcount_by_grade,grade_junior,92552,count,"Infosys Group (global, permanent employees)",https://www.infosys.com/sustainability/documents/infosys-sustainability-report-2015-16.pdf,Infosys Sustainability Report 2015-16,23,Associate/Junior = JL3 and below; Middle = JL4-JL5; Senior = JL6-JL8; Top = title holders/UMR (definitions per ESG Databook 2021-22 training table). Reported label 'Associate'.
Infosys,2016,headcount_by_grade,grade_middle,74225,count,"Infosys Group (global, permanent employees)",https://www.infosys.com/sustainability/documents/infosys-sustainability-report-2015-16.pdf,Infosys Sustainability Report 2015-16,23,Associate/Junior = JL3 and below; Middle = JL4-JL5; Senior = JL6-JL8; Top = title holders/UMR (definitions per ESG Databook 2021-22 training table). Reported label 'Associate'.
Infosys,2016,headcount_by_grade,grade_senior,26634,count,"Infosys Group (global, permanent employees)",https://www.infosys.com/sustainability/documents/infosys-sustainability-report-2015-16.pdf,Infosys Sustainability Report 2015-16,23,Associate/Junior = JL3 and below; Middle = JL4-JL5; Senior = JL6-JL8; Top = title holders/UMR (definitions per ESG Databook 2021-22 training table). Reported label 'Associate'.
Infosys,2016,headcount_by_grade,grade_top,633,count,"Infosys Group (global, permanent employees)",https://www.infosys.com/sustainability/documents/infosys-sustainability-report-2015-16.pdf,Infosys Sustainability Report 2015-16,23,Associate/Junior = JL3 and below; Middle = JL4-JL5; Senior = JL6-JL8; Top = title holders/UMR (definitions per ESG Databook 2021-22 training table). Reported label 'Associate'.
Infosys,2017,headcount_by_grade,grade_junior,91701,count,"Infosys Group (global, permanent employees)",https://www.infosys.com/sustainability/documents/infosys-sustainability-report-2016-17.pdf,Infosys Sustainability Report 2016-17,23,Associate/Junior = JL3 and below; Middle = JL4-JL5; Senior = JL6-JL8; Top = title holders/UMR (definitions per ESG Databook 2021-22 training table). Reported label 'Associate'.
Infosys,2017,headcount_by_grade,grade_middle,80815,count,"Infosys Group (global, permanent employees)",https://www.infosys.com/sustainability/documents/infosys-sustainability-report-2016-17.pdf,Infosys Sustainability Report 2016-17,23,Associate/Junior = JL3 and below; Middle = JL4-JL5; Senior = JL6-JL8; Top = title holders/UMR (definitions per ESG Databook 2021-22 training table). Reported label 'Associate'.
Infosys,2017,headcount_by_grade,grade_senior,27102,count,"Infosys Group (global, permanent employees)",https://www.infosys.com/sustainability/documents/infosys-sustainability-report-2016-17.pdf,Infosys Sustainability Report 2016-17,23,Associate/Junior = JL3 and below; Middle = JL4-JL5; Senior = JL6-JL8; Top = title holders/UMR (definitions per ESG Databook 2021-22 training table). Reported label 'Associate'.
Infosys,2017,headcount_by_grade,grade_top,746,count,"Infosys Group (global, permanent employees)",https://www.infosys.com/sustainability/documents/infosys-sustainability-report-2016-17.pdf,Infosys Sustainability Report 2016-17,23,Associate/Junior = JL3 and below; Middle = JL4-JL5; Senior = JL6-JL8; Top = title holders/UMR (definitions per ESG Databook 2021-22 training table). Reported label 'Associate'.
Infosys,2018,headcount_by_grade,grade_junior,88099,count,"Infosys Group (global, permanent employees)",https://www.infosys.com/sustainability/documents/infosys-sustainability-report-2017-18.pdf,Infosys Sustainability Report 2017-18,61,Associate/Junior = JL3 and below; Middle = JL4-JL5; Senior = JL6-JL8; Top = title holders/UMR (definitions per ESG Databook 2021-22 training table). Reported label 'Associate'.
Infosys,2018,headcount_by_grade,grade_middle,88056,count,"Infosys Group (global, permanent employees)",https://www.infosys.com/sustainability/documents/infosys-sustainability-report-2017-18.pdf,Infosys Sustainability Report 2017-18,61,Associate/Junior = JL3 and below; Middle = JL4-JL5; Senior = JL6-JL8; Top = title holders/UMR (definitions per ESG Databook 2021-22 training table). Reported label 'Associate'.
Infosys,2018,headcount_by_grade,grade_senior,27047,count,"Infosys Group (global, permanent employees)",https://www.infosys.com/sustainability/documents/infosys-sustainability-report-2017-18.pdf,Infosys Sustainability Report 2017-18,61,Associate/Junior = JL3 and below; Middle = JL4-JL5; Senior = JL6-JL8; Top = title holders/UMR (definitions per ESG Databook 2021-22 training table). Reported label 'Associate'.
Infosys,2018,headcount_by_grade,grade_top,905,count,"Infosys Group (global, permanent employees)",https://www.infosys.com/sustainability/documents/infosys-sustainability-report-2017-18.pdf,Infosys Sustainability Report 2017-18,61,Associate/Junior = JL3 and below; Middle = JL4-JL5; Senior = JL6-JL8; Top = title holders/UMR (definitions per ESG Databook 2021-22 training table). Reported label 'Associate'.
Infosys,2019,headcount_by_grade,grade_junior,86558,count,"Infosys Group (global, permanent employees)",https://www.infosys.com/sustainability/documents/infosys-sustainability-report-2018-19.pdf,Infosys Sustainability Report 2018-19,62,Associate/Junior = JL3 and below; Middle = JL4-JL5; Senior = JL6-JL8; Top = title holders/UMR (definitions per ESG Databook 2021-22 training table). Reported label 'Associate'. Middle +22k YoY while Associate flat: check for JL re-mapping.
Infosys,2019,headcount_by_grade,grade_middle,110502,count,"Infosys Group (global, permanent employees)",https://www.infosys.com/sustainability/documents/infosys-sustainability-report-2018-19.pdf,Infosys Sustainability Report 2018-19,62,Associate/Junior = JL3 and below; Middle = JL4-JL5; Senior = JL6-JL8; Top = title holders/UMR (definitions per ESG Databook 2021-22 training table). Reported label 'Associate'. Middle +22k YoY while Associate flat: check for JL re-mapping.
Infosys,2019,headcount_by_grade,grade_senior,30092,count,"Infosys Group (global, permanent employees)",https://www.infosys.com/sustainability/documents/infosys-sustainability-report-2018-19.pdf,Infosys Sustainability Report 2018-19,62,Associate/Junior = JL3 and below; Middle = JL4-JL5; Senior = JL6-JL8; Top = title holders/UMR (definitions per ESG Databook 2021-22 training table). Reported label 'Associate'. Middle +22k YoY while Associate flat: check for JL re-mapping.
Infosys,2019,headcount_by_grade,grade_top,971,count,"Infosys Group (global, permanent employees)",https://www.infosys.com/sustainability/documents/infosys-sustainability-report-2018-19.pdf,Infosys Sustainability Report 2018-19,62,Associate/Junior = JL3 and below; Middle = JL4-JL5; Senior = JL6-JL8; Top = title holders/UMR (definitions per ESG Databook 2021-22 training table). Reported label 'Associate'. Middle +22k YoY while Associate flat: check for JL re-mapping.
Infosys,2020,headcount_by_grade,grade_junior,94584,count,"Infosys Group (global, permanent employees)",https://www.infosys.com/sustainability/documents/infosys-sustainability-report-2019-20.pdf,Infosys Sustainability Report 2019-20,91,Associate/Junior = JL3 and below; Middle = JL4-JL5; Senior = JL6-JL8; Top = title holders/UMR (definitions per ESG Databook 2021-22 training table). Reported label 'Associate'. Excludes Simplus and Stater.
Infosys,2020,headcount_by_grade,grade_middle,115277,count,"Infosys Group (global, permanent employees)",https://www.infosys.com/sustainability/documents/infosys-sustainability-report-2019-20.pdf,Infosys Sustainability Report 2019-20,91,Associate/Junior = JL3 and below; Middle = JL4-JL5; Senior = JL6-JL8; Top = title holders/UMR (definitions per ESG Databook 2021-22 training table). Reported label 'Associate'. Excludes Simplus and Stater.
Infosys,2020,headcount_by_grade,grade_senior,30013,count,"Infosys Group (global, permanent employees)",https://www.infosys.com/sustainability/documents/infosys-sustainability-report-2019-20.pdf,Infosys Sustainability Report 2019-20,91,Associate/Junior = JL3 and below; Middle = JL4-JL5; Senior = JL6-JL8; Top = title holders/UMR (definitions per ESG Databook 2021-22 training table). Reported label 'Associate'. Excludes Simplus and Stater.
Infosys,2020,headcount_by_grade,grade_top,926,count,"Infosys Group (global, permanent employees)",https://www.infosys.com/sustainability/documents/infosys-sustainability-report-2019-20.pdf,Infosys Sustainability Report 2019-20,91,Associate/Junior = JL3 and below; Middle = JL4-JL5; Senior = JL6-JL8; Top = title holders/UMR (definitions per ESG Databook 2021-22 training table). Reported label 'Associate'. Excludes Simplus and Stater.
Infosys,2021,headcount_by_grade,grade_junior,104536,count,"Infosys Group (global, permanent employees)",https://www.infosys.com/sustainability/documents/infosys-esg-databook-2020-21.pdf,Infosys ESG Databook 2020-21,18,Associate/Junior = JL3 and below; Middle = JL4-JL5; Senior = JL6-JL8; Top = title holders/UMR (definitions per ESG Databook 2021-22 training table). Reported label 'Associate'. Excludes Stater.
Infosys,2021,headcount_by_grade,grade_middle,122451,count,"Infosys Group (global, permanent employees)",https://www.infosys.com/sustainability/documents/infosys-esg-databook-2020-21.pdf,Infosys ESG Databook 2020-21,18,Associate/Junior = JL3 and below; Middle = JL4-JL5; Senior = JL6-JL8; Top = title holders/UMR (definitions per ESG Databook 2021-22 training table). Reported label 'Associate'. Excludes Stater.
Infosys,2021,headcount_by_grade,grade_senior,30634,count,"Infosys Group (global, permanent employees)",https://www.infosys.com/sustainability/documents/infosys-esg-databook-2020-21.pdf,Infosys ESG Databook 2020-21,18,Associate/Junior = JL3 and below; Middle = JL4-JL5; Senior = JL6-JL8; Top = title holders/UMR (definitions per ESG Databook 2021-22 training table). Reported label 'Associate'. Excludes Stater.
Infosys,2021,headcount_by_grade,grade_top,965,count,"Infosys Group (global, permanent employees)",https://www.infosys.com/sustainability/documents/infosys-esg-databook-2020-21.pdf,Infosys ESG Databook 2020-21,18,Associate/Junior = JL3 and below; Middle = JL4-JL5; Senior = JL6-JL8; Top = title holders/UMR (definitions per ESG Databook 2021-22 training table). Reported label 'Associate'. Excludes Stater.
Infosys,2022,headcount_by_grade,grade_junior,145406,count,"Infosys Group (global, permanent employees)",https://www.infosys.com/sustainability/documents/infosys-esg-databook-2021-22.pdf,Infosys ESG Databook 2021-22,21,Associate/Junior = JL3 and below; Middle = JL4-JL5; Senior = JL6-JL8; Top = title holders/UMR (definitions per ESG Databook 2021-22 training table). Reported label 'Associate'. Excludes Stater.
Infosys,2022,headcount_by_grade,grade_middle,130943,count,"Infosys Group (global, permanent employees)",https://www.infosys.com/sustainability/documents/infosys-esg-databook-2021-22.pdf,Infosys ESG Databook 2021-22,21,Associate/Junior = JL3 and below; Middle = JL4-JL5; Senior = JL6-JL8; Top = title holders/UMR (definitions per ESG Databook 2021-22 training table). Reported label 'Associate'. Excludes Stater.
Infosys,2022,headcount_by_grade,grade_senior,35546,count,"Infosys Group (global, permanent employees)",https://www.infosys.com/sustainability/documents/infosys-esg-databook-2021-22.pdf,Infosys ESG Databook 2021-22,21,Associate/Junior = JL3 and below; Middle = JL4-JL5; Senior = JL6-JL8; Top = title holders/UMR (definitions per ESG Databook 2021-22 training table). Reported label 'Associate'. Excludes Stater.
Infosys,2022,headcount_by_grade,grade_top,1101,count,"Infosys Group (global, permanent employees)",https://www.infosys.com/sustainability/documents/infosys-esg-databook-2021-22.pdf,Infosys ESG Databook 2021-22,21,Associate/Junior = JL3 and below; Middle = JL4-JL5; Senior = JL6-JL8; Top = title holders/UMR (definitions per ESG Databook 2021-22 training table). Reported label 'Associate'. Excludes Stater.
Infosys,2022,headcount_by_grade,grade_junior,145406,count,"Infosys Group (global, permanent employees)",https://www.infosys.com/sustainability/documents/infosys-esg-databook-2023-24.pdf,Infosys ESG Databook 2023-24,20,"Associate/Junior = JL3 and below; Middle = JL4-JL5; Senior = JL6-JL8; Top = title holders/UMR (definitions per ESG Databook 2021-22 training table). Restated vintage: Senior includes Top; includes Stater (Middle +1,019)."
Infosys,2022,headcount_by_grade,grade_middle,131962,count,"Infosys Group (global, permanent employees)",https://www.infosys.com/sustainability/documents/infosys-esg-databook-2023-24.pdf,Infosys ESG Databook 2023-24,20,"Associate/Junior = JL3 and below; Middle = JL4-JL5; Senior = JL6-JL8; Top = title holders/UMR (definitions per ESG Databook 2021-22 training table). Restated vintage: Senior includes Top; includes Stater (Middle +1,019)."
Infosys,2022,headcount_by_grade,grade_senior,36647,count,"Infosys Group (global, permanent employees)",https://www.infosys.com/sustainability/documents/infosys-esg-databook-2023-24.pdf,Infosys ESG Databook 2023-24,20,"Associate/Junior = JL3 and below; Middle = JL4-JL5; Senior = JL6-JL8; Top = title holders/UMR (definitions per ESG Databook 2021-22 training table). Restated vintage: Senior includes Top; includes Stater (Middle +1,019)."
Infosys,2023,headcount_by_grade,grade_junior,157913,count,"Infosys Group (global, permanent employees)",https://www.infosys.com/sustainability/documents/infosys-esg-databook-2022-23.pdf,Infosys ESG Databook 2022-23,20,Associate/Junior = JL3 and below; Middle = JL4-JL5; Senior = JL6-JL8; Top = title holders/UMR (definitions per ESG Databook 2021-22 training table). Senior includes Top from this databook onward.
Infosys,2023,headcount_by_grade,grade_middle,141826,count,"Infosys Group (global, permanent employees)",https://www.infosys.com/sustainability/documents/infosys-esg-databook-2022-23.pdf,Infosys ESG Databook 2022-23,20,Associate/Junior = JL3 and below; Middle = JL4-JL5; Senior = JL6-JL8; Top = title holders/UMR (definitions per ESG Databook 2021-22 training table). Senior includes Top from this databook onward.
Infosys,2023,headcount_by_grade,grade_senior,42171,count,"Infosys Group (global, permanent employees)",https://www.infosys.com/sustainability/documents/infosys-esg-databook-2022-23.pdf,Infosys ESG Databook 2022-23,20,Associate/Junior = JL3 and below; Middle = JL4-JL5; Senior = JL6-JL8; Top = title holders/UMR (definitions per ESG Databook 2021-22 training table). Senior includes Top from this databook onward.
Infosys,2023,headcount_by_grade,grade_junior,157913,count,"Infosys Group (global, permanent employees)",https://www.infosys.com/sustainability/documents/infosys-esg-databook-2023-24.pdf,Infosys ESG Databook 2023-24,20,"Associate/Junior = JL3 and below; Middle = JL4-JL5; Senior = JL6-JL8; Top = title holders/UMR (definitions per ESG Databook 2021-22 training table). Restated vintage (Middle +1,324; total now equals group headcount)."
Infosys,2023,headcount_by_grade,grade_middle,143150,count,"Infosys Group (global, permanent employees)",https://www.infosys.com/sustainability/documents/infosys-esg-databook-2023-24.pdf,Infosys ESG Databook 2023-24,20,"Associate/Junior = JL3 and below; Middle = JL4-JL5; Senior = JL6-JL8; Top = title holders/UMR (definitions per ESG Databook 2021-22 training table). Restated vintage (Middle +1,324; total now equals group headcount)."
Infosys,2023,headcount_by_grade,grade_senior,42171,count,"Infosys Group (global, permanent employees)",https://www.infosys.com/sustainability/documents/infosys-esg-databook-2023-24.pdf,Infosys ESG Databook 2023-24,20,"Associate/Junior = JL3 and below; Middle = JL4-JL5; Senior = JL6-JL8; Top = title holders/UMR (definitions per ESG Databook 2021-22 training table). Restated vintage (Middle +1,324; total now equals group headcount)."
Infosys,2024,headcount_by_grade,grade_junior,130304,count,"Infosys Group (global, permanent employees)",https://www.infosys.com/sustainability/documents/infosys-esg-databook-2023-24.pdf,Infosys ESG Databook 2023-24,20,Associate/Junior = JL3 and below; Middle = JL4-JL5; Senior = JL6-JL8; Top = title holders/UMR (definitions per ESG Databook 2021-22 training table). Senior includes Top.
Infosys,2024,headcount_by_grade,grade_middle,143709,count,"Infosys Group (global, permanent employees)",https://www.infosys.com/sustainability/documents/infosys-esg-databook-2023-24.pdf,Infosys ESG Databook 2023-24,20,Associate/Junior = JL3 and below; Middle = JL4-JL5; Senior = JL6-JL8; Top = title holders/UMR (definitions per ESG Databook 2021-22 training table). Senior includes Top.
Infosys,2024,headcount_by_grade,grade_senior,43227,count,"Infosys Group (global, permanent employees)",https://www.infosys.com/sustainability/documents/infosys-esg-databook-2023-24.pdf,Infosys ESG Databook 2023-24,20,Associate/Junior = JL3 and below; Middle = JL4-JL5; Senior = JL6-JL8; Top = title holders/UMR (definitions per ESG Databook 2021-22 training table). Senior includes Top.
Infosys,2025,headcount_by_grade,grade_junior,114735,count,"Infosys Group (global, permanent employees)",https://www.infosys.com/sustainability/documents/infosys-esg-databook-2024-25.pdf,Infosys ESG Databook 2024-25,26,Associate/Junior = JL3 and below; Middle = JL4-JL5; Senior = JL6-JL8; Top = title holders/UMR (definitions per ESG Databook 2021-22 training table). Senior includes Top.
Infosys,2025,headcount_by_grade,grade_middle,162064,count,"Infosys Group (global, permanent employees)",https://www.infosys.com/sustainability/documents/infosys-esg-databook-2024-25.pdf,Infosys ESG Databook 2024-25,26,Associate/Junior = JL3 and below; Middle = JL4-JL5; Senior = JL6-JL8; Top = title holders/UMR (definitions per ESG Databook 2021-22 training table). Senior includes Top.
Infosys,2025,headcount_by_grade,grade_senior,46779,count,"Infosys Group (global, permanent employees)",https://www.infosys.com/sustainability/documents/infosys-esg-databook-2024-25.pdf,Infosys ESG Databook 2024-25,26,Associate/Junior = JL3 and below; Middle = JL4-JL5; Senior = JL6-JL8; Top = title holders/UMR (definitions per ESG Databook 2021-22 training table). Senior includes Top.
Infosys,2026,headcount_by_grade,grade_junior,98703,count,"Infosys Group (global, permanent employees)",https://www.infosys.com/sustainability/documents/infosys-esg-databook-2025-26.pdf,Infosys ESG Databook 2025-26,26,Associate/Junior = JL3 and below; Middle = JL4-JL5; Senior = JL6-JL8; Top = title holders/UMR (definitions per ESG Databook 2021-22 training table). Senior includes Top.
Infosys,2026,headcount_by_grade,grade_middle,179657,count,"Infosys Group (global, permanent employees)",https://www.infosys.com/sustainability/documents/infosys-esg-databook-2025-26.pdf,Infosys ESG Databook 2025-26,26,Associate/Junior = JL3 and below; Middle = JL4-JL5; Senior = JL6-JL8; Top = title holders/UMR (definitions per ESG Databook 2021-22 training table). Senior includes Top.
Infosys,2026,headcount_by_grade,grade_senior,50234,count,"Infosys Group (global, permanent employees)",https://www.infosys.com/sustainability/documents/infosys-esg-databook-2025-26.pdf,Infosys ESG Databook 2025-26,26,Associate/Junior = JL3 and below; Middle = JL4-JL5; Senior = JL6-JL8; Top = title holders/UMR (definitions per ESG Databook 2021-22 training table). Senior includes Top.
Infosys,2016,new_hires_by_age,age_lt30,43095,count,"Infosys Group (global, permanent employees)",https://www.infosys.com/sustainability/documents/infosys-sustainability-report-2015-16.pdf,Infosys Sustainability Report 2015-16,24,"Computed: sum of reported age x region (Americas/APAC/EMEA/India) x gender cells. Reported 'rate' columns in source are shares of total hires/turnover, not rates; not recorded. Infosys age bands: <=30, 31-50, >50 (>=50 label used from FY22 databook)."
Infosys,2016,new_hires_by_age,age_lt30_male,25114,count,"Infosys Group (global, permanent employees)",https://www.infosys.com/sustainability/documents/infosys-sustainability-report-2015-16.pdf,Infosys Sustainability Report 2015-16,24,"Computed: sum of reported age x region (Americas/APAC/EMEA/India) x gender cells. Reported 'rate' columns in source are shares of total hires/turnover, not rates; not recorded. "
Infosys,2016,new_hires_by_age,age_lt30_female,17981,count,"Infosys Group (global, permanent employees)",https://www.infosys.com/sustainability/documents/infosys-sustainability-report-2015-16.pdf,Infosys Sustainability Report 2015-16,24,"Computed: sum of reported age x region (Americas/APAC/EMEA/India) x gender cells. Reported 'rate' columns in source are shares of total hires/turnover, not rates; not recorded. "
Infosys,2016,new_hires_by_age,age_30_50,8869,count,"Infosys Group (global, permanent employees)",https://www.infosys.com/sustainability/documents/infosys-sustainability-report-2015-16.pdf,Infosys Sustainability Report 2015-16,24,"Computed: sum of reported age x region (Americas/APAC/EMEA/India) x gender cells. Reported 'rate' columns in source are shares of total hires/turnover, not rates; not recorded. Infosys age bands: <=30, 31-50, >50 (>=50 label used from FY22 databook)."
Infosys,2016,new_hires_by_age,age_30_50_male,6676,count,"Infosys Group (global, permanent employees)",https://www.infosys.com/sustainability/documents/infosys-sustainability-report-2015-16.pdf,Infosys Sustainability Report 2015-16,24,"Computed: sum of reported age x region (Americas/APAC/EMEA/India) x gender cells. Reported 'rate' columns in source are shares of total hires/turnover, not rates; not recorded. "
Infosys,2016,new_hires_by_age,age_30_50_female,2193,count,"Infosys Group (global, permanent employees)",https://www.infosys.com/sustainability/documents/infosys-sustainability-report-2015-16.pdf,Infosys Sustainability Report 2015-16,24,"Computed: sum of reported age x region (Americas/APAC/EMEA/India) x gender cells. Reported 'rate' columns in source are shares of total hires/turnover, not rates; not recorded. "
Infosys,2016,new_hires_by_age,age_gt50,581,count,"Infosys Group (global, permanent employees)",https://www.infosys.com/sustainability/documents/infosys-sustainability-report-2015-16.pdf,Infosys Sustainability Report 2015-16,24,"Computed: sum of reported age x region (Americas/APAC/EMEA/India) x gender cells. Reported 'rate' columns in source are shares of total hires/turnover, not rates; not recorded. Infosys age bands: <=30, 31-50, >50 (>=50 label used from FY22 databook)."
Infosys,2016,new_hires_by_age,age_gt50_male,457,count,"Infosys Group (global, permanent employees)",https://www.infosys.com/sustainability/documents/infosys-sustainability-report-2015-16.pdf,Infosys Sustainability Report 2015-16,24,"Computed: sum of reported age x region (Americas/APAC/EMEA/India) x gender cells. Reported 'rate' columns in source are shares of total hires/turnover, not rates; not recorded. "
Infosys,2016,new_hires_by_age,age_gt50_female,124,count,"Infosys Group (global, permanent employees)",https://www.infosys.com/sustainability/documents/infosys-sustainability-report-2015-16.pdf,Infosys Sustainability Report 2015-16,24,"Computed: sum of reported age x region (Americas/APAC/EMEA/India) x gender cells. Reported 'rate' columns in source are shares of total hires/turnover, not rates; not recorded. "
Infosys,2016,new_hires_total,total,52545,count,"Infosys Group (global, permanent employees)",https://www.infosys.com/sustainability/documents/infosys-sustainability-report-2015-16.pdf,Infosys Sustainability Report 2015-16,24,"Computed: sum of reported age x region (Americas/APAC/EMEA/India) x gender cells. Reported 'rate' columns in source are shares of total hires/turnover, not rates; not recorded. Matches reported total 52,545."
Infosys,2016,turnover_by_age,age_lt30,25925,count,"Infosys Group (global, permanent employees)",https://www.infosys.com/sustainability/documents/infosys-sustainability-report-2015-16.pdf,Infosys Sustainability Report 2015-16,24-25,"Computed: sum of reported age x region (Americas/APAC/EMEA/India) x gender cells. Reported 'rate' columns in source are shares of total hires/turnover, not rates; not recorded. Total (voluntary+involuntary presumably) turnover - NOT the voluntary IT-services series used from FY22 onward in later databooks. Infosys age bands: <=30, 31-50, >50 (>=50 label used from FY22 databook)."
Infosys,2016,turnover_by_age,age_lt30_male,15110,count,"Infosys Group (global, permanent employees)",https://www.infosys.com/sustainability/documents/infosys-sustainability-report-2015-16.pdf,Infosys Sustainability Report 2015-16,24-25,"Computed: sum of reported age x region (Americas/APAC/EMEA/India) x gender cells. Reported 'rate' columns in source are shares of total hires/turnover, not rates; not recorded. Total (voluntary+involuntary presumably) turnover - NOT the voluntary IT-services series used from FY22 onward in later databooks. "
Infosys,2016,turnover_by_age,age_lt30_female,10815,count,"Infosys Group (global, permanent employees)",https://www.infosys.com/sustainability/documents/infosys-sustainability-report-2015-16.pdf,Infosys Sustainability Report 2015-16,24-25,"Computed: sum of reported age x region (Americas/APAC/EMEA/India) x gender cells. Reported 'rate' columns in source are shares of total hires/turnover, not rates; not recorded. Total (voluntary+involuntary presumably) turnover - NOT the voluntary IT-services series used from FY22 onward in later databooks. "
Infosys,2016,turnover_by_age,age_30_50,8414,count,"Infosys Group (global, permanent employees)",https://www.infosys.com/sustainability/documents/infosys-sustainability-report-2015-16.pdf,Infosys Sustainability Report 2015-16,24-25,"Computed: sum of reported age x region (Americas/APAC/EMEA/India) x gender cells. Reported 'rate' columns in source are shares of total hires/turnover, not rates; not recorded. Total (voluntary+involuntary presumably) turnover - NOT the voluntary IT-services series used from FY22 onward in later databooks. Infosys age bands: <=30, 31-50, >50 (>=50 label used from FY22 databook)."
Infosys,2016,turnover_by_age,age_30_50_male,6095,count,"Infosys Group (global, permanent employees)",https://www.infosys.com/sustainability/documents/infosys-sustainability-report-2015-16.pdf,Infosys Sustainability Report 2015-16,24-25,"Computed: sum of reported age x region (Americas/APAC/EMEA/India) x gender cells. Reported 'rate' columns in source are shares of total hires/turnover, not rates; not recorded. Total (voluntary+involuntary presumably) turnover - NOT the voluntary IT-services series used from FY22 onward in later databooks. "
Infosys,2016,turnover_by_age,age_30_50_female,2319,count,"Infosys Group (global, permanent employees)",https://www.infosys.com/sustainability/documents/infosys-sustainability-report-2015-16.pdf,Infosys Sustainability Report 2015-16,24-25,"Computed: sum of reported age x region (Americas/APAC/EMEA/India) x gender cells. Reported 'rate' columns in source are shares of total hires/turnover, not rates; not recorded. Total (voluntary+involuntary presumably) turnover - NOT the voluntary IT-services series used from FY22 onward in later databooks. "
Infosys,2016,turnover_by_age,age_gt50,349,count,"Infosys Group (global, permanent employees)",https://www.infosys.com/sustainability/documents/infosys-sustainability-report-2015-16.pdf,Infosys Sustainability Report 2015-16,24-25,"Computed: sum of reported age x region (Americas/APAC/EMEA/India) x gender cells. Reported 'rate' columns in source are shares of total hires/turnover, not rates; not recorded. Total (voluntary+involuntary presumably) turnover - NOT the voluntary IT-services series used from FY22 onward in later databooks. Infosys age bands: <=30, 31-50, >50 (>=50 label used from FY22 databook)."
Infosys,2016,turnover_by_age,age_gt50_male,277,count,"Infosys Group (global, permanent employees)",https://www.infosys.com/sustainability/documents/infosys-sustainability-report-2015-16.pdf,Infosys Sustainability Report 2015-16,24-25,"Computed: sum of reported age x region (Americas/APAC/EMEA/India) x gender cells. Reported 'rate' columns in source are shares of total hires/turnover, not rates; not recorded. Total (voluntary+involuntary presumably) turnover - NOT the voluntary IT-services series used from FY22 onward in later databooks. "
Infosys,2016,turnover_by_age,age_gt50_female,72,count,"Infosys Group (global, permanent employees)",https://www.infosys.com/sustainability/documents/infosys-sustainability-report-2015-16.pdf,Infosys Sustainability Report 2015-16,24-25,"Computed: sum of reported age x region (Americas/APAC/EMEA/India) x gender cells. Reported 'rate' columns in source are shares of total hires/turnover, not rates; not recorded. Total (voluntary+involuntary presumably) turnover - NOT the voluntary IT-services series used from FY22 onward in later databooks. "
Infosys,2016,turnover_total,total,34688,count,"Infosys Group (global, permanent employees)",https://www.infosys.com/sustainability/documents/infosys-sustainability-report-2015-16.pdf,Infosys Sustainability Report 2015-16,24-25,"Computed: sum of reported age x region (Americas/APAC/EMEA/India) x gender cells. Reported 'rate' columns in source are shares of total hires/turnover, not rates; not recorded. Total (voluntary+involuntary presumably) turnover - NOT the voluntary IT-services series used from FY22 onward in later databooks. Matches reported total 34,688."
Infosys,2017,new_hires_by_age,age_lt30,36595,count,"Infosys Group (global, permanent employees)",https://www.infosys.com/sustainability/documents/infosys-sustainability-report-2016-17.pdf,Infosys Sustainability Report 2016-17,24,"Computed: sum of reported age x region (Americas/APAC/EMEA/India) x gender cells. Reported 'rate' columns in source are shares of total hires/turnover, not rates; not recorded. Infosys age bands: <=30, 31-50, >50 (>=50 label used from FY22 databook)."
Infosys,2017,new_hires_by_age,age_lt30_male,20934,count,"Infosys Group (global, permanent employees)",https://www.infosys.com/sustainability/documents/infosys-sustainability-report-2016-17.pdf,Infosys Sustainability Report 2016-17,24,"Computed: sum of reported age x region (Americas/APAC/EMEA/India) x gender cells. Reported 'rate' columns in source are shares of total hires/turnover, not rates; not recorded. "
Infosys,2017,new_hires_by_age,age_lt30_female,15661,count,"Infosys Group (global, permanent employees)",https://www.infosys.com/sustainability/documents/infosys-sustainability-report-2016-17.pdf,Infosys Sustainability Report 2016-17,24,"Computed: sum of reported age x region (Americas/APAC/EMEA/India) x gender cells. Reported 'rate' columns in source are shares of total hires/turnover, not rates; not recorded. "
Infosys,2017,new_hires_by_age,age_30_50,7178,count,"Infosys Group (global, permanent employees)",https://www.infosys.com/sustainability/documents/infosys-sustainability-report-2016-17.pdf,Infosys Sustainability Report 2016-17,24,"Computed: sum of reported age x region (Americas/APAC/EMEA/India) x gender cells. Reported 'rate' columns in source are shares of total hires/turnover, not rates; not recorded. Infosys age bands: <=30, 31-50, >50 (>=50 label used from FY22 databook)."
Infosys,2017,new_hires_by_age,age_30_50_male,5187,count,"Infosys Group (global, permanent employees)",https://www.infosys.com/sustainability/documents/infosys-sustainability-report-2016-17.pdf,Infosys Sustainability Report 2016-17,24,"Computed: sum of reported age x region (Americas/APAC/EMEA/India) x gender cells. Reported 'rate' columns in source are shares of total hires/turnover, not rates; not recorded. "
Infosys,2017,new_hires_by_age,age_30_50_female,1991,count,"Infosys Group (global, permanent employees)",https://www.infosys.com/sustainability/documents/infosys-sustainability-report-2016-17.pdf,Infosys Sustainability Report 2016-17,24,"Computed: sum of reported age x region (Americas/APAC/EMEA/India) x gender cells. Reported 'rate' columns in source are shares of total hires/turnover, not rates; not recorded. "
Infosys,2017,new_hires_by_age,age_gt50,462,count,"Infosys Group (global, permanent employees)",https://www.infosys.com/sustainability/documents/infosys-sustainability-report-2016-17.pdf,Infosys Sustainability Report 2016-17,24,"Computed: sum of reported age x region (Americas/APAC/EMEA/India) x gender cells. Reported 'rate' columns in source are shares of total hires/turnover, not rates; not recorded. Infosys age bands: <=30, 31-50, >50 (>=50 label used from FY22 databook)."
Infosys,2017,new_hires_by_age,age_gt50_male,378,count,"Infosys Group (global, permanent employees)",https://www.infosys.com/sustainability/documents/infosys-sustainability-report-2016-17.pdf,Infosys Sustainability Report 2016-17,24,"Computed: sum of reported age x region (Americas/APAC/EMEA/India) x gender cells. Reported 'rate' columns in source are shares of total hires/turnover, not rates; not recorded. "
Infosys,2017,new_hires_by_age,age_gt50_female,84,count,"Infosys Group (global, permanent employees)",https://www.infosys.com/sustainability/documents/infosys-sustainability-report-2016-17.pdf,Infosys Sustainability Report 2016-17,24,"Computed: sum of reported age x region (Americas/APAC/EMEA/India) x gender cells. Reported 'rate' columns in source are shares of total hires/turnover, not rates; not recorded. "
Infosys,2017,new_hires_total,total,44235,count,"Infosys Group (global, permanent employees)",https://www.infosys.com/sustainability/documents/infosys-sustainability-report-2016-17.pdf,Infosys Sustainability Report 2016-17,24,"Computed: sum of reported age x region (Americas/APAC/EMEA/India) x gender cells. Reported 'rate' columns in source are shares of total hires/turnover, not rates; not recorded. Matches reported total 44,235."
Infosys,2017,turnover_by_age,age_lt30,27460,count,"Infosys Group (global, permanent employees)",https://www.infosys.com/sustainability/documents/infosys-sustainability-report-2016-17.pdf,Infosys Sustainability Report 2016-17,24-25,"Computed: sum of reported age x region (Americas/APAC/EMEA/India) x gender cells. Reported 'rate' columns in source are shares of total hires/turnover, not rates; not recorded. Total (voluntary+involuntary presumably) turnover - NOT the voluntary IT-services series used from FY22 onward in later databooks. Infosys age bands: <=30, 31-50, >50 (>=50 label used from FY22 databook)."
Infosys,2017,turnover_by_age,age_lt30_male,15793,count,"Infosys Group (global, permanent employees)",https://www.infosys.com/sustainability/documents/infosys-sustainability-report-2016-17.pdf,Infosys Sustainability Report 2016-17,24-25,"Computed: sum of reported age x region (Americas/APAC/EMEA/India) x gender cells. Reported 'rate' columns in source are shares of total hires/turnover, not rates; not recorded. Total (voluntary+involuntary presumably) turnover - NOT the voluntary IT-services series used from FY22 onward in later databooks. "
Infosys,2017,turnover_by_age,age_lt30_female,11667,count,"Infosys Group (global, permanent employees)",https://www.infosys.com/sustainability/documents/infosys-sustainability-report-2016-17.pdf,Infosys Sustainability Report 2016-17,24-25,"Computed: sum of reported age x region (Americas/APAC/EMEA/India) x gender cells. Reported 'rate' columns in source are shares of total hires/turnover, not rates; not recorded. Total (voluntary+involuntary presumably) turnover - NOT the voluntary IT-services series used from FY22 onward in later databooks. "
Infosys,2017,turnover_by_age,age_30_50,9957,count,"Infosys Group (global, permanent employees)",https://www.infosys.com/sustainability/documents/infosys-sustainability-report-2016-17.pdf,Infosys Sustainability Report 2016-17,24-25,"Computed: sum of reported age x region (Americas/APAC/EMEA/India) x gender cells. Reported 'rate' columns in source are shares of total hires/turnover, not rates; not recorded. Total (voluntary+involuntary presumably) turnover - NOT the voluntary IT-services series used from FY22 onward in later databooks. Infosys age bands: <=30, 31-50, >50 (>=50 label used from FY22 databook)."
Infosys,2017,turnover_by_age,age_30_50_male,7141,count,"Infosys Group (global, permanent employees)",https://www.infosys.com/sustainability/documents/infosys-sustainability-report-2016-17.pdf,Infosys Sustainability Report 2016-17,24-25,"Computed: sum of reported age x region (Americas/APAC/EMEA/India) x gender cells. Reported 'rate' columns in source are shares of total hires/turnover, not rates; not recorded. Total (voluntary+involuntary presumably) turnover - NOT the voluntary IT-services series used from FY22 onward in later databooks. "
Infosys,2017,turnover_by_age,age_30_50_female,2816,count,"Infosys Group (global, permanent employees)",https://www.infosys.com/sustainability/documents/infosys-sustainability-report-2016-17.pdf,Infosys Sustainability Report 2016-17,24-25,"Computed: sum of reported age x region (Americas/APAC/EMEA/India) x gender cells. Reported 'rate' columns in source are shares of total hires/turnover, not rates; not recorded. Total (voluntary+involuntary presumably) turnover - NOT the voluntary IT-services series used from FY22 onward in later databooks. "
Infosys,2017,turnover_by_age,age_gt50,498,count,"Infosys Group (global, permanent employees)",https://www.infosys.com/sustainability/documents/infosys-sustainability-report-2016-17.pdf,Infosys Sustainability Report 2016-17,24-25,"Computed: sum of reported age x region (Americas/APAC/EMEA/India) x gender cells. Reported 'rate' columns in source are shares of total hires/turnover, not rates; not recorded. Total (voluntary+involuntary presumably) turnover - NOT the voluntary IT-services series used from FY22 onward in later databooks. Infosys age bands: <=30, 31-50, >50 (>=50 label used from FY22 databook)."
Infosys,2017,turnover_by_age,age_gt50_male,377,count,"Infosys Group (global, permanent employees)",https://www.infosys.com/sustainability/documents/infosys-sustainability-report-2016-17.pdf,Infosys Sustainability Report 2016-17,24-25,"Computed: sum of reported age x region (Americas/APAC/EMEA/India) x gender cells. Reported 'rate' columns in source are shares of total hires/turnover, not rates; not recorded. Total (voluntary+involuntary presumably) turnover - NOT the voluntary IT-services series used from FY22 onward in later databooks. "
Infosys,2017,turnover_by_age,age_gt50_female,121,count,"Infosys Group (global, permanent employees)",https://www.infosys.com/sustainability/documents/infosys-sustainability-report-2016-17.pdf,Infosys Sustainability Report 2016-17,24-25,"Computed: sum of reported age x region (Americas/APAC/EMEA/India) x gender cells. Reported 'rate' columns in source are shares of total hires/turnover, not rates; not recorded. Total (voluntary+involuntary presumably) turnover - NOT the voluntary IT-services series used from FY22 onward in later databooks. "
Infosys,2017,turnover_total,total,37915,count,"Infosys Group (global, permanent employees)",https://www.infosys.com/sustainability/documents/infosys-sustainability-report-2016-17.pdf,Infosys Sustainability Report 2016-17,24-25,"Computed: sum of reported age x region (Americas/APAC/EMEA/India) x gender cells. Reported 'rate' columns in source are shares of total hires/turnover, not rates; not recorded. Total (voluntary+involuntary presumably) turnover - NOT the voluntary IT-services series used from FY22 onward in later databooks. Matches reported total 37,915."
Infosys,2018,new_hires_by_age,age_lt30,35135,count,"Infosys Group (global, permanent employees)",https://www.infosys.com/sustainability/documents/infosys-sustainability-report-2017-18.pdf,Infosys Sustainability Report 2017-18,62,"Computed: sum of reported age x region (Americas/APAC/EMEA/India) x gender cells. Reported 'rate' columns in source are shares of total hires/turnover, not rates; not recorded. Infosys age bands: <=30, 31-50, >50 (>=50 label used from FY22 databook)."
Infosys,2018,new_hires_by_age,age_lt30_male,20699,count,"Infosys Group (global, permanent employees)",https://www.infosys.com/sustainability/documents/infosys-sustainability-report-2017-18.pdf,Infosys Sustainability Report 2017-18,62,"Computed: sum of reported age x region (Americas/APAC/EMEA/India) x gender cells. Reported 'rate' columns in source are shares of total hires/turnover, not rates; not recorded. "
Infosys,2018,new_hires_by_age,age_lt30_female,14436,count,"Infosys Group (global, permanent employees)",https://www.infosys.com/sustainability/documents/infosys-sustainability-report-2017-18.pdf,Infosys Sustainability Report 2017-18,62,"Computed: sum of reported age x region (Americas/APAC/EMEA/India) x gender cells. Reported 'rate' columns in source are shares of total hires/turnover, not rates; not recorded. "
Infosys,2018,new_hires_by_age,age_30_50,8237,count,"Infosys Group (global, permanent employees)",https://www.infosys.com/sustainability/documents/infosys-sustainability-report-2017-18.pdf,Infosys Sustainability Report 2017-18,62,"Computed: sum of reported age x region (Americas/APAC/EMEA/India) x gender cells. Reported 'rate' columns in source are shares of total hires/turnover, not rates; not recorded. Infosys age bands: <=30, 31-50, >50 (>=50 label used from FY22 databook)."
Infosys,2018,new_hires_by_age,age_30_50_male,5977,count,"Infosys Group (global, permanent employees)",https://www.infosys.com/sustainability/documents/infosys-sustainability-report-2017-18.pdf,Infosys Sustainability Report 2017-18,62,"Computed: sum of reported age x region (Americas/APAC/EMEA/India) x gender cells. Reported 'rate' columns in source are shares of total hires/turnover, not rates; not recorded. "
Infosys,2018,new_hires_by_age,age_30_50_female,2260,count,"Infosys Group (global, permanent employees)",https://www.infosys.com/sustainability/documents/infosys-sustainability-report-2017-18.pdf,Infosys Sustainability Report 2017-18,62,"Computed: sum of reported age x region (Americas/APAC/EMEA/India) x gender cells. Reported 'rate' columns in source are shares of total hires/turnover, not rates; not recorded. "
Infosys,2018,new_hires_by_age,age_gt50,738,count,"Infosys Group (global, permanent employees)",https://www.infosys.com/sustainability/documents/infosys-sustainability-report-2017-18.pdf,Infosys Sustainability Report 2017-18,62,"Computed: sum of reported age x region (Americas/APAC/EMEA/India) x gender cells. Reported 'rate' columns in source are shares of total hires/turnover, not rates; not recorded. Infosys age bands: <=30, 31-50, >50 (>=50 label used from FY22 databook)."
Infosys,2018,new_hires_by_age,age_gt50_male,620,count,"Infosys Group (global, permanent employees)",https://www.infosys.com/sustainability/documents/infosys-sustainability-report-2017-18.pdf,Infosys Sustainability Report 2017-18,62,"Computed: sum of reported age x region (Americas/APAC/EMEA/India) x gender cells. Reported 'rate' columns in source are shares of total hires/turnover, not rates; not recorded. "
Infosys,2018,new_hires_by_age,age_gt50_female,118,count,"Infosys Group (global, permanent employees)",https://www.infosys.com/sustainability/documents/infosys-sustainability-report-2017-18.pdf,Infosys Sustainability Report 2017-18,62,"Computed: sum of reported age x region (Americas/APAC/EMEA/India) x gender cells. Reported 'rate' columns in source are shares of total hires/turnover, not rates; not recorded. "
Infosys,2018,new_hires_total,total,44110,count,"Infosys Group (global, permanent employees)",https://www.infosys.com/sustainability/documents/infosys-sustainability-report-2017-18.pdf,Infosys Sustainability Report 2017-18,62,"Computed: sum of reported age x region (Americas/APAC/EMEA/India) x gender cells. Reported 'rate' columns in source are shares of total hires/turnover, not rates; not recorded. Matches reported total 44,110."
Infosys,2018,turnover_by_age,age_lt30,28580,count,"Infosys Group (global, permanent employees)",https://www.infosys.com/sustainability/documents/infosys-sustainability-report-2017-18.pdf,Infosys Sustainability Report 2017-18,63,"Computed: sum of reported age x region (Americas/APAC/EMEA/India) x gender cells. Reported 'rate' columns in source are shares of total hires/turnover, not rates; not recorded. Total (voluntary+involuntary presumably) turnover - NOT the voluntary IT-services series used from FY22 onward in later databooks. Infosys age bands: <=30, 31-50, >50 (>=50 label used from FY22 databook)."
Infosys,2018,turnover_by_age,age_lt30_male,16540,count,"Infosys Group (global, permanent employees)",https://www.infosys.com/sustainability/documents/infosys-sustainability-report-2017-18.pdf,Infosys Sustainability Report 2017-18,63,"Computed: sum of reported age x region (Americas/APAC/EMEA/India) x gender cells. Reported 'rate' columns in source are shares of total hires/turnover, not rates; not recorded. Total (voluntary+involuntary presumably) turnover - NOT the voluntary IT-services series used from FY22 onward in later databooks. "
Infosys,2018,turnover_by_age,age_lt30_female,12040,count,"Infosys Group (global, permanent employees)",https://www.infosys.com/sustainability/documents/infosys-sustainability-report-2017-18.pdf,Infosys Sustainability Report 2017-18,63,"Computed: sum of reported age x region (Americas/APAC/EMEA/India) x gender cells. Reported 'rate' columns in source are shares of total hires/turnover, not rates; not recorded. Total (voluntary+involuntary presumably) turnover - NOT the voluntary IT-services series used from FY22 onward in later databooks. "
Infosys,2018,turnover_by_age,age_30_50,11164,count,"Infosys Group (global, permanent employees)",https://www.infosys.com/sustainability/documents/infosys-sustainability-report-2017-18.pdf,Infosys Sustainability Report 2017-18,63,"Computed: sum of reported age x region (Americas/APAC/EMEA/India) x gender cells. Reported 'rate' columns in source are shares of total hires/turnover, not rates; not recorded. Total (voluntary+involuntary presumably) turnover - NOT the voluntary IT-services series used from FY22 onward in later databooks. Infosys age bands: <=30, 31-50, >50 (>=50 label used from FY22 databook)."
Infosys,2018,turnover_by_age,age_30_50_male,7959,count,"Infosys Group (global, permanent employees)",https://www.infosys.com/sustainability/documents/infosys-sustainability-report-2017-18.pdf,Infosys Sustainability Report 2017-18,63,"Computed: sum of reported age x region (Americas/APAC/EMEA/India) x gender cells. Reported 'rate' columns in source are shares of total hires/turnover, not rates; not recorded. Total (voluntary+involuntary presumably) turnover - NOT the voluntary IT-services series used from FY22 onward in later databooks. "
Infosys,2018,turnover_by_age,age_30_50_female,3205,count,"Infosys Group (global, permanent employees)",https://www.infosys.com/sustainability/documents/infosys-sustainability-report-2017-18.pdf,Infosys Sustainability Report 2017-18,63,"Computed: sum of reported age x region (Americas/APAC/EMEA/India) x gender cells. Reported 'rate' columns in source are shares of total hires/turnover, not rates; not recorded. Total (voluntary+involuntary presumably) turnover - NOT the voluntary IT-services series used from FY22 onward in later databooks. "
Infosys,2018,turnover_by_age,age_gt50,623,count,"Infosys Group (global, permanent employees)",https://www.infosys.com/sustainability/documents/infosys-sustainability-report-2017-18.pdf,Infosys Sustainability Report 2017-18,63,"Computed: sum of reported age x region (Americas/APAC/EMEA/India) x gender cells. Reported 'rate' columns in source are shares of total hires/turnover, not rates; not recorded. Total (voluntary+involuntary presumably) turnover - NOT the voluntary IT-services series used from FY22 onward in later databooks. Infosys age bands: <=30, 31-50, >50 (>=50 label used from FY22 databook)."
Infosys,2018,turnover_by_age,age_gt50_male,512,count,"Infosys Group (global, permanent employees)",https://www.infosys.com/sustainability/documents/infosys-sustainability-report-2017-18.pdf,Infosys Sustainability Report 2017-18,63,"Computed: sum of reported age x region (Americas/APAC/EMEA/India) x gender cells. Reported 'rate' columns in source are shares of total hires/turnover, not rates; not recorded. Total (voluntary+involuntary presumably) turnover - NOT the voluntary IT-services series used from FY22 onward in later databooks. "
Infosys,2018,turnover_by_age,age_gt50_female,111,count,"Infosys Group (global, permanent employees)",https://www.infosys.com/sustainability/documents/infosys-sustainability-report-2017-18.pdf,Infosys Sustainability Report 2017-18,63,"Computed: sum of reported age x region (Americas/APAC/EMEA/India) x gender cells. Reported 'rate' columns in source are shares of total hires/turnover, not rates; not recorded. Total (voluntary+involuntary presumably) turnover - NOT the voluntary IT-services series used from FY22 onward in later databooks. "
Infosys,2018,turnover_total,total,40367,count,"Infosys Group (global, permanent employees)",https://www.infosys.com/sustainability/documents/infosys-sustainability-report-2017-18.pdf,Infosys Sustainability Report 2017-18,63,"Computed: sum of reported age x region (Americas/APAC/EMEA/India) x gender cells. Reported 'rate' columns in source are shares of total hires/turnover, not rates; not recorded. Total (voluntary+involuntary presumably) turnover - NOT the voluntary IT-services series used from FY22 onward in later databooks. Matches reported total 40,367."
Infosys,2019,new_hires_by_age,age_lt30,54287,count,"Infosys Group (global, permanent employees)",https://www.infosys.com/sustainability/documents/infosys-sustainability-report-2019-20.pdf,Infosys Sustainability Report 2019-20,92,"Computed: sum of reported age x region (Americas/APAC/EMEA/India) x gender cells. Reported 'rate' columns in source are shares of total hires/turnover, not rates; not recorded. Infosys age bands: <=30, 31-50, >50 (>=50 label used from FY22 databook)."
Infosys,2019,new_hires_by_age,age_lt30_male,31418,count,"Infosys Group (global, permanent employees)",https://www.infosys.com/sustainability/documents/infosys-sustainability-report-2019-20.pdf,Infosys Sustainability Report 2019-20,92,"Computed: sum of reported age x region (Americas/APAC/EMEA/India) x gender cells. Reported 'rate' columns in source are shares of total hires/turnover, not rates; not recorded. "
Infosys,2019,new_hires_by_age,age_lt30_female,22869,count,"Infosys Group (global, permanent employees)",https://www.infosys.com/sustainability/documents/infosys-sustainability-report-2019-20.pdf,Infosys Sustainability Report 2019-20,92,"Computed: sum of reported age x region (Americas/APAC/EMEA/India) x gender cells. Reported 'rate' columns in source are shares of total hires/turnover, not rates; not recorded. "
Infosys,2019,new_hires_by_age,age_30_50,14384,count,"Infosys Group (global, permanent employees)",https://www.infosys.com/sustainability/documents/infosys-sustainability-report-2019-20.pdf,Infosys Sustainability Report 2019-20,92,"Computed: sum of reported age x region (Americas/APAC/EMEA/India) x gender cells. Reported 'rate' columns in source are shares of total hires/turnover, not rates; not recorded. Infosys age bands: <=30, 31-50, >50 (>=50 label used from FY22 databook)."
Infosys,2019,new_hires_by_age,age_30_50_male,10081,count,"Infosys Group (global, permanent employees)",https://www.infosys.com/sustainability/documents/infosys-sustainability-report-2019-20.pdf,Infosys Sustainability Report 2019-20,92,"Computed: sum of reported age x region (Americas/APAC/EMEA/India) x gender cells. Reported 'rate' columns in source are shares of total hires/turnover, not rates; not recorded. "
Infosys,2019,new_hires_by_age,age_30_50_female,4303,count,"Infosys Group (global, permanent employees)",https://www.infosys.com/sustainability/documents/infosys-sustainability-report-2019-20.pdf,Infosys Sustainability Report 2019-20,92,"Computed: sum of reported age x region (Americas/APAC/EMEA/India) x gender cells. Reported 'rate' columns in source are shares of total hires/turnover, not rates; not recorded. "
Infosys,2019,new_hires_by_age,age_gt50,1730,count,"Infosys Group (global, permanent employees)",https://www.infosys.com/sustainability/documents/infosys-sustainability-report-2019-20.pdf,Infosys Sustainability Report 2019-20,92,"Computed: sum of reported age x region (Americas/APAC/EMEA/India) x gender cells. Reported 'rate' columns in source are shares of total hires/turnover, not rates; not recorded. Infosys age bands: <=30, 31-50, >50 (>=50 label used from FY22 databook)."
Infosys,2019,new_hires_by_age,age_gt50_male,1378,count,"Infosys Group (global, permanent employees)",https://www.infosys.com/sustainability/documents/infosys-sustainability-report-2019-20.pdf,Infosys Sustainability Report 2019-20,92,"Computed: sum of reported age x region (Americas/APAC/EMEA/India) x gender cells. Reported 'rate' columns in source are shares of total hires/turnover, not rates; not recorded. "
Infosys,2019,new_hires_by_age,age_gt50_female,352,count,"Infosys Group (global, permanent employees)",https://www.infosys.com/sustainability/documents/infosys-sustainability-report-2019-20.pdf,Infosys Sustainability Report 2019-20,92,"Computed: sum of reported age x region (Americas/APAC/EMEA/India) x gender cells. Reported 'rate' columns in source are shares of total hires/turnover, not rates; not recorded. "
Infosys,2019,new_hires_total,total,70401,count,"Infosys Group (global, permanent employees)",https://www.infosys.com/sustainability/documents/infosys-sustainability-report-2019-20.pdf,Infosys Sustainability Report 2019-20,92,"Computed: sum of reported age x region (Americas/APAC/EMEA/India) x gender cells. Reported 'rate' columns in source are shares of total hires/turnover, not rates; not recorded. Reported total not printed; sum of cells."
Infosys,2019,turnover_by_age,age_lt30,33245,count,"Infosys Group (global, permanent employees)",https://www.infosys.com/sustainability/documents/infosys-sustainability-report-2019-20.pdf,Infosys Sustainability Report 2019-20,92,"Computed: sum of reported age x region (Americas/APAC/EMEA/India) x gender cells. Reported 'rate' columns in source are shares of total hires/turnover, not rates; not recorded. Total (voluntary+involuntary presumably) turnover - NOT the voluntary IT-services series used from FY22 onward in later databooks. Infosys age bands: <=30, 31-50, >50 (>=50 label used from FY22 databook)."
Infosys,2019,turnover_by_age,age_lt30_male,19409,count,"Infosys Group (global, permanent employees)",https://www.infosys.com/sustainability/documents/infosys-sustainability-report-2019-20.pdf,Infosys Sustainability Report 2019-20,92,"Computed: sum of reported age x region (Americas/APAC/EMEA/India) x gender cells. Reported 'rate' columns in source are shares of total hires/turnover, not rates; not recorded. Total (voluntary+involuntary presumably) turnover - NOT the voluntary IT-services series used from FY22 onward in later databooks. "
Infosys,2019,turnover_by_age,age_lt30_female,13836,count,"Infosys Group (global, permanent employees)",https://www.infosys.com/sustainability/documents/infosys-sustainability-report-2019-20.pdf,Infosys Sustainability Report 2019-20,92,"Computed: sum of reported age x region (Americas/APAC/EMEA/India) x gender cells. Reported 'rate' columns in source are shares of total hires/turnover, not rates; not recorded. Total (voluntary+involuntary presumably) turnover - NOT the voluntary IT-services series used from FY22 onward in later databooks. "
Infosys,2019,turnover_by_age,age_30_50,12387,count,"Infosys Group (global, permanent employees)",https://www.infosys.com/sustainability/documents/infosys-sustainability-report-2019-20.pdf,Infosys Sustainability Report 2019-20,92,"Computed: sum of reported age x region (Americas/APAC/EMEA/India) x gender cells. Reported 'rate' columns in source are shares of total hires/turnover, not rates; not recorded. Total (voluntary+involuntary presumably) turnover - NOT the voluntary IT-services series used from FY22 onward in later databooks. Infosys age bands: <=30, 31-50, >50 (>=50 label used from FY22 databook)."
Infosys,2019,turnover_by_age,age_30_50_male,8728,count,"Infosys Group (global, permanent employees)",https://www.infosys.com/sustainability/documents/infosys-sustainability-report-2019-20.pdf,Infosys Sustainability Report 2019-20,92,"Computed: sum of reported age x region (Americas/APAC/EMEA/India) x gender cells. Reported 'rate' columns in source are shares of total hires/turnover, not rates; not recorded. Total (voluntary+involuntary presumably) turnover - NOT the voluntary IT-services series used from FY22 onward in later databooks. "
Infosys,2019,turnover_by_age,age_30_50_female,3659,count,"Infosys Group (global, permanent employees)",https://www.infosys.com/sustainability/documents/infosys-sustainability-report-2019-20.pdf,Infosys Sustainability Report 2019-20,92,"Computed: sum of reported age x region (Americas/APAC/EMEA/India) x gender cells. Reported 'rate' columns in source are shares of total hires/turnover, not rates; not recorded. Total (voluntary+involuntary presumably) turnover - NOT the voluntary IT-services series used from FY22 onward in later databooks. "
Infosys,2019,turnover_by_age,age_gt50,754,count,"Infosys Group (global, permanent employees)",https://www.infosys.com/sustainability/documents/infosys-sustainability-report-2019-20.pdf,Infosys Sustainability Report 2019-20,92,"Computed: sum of reported age x region (Americas/APAC/EMEA/India) x gender cells. Reported 'rate' columns in source are shares of total hires/turnover, not rates; not recorded. Total (voluntary+involuntary presumably) turnover - NOT the voluntary IT-services series used from FY22 onward in later databooks. Infosys age bands: <=30, 31-50, >50 (>=50 label used from FY22 databook)."
Infosys,2019,turnover_by_age,age_gt50_male,629,count,"Infosys Group (global, permanent employees)",https://www.infosys.com/sustainability/documents/infosys-sustainability-report-2019-20.pdf,Infosys Sustainability Report 2019-20,92,"Computed: sum of reported age x region (Americas/APAC/EMEA/India) x gender cells. Reported 'rate' columns in source are shares of total hires/turnover, not rates; not recorded. Total (voluntary+involuntary presumably) turnover - NOT the voluntary IT-services series used from FY22 onward in later databooks. "
Infosys,2019,turnover_by_age,age_gt50_female,125,count,"Infosys Group (global, permanent employees)",https://www.infosys.com/sustainability/documents/infosys-sustainability-report-2019-20.pdf,Infosys Sustainability Report 2019-20,92,"Computed: sum of reported age x region (Americas/APAC/EMEA/India) x gender cells. Reported 'rate' columns in source are shares of total hires/turnover, not rates; not recorded. Total (voluntary+involuntary presumably) turnover - NOT the voluntary IT-services series used from FY22 onward in later databooks. "
Infosys,2019,turnover_total,total,46386,count,"Infosys Group (global, permanent employees)",https://www.infosys.com/sustainability/documents/infosys-sustainability-report-2019-20.pdf,Infosys Sustainability Report 2019-20,92,"Computed: sum of reported age x region (Americas/APAC/EMEA/India) x gender cells. Reported 'rate' columns in source are shares of total hires/turnover, not rates; not recorded. Total (voluntary+involuntary presumably) turnover - NOT the voluntary IT-services series used from FY22 onward in later databooks. Reported total not printed; sum of cells."
Infosys,2020,new_hires_by_age,age_lt30,50637,count,"Infosys Group (global, permanent employees)",https://www.infosys.com/sustainability/documents/infosys-sustainability-report-2019-20.pdf,Infosys Sustainability Report 2019-20,92,"Computed: sum of reported age x region (Americas/APAC/EMEA/India) x gender cells. Reported 'rate' columns in source are shares of total hires/turnover, not rates; not recorded. Infosys age bands: <=30, 31-50, >50 (>=50 label used from FY22 databook)."
Infosys,2020,new_hires_by_age,age_lt30_male,28279,count,"Infosys Group (global, permanent employees)",https://www.infosys.com/sustainability/documents/infosys-sustainability-report-2019-20.pdf,Infosys Sustainability Report 2019-20,92,"Computed: sum of reported age x region (Americas/APAC/EMEA/India) x gender cells. Reported 'rate' columns in source are shares of total hires/turnover, not rates; not recorded. "
Infosys,2020,new_hires_by_age,age_lt30_female,22358,count,"Infosys Group (global, permanent employees)",https://www.infosys.com/sustainability/documents/infosys-sustainability-report-2019-20.pdf,Infosys Sustainability Report 2019-20,92,"Computed: sum of reported age x region (Americas/APAC/EMEA/India) x gender cells. Reported 'rate' columns in source are shares of total hires/turnover, not rates; not recorded. "
Infosys,2020,new_hires_by_age,age_30_50,11212,count,"Infosys Group (global, permanent employees)",https://www.infosys.com/sustainability/documents/infosys-sustainability-report-2019-20.pdf,Infosys Sustainability Report 2019-20,92,"Computed: sum of reported age x region (Americas/APAC/EMEA/India) x gender cells. Reported 'rate' columns in source are shares of total hires/turnover, not rates; not recorded. Infosys age bands: <=30, 31-50, >50 (>=50 label used from FY22 databook)."
Infosys,2020,new_hires_by_age,age_30_50_male,7514,count,"Infosys Group (global, permanent employees)",https://www.infosys.com/sustainability/documents/infosys-sustainability-report-2019-20.pdf,Infosys Sustainability Report 2019-20,92,"Computed: sum of reported age x region (Americas/APAC/EMEA/India) x gender cells. Reported 'rate' columns in source are shares of total hires/turnover, not rates; not recorded. "
Infosys,2020,new_hires_by_age,age_30_50_female,3698,count,"Infosys Group (global, permanent employees)",https://www.infosys.com/sustainability/documents/infosys-sustainability-report-2019-20.pdf,Infosys Sustainability Report 2019-20,92,"Computed: sum of reported age x region (Americas/APAC/EMEA/India) x gender cells. Reported 'rate' columns in source are shares of total hires/turnover, not rates; not recorded. "
Infosys,2020,new_hires_by_age,age_gt50,1160,count,"Infosys Group (global, permanent employees)",https://www.infosys.com/sustainability/documents/infosys-sustainability-report-2019-20.pdf,Infosys Sustainability Report 2019-20,92,"Computed: sum of reported age x region (Americas/APAC/EMEA/India) x gender cells. Reported 'rate' columns in source are shares of total hires/turnover, not rates; not recorded. Infosys age bands: <=30, 31-50, >50 (>=50 label used from FY22 databook)."
Infosys,2020,new_hires_by_age,age_gt50_male,889,count,"Infosys Group (global, permanent employees)",https://www.infosys.com/sustainability/documents/infosys-sustainability-report-2019-20.pdf,Infosys Sustainability Report 2019-20,92,"Computed: sum of reported age x region (Americas/APAC/EMEA/India) x gender cells. Reported 'rate' columns in source are shares of total hires/turnover, not rates; not recorded. "
Infosys,2020,new_hires_by_age,age_gt50_female,271,count,"Infosys Group (global, permanent employees)",https://www.infosys.com/sustainability/documents/infosys-sustainability-report-2019-20.pdf,Infosys Sustainability Report 2019-20,92,"Computed: sum of reported age x region (Americas/APAC/EMEA/India) x gender cells. Reported 'rate' columns in source are shares of total hires/turnover, not rates; not recorded. "
Infosys,2020,new_hires_total,total,63009,count,"Infosys Group (global, permanent employees)",https://www.infosys.com/sustainability/documents/infosys-sustainability-report-2019-20.pdf,Infosys Sustainability Report 2019-20,92,"Computed: sum of reported age x region (Americas/APAC/EMEA/India) x gender cells. Reported 'rate' columns in source are shares of total hires/turnover, not rates; not recorded. Reported total not printed; sum of cells."
Infosys,2020,turnover_by_age,age_lt30,33761,count,"Infosys Group (global, permanent employees)",https://www.infosys.com/sustainability/documents/infosys-sustainability-report-2019-20.pdf,Infosys Sustainability Report 2019-20,92,"Computed: sum of reported age x region (Americas/APAC/EMEA/India) x gender cells. Reported 'rate' columns in source are shares of total hires/turnover, not rates; not recorded. Total (voluntary+involuntary presumably) turnover - NOT the voluntary IT-services series used from FY22 onward in later databooks. Infosys age bands: <=30, 31-50, >50 (>=50 label used from FY22 databook)."
Infosys,2020,turnover_by_age,age_lt30_male,19493,count,"Infosys Group (global, permanent employees)",https://www.infosys.com/sustainability/documents/infosys-sustainability-report-2019-20.pdf,Infosys Sustainability Report 2019-20,92,"Computed: sum of reported age x region (Americas/APAC/EMEA/India) x gender cells. Reported 'rate' columns in source are shares of total hires/turnover, not rates; not recorded. Total (voluntary+involuntary presumably) turnover - NOT the voluntary IT-services series used from FY22 onward in later databooks. "
Infosys,2020,turnover_by_age,age_lt30_female,14268,count,"Infosys Group (global, permanent employees)",https://www.infosys.com/sustainability/documents/infosys-sustainability-report-2019-20.pdf,Infosys Sustainability Report 2019-20,92,"Computed: sum of reported age x region (Americas/APAC/EMEA/India) x gender cells. Reported 'rate' columns in source are shares of total hires/turnover, not rates; not recorded. Total (voluntary+involuntary presumably) turnover - NOT the voluntary IT-services series used from FY22 onward in later databooks. "
Infosys,2020,turnover_by_age,age_30_50,15429,count,"Infosys Group (global, permanent employees)",https://www.infosys.com/sustainability/documents/infosys-sustainability-report-2019-20.pdf,Infosys Sustainability Report 2019-20,92,"Computed: sum of reported age x region (Americas/APAC/EMEA/India) x gender cells. Reported 'rate' columns in source are shares of total hires/turnover, not rates; not recorded. Total (voluntary+involuntary presumably) turnover - NOT the voluntary IT-services series used from FY22 onward in later databooks. Infosys age bands: <=30, 31-50, >50 (>=50 label used from FY22 databook)."
Infosys,2020,turnover_by_age,age_30_50_male,10951,count,"Infosys Group (global, permanent employees)",https://www.infosys.com/sustainability/documents/infosys-sustainability-report-2019-20.pdf,Infosys Sustainability Report 2019-20,92,"Computed: sum of reported age x region (Americas/APAC/EMEA/India) x gender cells. Reported 'rate' columns in source are shares of total hires/turnover, not rates; not recorded. Total (voluntary+involuntary presumably) turnover - NOT the voluntary IT-services series used from FY22 onward in later databooks. "
Infosys,2020,turnover_by_age,age_30_50_female,4478,count,"Infosys Group (global, permanent employees)",https://www.infosys.com/sustainability/documents/infosys-sustainability-report-2019-20.pdf,Infosys Sustainability Report 2019-20,92,"Computed: sum of reported age x region (Americas/APAC/EMEA/India) x gender cells. Reported 'rate' columns in source are shares of total hires/turnover, not rates; not recorded. Total (voluntary+involuntary presumably) turnover - NOT the voluntary IT-services series used from FY22 onward in later databooks. "
Infosys,2020,turnover_by_age,age_gt50,1142,count,"Infosys Group (global, permanent employees)",https://www.infosys.com/sustainability/documents/infosys-sustainability-report-2019-20.pdf,Infosys Sustainability Report 2019-20,92,"Computed: sum of reported age x region (Americas/APAC/EMEA/India) x gender cells. Reported 'rate' columns in source are shares of total hires/turnover, not rates; not recorded. Total (voluntary+involuntary presumably) turnover - NOT the voluntary IT-services series used from FY22 onward in later databooks. Infosys age bands: <=30, 31-50, >50 (>=50 label used from FY22 databook)."
Infosys,2020,turnover_by_age,age_gt50_male,940,count,"Infosys Group (global, permanent employees)",https://www.infosys.com/sustainability/documents/infosys-sustainability-report-2019-20.pdf,Infosys Sustainability Report 2019-20,92,"Computed: sum of reported age x region (Americas/APAC/EMEA/India) x gender cells. Reported 'rate' columns in source are shares of total hires/turnover, not rates; not recorded. Total (voluntary+involuntary presumably) turnover - NOT the voluntary IT-services series used from FY22 onward in later databooks. "
Infosys,2020,turnover_by_age,age_gt50_female,202,count,"Infosys Group (global, permanent employees)",https://www.infosys.com/sustainability/documents/infosys-sustainability-report-2019-20.pdf,Infosys Sustainability Report 2019-20,92,"Computed: sum of reported age x region (Americas/APAC/EMEA/India) x gender cells. Reported 'rate' columns in source are shares of total hires/turnover, not rates; not recorded. Total (voluntary+involuntary presumably) turnover - NOT the voluntary IT-services series used from FY22 onward in later databooks. "
Infosys,2020,turnover_total,total,50332,count,"Infosys Group (global, permanent employees)",https://www.infosys.com/sustainability/documents/infosys-sustainability-report-2019-20.pdf,Infosys Sustainability Report 2019-20,92,"Computed: sum of reported age x region (Americas/APAC/EMEA/India) x gender cells. Reported 'rate' columns in source are shares of total hires/turnover, not rates; not recorded. Total (voluntary+involuntary presumably) turnover - NOT the voluntary IT-services series used from FY22 onward in later databooks. Reported total not printed; sum of cells."
Infosys,2021,new_hires_by_age,age_lt30,39011,count,"Infosys Group (global, permanent employees)",https://www.infosys.com/sustainability/documents/infosys-esg-databook-2020-21.pdf,Infosys ESG Databook 2020-21,19,"Computed: sum of reported age x region (Americas/APAC/EMEA/India) x gender cells. Reported 'rate' columns in source are shares of total hires/turnover, not rates; not recorded. ESG Databook 2021-22 repeats FY21 with >=50 men/women hire cells swapped (totals unchanged). Infosys age bands: <=30, 31-50, >50 (>=50 label used from FY22 databook)."
Infosys,2021,new_hires_by_age,age_lt30_male,21972,count,"Infosys Group (global, permanent employees)",https://www.infosys.com/sustainability/documents/infosys-esg-databook-2020-21.pdf,Infosys ESG Databook 2020-21,19,"Computed: sum of reported age x region (Americas/APAC/EMEA/India) x gender cells. Reported 'rate' columns in source are shares of total hires/turnover, not rates; not recorded. ESG Databook 2021-22 repeats FY21 with >=50 men/women hire cells swapped (totals unchanged). "
Infosys,2021,new_hires_by_age,age_lt30_female,17039,count,"Infosys Group (global, permanent employees)",https://www.infosys.com/sustainability/documents/infosys-esg-databook-2020-21.pdf,Infosys ESG Databook 2020-21,19,"Computed: sum of reported age x region (Americas/APAC/EMEA/India) x gender cells. Reported 'rate' columns in source are shares of total hires/turnover, not rates; not recorded. ESG Databook 2021-22 repeats FY21 with >=50 men/women hire cells swapped (totals unchanged). "
Infosys,2021,new_hires_by_age,age_30_50,11676,count,"Infosys Group (global, permanent employees)",https://www.infosys.com/sustainability/documents/infosys-esg-databook-2020-21.pdf,Infosys ESG Databook 2020-21,19,"Computed: sum of reported age x region (Americas/APAC/EMEA/India) x gender cells. Reported 'rate' columns in source are shares of total hires/turnover, not rates; not recorded. ESG Databook 2021-22 repeats FY21 with >=50 men/women hire cells swapped (totals unchanged). Infosys age bands: <=30, 31-50, >50 (>=50 label used from FY22 databook)."
Infosys,2021,new_hires_by_age,age_30_50_male,7588,count,"Infosys Group (global, permanent employees)",https://www.infosys.com/sustainability/documents/infosys-esg-databook-2020-21.pdf,Infosys ESG Databook 2020-21,19,"Computed: sum of reported age x region (Americas/APAC/EMEA/India) x gender cells. Reported 'rate' columns in source are shares of total hires/turnover, not rates; not recorded. ESG Databook 2021-22 repeats FY21 with >=50 men/women hire cells swapped (totals unchanged). "
Infosys,2021,new_hires_by_age,age_30_50_female,4088,count,"Infosys Group (global, permanent employees)",https://www.infosys.com/sustainability/documents/infosys-esg-databook-2020-21.pdf,Infosys ESG Databook 2020-21,19,"Computed: sum of reported age x region (Americas/APAC/EMEA/India) x gender cells. Reported 'rate' columns in source are shares of total hires/turnover, not rates; not recorded. ESG Databook 2021-22 repeats FY21 with >=50 men/women hire cells swapped (totals unchanged). "
Infosys,2021,new_hires_by_age,age_gt50,1450,count,"Infosys Group (global, permanent employees)",https://www.infosys.com/sustainability/documents/infosys-esg-databook-2020-21.pdf,Infosys ESG Databook 2020-21,19,"Computed: sum of reported age x region (Americas/APAC/EMEA/India) x gender cells. Reported 'rate' columns in source are shares of total hires/turnover, not rates; not recorded. ESG Databook 2021-22 repeats FY21 with >=50 men/women hire cells swapped (totals unchanged). Infosys age bands: <=30, 31-50, >50 (>=50 label used from FY22 databook)."
Infosys,2021,new_hires_by_age,age_gt50_male,985,count,"Infosys Group (global, permanent employees)",https://www.infosys.com/sustainability/documents/infosys-esg-databook-2020-21.pdf,Infosys ESG Databook 2020-21,19,"Computed: sum of reported age x region (Americas/APAC/EMEA/India) x gender cells. Reported 'rate' columns in source are shares of total hires/turnover, not rates; not recorded. ESG Databook 2021-22 repeats FY21 with >=50 men/women hire cells swapped (totals unchanged). "
Infosys,2021,new_hires_by_age,age_gt50_female,465,count,"Infosys Group (global, permanent employees)",https://www.infosys.com/sustainability/documents/infosys-esg-databook-2020-21.pdf,Infosys ESG Databook 2020-21,19,"Computed: sum of reported age x region (Americas/APAC/EMEA/India) x gender cells. Reported 'rate' columns in source are shares of total hires/turnover, not rates; not recorded. ESG Databook 2021-22 repeats FY21 with >=50 men/women hire cells swapped (totals unchanged). "
Infosys,2021,new_hires_total,total,52137,count,"Infosys Group (global, permanent employees)",https://www.infosys.com/sustainability/documents/infosys-esg-databook-2020-21.pdf,Infosys ESG Databook 2020-21,19,"Computed: sum of reported age x region (Americas/APAC/EMEA/India) x gender cells. Reported 'rate' columns in source are shares of total hires/turnover, not rates; not recorded. ESG Databook 2021-22 repeats FY21 with >=50 men/women hire cells swapped (totals unchanged). Reported total not printed; sum of cells."
Infosys,2021,turnover_by_age,age_lt30,21924,count,"Infosys Group (global, permanent employees)",https://www.infosys.com/sustainability/documents/infosys-esg-databook-2020-21.pdf,Infosys ESG Databook 2020-21,19,"Computed: sum of reported age x region (Americas/APAC/EMEA/India) x gender cells. Reported 'rate' columns in source are shares of total hires/turnover, not rates; not recorded. Total (voluntary+involuntary presumably) turnover - NOT the voluntary IT-services series used from FY22 onward in later databooks. ESG Databook 2021-22 repeats FY21 with >=50 men/women hire cells swapped (totals unchanged). Infosys age bands: <=30, 31-50, >50 (>=50 label used from FY22 databook)."
Infosys,2021,turnover_by_age,age_lt30_male,13093,count,"Infosys Group (global, permanent employees)",https://www.infosys.com/sustainability/documents/infosys-esg-databook-2020-21.pdf,Infosys ESG Databook 2020-21,19,"Computed: sum of reported age x region (Americas/APAC/EMEA/India) x gender cells. Reported 'rate' columns in source are shares of total hires/turnover, not rates; not recorded. Total (voluntary+involuntary presumably) turnover - NOT the voluntary IT-services series used from FY22 onward in later databooks. ESG Databook 2021-22 repeats FY21 with >=50 men/women hire cells swapped (totals unchanged). "
Infosys,2021,turnover_by_age,age_lt30_female,8831,count,"Infosys Group (global, permanent employees)",https://www.infosys.com/sustainability/documents/infosys-esg-databook-2020-21.pdf,Infosys ESG Databook 2020-21,19,"Computed: sum of reported age x region (Americas/APAC/EMEA/India) x gender cells. Reported 'rate' columns in source are shares of total hires/turnover, not rates; not recorded. Total (voluntary+involuntary presumably) turnover - NOT the voluntary IT-services series used from FY22 onward in later databooks. ESG Databook 2021-22 repeats FY21 with >=50 men/women hire cells swapped (totals unchanged). "
Infosys,2021,turnover_by_age,age_30_50,11992,count,"Infosys Group (global, permanent employees)",https://www.infosys.com/sustainability/documents/infosys-esg-databook-2020-21.pdf,Infosys ESG Databook 2020-21,19,"Computed: sum of reported age x region (Americas/APAC/EMEA/India) x gender cells. Reported 'rate' columns in source are shares of total hires/turnover, not rates; not recorded. Total (voluntary+involuntary presumably) turnover - NOT the voluntary IT-services series used from FY22 onward in later databooks. ESG Databook 2021-22 repeats FY21 with >=50 men/women hire cells swapped (totals unchanged). Infosys age bands: <=30, 31-50, >50 (>=50 label used from FY22 databook)."
Infosys,2021,turnover_by_age,age_30_50_male,8095,count,"Infosys Group (global, permanent employees)",https://www.infosys.com/sustainability/documents/infosys-esg-databook-2020-21.pdf,Infosys ESG Databook 2020-21,19,"Computed: sum of reported age x region (Americas/APAC/EMEA/India) x gender cells. Reported 'rate' columns in source are shares of total hires/turnover, not rates; not recorded. Total (voluntary+involuntary presumably) turnover - NOT the voluntary IT-services series used from FY22 onward in later databooks. ESG Databook 2021-22 repeats FY21 with >=50 men/women hire cells swapped (totals unchanged). "
Infosys,2021,turnover_by_age,age_30_50_female,3897,count,"Infosys Group (global, permanent employees)",https://www.infosys.com/sustainability/documents/infosys-esg-databook-2020-21.pdf,Infosys ESG Databook 2020-21,19,"Computed: sum of reported age x region (Americas/APAC/EMEA/India) x gender cells. Reported 'rate' columns in source are shares of total hires/turnover, not rates; not recorded. Total (voluntary+involuntary presumably) turnover - NOT the voluntary IT-services series used from FY22 onward in later databooks. ESG Databook 2021-22 repeats FY21 with >=50 men/women hire cells swapped (totals unchanged). "
Infosys,2021,turnover_by_age,age_gt50,973,count,"Infosys Group (global, permanent employees)",https://www.infosys.com/sustainability/documents/infosys-esg-databook-2020-21.pdf,Infosys ESG Databook 2020-21,19,"Computed: sum of reported age x region (Americas/APAC/EMEA/India) x gender cells. Reported 'rate' columns in source are shares of total hires/turnover, not rates; not recorded. Total (voluntary+involuntary presumably) turnover - NOT the voluntary IT-services series used from FY22 onward in later databooks. ESG Databook 2021-22 repeats FY21 with >=50 men/women hire cells swapped (totals unchanged). Infosys age bands: <=30, 31-50, >50 (>=50 label used from FY22 databook)."
Infosys,2021,turnover_by_age,age_gt50_male,758,count,"Infosys Group (global, permanent employees)",https://www.infosys.com/sustainability/documents/infosys-esg-databook-2020-21.pdf,Infosys ESG Databook 2020-21,19,"Computed: sum of reported age x region (Americas/APAC/EMEA/India) x gender cells. Reported 'rate' columns in source are shares of total hires/turnover, not rates; not recorded. Total (voluntary+involuntary presumably) turnover - NOT the voluntary IT-services series used from FY22 onward in later databooks. ESG Databook 2021-22 repeats FY21 with >=50 men/women hire cells swapped (totals unchanged). "
Infosys,2021,turnover_by_age,age_gt50_female,215,count,"Infosys Group (global, permanent employees)",https://www.infosys.com/sustainability/documents/infosys-esg-databook-2020-21.pdf,Infosys ESG Databook 2020-21,19,"Computed: sum of reported age x region (Americas/APAC/EMEA/India) x gender cells. Reported 'rate' columns in source are shares of total hires/turnover, not rates; not recorded. Total (voluntary+involuntary presumably) turnover - NOT the voluntary IT-services series used from FY22 onward in later databooks. ESG Databook 2021-22 repeats FY21 with >=50 men/women hire cells swapped (totals unchanged). "
Infosys,2021,turnover_total,total,34889,count,"Infosys Group (global, permanent employees)",https://www.infosys.com/sustainability/documents/infosys-esg-databook-2020-21.pdf,Infosys ESG Databook 2020-21,19,"Computed: sum of reported age x region (Americas/APAC/EMEA/India) x gender cells. Reported 'rate' columns in source are shares of total hires/turnover, not rates; not recorded. Total (voluntary+involuntary presumably) turnover - NOT the voluntary IT-services series used from FY22 onward in later databooks. ESG Databook 2021-22 repeats FY21 with >=50 men/women hire cells swapped (totals unchanged). Reported total not printed; sum of cells."
Infosys,2022,new_hires_by_age,age_lt30,111765,count,"Infosys Group (global, permanent employees)",https://www.infosys.com/sustainability/documents/infosys-esg-databook-2021-22.pdf,Infosys ESG Databook 2021-22,22,"Computed: sum of reported age x region (Americas/APAC/EMEA/India) x gender cells. Reported 'rate' columns in source are shares of total hires/turnover, not rates; not recorded. Infosys age bands: <=30, 31-50, >50 (>=50 label used from FY22 databook)."
Infosys,2022,new_hires_by_age,age_lt30_male,65480,count,"Infosys Group (global, permanent employees)",https://www.infosys.com/sustainability/documents/infosys-esg-databook-2021-22.pdf,Infosys ESG Databook 2021-22,22,"Computed: sum of reported age x region (Americas/APAC/EMEA/India) x gender cells. Reported 'rate' columns in source are shares of total hires/turnover, not rates; not recorded. "
Infosys,2022,new_hires_by_age,age_lt30_female,46285,count,"Infosys Group (global, permanent employees)",https://www.infosys.com/sustainability/documents/infosys-esg-databook-2021-22.pdf,Infosys ESG Databook 2021-22,22,"Computed: sum of reported age x region (Americas/APAC/EMEA/India) x gender cells. Reported 'rate' columns in source are shares of total hires/turnover, not rates; not recorded. "
Infosys,2022,new_hires_by_age,age_30_50,27974,count,"Infosys Group (global, permanent employees)",https://www.infosys.com/sustainability/documents/infosys-esg-databook-2021-22.pdf,Infosys ESG Databook 2021-22,22,"Computed: sum of reported age x region (Americas/APAC/EMEA/India) x gender cells. Reported 'rate' columns in source are shares of total hires/turnover, not rates; not recorded. Infosys age bands: <=30, 31-50, >50 (>=50 label used from FY22 databook)."
Infosys,2022,new_hires_by_age,age_30_50_male,17673,count,"Infosys Group (global, permanent employees)",https://www.infosys.com/sustainability/documents/infosys-esg-databook-2021-22.pdf,Infosys ESG Databook 2021-22,22,"Computed: sum of reported age x region (Americas/APAC/EMEA/India) x gender cells. Reported 'rate' columns in source are shares of total hires/turnover, not rates; not recorded. "
Infosys,2022,new_hires_by_age,age_30_50_female,10301,count,"Infosys Group (global, permanent employees)",https://www.infosys.com/sustainability/documents/infosys-esg-databook-2021-22.pdf,Infosys ESG Databook 2021-22,22,"Computed: sum of reported age x region (Americas/APAC/EMEA/India) x gender cells. Reported 'rate' columns in source are shares of total hires/turnover, not rates; not recorded. "
Infosys,2022,new_hires_by_age,age_gt50,1817,count,"Infosys Group (global, permanent employees)",https://www.infosys.com/sustainability/documents/infosys-esg-databook-2021-22.pdf,Infosys ESG Databook 2021-22,22,"Computed: sum of reported age x region (Americas/APAC/EMEA/India) x gender cells. Reported 'rate' columns in source are shares of total hires/turnover, not rates; not recorded. Infosys age bands: <=30, 31-50, >50 (>=50 label used from FY22 databook)."
Infosys,2022,new_hires_by_age,age_gt50_male,1366,count,"Infosys Group (global, permanent employees)",https://www.infosys.com/sustainability/documents/infosys-esg-databook-2021-22.pdf,Infosys ESG Databook 2021-22,22,"Computed: sum of reported age x region (Americas/APAC/EMEA/India) x gender cells. Reported 'rate' columns in source are shares of total hires/turnover, not rates; not recorded. "
Infosys,2022,new_hires_by_age,age_gt50_female,451,count,"Infosys Group (global, permanent employees)",https://www.infosys.com/sustainability/documents/infosys-esg-databook-2021-22.pdf,Infosys ESG Databook 2021-22,22,"Computed: sum of reported age x region (Americas/APAC/EMEA/India) x gender cells. Reported 'rate' columns in source are shares of total hires/turnover, not rates; not recorded. "
Infosys,2022,new_hires_total,total,141556,count,"Infosys Group (global, permanent employees)",https://www.infosys.com/sustainability/documents/infosys-esg-databook-2021-22.pdf,Infosys ESG Databook 2021-22,22,"Computed: sum of reported age x region (Americas/APAC/EMEA/India) x gender cells. Reported 'rate' columns in source are shares of total hires/turnover, not rates; not recorded. Matches reported total 141,556."
Infosys,2022,turnover_by_age,age_lt30,55168,count,"Infosys Group (global, permanent employees)",https://www.infosys.com/sustainability/documents/infosys-esg-databook-2021-22.pdf,Infosys ESG Databook 2021-22,22,"Computed: sum of reported age x region (Americas/APAC/EMEA/India) x gender cells. Reported 'rate' columns in source are shares of total hires/turnover, not rates; not recorded. Total (voluntary+involuntary presumably) turnover - NOT the voluntary IT-services series used from FY22 onward in later databooks. Infosys age bands: <=30, 31-50, >50 (>=50 label used from FY22 databook)."
Infosys,2022,turnover_by_age,age_lt30_male,32326,count,"Infosys Group (global, permanent employees)",https://www.infosys.com/sustainability/documents/infosys-esg-databook-2021-22.pdf,Infosys ESG Databook 2021-22,22,"Computed: sum of reported age x region (Americas/APAC/EMEA/India) x gender cells. Reported 'rate' columns in source are shares of total hires/turnover, not rates; not recorded. Total (voluntary+involuntary presumably) turnover - NOT the voluntary IT-services series used from FY22 onward in later databooks. "
Infosys,2022,turnover_by_age,age_lt30_female,22842,count,"Infosys Group (global, permanent employees)",https://www.infosys.com/sustainability/documents/infosys-esg-databook-2021-22.pdf,Infosys ESG Databook 2021-22,22,"Computed: sum of reported age x region (Americas/APAC/EMEA/India) x gender cells. Reported 'rate' columns in source are shares of total hires/turnover, not rates; not recorded. Total (voluntary+involuntary presumably) turnover - NOT the voluntary IT-services series used from FY22 onward in later databooks. "
Infosys,2022,turnover_by_age,age_30_50,30594,count,"Infosys Group (global, permanent employees)",https://www.infosys.com/sustainability/documents/infosys-esg-databook-2021-22.pdf,Infosys ESG Databook 2021-22,22,"Computed: sum of reported age x region (Americas/APAC/EMEA/India) x gender cells. Reported 'rate' columns in source are shares of total hires/turnover, not rates; not recorded. Total (voluntary+involuntary presumably) turnover - NOT the voluntary IT-services series used from FY22 onward in later databooks. Infosys age bands: <=30, 31-50, >50 (>=50 label used from FY22 databook)."
Infosys,2022,turnover_by_age,age_30_50_male,20896,count,"Infosys Group (global, permanent employees)",https://www.infosys.com/sustainability/documents/infosys-esg-databook-2021-22.pdf,Infosys ESG Databook 2021-22,22,"Computed: sum of reported age x region (Americas/APAC/EMEA/India) x gender cells. Reported 'rate' columns in source are shares of total hires/turnover, not rates; not recorded. Total (voluntary+involuntary presumably) turnover - NOT the voluntary IT-services series used from FY22 onward in later databooks. "
Infosys,2022,turnover_by_age,age_30_50_female,9698,count,"Infosys Group (global, permanent employees)",https://www.infosys.com/sustainability/documents/infosys-esg-databook-2021-22.pdf,Infosys ESG Databook 2021-22,22,"Computed: sum of reported age x region (Americas/APAC/EMEA/India) x gender cells. Reported 'rate' columns in source are shares of total hires/turnover, not rates; not recorded. Total (voluntary+involuntary presumably) turnover - NOT the voluntary IT-services series used from FY22 onward in later databooks. "
Infosys,2022,turnover_by_age,age_gt50,1398,count,"Infosys Group (global, permanent employees)",https://www.infosys.com/sustainability/documents/infosys-esg-databook-2021-22.pdf,Infosys ESG Databook 2021-22,22,"Computed: sum of reported age x region (Americas/APAC/EMEA/India) x gender cells. Reported 'rate' columns in source are shares of total hires/turnover, not rates; not recorded. Total (voluntary+involuntary presumably) turnover - NOT the voluntary IT-services series used from FY22 onward in later databooks. Infosys age bands: <=30, 31-50, >50 (>=50 label used from FY22 databook)."
Infosys,2022,turnover_by_age,age_gt50_male,1024,count,"Infosys Group (global, permanent employees)",https://www.infosys.com/sustainability/documents/infosys-esg-databook-2021-22.pdf,Infosys ESG Databook 2021-22,22,"Computed: sum of reported age x region (Americas/APAC/EMEA/India) x gender cells. Reported 'rate' columns in source are shares of total hires/turnover, not rates; not recorded. Total (voluntary+involuntary presumably) turnover - NOT the voluntary IT-services series used from FY22 onward in later databooks. "
Infosys,2022,turnover_by_age,age_gt50_female,374,count,"Infosys Group (global, permanent employees)",https://www.infosys.com/sustainability/documents/infosys-esg-databook-2021-22.pdf,Infosys ESG Databook 2021-22,22,"Computed: sum of reported age x region (Americas/APAC/EMEA/India) x gender cells. Reported 'rate' columns in source are shares of total hires/turnover, not rates; not recorded. Total (voluntary+involuntary presumably) turnover - NOT the voluntary IT-services series used from FY22 onward in later databooks. "
Infosys,2022,turnover_total,total,87160,count,"Infosys Group (global, permanent employees)",https://www.infosys.com/sustainability/documents/infosys-esg-databook-2021-22.pdf,Infosys ESG Databook 2021-22,22,"Computed: sum of reported age x region (Americas/APAC/EMEA/India) x gender cells. Reported 'rate' columns in source are shares of total hires/turnover, not rates; not recorded. Total (voluntary+involuntary presumably) turnover - NOT the voluntary IT-services series used from FY22 onward in later databooks. Reported total not printed; sum of cells."
Infosys,2022,new_hires_by_age,age_lt30,111765,count,"Infosys Group (global, permanent employees)",https://www.infosys.com/sustainability/documents/infosys-esg-databook-2022-23.pdf,Infosys ESG Databook 2022-23,21,"Permanent employees. Infosys age bands: <=30, 31-50, >50 (>=50 label used from FY22 databook)."
Infosys,2022,new_hires_by_age,age_30_50,27974,count,"Infosys Group (global, permanent employees)",https://www.infosys.com/sustainability/documents/infosys-esg-databook-2022-23.pdf,Infosys ESG Databook 2022-23,21,"Permanent employees. Infosys age bands: <=30, 31-50, >50 (>=50 label used from FY22 databook)."
Infosys,2022,new_hires_by_age,age_gt50,1817,count,"Infosys Group (global, permanent employees)",https://www.infosys.com/sustainability/documents/infosys-esg-databook-2022-23.pdf,Infosys ESG Databook 2022-23,21,"Permanent employees. Infosys age bands: <=30, 31-50, >50 (>=50 label used from FY22 databook)."
Infosys,2022,new_hires_total,total,141556,count,"Infosys Group (global, permanent employees)",https://www.infosys.com/sustainability/documents/infosys-esg-databook-2022-23.pdf,Infosys ESG Databook 2022-23,21,"Permanent employees. Infosys age bands: <=30, 31-50, >50 (>=50 label used from FY22 databook)."
Infosys,2022,new_hires_total,male,84519,count,"Infosys Group (global, permanent employees)",https://www.infosys.com/sustainability/documents/infosys-esg-databook-2022-23.pdf,Infosys ESG Databook 2022-23,21,"Permanent employees. Infosys age bands: <=30, 31-50, >50 (>=50 label used from FY22 databook)."
Infosys,2022,new_hires_total,female,57037,count,"Infosys Group (global, permanent employees)",https://www.infosys.com/sustainability/documents/infosys-esg-databook-2022-23.pdf,Infosys ESG Databook 2022-23,21,"Permanent employees. Infosys age bands: <=30, 31-50, >50 (>=50 label used from FY22 databook)."
Infosys,2023,new_hires_by_age,age_lt30,84085,count,"Infosys Group (global, permanent employees)",https://www.infosys.com/sustainability/documents/infosys-esg-databook-2022-23.pdf,Infosys ESG Databook 2022-23,21,"Permanent employees. Infosys age bands: <=30, 31-50, >50 (>=50 label used from FY22 databook)."
Infosys,2023,new_hires_by_age,age_30_50,29179,count,"Infosys Group (global, permanent employees)",https://www.infosys.com/sustainability/documents/infosys-esg-databook-2022-23.pdf,Infosys ESG Databook 2022-23,21,"Permanent employees. Infosys age bands: <=30, 31-50, >50 (>=50 label used from FY22 databook)."
Infosys,2023,new_hires_by_age,age_gt50,1588,count,"Infosys Group (global, permanent employees)",https://www.infosys.com/sustainability/documents/infosys-esg-databook-2022-23.pdf,Infosys ESG Databook 2022-23,21,"Permanent employees. Infosys age bands: <=30, 31-50, >50 (>=50 label used from FY22 databook)."
Infosys,2023,new_hires_total,total,114852,count,"Infosys Group (global, permanent employees)",https://www.infosys.com/sustainability/documents/infosys-esg-databook-2022-23.pdf,Infosys ESG Databook 2022-23,21,"Permanent employees. Infosys age bands: <=30, 31-50, >50 (>=50 label used from FY22 databook)."
Infosys,2023,new_hires_total,male,70919,count,"Infosys Group (global, permanent employees)",https://www.infosys.com/sustainability/documents/infosys-esg-databook-2022-23.pdf,Infosys ESG Databook 2022-23,21,"Permanent employees. Infosys age bands: <=30, 31-50, >50 (>=50 label used from FY22 databook)."
Infosys,2023,new_hires_total,female,43933,count,"Infosys Group (global, permanent employees)",https://www.infosys.com/sustainability/documents/infosys-esg-databook-2022-23.pdf,Infosys ESG Databook 2022-23,21,"Permanent employees. Infosys age bands: <=30, 31-50, >50 (>=50 label used from FY22 databook)."
Infosys,2024,new_hires_by_age,age_lt30,22304,count,"Infosys Group (global, permanent employees)",https://www.infosys.com/sustainability/documents/infosys-esg-databook-2023-24.pdf,Infosys ESG Databook 2023-24,21,"Permanent employees. Infosys age bands: <=30, 31-50, >50 (>=50 label used from FY22 databook)."
Infosys,2024,new_hires_by_age,age_30_50,13831,count,"Infosys Group (global, permanent employees)",https://www.infosys.com/sustainability/documents/infosys-esg-databook-2023-24.pdf,Infosys ESG Databook 2023-24,21,"Permanent employees. Infosys age bands: <=30, 31-50, >50 (>=50 label used from FY22 databook)."
Infosys,2024,new_hires_by_age,age_gt50,947,count,"Infosys Group (global, permanent employees)",https://www.infosys.com/sustainability/documents/infosys-esg-databook-2023-24.pdf,Infosys ESG Databook 2023-24,21,"Permanent employees. Infosys age bands: <=30, 31-50, >50 (>=50 label used from FY22 databook)."
Infosys,2024,new_hires_total,total,37082,count,"Infosys Group (global, permanent employees)",https://www.infosys.com/sustainability/documents/infosys-esg-databook-2023-24.pdf,Infosys ESG Databook 2023-24,21,"Permanent employees. Infosys age bands: <=30, 31-50, >50 (>=50 label used from FY22 databook)."
Infosys,2024,new_hires_total,male,23699,count,"Infosys Group (global, permanent employees)",https://www.infosys.com/sustainability/documents/infosys-esg-databook-2023-24.pdf,Infosys ESG Databook 2023-24,21,"Permanent employees. Infosys age bands: <=30, 31-50, >50 (>=50 label used from FY22 databook)."
Infosys,2024,new_hires_total,female,13383,count,"Infosys Group (global, permanent employees)",https://www.infosys.com/sustainability/documents/infosys-esg-databook-2023-24.pdf,Infosys ESG Databook 2023-24,21,"Permanent employees. Infosys age bands: <=30, 31-50, >50 (>=50 label used from FY22 databook)."
Infosys,2025,new_hires_by_age,age_lt30,50606,count,"Infosys Group (global, permanent employees)",https://www.infosys.com/sustainability/documents/infosys-esg-databook-2024-25.pdf,Infosys ESG Databook 2024-25,27,"Permanent employees. Infosys age bands: <=30, 31-50, >50 (>=50 label used from FY22 databook)."
Infosys,2025,new_hires_by_age,age_30_50,20445,count,"Infosys Group (global, permanent employees)",https://www.infosys.com/sustainability/documents/infosys-esg-databook-2024-25.pdf,Infosys ESG Databook 2024-25,27,"Permanent employees. Infosys age bands: <=30, 31-50, >50 (>=50 label used from FY22 databook)."
Infosys,2025,new_hires_by_age,age_gt50,1162,count,"Infosys Group (global, permanent employees)",https://www.infosys.com/sustainability/documents/infosys-esg-databook-2024-25.pdf,Infosys ESG Databook 2024-25,27,"Permanent employees. Infosys age bands: <=30, 31-50, >50 (>=50 label used from FY22 databook)."
Infosys,2025,new_hires_total,total,72213,count,"Infosys Group (global, permanent employees)",https://www.infosys.com/sustainability/documents/infosys-esg-databook-2024-25.pdf,Infosys ESG Databook 2024-25,27,"Permanent employees. Infosys age bands: <=30, 31-50, >50 (>=50 label used from FY22 databook)."
Infosys,2025,new_hires_total,male,45018,count,"Infosys Group (global, permanent employees)",https://www.infosys.com/sustainability/documents/infosys-esg-databook-2024-25.pdf,Infosys ESG Databook 2024-25,27,"Permanent employees. Infosys age bands: <=30, 31-50, >50 (>=50 label used from FY22 databook)."
Infosys,2025,new_hires_total,female,27195,count,"Infosys Group (global, permanent employees)",https://www.infosys.com/sustainability/documents/infosys-esg-databook-2024-25.pdf,Infosys ESG Databook 2024-25,27,"Permanent employees. Infosys age bands: <=30, 31-50, >50 (>=50 label used from FY22 databook)."
Infosys,2026,new_hires_by_age,age_lt30,53937,count,"Infosys Group (global, permanent employees)",https://www.infosys.com/sustainability/documents/infosys-esg-databook-2025-26.pdf,Infosys ESG Databook 2025-26,31,"Permanent employees. Infosys age bands: <=30, 31-50, >50 (>=50 label used from FY22 databook)."
Infosys,2026,new_hires_by_age,age_30_50,17983,count,"Infosys Group (global, permanent employees)",https://www.infosys.com/sustainability/documents/infosys-esg-databook-2025-26.pdf,Infosys ESG Databook 2025-26,31,"Permanent employees. Infosys age bands: <=30, 31-50, >50 (>=50 label used from FY22 databook)."
Infosys,2026,new_hires_by_age,age_gt50,1592,count,"Infosys Group (global, permanent employees)",https://www.infosys.com/sustainability/documents/infosys-esg-databook-2025-26.pdf,Infosys ESG Databook 2025-26,31,"Permanent employees. Infosys age bands: <=30, 31-50, >50 (>=50 label used from FY22 databook)."
Infosys,2026,new_hires_total,total,73512,count,"Infosys Group (global, permanent employees)",https://www.infosys.com/sustainability/documents/infosys-esg-databook-2025-26.pdf,Infosys ESG Databook 2025-26,31,"Permanent employees. Infosys age bands: <=30, 31-50, >50 (>=50 label used from FY22 databook)."
Infosys,2026,new_hires_total,male,44004,count,"Infosys Group (global, permanent employees)",https://www.infosys.com/sustainability/documents/infosys-esg-databook-2025-26.pdf,Infosys ESG Databook 2025-26,31,"Permanent employees. Infosys age bands: <=30, 31-50, >50 (>=50 label used from FY22 databook)."
Infosys,2026,new_hires_total,female,29508,count,"Infosys Group (global, permanent employees)",https://www.infosys.com/sustainability/documents/infosys-esg-databook-2025-26.pdf,Infosys ESG Databook 2025-26,31,"Permanent employees. Infosys age bands: <=30, 31-50, >50 (>=50 label used from FY22 databook)."
Infosys,2022,turnover_by_age,age_lt30,38532,count,"Infosys Group (global, permanent employees)",https://www.infosys.com/sustainability/documents/infosys-esg-databook-2022-23.pdf,Infosys ESG Databook 2022-23,22,"Voluntary attrition, LTM, IT services (per table note); permanent employees. Rates reported only by gender within age band (denominator not stated). Infosys age bands: <=30, 31-50, >50 (>=50 label used from FY22 databook). ESG Databook 2021-22 reports a different (larger, total-turnover) FY22 series; see those rows."
Infosys,2022,turnover_by_age,age_lt30_male,23043,count,"Infosys Group (global, permanent employees)",https://www.infosys.com/sustainability/documents/infosys-esg-databook-2022-23.pdf,Infosys ESG Databook 2022-23,22,"Voluntary attrition, LTM, IT services (per table note); permanent employees. Rates reported only by gender within age band (denominator not stated). Infosys age bands: <=30, 31-50, >50 (>=50 label used from FY22 databook). ESG Databook 2021-22 reports a different (larger, total-turnover) FY22 series; see those rows."
Infosys,2022,turnover_by_age,age_lt30_female,15489,count,"Infosys Group (global, permanent employees)",https://www.infosys.com/sustainability/documents/infosys-esg-databook-2022-23.pdf,Infosys ESG Databook 2022-23,22,"Voluntary attrition, LTM, IT services (per table note); permanent employees. Rates reported only by gender within age band (denominator not stated). Infosys age bands: <=30, 31-50, >50 (>=50 label used from FY22 databook). ESG Databook 2021-22 reports a different (larger, total-turnover) FY22 series; see those rows."
Infosys,2022,turnover_rate_by_age,age_lt30_male,32.4,pct,"Infosys Group (global, permanent employees)",https://www.infosys.com/sustainability/documents/infosys-esg-databook-2022-23.pdf,Infosys ESG Databook 2022-23,22,"Voluntary attrition, LTM, IT services (per table note); permanent employees. Rates reported only by gender within age band (denominator not stated). Infosys age bands: <=30, 31-50, >50 (>=50 label used from FY22 databook). ESG Databook 2021-22 reports a different (larger, total-turnover) FY22 series; see those rows."
Infosys,2022,turnover_rate_by_age,age_lt30_female,26.5,pct,"Infosys Group (global, permanent employees)",https://www.infosys.com/sustainability/documents/infosys-esg-databook-2022-23.pdf,Infosys ESG Databook 2022-23,22,"Voluntary attrition, LTM, IT services (per table note); permanent employees. Rates reported only by gender within age band (denominator not stated). Infosys age bands: <=30, 31-50, >50 (>=50 label used from FY22 databook). ESG Databook 2021-22 reports a different (larger, total-turnover) FY22 series; see those rows."
Infosys,2022,turnover_by_age,age_30_50,21611,count,"Infosys Group (global, permanent employees)",https://www.infosys.com/sustainability/documents/infosys-esg-databook-2022-23.pdf,Infosys ESG Databook 2022-23,22,"Voluntary attrition, LTM, IT services (per table note); permanent employees. Rates reported only by gender within age band (denominator not stated). Infosys age bands: <=30, 31-50, >50 (>=50 label used from FY22 databook). ESG Databook 2021-22 reports a different (larger, total-turnover) FY22 series; see those rows."
Infosys,2022,turnover_by_age,age_30_50_male,15414,count,"Infosys Group (global, permanent employees)",https://www.infosys.com/sustainability/documents/infosys-esg-databook-2022-23.pdf,Infosys ESG Databook 2022-23,22,"Voluntary attrition, LTM, IT services (per table note); permanent employees. Rates reported only by gender within age band (denominator not stated). Infosys age bands: <=30, 31-50, >50 (>=50 label used from FY22 databook). ESG Databook 2021-22 reports a different (larger, total-turnover) FY22 series; see those rows."
Infosys,2022,turnover_by_age,age_30_50_female,6197,count,"Infosys Group (global, permanent employees)",https://www.infosys.com/sustainability/documents/infosys-esg-databook-2022-23.pdf,Infosys ESG Databook 2022-23,22,"Voluntary attrition, LTM, IT services (per table note); permanent employees. Rates reported only by gender within age band (denominator not stated). Infosys age bands: <=30, 31-50, >50 (>=50 label used from FY22 databook). ESG Databook 2021-22 reports a different (larger, total-turnover) FY22 series; see those rows."
Infosys,2022,turnover_rate_by_age,age_30_50_male,25.0,pct,"Infosys Group (global, permanent employees)",https://www.infosys.com/sustainability/documents/infosys-esg-databook-2022-23.pdf,Infosys ESG Databook 2022-23,22,"Voluntary attrition, LTM, IT services (per table note); permanent employees. Rates reported only by gender within age band (denominator not stated). Infosys age bands: <=30, 31-50, >50 (>=50 label used from FY22 databook). ESG Databook 2021-22 reports a different (larger, total-turnover) FY22 series; see those rows."
Infosys,2022,turnover_rate_by_age,age_30_50_female,25.5,pct,"Infosys Group (global, permanent employees)",https://www.infosys.com/sustainability/documents/infosys-esg-databook-2022-23.pdf,Infosys ESG Databook 2022-23,22,"Voluntary attrition, LTM, IT services (per table note); permanent employees. Rates reported only by gender within age band (denominator not stated). Infosys age bands: <=30, 31-50, >50 (>=50 label used from FY22 databook). ESG Databook 2021-22 reports a different (larger, total-turnover) FY22 series; see those rows."
Infosys,2022,turnover_by_age,age_gt50,760,count,"Infosys Group (global, permanent employees)",https://www.infosys.com/sustainability/documents/infosys-esg-databook-2022-23.pdf,Infosys ESG Databook 2022-23,22,"Voluntary attrition, LTM, IT services (per table note); permanent employees. Rates reported only by gender within age band (denominator not stated). Infosys age bands: <=30, 31-50, >50 (>=50 label used from FY22 databook). ESG Databook 2021-22 reports a different (larger, total-turnover) FY22 series; see those rows."
Infosys,2022,turnover_by_age,age_gt50_male,627,count,"Infosys Group (global, permanent employees)",https://www.infosys.com/sustainability/documents/infosys-esg-databook-2022-23.pdf,Infosys ESG Databook 2022-23,22,"Voluntary attrition, LTM, IT services (per table note); permanent employees. Rates reported only by gender within age band (denominator not stated). Infosys age bands: <=30, 31-50, >50 (>=50 label used from FY22 databook). ESG Databook 2021-22 reports a different (larger, total-turnover) FY22 series; see those rows."
Infosys,2022,turnover_by_age,age_gt50_female,133,count,"Infosys Group (global, permanent employees)",https://www.infosys.com/sustainability/documents/infosys-esg-databook-2022-23.pdf,Infosys ESG Databook 2022-23,22,"Voluntary attrition, LTM, IT services (per table note); permanent employees. Rates reported only by gender within age band (denominator not stated). Infosys age bands: <=30, 31-50, >50 (>=50 label used from FY22 databook). ESG Databook 2021-22 reports a different (larger, total-turnover) FY22 series; see those rows."
Infosys,2022,turnover_rate_by_age,age_gt50_male,16.9,pct,"Infosys Group (global, permanent employees)",https://www.infosys.com/sustainability/documents/infosys-esg-databook-2022-23.pdf,Infosys ESG Databook 2022-23,22,"Voluntary attrition, LTM, IT services (per table note); permanent employees. Rates reported only by gender within age band (denominator not stated). Infosys age bands: <=30, 31-50, >50 (>=50 label used from FY22 databook). ESG Databook 2021-22 reports a different (larger, total-turnover) FY22 series; see those rows."
Infosys,2022,turnover_rate_by_age,age_gt50_female,16.9,pct,"Infosys Group (global, permanent employees)",https://www.infosys.com/sustainability/documents/infosys-esg-databook-2022-23.pdf,Infosys ESG Databook 2022-23,22,"Voluntary attrition, LTM, IT services (per table note); permanent employees. Rates reported only by gender within age band (denominator not stated). Infosys age bands: <=30, 31-50, >50 (>=50 label used from FY22 databook). ESG Databook 2021-22 reports a different (larger, total-turnover) FY22 series; see those rows."
Infosys,2022,turnover_total,total,60903,count,"Infosys Group (global, permanent employees)",https://www.infosys.com/sustainability/documents/infosys-esg-databook-2022-23.pdf,Infosys ESG Databook 2022-23,22,"Voluntary attrition, LTM, IT services (per table note); permanent employees. Rates reported only by gender within age band (denominator not stated). Infosys age bands: <=30, 31-50, >50 (>=50 label used from FY22 databook). ESG Databook 2021-22 reports a different (larger, total-turnover) FY22 series; see those rows."
Infosys,2022,turnover_total,male_rate,28.7,pct,"Infosys Group (global, permanent employees)",https://www.infosys.com/sustainability/documents/infosys-esg-databook-2022-23.pdf,Infosys ESG Databook 2022-23,22,"Voluntary attrition, LTM, IT services (per table note); permanent employees. Rates reported only by gender within age band (denominator not stated). Infosys age bands: <=30, 31-50, >50 (>=50 label used from FY22 databook). ESG Databook 2021-22 reports a different (larger, total-turnover) FY22 series; see those rows."
Infosys,2022,turnover_total,female_rate,26.1,pct,"Infosys Group (global, permanent employees)",https://www.infosys.com/sustainability/documents/infosys-esg-databook-2022-23.pdf,Infosys ESG Databook 2022-23,22,"Voluntary attrition, LTM, IT services (per table note); permanent employees. Rates reported only by gender within age band (denominator not stated). Infosys age bands: <=30, 31-50, >50 (>=50 label used from FY22 databook). ESG Databook 2021-22 reports a different (larger, total-turnover) FY22 series; see those rows."
Infosys,2023,turnover_by_age,age_lt30,32811,count,"Infosys Group (global, permanent employees)",https://www.infosys.com/sustainability/documents/infosys-esg-databook-2022-23.pdf,Infosys ESG Databook 2022-23,22,"Voluntary attrition, LTM, IT services (per table note); permanent employees. Rates reported only by gender within age band (denominator not stated). Infosys age bands: <=30, 31-50, >50 (>=50 label used from FY22 databook)."
Infosys,2023,turnover_by_age,age_lt30_male,18803,count,"Infosys Group (global, permanent employees)",https://www.infosys.com/sustainability/documents/infosys-esg-databook-2022-23.pdf,Infosys ESG Databook 2022-23,22,"Voluntary attrition, LTM, IT services (per table note); permanent employees. Rates reported only by gender within age band (denominator not stated). Infosys age bands: <=30, 31-50, >50 (>=50 label used from FY22 databook)."
Infosys,2023,turnover_by_age,age_lt30_female,14008,count,"Infosys Group (global, permanent employees)",https://www.infosys.com/sustainability/documents/infosys-esg-databook-2022-23.pdf,Infosys ESG Databook 2022-23,22,"Voluntary attrition, LTM, IT services (per table note); permanent employees. Rates reported only by gender within age band (denominator not stated). Infosys age bands: <=30, 31-50, >50 (>=50 label used from FY22 databook)."
Infosys,2023,turnover_rate_by_age,age_lt30_male,21.8,pct,"Infosys Group (global, permanent employees)",https://www.infosys.com/sustainability/documents/infosys-esg-databook-2022-23.pdf,Infosys ESG Databook 2022-23,22,"Voluntary attrition, LTM, IT services (per table note); permanent employees. Rates reported only by gender within age band (denominator not stated). Infosys age bands: <=30, 31-50, >50 (>=50 label used from FY22 databook)."
Infosys,2023,turnover_rate_by_age,age_lt30_female,20.7,pct,"Infosys Group (global, permanent employees)",https://www.infosys.com/sustainability/documents/infosys-esg-databook-2022-23.pdf,Infosys ESG Databook 2022-23,22,"Voluntary attrition, LTM, IT services (per table note); permanent employees. Rates reported only by gender within age band (denominator not stated). Infosys age bands: <=30, 31-50, >50 (>=50 label used from FY22 databook)."
Infosys,2023,turnover_by_age,age_30_50,19195,count,"Infosys Group (global, permanent employees)",https://www.infosys.com/sustainability/documents/infosys-esg-databook-2022-23.pdf,Infosys ESG Databook 2022-23,22,"Voluntary attrition, LTM, IT services (per table note); permanent employees. Rates reported only by gender within age band (denominator not stated). Infosys age bands: <=30, 31-50, >50 (>=50 label used from FY22 databook)."
Infosys,2023,turnover_by_age,age_30_50_male,13433,count,"Infosys Group (global, permanent employees)",https://www.infosys.com/sustainability/documents/infosys-esg-databook-2022-23.pdf,Infosys ESG Databook 2022-23,22,"Voluntary attrition, LTM, IT services (per table note); permanent employees. Rates reported only by gender within age band (denominator not stated). Infosys age bands: <=30, 31-50, >50 (>=50 label used from FY22 databook)."
Infosys,2023,turnover_by_age,age_30_50_female,5762,count,"Infosys Group (global, permanent employees)",https://www.infosys.com/sustainability/documents/infosys-esg-databook-2022-23.pdf,Infosys ESG Databook 2022-23,22,"Voluntary attrition, LTM, IT services (per table note); permanent employees. Rates reported only by gender within age band (denominator not stated). Infosys age bands: <=30, 31-50, >50 (>=50 label used from FY22 databook)."
Infosys,2023,turnover_rate_by_age,age_30_50_male,20.6,pct,"Infosys Group (global, permanent employees)",https://www.infosys.com/sustainability/documents/infosys-esg-databook-2022-23.pdf,Infosys ESG Databook 2022-23,22,"Voluntary attrition, LTM, IT services (per table note); permanent employees. Rates reported only by gender within age band (denominator not stated). Infosys age bands: <=30, 31-50, >50 (>=50 label used from FY22 databook)."
Infosys,2023,turnover_rate_by_age,age_30_50_female,20.4,pct,"Infosys Group (global, permanent employees)",https://www.infosys.com/sustainability/documents/infosys-esg-databook-2022-23.pdf,Infosys ESG Databook 2022-23,22,"Voluntary attrition, LTM, IT services (per table note); permanent employees. Rates reported only by gender within age band (denominator not stated). Infosys age bands: <=30, 31-50, >50 (>=50 label used from FY22 databook)."
Infosys,2023,turnover_by_age,age_gt50,783,count,"Infosys Group (global, permanent employees)",https://www.infosys.com/sustainability/documents/infosys-esg-databook-2022-23.pdf,Infosys ESG Databook 2022-23,22,"Voluntary attrition, LTM, IT services (per table note); permanent employees. Rates reported only by gender within age band (denominator not stated). Infosys age bands: <=30, 31-50, >50 (>=50 label used from FY22 databook)."
Infosys,2023,turnover_by_age,age_gt50_male,646,count,"Infosys Group (global, permanent employees)",https://www.infosys.com/sustainability/documents/infosys-esg-databook-2022-23.pdf,Infosys ESG Databook 2022-23,22,"Voluntary attrition, LTM, IT services (per table note); permanent employees. Rates reported only by gender within age band (denominator not stated). Infosys age bands: <=30, 31-50, >50 (>=50 label used from FY22 databook)."
Infosys,2023,turnover_by_age,age_gt50_female,137,count,"Infosys Group (global, permanent employees)",https://www.infosys.com/sustainability/documents/infosys-esg-databook-2022-23.pdf,Infosys ESG Databook 2022-23,22,"Voluntary attrition, LTM, IT services (per table note); permanent employees. Rates reported only by gender within age band (denominator not stated). Infosys age bands: <=30, 31-50, >50 (>=50 label used from FY22 databook)."
Infosys,2023,turnover_rate_by_age,age_gt50_male,14.5,pct,"Infosys Group (global, permanent employees)",https://www.infosys.com/sustainability/documents/infosys-esg-databook-2022-23.pdf,Infosys ESG Databook 2022-23,22,"Voluntary attrition, LTM, IT services (per table note); permanent employees. Rates reported only by gender within age band (denominator not stated). Infosys age bands: <=30, 31-50, >50 (>=50 label used from FY22 databook)."
Infosys,2023,turnover_rate_by_age,age_gt50_female,14.9,pct,"Infosys Group (global, permanent employees)",https://www.infosys.com/sustainability/documents/infosys-esg-databook-2022-23.pdf,Infosys ESG Databook 2022-23,22,"Voluntary attrition, LTM, IT services (per table note); permanent employees. Rates reported only by gender within age band (denominator not stated). Infosys age bands: <=30, 31-50, >50 (>=50 label used from FY22 databook)."
Infosys,2023,turnover_total,total,52789,count,"Infosys Group (global, permanent employees)",https://www.infosys.com/sustainability/documents/infosys-esg-databook-2022-23.pdf,Infosys ESG Databook 2022-23,22,"Voluntary attrition, LTM, IT services (per table note); permanent employees. Rates reported only by gender within age band (denominator not stated). Infosys age bands: <=30, 31-50, >50 (>=50 label used from FY22 databook)."
Infosys,2023,turnover_total,male_rate,21.1,pct,"Infosys Group (global, permanent employees)",https://www.infosys.com/sustainability/documents/infosys-esg-databook-2022-23.pdf,Infosys ESG Databook 2022-23,22,"Voluntary attrition, LTM, IT services (per table note); permanent employees. Rates reported only by gender within age band (denominator not stated). Infosys age bands: <=30, 31-50, >50 (>=50 label used from FY22 databook)."
Infosys,2023,turnover_total,female_rate,20.6,pct,"Infosys Group (global, permanent employees)",https://www.infosys.com/sustainability/documents/infosys-esg-databook-2022-23.pdf,Infosys ESG Databook 2022-23,22,"Voluntary attrition, LTM, IT services (per table note); permanent employees. Rates reported only by gender within age band (denominator not stated). Infosys age bands: <=30, 31-50, >50 (>=50 label used from FY22 databook)."
Infosys,2024,turnover_by_age,age_lt30,19916,count,"Infosys Group (global, permanent employees)",https://www.infosys.com/sustainability/documents/infosys-esg-databook-2023-24.pdf,Infosys ESG Databook 2023-24,22,"Voluntary attrition, LTM, IT services (per table note); permanent employees. Rates reported only by gender within age band (denominator not stated). Infosys age bands: <=30, 31-50, >50 (>=50 label used from FY22 databook)."
Infosys,2024,turnover_by_age,age_lt30_male,11586,count,"Infosys Group (global, permanent employees)",https://www.infosys.com/sustainability/documents/infosys-esg-databook-2023-24.pdf,Infosys ESG Databook 2023-24,22,"Voluntary attrition, LTM, IT services (per table note); permanent employees. Rates reported only by gender within age band (denominator not stated). Infosys age bands: <=30, 31-50, >50 (>=50 label used from FY22 databook)."
Infosys,2024,turnover_by_age,age_lt30_female,8330,count,"Infosys Group (global, permanent employees)",https://www.infosys.com/sustainability/documents/infosys-esg-databook-2023-24.pdf,Infosys ESG Databook 2023-24,22,"Voluntary attrition, LTM, IT services (per table note); permanent employees. Rates reported only by gender within age band (denominator not stated). Infosys age bands: <=30, 31-50, >50 (>=50 label used from FY22 databook)."
Infosys,2024,turnover_rate_by_age,age_lt30_male,14.1,pct,"Infosys Group (global, permanent employees)",https://www.infosys.com/sustainability/documents/infosys-esg-databook-2023-24.pdf,Infosys ESG Databook 2023-24,22,"Voluntary attrition, LTM, IT services (per table note); permanent employees. Rates reported only by gender within age band (denominator not stated). Infosys age bands: <=30, 31-50, >50 (>=50 label used from FY22 databook)."
Infosys,2024,turnover_rate_by_age,age_lt30_female,13.2,pct,"Infosys Group (global, permanent employees)",https://www.infosys.com/sustainability/documents/infosys-esg-databook-2023-24.pdf,Infosys ESG Databook 2023-24,22,"Voluntary attrition, LTM, IT services (per table note); permanent employees. Rates reported only by gender within age band (denominator not stated). Infosys age bands: <=30, 31-50, >50 (>=50 label used from FY22 databook)."
Infosys,2024,turnover_by_age,age_30_50,11027,count,"Infosys Group (global, permanent employees)",https://www.infosys.com/sustainability/documents/infosys-esg-databook-2023-24.pdf,Infosys ESG Databook 2023-24,22,"Voluntary attrition, LTM, IT services (per table note); permanent employees. Rates reported only by gender within age band (denominator not stated). Infosys age bands: <=30, 31-50, >50 (>=50 label used from FY22 databook)."
Infosys,2024,turnover_by_age,age_30_50_male,7589,count,"Infosys Group (global, permanent employees)",https://www.infosys.com/sustainability/documents/infosys-esg-databook-2023-24.pdf,Infosys ESG Databook 2023-24,22,"Voluntary attrition, LTM, IT services (per table note); permanent employees. Rates reported only by gender within age band (denominator not stated). Infosys age bands: <=30, 31-50, >50 (>=50 label used from FY22 databook)."
Infosys,2024,turnover_by_age,age_30_50_female,3438,count,"Infosys Group (global, permanent employees)",https://www.infosys.com/sustainability/documents/infosys-esg-databook-2023-24.pdf,Infosys ESG Databook 2023-24,22,"Voluntary attrition, LTM, IT services (per table note); permanent employees. Rates reported only by gender within age band (denominator not stated). Infosys age bands: <=30, 31-50, >50 (>=50 label used from FY22 databook)."
Infosys,2024,turnover_rate_by_age,age_30_50_male,11.2,pct,"Infosys Group (global, permanent employees)",https://www.infosys.com/sustainability/documents/infosys-esg-databook-2023-24.pdf,Infosys ESG Databook 2023-24,22,"Voluntary attrition, LTM, IT services (per table note); permanent employees. Rates reported only by gender within age band (denominator not stated). Infosys age bands: <=30, 31-50, >50 (>=50 label used from FY22 databook)."
Infosys,2024,turnover_rate_by_age,age_30_50_female,11.2,pct,"Infosys Group (global, permanent employees)",https://www.infosys.com/sustainability/documents/infosys-esg-databook-2023-24.pdf,Infosys ESG Databook 2023-24,22,"Voluntary attrition, LTM, IT services (per table note); permanent employees. Rates reported only by gender within age band (denominator not stated). Infosys age bands: <=30, 31-50, >50 (>=50 label used from FY22 databook)."
Infosys,2024,turnover_by_age,age_gt50,538,count,"Infosys Group (global, permanent employees)",https://www.infosys.com/sustainability/documents/infosys-esg-databook-2023-24.pdf,Infosys ESG Databook 2023-24,22,"Voluntary attrition, LTM, IT services (per table note); permanent employees. Rates reported only by gender within age band (denominator not stated). Infosys age bands: <=30, 31-50, >50 (>=50 label used from FY22 databook)."
Infosys,2024,turnover_by_age,age_gt50_male,443,count,"Infosys Group (global, permanent employees)",https://www.infosys.com/sustainability/documents/infosys-esg-databook-2023-24.pdf,Infosys ESG Databook 2023-24,22,"Voluntary attrition, LTM, IT services (per table note); permanent employees. Rates reported only by gender within age band (denominator not stated). Infosys age bands: <=30, 31-50, >50 (>=50 label used from FY22 databook)."
Infosys,2024,turnover_by_age,age_gt50_female,95,count,"Infosys Group (global, permanent employees)",https://www.infosys.com/sustainability/documents/infosys-esg-databook-2023-24.pdf,Infosys ESG Databook 2023-24,22,"Voluntary attrition, LTM, IT services (per table note); permanent employees. Rates reported only by gender within age band (denominator not stated). Infosys age bands: <=30, 31-50, >50 (>=50 label used from FY22 databook)."
Infosys,2024,turnover_rate_by_age,age_gt50_male,9.1,pct,"Infosys Group (global, permanent employees)",https://www.infosys.com/sustainability/documents/infosys-esg-databook-2023-24.pdf,Infosys ESG Databook 2023-24,22,"Voluntary attrition, LTM, IT services (per table note); permanent employees. Rates reported only by gender within age band (denominator not stated). Infosys age bands: <=30, 31-50, >50 (>=50 label used from FY22 databook)."
Infosys,2024,turnover_rate_by_age,age_gt50_female,9.7,pct,"Infosys Group (global, permanent employees)",https://www.infosys.com/sustainability/documents/infosys-esg-databook-2023-24.pdf,Infosys ESG Databook 2023-24,22,"Voluntary attrition, LTM, IT services (per table note); permanent employees. Rates reported only by gender within age band (denominator not stated). Infosys age bands: <=30, 31-50, >50 (>=50 label used from FY22 databook)."
Infosys,2024,turnover_total,total,31481,count,"Infosys Group (global, permanent employees)",https://www.infosys.com/sustainability/documents/infosys-esg-databook-2023-24.pdf,Infosys ESG Databook 2023-24,22,"Voluntary attrition, LTM, IT services (per table note); permanent employees. Rates reported only by gender within age band (denominator not stated). Infosys age bands: <=30, 31-50, >50 (>=50 label used from FY22 databook)."
Infosys,2024,turnover_total,male_rate,12.6,pct,"Infosys Group (global, permanent employees)",https://www.infosys.com/sustainability/documents/infosys-esg-databook-2023-24.pdf,Infosys ESG Databook 2023-24,22,"Voluntary attrition, LTM, IT services (per table note); permanent employees. Rates reported only by gender within age band (denominator not stated). Infosys age bands: <=30, 31-50, >50 (>=50 label used from FY22 databook)."
Infosys,2024,turnover_total,female_rate,12.5,pct,"Infosys Group (global, permanent employees)",https://www.infosys.com/sustainability/documents/infosys-esg-databook-2023-24.pdf,Infosys ESG Databook 2023-24,22,"Voluntary attrition, LTM, IT services (per table note); permanent employees. Rates reported only by gender within age band (denominator not stated). Infosys age bands: <=30, 31-50, >50 (>=50 label used from FY22 databook)."
Infosys,2025,turnover_by_age,age_lt30,21331,count,"Infosys Group (global, permanent employees)",https://www.infosys.com/sustainability/documents/infosys-esg-databook-2024-25.pdf,Infosys ESG Databook 2024-25,28,"Voluntary attrition, LTM, IT services (per table note); permanent employees. Rates reported only by gender within age band (denominator not stated). Infosys age bands: <=30, 31-50, >50 (>=50 label used from FY22 databook)."
Infosys,2025,turnover_by_age,age_lt30_male,12902,count,"Infosys Group (global, permanent employees)",https://www.infosys.com/sustainability/documents/infosys-esg-databook-2024-25.pdf,Infosys ESG Databook 2024-25,28,"Voluntary attrition, LTM, IT services (per table note); permanent employees. Rates reported only by gender within age band (denominator not stated). Infosys age bands: <=30, 31-50, >50 (>=50 label used from FY22 databook)."
Infosys,2025,turnover_by_age,age_lt30_female,8429,count,"Infosys Group (global, permanent employees)",https://www.infosys.com/sustainability/documents/infosys-esg-databook-2024-25.pdf,Infosys ESG Databook 2024-25,28,"Voluntary attrition, LTM, IT services (per table note); permanent employees. Rates reported only by gender within age band (denominator not stated). Infosys age bands: <=30, 31-50, >50 (>=50 label used from FY22 databook)."
Infosys,2025,turnover_rate_by_age,age_lt30_male,17.6,pct,"Infosys Group (global, permanent employees)",https://www.infosys.com/sustainability/documents/infosys-esg-databook-2024-25.pdf,Infosys ESG Databook 2024-25,28,"Voluntary attrition, LTM, IT services (per table note); permanent employees. Rates reported only by gender within age band (denominator not stated). Infosys age bands: <=30, 31-50, >50 (>=50 label used from FY22 databook)."
Infosys,2025,turnover_rate_by_age,age_lt30_female,14.9,pct,"Infosys Group (global, permanent employees)",https://www.infosys.com/sustainability/documents/infosys-esg-databook-2024-25.pdf,Infosys ESG Databook 2024-25,28,"Voluntary attrition, LTM, IT services (per table note); permanent employees. Rates reported only by gender within age band (denominator not stated). Infosys age bands: <=30, 31-50, >50 (>=50 label used from FY22 databook)."
Infosys,2025,turnover_by_age,age_30_50,12042,count,"Infosys Group (global, permanent employees)",https://www.infosys.com/sustainability/documents/infosys-esg-databook-2024-25.pdf,Infosys ESG Databook 2024-25,28,"Voluntary attrition, LTM, IT services (per table note); permanent employees. Rates reported only by gender within age band (denominator not stated). Infosys age bands: <=30, 31-50, >50 (>=50 label used from FY22 databook)."
Infosys,2025,turnover_by_age,age_30_50_male,8263,count,"Infosys Group (global, permanent employees)",https://www.infosys.com/sustainability/documents/infosys-esg-databook-2024-25.pdf,Infosys ESG Databook 2024-25,28,"Voluntary attrition, LTM, IT services (per table note); permanent employees. Rates reported only by gender within age band (denominator not stated). Infosys age bands: <=30, 31-50, >50 (>=50 label used from FY22 databook)."
Infosys,2025,turnover_by_age,age_30_50_female,3779,count,"Infosys Group (global, permanent employees)",https://www.infosys.com/sustainability/documents/infosys-esg-databook-2024-25.pdf,Infosys ESG Databook 2024-25,28,"Voluntary attrition, LTM, IT services (per table note); permanent employees. Rates reported only by gender within age band (denominator not stated). Infosys age bands: <=30, 31-50, >50 (>=50 label used from FY22 databook)."
Infosys,2025,turnover_rate_by_age,age_30_50_male,11.7,pct,"Infosys Group (global, permanent employees)",https://www.infosys.com/sustainability/documents/infosys-esg-databook-2024-25.pdf,Infosys ESG Databook 2024-25,28,"Voluntary attrition, LTM, IT services (per table note); permanent employees. Rates reported only by gender within age band (denominator not stated). Infosys age bands: <=30, 31-50, >50 (>=50 label used from FY22 databook)."
Infosys,2025,turnover_rate_by_age,age_30_50_female,11.4,pct,"Infosys Group (global, permanent employees)",https://www.infosys.com/sustainability/documents/infosys-esg-databook-2024-25.pdf,Infosys ESG Databook 2024-25,28,"Voluntary attrition, LTM, IT services (per table note); permanent employees. Rates reported only by gender within age band (denominator not stated). Infosys age bands: <=30, 31-50, >50 (>=50 label used from FY22 databook)."
Infosys,2025,turnover_by_age,age_gt50,561,count,"Infosys Group (global, permanent employees)",https://www.infosys.com/sustainability/documents/infosys-esg-databook-2024-25.pdf,Infosys ESG Databook 2024-25,28,"Voluntary attrition, LTM, IT services (per table note); permanent employees. Rates reported only by gender within age band (denominator not stated). Infosys age bands: <=30, 31-50, >50 (>=50 label used from FY22 databook)."
Infosys,2025,turnover_by_age,age_gt50_male,456,count,"Infosys Group (global, permanent employees)",https://www.infosys.com/sustainability/documents/infosys-esg-databook-2024-25.pdf,Infosys ESG Databook 2024-25,28,"Voluntary attrition, LTM, IT services (per table note); permanent employees. Rates reported only by gender within age band (denominator not stated). Infosys age bands: <=30, 31-50, >50 (>=50 label used from FY22 databook)."
Infosys,2025,turnover_by_age,age_gt50_female,105,count,"Infosys Group (global, permanent employees)",https://www.infosys.com/sustainability/documents/infosys-esg-databook-2024-25.pdf,Infosys ESG Databook 2024-25,28,"Voluntary attrition, LTM, IT services (per table note); permanent employees. Rates reported only by gender within age band (denominator not stated). Infosys age bands: <=30, 31-50, >50 (>=50 label used from FY22 databook)."
Infosys,2025,turnover_rate_by_age,age_gt50_male,8.7,pct,"Infosys Group (global, permanent employees)",https://www.infosys.com/sustainability/documents/infosys-esg-databook-2024-25.pdf,Infosys ESG Databook 2024-25,28,"Voluntary attrition, LTM, IT services (per table note); permanent employees. Rates reported only by gender within age band (denominator not stated). Infosys age bands: <=30, 31-50, >50 (>=50 label used from FY22 databook)."
Infosys,2025,turnover_rate_by_age,age_gt50_female,10.4,pct,"Infosys Group (global, permanent employees)",https://www.infosys.com/sustainability/documents/infosys-esg-databook-2024-25.pdf,Infosys ESG Databook 2024-25,28,"Voluntary attrition, LTM, IT services (per table note); permanent employees. Rates reported only by gender within age band (denominator not stated). Infosys age bands: <=30, 31-50, >50 (>=50 label used from FY22 databook)."
Infosys,2025,turnover_total,total,33934,count,"Infosys Group (global, permanent employees)",https://www.infosys.com/sustainability/documents/infosys-esg-databook-2024-25.pdf,Infosys ESG Databook 2024-25,28,"Voluntary attrition, LTM, IT services (per table note); permanent employees. Rates reported only by gender within age band (denominator not stated). Infosys age bands: <=30, 31-50, >50 (>=50 label used from FY22 databook)."
Infosys,2025,turnover_total,male_rate,14.5,pct,"Infosys Group (global, permanent employees)",https://www.infosys.com/sustainability/documents/infosys-esg-databook-2024-25.pdf,Infosys ESG Databook 2024-25,28,"Voluntary attrition, LTM, IT services (per table note); permanent employees. Rates reported only by gender within age band (denominator not stated). Infosys age bands: <=30, 31-50, >50 (>=50 label used from FY22 databook)."
Infosys,2025,turnover_total,female_rate,13.6,pct,"Infosys Group (global, permanent employees)",https://www.infosys.com/sustainability/documents/infosys-esg-databook-2024-25.pdf,Infosys ESG Databook 2024-25,28,"Voluntary attrition, LTM, IT services (per table note); permanent employees. Rates reported only by gender within age band (denominator not stated). Infosys age bands: <=30, 31-50, >50 (>=50 label used from FY22 databook)."
Infosys,2026,turnover_by_age,age_lt30,20051,count,"Infosys Group (global, permanent employees)",https://www.infosys.com/sustainability/documents/infosys-esg-databook-2025-26.pdf,Infosys ESG Databook 2025-26,32,"Voluntary attrition, LTM, IT services (per table note); permanent employees. Rates reported only by gender within age band (denominator not stated). Infosys age bands: <=30, 31-50, >50 (>=50 label used from FY22 databook)."
Infosys,2026,turnover_by_age,age_lt30_male,12657,count,"Infosys Group (global, permanent employees)",https://www.infosys.com/sustainability/documents/infosys-esg-databook-2025-26.pdf,Infosys ESG Databook 2025-26,32,"Voluntary attrition, LTM, IT services (per table note); permanent employees. Rates reported only by gender within age band (denominator not stated). Infosys age bands: <=30, 31-50, >50 (>=50 label used from FY22 databook)."
Infosys,2026,turnover_by_age,age_lt30_female,7394,count,"Infosys Group (global, permanent employees)",https://www.infosys.com/sustainability/documents/infosys-esg-databook-2025-26.pdf,Infosys ESG Databook 2025-26,32,"Voluntary attrition, LTM, IT services (per table note); permanent employees. Rates reported only by gender within age band (denominator not stated). Infosys age bands: <=30, 31-50, >50 (>=50 label used from FY22 databook)."
Infosys,2026,turnover_rate_by_age,age_lt30_male,17.6,pct,"Infosys Group (global, permanent employees)",https://www.infosys.com/sustainability/documents/infosys-esg-databook-2025-26.pdf,Infosys ESG Databook 2025-26,32,"Voluntary attrition, LTM, IT services (per table note); permanent employees. Rates reported only by gender within age band (denominator not stated). Infosys age bands: <=30, 31-50, >50 (>=50 label used from FY22 databook)."
Infosys,2026,turnover_rate_by_age,age_lt30_female,13.4,pct,"Infosys Group (global, permanent employees)",https://www.infosys.com/sustainability/documents/infosys-esg-databook-2025-26.pdf,Infosys ESG Databook 2025-26,32,"Voluntary attrition, LTM, IT services (per table note); permanent employees. Rates reported only by gender within age band (denominator not stated). Infosys age bands: <=30, 31-50, >50 (>=50 label used from FY22 databook)."
Infosys,2026,turnover_by_age,age_30_50,10236,count,"Infosys Group (global, permanent employees)",https://www.infosys.com/sustainability/documents/infosys-esg-databook-2025-26.pdf,Infosys ESG Databook 2025-26,32,"Voluntary attrition, LTM, IT services (per table note); permanent employees. Rates reported only by gender within age band (denominator not stated). Infosys age bands: <=30, 31-50, >50 (>=50 label used from FY22 databook)."
Infosys,2026,turnover_by_age,age_30_50_male,6978,count,"Infosys Group (global, permanent employees)",https://www.infosys.com/sustainability/documents/infosys-esg-databook-2025-26.pdf,Infosys ESG Databook 2025-26,32,"Voluntary attrition, LTM, IT services (per table note); permanent employees. Rates reported only by gender within age band (denominator not stated). Infosys age bands: <=30, 31-50, >50 (>=50 label used from FY22 databook)."
Infosys,2026,turnover_by_age,age_30_50_female,3258,count,"Infosys Group (global, permanent employees)",https://www.infosys.com/sustainability/documents/infosys-esg-databook-2025-26.pdf,Infosys ESG Databook 2025-26,32,"Voluntary attrition, LTM, IT services (per table note); permanent employees. Rates reported only by gender within age band (denominator not stated). Infosys age bands: <=30, 31-50, >50 (>=50 label used from FY22 databook)."
Infosys,2026,turnover_rate_by_age,age_30_50_male,9.3,pct,"Infosys Group (global, permanent employees)",https://www.infosys.com/sustainability/documents/infosys-esg-databook-2025-26.pdf,Infosys ESG Databook 2025-26,32,"Voluntary attrition, LTM, IT services (per table note); permanent employees. Rates reported only by gender within age band (denominator not stated). Infosys age bands: <=30, 31-50, >50 (>=50 label used from FY22 databook)."
Infosys,2026,turnover_rate_by_age,age_30_50_female,9.0,pct,"Infosys Group (global, permanent employees)",https://www.infosys.com/sustainability/documents/infosys-esg-databook-2025-26.pdf,Infosys ESG Databook 2025-26,32,"Voluntary attrition, LTM, IT services (per table note); permanent employees. Rates reported only by gender within age band (denominator not stated). Infosys age bands: <=30, 31-50, >50 (>=50 label used from FY22 databook)."
Infosys,2026,turnover_by_age,age_gt50,559,count,"Infosys Group (global, permanent employees)",https://www.infosys.com/sustainability/documents/infosys-esg-databook-2025-26.pdf,Infosys ESG Databook 2025-26,32,"Voluntary attrition, LTM, IT services (per table note); permanent employees. Rates reported only by gender within age band (denominator not stated). Infosys age bands: <=30, 31-50, >50 (>=50 label used from FY22 databook)."
Infosys,2026,turnover_by_age,age_gt50_male,473,count,"Infosys Group (global, permanent employees)",https://www.infosys.com/sustainability/documents/infosys-esg-databook-2025-26.pdf,Infosys ESG Databook 2025-26,32,"Voluntary attrition, LTM, IT services (per table note); permanent employees. Rates reported only by gender within age band (denominator not stated). Infosys age bands: <=30, 31-50, >50 (>=50 label used from FY22 databook)."
Infosys,2026,turnover_by_age,age_gt50_female,86,count,"Infosys Group (global, permanent employees)",https://www.infosys.com/sustainability/documents/infosys-esg-databook-2025-26.pdf,Infosys ESG Databook 2025-26,32,"Voluntary attrition, LTM, IT services (per table note); permanent employees. Rates reported only by gender within age band (denominator not stated). Infosys age bands: <=30, 31-50, >50 (>=50 label used from FY22 databook)."
Infosys,2026,turnover_rate_by_age,age_gt50_male,7.8,pct,"Infosys Group (global, permanent employees)",https://www.infosys.com/sustainability/documents/infosys-esg-databook-2025-26.pdf,Infosys ESG Databook 2025-26,32,"Voluntary attrition, LTM, IT services (per table note); permanent employees. Rates reported only by gender within age band (denominator not stated). Infosys age bands: <=30, 31-50, >50 (>=50 label used from FY22 databook)."
Infosys,2026,turnover_rate_by_age,age_gt50_female,7.6,pct,"Infosys Group (global, permanent employees)",https://www.infosys.com/sustainability/documents/infosys-esg-databook-2025-26.pdf,Infosys ESG Databook 2025-26,32,"Voluntary attrition, LTM, IT services (per table note); permanent employees. Rates reported only by gender within age band (denominator not stated). Infosys age bands: <=30, 31-50, >50 (>=50 label used from FY22 databook)."
Infosys,2026,turnover_total,total,30846,count,"Infosys Group (global, permanent employees)",https://www.infosys.com/sustainability/documents/infosys-esg-databook-2025-26.pdf,Infosys ESG Databook 2025-26,32,"Voluntary attrition, LTM, IT services (per table note); permanent employees. Rates reported only by gender within age band (denominator not stated). Infosys age bands: <=30, 31-50, >50 (>=50 label used from FY22 databook)."
Infosys,2026,turnover_total,male_rate,13.2,pct,"Infosys Group (global, permanent employees)",https://www.infosys.com/sustainability/documents/infosys-esg-databook-2025-26.pdf,Infosys ESG Databook 2025-26,32,"Voluntary attrition, LTM, IT services (per table note); permanent employees. Rates reported only by gender within age band (denominator not stated). Infosys age bands: <=30, 31-50, >50 (>=50 label used from FY22 databook)."
Infosys,2026,turnover_total,female_rate,11.6,pct,"Infosys Group (global, permanent employees)",https://www.infosys.com/sustainability/documents/infosys-esg-databook-2025-26.pdf,Infosys ESG Databook 2025-26,32,"Voluntary attrition, LTM, IT services (per table note); permanent employees. Rates reported only by gender within age band (denominator not stated). Infosys age bands: <=30, 31-50, >50 (>=50 label used from FY22 databook)."
Infosys,2022,other,turnover_share_grade_junior,40.74,pct,"Infosys Group (global, permanent employees), excl. Stater",https://www.infosys.com/sustainability/documents/infosys-esg-databook-2021-22.pdf,Infosys ESG Databook 2021-22,23,Reported as 'Role wise employee turnover rate' but values sum to ~100%: share of total turnover by role (Associate=junior).
Infosys,2022,other,turnover_share_grade_middle,52.2,pct,"Infosys Group (global, permanent employees), excl. Stater",https://www.infosys.com/sustainability/documents/infosys-esg-databook-2021-22.pdf,Infosys ESG Databook 2021-22,23,Reported as 'Role wise employee turnover rate' but values sum to ~100%: share of total turnover by role (Associate=junior).
Infosys,2022,other,turnover_share_grade_senior,6.89,pct,"Infosys Group (global, permanent employees), excl. Stater",https://www.infosys.com/sustainability/documents/infosys-esg-databook-2021-22.pdf,Infosys ESG Databook 2021-22,23,Reported as 'Role wise employee turnover rate' but values sum to ~100%: share of total turnover by role (Associate=junior).
Infosys,2022,other,turnover_share_grade_top,0.11,pct,"Infosys Group (global, permanent employees), excl. Stater",https://www.infosys.com/sustainability/documents/infosys-esg-databook-2021-22.pdf,Infosys ESG Databook 2021-22,23,Reported as 'Role wise employee turnover rate' but values sum to ~100%: share of total turnover by role (Associate=junior).
Infosys,2021,other,turnover_share_grade_junior,44.2,pct,"Infosys Group (global, permanent employees), excl. Stater",https://www.infosys.com/sustainability/documents/infosys-esg-databook-2021-22.pdf,Infosys ESG Databook 2021-22,23,Reported as 'Role wise employee turnover rate' but values sum to ~100%: share of total turnover by role (Associate=junior).
Infosys,2021,other,turnover_share_grade_middle,47.58,pct,"Infosys Group (global, permanent employees), excl. Stater",https://www.infosys.com/sustainability/documents/infosys-esg-databook-2021-22.pdf,Infosys ESG Databook 2021-22,23,Reported as 'Role wise employee turnover rate' but values sum to ~100%: share of total turnover by role (Associate=junior).
Infosys,2021,other,turnover_share_grade_senior,7.99,pct,"Infosys Group (global, permanent employees), excl. Stater",https://www.infosys.com/sustainability/documents/infosys-esg-databook-2021-22.pdf,Infosys ESG Databook 2021-22,23,Reported as 'Role wise employee turnover rate' but values sum to ~100%: share of total turnover by role (Associate=junior).
Infosys,2021,other,turnover_share_grade_top,0.17,pct,"Infosys Group (global, permanent employees), excl. Stater",https://www.infosys.com/sustainability/documents/infosys-esg-databook-2021-22.pdf,Infosys ESG Databook 2021-22,23,Reported as 'Role wise employee turnover rate' but values sum to ~100%: share of total turnover by role (Associate=junior).
Infosys,2020,turnover_total,male_rate,17.6,pct,Infosys Group permanent employees (BRSR),https://www.infosys.com/investors/reports-filings/annual-report/annual/documents/infosys-ar-22.pdf,Infosys Integrated Annual Report FY2022 - BRSR Q22/Q20,301,BRSR turnover rate; matches databook voluntary IT-services LTM series where overlapping. Prior-year column in BRSR FY22 (voluntary BRSR year).
Infosys,2020,turnover_total,female_rate,17.0,pct,Infosys Group permanent employees (BRSR),https://www.infosys.com/investors/reports-filings/annual-report/annual/documents/infosys-ar-22.pdf,Infosys Integrated Annual Report FY2022 - BRSR Q22/Q20,301,BRSR turnover rate; matches databook voluntary IT-services LTM series where overlapping. Prior-year column in BRSR FY22 (voluntary BRSR year).
Infosys,2020,turnover_total,total_rate,17.4,pct,Infosys Group permanent employees (BRSR),https://www.infosys.com/investors/reports-filings/annual-report/annual/documents/infosys-ar-22.pdf,Infosys Integrated Annual Report FY2022 - BRSR Q22/Q20,301,BRSR turnover rate; matches databook voluntary IT-services LTM series where overlapping. Prior-year column in BRSR FY22 (voluntary BRSR year).
Infosys,2021,turnover_total,male_rate,11.3,pct,Infosys Group permanent employees (BRSR),https://www.infosys.com/investors/reports-filings/annual-report/annual/documents/infosys-ar-22.pdf,Infosys Integrated Annual Report FY2022 - BRSR Q22/Q20,301,BRSR turnover rate; matches databook voluntary IT-services LTM series where overlapping. Prior-year column in BRSR FY22.
Infosys,2021,turnover_total,female_rate,10.2,pct,Infosys Group permanent employees (BRSR),https://www.infosys.com/investors/reports-filings/annual-report/annual/documents/infosys-ar-22.pdf,Infosys Integrated Annual Report FY2022 - BRSR Q22/Q20,301,BRSR turnover rate; matches databook voluntary IT-services LTM series where overlapping. Prior-year column in BRSR FY22.
Infosys,2021,turnover_total,total_rate,10.9,pct,Infosys Group permanent employees (BRSR),https://www.infosys.com/investors/reports-filings/annual-report/annual/documents/infosys-ar-22.pdf,Infosys Integrated Annual Report FY2022 - BRSR Q22/Q20,301,BRSR turnover rate; matches databook voluntary IT-services LTM series where overlapping. Prior-year column in BRSR FY22.
Infosys,2022,turnover_total,male_rate,28.7,pct,Infosys Group permanent employees (BRSR),https://www.infosys.com/investors/reports-filings/annual-report/annual/documents/infosys-ar-22.pdf,Infosys Integrated Annual Report FY2022 - BRSR Q22/Q20,301,BRSR turnover rate; matches databook voluntary IT-services LTM series where overlapping.
Infosys,2022,turnover_total,female_rate,26.1,pct,Infosys Group permanent employees (BRSR),https://www.infosys.com/investors/reports-filings/annual-report/annual/documents/infosys-ar-22.pdf,Infosys Integrated Annual Report FY2022 - BRSR Q22/Q20,301,BRSR turnover rate; matches databook voluntary IT-services LTM series where overlapping.
Infosys,2022,turnover_total,total_rate,27.7,pct,Infosys Group permanent employees (BRSR),https://www.infosys.com/investors/reports-filings/annual-report/annual/documents/infosys-ar-22.pdf,Infosys Integrated Annual Report FY2022 - BRSR Q22/Q20,301,BRSR turnover rate; matches databook voluntary IT-services LTM series where overlapping.
Infosys,2023,turnover_total,male_rate,21.1,pct,Infosys Group permanent employees (BRSR),https://www.infosys.com/investors/reports-filings/annual-report/annual/documents/infosys-ar-23.pdf,Infosys Integrated Annual Report FY2023 - BRSR Q22/Q20,137,BRSR turnover rate; matches databook voluntary IT-services LTM series where overlapping.
Infosys,2023,turnover_total,female_rate,20.6,pct,Infosys Group permanent employees (BRSR),https://www.infosys.com/investors/reports-filings/annual-report/annual/documents/infosys-ar-23.pdf,Infosys Integrated Annual Report FY2023 - BRSR Q22/Q20,137,BRSR turnover rate; matches databook voluntary IT-services LTM series where overlapping.
Infosys,2023,turnover_total,total_rate,20.9,pct,Infosys Group permanent employees (BRSR),https://www.infosys.com/investors/reports-filings/annual-report/annual/documents/infosys-ar-23.pdf,Infosys Integrated Annual Report FY2023 - BRSR Q22/Q20,137,BRSR turnover rate; matches databook voluntary IT-services LTM series where overlapping.
Infosys,2024,turnover_total,male_rate,12.6,pct,Infosys Group permanent employees (BRSR),https://www.infosys.com/investors/reports-filings/annual-report/annual/documents/infosys-ar-24.pdf,Infosys Integrated Annual Report FY2024 - BRSR Q22/Q20,133,BRSR turnover rate; matches databook voluntary IT-services LTM series where overlapping.
Infosys,2024,turnover_total,female_rate,12.5,pct,Infosys Group permanent employees (BRSR),https://www.infosys.com/investors/reports-filings/annual-report/annual/documents/infosys-ar-24.pdf,Infosys Integrated Annual Report FY2024 - BRSR Q22/Q20,133,BRSR turnover rate; matches databook voluntary IT-services LTM series where overlapping.
Infosys,2024,turnover_total,total_rate,12.6,pct,Infosys Group permanent employees (BRSR),https://www.infosys.com/investors/reports-filings/annual-report/annual/documents/infosys-ar-24.pdf,Infosys Integrated Annual Report FY2024 - BRSR Q22/Q20,133,BRSR turnover rate; matches databook voluntary IT-services LTM series where overlapping.
Infosys,2025,turnover_total,male_rate,14.5,pct,Infosys Group permanent employees (BRSR),https://www.infosys.com/investors/reports-filings/annual-report/annual/documents/infosys-ar-25.pdf,Infosys Integrated Annual Report FY2025 - BRSR Q22/Q20,135,BRSR turnover rate; matches databook voluntary IT-services LTM series where overlapping. BRSR Core basis (per footnote).
Infosys,2025,turnover_total,female_rate,13.6,pct,Infosys Group permanent employees (BRSR),https://www.infosys.com/investors/reports-filings/annual-report/annual/documents/infosys-ar-25.pdf,Infosys Integrated Annual Report FY2025 - BRSR Q22/Q20,135,BRSR turnover rate; matches databook voluntary IT-services LTM series where overlapping. BRSR Core basis (per footnote).
Infosys,2025,turnover_total,total_rate,14.1,pct,Infosys Group permanent employees (BRSR),https://www.infosys.com/investors/reports-filings/annual-report/annual/documents/infosys-ar-25.pdf,Infosys Integrated Annual Report FY2025 - BRSR Q22/Q20,135,BRSR turnover rate; matches databook voluntary IT-services LTM series where overlapping. BRSR Core basis (per footnote).
Infosys,2026,turnover_total,male_rate,13.2,pct,Infosys Group permanent employees (BRSR),https://www.infosys.com/investors/reports-filings/annual-report/annual/documents/infosys-ar-26.pdf,Infosys Integrated Annual Report FY2026 - BRSR Q22/Q20,144,BRSR turnover rate; matches databook voluntary IT-services LTM series where overlapping.
Infosys,2026,turnover_total,female_rate,11.6,pct,Infosys Group permanent employees (BRSR),https://www.infosys.com/investors/reports-filings/annual-report/annual/documents/infosys-ar-26.pdf,Infosys Integrated Annual Report FY2026 - BRSR Q22/Q20,144,BRSR turnover rate; matches databook voluntary IT-services LTM series where overlapping.
Infosys,2026,turnover_total,total_rate,12.6,pct,Infosys Group permanent employees (BRSR),https://www.infosys.com/investors/reports-filings/annual-report/annual/documents/infosys-ar-26.pdf,Infosys Integrated Annual Report FY2026 - BRSR Q22/Q20,144,BRSR turnover rate; matches databook voluntary IT-services LTM series where overlapping.
Infosys,2016,fresher_hires,total,16000,count,"Infosys Ltd (Foundation Program, Mysuru)",https://www.infosys.com/sustainability/documents/infosys-sustainability-report-2015-16.pdf,Infosys Sustainability Report 2015-16,28,"'about 16,000 freshers were trained' in FY16 Foundation Program; proxy for campus joiners (trained, not hired, count)."
Infosys,2017,fresher_hires,total,12430,count,"Infosys Ltd (Foundation Program, Mysuru)",https://www.infosys.com/sustainability/documents/infosys-sustainability-report-2016-17.pdf,Infosys Sustainability Report 2016-17,27,"'about 12,430 freshers were trained'; proxy for campus joiners."
Infosys,2018,fresher_hires,total,8934,count,Infosys Ltd (Foundation Program),https://www.infosys.com/sustainability/documents/infosys-sustainability-report-2017-18.pdf,Infosys Sustainability Report 2017-18,28,"'8,934 freshers were trained'; proxy for campus joiners."
Infosys,2019,fresher_hires,total,18435,count,Infosys Ltd (Foundation Program),https://www.infosys.com/sustainability/documents/infosys-sustainability-report-2018-19.pdf,Infosys Sustainability Report 2018-19,26,"'About 18,435 freshers were trained in fiscal 2019'; proxy for campus joiners."
Infosys,2019,fresher_hires,total,21500,count,"Infosys Group, global",https://www.infosys.com/investors/reports-filings/annual-report/annual/documents/infosys-ar-19.pdf,Infosys Annual Report 2018-19 (CEO letter),17,"'over 1,500 college graduates outside India and more than 20,000 college graduates in India'; lower bound, sum of the two."
Infosys,2021,fresher_hires,total,20000,count,"Infosys, global",https://www.infosys.com/investors/reports-filings/quarterly-results/2020-2021/q4/documents/transcripts/earningscall.pdf,Infosys Q4 FY21 earnings call transcript,9,"'recruited over 20,000 people from campus in FY21'; lower bound."
Infosys,2022,fresher_hires,total,84782,count,"Infosys Group, global",https://www.infosys.com/investors/reports-filings/annual-report/annual/documents/infosys-ar-22.pdf,Infosys Integrated Annual Report 2021-22 (Business highlights),21,"'Fresh college graduates hired globally 84,782'. Q4 FY22 call says 'recruited 85,000 college graduates' (p4)."
Infosys,2023,fresher_hires,total,50000,count,"Infosys Group, global",https://www.infosys.com/investors/reports-filings/annual-report/annual/documents/infosys-ar-23.pdf,Infosys Integrated Annual Report 2022-23,22,"'~50,000 Fresh graduates hired globally'; CEO letter p17 'over 50,000'; ESG Report 2022-23 p26 'hired 50,000 freshers'. Approximate."
Infosys,2024,fresher_hires,total,11900,count,"Infosys Group, global",https://www.infosys.com/investors/reports-filings/annual-report/annual/documents/infosys-ar-24.pdf,Infosys Integrated Annual Report 2023-24,21,"'11,900+ Fresh graduates hired globally'; CEO letter p17 'nearly 11,900'. Approximate."
Infosys,2025,fresher_hires,total,15288,count,"Infosys Group, global",https://www.infosys.com/investors/reports-filings/annual-report/annual/documents/infosys-ar-25.pdf,Infosys Integrated Annual Report 2024-25,22,"'15,288 Fresh graduates hired globally'; Q4 FY25 call p6 'hired 15,000 freshers'."
Infosys,2026,fresher_hires,total,20000,count,"Infosys Group, global",https://www.infosys.com/investors/reports-filings/annual-report/annual/documents/infosys-ar-26.pdf,Infosys Integrated Annual Report 2025-26,25,"'20,000+ Fresh graduates hired globally'; Q4 FY26 call p5 'onboarded more than 20,000 freshers'. Lower bound."
Infosys,2026,other,fresh_grads_completed_GEC_training,10766,count,"Infosys, GEC Mysuru",https://www.infosys.com/investors/reports-filings/annual-report/annual/documents/infosys-ar-26.pdf,Infosys Integrated Annual Report 2025-26,85,"'10,766 fresh graduates completed the training at GEC Mysuru and were released to delivery units' in FY26."
Infosys,2020,fresher_hires,outside_india_local,2035,count,"Infosys, local hires in overseas markets",https://www.infosys.com/investors/reports-filings/annual-report/annual/documents/infosys-ar-20.pdf,Infosys Annual Report 2019-20,72,"'recruited 6,932 employees locally in our markets, of which 2,035 were fresh graduates'."
Infosys,2021,fresher_hires,outside_india_local,1941,count,"Infosys, local hires in overseas markets",https://www.infosys.com/investors/reports-filings/annual-report/annual/documents/infosys-ar-21.pdf,Infosys Integrated Annual Report 2020-21,57,"'over 7,280 employees locally ... of which 1,941 were fresh graduates'."
Infosys,2022,fresher_hires,outside_india_local,3650,count,"Infosys, local hires in overseas markets",https://www.infosys.com/investors/reports-filings/annual-report/annual/documents/infosys-ar-22.pdf,Infosys Integrated Annual Report 2021-22,20,"'over 14,805 employees locally ... of which 3,650 were fresh graduates'."
Infosys,2023,fresher_hires,outside_india_local,2216,count,"Infosys, local hires in overseas markets",https://www.infosys.com/investors/reports-filings/annual-report/annual/documents/infosys-ar-23.pdf,Infosys Integrated Annual Report 2022-23,21,"'over 10,169 employees locally ... of which 2,216 were fresh graduates'."
Infosys,2021,other,freshers_covered_onboarding_POSH,19000,count,Infosys Ltd (India),https://www.infosys.com/investors/reports-filings/annual-report/annual/documents/infosys-ar-21.pdf,Infosys Integrated Annual Report 2020-21 (BRR),279,"'Mandatory onboarding sessions for new hires covering approximately 20,000+ laterals and 19,000+ freshers'; proxy for fresher joiners."
Infosys,2023,other,freshers_covered_onboarding_POSH,29640,count,Infosys Ltd (India),https://www.infosys.com/sustainability/documents/infosys-esg-databook-2022-23.pdf,Infosys ESG Databook 2022-23,23,"'approx. 50116 laterals and 29640 freshers covered through the year' in mandatory onboarding sessions; much lower than ~50,000 freshers hired claim."
TCS,2016,employees_by_age,age_lt30,59.5,pct,"TCS incl. subsidiaries, global (353,843)",https://www.tcs.com/content/dam/global-tcs/en/pdfs/who-we-are/sustainability-reports/GRI-2016-Sustainability-Report.pdf,TCS Corporate Sustainability Report 2015-16 (Exhibit 15),39,"Pie chart labels by age x gender, summed. TCS bands: <30, 30-40, 40-50, >50."
TCS,2016,employees_by_age,age_30_50,38.8,pct,"TCS incl. subsidiaries, global (353,843)",https://www.tcs.com/content/dam/global-tcs/en/pdfs/who-we-are/sustainability-reports/GRI-2016-Sustainability-Report.pdf,TCS Corporate Sustainability Report 2015-16 (Exhibit 15),39,"Pie chart labels by age x gender, summed. TCS bands: <30, 30-40, 40-50, >50."
TCS,2016,employees_by_age,age_30_40,32.7,pct,"TCS incl. subsidiaries, global (353,843)",https://www.tcs.com/content/dam/global-tcs/en/pdfs/who-we-are/sustainability-reports/GRI-2016-Sustainability-Report.pdf,TCS Corporate Sustainability Report 2015-16 (Exhibit 15),39,"Pie chart labels by age x gender, summed. TCS bands: <30, 30-40, 40-50, >50."
TCS,2016,employees_by_age,age_40_50,6.1,pct,"TCS incl. subsidiaries, global (353,843)",https://www.tcs.com/content/dam/global-tcs/en/pdfs/who-we-are/sustainability-reports/GRI-2016-Sustainability-Report.pdf,TCS Corporate Sustainability Report 2015-16 (Exhibit 15),39,"Pie chart labels by age x gender, summed. TCS bands: <30, 30-40, 40-50, >50."
TCS,2016,employees_by_age,age_gt50,1.7,pct,"TCS incl. subsidiaries, global (353,843)",https://www.tcs.com/content/dam/global-tcs/en/pdfs/who-we-are/sustainability-reports/GRI-2016-Sustainability-Report.pdf,TCS Corporate Sustainability Report 2015-16 (Exhibit 15),39,"Pie chart labels by age x gender, summed. TCS bands: <30, 30-40, 40-50, >50."
TCS,2017,employees_by_age,age_lt30,65.7,pct,"TCS, India region only",https://www.tcs.com/content/dam/global-tcs/en/pdfs/who-we-are/sustainability-reports/GRI-Sustainability-Report-2016-2017.pdf,TCS Corporate Sustainability Report 2016-17 (Exhibit 5),23,"Read from infographic labels (male+female summed); values are % of India employees. Other regions charted separately. TCS bands: <30, 30-40, 40-50, >50."
TCS,2017,employees_by_age,age_30_50,33.7,pct,"TCS, India region only",https://www.tcs.com/content/dam/global-tcs/en/pdfs/who-we-are/sustainability-reports/GRI-Sustainability-Report-2016-2017.pdf,TCS Corporate Sustainability Report 2016-17 (Exhibit 5),23,"Read from infographic labels (male+female summed); values are % of India employees. Other regions charted separately. TCS bands: <30, 30-40, 40-50, >50."
TCS,2017,employees_by_age,age_gt50,0.6,pct,"TCS, India region only",https://www.tcs.com/content/dam/global-tcs/en/pdfs/who-we-are/sustainability-reports/GRI-Sustainability-Report-2016-2017.pdf,TCS Corporate Sustainability Report 2016-17 (Exhibit 5),23,"Read from infographic labels (male+female summed); values are % of India employees. Other regions charted separately. TCS bands: <30, 30-40, 40-50, >50."
TCS,2020,employees_by_age,age_lt30,52.0,pct,"TCS, India region only",https://www.tcs.com/content/dam/tcs/investor-relations/financial-statements/2019-20/ar/annual-report-2019-2020.pdf,TCS Annual Report 2019-20 (MD&A),86,"Read from infographic labels (male+female summed); values are % of India employees. Whole-% labels; M/F label placement ambiguous but band sums robust. TCS bands: <30, 30-40, 40-50, >50."
TCS,2020,employees_by_age,age_30_50,47.0,pct,"TCS, India region only",https://www.tcs.com/content/dam/tcs/investor-relations/financial-statements/2019-20/ar/annual-report-2019-2020.pdf,TCS Annual Report 2019-20 (MD&A),86,"Read from infographic labels (male+female summed); values are % of India employees. Whole-% labels; M/F label placement ambiguous but band sums robust. TCS bands: <30, 30-40, 40-50, >50."
TCS,2020,employees_by_age,age_30_40,39.0,pct,"TCS, India region only",https://www.tcs.com/content/dam/tcs/investor-relations/financial-statements/2019-20/ar/annual-report-2019-2020.pdf,TCS Annual Report 2019-20 (MD&A),86,"Read from infographic labels (male+female summed); values are % of India employees. Whole-% labels; M/F label placement ambiguous but band sums robust. TCS bands: <30, 30-40, 40-50, >50."
TCS,2020,employees_by_age,age_40_50,8.0,pct,"TCS, India region only",https://www.tcs.com/content/dam/tcs/investor-relations/financial-statements/2019-20/ar/annual-report-2019-2020.pdf,TCS Annual Report 2019-20 (MD&A),86,"Read from infographic labels (male+female summed); values are % of India employees. Whole-% labels; M/F label placement ambiguous but band sums robust. TCS bands: <30, 30-40, 40-50, >50."
TCS,2020,employees_by_age,age_gt50,1.0,pct,"TCS, India region only",https://www.tcs.com/content/dam/tcs/investor-relations/financial-statements/2019-20/ar/annual-report-2019-2020.pdf,TCS Annual Report 2019-20 (MD&A),86,"Read from infographic labels (male+female summed); values are % of India employees. Whole-% labels; M/F label placement ambiguous but band sums robust. TCS bands: <30, 30-40, 40-50, >50."
TCS,2021,employees_by_age,age_lt30,56.0,pct,"TCS, India region only",https://www.tcs.com/content/dam/tcs/investor-relations/financial-statements/2020-21/ar/annual-report-2020-2021.pdf,TCS Integrated Annual Report 2020-21 (MD&A),108,"Read from infographic labels (male+female summed); values are % of India employees. TCS bands: <30, 30-40, 40-50, >50."
TCS,2021,employees_by_age,age_30_50,43.0,pct,"TCS, India region only",https://www.tcs.com/content/dam/tcs/investor-relations/financial-statements/2020-21/ar/annual-report-2020-2021.pdf,TCS Integrated Annual Report 2020-21 (MD&A),108,"Read from infographic labels (male+female summed); values are % of India employees. TCS bands: <30, 30-40, 40-50, >50."
TCS,2021,employees_by_age,age_30_40,36.0,pct,"TCS, India region only",https://www.tcs.com/content/dam/tcs/investor-relations/financial-statements/2020-21/ar/annual-report-2020-2021.pdf,TCS Integrated Annual Report 2020-21 (MD&A),108,"Read from infographic labels (male+female summed); values are % of India employees. TCS bands: <30, 30-40, 40-50, >50."
TCS,2021,employees_by_age,age_40_50,7.0,pct,"TCS, India region only",https://www.tcs.com/content/dam/tcs/investor-relations/financial-statements/2020-21/ar/annual-report-2020-2021.pdf,TCS Integrated Annual Report 2020-21 (MD&A),108,"Read from infographic labels (male+female summed); values are % of India employees. TCS bands: <30, 30-40, 40-50, >50."
TCS,2021,employees_by_age,age_gt50,1.1,pct,"TCS, India region only",https://www.tcs.com/content/dam/tcs/investor-relations/financial-statements/2020-21/ar/annual-report-2020-2021.pdf,TCS Integrated Annual Report 2020-21 (MD&A),108,"Read from infographic labels (male+female summed); values are % of India employees. TCS bands: <30, 30-40, 40-50, >50."
TCS,2022,employees_by_age,age_lt30,59.0,pct,"TCS, India region only",https://www.tcs.com/content/dam/tcs/investor-relations/financial-statements/2021-22/ar/annual-report-2021-2022.pdf,TCS Integrated Annual Report 2021-22 (Human Capital),22,"Read from infographic labels (male+female summed); values are % of India employees. TCS bands: <30, 30-40, 40-50, >50."
TCS,2022,employees_by_age,age_30_50,40.0,pct,"TCS, India region only",https://www.tcs.com/content/dam/tcs/investor-relations/financial-statements/2021-22/ar/annual-report-2021-2022.pdf,TCS Integrated Annual Report 2021-22 (Human Capital),22,"Read from infographic labels (male+female summed); values are % of India employees. TCS bands: <30, 30-40, 40-50, >50."
TCS,2022,employees_by_age,age_30_40,33.0,pct,"TCS, India region only",https://www.tcs.com/content/dam/tcs/investor-relations/financial-statements/2021-22/ar/annual-report-2021-2022.pdf,TCS Integrated Annual Report 2021-22 (Human Capital),22,"Read from infographic labels (male+female summed); values are % of India employees. TCS bands: <30, 30-40, 40-50, >50."
TCS,2022,employees_by_age,age_40_50,7.0,pct,"TCS, India region only",https://www.tcs.com/content/dam/tcs/investor-relations/financial-statements/2021-22/ar/annual-report-2021-2022.pdf,TCS Integrated Annual Report 2021-22 (Human Capital),22,"Read from infographic labels (male+female summed); values are % of India employees. TCS bands: <30, 30-40, 40-50, >50."
TCS,2022,employees_by_age,age_gt50,1.1,pct,"TCS, India region only",https://www.tcs.com/content/dam/tcs/investor-relations/financial-statements/2021-22/ar/annual-report-2021-2022.pdf,TCS Integrated Annual Report 2021-22 (Human Capital),22,"Read from infographic labels (male+female summed); values are % of India employees. TCS bands: <30, 30-40, 40-50, >50."
TCS,2023,employees_by_age,age_lt30,52.9,pct,"TCS, India region only",https://www.tcs.com/content/dam/tcs/investor-relations/financial-statements/2022-23/ar/annual-report-2022-2023.pdf,TCS Integrated Annual Report 2022-23 (Human Capital),18,"Read from infographic labels (male+female summed); values are % of India employees. TCS bands: <30, 30-40, 40-50, >50."
TCS,2023,employees_by_age,age_30_50,46.0,pct,"TCS, India region only",https://www.tcs.com/content/dam/tcs/investor-relations/financial-statements/2022-23/ar/annual-report-2022-2023.pdf,TCS Integrated Annual Report 2022-23 (Human Capital),18,"Read from infographic labels (male+female summed); values are % of India employees. TCS bands: <30, 30-40, 40-50, >50."
TCS,2023,employees_by_age,age_30_40,37.3,pct,"TCS, India region only",https://www.tcs.com/content/dam/tcs/investor-relations/financial-statements/2022-23/ar/annual-report-2022-2023.pdf,TCS Integrated Annual Report 2022-23 (Human Capital),18,"Read from infographic labels (male+female summed); values are % of India employees. TCS bands: <30, 30-40, 40-50, >50."
TCS,2023,employees_by_age,age_40_50,8.7,pct,"TCS, India region only",https://www.tcs.com/content/dam/tcs/investor-relations/financial-statements/2022-23/ar/annual-report-2022-2023.pdf,TCS Integrated Annual Report 2022-23 (Human Capital),18,"Read from infographic labels (male+female summed); values are % of India employees. TCS bands: <30, 30-40, 40-50, >50."
TCS,2023,employees_by_age,age_gt50,1.1,pct,"TCS, India region only",https://www.tcs.com/content/dam/tcs/investor-relations/financial-statements/2022-23/ar/annual-report-2022-2023.pdf,TCS Integrated Annual Report 2022-23 (Human Capital),18,"Read from infographic labels (male+female summed); values are % of India employees. TCS bands: <30, 30-40, 40-50, >50."
TCS,2024,employees_by_age,age_lt30,50.3,pct,"TCS, India region only",https://www.tcs.com/content/dam/tcs/investor-relations/financial-statements/2023-24/ar/annual-report-2023-2024.pdf,TCS Integrated Annual Report 2023-24 (Human Capital),18,"Read from infographic labels (male+female summed); values are % of India employees. TCS bands: <30, 30-40, 40-50, >50."
TCS,2024,employees_by_age,age_30_50,48.4,pct,"TCS, India region only",https://www.tcs.com/content/dam/tcs/investor-relations/financial-statements/2023-24/ar/annual-report-2023-2024.pdf,TCS Integrated Annual Report 2023-24 (Human Capital),18,"Read from infographic labels (male+female summed); values are % of India employees. TCS bands: <30, 30-40, 40-50, >50."
TCS,2024,employees_by_age,age_30_40,35.8,pct,"TCS, India region only",https://www.tcs.com/content/dam/tcs/investor-relations/financial-statements/2023-24/ar/annual-report-2023-2024.pdf,TCS Integrated Annual Report 2023-24 (Human Capital),18,"Read from infographic labels (male+female summed); values are % of India employees. TCS bands: <30, 30-40, 40-50, >50."
TCS,2024,employees_by_age,age_40_50,12.6,pct,"TCS, India region only",https://www.tcs.com/content/dam/tcs/investor-relations/financial-statements/2023-24/ar/annual-report-2023-2024.pdf,TCS Integrated Annual Report 2023-24 (Human Capital),18,"Read from infographic labels (male+female summed); values are % of India employees. TCS bands: <30, 30-40, 40-50, >50."
TCS,2024,employees_by_age,age_gt50,1.3,pct,"TCS, India region only",https://www.tcs.com/content/dam/tcs/investor-relations/financial-statements/2023-24/ar/annual-report-2023-2024.pdf,TCS Integrated Annual Report 2023-24 (Human Capital),18,"Read from infographic labels (male+female summed); values are % of India employees. TCS bands: <30, 30-40, 40-50, >50."
TCS,2025,employees_by_age,age_lt30,47.7,pct,"TCS, India region only",https://www.tcs.com/content/dam/tcs/investor-relations/financial-statements/2024-25/ar/annual-report-2024-2025.pdf,TCS Integrated Annual Report 2024-25 (MD&A),85,"Read from infographic labels (male+female summed); values are % of India employees. TCS bands: <30, 30-40, 40-50, >50."
TCS,2025,employees_by_age,age_30_50,50.8,pct,"TCS, India region only",https://www.tcs.com/content/dam/tcs/investor-relations/financial-statements/2024-25/ar/annual-report-2024-2025.pdf,TCS Integrated Annual Report 2024-25 (MD&A),85,"Read from infographic labels (male+female summed); values are % of India employees. TCS bands: <30, 30-40, 40-50, >50."
TCS,2025,employees_by_age,age_30_40,38.9,pct,"TCS, India region only",https://www.tcs.com/content/dam/tcs/investor-relations/financial-statements/2024-25/ar/annual-report-2024-2025.pdf,TCS Integrated Annual Report 2024-25 (MD&A),85,"Read from infographic labels (male+female summed); values are % of India employees. TCS bands: <30, 30-40, 40-50, >50."
TCS,2025,employees_by_age,age_40_50,11.9,pct,"TCS, India region only",https://www.tcs.com/content/dam/tcs/investor-relations/financial-statements/2024-25/ar/annual-report-2024-2025.pdf,TCS Integrated Annual Report 2024-25 (MD&A),85,"Read from infographic labels (male+female summed); values are % of India employees. TCS bands: <30, 30-40, 40-50, >50."
TCS,2025,employees_by_age,age_gt50,1.5,pct,"TCS, India region only",https://www.tcs.com/content/dam/tcs/investor-relations/financial-statements/2024-25/ar/annual-report-2024-2025.pdf,TCS Integrated Annual Report 2024-25 (MD&A),85,"Read from infographic labels (male+female summed); values are % of India employees. TCS bands: <30, 30-40, 40-50, >50."
TCS,2016,new_hires_by_age,age_lt30,81.7,pct,"TCS incl. subsidiaries, global",https://www.tcs.com/content/dam/global-tcs/en/pdfs/who-we-are/sustainability-reports/GRI-2016-Sustainability-Report.pdf,TCS Corporate Sustainability Report 2015-16 (Exhibit 19),42,"Share of FY16 gross hires (90,182); pie labels summed (M49.2+F32.5)."
TCS,2016,new_hires_by_age,age_30_50,17.1,pct,"TCS incl. subsidiaries, global",https://www.tcs.com/content/dam/global-tcs/en/pdfs/who-we-are/sustainability-reports/GRI-2016-Sustainability-Report.pdf,TCS Corporate Sustainability Report 2015-16 (Exhibit 19),42,"30-40: 14.6, 40-50: 2.5."
TCS,2016,new_hires_by_age,age_gt50,1.2,pct,"TCS incl. subsidiaries, global",https://www.tcs.com/content/dam/global-tcs/en/pdfs/who-we-are/sustainability-reports/GRI-2016-Sustainability-Report.pdf,TCS Corporate Sustainability Report 2015-16 (Exhibit 19),42,
TCS,2016,turnover_by_age,age_lt30,65.0,pct,"TCS incl. subsidiaries, global",https://www.tcs.com/content/dam/global-tcs/en/pdfs/who-we-are/sustainability-reports/GRI-2016-Sustainability-Report.pdf,TCS Corporate Sustainability Report 2015-16 (Exhibit 24A),45,Chart subtitled '(out of employee base in age group)' but values sum to 100%: most likely share of departures by age.
TCS,2016,turnover_by_age,age_30_40,29.0,pct,"TCS incl. subsidiaries, global",https://www.tcs.com/content/dam/global-tcs/en/pdfs/who-we-are/sustainability-reports/GRI-2016-Sustainability-Report.pdf,TCS Corporate Sustainability Report 2015-16 (Exhibit 24A),45,Chart subtitled '(out of employee base in age group)' but values sum to 100%: most likely share of departures by age.
TCS,2016,turnover_by_age,age_40_50,4.0,pct,"TCS incl. subsidiaries, global",https://www.tcs.com/content/dam/global-tcs/en/pdfs/who-we-are/sustainability-reports/GRI-2016-Sustainability-Report.pdf,TCS Corporate Sustainability Report 2015-16 (Exhibit 24A),45,Chart subtitled '(out of employee base in age group)' but values sum to 100%: most likely share of departures by age.
TCS,2016,turnover_by_age,age_gt50,2.0,pct,"TCS incl. subsidiaries, global",https://www.tcs.com/content/dam/global-tcs/en/pdfs/who-we-are/sustainability-reports/GRI-2016-Sustainability-Report.pdf,TCS Corporate Sustainability Report 2015-16 (Exhibit 24A),45,Chart subtitled '(out of employee base in age group)' but values sum to 100%: most likely share of departures by age.
TCS,2017,new_hires_by_age,age_lt30,91.2,pct,"TCS, India region only (67,328 India hires)",https://www.tcs.com/content/dam/global-tcs/en/pdfs/who-we-are/sustainability-reports/GRI-Sustainability-Report-2016-2017.pdf,TCS Corporate Sustainability Report 2016-17 (Exhibit 6),24,Share of India new hires; chart labels M+F summed.
TCS,2017,new_hires_by_age,age_30_50,8.7,pct,"TCS, India region only (67,328 India hires)",https://www.tcs.com/content/dam/global-tcs/en/pdfs/who-we-are/sustainability-reports/GRI-Sustainability-Report-2016-2017.pdf,TCS Corporate Sustainability Report 2016-17 (Exhibit 6),24,Share of India new hires; chart labels M+F summed.
TCS,2017,new_hires_by_age,age_gt50,0.0,pct,"TCS, India region only (67,328 India hires)",https://www.tcs.com/content/dam/global-tcs/en/pdfs/who-we-are/sustainability-reports/GRI-Sustainability-Report-2016-2017.pdf,TCS Corporate Sustainability Report 2016-17 (Exhibit 6),24,Share of India new hires; chart labels M+F summed.
TCS,2017,turnover_by_age,age_lt30,69.4,pct,"TCS, India region only",https://www.tcs.com/content/dam/global-tcs/en/pdfs/who-we-are/sustainability-reports/GRI-Sustainability-Report-2016-2017.pdf,TCS Corporate Sustainability Report 2016-17 (Exhibit 8),28,Share of India separations; chart labels M+F summed.
TCS,2017,turnover_by_age,age_30_50,30.1,pct,"TCS, India region only",https://www.tcs.com/content/dam/global-tcs/en/pdfs/who-we-are/sustainability-reports/GRI-Sustainability-Report-2016-2017.pdf,TCS Corporate Sustainability Report 2016-17 (Exhibit 8),28,Share of India separations; chart labels M+F summed.
TCS,2017,turnover_by_age,age_gt50,0.5,pct,"TCS, India region only",https://www.tcs.com/content/dam/global-tcs/en/pdfs/who-we-are/sustainability-reports/GRI-Sustainability-Report-2016-2017.pdf,TCS Corporate Sustainability Report 2016-17 (Exhibit 8),28,Share of India separations; chart labels M+F summed.
TCS,2016,new_hires_total,total,90182,count,"TCS incl. subsidiaries, global",https://www.tcs.com/content/dam/global-tcs/en/pdfs/who-we-are/sustainability-reports/GRI-2016-Sustainability-Report.pdf,TCS Corporate Sustainability Report 2015-16,41,"Gross recruits FY16 (FY15: 67,123)."
TCS,2017,new_hires_total,total,78912,count,"TCS, global",https://www.tcs.com/content/dam/global-tcs/en/pdfs/who-we-are/sustainability-reports/GRI-Sustainability-Report-2016-2017.pdf,TCS Corporate Sustainability Report 2016-17,24,"'hired and integrated 78,912 employees - 67,328 in India and 11,584 outside'."
TCS,2018,new_hires_total,total,52746,count,"TCS, global",https://www.tcs.com/content/dam/global-tcs/en/pdfs/who-we-are/sustainability-reports/GRI-Sustainability-Report-2017-2018.pdf,TCS Corporate Sustainability Report 2017-18,8,'New hires for the year / Gross Headcount Addition'.
TCS,2016,employees_total,total,353843,count,"TCS consolidated, global",https://www.tcs.com/content/dam/global-tcs/en/pdfs/who-we-are/sustainability-reports/GRI-2016-Sustainability-Report.pdf,TCS Corporate Sustainability Report 2015-16,39,Headcount as of Mar 31.
TCS,2017,employees_total,total,387223,count,"TCS consolidated, global",https://www.tcs.com/content/dam/global-tcs/en/pdfs/who-we-are/sustainability-reports/GRI-Sustainability-Report-2016-2017.pdf,TCS Corporate Sustainability Report 2016-17,22,Headcount as of Mar 31.
TCS,2018,employees_total,total,394998,count,"TCS consolidated, global",https://www.tcs.com/content/dam/global-tcs/en/pdfs/who-we-are/sustainability-reports/GRI-Sustainability-Report-2017-2018.pdf,TCS Corporate Sustainability Report 2017-18,27,Headcount as of Mar 31.
TCS,2019,employees_total,total,424285,count,"TCS consolidated, global",https://www.tcs.com/who-we-are/newsroom/press-release/tcs-financial-results-q4-fy-2019,TCS Q4 FY2019 results press release,html,Headcount as of Mar 31.
TCS,2020,employees_total,total,448464,count,"TCS consolidated, global",https://www.tcs.com/who-we-are/newsroom/press-release/tcs-financial-results-q4-fy-2020,TCS Q4 FY2020 results press release,html,Headcount as of Mar 31.
TCS,2021,employees_total,total,488649,count,"TCS consolidated, global",https://www.tcs.com/who-we-are/newsroom/press-release/tcs-financial-results-q4-fy-2021,TCS Q4 FY2021 results press release,html,Headcount as of Mar 31.
TCS,2022,employees_total,total,592195,count,"TCS consolidated, global",https://www.tcs.com/who-we-are/newsroom/press-release/tcs-financial-results-q4-fy-2022,TCS Q4 FY2022 results press release,html,Headcount as of Mar 31.
TCS,2023,employees_total,total,614795,count,"TCS consolidated, global",https://www.tcs.com/who-we-are/newsroom/press-release/tcs-financial-results-q4-fy-2023,TCS Q4 FY2023 results press release,html,Headcount as of Mar 31.
TCS,2024,employees_total,total,601546,count,"TCS consolidated, global",https://www.tcs.com/who-we-are/newsroom/press-release/tcs-financial-results-q4-fy-2024,TCS Q4 FY2024 results press release,html,Headcount as of Mar 31.
TCS,2025,employees_total,total,607979,count,"TCS consolidated, global",https://www.tcs.com/who-we-are/newsroom/press-release/tcs-financial-results-q4-fy-2025,TCS Q4 FY2025 results press release,html,Headcount as of Mar 31.
TCS,2026,employees_total,total,584519,count,"TCS consolidated, global",https://www.tcs.com/who-we-are/newsroom/press-release/tcs-financial-results-q4-fy-2026,TCS Q4 FY2026 results press release,html,Headcount as of Mar 31.
TCS,2016,headcount_by_grade,grade_junior,52.2,pct,"TCS incl. subsidiaries, global",https://www.tcs.com/content/dam/global-tcs/en/pdfs/who-we-are/sustainability-reports/GRI-2016-Sustainability-Report.pdf,TCS Corporate Sustainability Report 2015-16 (Exhibit 14),39,Pie labels: Junior M30.6 + F21.6. Only year TCS gives workforce split by category.
TCS,2016,headcount_by_grade,grade_middle,43.2,pct,"TCS incl. subsidiaries, global",https://www.tcs.com/content/dam/global-tcs/en/pdfs/who-we-are/sustainability-reports/GRI-2016-Sustainability-Report.pdf,TCS Corporate Sustainability Report 2015-16 (Exhibit 14),39,Mid-level M31.6 + F11.6.
TCS,2016,headcount_by_grade,grade_senior,4.6,pct,"TCS incl. subsidiaries, global",https://www.tcs.com/content/dam/global-tcs/en/pdfs/who-we-are/sustainability-reports/GRI-2016-Sustainability-Report.pdf,TCS Corporate Sustainability Report 2015-16 (Exhibit 14),39,Senior M4.1 + F0.5.
TCS,2016,other,attrition_rate_junior_level,16.4,pct,"TCS, global",https://www.tcs.com/content/dam/global-tcs/en/pdfs/who-we-are/sustainability-reports/GRI-2016-Sustainability-Report.pdf,TCS Corporate Sustainability Report 2015-16,45,"'attrition rate is higher at junior levels - 16.4%' vs IT services 14.7%, overall 15.5%."
TCS,2016,avg_age,total,29.5,count,"TCS incl. subsidiaries, global",https://www.tcs.com/content/dam/global-tcs/en/pdfs/who-we-are/sustainability-reports/GRI-2016-Sustainability-Report.pdf,TCS Corporate Sustainability Report 2015-16,39,Unit = years. Not disclosed after FY20.
TCS,2017,avg_age,total,29.7,count,"TCS incl. subsidiaries, global",https://www.tcs.com/content/dam/global-tcs/en/pdfs/who-we-are/sustainability-reports/GRI-Sustainability-Report-2016-2017.pdf,TCS Corporate Sustainability Report 2016-17,22,Unit = years. Not disclosed after FY20.
TCS,2018,avg_age,total,30.2,count,"TCS incl. subsidiaries, global",https://www.tcs.com/content/dam/global-tcs/en/pdfs/who-we-are/sustainability-reports/GRI-Sustainability-Report-2017-2018.pdf,TCS Corporate Sustainability Report 2017-18,27,Unit = years. Not disclosed after FY20.
TCS,2019,avg_age,total,30.7,count,"TCS incl. subsidiaries, global",https://www.tcs.com/content/dam/global-tcs/en/pdfs/who-we-are/sustainability-reports/GRI-Sustainability-Report-2018-2019.pdf,TCS Corporate Sustainability Report 2018-19,24,Unit = years. Not disclosed after FY20.
TCS,2020,avg_age,total,31.0,count,"TCS incl. subsidiaries, global",https://www.tcs.com/content/dam/tcs/investor-relations/financial-statements/2019-20/ar/annual-report-2019-2020.pdf,TCS Annual Report 2019-20 (MD&A infographic),85,Unit = years. Not disclosed after FY20.
TCS,2022,other,millennials_share,88,pct,"TCS, global",https://www.tcs.com/content/dam/tcs/investor-relations/financial-statements/2021-22/ar/annual-report-2021-2022.pdf,TCS Integrated Annual Report 2021-22,22,"'3 Generations, X% Millennials' infographic."
TCS,2023,other,millennials_share,88,pct,"TCS, global",https://www.tcs.com/content/dam/tcs/investor-relations/financial-statements/2022-23/ar/annual-report-2022-2023.pdf,TCS Integrated Annual Report 2022-23,18,"'3 Generations, X% Millennials' infographic."
TCS,2024,other,millennials_share,89,pct,"TCS, global",https://www.tcs.com/content/dam/tcs/investor-relations/financial-statements/2023-24/ar/annual-report-2023-2024.pdf,TCS Integrated Annual Report 2023-24,18,"'3 Generations, X% Millennials' infographic."
TCS,2016,fresher_hires,total,34365,count,"TCS incl. subsidiaries, global",https://www.tcs.com/content/dam/global-tcs/en/pdfs/who-we-are/sustainability-reports/GRI-2016-Sustainability-Report.pdf,TCS Corporate Sustainability Report 2015-16,41,"'Of this [90,182 gross recruits], 34,365 (38%) were graduates fresh out of college'."
TCS,2020,fresher_hires,total,30000,count,"TCS, campus recruits (India)",https://www.tcs.com/content/dam/tcs/investor-relations/financial-statements/2019-20/ar/annual-report-2019-2020.pdf,TCS Annual Report 2019-20 (MD&A),88,"'onboarded all campus recruits, adding up to over 30,000 trainees, in just the first two quarters' of FY20; lower bound for FY20."
TCS,2021,other,freshers_onboarded_FY20_FY21_cumulative,60000,count,TCS,https://www.tcs.com/content/dam/tcs/investor-relations/financial-statements/2020-21/ar/annual-report-2020-2021.pdf,TCS Integrated Annual Report 2020-21 (Chairman letter),13,"'onboarding over 60,000 freshers over the last couple of years' (approx. FY20+FY21 cumulative)."
TCS,2022,fresher_hires,total,100000,count,"TCS, India",https://www.tcs.com/content/dam/tcs/investor-relations/financial-statements/2021-22/ar/annual-report-2021-2022.pdf,TCS Integrated Annual Report 2021-22 (MD&A),114,"'India Freshers Training: Over 100,000 trainees were onboarded during the year'; also p23 '100,000+ trainees onboarded'; Q4FY22 call p16 'about 100,000 people who were freshers'."
TCS,2022,fresher_hires,total,118000,count,TCS,https://www.tcs.com/content/dam/tcs/investor-relations/financial-statements/2021-22/ar/annual-report-2021-2022.pdf,TCS Integrated Annual Report 2021-22 (Chairman Q&A),42,"'training and onboarding 118,000 fresh engineers in FY 2022' - inconsistent with 100,000+ elsewhere in same report and 110,000 in FY23 report."
TCS,2022,fresher_hires,total,110000,count,TCS,https://www.tcs.com/content/dam/tcs/investor-relations/financial-statements/2022-23/ar/annual-report-2022-2023.pdf,TCS Integrated Annual Report 2022-23 (Letter to Shareholders),9,"Later vintage: 'over 110,000 in FY 2022'."
TCS,2023,fresher_hires,total,44000,count,TCS,https://www.tcs.com/content/dam/tcs/investor-relations/financial-statements/2022-23/ar/annual-report-2022-2023.pdf,TCS Integrated Annual Report 2022-23 (MD&A),89,"'about 44,000 fresh engineers'; letter p9 'over 44,000 in FY 2023'; Q4FY23 press release 'onboarded over 44K freshers'."
TCS,2025,fresher_hires,total,42000,count,TCS,https://www.tcs.com/who-we-are/newsroom/press-release/tcs-financial-results-q4-fy-2025,TCS Q4 FY2025 results press release (CHRO quote),html,"'Our trainee onboarding in FY25 was 42,000 as planned'."
TCS,2026,fresher_hires,total,44000,count,TCS,https://www.tcs.com/content/dam/tcs/investor-relations/financial-statements/2025-26/ar/annual-report-2025-2026.pdf,TCS Integrated Annual Report 2025-26 (MD&A),55,"'In FY 2026, the Company hired over 44,000 freshers' (lower bound). FY26 also had a 'reskilling and restructuring program'."
TCS,2020,turnover_total,male_rate,12.8,pct,TCS global permanent employees (BRSR),https://www.tcs.com/content/dam/tcs/investor-relations/financial-statements/2021-22/ar/annual-report-2021-2022.pdf,TCS Integrated Annual Report 2021-22 - BRSR Q20,189,"Global headcount incl. IT and business services, excl. non-wholly-owned subs (prior-year column)."
TCS,2020,turnover_total,female_rate,14.2,pct,TCS global permanent employees (BRSR),https://www.tcs.com/content/dam/tcs/investor-relations/financial-statements/2021-22/ar/annual-report-2021-2022.pdf,TCS Integrated Annual Report 2021-22 - BRSR Q20,189,"Global headcount incl. IT and business services, excl. non-wholly-owned subs (prior-year column)."
TCS,2020,turnover_total,total_rate,13.3,pct,TCS global permanent employees (BRSR),https://www.tcs.com/content/dam/tcs/investor-relations/financial-statements/2021-22/ar/annual-report-2021-2022.pdf,TCS Integrated Annual Report 2021-22 - BRSR Q20,189,"Global headcount incl. IT and business services, excl. non-wholly-owned subs (prior-year column)."
TCS,2021,turnover_total,male_rate,7.5,pct,TCS global permanent employees (BRSR),https://www.tcs.com/content/dam/tcs/investor-relations/financial-statements/2021-22/ar/annual-report-2021-2022.pdf,TCS Integrated Annual Report 2021-22 - BRSR Q20,189,Same basis as above (prior-year column).
TCS,2021,turnover_total,female_rate,7.5,pct,TCS global permanent employees (BRSR),https://www.tcs.com/content/dam/tcs/investor-relations/financial-statements/2021-22/ar/annual-report-2021-2022.pdf,TCS Integrated Annual Report 2021-22 - BRSR Q20,189,Same basis as above (prior-year column).
TCS,2021,turnover_total,total_rate,7.5,pct,TCS global permanent employees (BRSR),https://www.tcs.com/content/dam/tcs/investor-relations/financial-statements/2021-22/ar/annual-report-2021-2022.pdf,TCS Integrated Annual Report 2021-22 - BRSR Q20,189,Same basis as above (prior-year column).
TCS,2022,turnover_total,male_rate,17.3,pct,TCS global permanent employees (BRSR),https://www.tcs.com/content/dam/tcs/investor-relations/financial-statements/2021-22/ar/annual-report-2021-2022.pdf,TCS Integrated Annual Report 2021-22 - BRSR Q20,189,"Global incl. IT & BS, excl. non-wholly-owned subs."
TCS,2022,turnover_total,female_rate,17.8,pct,TCS global permanent employees (BRSR),https://www.tcs.com/content/dam/tcs/investor-relations/financial-statements/2021-22/ar/annual-report-2021-2022.pdf,TCS Integrated Annual Report 2021-22 - BRSR Q20,189,"Global incl. IT & BS, excl. non-wholly-owned subs."
TCS,2022,turnover_total,total_rate,17.5,pct,TCS global permanent employees (BRSR),https://www.tcs.com/content/dam/tcs/investor-relations/financial-statements/2021-22/ar/annual-report-2021-2022.pdf,TCS Integrated Annual Report 2021-22 - BRSR Q20,189,"Global incl. IT & BS, excl. non-wholly-owned subs."
TCS,2022,turnover_total,male_rate,17.3,pct,TCS global permanent employees (BRSR),https://www.tcs.com/content/dam/tcs/investor-relations/financial-statements/2023-24/ar/annual-report-2023-2024.pdf,TCS Integrated Annual Report 2023-24 - BRSR Q22,129,Restated vintage: LTM IT services basis.
TCS,2022,turnover_total,female_rate,17.7,pct,TCS global permanent employees (BRSR),https://www.tcs.com/content/dam/tcs/investor-relations/financial-statements/2023-24/ar/annual-report-2023-2024.pdf,TCS Integrated Annual Report 2023-24 - BRSR Q22,129,Restated vintage: LTM IT services basis.
TCS,2022,turnover_total,total_rate,17.4,pct,TCS global permanent employees (BRSR),https://www.tcs.com/content/dam/tcs/investor-relations/financial-statements/2023-24/ar/annual-report-2023-2024.pdf,TCS Integrated Annual Report 2023-24 - BRSR Q22,129,Restated vintage: LTM IT services basis.
TCS,2023,turnover_total,male_rate,20.9,pct,TCS global permanent employees (BRSR),https://www.tcs.com/content/dam/tcs/investor-relations/financial-statements/2022-23/ar/annual-report-2022-2023.pdf,TCS Integrated Annual Report 2022-23 - BRSR Q20,148,Global headcount excl. non-wholly-owned subs.
TCS,2023,turnover_total,female_rate,21.9,pct,TCS global permanent employees (BRSR),https://www.tcs.com/content/dam/tcs/investor-relations/financial-statements/2022-23/ar/annual-report-2022-2023.pdf,TCS Integrated Annual Report 2022-23 - BRSR Q20,148,Global headcount excl. non-wholly-owned subs.
TCS,2023,turnover_total,total_rate,21.3,pct,TCS global permanent employees (BRSR),https://www.tcs.com/content/dam/tcs/investor-relations/financial-statements/2022-23/ar/annual-report-2022-2023.pdf,TCS Integrated Annual Report 2022-23 - BRSR Q20,148,Global headcount excl. non-wholly-owned subs.
TCS,2023,turnover_total,male_rate,20.2,pct,TCS global permanent employees (BRSR),https://www.tcs.com/content/dam/tcs/investor-relations/financial-statements/2023-24/ar/annual-report-2023-2024.pdf,TCS Integrated Annual Report 2023-24 - BRSR Q22,129,Restated vintage: LTM IT services basis.
TCS,2023,turnover_total,female_rate,20.1,pct,TCS global permanent employees (BRSR),https://www.tcs.com/content/dam/tcs/investor-relations/financial-statements/2023-24/ar/annual-report-2023-2024.pdf,TCS Integrated Annual Report 2023-24 - BRSR Q22,129,Restated vintage: LTM IT services basis.
TCS,2023,turnover_total,total_rate,20.2,pct,TCS global permanent employees (BRSR),https://www.tcs.com/content/dam/tcs/investor-relations/financial-statements/2023-24/ar/annual-report-2023-2024.pdf,TCS Integrated Annual Report 2023-24 - BRSR Q22,129,Restated vintage: LTM IT services basis.
TCS,2024,turnover_total,male_rate,12.5,pct,TCS global permanent employees (BRSR),https://www.tcs.com/content/dam/tcs/investor-relations/financial-statements/2023-24/ar/annual-report-2023-2024.pdf,TCS Integrated Annual Report 2023-24 - BRSR Q22,129,LTM IT services.
TCS,2024,turnover_total,female_rate,12.5,pct,TCS global permanent employees (BRSR),https://www.tcs.com/content/dam/tcs/investor-relations/financial-statements/2023-24/ar/annual-report-2023-2024.pdf,TCS Integrated Annual Report 2023-24 - BRSR Q22,129,LTM IT services.
TCS,2024,turnover_total,total_rate,12.5,pct,TCS global permanent employees (BRSR),https://www.tcs.com/content/dam/tcs/investor-relations/financial-statements/2023-24/ar/annual-report-2023-2024.pdf,TCS Integrated Annual Report 2023-24 - BRSR Q22,129,LTM IT services.
TCS,2025,turnover_total,male_rate,13.2,pct,TCS global permanent employees (BRSR),https://www.tcs.com/content/dam/tcs/investor-relations/financial-statements/2024-25/ar/annual-report-2024-2025.pdf,TCS Integrated Annual Report 2024-25 - BRSR Q22,131,LTM IT services.
TCS,2025,turnover_total,female_rate,13.6,pct,TCS global permanent employees (BRSR),https://www.tcs.com/content/dam/tcs/investor-relations/financial-statements/2024-25/ar/annual-report-2024-2025.pdf,TCS Integrated Annual Report 2024-25 - BRSR Q22,131,LTM IT services.
TCS,2025,turnover_total,total_rate,13.3,pct,TCS global permanent employees (BRSR),https://www.tcs.com/content/dam/tcs/investor-relations/financial-statements/2024-25/ar/annual-report-2024-2025.pdf,TCS Integrated Annual Report 2024-25 - BRSR Q22,131,LTM IT services.
TCS,2026,turnover_total,male_rate,13.8,pct,TCS global permanent employees (BRSR),https://www.tcs.com/content/dam/tcs/investor-relations/financial-statements/2025-26/ar/annual-report-2025-2026.pdf,TCS Integrated Annual Report 2025-26 - BRSR Q22,108,Basis changed to LTM VOLUNTARY IT services attrition.
TCS,2026,turnover_total,female_rate,13.4,pct,TCS global permanent employees (BRSR),https://www.tcs.com/content/dam/tcs/investor-relations/financial-statements/2025-26/ar/annual-report-2025-2026.pdf,TCS Integrated Annual Report 2025-26 - BRSR Q22,108,Basis changed to LTM VOLUNTARY IT services attrition.
TCS,2026,turnover_total,total_rate,13.7,pct,TCS global permanent employees (BRSR),https://www.tcs.com/content/dam/tcs/investor-relations/financial-statements/2025-26/ar/annual-report-2025-2026.pdf,TCS Integrated Annual Report 2025-26 - BRSR Q22,108,Basis changed to LTM VOLUNTARY IT services attrition.
