firm,fiscal_year,metric,dimension,value,unit,scope,source_url,source_doc,page,notes
HCLTech,FY2020,employees_by_age,age_lt30,59387,count,"global group, permanent employees",https://www.hcltech.com/sites/default/files/document/open/FY2023_HCLTech_Sustainability_Report.pdf,HCLTech Sustainability Report 2022-23,37,sum of male+female+other rows in 'Employees by age' table
HCLTech,FY2020,employees_by_age,age_30_50,81559,count,"global group, permanent employees",https://www.hcltech.com/sites/default/files/document/open/FY2023_HCLTech_Sustainability_Report.pdf,HCLTech Sustainability Report 2022-23,37,sum of male+female+other rows in 'Employees by age' table
HCLTech,FY2020,employees_by_age,age_gt50,7511,count,"global group, permanent employees",https://www.hcltech.com/sites/default/files/document/open/FY2023_HCLTech_Sustainability_Report.pdf,HCLTech Sustainability Report 2022-23,37,sum of male+female+other rows in 'Employees by age' table
HCLTech,FY2020,employees_by_age,age_na,1966,count,"global group, permanent employees",https://www.hcltech.com/sites/default/files/document/open/FY2023_HCLTech_Sustainability_Report.pdf,HCLTech Sustainability Report 2022-23,37,sum of male+female+other rows in 'Employees by age' table; age not disclosed
HCLTech,FY2021,employees_by_age,age_lt30,63511,count,"global group, permanent employees",https://www.hcltech.com/sites/default/files/document/open/FY2023_HCLTech_Sustainability_Report.pdf,HCLTech Sustainability Report 2022-23,37,sum of male+female+other rows in 'Employees by age' table
HCLTech,FY2021,employees_by_age,age_30_50,95866,count,"global group, permanent employees",https://www.hcltech.com/sites/default/files/document/open/FY2023_HCLTech_Sustainability_Report.pdf,HCLTech Sustainability Report 2022-23,37,sum of male+female+other rows in 'Employees by age' table
HCLTech,FY2021,employees_by_age,age_gt50,8174,count,"global group, permanent employees",https://www.hcltech.com/sites/default/files/document/open/FY2023_HCLTech_Sustainability_Report.pdf,HCLTech Sustainability Report 2022-23,37,sum of male+female+other rows in 'Employees by age' table
HCLTech,FY2021,employees_by_age,age_na,1426,count,"global group, permanent employees",https://www.hcltech.com/sites/default/files/document/open/FY2023_HCLTech_Sustainability_Report.pdf,HCLTech Sustainability Report 2022-23,37,sum of male+female+other rows in 'Employees by age' table; age not disclosed
HCLTech,FY2022,employees_by_age,age_lt30,82354,count,"global group, permanent employees",https://www.hcltech.com/sites/default/files/document/open/FY2023_HCLTech_Sustainability_Report.pdf,HCLTech Sustainability Report 2022-23,37,sum of male+female+other rows in 'Employees by age' table
HCLTech,FY2022,employees_by_age,age_30_50,115321,count,"global group, permanent employees",https://www.hcltech.com/sites/default/files/document/open/FY2023_HCLTech_Sustainability_Report.pdf,HCLTech Sustainability Report 2022-23,37,sum of male+female+other rows in 'Employees by age' table
HCLTech,FY2022,employees_by_age,age_gt50,9728,count,"global group, permanent employees",https://www.hcltech.com/sites/default/files/document/open/FY2023_HCLTech_Sustainability_Report.pdf,HCLTech Sustainability Report 2022-23,37,sum of male+female+other rows in 'Employees by age' table
HCLTech,FY2022,employees_by_age,age_na,1474,count,"global group, permanent employees",https://www.hcltech.com/sites/default/files/document/open/FY2023_HCLTech_Sustainability_Report.pdf,HCLTech Sustainability Report 2022-23,37,sum of male+female+other rows in 'Employees by age' table; age not disclosed
HCLTech,FY2023,employees_by_age,age_lt30,92686,count,"global group, permanent employees",https://www.hcltech.com/sites/default/files/document/open/FY2023_HCLTech_Sustainability_Report.pdf,HCLTech Sustainability Report 2022-23,37,sum of male+female+other rows in 'Employees by age' table
HCLTech,FY2023,employees_by_age,age_30_50,120443,count,"global group, permanent employees",https://www.hcltech.com/sites/default/files/document/open/FY2023_HCLTech_Sustainability_Report.pdf,HCLTech Sustainability Report 2022-23,37,sum of male+female+other rows in 'Employees by age' table
HCLTech,FY2023,employees_by_age,age_gt50,11143,count,"global group, permanent employees",https://www.hcltech.com/sites/default/files/document/open/FY2023_HCLTech_Sustainability_Report.pdf,HCLTech Sustainability Report 2022-23,37,sum of male+female+other rows in 'Employees by age' table
HCLTech,FY2023,employees_by_age,age_na,1672,count,"global group, permanent employees",https://www.hcltech.com/sites/default/files/document/open/FY2023_HCLTech_Sustainability_Report.pdf,HCLTech Sustainability Report 2022-23,37,sum of male+female+other rows in 'Employees by age' table; age not disclosed
HCLTech,FY2020,employees_by_age,age_lt30_male,37307,count,"global group, permanent employees",https://www.hcltech.com/sites/default/files/document/open/FY2023_HCLTech_Sustainability_Report.pdf,HCLTech Sustainability Report 2022-23,37,
HCLTech,FY2020,employees_by_age,age_lt30_female,22071,count,"global group, permanent employees",https://www.hcltech.com/sites/default/files/document/open/FY2023_HCLTech_Sustainability_Report.pdf,HCLTech Sustainability Report 2022-23,37,
HCLTech,FY2020,employees_by_age,age_30_50_male,65648,count,"global group, permanent employees",https://www.hcltech.com/sites/default/files/document/open/FY2023_HCLTech_Sustainability_Report.pdf,HCLTech Sustainability Report 2022-23,37,
HCLTech,FY2020,employees_by_age,age_30_50_female,15877,count,"global group, permanent employees",https://www.hcltech.com/sites/default/files/document/open/FY2023_HCLTech_Sustainability_Report.pdf,HCLTech Sustainability Report 2022-23,37,
HCLTech,FY2020,employees_by_age,age_gt50_male,5651,count,"global group, permanent employees",https://www.hcltech.com/sites/default/files/document/open/FY2023_HCLTech_Sustainability_Report.pdf,HCLTech Sustainability Report 2022-23,37,
HCLTech,FY2020,employees_by_age,age_gt50_female,1826,count,"global group, permanent employees",https://www.hcltech.com/sites/default/files/document/open/FY2023_HCLTech_Sustainability_Report.pdf,HCLTech Sustainability Report 2022-23,37,
HCLTech,FY2021,employees_by_age,age_lt30_male,38658,count,"global group, permanent employees",https://www.hcltech.com/sites/default/files/document/open/FY2023_HCLTech_Sustainability_Report.pdf,HCLTech Sustainability Report 2022-23,37,
HCLTech,FY2021,employees_by_age,age_lt30_female,24849,count,"global group, permanent employees",https://www.hcltech.com/sites/default/files/document/open/FY2023_HCLTech_Sustainability_Report.pdf,HCLTech Sustainability Report 2022-23,37,
HCLTech,FY2021,employees_by_age,age_30_50_male,76820,count,"global group, permanent employees",https://www.hcltech.com/sites/default/files/document/open/FY2023_HCLTech_Sustainability_Report.pdf,HCLTech Sustainability Report 2022-23,37,
HCLTech,FY2021,employees_by_age,age_30_50_female,19020,count,"global group, permanent employees",https://www.hcltech.com/sites/default/files/document/open/FY2023_HCLTech_Sustainability_Report.pdf,HCLTech Sustainability Report 2022-23,37,
HCLTech,FY2021,employees_by_age,age_gt50_male,6433,count,"global group, permanent employees",https://www.hcltech.com/sites/default/files/document/open/FY2023_HCLTech_Sustainability_Report.pdf,HCLTech Sustainability Report 2022-23,37,
HCLTech,FY2021,employees_by_age,age_gt50_female,1716,count,"global group, permanent employees",https://www.hcltech.com/sites/default/files/document/open/FY2023_HCLTech_Sustainability_Report.pdf,HCLTech Sustainability Report 2022-23,37,
HCLTech,FY2022,employees_by_age,age_lt30_male,50103,count,"global group, permanent employees",https://www.hcltech.com/sites/default/files/document/open/FY2023_HCLTech_Sustainability_Report.pdf,HCLTech Sustainability Report 2022-23,37,
HCLTech,FY2022,employees_by_age,age_lt30_female,32239,count,"global group, permanent employees",https://www.hcltech.com/sites/default/files/document/open/FY2023_HCLTech_Sustainability_Report.pdf,HCLTech Sustainability Report 2022-23,37,
HCLTech,FY2022,employees_by_age,age_30_50_male,91375,count,"global group, permanent employees",https://www.hcltech.com/sites/default/files/document/open/FY2023_HCLTech_Sustainability_Report.pdf,HCLTech Sustainability Report 2022-23,37,
HCLTech,FY2022,employees_by_age,age_30_50_female,23910,count,"global group, permanent employees",https://www.hcltech.com/sites/default/files/document/open/FY2023_HCLTech_Sustainability_Report.pdf,HCLTech Sustainability Report 2022-23,37,
HCLTech,FY2022,employees_by_age,age_gt50_male,7703,count,"global group, permanent employees",https://www.hcltech.com/sites/default/files/document/open/FY2023_HCLTech_Sustainability_Report.pdf,HCLTech Sustainability Report 2022-23,37,
HCLTech,FY2022,employees_by_age,age_gt50_female,2002,count,"global group, permanent employees",https://www.hcltech.com/sites/default/files/document/open/FY2023_HCLTech_Sustainability_Report.pdf,HCLTech Sustainability Report 2022-23,37,
HCLTech,FY2023,employees_by_age,age_lt30_male,55717,count,"global group, permanent employees",https://www.hcltech.com/sites/default/files/document/open/FY2023_HCLTech_Sustainability_Report.pdf,HCLTech Sustainability Report 2022-23,37,
HCLTech,FY2023,employees_by_age,age_lt30_female,36951,count,"global group, permanent employees",https://www.hcltech.com/sites/default/files/document/open/FY2023_HCLTech_Sustainability_Report.pdf,HCLTech Sustainability Report 2022-23,37,
HCLTech,FY2023,employees_by_age,age_30_50_male,93972,count,"global group, permanent employees",https://www.hcltech.com/sites/default/files/document/open/FY2023_HCLTech_Sustainability_Report.pdf,HCLTech Sustainability Report 2022-23,37,
HCLTech,FY2023,employees_by_age,age_30_50_female,26433,count,"global group, permanent employees",https://www.hcltech.com/sites/default/files/document/open/FY2023_HCLTech_Sustainability_Report.pdf,HCLTech Sustainability Report 2022-23,37,
HCLTech,FY2023,employees_by_age,age_gt50_male,8995,count,"global group, permanent employees",https://www.hcltech.com/sites/default/files/document/open/FY2023_HCLTech_Sustainability_Report.pdf,HCLTech Sustainability Report 2022-23,37,
HCLTech,FY2023,employees_by_age,age_gt50_female,2126,count,"global group, permanent employees",https://www.hcltech.com/sites/default/files/document/open/FY2023_HCLTech_Sustainability_Report.pdf,HCLTech Sustainability Report 2022-23,37,
HCLTech,FY2024,employees_by_age,age_lt30_male,52455,count,"global group, permanent employees",https://www.hcltech.com/sites/default/files/documents/resources/pdf-landing-page/files/2024/07/21/hcltech-sustainability-report.pdf,HCLTech Sustainability Report 2024 (FY24),50,
HCLTech,FY2024,employees_by_age,age_lt30_female,35534,count,"global group, permanent employees",https://www.hcltech.com/sites/default/files/documents/resources/pdf-landing-page/files/2024/07/21/hcltech-sustainability-report.pdf,HCLTech Sustainability Report 2024 (FY24),50,
HCLTech,FY2024,employees_by_age,age_30_50_male,95802,count,"global group, permanent employees",https://www.hcltech.com/sites/default/files/documents/resources/pdf-landing-page/files/2024/07/21/hcltech-sustainability-report.pdf,HCLTech Sustainability Report 2024 (FY24),50,
HCLTech,FY2024,employees_by_age,age_30_50_female,27533,count,"global group, permanent employees",https://www.hcltech.com/sites/default/files/documents/resources/pdf-landing-page/files/2024/07/21/hcltech-sustainability-report.pdf,HCLTech Sustainability Report 2024 (FY24),50,
HCLTech,FY2024,employees_by_age,age_gt50_male,10469,count,"global group, permanent employees",https://www.hcltech.com/sites/default/files/documents/resources/pdf-landing-page/files/2024/07/21/hcltech-sustainability-report.pdf,HCLTech Sustainability Report 2024 (FY24),50,
HCLTech,FY2024,employees_by_age,age_gt50_female,2446,count,"global group, permanent employees",https://www.hcltech.com/sites/default/files/documents/resources/pdf-landing-page/files/2024/07/21/hcltech-sustainability-report.pdf,HCLTech Sustainability Report 2024 (FY24),50,
HCLTech,FY2020,employees_total,permanent,150423,count,"global group, permanent employees",https://www.hcltech.com/sites/default/files/document/open/FY2023_HCLTech_Sustainability_Report.pdf,HCLTech Sustainability Report 2022-23,36,'Global Total' in employees by geography & gender table
HCLTech,FY2021,employees_total,permanent,168977,count,"global group, permanent employees",https://www.hcltech.com/sites/default/files/document/open/FY2023_HCLTech_Sustainability_Report.pdf,HCLTech Sustainability Report 2022-23,36,'Global Total' in employees by geography & gender table
HCLTech,FY2022,employees_total,permanent,208877,count,"global group, permanent employees",https://www.hcltech.com/sites/default/files/document/open/FY2023_HCLTech_Sustainability_Report.pdf,HCLTech Sustainability Report 2022-23,36,'Global Total' in employees by geography & gender table
HCLTech,FY2023,employees_total,permanent,225944,count,"global group, permanent employees",https://www.hcltech.com/sites/default/files/document/open/FY2023_HCLTech_Sustainability_Report.pdf,HCLTech Sustainability Report 2022-23,36,'Global Total' in employees by geography & gender table
HCLTech,FY2026,employees_by_age,age_lt30,77219,count,"global group, permanent employees",https://www.hcltech.com/sites/default/files/documents/resources/pdf-landing-page/files/2026/07/17/sustainability-report-fy26.pdf,HCLTech Sustainability Report FY26 (ESG Performance Metrics annex),84,HEADCOUNT - AGE DISTRIBUTION; sums to permanent headcount
HCLTech,FY2026,employees_by_age,age_30_50,132588,count,"global group, permanent employees",https://www.hcltech.com/sites/default/files/documents/resources/pdf-landing-page/files/2026/07/17/sustainability-report-fy26.pdf,HCLTech Sustainability Report FY26 (ESG Performance Metrics annex),84,HEADCOUNT - AGE DISTRIBUTION; sums to permanent headcount
HCLTech,FY2026,employees_by_age,age_gt50,15321,count,"global group, permanent employees",https://www.hcltech.com/sites/default/files/documents/resources/pdf-landing-page/files/2026/07/17/sustainability-report-fy26.pdf,HCLTech Sustainability Report FY26 (ESG Performance Metrics annex),84,HEADCOUNT - AGE DISTRIBUTION; sums to permanent headcount
HCLTech,FY2026,employees_by_age,age_na,2053,count,"global group, permanent employees",https://www.hcltech.com/sites/default/files/documents/resources/pdf-landing-page/files/2026/07/17/sustainability-report-fy26.pdf,HCLTech Sustainability Report FY26 (ESG Performance Metrics annex),84,HEADCOUNT - AGE DISTRIBUTION; sums to permanent headcount
HCLTech,FY2026,employees_total,permanent,227181,count,"global group, permanent employees",https://www.hcltech.com/sites/default/files/documents/resources/pdf-landing-page/files/2026/07/17/sustainability-report-fy26.pdf,HCLTech Sustainability Report FY26 (ESG Performance Metrics annex),84,
HCLTech,FY2026,employees_total,total_incl_nonpermanent,237098,count,"global group, permanent + other-than-permanent",https://www.hcltech.com/sites/default/files/documents/resources/pdf-landing-page/files/2026/07/17/sustainability-report-fy26.pdf,HCLTech Sustainability Report FY26 (ESG Performance Metrics annex),84,
HCLTech,FY2025,employees_by_age,age_lt30,78602,count,"global group, permanent employees",https://www.hcltech.com/sites/default/files/documents/resources/pdf-landing-page/files/2026/07/17/sustainability-report-fy26.pdf,HCLTech Sustainability Report FY26 (ESG Performance Metrics annex),84,"HEADCOUNT - AGE DISTRIBUTION; sums to permanent headcount; differs from SR FY25 p49 (81,530/134,755/15,450/2,761) which is on total-employee base 234,496 (incl. non-permanent)"
HCLTech,FY2025,employees_by_age,age_30_50,127867,count,"global group, permanent employees",https://www.hcltech.com/sites/default/files/documents/resources/pdf-landing-page/files/2026/07/17/sustainability-report-fy26.pdf,HCLTech Sustainability Report FY26 (ESG Performance Metrics annex),84,"HEADCOUNT - AGE DISTRIBUTION; sums to permanent headcount; differs from SR FY25 p49 (81,530/134,755/15,450/2,761) which is on total-employee base 234,496 (incl. non-permanent)"
HCLTech,FY2025,employees_by_age,age_gt50,14251,count,"global group, permanent employees",https://www.hcltech.com/sites/default/files/documents/resources/pdf-landing-page/files/2026/07/17/sustainability-report-fy26.pdf,HCLTech Sustainability Report FY26 (ESG Performance Metrics annex),84,"HEADCOUNT - AGE DISTRIBUTION; sums to permanent headcount; differs from SR FY25 p49 (81,530/134,755/15,450/2,761) which is on total-employee base 234,496 (incl. non-permanent)"
HCLTech,FY2025,employees_by_age,age_na,2700,count,"global group, permanent employees",https://www.hcltech.com/sites/default/files/documents/resources/pdf-landing-page/files/2026/07/17/sustainability-report-fy26.pdf,HCLTech Sustainability Report FY26 (ESG Performance Metrics annex),84,"HEADCOUNT - AGE DISTRIBUTION; sums to permanent headcount; differs from SR FY25 p49 (81,530/134,755/15,450/2,761) which is on total-employee base 234,496 (incl. non-permanent)"
HCLTech,FY2025,employees_total,permanent,223420,count,"global group, permanent employees",https://www.hcltech.com/sites/default/files/documents/resources/pdf-landing-page/files/2026/07/17/sustainability-report-fy26.pdf,HCLTech Sustainability Report FY26 (ESG Performance Metrics annex),84,
HCLTech,FY2025,employees_total,total_incl_nonpermanent,234496,count,"global group, permanent + other-than-permanent",https://www.hcltech.com/sites/default/files/documents/resources/pdf-landing-page/files/2026/07/17/sustainability-report-fy26.pdf,HCLTech Sustainability Report FY26 (ESG Performance Metrics annex),84,
HCLTech,FY2024,employees_by_age,age_lt30,88001,count,"global group, permanent employees",https://www.hcltech.com/sites/default/files/documents/resources/pdf-landing-page/files/2026/07/17/sustainability-report-fy26.pdf,HCLTech Sustainability Report FY26 (ESG Performance Metrics annex),84,HEADCOUNT - AGE DISTRIBUTION; sums to permanent headcount
HCLTech,FY2024,employees_by_age,age_30_50,123375,count,"global group, permanent employees",https://www.hcltech.com/sites/default/files/documents/resources/pdf-landing-page/files/2026/07/17/sustainability-report-fy26.pdf,HCLTech Sustainability Report FY26 (ESG Performance Metrics annex),84,HEADCOUNT - AGE DISTRIBUTION; sums to permanent headcount
HCLTech,FY2024,employees_by_age,age_gt50,12946,count,"global group, permanent employees",https://www.hcltech.com/sites/default/files/documents/resources/pdf-landing-page/files/2026/07/17/sustainability-report-fy26.pdf,HCLTech Sustainability Report FY26 (ESG Performance Metrics annex),84,HEADCOUNT - AGE DISTRIBUTION; sums to permanent headcount
HCLTech,FY2024,employees_by_age,age_na,3159,count,"global group, permanent employees",https://www.hcltech.com/sites/default/files/documents/resources/pdf-landing-page/files/2026/07/17/sustainability-report-fy26.pdf,HCLTech Sustainability Report FY26 (ESG Performance Metrics annex),84,HEADCOUNT - AGE DISTRIBUTION; sums to permanent headcount
HCLTech,FY2024,employees_total,permanent,227481,count,"global group, permanent employees",https://www.hcltech.com/sites/default/files/documents/resources/pdf-landing-page/files/2026/07/17/sustainability-report-fy26.pdf,HCLTech Sustainability Report FY26 (ESG Performance Metrics annex),84,
HCLTech,FY2024,employees_total,total_incl_nonpermanent,237248,count,"global group, permanent + other-than-permanent",https://www.hcltech.com/sites/default/files/documents/resources/pdf-landing-page/files/2026/07/17/sustainability-report-fy26.pdf,HCLTech Sustainability Report FY26 (ESG Performance Metrics annex),84,
HCLTech,FY2025,employees_by_age,age_lt30,81530,count,"global group, total employees incl. other-than-permanent (234,496)",https://www.hcltech.com/sites/default/files/documents/resources/pdf-landing-page/files/2025/10/15/sustainability-report-fy25.pdf,HCLTech Sustainability Report FY25 (Oct-2025 version),49,pie chart 'Total employee by age in FY25'; base differs from SR FY26 restated permanent-only figures
HCLTech,FY2025,employees_by_age,age_30_50,134755,count,"global group, total employees incl. other-than-permanent (234,496)",https://www.hcltech.com/sites/default/files/documents/resources/pdf-landing-page/files/2025/10/15/sustainability-report-fy25.pdf,HCLTech Sustainability Report FY25 (Oct-2025 version),49,pie chart 'Total employee by age in FY25'; base differs from SR FY26 restated permanent-only figures
HCLTech,FY2025,employees_by_age,age_gt50,15450,count,"global group, total employees incl. other-than-permanent (234,496)",https://www.hcltech.com/sites/default/files/documents/resources/pdf-landing-page/files/2025/10/15/sustainability-report-fy25.pdf,HCLTech Sustainability Report FY25 (Oct-2025 version),49,pie chart 'Total employee by age in FY25'; base differs from SR FY26 restated permanent-only figures
HCLTech,FY2025,employees_by_age,age_na,2761,count,"global group, total employees incl. other-than-permanent (234,496)",https://www.hcltech.com/sites/default/files/documents/resources/pdf-landing-page/files/2025/10/15/sustainability-report-fy25.pdf,HCLTech Sustainability Report FY25 (Oct-2025 version),49,pie chart 'Total employee by age in FY25'; base differs from SR FY26 restated permanent-only figures
HCLTech,FY2022,employees_total,total_incl_nonpermanent,224834,count,"global group (BRSR, voluntary)",https://www.hcltech.com/sites/default/files/document/open/annual-report/2022-09/FINAL%20HCL%20AR_2022%20%281%29%20%284%29.pdf,HCL Annual Report 2021-22 (incl. voluntary BRSR),196,"BRSR Q18: permanent 208,877 + other-than-permanent"
HCLTech,FY2023,employees_total,total_incl_nonpermanent,241352,count,global group (BRSR),https://www.hcltech.com/sites/default/files/document/open/annual-report/2023-08/Annual_Report_2023.pdf,HCLTech Annual Report 2022-23,182,"permanent 225,944 + other-than-permanent 15,408"
HCLTech,FY2021,new_hires_by_age,age_lt30,25170,count,"global group, new permanent hires",https://www.hcltech.com/sites/default/files/document/open/FY2022_HCL_Sustainability_Report.pdf,HCL Sustainability Report 2022 (FY22),34,bands <30 / 30-50 / >50
HCLTech,FY2021,new_hires_by_age,age_30_50,17514,count,"global group, new permanent hires",https://www.hcltech.com/sites/default/files/document/open/FY2022_HCL_Sustainability_Report.pdf,HCL Sustainability Report 2022 (FY22),34,bands <30 / 30-50 / >50
HCLTech,FY2021,new_hires_by_age,age_gt50,1508,count,"global group, new permanent hires",https://www.hcltech.com/sites/default/files/document/open/FY2022_HCL_Sustainability_Report.pdf,HCL Sustainability Report 2022 (FY22),34,bands <30 / 30-50 / >50
HCLTech,FY2021,new_hires_by_age,inorganic_or_other,470,count,"global group, new permanent hires",https://www.hcltech.com/sites/default/files/document/open/FY2022_HCL_Sustainability_Report.pdf,HCL Sustainability Report 2022 (FY22),34,bands <30 / 30-50 / >50
HCLTech,FY2021,new_hires_by_age,age_na,33,count,"global group, new permanent hires",https://www.hcltech.com/sites/default/files/document/open/FY2022_HCL_Sustainability_Report.pdf,HCL Sustainability Report 2022 (FY22),34,row with age '-'
HCLTech,FY2021,new_hires_total,total,44695,count,"global group, new permanent hires",https://www.hcltech.com/sites/default/files/document/open/FY2022_HCL_Sustainability_Report.pdf,HCL Sustainability Report 2022 (FY22),34,
HCLTech,FY2022,new_hires_by_age,age_lt30,53993,count,"global group, new permanent hires",https://www.hcltech.com/sites/default/files/document/open/FY2022_HCL_Sustainability_Report.pdf,HCL Sustainability Report 2022 (FY22),34,bands <30 / 30-50 / >50
HCLTech,FY2022,new_hires_by_age,age_30_50,40257,count,"global group, new permanent hires",https://www.hcltech.com/sites/default/files/document/open/FY2022_HCL_Sustainability_Report.pdf,HCL Sustainability Report 2022 (FY22),34,bands <30 / 30-50 / >50
HCLTech,FY2022,new_hires_by_age,age_gt50,2476,count,"global group, new permanent hires",https://www.hcltech.com/sites/default/files/document/open/FY2022_HCL_Sustainability_Report.pdf,HCL Sustainability Report 2022 (FY22),34,bands <30 / 30-50 / >50
HCLTech,FY2022,new_hires_by_age,inorganic_or_other,767,count,"global group, new permanent hires",https://www.hcltech.com/sites/default/files/document/open/FY2022_HCL_Sustainability_Report.pdf,HCL Sustainability Report 2022 (FY22),34,bands <30 / 30-50 / >50
HCLTech,FY2022,new_hires_by_age,age_na,2,count,"global group, new permanent hires",https://www.hcltech.com/sites/default/files/document/open/FY2022_HCL_Sustainability_Report.pdf,HCL Sustainability Report 2022 (FY22),34,row with age '-'
HCLTech,FY2022,new_hires_total,total,97495,count,"global group, new permanent hires",https://www.hcltech.com/sites/default/files/document/open/FY2022_HCL_Sustainability_Report.pdf,HCL Sustainability Report 2022 (FY22),34,
HCLTech,FY2024,new_hires_by_age,age_lt30,27728,count,"global group, new permanent hires",https://www.hcltech.com/sites/default/files/documents/resources/pdf-landing-page/files/2026/07/17/sustainability-report-fy26.pdf,HCLTech Sustainability Report FY26 (ESG Performance Metrics annex),85,bands reported as 18-30 / 31-50 / 51+; 'inorganic' = 'Others (including Inorganic)'
HCLTech,FY2024,new_hires_by_age,age_30_50,17163,count,"global group, new permanent hires",https://www.hcltech.com/sites/default/files/documents/resources/pdf-landing-page/files/2026/07/17/sustainability-report-fy26.pdf,HCLTech Sustainability Report FY26 (ESG Performance Metrics annex),85,bands reported as 18-30 / 31-50 / 51+; 'inorganic' = 'Others (including Inorganic)'
HCLTech,FY2024,new_hires_by_age,age_gt50,2180,count,"global group, new permanent hires",https://www.hcltech.com/sites/default/files/documents/resources/pdf-landing-page/files/2026/07/17/sustainability-report-fy26.pdf,HCLTech Sustainability Report FY26 (ESG Performance Metrics annex),85,bands reported as 18-30 / 31-50 / 51+; 'inorganic' = 'Others (including Inorganic)'
HCLTech,FY2024,new_hires_by_age,inorganic_or_other,674,count,"global group, new permanent hires",https://www.hcltech.com/sites/default/files/documents/resources/pdf-landing-page/files/2026/07/17/sustainability-report-fy26.pdf,HCLTech Sustainability Report FY26 (ESG Performance Metrics annex),85,bands reported as 18-30 / 31-50 / 51+; 'inorganic' = 'Others (including Inorganic)'
HCLTech,FY2024,new_hires_total,total,47745,count,"global group, new permanent hires",https://www.hcltech.com/sites/default/files/documents/resources/pdf-landing-page/files/2026/07/17/sustainability-report-fy26.pdf,HCLTech Sustainability Report FY26 (ESG Performance Metrics annex),85,
HCLTech,FY2025,new_hires_by_age,age_lt30,26703,count,"global group, new permanent hires",https://www.hcltech.com/sites/default/files/documents/resources/pdf-landing-page/files/2026/07/17/sustainability-report-fy26.pdf,HCLTech Sustainability Report FY26 (ESG Performance Metrics annex),85,bands reported as 18-30 / 31-50 / 51+; 'inorganic' = 'Others (including Inorganic)'
HCLTech,FY2025,new_hires_by_age,age_30_50,21344,count,"global group, new permanent hires",https://www.hcltech.com/sites/default/files/documents/resources/pdf-landing-page/files/2026/07/17/sustainability-report-fy26.pdf,HCLTech Sustainability Report FY26 (ESG Performance Metrics annex),85,bands reported as 18-30 / 31-50 / 51+; 'inorganic' = 'Others (including Inorganic)'
HCLTech,FY2025,new_hires_by_age,age_gt50,1869,count,"global group, new permanent hires",https://www.hcltech.com/sites/default/files/documents/resources/pdf-landing-page/files/2026/07/17/sustainability-report-fy26.pdf,HCLTech Sustainability Report FY26 (ESG Performance Metrics annex),85,bands reported as 18-30 / 31-50 / 51+; 'inorganic' = 'Others (including Inorganic)'
HCLTech,FY2025,new_hires_by_age,inorganic_or_other,519,count,"global group, new permanent hires",https://www.hcltech.com/sites/default/files/documents/resources/pdf-landing-page/files/2026/07/17/sustainability-report-fy26.pdf,HCLTech Sustainability Report FY26 (ESG Performance Metrics annex),85,bands reported as 18-30 / 31-50 / 51+; 'inorganic' = 'Others (including Inorganic)'
HCLTech,FY2025,new_hires_total,total,50435,count,"global group, new permanent hires",https://www.hcltech.com/sites/default/files/documents/resources/pdf-landing-page/files/2026/07/17/sustainability-report-fy26.pdf,HCLTech Sustainability Report FY26 (ESG Performance Metrics annex),85,
HCLTech,FY2026,new_hires_by_age,age_lt30,29346,count,"global group, new permanent hires",https://www.hcltech.com/sites/default/files/documents/resources/pdf-landing-page/files/2026/07/17/sustainability-report-fy26.pdf,HCLTech Sustainability Report FY26 (ESG Performance Metrics annex),85,bands reported as 18-30 / 31-50 / 51+; 'inorganic' = 'Others (including Inorganic)'
HCLTech,FY2026,new_hires_by_age,age_30_50,19392,count,"global group, new permanent hires",https://www.hcltech.com/sites/default/files/documents/resources/pdf-landing-page/files/2026/07/17/sustainability-report-fy26.pdf,HCLTech Sustainability Report FY26 (ESG Performance Metrics annex),85,bands reported as 18-30 / 31-50 / 51+; 'inorganic' = 'Others (including Inorganic)'
HCLTech,FY2026,new_hires_by_age,age_gt50,1598,count,"global group, new permanent hires",https://www.hcltech.com/sites/default/files/documents/resources/pdf-landing-page/files/2026/07/17/sustainability-report-fy26.pdf,HCLTech Sustainability Report FY26 (ESG Performance Metrics annex),85,bands reported as 18-30 / 31-50 / 51+; 'inorganic' = 'Others (including Inorganic)'
HCLTech,FY2026,new_hires_by_age,inorganic_or_other,567,count,"global group, new permanent hires",https://www.hcltech.com/sites/default/files/documents/resources/pdf-landing-page/files/2026/07/17/sustainability-report-fy26.pdf,HCLTech Sustainability Report FY26 (ESG Performance Metrics annex),85,bands reported as 18-30 / 31-50 / 51+; 'inorganic' = 'Others (including Inorganic)'
HCLTech,FY2026,new_hires_total,total,50903,count,"global group, new permanent hires",https://www.hcltech.com/sites/default/files/documents/resources/pdf-landing-page/files/2026/07/17/sustainability-report-fy26.pdf,HCLTech Sustainability Report FY26 (ESG Performance Metrics annex),85,
HCLTech,FY2021,other,new_hires_mgmt_senior_top,28,count,"global group, new hires",https://www.hcltech.com/sites/default/files/document/open/FY2022_HCL_Sustainability_Report.pdf,HCL Sustainability Report 2022 (FY22),34,New hires by management level (GRI 401-1 table); sums to total excl. inorganic/unassigned
HCLTech,FY2021,other,new_hires_mgmt_middle,1749,count,"global group, new hires",https://www.hcltech.com/sites/default/files/document/open/FY2022_HCL_Sustainability_Report.pdf,HCL Sustainability Report 2022 (FY22),34,New hires by management level (GRI 401-1 table); sums to total excl. inorganic/unassigned
HCLTech,FY2021,other,new_hires_mgmt_junior,42448,count,"global group, new hires",https://www.hcltech.com/sites/default/files/document/open/FY2022_HCL_Sustainability_Report.pdf,HCL Sustainability Report 2022 (FY22),34,New hires by management level (GRI 401-1 table); sums to total excl. inorganic/unassigned
HCLTech,FY2022,other,new_hires_mgmt_senior_top,48,count,"global group, new hires",https://www.hcltech.com/sites/default/files/document/open/FY2022_HCL_Sustainability_Report.pdf,HCL Sustainability Report 2022 (FY22),34,New hires by management level (GRI 401-1 table); sums to total excl. inorganic/unassigned
HCLTech,FY2022,other,new_hires_mgmt_middle,2978,count,"global group, new hires",https://www.hcltech.com/sites/default/files/document/open/FY2022_HCL_Sustainability_Report.pdf,HCL Sustainability Report 2022 (FY22),34,New hires by management level (GRI 401-1 table); sums to total excl. inorganic/unassigned
HCLTech,FY2022,other,new_hires_mgmt_junior,93702,count,"global group, new hires",https://www.hcltech.com/sites/default/files/document/open/FY2022_HCL_Sustainability_Report.pdf,HCL Sustainability Report 2022 (FY22),34,New hires by management level (GRI 401-1 table); sums to total excl. inorganic/unassigned
HCLTech,FY2026,new_hires_total,male,34114,count,global group,https://www.hcltech.com/sites/default/files/documents/resources/pdf-landing-page/files/2026/07/17/sustainability-report-fy26.pdf,HCLTech Sustainability Report FY26 (ESG Performance Metrics annex),85,
HCLTech,FY2026,new_hires_total,female,16647,count,global group,https://www.hcltech.com/sites/default/files/documents/resources/pdf-landing-page/files/2026/07/17/sustainability-report-fy26.pdf,HCLTech Sustainability Report FY26 (ESG Performance Metrics annex),85,
HCLTech,FY2025,new_hires_total,male,35420,count,global group,https://www.hcltech.com/sites/default/files/documents/resources/pdf-landing-page/files/2026/07/17/sustainability-report-fy26.pdf,HCLTech Sustainability Report FY26 (ESG Performance Metrics annex),85,
HCLTech,FY2025,new_hires_total,female,14977,count,global group,https://www.hcltech.com/sites/default/files/documents/resources/pdf-landing-page/files/2026/07/17/sustainability-report-fy26.pdf,HCLTech Sustainability Report FY26 (ESG Performance Metrics annex),85,
HCLTech,FY2024,new_hires_total,male,33058,count,global group,https://www.hcltech.com/sites/default/files/documents/resources/pdf-landing-page/files/2026/07/17/sustainability-report-fy26.pdf,HCLTech Sustainability Report FY26 (ESG Performance Metrics annex),85,
HCLTech,FY2024,new_hires_total,female,14616,count,global group,https://www.hcltech.com/sites/default/files/documents/resources/pdf-landing-page/files/2026/07/17/sustainability-report-fy26.pdf,HCLTech Sustainability Report FY26 (ESG Performance Metrics annex),85,
HCLTech,FY2025,other,new_hire_rate,22.4,pct,global group,https://www.hcltech.com/sites/default/files/documents/resources/pdf-landing-page/files/2025/10/15/sustainability-report-fy25.pdf,HCLTech Sustainability Report FY25 (Oct-2025 version),42,'22.4% rate of new employee hire'
HCLTech,FY2024,turnover_rate_by_age,age_lt30,14.04,pct,"global group, IT services",https://www.hcltech.com/sites/default/files/documents/resources/pdf-landing-page/files/2026/07/17/sustainability-report-fy26.pdf,HCLTech Sustainability Report FY26 (ESG Performance Metrics annex),86,voluntary attrition % (LTM - IT Services); bands 18-30 / 31-50 / 51+
HCLTech,FY2024,turnover_rate_by_age,age_30_50,11.68,pct,"global group, IT services",https://www.hcltech.com/sites/default/files/documents/resources/pdf-landing-page/files/2026/07/17/sustainability-report-fy26.pdf,HCLTech Sustainability Report FY26 (ESG Performance Metrics annex),86,voluntary attrition % (LTM - IT Services); bands 18-30 / 31-50 / 51+
HCLTech,FY2024,turnover_rate_by_age,age_gt50,5.65,pct,"global group, IT services",https://www.hcltech.com/sites/default/files/documents/resources/pdf-landing-page/files/2026/07/17/sustainability-report-fy26.pdf,HCLTech Sustainability Report FY26 (ESG Performance Metrics annex),86,voluntary attrition % (LTM - IT Services); bands 18-30 / 31-50 / 51+
HCLTech,FY2024,turnover_rate_by_age,age_other,16.73,pct,"global group, IT services",https://www.hcltech.com/sites/default/files/documents/resources/pdf-landing-page/files/2026/07/17/sustainability-report-fy26.pdf,HCLTech Sustainability Report FY26 (ESG Performance Metrics annex),86,voluntary attrition % (LTM - IT Services); bands 18-30 / 31-50 / 51+
HCLTech,FY2025,turnover_rate_by_age,age_lt30,15.53,pct,"global group, IT services",https://www.hcltech.com/sites/default/files/documents/resources/pdf-landing-page/files/2026/07/17/sustainability-report-fy26.pdf,HCLTech Sustainability Report FY26 (ESG Performance Metrics annex),86,voluntary attrition % (LTM - IT Services); bands 18-30 / 31-50 / 51+
HCLTech,FY2025,turnover_rate_by_age,age_30_50,11.9,pct,"global group, IT services",https://www.hcltech.com/sites/default/files/documents/resources/pdf-landing-page/files/2026/07/17/sustainability-report-fy26.pdf,HCLTech Sustainability Report FY26 (ESG Performance Metrics annex),86,voluntary attrition % (LTM - IT Services); bands 18-30 / 31-50 / 51+
HCLTech,FY2025,turnover_rate_by_age,age_gt50,5.72,pct,"global group, IT services",https://www.hcltech.com/sites/default/files/documents/resources/pdf-landing-page/files/2026/07/17/sustainability-report-fy26.pdf,HCLTech Sustainability Report FY26 (ESG Performance Metrics annex),86,voluntary attrition % (LTM - IT Services); bands 18-30 / 31-50 / 51+
HCLTech,FY2025,turnover_rate_by_age,age_other,14.87,pct,"global group, IT services",https://www.hcltech.com/sites/default/files/documents/resources/pdf-landing-page/files/2026/07/17/sustainability-report-fy26.pdf,HCLTech Sustainability Report FY26 (ESG Performance Metrics annex),86,voluntary attrition % (LTM - IT Services); bands 18-30 / 31-50 / 51+
HCLTech,FY2026,turnover_rate_by_age,age_lt30,16.23,pct,"global group, IT services",https://www.hcltech.com/sites/default/files/documents/resources/pdf-landing-page/files/2026/07/17/sustainability-report-fy26.pdf,HCLTech Sustainability Report FY26 (ESG Performance Metrics annex),86,voluntary attrition % (LTM - IT Services); bands 18-30 / 31-50 / 51+
HCLTech,FY2026,turnover_rate_by_age,age_30_50,10.75,pct,"global group, IT services",https://www.hcltech.com/sites/default/files/documents/resources/pdf-landing-page/files/2026/07/17/sustainability-report-fy26.pdf,HCLTech Sustainability Report FY26 (ESG Performance Metrics annex),86,voluntary attrition % (LTM - IT Services); bands 18-30 / 31-50 / 51+
HCLTech,FY2026,turnover_rate_by_age,age_gt50,5.44,pct,"global group, IT services",https://www.hcltech.com/sites/default/files/documents/resources/pdf-landing-page/files/2026/07/17/sustainability-report-fy26.pdf,HCLTech Sustainability Report FY26 (ESG Performance Metrics annex),86,voluntary attrition % (LTM - IT Services); bands 18-30 / 31-50 / 51+
HCLTech,FY2026,turnover_rate_by_age,age_other,17.94,pct,"global group, IT services",https://www.hcltech.com/sites/default/files/documents/resources/pdf-landing-page/files/2026/07/17/sustainability-report-fy26.pdf,HCLTech Sustainability Report FY26 (ESG Performance Metrics annex),86,voluntary attrition % (LTM - IT Services); bands 18-30 / 31-50 / 51+
HCLTech,FY2020,turnover_total,total,16.27,pct,"global group, IT services, permanent",https://www.hcltech.com/sites/default/files/document/open/annual-report/2022-09/FINAL%20HCL%20AR_2022%20%281%29%20%284%29.pdf,HCL Annual Report 2021-22 (incl. voluntary BRSR),196,voluntary attrition % (LTM - IT Services); same values in BRSR
HCLTech,FY2020,turnover_total,male,15.79,pct,"global group, IT services, permanent",https://www.hcltech.com/sites/default/files/document/open/annual-report/2022-09/FINAL%20HCL%20AR_2022%20%281%29%20%284%29.pdf,HCL Annual Report 2021-22 (incl. voluntary BRSR),196,voluntary attrition % (LTM - IT Services)
HCLTech,FY2020,turnover_total,female,17.11,pct,"global group, IT services, permanent",https://www.hcltech.com/sites/default/files/document/open/annual-report/2022-09/FINAL%20HCL%20AR_2022%20%281%29%20%284%29.pdf,HCL Annual Report 2021-22 (incl. voluntary BRSR),196,voluntary attrition % (LTM - IT Services)
HCLTech,FY2021,turnover_total,total,9.9,pct,"global group, IT services, permanent",https://www.hcltech.com/sites/default/files/document/open/annual-report/2023-08/Annual_Report_2023.pdf,HCLTech Annual Report 2022-23,183,voluntary attrition % (LTM - IT Services); same values in BRSR
HCLTech,FY2021,turnover_total,male,9.81,pct,"global group, IT services, permanent",https://www.hcltech.com/sites/default/files/document/open/annual-report/2023-08/Annual_Report_2023.pdf,HCLTech Annual Report 2022-23,183,voluntary attrition % (LTM - IT Services)
HCLTech,FY2021,turnover_total,female,10.16,pct,"global group, IT services, permanent",https://www.hcltech.com/sites/default/files/document/open/annual-report/2023-08/Annual_Report_2023.pdf,HCLTech Annual Report 2022-23,183,voluntary attrition % (LTM - IT Services)
HCLTech,FY2022,turnover_total,total,21.92,pct,"global group, IT services, permanent",https://www.hcltech.com/sites/default/files/document/open/annual-report/2023-08/Annual_Report_2023.pdf,HCLTech Annual Report 2022-23,183,voluntary attrition % (LTM - IT Services); same values in BRSR
HCLTech,FY2022,turnover_total,male,21.87,pct,"global group, IT services, permanent",https://www.hcltech.com/sites/default/files/document/open/annual-report/2023-08/Annual_Report_2023.pdf,HCLTech Annual Report 2022-23,183,voluntary attrition % (LTM - IT Services)
HCLTech,FY2022,turnover_total,female,22.05,pct,"global group, IT services, permanent",https://www.hcltech.com/sites/default/files/document/open/annual-report/2023-08/Annual_Report_2023.pdf,HCLTech Annual Report 2022-23,183,voluntary attrition % (LTM - IT Services)
HCLTech,FY2023,turnover_total,total,19.5,pct,"global group, IT services, permanent",https://www.hcltech.com/sites/default/files/document/open/annual-report/2023-08/Annual_Report_2023.pdf,HCLTech Annual Report 2022-23,183,voluntary attrition % (LTM - IT Services); same values in BRSR
HCLTech,FY2023,turnover_total,male,19.83,pct,"global group, IT services, permanent",https://www.hcltech.com/sites/default/files/document/open/annual-report/2023-08/Annual_Report_2023.pdf,HCLTech Annual Report 2022-23,183,voluntary attrition % (LTM - IT Services)
HCLTech,FY2023,turnover_total,female,18.6,pct,"global group, IT services, permanent",https://www.hcltech.com/sites/default/files/document/open/annual-report/2023-08/Annual_Report_2023.pdf,HCLTech Annual Report 2022-23,183,voluntary attrition % (LTM - IT Services)
HCLTech,FY2024,turnover_total,total,12.42,pct,"global group, IT services, permanent",https://www.hcltech.com/sites/default/files/documents/resources/pdf-landing-page/files/2026/07/17/sustainability-report-fy26.pdf,HCLTech Sustainability Report FY26 (ESG Performance Metrics annex),85,voluntary attrition % (LTM - IT Services); same values in BRSR
HCLTech,FY2024,turnover_total,male,12.32,pct,"global group, IT services, permanent",https://www.hcltech.com/sites/default/files/documents/resources/pdf-landing-page/files/2026/07/17/sustainability-report-fy26.pdf,HCLTech Sustainability Report FY26 (ESG Performance Metrics annex),85,voluntary attrition % (LTM - IT Services)
HCLTech,FY2024,turnover_total,female,12.72,pct,"global group, IT services, permanent",https://www.hcltech.com/sites/default/files/documents/resources/pdf-landing-page/files/2026/07/17/sustainability-report-fy26.pdf,HCLTech Sustainability Report FY26 (ESG Performance Metrics annex),86,voluntary attrition % (LTM - IT Services)
HCLTech,FY2025,turnover_total,total,12.99,pct,"global group, IT services, permanent",https://www.hcltech.com/sites/default/files/documents/resources/pdf-landing-page/files/2026/07/17/sustainability-report-fy26.pdf,HCLTech Sustainability Report FY26 (ESG Performance Metrics annex),85,voluntary attrition % (LTM - IT Services); same values in BRSR
HCLTech,FY2025,turnover_total,male,13.06,pct,"global group, IT services, permanent",https://www.hcltech.com/sites/default/files/documents/resources/pdf-landing-page/files/2026/07/17/sustainability-report-fy26.pdf,HCLTech Sustainability Report FY26 (ESG Performance Metrics annex),85,voluntary attrition % (LTM - IT Services)
HCLTech,FY2025,turnover_total,female,12.81,pct,"global group, IT services, permanent",https://www.hcltech.com/sites/default/files/documents/resources/pdf-landing-page/files/2026/07/17/sustainability-report-fy26.pdf,HCLTech Sustainability Report FY26 (ESG Performance Metrics annex),86,voluntary attrition % (LTM - IT Services)
HCLTech,FY2026,turnover_total,total,12.51,pct,"global group, IT services, permanent",https://www.hcltech.com/sites/default/files/documents/resources/pdf-landing-page/files/2026/07/17/sustainability-report-fy26.pdf,HCLTech Sustainability Report FY26 (ESG Performance Metrics annex),85,voluntary attrition % (LTM - IT Services); same values in BRSR
HCLTech,FY2026,turnover_total,male,12.61,pct,"global group, IT services, permanent",https://www.hcltech.com/sites/default/files/documents/resources/pdf-landing-page/files/2026/07/17/sustainability-report-fy26.pdf,HCLTech Sustainability Report FY26 (ESG Performance Metrics annex),85,voluntary attrition % (LTM - IT Services)
HCLTech,FY2026,turnover_total,female,12.28,pct,"global group, IT services, permanent",https://www.hcltech.com/sites/default/files/documents/resources/pdf-landing-page/files/2026/07/17/sustainability-report-fy26.pdf,HCLTech Sustainability Report FY26 (ESG Performance Metrics annex),86,voluntary attrition % (LTM - IT Services)
HCLTech,FY2022,fresher_hires,total,23000,count,global group,https://www.hcltech.com/sites/default/files/documents/investor-reports/HCL_Tech_Q4_FY22_Investor_Release.pdf,HCL Q4 FY22 Investor Release,10,"'Entry level (fresher) employees hired in FY'22 - 23,000'"
HCLTech,FY2022,fresher_hires,ytd_Q1_Q3,16000,count,global group,https://www.hcltech.com/sites/default/files/documents/investor-reports/HCL_Tech_Q3_FY22_Investor_Release.pdf,HCL Q3 FY22 Investor Release,11,"'16,000 freshers already hired till Q3'; plan 20,000-22,000 for FY22"
HCLTech,FY2022,fresher_hires,quarter_Q1,3500,count,global group,https://www.hcltech.com/sites/default/files/documents/investor-reports/hcl-earnings_call_transcript_19-7-2021q1fy22.pdf,HCL Q1 FY22 earnings call transcript (19-Jul-2021),6,"CEO: 'We hired 3,500 freshers during the same period'"
HCLTech,FY2023,fresher_hires,total,26734,count,global group,https://www.hcltech.com/sites/default/files/document/open/annual-report/2023-08/Annual_Report_2023.pdf,HCLTech Annual Report 2022-23,52,"'Freshers added in FY23'; AGM-2023 transcript p6 says 'over 26,700'; AR 2025-26 p13 repeats 26,734"
HCLTech,FY2024,fresher_hires,total,12141,count,global group,https://www.hcltech.com/sites/default/files/document/open/annual-report/2024-08/HCLTech_Annual_Report2023-24.pdf,HCLTech Annual Report 2023-24,124,"Directors' report; also AR24 p7, AGM-2024 p6, AR 2025-26 p13; Q2FY25 call p13 says 'about 12,000'"
HCLTech,FY2025,fresher_hires,total,7829,count,global group,https://www.hcltech.com/sites/default/files/document/open/annual-report/2025-08/Annual-Report-2024-25_0.pdf,HCLTech Annual Report 2024-25,126,"'7,829 freshers were onboarded'; also SR FY25 p43 ('fresh graduates') and AR 2025-26 p13"
HCLTech,FY2025,other,freshers_hired_infographic,1800+,count,global group,https://www.hcltech.com/sites/default/files/document/open/annual-report/2025-08/Annual-Report-2024-25_0.pdf,HCLTech Annual Report 2024-25,65,"People-section infographic says '1,800+ Freshers hired' - conflicts with 7,829 on p126; possibly a sub-programme figure; treat as unreliable"
HCLTech,FY2025,other,new_vistas_fresh_graduates_hired,1900+,count,India Tier-2/3 New Vistas centres,https://www.hcltech.com/sites/default/files/document/open/annual-report/2025-08/Annual-Report-2024-25_0.pdf,HCLTech Annual Report 2024-25,69,"of >4,400 New Vistas hires in FY25"
HCLTech,FY2026,fresher_hires,total,11744,count,global group,https://www.hcltech.com/sites/default/files/document/open/annual-report/2026-09/annual-report-2025-26.pdf,HCLTech Integrated Annual Report 2025-26,135,"Directors' report 'onboarded 11,744 freshers, including through TechBee'; also p13 and p57"
HCLTech,FY2023,other,genz_share_of_employees,24,pct,global group,https://www.hcltech.com/sites/default/files/document/open/annual-report/2023-10/AGM-Transcript-2023.pdf,HCLTech 31st AGM transcript (2023),6,Gen Z = born ~1997+; 'represent 24% of our total employees today' (Aug-2023)
HCLTech,FY2024,other,genz_share_of_employees,27.2,pct,global group,https://www.hcltech.com/sites/default/files/document/open/annual-report/2024-08/HCLTech_Annual_Report2023-24.pdf,HCLTech Annual Report 2023-24,80,
HCLTech,FY2025,other,genz_share_of_employees,28,pct,global group,https://www.hcltech.com/sites/default/files/document/open/annual-report/2025-08/Annual-Report-2024-25_0.pdf,HCLTech Annual Report 2024-25,69,AGM-2025 transcript says 'over 25%'
HCLTech,FY2026,other,genz_share_of_employees,31,pct,global group,https://www.hcltech.com/sites/default/files/document/open/annual-report/2026-09/annual-report-2025-26.pdf,HCLTech Integrated Annual Report 2025-26,13,also p57
HCLTech,FY2026,other,campus_hires_female_share,46,pct,global group,https://www.hcltech.com/sites/default/files/documents/resources/pdf-landing-page/files/2026/07/17/sustainability-report-fy26.pdf,HCLTech Sustainability Report FY26 (ESG Performance Metrics annex),87,"FY25 50%, FY24 43% on same page"
Wipro,FY2019,employees_by_age,age_lt30,96063,count,"Wipro Ltd group, permanent employees, excl. Capco & other acquisitions",https://www.wipro.com/content/dam/nexus/en/investor/annual-reports/2020-2021/wipro-esg-dashboard-fy-2020-21.pdf,Wipro ESG Dashboard FY2020-21,7,FY2019 total from p8; Capco not yet acquired
Wipro,FY2019,employees_by_age,age_30_50,74167,count,"Wipro Ltd group, permanent employees, excl. Capco & other acquisitions",https://www.wipro.com/content/dam/nexus/en/investor/annual-reports/2020-2021/wipro-esg-dashboard-fy-2020-21.pdf,Wipro ESG Dashboard FY2020-21,7,FY2019 total from p8; Capco not yet acquired
Wipro,FY2019,employees_by_age,age_gt50,5460,count,"Wipro Ltd group, permanent employees, excl. Capco & other acquisitions",https://www.wipro.com/content/dam/nexus/en/investor/annual-reports/2020-2021/wipro-esg-dashboard-fy-2020-21.pdf,Wipro ESG Dashboard FY2020-21,7,FY2019 total from p8; Capco not yet acquired
Wipro,FY2019,employees_total,permanent_excl_capco,175690,count,"Wipro Ltd group, permanent employees, excl. Capco & other acquisitions",https://www.wipro.com/content/dam/nexus/en/investor/annual-reports/2020-2021/wipro-esg-dashboard-fy-2020-21.pdf,Wipro ESG Dashboard FY2020-21,8,
Wipro,FY2020,employees_by_age,age_lt30,100663,count,"Wipro Ltd group, permanent employees, excl. Capco & other acquisitions",https://www.wipro.com/content/dam/nexus/en/investor/annual-reports/2021-2022/wipro-esg-dashboard-fy-2021-22.pdf,Wipro ESG Dashboard FY2021-22,8,same figure in all later dashboard vintages checked (no restatement)
Wipro,FY2020,employees_by_age,age_30_50,81107,count,"Wipro Ltd group, permanent employees, excl. Capco & other acquisitions",https://www.wipro.com/content/dam/nexus/en/investor/annual-reports/2021-2022/wipro-esg-dashboard-fy-2021-22.pdf,Wipro ESG Dashboard FY2021-22,8,same figure in all later dashboard vintages checked (no restatement)
Wipro,FY2020,employees_by_age,age_gt50,6500,count,"Wipro Ltd group, permanent employees, excl. Capco & other acquisitions",https://www.wipro.com/content/dam/nexus/en/investor/annual-reports/2021-2022/wipro-esg-dashboard-fy-2021-22.pdf,Wipro ESG Dashboard FY2021-22,8,same figure in all later dashboard vintages checked (no restatement)
Wipro,FY2020,employees_total,permanent_excl_capco,188270,count,"Wipro Ltd group, permanent employees, excl. Capco & other acquisitions",https://www.wipro.com/content/dam/nexus/en/investor/annual-reports/2021-2022/wipro-esg-dashboard-fy-2021-22.pdf,Wipro ESG Dashboard FY2021-22,8,
Wipro,FY2021,employees_by_age,age_lt30,102964,count,"Wipro Ltd group, permanent employees, excl. Capco & other acquisitions",https://www.wipro.com/content/dam/nexus/en/investor/annual-reports/2022-2023/esg-dashboard-fy-2022-23.pdf,Wipro ESG Dashboard FY2022-23,6,same figure in all later dashboard vintages checked (no restatement)
Wipro,FY2021,employees_by_age,age_30_50,90522,count,"Wipro Ltd group, permanent employees, excl. Capco & other acquisitions",https://www.wipro.com/content/dam/nexus/en/investor/annual-reports/2022-2023/esg-dashboard-fy-2022-23.pdf,Wipro ESG Dashboard FY2022-23,6,same figure in all later dashboard vintages checked (no restatement)
Wipro,FY2021,employees_by_age,age_gt50,8179,count,"Wipro Ltd group, permanent employees, excl. Capco & other acquisitions",https://www.wipro.com/content/dam/nexus/en/investor/annual-reports/2022-2023/esg-dashboard-fy-2022-23.pdf,Wipro ESG Dashboard FY2022-23,6,same figure in all later dashboard vintages checked (no restatement)
Wipro,FY2021,employees_total,permanent_excl_capco,201665,count,"Wipro Ltd group, permanent employees, excl. Capco & other acquisitions",https://www.wipro.com/content/dam/nexus/en/investor/annual-reports/2022-2023/esg-dashboard-fy-2022-23.pdf,Wipro ESG Dashboard FY2022-23,6,
Wipro,FY2022,employees_by_age,age_lt30,124856,count,"Wipro Ltd group, permanent employees, excl. Capco & other acquisitions",https://www.wipro.com/content/dam/nexus/en/investor/annual-reports/2023-2024/wipro-esg-dashboard-fy23-24.pdf,Wipro ESG Dashboard FY2023-24,12,same figure in all later dashboard vintages checked (no restatement); FY22 dashboard excludes Ampion & Edgile
Wipro,FY2022,employees_by_age,age_30_50,105535,count,"Wipro Ltd group, permanent employees, excl. Capco & other acquisitions",https://www.wipro.com/content/dam/nexus/en/investor/annual-reports/2023-2024/wipro-esg-dashboard-fy23-24.pdf,Wipro ESG Dashboard FY2023-24,12,same figure in all later dashboard vintages checked (no restatement); FY22 dashboard excludes Ampion & Edgile
Wipro,FY2022,employees_by_age,age_gt50,9433,count,"Wipro Ltd group, permanent employees, excl. Capco & other acquisitions",https://www.wipro.com/content/dam/nexus/en/investor/annual-reports/2023-2024/wipro-esg-dashboard-fy23-24.pdf,Wipro ESG Dashboard FY2023-24,12,same figure in all later dashboard vintages checked (no restatement); FY22 dashboard excludes Ampion & Edgile
Wipro,FY2022,employees_total,permanent_excl_capco,239824,count,"Wipro Ltd group, permanent employees, excl. Capco & other acquisitions",https://www.wipro.com/content/dam/nexus/en/investor/annual-reports/2023-2024/wipro-esg-dashboard-fy23-24.pdf,Wipro ESG Dashboard FY2023-24,12,
Wipro,FY2023,employees_by_age,age_lt30,132720,count,"Wipro Ltd group, permanent employees, excl. Capco & other acquisitions",https://www.wipro.com/content/dam/nexus/en/investor/annual-reports/2025-2026/esg-wipro-dashboard-fy25-26.pdf,Wipro ESG Dashboard FY2025-26,18,same figure in all later dashboard vintages checked (no restatement)
Wipro,FY2023,employees_by_age,age_30_50,107617,count,"Wipro Ltd group, permanent employees, excl. Capco & other acquisitions",https://www.wipro.com/content/dam/nexus/en/investor/annual-reports/2025-2026/esg-wipro-dashboard-fy25-26.pdf,Wipro ESG Dashboard FY2025-26,18,same figure in all later dashboard vintages checked (no restatement)
Wipro,FY2023,employees_by_age,age_gt50,8758,count,"Wipro Ltd group, permanent employees, excl. Capco & other acquisitions",https://www.wipro.com/content/dam/nexus/en/investor/annual-reports/2025-2026/esg-wipro-dashboard-fy25-26.pdf,Wipro ESG Dashboard FY2025-26,18,same figure in all later dashboard vintages checked (no restatement)
Wipro,FY2023,employees_total,permanent_excl_capco,249095,count,"Wipro Ltd group, permanent employees, excl. Capco & other acquisitions",https://www.wipro.com/content/dam/nexus/en/investor/annual-reports/2025-2026/esg-wipro-dashboard-fy25-26.pdf,Wipro ESG Dashboard FY2025-26,18,
Wipro,FY2024,employees_by_age,age_lt30,111756,count,"Wipro Ltd group, permanent employees, excl. Capco & other acquisitions",https://www.wipro.com/content/dam/nexus/en/investor/annual-reports/2025-2026/esg-wipro-dashboard-fy25-26.pdf,Wipro ESG Dashboard FY2025-26,18,same figure in all later dashboard vintages checked (no restatement)
Wipro,FY2024,employees_by_age,age_30_50,104833,count,"Wipro Ltd group, permanent employees, excl. Capco & other acquisitions",https://www.wipro.com/content/dam/nexus/en/investor/annual-reports/2025-2026/esg-wipro-dashboard-fy25-26.pdf,Wipro ESG Dashboard FY2025-26,18,same figure in all later dashboard vintages checked (no restatement)
Wipro,FY2024,employees_by_age,age_gt50,8793,count,"Wipro Ltd group, permanent employees, excl. Capco & other acquisitions",https://www.wipro.com/content/dam/nexus/en/investor/annual-reports/2025-2026/esg-wipro-dashboard-fy25-26.pdf,Wipro ESG Dashboard FY2025-26,18,same figure in all later dashboard vintages checked (no restatement)
Wipro,FY2024,employees_total,permanent_excl_capco,225382,count,"Wipro Ltd group, permanent employees, excl. Capco & other acquisitions",https://www.wipro.com/content/dam/nexus/en/investor/annual-reports/2025-2026/esg-wipro-dashboard-fy25-26.pdf,Wipro ESG Dashboard FY2025-26,18,
Wipro,FY2025,employees_by_age,age_lt30,109726,count,"Wipro Ltd group, permanent employees, excl. Capco & other acquisitions",https://www.wipro.com/content/dam/nexus/en/investor/annual-reports/2025-2026/esg-wipro-dashboard-fy25-26.pdf,Wipro ESG Dashboard FY2025-26,18,same figure in all later dashboard vintages checked (no restatement)
Wipro,FY2025,employees_by_age,age_30_50,106817,count,"Wipro Ltd group, permanent employees, excl. Capco & other acquisitions",https://www.wipro.com/content/dam/nexus/en/investor/annual-reports/2025-2026/esg-wipro-dashboard-fy25-26.pdf,Wipro ESG Dashboard FY2025-26,18,same figure in all later dashboard vintages checked (no restatement)
Wipro,FY2025,employees_by_age,age_gt50,8763,count,"Wipro Ltd group, permanent employees, excl. Capco & other acquisitions",https://www.wipro.com/content/dam/nexus/en/investor/annual-reports/2025-2026/esg-wipro-dashboard-fy25-26.pdf,Wipro ESG Dashboard FY2025-26,18,same figure in all later dashboard vintages checked (no restatement)
Wipro,FY2025,employees_total,permanent_excl_capco,225306,count,"Wipro Ltd group, permanent employees, excl. Capco & other acquisitions",https://www.wipro.com/content/dam/nexus/en/investor/annual-reports/2025-2026/esg-wipro-dashboard-fy25-26.pdf,Wipro ESG Dashboard FY2025-26,18,
Wipro,FY2026,employees_by_age,age_lt30,110489,count,"Wipro Ltd group, permanent employees, excl. Capco & other acquisitions",https://www.wipro.com/content/dam/nexus/en/investor/annual-reports/2025-2026/esg-wipro-dashboard-fy25-26.pdf,Wipro ESG Dashboard FY2025-26,18,same figure in all later dashboard vintages checked (no restatement)
Wipro,FY2026,employees_by_age,age_30_50,109791,count,"Wipro Ltd group, permanent employees, excl. Capco & other acquisitions",https://www.wipro.com/content/dam/nexus/en/investor/annual-reports/2025-2026/esg-wipro-dashboard-fy25-26.pdf,Wipro ESG Dashboard FY2025-26,18,same figure in all later dashboard vintages checked (no restatement)
Wipro,FY2026,employees_by_age,age_gt50,7867,count,"Wipro Ltd group, permanent employees, excl. Capco & other acquisitions",https://www.wipro.com/content/dam/nexus/en/investor/annual-reports/2025-2026/esg-wipro-dashboard-fy25-26.pdf,Wipro ESG Dashboard FY2025-26,18,same figure in all later dashboard vintages checked (no restatement)
Wipro,FY2026,employees_total,permanent_excl_capco,228147,count,"Wipro Ltd group, permanent employees, excl. Capco & other acquisitions",https://www.wipro.com/content/dam/nexus/en/investor/annual-reports/2025-2026/esg-wipro-dashboard-fy25-26.pdf,Wipro ESG Dashboard FY2025-26,18,
Wipro,FY2020,employees_by_age,age_lt30,10125,count,"Wipro group, contractual (other-than-permanent) employees",https://www.wipro.com/content/dam/nexus/en/investor/annual-reports/2021-2022/wipro-esg-dashboard-fy-2021-22.pdf,Wipro ESG Dashboard FY2021-22,9,Employee Count (Contractual) age-wise
Wipro,FY2020,employees_by_age,age_30_50,4046,count,"Wipro group, contractual (other-than-permanent) employees",https://www.wipro.com/content/dam/nexus/en/investor/annual-reports/2021-2022/wipro-esg-dashboard-fy-2021-22.pdf,Wipro ESG Dashboard FY2021-22,9,Employee Count (Contractual) age-wise
Wipro,FY2020,employees_by_age,age_gt50,3409,count,"Wipro group, contractual (other-than-permanent) employees",https://www.wipro.com/content/dam/nexus/en/investor/annual-reports/2021-2022/wipro-esg-dashboard-fy-2021-22.pdf,Wipro ESG Dashboard FY2021-22,9,Employee Count (Contractual) age-wise
Wipro,FY2020,employees_total,contractual,17580,count,"Wipro group, contractual employees",https://www.wipro.com/content/dam/nexus/en/investor/annual-reports/2021-2022/wipro-esg-dashboard-fy-2021-22.pdf,Wipro ESG Dashboard FY2021-22,9,
Wipro,FY2021,employees_by_age,age_lt30,8519,count,"Wipro group, contractual (other-than-permanent) employees",https://www.wipro.com/content/dam/nexus/en/investor/annual-reports/2022-2023/esg-dashboard-fy-2022-23.pdf,Wipro ESG Dashboard FY2022-23,6,Employee Count (Contractual) age-wise
Wipro,FY2021,employees_by_age,age_30_50,4563,count,"Wipro group, contractual (other-than-permanent) employees",https://www.wipro.com/content/dam/nexus/en/investor/annual-reports/2022-2023/esg-dashboard-fy-2022-23.pdf,Wipro ESG Dashboard FY2022-23,6,Employee Count (Contractual) age-wise
Wipro,FY2021,employees_by_age,age_gt50,3419,count,"Wipro group, contractual (other-than-permanent) employees",https://www.wipro.com/content/dam/nexus/en/investor/annual-reports/2022-2023/esg-dashboard-fy-2022-23.pdf,Wipro ESG Dashboard FY2022-23,6,Employee Count (Contractual) age-wise
Wipro,FY2021,employees_total,contractual,16501,count,"Wipro group, contractual employees",https://www.wipro.com/content/dam/nexus/en/investor/annual-reports/2022-2023/esg-dashboard-fy-2022-23.pdf,Wipro ESG Dashboard FY2022-23,6,
Wipro,FY2022,employees_by_age,age_lt30,26656,count,"Wipro group, contractual (other-than-permanent) employees",https://www.wipro.com/content/dam/nexus/en/investor/annual-reports/2022-2023/esg-dashboard-fy-2022-23.pdf,Wipro ESG Dashboard FY2022-23,6,Employee Count (Contractual) age-wise
Wipro,FY2022,employees_by_age,age_30_50,6587,count,"Wipro group, contractual (other-than-permanent) employees",https://www.wipro.com/content/dam/nexus/en/investor/annual-reports/2022-2023/esg-dashboard-fy-2022-23.pdf,Wipro ESG Dashboard FY2022-23,6,Employee Count (Contractual) age-wise
Wipro,FY2022,employees_by_age,age_gt50,3126,count,"Wipro group, contractual (other-than-permanent) employees",https://www.wipro.com/content/dam/nexus/en/investor/annual-reports/2022-2023/esg-dashboard-fy-2022-23.pdf,Wipro ESG Dashboard FY2022-23,6,Employee Count (Contractual) age-wise
Wipro,FY2022,employees_total,contractual,36369,count,"Wipro group, contractual employees",https://www.wipro.com/content/dam/nexus/en/investor/annual-reports/2022-2023/esg-dashboard-fy-2022-23.pdf,Wipro ESG Dashboard FY2022-23,6,
Wipro,FY2023,employees_by_age,age_lt30,5950,count,"Wipro group, contractual (other-than-permanent) employees",https://www.wipro.com/content/dam/nexus/en/investor/annual-reports/2025-2026/esg-wipro-dashboard-fy25-26.pdf,Wipro ESG Dashboard FY2025-26,19,Employee Count (Contractual) age-wise
Wipro,FY2023,employees_by_age,age_30_50,5299,count,"Wipro group, contractual (other-than-permanent) employees",https://www.wipro.com/content/dam/nexus/en/investor/annual-reports/2025-2026/esg-wipro-dashboard-fy25-26.pdf,Wipro ESG Dashboard FY2025-26,19,Employee Count (Contractual) age-wise
Wipro,FY2023,employees_by_age,age_gt50,1983,count,"Wipro group, contractual (other-than-permanent) employees",https://www.wipro.com/content/dam/nexus/en/investor/annual-reports/2025-2026/esg-wipro-dashboard-fy25-26.pdf,Wipro ESG Dashboard FY2025-26,19,Employee Count (Contractual) age-wise
Wipro,FY2023,employees_total,contractual,13232,count,"Wipro group, contractual employees",https://www.wipro.com/content/dam/nexus/en/investor/annual-reports/2025-2026/esg-wipro-dashboard-fy25-26.pdf,Wipro ESG Dashboard FY2025-26,19,
Wipro,FY2024,employees_by_age,age_lt30,4239,count,"Wipro group, contractual (other-than-permanent) employees",https://www.wipro.com/content/dam/nexus/en/investor/annual-reports/2025-2026/esg-wipro-dashboard-fy25-26.pdf,Wipro ESG Dashboard FY2025-26,19,Employee Count (Contractual) age-wise
Wipro,FY2024,employees_by_age,age_30_50,5140,count,"Wipro group, contractual (other-than-permanent) employees",https://www.wipro.com/content/dam/nexus/en/investor/annual-reports/2025-2026/esg-wipro-dashboard-fy25-26.pdf,Wipro ESG Dashboard FY2025-26,19,Employee Count (Contractual) age-wise
Wipro,FY2024,employees_by_age,age_gt50,1170,count,"Wipro group, contractual (other-than-permanent) employees",https://www.wipro.com/content/dam/nexus/en/investor/annual-reports/2025-2026/esg-wipro-dashboard-fy25-26.pdf,Wipro ESG Dashboard FY2025-26,19,Employee Count (Contractual) age-wise
Wipro,FY2024,employees_total,contractual,10549,count,"Wipro group, contractual employees",https://www.wipro.com/content/dam/nexus/en/investor/annual-reports/2025-2026/esg-wipro-dashboard-fy25-26.pdf,Wipro ESG Dashboard FY2025-26,19,
Wipro,FY2025,employees_by_age,age_lt30,3925,count,"Wipro group, contractual (other-than-permanent) employees",https://www.wipro.com/content/dam/nexus/en/investor/annual-reports/2025-2026/esg-wipro-dashboard-fy25-26.pdf,Wipro ESG Dashboard FY2025-26,19,Employee Count (Contractual) age-wise
Wipro,FY2025,employees_by_age,age_30_50,5595,count,"Wipro group, contractual (other-than-permanent) employees",https://www.wipro.com/content/dam/nexus/en/investor/annual-reports/2025-2026/esg-wipro-dashboard-fy25-26.pdf,Wipro ESG Dashboard FY2025-26,19,Employee Count (Contractual) age-wise
Wipro,FY2025,employees_by_age,age_gt50,589,count,"Wipro group, contractual (other-than-permanent) employees",https://www.wipro.com/content/dam/nexus/en/investor/annual-reports/2025-2026/esg-wipro-dashboard-fy25-26.pdf,Wipro ESG Dashboard FY2025-26,19,Employee Count (Contractual) age-wise
Wipro,FY2025,employees_total,contractual,10109,count,"Wipro group, contractual employees",https://www.wipro.com/content/dam/nexus/en/investor/annual-reports/2025-2026/esg-wipro-dashboard-fy25-26.pdf,Wipro ESG Dashboard FY2025-26,19,
Wipro,FY2026,employees_by_age,age_lt30,3733,count,"Wipro group, contractual (other-than-permanent) employees",https://www.wipro.com/content/dam/nexus/en/investor/annual-reports/2025-2026/esg-wipro-dashboard-fy25-26.pdf,Wipro ESG Dashboard FY2025-26,19,Employee Count (Contractual) age-wise
Wipro,FY2026,employees_by_age,age_30_50,5284,count,"Wipro group, contractual (other-than-permanent) employees",https://www.wipro.com/content/dam/nexus/en/investor/annual-reports/2025-2026/esg-wipro-dashboard-fy25-26.pdf,Wipro ESG Dashboard FY2025-26,19,Employee Count (Contractual) age-wise
Wipro,FY2026,employees_by_age,age_gt50,897,count,"Wipro group, contractual (other-than-permanent) employees",https://www.wipro.com/content/dam/nexus/en/investor/annual-reports/2025-2026/esg-wipro-dashboard-fy25-26.pdf,Wipro ESG Dashboard FY2025-26,19,Employee Count (Contractual) age-wise
Wipro,FY2026,employees_total,contractual,9914,count,"Wipro group, contractual employees",https://www.wipro.com/content/dam/nexus/en/investor/annual-reports/2025-2026/esg-wipro-dashboard-fy25-26.pdf,Wipro ESG Dashboard FY2025-26,19,
Wipro,FY2022,employees_by_age,age_lt30,1810,count,Capco only (acquired Apr-2021),https://www.wipro.com/content/dam/nexus/en/investor/annual-reports/2021-2022/wipro-esg-dashboard-fy-2021-22.pdf,Wipro ESG Dashboard FY2021-22,16,"age not captured for some; age-known total 6,145 of 7,249"
Wipro,FY2022,employees_by_age,age_30_50,3782,count,Capco only (acquired Apr-2021),https://www.wipro.com/content/dam/nexus/en/investor/annual-reports/2021-2022/wipro-esg-dashboard-fy-2021-22.pdf,Wipro ESG Dashboard FY2021-22,16,"age not captured for some; age-known total 6,145 of 7,249"
Wipro,FY2022,employees_by_age,age_gt50,553,count,Capco only (acquired Apr-2021),https://www.wipro.com/content/dam/nexus/en/investor/annual-reports/2021-2022/wipro-esg-dashboard-fy-2021-22.pdf,Wipro ESG Dashboard FY2021-22,16,"age not captured for some; age-known total 6,145 of 7,249"
Wipro,FY2022,employees_total,capco,7249,count,Capco only,https://www.wipro.com/content/dam/nexus/en/investor/annual-reports/2021-2022/wipro-esg-dashboard-fy-2021-22.pdf,Wipro ESG Dashboard FY2021-22,16,
Wipro,FY2019,new_hires_by_age,age_lt30,43478,count,"Wipro Ltd group, permanent employees, excl. Capco & other acquisitions",https://www.wipro.com/content/dam/nexus/en/investor/annual-reports/2020-2021/wipro-esg-dashboard-fy-2020-21.pdf,Wipro ESG Dashboard FY2020-21,9,GRI 401-1 new hires age-wise; FY26 dashboard dropped this table
Wipro,FY2019,new_hires_by_age,age_30_50,19906,count,"Wipro Ltd group, permanent employees, excl. Capco & other acquisitions",https://www.wipro.com/content/dam/nexus/en/investor/annual-reports/2020-2021/wipro-esg-dashboard-fy-2020-21.pdf,Wipro ESG Dashboard FY2020-21,9,GRI 401-1 new hires age-wise; FY26 dashboard dropped this table
Wipro,FY2019,new_hires_by_age,age_gt50,1903,count,"Wipro Ltd group, permanent employees, excl. Capco & other acquisitions",https://www.wipro.com/content/dam/nexus/en/investor/annual-reports/2020-2021/wipro-esg-dashboard-fy-2020-21.pdf,Wipro ESG Dashboard FY2020-21,9,GRI 401-1 new hires age-wise; FY26 dashboard dropped this table
Wipro,FY2019,new_hires_total,total,65323,count,"Wipro Ltd group, permanent employees, excl. Capco & other acquisitions",https://www.wipro.com/content/dam/nexus/en/investor/annual-reports/2020-2021/wipro-esg-dashboard-fy-2020-21.pdf,Wipro ESG Dashboard FY2020-21,9,"age rows sum to 65,287, 36 short of region/gender total"
Wipro,FY2020,new_hires_by_age,age_lt30,46518,count,"Wipro Ltd group, permanent employees, excl. Capco & other acquisitions",https://www.wipro.com/content/dam/nexus/en/investor/annual-reports/2021-2022/wipro-esg-dashboard-fy-2021-22.pdf,Wipro ESG Dashboard FY2021-22,10,GRI 401-1 new hires age-wise; FY26 dashboard dropped this table
Wipro,FY2020,new_hires_by_age,age_30_50,19070,count,"Wipro Ltd group, permanent employees, excl. Capco & other acquisitions",https://www.wipro.com/content/dam/nexus/en/investor/annual-reports/2021-2022/wipro-esg-dashboard-fy-2021-22.pdf,Wipro ESG Dashboard FY2021-22,10,GRI 401-1 new hires age-wise; FY26 dashboard dropped this table
Wipro,FY2020,new_hires_by_age,age_gt50,2559,count,"Wipro Ltd group, permanent employees, excl. Capco & other acquisitions",https://www.wipro.com/content/dam/nexus/en/investor/annual-reports/2021-2022/wipro-esg-dashboard-fy-2021-22.pdf,Wipro ESG Dashboard FY2021-22,10,GRI 401-1 new hires age-wise; FY26 dashboard dropped this table
Wipro,FY2020,new_hires_total,total,68147,count,"Wipro Ltd group, permanent employees, excl. Capco & other acquisitions",https://www.wipro.com/content/dam/nexus/en/investor/annual-reports/2021-2022/wipro-esg-dashboard-fy-2021-22.pdf,Wipro ESG Dashboard FY2021-22,10,
Wipro,FY2021,new_hires_by_age,age_lt30,34343,count,"Wipro Ltd group, permanent employees, excl. Capco & other acquisitions",https://www.wipro.com/content/dam/nexus/en/investor/annual-reports/2022-2023/esg-dashboard-fy-2022-23.pdf,Wipro ESG Dashboard FY2022-23,7,GRI 401-1 new hires age-wise; FY26 dashboard dropped this table
Wipro,FY2021,new_hires_by_age,age_30_50,16436,count,"Wipro Ltd group, permanent employees, excl. Capco & other acquisitions",https://www.wipro.com/content/dam/nexus/en/investor/annual-reports/2022-2023/esg-dashboard-fy-2022-23.pdf,Wipro ESG Dashboard FY2022-23,7,GRI 401-1 new hires age-wise; FY26 dashboard dropped this table
Wipro,FY2021,new_hires_by_age,age_gt50,3134,count,"Wipro Ltd group, permanent employees, excl. Capco & other acquisitions",https://www.wipro.com/content/dam/nexus/en/investor/annual-reports/2022-2023/esg-dashboard-fy-2022-23.pdf,Wipro ESG Dashboard FY2022-23,7,GRI 401-1 new hires age-wise; FY26 dashboard dropped this table
Wipro,FY2021,new_hires_total,total,53913,count,"Wipro Ltd group, permanent employees, excl. Capco & other acquisitions",https://www.wipro.com/content/dam/nexus/en/investor/annual-reports/2022-2023/esg-dashboard-fy-2022-23.pdf,Wipro ESG Dashboard FY2022-23,7,
Wipro,FY2022,new_hires_by_age,age_lt30,77028,count,"Wipro Ltd group, permanent employees, excl. Capco & other acquisitions",https://www.wipro.com/content/dam/nexus/en/investor/annual-reports/2023-2024/wipro-esg-dashboard-fy23-24.pdf,Wipro ESG Dashboard FY2023-24,13,GRI 401-1 new hires age-wise; FY26 dashboard dropped this table
Wipro,FY2022,new_hires_by_age,age_30_50,41000,count,"Wipro Ltd group, permanent employees, excl. Capco & other acquisitions",https://www.wipro.com/content/dam/nexus/en/investor/annual-reports/2023-2024/wipro-esg-dashboard-fy23-24.pdf,Wipro ESG Dashboard FY2023-24,13,GRI 401-1 new hires age-wise; FY26 dashboard dropped this table
Wipro,FY2022,new_hires_by_age,age_gt50,3290,count,"Wipro Ltd group, permanent employees, excl. Capco & other acquisitions",https://www.wipro.com/content/dam/nexus/en/investor/annual-reports/2023-2024/wipro-esg-dashboard-fy23-24.pdf,Wipro ESG Dashboard FY2023-24,13,GRI 401-1 new hires age-wise; FY26 dashboard dropped this table
Wipro,FY2022,new_hires_total,total,121318,count,"Wipro Ltd group, permanent employees, excl. Capco & other acquisitions",https://www.wipro.com/content/dam/nexus/en/investor/annual-reports/2023-2024/wipro-esg-dashboard-fy23-24.pdf,Wipro ESG Dashboard FY2023-24,13,
Wipro,FY2023,new_hires_by_age,age_lt30,66395,count,"Wipro Ltd group, permanent employees, excl. Capco & other acquisitions",https://www.wipro.com/content/dam/nexus/en/investor/annual-reports/2024-2025/esg-wipro-dashboard-fy24-25.pdf,Wipro ESG Dashboard FY2024-25,20,GRI 401-1 new hires age-wise; FY26 dashboard dropped this table
Wipro,FY2023,new_hires_by_age,age_30_50,29126,count,"Wipro Ltd group, permanent employees, excl. Capco & other acquisitions",https://www.wipro.com/content/dam/nexus/en/investor/annual-reports/2024-2025/esg-wipro-dashboard-fy24-25.pdf,Wipro ESG Dashboard FY2024-25,20,GRI 401-1 new hires age-wise; FY26 dashboard dropped this table
Wipro,FY2023,new_hires_by_age,age_gt50,1896,count,"Wipro Ltd group, permanent employees, excl. Capco & other acquisitions",https://www.wipro.com/content/dam/nexus/en/investor/annual-reports/2024-2025/esg-wipro-dashboard-fy24-25.pdf,Wipro ESG Dashboard FY2024-25,20,GRI 401-1 new hires age-wise; FY26 dashboard dropped this table
Wipro,FY2023,new_hires_total,total,97417,count,"Wipro Ltd group, permanent employees, excl. Capco & other acquisitions",https://www.wipro.com/content/dam/nexus/en/investor/annual-reports/2024-2025/esg-wipro-dashboard-fy24-25.pdf,Wipro ESG Dashboard FY2024-25,20,
Wipro,FY2024,new_hires_by_age,age_lt30,27711,count,"Wipro Ltd group, permanent employees, excl. Capco & other acquisitions",https://www.wipro.com/content/dam/nexus/en/investor/annual-reports/2024-2025/esg-wipro-dashboard-fy24-25.pdf,Wipro ESG Dashboard FY2024-25,20,GRI 401-1 new hires age-wise; FY26 dashboard dropped this table
Wipro,FY2024,new_hires_by_age,age_30_50,11540,count,"Wipro Ltd group, permanent employees, excl. Capco & other acquisitions",https://www.wipro.com/content/dam/nexus/en/investor/annual-reports/2024-2025/esg-wipro-dashboard-fy24-25.pdf,Wipro ESG Dashboard FY2024-25,20,GRI 401-1 new hires age-wise; FY26 dashboard dropped this table
Wipro,FY2024,new_hires_by_age,age_gt50,931,count,"Wipro Ltd group, permanent employees, excl. Capco & other acquisitions",https://www.wipro.com/content/dam/nexus/en/investor/annual-reports/2024-2025/esg-wipro-dashboard-fy24-25.pdf,Wipro ESG Dashboard FY2024-25,20,GRI 401-1 new hires age-wise; FY26 dashboard dropped this table
Wipro,FY2024,new_hires_total,total,40182,count,"Wipro Ltd group, permanent employees, excl. Capco & other acquisitions",https://www.wipro.com/content/dam/nexus/en/investor/annual-reports/2024-2025/esg-wipro-dashboard-fy24-25.pdf,Wipro ESG Dashboard FY2024-25,20,
Wipro,FY2025,new_hires_by_age,age_lt30,41881,count,"Wipro Ltd group, permanent employees, excl. Capco & other acquisitions",https://www.wipro.com/content/dam/nexus/en/investor/annual-reports/2024-2025/esg-wipro-dashboard-fy24-25.pdf,Wipro ESG Dashboard FY2024-25,20,GRI 401-1 new hires age-wise; FY26 dashboard dropped this table
Wipro,FY2025,new_hires_by_age,age_30_50,17262,count,"Wipro Ltd group, permanent employees, excl. Capco & other acquisitions",https://www.wipro.com/content/dam/nexus/en/investor/annual-reports/2024-2025/esg-wipro-dashboard-fy24-25.pdf,Wipro ESG Dashboard FY2024-25,20,GRI 401-1 new hires age-wise; FY26 dashboard dropped this table
Wipro,FY2025,new_hires_by_age,age_gt50,1029,count,"Wipro Ltd group, permanent employees, excl. Capco & other acquisitions",https://www.wipro.com/content/dam/nexus/en/investor/annual-reports/2024-2025/esg-wipro-dashboard-fy24-25.pdf,Wipro ESG Dashboard FY2024-25,20,GRI 401-1 new hires age-wise; FY26 dashboard dropped this table
Wipro,FY2025,new_hires_total,total,60172,count,"Wipro Ltd group, permanent employees, excl. Capco & other acquisitions",https://www.wipro.com/content/dam/nexus/en/investor/annual-reports/2024-2025/esg-wipro-dashboard-fy24-25.pdf,Wipro ESG Dashboard FY2024-25,20,
Wipro,FY2022,new_hires_by_age,age_lt30,1517,count,Capco only,https://www.wipro.com/content/dam/nexus/en/investor/annual-reports/2021-2022/wipro-esg-dashboard-fy-2021-22.pdf,Wipro ESG Dashboard FY2021-22,17,
Wipro,FY2022,new_hires_by_age,age_30_50,2798,count,Capco only,https://www.wipro.com/content/dam/nexus/en/investor/annual-reports/2021-2022/wipro-esg-dashboard-fy-2021-22.pdf,Wipro ESG Dashboard FY2021-22,17,
Wipro,FY2022,new_hires_by_age,age_gt50,274,count,Capco only,https://www.wipro.com/content/dam/nexus/en/investor/annual-reports/2021-2022/wipro-esg-dashboard-fy-2021-22.pdf,Wipro ESG Dashboard FY2021-22,17,
Wipro,FY2022,new_hires_total,total,4589,count,Capco only,https://www.wipro.com/content/dam/nexus/en/investor/annual-reports/2021-2022/wipro-esg-dashboard-fy-2021-22.pdf,Wipro ESG Dashboard FY2021-22,17,
Wipro,FY2019,turnover_rate_by_age,age_lt30,17.6,pct,"Wipro Ltd group, permanent employees, excl. Capco & other acquisitions",https://www.wipro.com/content/dam/nexus/en/investor/annual-reports/2020-2021/wipro-esg-dashboard-fy-2020-21.pdf,Wipro ESG Dashboard FY2020-21,17,voluntary attrition %; read from bar-chart data labels (FY19/FY20/FY21 series); FY20/FY21 values match FY22 table
Wipro,FY2019,turnover_rate_by_age,age_30_50,15.9,pct,"Wipro Ltd group, permanent employees, excl. Capco & other acquisitions",https://www.wipro.com/content/dam/nexus/en/investor/annual-reports/2020-2021/wipro-esg-dashboard-fy-2020-21.pdf,Wipro ESG Dashboard FY2020-21,17,voluntary attrition %; read from bar-chart data labels (FY19/FY20/FY21 series); FY20/FY21 values match FY22 table
Wipro,FY2019,turnover_rate_by_age,age_gt50,12.0,pct,"Wipro Ltd group, permanent employees, excl. Capco & other acquisitions",https://www.wipro.com/content/dam/nexus/en/investor/annual-reports/2020-2021/wipro-esg-dashboard-fy-2020-21.pdf,Wipro ESG Dashboard FY2020-21,17,voluntary attrition %; read from bar-chart data labels (FY19/FY20/FY21 series); FY20/FY21 values match FY22 table
Wipro,FY2020,turnover_rate_by_age,age_lt30,13.4,pct,"Wipro Ltd group, permanent employees, excl. Capco & other acquisitions",https://www.wipro.com/content/dam/nexus/en/investor/annual-reports/2021-2022/wipro-esg-dashboard-fy-2021-22.pdf,Wipro ESG Dashboard FY2021-22,11,voluntary attrition %
Wipro,FY2020,turnover_rate_by_age,age_30_50,12.1,pct,"Wipro Ltd group, permanent employees, excl. Capco & other acquisitions",https://www.wipro.com/content/dam/nexus/en/investor/annual-reports/2021-2022/wipro-esg-dashboard-fy-2021-22.pdf,Wipro ESG Dashboard FY2021-22,11,voluntary attrition %
Wipro,FY2020,turnover_rate_by_age,age_gt50,9.9,pct,"Wipro Ltd group, permanent employees, excl. Capco & other acquisitions",https://www.wipro.com/content/dam/nexus/en/investor/annual-reports/2021-2022/wipro-esg-dashboard-fy-2021-22.pdf,Wipro ESG Dashboard FY2021-22,11,voluntary attrition %
Wipro,FY2021,turnover_rate_by_age,age_lt30,13.0,pct,"Wipro Ltd group, permanent employees, excl. Capco & other acquisitions",https://www.wipro.com/content/dam/nexus/en/investor/annual-reports/2022-2023/esg-dashboard-fy-2022-23.pdf,Wipro ESG Dashboard FY2022-23,7,voluntary attrition %
Wipro,FY2021,turnover_rate_by_age,age_30_50,11.6,pct,"Wipro Ltd group, permanent employees, excl. Capco & other acquisitions",https://www.wipro.com/content/dam/nexus/en/investor/annual-reports/2022-2023/esg-dashboard-fy-2022-23.pdf,Wipro ESG Dashboard FY2022-23,7,voluntary attrition %
Wipro,FY2021,turnover_rate_by_age,age_gt50,8.2,pct,"Wipro Ltd group, permanent employees, excl. Capco & other acquisitions",https://www.wipro.com/content/dam/nexus/en/investor/annual-reports/2022-2023/esg-dashboard-fy-2022-23.pdf,Wipro ESG Dashboard FY2022-23,7,voluntary attrition %
Wipro,FY2022,turnover_rate_by_age,age_lt30,23.8,pct,"Wipro Ltd group, permanent employees, excl. Capco & other acquisitions",https://www.wipro.com/content/dam/nexus/en/investor/annual-reports/2023-2024/wipro-esg-dashboard-fy23-24.pdf,Wipro ESG Dashboard FY2023-24,13,voluntary attrition %
Wipro,FY2022,turnover_rate_by_age,age_30_50,22.8,pct,"Wipro Ltd group, permanent employees, excl. Capco & other acquisitions",https://www.wipro.com/content/dam/nexus/en/investor/annual-reports/2023-2024/wipro-esg-dashboard-fy23-24.pdf,Wipro ESG Dashboard FY2023-24,13,voluntary attrition %
Wipro,FY2022,turnover_rate_by_age,age_gt50,14.4,pct,"Wipro Ltd group, permanent employees, excl. Capco & other acquisitions",https://www.wipro.com/content/dam/nexus/en/investor/annual-reports/2023-2024/wipro-esg-dashboard-fy23-24.pdf,Wipro ESG Dashboard FY2023-24,13,voluntary attrition %
Wipro,FY2023,turnover_rate_by_age,age_lt30,20.3,pct,"Wipro Ltd group, permanent employees, excl. Capco & other acquisitions",https://www.wipro.com/content/dam/nexus/en/investor/annual-reports/2024-2025/esg-wipro-dashboard-fy24-25.pdf,Wipro ESG Dashboard FY2024-25,21,voluntary attrition %
Wipro,FY2023,turnover_rate_by_age,age_30_50,21.1,pct,"Wipro Ltd group, permanent employees, excl. Capco & other acquisitions",https://www.wipro.com/content/dam/nexus/en/investor/annual-reports/2024-2025/esg-wipro-dashboard-fy24-25.pdf,Wipro ESG Dashboard FY2024-25,21,voluntary attrition %
Wipro,FY2023,turnover_rate_by_age,age_gt50,13.5,pct,"Wipro Ltd group, permanent employees, excl. Capco & other acquisitions",https://www.wipro.com/content/dam/nexus/en/investor/annual-reports/2024-2025/esg-wipro-dashboard-fy24-25.pdf,Wipro ESG Dashboard FY2024-25,21,voluntary attrition %
Wipro,FY2024,turnover_rate_by_age,age_lt30,14.4,pct,"Wipro Ltd group, permanent employees, excl. Capco & other acquisitions",https://www.wipro.com/content/dam/nexus/en/investor/annual-reports/2024-2025/esg-wipro-dashboard-fy24-25.pdf,Wipro ESG Dashboard FY2024-25,21,voluntary attrition %
Wipro,FY2024,turnover_rate_by_age,age_30_50,14.0,pct,"Wipro Ltd group, permanent employees, excl. Capco & other acquisitions",https://www.wipro.com/content/dam/nexus/en/investor/annual-reports/2024-2025/esg-wipro-dashboard-fy24-25.pdf,Wipro ESG Dashboard FY2024-25,21,voluntary attrition %
Wipro,FY2024,turnover_rate_by_age,age_gt50,9.8,pct,"Wipro Ltd group, permanent employees, excl. Capco & other acquisitions",https://www.wipro.com/content/dam/nexus/en/investor/annual-reports/2024-2025/esg-wipro-dashboard-fy24-25.pdf,Wipro ESG Dashboard FY2024-25,21,voluntary attrition %
Wipro,FY2025,turnover_rate_by_age,age_lt30,14.4,pct,"Wipro Ltd group, permanent employees, excl. Capco & other acquisitions",https://www.wipro.com/content/dam/nexus/en/investor/annual-reports/2024-2025/esg-wipro-dashboard-fy24-25.pdf,Wipro ESG Dashboard FY2024-25,21,voluntary attrition %; FY26 dashboard dropped attrition-by-age table
Wipro,FY2025,turnover_rate_by_age,age_30_50,15.7,pct,"Wipro Ltd group, permanent employees, excl. Capco & other acquisitions",https://www.wipro.com/content/dam/nexus/en/investor/annual-reports/2024-2025/esg-wipro-dashboard-fy24-25.pdf,Wipro ESG Dashboard FY2024-25,21,voluntary attrition %; FY26 dashboard dropped attrition-by-age table
Wipro,FY2025,turnover_rate_by_age,age_gt50,8.3,pct,"Wipro Ltd group, permanent employees, excl. Capco & other acquisitions",https://www.wipro.com/content/dam/nexus/en/investor/annual-reports/2024-2025/esg-wipro-dashboard-fy24-25.pdf,Wipro ESG Dashboard FY2024-25,21,voluntary attrition %; FY26 dashboard dropped attrition-by-age table
Wipro,FY2022,turnover_rate_by_age,age_lt30,50.2,pct,Capco only,https://www.wipro.com/content/dam/nexus/en/investor/annual-reports/2021-2022/wipro-esg-dashboard-fy-2021-22.pdf,Wipro ESG Dashboard FY2021-22,17,voluntary attrition %
Wipro,FY2022,turnover_rate_by_age,age_30_50,27.0,pct,Capco only,https://www.wipro.com/content/dam/nexus/en/investor/annual-reports/2021-2022/wipro-esg-dashboard-fy-2021-22.pdf,Wipro ESG Dashboard FY2021-22,17,voluntary attrition %
Wipro,FY2022,turnover_rate_by_age,age_gt50,13.9,pct,Capco only,https://www.wipro.com/content/dam/nexus/en/investor/annual-reports/2021-2022/wipro-esg-dashboard-fy-2021-22.pdf,Wipro ESG Dashboard FY2021-22,17,voluntary attrition %
Wipro,FY2019,turnover_total,female,15.2,pct,"Wipro Ltd group, permanent employees, excl. Capco & other acquisitions",https://www.wipro.com/content/dam/nexus/en/investor/annual-reports/2020-2021/wipro-esg-dashboard-fy-2020-21.pdf,Wipro ESG Dashboard FY2020-21,17,ESG dashboard voluntary attrition by gender
Wipro,FY2019,turnover_total,male,17.3,pct,"Wipro Ltd group, permanent employees, excl. Capco & other acquisitions",https://www.wipro.com/content/dam/nexus/en/investor/annual-reports/2020-2021/wipro-esg-dashboard-fy-2020-21.pdf,Wipro ESG Dashboard FY2020-21,17,ESG dashboard voluntary attrition by gender
Wipro,FY2020,turnover_total,female,11.9,pct,"Wipro Ltd group, permanent employees, excl. Capco & other acquisitions",https://www.wipro.com/content/dam/nexus/en/investor/annual-reports/2021-2022/wipro-esg-dashboard-fy-2021-22.pdf,Wipro ESG Dashboard FY2021-22,11,ESG dashboard voluntary attrition by gender
Wipro,FY2020,turnover_total,male,13.0,pct,"Wipro Ltd group, permanent employees, excl. Capco & other acquisitions",https://www.wipro.com/content/dam/nexus/en/investor/annual-reports/2021-2022/wipro-esg-dashboard-fy-2021-22.pdf,Wipro ESG Dashboard FY2021-22,11,ESG dashboard voluntary attrition by gender
Wipro,FY2021,turnover_total,female,11.2,pct,"Wipro Ltd group, permanent employees, excl. Capco & other acquisitions",https://www.wipro.com/content/dam/nexus/en/investor/annual-reports/2022-2023/esg-dashboard-fy-2022-23.pdf,Wipro ESG Dashboard FY2022-23,7,ESG dashboard voluntary attrition by gender
Wipro,FY2021,turnover_total,male,12.5,pct,"Wipro Ltd group, permanent employees, excl. Capco & other acquisitions",https://www.wipro.com/content/dam/nexus/en/investor/annual-reports/2022-2023/esg-dashboard-fy-2022-23.pdf,Wipro ESG Dashboard FY2022-23,7,ESG dashboard voluntary attrition by gender
Wipro,FY2022,turnover_total,female,21.5,pct,"Wipro Ltd group, permanent employees, excl. Capco & other acquisitions",https://www.wipro.com/content/dam/nexus/en/investor/annual-reports/2022-2023/esg-dashboard-fy-2022-23.pdf,Wipro ESG Dashboard FY2022-23,7,ESG dashboard voluntary attrition by gender
Wipro,FY2022,turnover_total,male,23.9,pct,"Wipro Ltd group, permanent employees, excl. Capco & other acquisitions",https://www.wipro.com/content/dam/nexus/en/investor/annual-reports/2022-2023/esg-dashboard-fy-2022-23.pdf,Wipro ESG Dashboard FY2022-23,7,ESG dashboard voluntary attrition by gender
Wipro,FY2023,turnover_total,female,20.2,pct,"Wipro Ltd group, permanent employees, excl. Capco & other acquisitions",https://www.wipro.com/content/dam/nexus/en/investor/annual-reports/2024-2025/esg-wipro-dashboard-fy24-25.pdf,Wipro ESG Dashboard FY2024-25,21,ESG dashboard voluntary attrition by gender
Wipro,FY2023,turnover_total,male,20.5,pct,"Wipro Ltd group, permanent employees, excl. Capco & other acquisitions",https://www.wipro.com/content/dam/nexus/en/investor/annual-reports/2024-2025/esg-wipro-dashboard-fy24-25.pdf,Wipro ESG Dashboard FY2024-25,21,ESG dashboard voluntary attrition by gender
Wipro,FY2024,turnover_total,female,12.8,pct,"Wipro Ltd group, permanent employees, excl. Capco & other acquisitions",https://www.wipro.com/content/dam/nexus/en/investor/annual-reports/2024-2025/esg-wipro-dashboard-fy24-25.pdf,Wipro ESG Dashboard FY2024-25,21,ESG dashboard voluntary attrition by gender
Wipro,FY2024,turnover_total,male,14.5,pct,"Wipro Ltd group, permanent employees, excl. Capco & other acquisitions",https://www.wipro.com/content/dam/nexus/en/investor/annual-reports/2024-2025/esg-wipro-dashboard-fy24-25.pdf,Wipro ESG Dashboard FY2024-25,21,ESG dashboard voluntary attrition by gender
Wipro,FY2025,turnover_total,female,13.5,pct,"Wipro Ltd group, permanent employees, excl. Capco & other acquisitions",https://www.wipro.com/content/dam/nexus/en/investor/annual-reports/2024-2025/esg-wipro-dashboard-fy24-25.pdf,Wipro ESG Dashboard FY2024-25,21,ESG dashboard voluntary attrition by gender
Wipro,FY2025,turnover_total,male,15.4,pct,"Wipro Ltd group, permanent employees, excl. Capco & other acquisitions",https://www.wipro.com/content/dam/nexus/en/investor/annual-reports/2024-2025/esg-wipro-dashboard-fy24-25.pdf,Wipro ESG Dashboard FY2024-25,21,ESG dashboard voluntary attrition by gender
Wipro,FY2021,turnover_total,total,12,pct,Wipro Ltd IT services (BRSR),https://www.wipro.com/content/dam/nexus/en/investor/annual-reports/2022-2023/integrated-annual-report-2022-23.pdf,Wipro Integrated Annual Report 2022-23 (BRSR),412,BRSR turnover = voluntary attrition of IT Services; excludes acquired businesses
Wipro,FY2022,turnover_total,total,22.9,pct,Wipro Ltd IT services (BRSR),https://www.wipro.com/content/dam/nexus/en/investor/annual-reports/2022-2023/integrated-annual-report-2022-23.pdf,Wipro Integrated Annual Report 2022-23 (BRSR),412,BRSR turnover = voluntary attrition of IT Services; excludes acquired businesses; RESTATED to 23.71 in FY24 BRSR
Wipro,FY2022,turnover_total,total,23.71,pct,Wipro Ltd IT services (BRSR),https://www.wipro.com/content/dam/nexus/en/investor/annual-reports/2023-2024/integrated-annual-report-2023-24.pdf,Wipro Integrated Annual Report 2023-24 (BRSR),434,BRSR turnover = voluntary attrition of IT Services; excludes acquired businesses; restatement of 22.9 in FY23 BRSR
Wipro,FY2023,turnover_total,total,20.4,pct,Wipro Ltd IT services (BRSR),https://www.wipro.com/content/dam/nexus/en/investor/annual-reports/2022-2023/integrated-annual-report-2022-23.pdf,Wipro Integrated Annual Report 2022-23 (BRSR),412,BRSR turnover = voluntary attrition of IT Services; excludes acquired businesses; RESTATED to 19.21 in FY24/FY25 BRSR
Wipro,FY2023,turnover_total,total,19.21,pct,Wipro Ltd IT services (BRSR),https://www.wipro.com/content/dam/nexus/en/investor/annual-reports/2023-2024/integrated-annual-report-2023-24.pdf,Wipro Integrated Annual Report 2023-24 (BRSR),434,"BRSR turnover = voluntary attrition of IT Services; excludes acquired businesses; restatement of 20.4 in FY23 BRSR (M 19.97, F 17.63)"
Wipro,FY2024,turnover_total,total,13.95,pct,Wipro Ltd IT services (BRSR),https://www.wipro.com/content/dam/nexus/en/investor/annual-reports/2025-2026/Integrated-annual-report-2025-26.pdf,Wipro Integrated Annual Report 2025-26 (BRSR),491,BRSR turnover = voluntary attrition of IT Services; excludes acquired businesses
Wipro,FY2024,turnover_total,male,14.5,pct,Wipro Ltd IT services (BRSR),https://www.wipro.com/content/dam/nexus/en/investor/annual-reports/2025-2026/Integrated-annual-report-2025-26.pdf,Wipro Integrated Annual Report 2025-26 (BRSR),491,BRSR turnover = voluntary attrition of IT Services; excludes acquired businesses
Wipro,FY2024,turnover_total,female,12.83,pct,Wipro Ltd IT services (BRSR),https://www.wipro.com/content/dam/nexus/en/investor/annual-reports/2025-2026/Integrated-annual-report-2025-26.pdf,Wipro Integrated Annual Report 2025-26 (BRSR),491,BRSR turnover = voluntary attrition of IT Services; excludes acquired businesses
Wipro,FY2025,turnover_total,total,14.81,pct,Wipro Ltd IT services (BRSR),https://www.wipro.com/content/dam/nexus/en/investor/annual-reports/2025-2026/Integrated-annual-report-2025-26.pdf,Wipro Integrated Annual Report 2025-26 (BRSR),491,BRSR turnover = voluntary attrition of IT Services; excludes acquired businesses
Wipro,FY2025,turnover_total,male,15.43,pct,Wipro Ltd IT services (BRSR),https://www.wipro.com/content/dam/nexus/en/investor/annual-reports/2025-2026/Integrated-annual-report-2025-26.pdf,Wipro Integrated Annual Report 2025-26 (BRSR),491,BRSR turnover = voluntary attrition of IT Services; excludes acquired businesses
Wipro,FY2025,turnover_total,female,13.52,pct,Wipro Ltd IT services (BRSR),https://www.wipro.com/content/dam/nexus/en/investor/annual-reports/2025-2026/Integrated-annual-report-2025-26.pdf,Wipro Integrated Annual Report 2025-26 (BRSR),491,BRSR turnover = voluntary attrition of IT Services; excludes acquired businesses
Wipro,FY2026,turnover_total,total,14.09,pct,Wipro Ltd IT services (BRSR),https://www.wipro.com/content/dam/nexus/en/investor/annual-reports/2025-2026/Integrated-annual-report-2025-26.pdf,Wipro Integrated Annual Report 2025-26 (BRSR),491,BRSR turnover = voluntary attrition of IT Services; excludes acquired businesses
Wipro,FY2026,turnover_total,male,14.36,pct,Wipro Ltd IT services (BRSR),https://www.wipro.com/content/dam/nexus/en/investor/annual-reports/2025-2026/Integrated-annual-report-2025-26.pdf,Wipro Integrated Annual Report 2025-26 (BRSR),491,BRSR turnover = voluntary attrition of IT Services; excludes acquired businesses
Wipro,FY2026,turnover_total,female,13.54,pct,Wipro Ltd IT services (BRSR),https://www.wipro.com/content/dam/nexus/en/investor/annual-reports/2025-2026/Integrated-annual-report-2025-26.pdf,Wipro Integrated Annual Report 2025-26 (BRSR),491,BRSR turnover = voluntary attrition of IT Services; excludes acquired businesses
Wipro,FY2023,employees_total,permanent_brsr,249095,count,"Wipro group BRSR, excl. acquisitions",https://www.wipro.com/content/dam/nexus/en/investor/annual-reports/2022-2023/integrated-annual-report-2022-23.pdf,Wipro Integrated Annual Report 2022-23 (BRSR),411,
Wipro,FY2023,employees_total,total_incl_nonpermanent_brsr,262325,count,"Wipro group BRSR, excl. acquisitions",https://www.wipro.com/content/dam/nexus/en/investor/annual-reports/2022-2023/integrated-annual-report-2022-23.pdf,Wipro Integrated Annual Report 2022-23 (BRSR),411,
Wipro,FY2024,employees_total,permanent_brsr,225381,count,"Wipro group BRSR, excl. acquisitions",https://www.wipro.com/content/dam/nexus/en/investor/annual-reports/2023-2024/integrated-annual-report-2023-24.pdf,Wipro Integrated Annual Report 2023-24 (BRSR),434,
Wipro,FY2024,employees_total,total_incl_nonpermanent_brsr,235930,count,"Wipro group BRSR, excl. acquisitions",https://www.wipro.com/content/dam/nexus/en/investor/annual-reports/2023-2024/integrated-annual-report-2023-24.pdf,Wipro Integrated Annual Report 2023-24 (BRSR),434,
Wipro,FY2025,employees_total,permanent_brsr,225306,count,"Wipro group BRSR, excl. acquisitions",https://www.wipro.com/content/dam/nexus/en/investor/annual-reports/2024-2025/Integrated-Annual-report-2024-2025.pdf,Wipro Integrated Annual Report 2024-25 (BRSR),468,
Wipro,FY2025,employees_total,total_incl_nonpermanent_brsr,235415,count,"Wipro group BRSR, excl. acquisitions",https://www.wipro.com/content/dam/nexus/en/investor/annual-reports/2024-2025/Integrated-Annual-report-2024-2025.pdf,Wipro Integrated Annual Report 2024-25 (BRSR),468,
Wipro,FY2026,employees_total,permanent_brsr,236322,count,"Wipro group BRSR, INCLUDES Capco (dashboard excl. Capco = 228,147)",https://www.wipro.com/content/dam/nexus/en/investor/annual-reports/2025-2026/Integrated-annual-report-2025-26.pdf,Wipro Integrated Annual Report 2025-26 (BRSR),491,
Wipro,FY2026,employees_total,total_incl_nonpermanent_brsr,246990,count,"Wipro group BRSR, INCLUDES Capco (dashboard excl. Capco = 228,147)",https://www.wipro.com/content/dam/nexus/en/investor/annual-reports/2025-2026/Integrated-annual-report-2025-26.pdf,Wipro Integrated Annual Report 2025-26 (BRSR),491,
Wipro,FY2016,avg_age,total,30.6,count,Wipro group,https://www.wipro.com/content/dam/nexus/en/investor/annual-reports/2015-2016/11052-Wipro-Annual-Report-2016.pdf,Wipro Annual Report 2015-16,48,unit = years; 'average age of 30.6 years' (Management Discussion); SR 2015-16 p59 same
Wipro,FY2016,employees_by_age,age_lt30,60,pct,Wipro group,https://www.wipro.com/content/dam/nexus/en/investor/annual-reports/2015-2016/11052-Wipro-Annual-Report-2016.pdf,Wipro Annual Report 2015-16,48,'60% of our employees under the age of 30 years'
Wipro,FY2017,employees_by_age,age_lt30,60,pct,Wipro group,https://www.wipro.com/content/dam/nexus/en/sustainability/sustainability_reports/wipro-sustainability-report-2016-2017.pdf,Wipro Sustainability Report 2016-17,83,'a significant portion (60%) is under the age of 30'; average age stated only as '30+ years'
Wipro,FY2020,fresher_hires,quarter_Q1,6000,count,Wipro group (global),https://www.wipro.com/content/dam/nexus/en/investor/quarterly-results/2019-2020/q1fy20/wipro-earning-call-transcript-q1-fy20.pdf,Wipro Q1 FY20 earnings call transcript,3,"'In Q1, we have hired 6,000 freshers and onboard with them globally'"
Wipro,FY2022,other,fresher_growth_plan_vs_FY21,33,pct,Wipro group,https://www.wipro.com/content/dam/nexus/en/investor/quarterly-results/2021-2022/q1fy22/wipro-limited-q1-fy22-quarterly-investor-conference-call-transcript.pdf,Wipro Q1 FY22 earnings call transcript,6,"plan: 'onboard 33% more freshers in FY22 versus the previous year'; also 'intend to onboard 6,000 freshers in Q2'"
Wipro,FY2022,fresher_hires,quarter_Q2,8150,count,Wipro group,https://www.wipro.com/content/dam/nexus/en/investor/quarterly-results/2021-2022/q2fy22/wipro-limited-q2-fy22-quarterly-investor-conference-call-transcript.pdf,Wipro Q2 FY22 earnings call transcript,6,"'8,150 young colleagues joining us from campus in Q2'"
Wipro,FY2023,other,fresher_plan,25000,count,Wipro group,https://www.wipro.com/content/dam/nexus/en/investor/quarterly-results/2021-2022/q2fy22/wipro-limited-q2-fy22-quarterly-investor-conference-call-transcript.pdf,Wipro Q2 FY22 earnings call transcript,6,"plan (Oct-2021): 'well positioned to add over 25,000 freshers in the next financial year'"
Wipro,FY2022,other,fresher_growth_vs_FY21,70,pct,Wipro group,https://www.wipro.com/content/dam/nexus/en/investor/quarterly-results/2021-2022/q3fy22/wipro-limited-q3-fy22-quarterly-investor-conference-call-transcript.pdf,Wipro Q3 FY22 earnings call transcript,6,'on course to onboard over 70% more fresh talent from the campus in FY22 versus the previous year'
Wipro,FY2022,other,fresher_growth_vs_FY21,100,pct,Wipro group,https://www.wipro.com/content/dam/nexus/en/investor/quarterly-results/2021-2022/q3fy22/wipro-limited-q4-fy22-quarterly-investor-conference-call-transcript.pdf,Wipro Q4 FY22 earnings call transcript (hosted in q3fy22 folder),7,'We doubled our fresher intake for FY22 when compared to the previous year'; Q1FY23 call p8: FY22 'more than double' FY21
Wipro,FY2022,other,campus_hires_completed_induction_program,17464,count,Wipro group,https://www.wipro.com/content/dam/nexus/en/investor/annual-reports/2021-2022/integrated-annual-report-2021-22.pdf,Wipro Integrated Annual Report 2021-22,45,"'30-day virtual learning program was completed by 17,464 campus hires' - lower bound proxy for FY22 campus intake"
Wipro,FY2022,other,fresher_hires_implied_derived,18700,count,Wipro group,https://www.wipro.com/content/dam/nexus/en/investor/quarterly-results/2022-2023/q2fy23/wipro-limited-q2-fy23-quarterly-investor-conference-call-transcript.pdf,Wipro Q2 FY23 earnings call transcript,6,"DERIVED not stated: H1FY23 >14,000 = '75% of what we added in the whole of last year' => FY22 ~18,700"
Wipro,FY2023,fresher_hires,quarter_Q1,10000,count,Wipro group,https://www.wipro.com/content/dam/nexus/en/investor/quarterly-results/2022-2023/q1fy23/wipro-limited-q1-fy23-quarterly-investor-conference-call-transcript.pdf,Wipro Q1 FY23 earnings call transcript,6,"'onboarded more than 10,000 freshers in Q1' (lower bound)"
Wipro,FY2023,fresher_hires,H1,14000,count,Wipro group,https://www.wipro.com/content/dam/nexus/en/investor/quarterly-results/2022-2023/q2fy23/wipro-limited-q2-fy23-quarterly-investor-conference-call-transcript.pdf,Wipro Q2 FY23 earnings call transcript,6,"'on-boarded over 14,000 freshers in H1' (lower bound)"
Wipro,FY2023,fresher_hires,total,22000,count,Wipro group,https://www.wipro.com/content/dam/nexus/en/investor/annual-reports/2022-2023/integrated-annual-report-2022-23.pdf,Wipro Integrated Annual Report 2022-23 (BRSR),10,"'hired 22,000 Next-Gen Associates (or freshers)'; Q4FY23 call p6 says 'over 22,000'"
Wipro,FY2026,other,fresher_plan_per_year,10000-12000,count,Wipro group,https://www.wipro.com/content/dam/nexus/en/investor/quarterly-results/2024-2025/q3fy25/q3fy25-earnings-transcript.pdf,Wipro Q3 FY25 earnings call transcript,12,"plan (Jan-2025): 'for the next fiscal ... hiring about 10,000 to 12,000 people' from campus; outcome not stated in Wipro-hosted FY26 transcripts"
