series,month,value,vintage,report_month,source_url
it_software,2021-04,3859,Naukri-Jobspeak-Apr-2022.pdf,2022-04,https://www.infoedge.in/pdfs/News_Events_pdfs/Naukri-Jobspeak-Apr-2022.pdf
it_software,2021-05,4409,Naukri-Jobspeak-Apr-2022.pdf,2022-04,https://www.infoedge.in/pdfs/News_Events_pdfs/Naukri-Jobspeak-Apr-2022.pdf
it_software,2021-06,4624,Naukri-Jobspeak-Apr-2022.pdf,2022-04,https://www.infoedge.in/pdfs/News_Events_pdfs/Naukri-Jobspeak-Apr-2022.pdf
it_software,2021-07,5466,Naukri-Jobspeak-Apr-2022.pdf,2022-04,https://www.infoedge.in/pdfs/News_Events_pdfs/Naukri-Jobspeak-Apr-2022.pdf
it_software,2021-08,5422,Naukri-Jobspeak-Apr-2022.pdf,2022-04,https://www.infoedge.in/pdfs/News_Events_pdfs/Naukri-Jobspeak-Apr-2022.pdf
it_software,2021-09,5648,Naukri-Jobspeak-Apr-2022.pdf,2022-04,https://www.infoedge.in/pdfs/News_Events_pdfs/Naukri-Jobspeak-Apr-2022.pdf
it_software,2021-10,4686,Naukri-Jobspeak-Apr-2022.pdf,2022-04,https://www.infoedge.in/pdfs/News_Events_pdfs/Naukri-Jobspeak-Apr-2022.pdf
it_software,2021-11,4155,Naukri-Jobspeak-Apr-2022.pdf,2022-04,https://www.infoedge.in/pdfs/News_Events_pdfs/Naukri-Jobspeak-Apr-2022.pdf
it_software,2021-12,3334,Naukri-Jobspeak-Apr-2022.pdf,2022-04,https://www.infoedge.in/pdfs/News_Events_pdfs/Naukri-Jobspeak-Apr-2022.pdf
it_software,2022-01,5370,Naukri-Jobspeak-Apr-2022.pdf,2022-04,https://www.infoedge.in/pdfs/News_Events_pdfs/Naukri-Jobspeak-Apr-2022.pdf
it_software,2022-02,5560,Naukri-Jobspeak-Apr-2022.pdf,2022-04,https://www.infoedge.in/pdfs/News_Events_pdfs/Naukri-Jobspeak-Apr-2022.pdf
it_software,2022-03,4983,Naukri-Jobspeak-Apr-2022.pdf,2022-04,https://www.infoedge.in/pdfs/News_Events_pdfs/Naukri-Jobspeak-Apr-2022.pdf
it_software,2022-04,4656,Naukri-Jobspeak-Apr-2022.pdf,2022-04,https://www.infoedge.in/pdfs/News_Events_pdfs/Naukri-Jobspeak-Apr-2022.pdf
bpo_ites,2021-04,1838,Naukri-Jobspeak-Apr-2022.pdf,2022-04,https://www.infoedge.in/pdfs/News_Events_pdfs/Naukri-Jobspeak-Apr-2022.pdf
bpo_ites,2021-05,1655,Naukri-Jobspeak-Apr-2022.pdf,2022-04,https://www.infoedge.in/pdfs/News_Events_pdfs/Naukri-Jobspeak-Apr-2022.pdf
bpo_ites,2021-06,1891,Naukri-Jobspeak-Apr-2022.pdf,2022-04,https://www.infoedge.in/pdfs/News_Events_pdfs/Naukri-Jobspeak-Apr-2022.pdf
bpo_ites,2021-07,1923,Naukri-Jobspeak-Apr-2022.pdf,2022-04,https://www.infoedge.in/pdfs/News_Events_pdfs/Naukri-Jobspeak-Apr-2022.pdf
bpo_ites,2021-08,1994,Naukri-Jobspeak-Apr-2022.pdf,2022-04,https://www.infoedge.in/pdfs/News_Events_pdfs/Naukri-Jobspeak-Apr-2022.pdf
bpo_ites,2021-09,2229,Naukri-Jobspeak-Apr-2022.pdf,2022-04,https://www.infoedge.in/pdfs/News_Events_pdfs/Naukri-Jobspeak-Apr-2022.pdf
bpo_ites,2021-10,2044,Naukri-Jobspeak-Apr-2022.pdf,2022-04,https://www.infoedge.in/pdfs/News_Events_pdfs/Naukri-Jobspeak-Apr-2022.pdf
bpo_ites,2021-11,1771,Naukri-Jobspeak-Apr-2022.pdf,2022-04,https://www.infoedge.in/pdfs/News_Events_pdfs/Naukri-Jobspeak-Apr-2022.pdf
bpo_ites,2021-12,1567,Naukri-Jobspeak-Apr-2022.pdf,2022-04,https://www.infoedge.in/pdfs/News_Events_pdfs/Naukri-Jobspeak-Apr-2022.pdf
bpo_ites,2022-01,1987,Naukri-Jobspeak-Apr-2022.pdf,2022-04,https://www.infoedge.in/pdfs/News_Events_pdfs/Naukri-Jobspeak-Apr-2022.pdf
bpo_ites,2022-02,2468,Naukri-Jobspeak-Apr-2022.pdf,2022-04,https://www.infoedge.in/pdfs/News_Events_pdfs/Naukri-Jobspeak-Apr-2022.pdf
bpo_ites,2022-03,2458,Naukri-Jobspeak-Apr-2022.pdf,2022-04,https://www.infoedge.in/pdfs/News_Events_pdfs/Naukri-Jobspeak-Apr-2022.pdf
bpo_ites,2022-04,2659,Naukri-Jobspeak-Apr-2022.pdf,2022-04,https://www.infoedge.in/pdfs/News_Events_pdfs/Naukri-Jobspeak-Apr-2022.pdf
bpo_ites,2022-04,2659,Naukri-Jobspeak-April-2023.pdf,2023-04,https://www.infoedge.in/pdfs/News_Events_pdfs/Naukri-Jobspeak-April-2023.pdf
bpo_ites,2022-05,2617,Naukri-Jobspeak-April-2023.pdf,2023-04,https://www.infoedge.in/pdfs/News_Events_pdfs/Naukri-Jobspeak-April-2023.pdf
bpo_ites,2022-06,2600,Naukri-Jobspeak-April-2023.pdf,2023-04,https://www.infoedge.in/pdfs/News_Events_pdfs/Naukri-Jobspeak-April-2023.pdf
bpo_ites,2022-07,2587,Naukri-Jobspeak-April-2023.pdf,2023-04,https://www.infoedge.in/pdfs/News_Events_pdfs/Naukri-Jobspeak-April-2023.pdf
bpo_ites,2022-08,2325,Naukri-Jobspeak-April-2023.pdf,2023-04,https://www.infoedge.in/pdfs/News_Events_pdfs/Naukri-Jobspeak-April-2023.pdf
bpo_ites,2022-09,2619,Naukri-Jobspeak-April-2023.pdf,2023-04,https://www.infoedge.in/pdfs/News_Events_pdfs/Naukri-Jobspeak-April-2023.pdf
bpo_ites,2022-10,2131,Naukri-Jobspeak-April-2023.pdf,2023-04,https://www.infoedge.in/pdfs/News_Events_pdfs/Naukri-Jobspeak-April-2023.pdf
bpo_ites,2022-11,2511,Naukri-Jobspeak-April-2023.pdf,2023-04,https://www.infoedge.in/pdfs/News_Events_pdfs/Naukri-Jobspeak-April-2023.pdf
bpo_ites,2022-12,2249,Naukri-Jobspeak-April-2023.pdf,2023-04,https://www.infoedge.in/pdfs/News_Events_pdfs/Naukri-Jobspeak-April-2023.pdf
bpo_ites,2023-01,2303,Naukri-Jobspeak-April-2023.pdf,2023-04,https://www.infoedge.in/pdfs/News_Events_pdfs/Naukri-Jobspeak-April-2023.pdf
bpo_ites,2023-02,2456,Naukri-Jobspeak-April-2023.pdf,2023-04,https://www.infoedge.in/pdfs/News_Events_pdfs/Naukri-Jobspeak-April-2023.pdf
bpo_ites,2023-03,2415,Naukri-Jobspeak-April-2023.pdf,2023-04,https://www.infoedge.in/pdfs/News_Events_pdfs/Naukri-Jobspeak-April-2023.pdf
bpo_ites,2023-04,2186,Naukri-Jobspeak-April-2023.pdf,2023-04,https://www.infoedge.in/pdfs/News_Events_pdfs/Naukri-Jobspeak-April-2023.pdf
it_software,2022-04,4656,Naukri-Jobspeak-April-2023.pdf,2023-04,https://www.infoedge.in/pdfs/News_Events_pdfs/Naukri-Jobspeak-April-2023.pdf
it_software,2022-05,4711,Naukri-Jobspeak-April-2023.pdf,2023-04,https://www.infoedge.in/pdfs/News_Events_pdfs/Naukri-Jobspeak-April-2023.pdf
it_software,2022-06,5069,Naukri-Jobspeak-April-2023.pdf,2023-04,https://www.infoedge.in/pdfs/News_Events_pdfs/Naukri-Jobspeak-April-2023.pdf
it_software,2022-07,5872,Naukri-Jobspeak-April-2023.pdf,2023-04,https://www.infoedge.in/pdfs/News_Events_pdfs/Naukri-Jobspeak-April-2023.pdf
it_software,2022-08,4881,Naukri-Jobspeak-April-2023.pdf,2023-04,https://www.infoedge.in/pdfs/News_Events_pdfs/Naukri-Jobspeak-April-2023.pdf
it_software,2022-09,5283,Naukri-Jobspeak-April-2023.pdf,2023-04,https://www.infoedge.in/pdfs/News_Events_pdfs/Naukri-Jobspeak-April-2023.pdf
it_software,2022-10,3825,Naukri-Jobspeak-April-2023.pdf,2023-04,https://www.infoedge.in/pdfs/News_Events_pdfs/Naukri-Jobspeak-April-2023.pdf
it_software,2022-11,4674,Naukri-Jobspeak-April-2023.pdf,2023-04,https://www.infoedge.in/pdfs/News_Events_pdfs/Naukri-Jobspeak-April-2023.pdf
it_software,2022-12,4087,Naukri-Jobspeak-April-2023.pdf,2023-04,https://www.infoedge.in/pdfs/News_Events_pdfs/Naukri-Jobspeak-April-2023.pdf
it_software,2023-01,4010,Naukri-Jobspeak-April-2023.pdf,2023-04,https://www.infoedge.in/pdfs/News_Events_pdfs/Naukri-Jobspeak-April-2023.pdf
it_software,2023-02,4428,Naukri-Jobspeak-April-2023.pdf,2023-04,https://www.infoedge.in/pdfs/News_Events_pdfs/Naukri-Jobspeak-April-2023.pdf
it_software,2023-03,4147,Naukri-Jobspeak-April-2023.pdf,2023-04,https://www.infoedge.in/pdfs/News_Events_pdfs/Naukri-Jobspeak-April-2023.pdf
it_software,2023-04,3392,Naukri-Jobspeak-April-2023.pdf,2023-04,https://www.infoedge.in/pdfs/News_Events_pdfs/Naukri-Jobspeak-April-2023.pdf
exp_0_3,2022-04,3223,Naukri-Jobspeak-April-2023.pdf,2023-04,https://www.infoedge.in/pdfs/News_Events_pdfs/Naukri-Jobspeak-April-2023.pdf
exp_0_3,2022-05,3170,Naukri-Jobspeak-April-2023.pdf,2023-04,https://www.infoedge.in/pdfs/News_Events_pdfs/Naukri-Jobspeak-April-2023.pdf
exp_0_3,2022-06,3105,Naukri-Jobspeak-April-2023.pdf,2023-04,https://www.infoedge.in/pdfs/News_Events_pdfs/Naukri-Jobspeak-April-2023.pdf
exp_0_3,2022-07,3266,Naukri-Jobspeak-April-2023.pdf,2023-04,https://www.infoedge.in/pdfs/News_Events_pdfs/Naukri-Jobspeak-April-2023.pdf
exp_0_3,2022-08,2999,Naukri-Jobspeak-April-2023.pdf,2023-04,https://www.infoedge.in/pdfs/News_Events_pdfs/Naukri-Jobspeak-April-2023.pdf
exp_0_3,2022-09,3265,Naukri-Jobspeak-April-2023.pdf,2023-04,https://www.infoedge.in/pdfs/News_Events_pdfs/Naukri-Jobspeak-April-2023.pdf
exp_0_3,2022-10,2642,Naukri-Jobspeak-April-2023.pdf,2023-04,https://www.infoedge.in/pdfs/News_Events_pdfs/Naukri-Jobspeak-April-2023.pdf
exp_0_3,2022-11,3253,Naukri-Jobspeak-April-2023.pdf,2023-04,https://www.infoedge.in/pdfs/News_Events_pdfs/Naukri-Jobspeak-April-2023.pdf
exp_0_3,2022-12,3106,Naukri-Jobspeak-April-2023.pdf,2023-04,https://www.infoedge.in/pdfs/News_Events_pdfs/Naukri-Jobspeak-April-2023.pdf
exp_0_3,2023-01,2926,Naukri-Jobspeak-April-2023.pdf,2023-04,https://www.infoedge.in/pdfs/News_Events_pdfs/Naukri-Jobspeak-April-2023.pdf
exp_0_3,2023-02,3073,Naukri-Jobspeak-April-2023.pdf,2023-04,https://www.infoedge.in/pdfs/News_Events_pdfs/Naukri-Jobspeak-April-2023.pdf
exp_0_3,2023-03,3144,Naukri-Jobspeak-April-2023.pdf,2023-04,https://www.infoedge.in/pdfs/News_Events_pdfs/Naukri-Jobspeak-April-2023.pdf
exp_0_3,2023-04,2834,Naukri-Jobspeak-April-2023.pdf,2023-04,https://www.infoedge.in/pdfs/News_Events_pdfs/Naukri-Jobspeak-April-2023.pdf
exp_4_7,2022-04,3067,Naukri-Jobspeak-April-2023.pdf,2023-04,https://www.infoedge.in/pdfs/News_Events_pdfs/Naukri-Jobspeak-April-2023.pdf
exp_4_7,2022-05,3067,Naukri-Jobspeak-April-2023.pdf,2023-04,https://www.infoedge.in/pdfs/News_Events_pdfs/Naukri-Jobspeak-April-2023.pdf
exp_4_7,2022-06,3072,Naukri-Jobspeak-April-2023.pdf,2023-04,https://www.infoedge.in/pdfs/News_Events_pdfs/Naukri-Jobspeak-April-2023.pdf
exp_4_7,2022-07,3386,Naukri-Jobspeak-April-2023.pdf,2023-04,https://www.infoedge.in/pdfs/News_Events_pdfs/Naukri-Jobspeak-April-2023.pdf
exp_4_7,2022-08,3053,Naukri-Jobspeak-April-2023.pdf,2023-04,https://www.infoedge.in/pdfs/News_Events_pdfs/Naukri-Jobspeak-April-2023.pdf
exp_4_7,2022-09,3346,Naukri-Jobspeak-April-2023.pdf,2023-04,https://www.infoedge.in/pdfs/News_Events_pdfs/Naukri-Jobspeak-April-2023.pdf
exp_4_7,2022-10,2632,Naukri-Jobspeak-April-2023.pdf,2023-04,https://www.infoedge.in/pdfs/News_Events_pdfs/Naukri-Jobspeak-April-2023.pdf
exp_4_7,2022-11,3293,Naukri-Jobspeak-April-2023.pdf,2023-04,https://www.infoedge.in/pdfs/News_Events_pdfs/Naukri-Jobspeak-April-2023.pdf
exp_4_7,2022-12,2998,Naukri-Jobspeak-April-2023.pdf,2023-04,https://www.infoedge.in/pdfs/News_Events_pdfs/Naukri-Jobspeak-April-2023.pdf
exp_4_7,2023-01,2871,Naukri-Jobspeak-April-2023.pdf,2023-04,https://www.infoedge.in/pdfs/News_Events_pdfs/Naukri-Jobspeak-April-2023.pdf
exp_4_7,2023-02,3104,Naukri-Jobspeak-April-2023.pdf,2023-04,https://www.infoedge.in/pdfs/News_Events_pdfs/Naukri-Jobspeak-April-2023.pdf
exp_4_7,2023-03,3010,Naukri-Jobspeak-April-2023.pdf,2023-04,https://www.infoedge.in/pdfs/News_Events_pdfs/Naukri-Jobspeak-April-2023.pdf
exp_4_7,2023-04,2725,Naukri-Jobspeak-April-2023.pdf,2023-04,https://www.infoedge.in/pdfs/News_Events_pdfs/Naukri-Jobspeak-April-2023.pdf
exp_8_12,2022-04,2494,Naukri-Jobspeak-April-2023.pdf,2023-04,https://www.infoedge.in/pdfs/News_Events_pdfs/Naukri-Jobspeak-April-2023.pdf
exp_8_12,2022-05,2557,Naukri-Jobspeak-April-2023.pdf,2023-04,https://www.infoedge.in/pdfs/News_Events_pdfs/Naukri-Jobspeak-April-2023.pdf
exp_8_12,2022-06,2663,Naukri-Jobspeak-April-2023.pdf,2023-04,https://www.infoedge.in/pdfs/News_Events_pdfs/Naukri-Jobspeak-April-2023.pdf
exp_8_12,2022-07,3093,Naukri-Jobspeak-April-2023.pdf,2023-04,https://www.infoedge.in/pdfs/News_Events_pdfs/Naukri-Jobspeak-April-2023.pdf
exp_8_12,2022-08,2644,Naukri-Jobspeak-April-2023.pdf,2023-04,https://www.infoedge.in/pdfs/News_Events_pdfs/Naukri-Jobspeak-April-2023.pdf
exp_8_12,2022-09,2914,Naukri-Jobspeak-April-2023.pdf,2023-04,https://www.infoedge.in/pdfs/News_Events_pdfs/Naukri-Jobspeak-April-2023.pdf
exp_8_12,2022-10,2229,Naukri-Jobspeak-April-2023.pdf,2023-04,https://www.infoedge.in/pdfs/News_Events_pdfs/Naukri-Jobspeak-April-2023.pdf
exp_8_12,2022-11,2864,Naukri-Jobspeak-April-2023.pdf,2023-04,https://www.infoedge.in/pdfs/News_Events_pdfs/Naukri-Jobspeak-April-2023.pdf
exp_8_12,2022-12,2676,Naukri-Jobspeak-April-2023.pdf,2023-04,https://www.infoedge.in/pdfs/News_Events_pdfs/Naukri-Jobspeak-April-2023.pdf
exp_8_12,2023-01,2568,Naukri-Jobspeak-April-2023.pdf,2023-04,https://www.infoedge.in/pdfs/News_Events_pdfs/Naukri-Jobspeak-April-2023.pdf
exp_8_12,2023-02,2885,Naukri-Jobspeak-April-2023.pdf,2023-04,https://www.infoedge.in/pdfs/News_Events_pdfs/Naukri-Jobspeak-April-2023.pdf
exp_8_12,2023-03,2859,Naukri-Jobspeak-April-2023.pdf,2023-04,https://www.infoedge.in/pdfs/News_Events_pdfs/Naukri-Jobspeak-April-2023.pdf
exp_8_12,2023-04,2625,Naukri-Jobspeak-April-2023.pdf,2023-04,https://www.infoedge.in/pdfs/News_Events_pdfs/Naukri-Jobspeak-April-2023.pdf
exp_13_16,2022-04,1854,Naukri-Jobspeak-April-2023.pdf,2023-04,https://www.infoedge.in/pdfs/News_Events_pdfs/Naukri-Jobspeak-April-2023.pdf
exp_13_16,2022-05,1885,Naukri-Jobspeak-April-2023.pdf,2023-04,https://www.infoedge.in/pdfs/News_Events_pdfs/Naukri-Jobspeak-April-2023.pdf
exp_13_16,2022-06,2008,Naukri-Jobspeak-April-2023.pdf,2023-04,https://www.infoedge.in/pdfs/News_Events_pdfs/Naukri-Jobspeak-April-2023.pdf
exp_13_16,2022-07,2298,Naukri-Jobspeak-April-2023.pdf,2023-04,https://www.infoedge.in/pdfs/News_Events_pdfs/Naukri-Jobspeak-April-2023.pdf
exp_13_16,2022-08,1928,Naukri-Jobspeak-April-2023.pdf,2023-04,https://www.infoedge.in/pdfs/News_Events_pdfs/Naukri-Jobspeak-April-2023.pdf
exp_13_16,2022-09,2178,Naukri-Jobspeak-April-2023.pdf,2023-04,https://www.infoedge.in/pdfs/News_Events_pdfs/Naukri-Jobspeak-April-2023.pdf
exp_13_16,2022-10,1771,Naukri-Jobspeak-April-2023.pdf,2023-04,https://www.infoedge.in/pdfs/News_Events_pdfs/Naukri-Jobspeak-April-2023.pdf
exp_13_16,2022-11,2342,Naukri-Jobspeak-April-2023.pdf,2023-04,https://www.infoedge.in/pdfs/News_Events_pdfs/Naukri-Jobspeak-April-2023.pdf
exp_13_16,2022-12,2231,Naukri-Jobspeak-April-2023.pdf,2023-04,https://www.infoedge.in/pdfs/News_Events_pdfs/Naukri-Jobspeak-April-2023.pdf
exp_13_16,2023-01,2159,Naukri-Jobspeak-April-2023.pdf,2023-04,https://www.infoedge.in/pdfs/News_Events_pdfs/Naukri-Jobspeak-April-2023.pdf
exp_13_16,2023-02,2362,Naukri-Jobspeak-April-2023.pdf,2023-04,https://www.infoedge.in/pdfs/News_Events_pdfs/Naukri-Jobspeak-April-2023.pdf
exp_13_16,2023-03,2389,Naukri-Jobspeak-April-2023.pdf,2023-04,https://www.infoedge.in/pdfs/News_Events_pdfs/Naukri-Jobspeak-April-2023.pdf
exp_13_16,2023-04,2217,Naukri-Jobspeak-April-2023.pdf,2023-04,https://www.infoedge.in/pdfs/News_Events_pdfs/Naukri-Jobspeak-April-2023.pdf
exp_16plus,2022-04,1713,Naukri-Jobspeak-April-2023.pdf,2023-04,https://www.infoedge.in/pdfs/News_Events_pdfs/Naukri-Jobspeak-April-2023.pdf
exp_16plus,2022-05,1695,Naukri-Jobspeak-April-2023.pdf,2023-04,https://www.infoedge.in/pdfs/News_Events_pdfs/Naukri-Jobspeak-April-2023.pdf
exp_16plus,2022-06,1722,Naukri-Jobspeak-April-2023.pdf,2023-04,https://www.infoedge.in/pdfs/News_Events_pdfs/Naukri-Jobspeak-April-2023.pdf
exp_16plus,2022-07,2013,Naukri-Jobspeak-April-2023.pdf,2023-04,https://www.infoedge.in/pdfs/News_Events_pdfs/Naukri-Jobspeak-April-2023.pdf
exp_16plus,2022-08,1693,Naukri-Jobspeak-April-2023.pdf,2023-04,https://www.infoedge.in/pdfs/News_Events_pdfs/Naukri-Jobspeak-April-2023.pdf
exp_16plus,2022-09,1946,Naukri-Jobspeak-April-2023.pdf,2023-04,https://www.infoedge.in/pdfs/News_Events_pdfs/Naukri-Jobspeak-April-2023.pdf
exp_16plus,2022-10,1613,Naukri-Jobspeak-April-2023.pdf,2023-04,https://www.infoedge.in/pdfs/News_Events_pdfs/Naukri-Jobspeak-April-2023.pdf
exp_16plus,2022-11,2055,Naukri-Jobspeak-April-2023.pdf,2023-04,https://www.infoedge.in/pdfs/News_Events_pdfs/Naukri-Jobspeak-April-2023.pdf
exp_16plus,2022-12,2184,Naukri-Jobspeak-April-2023.pdf,2023-04,https://www.infoedge.in/pdfs/News_Events_pdfs/Naukri-Jobspeak-April-2023.pdf
exp_16plus,2023-01,2051,Naukri-Jobspeak-April-2023.pdf,2023-04,https://www.infoedge.in/pdfs/News_Events_pdfs/Naukri-Jobspeak-April-2023.pdf
exp_16plus,2023-02,2273,Naukri-Jobspeak-April-2023.pdf,2023-04,https://www.infoedge.in/pdfs/News_Events_pdfs/Naukri-Jobspeak-April-2023.pdf
exp_16plus,2023-03,2373,Naukri-Jobspeak-April-2023.pdf,2023-04,https://www.infoedge.in/pdfs/News_Events_pdfs/Naukri-Jobspeak-April-2023.pdf
exp_16plus,2023-04,2230,Naukri-Jobspeak-April-2023.pdf,2023-04,https://www.infoedge.in/pdfs/News_Events_pdfs/Naukri-Jobspeak-April-2023.pdf
it_software,2023-04,3392,Naukri-Jobspeak-April-2024.pdf,2024-04,https://www.infoedge.in/pdfs/News_Events_pdfs/Naukri-Jobspeak-April-2024.pdf
it_software,2023-05,3618,Naukri-Jobspeak-April-2024.pdf,2024-04,https://www.infoedge.in/pdfs/News_Events_pdfs/Naukri-Jobspeak-April-2024.pdf
it_software,2023-06,3511,Naukri-Jobspeak-April-2024.pdf,2024-04,https://www.infoedge.in/pdfs/News_Events_pdfs/Naukri-Jobspeak-April-2024.pdf
it_software,2023-07,3187,Naukri-Jobspeak-April-2024.pdf,2024-04,https://www.infoedge.in/pdfs/News_Events_pdfs/Naukri-Jobspeak-April-2024.pdf
it_software,2023-08,3278,Naukri-Jobspeak-April-2024.pdf,2024-04,https://www.infoedge.in/pdfs/News_Events_pdfs/Naukri-Jobspeak-April-2024.pdf
it_software,2023-09,2989,Naukri-Jobspeak-April-2024.pdf,2024-04,https://www.infoedge.in/pdfs/News_Events_pdfs/Naukri-Jobspeak-April-2024.pdf
it_software,2023-10,3302,Naukri-Jobspeak-April-2024.pdf,2024-04,https://www.infoedge.in/pdfs/News_Events_pdfs/Naukri-Jobspeak-April-2024.pdf
it_software,2023-11,3349,Naukri-Jobspeak-April-2024.pdf,2024-04,https://www.infoedge.in/pdfs/News_Events_pdfs/Naukri-Jobspeak-April-2024.pdf
it_software,2023-12,3210,Naukri-Jobspeak-April-2024.pdf,2024-04,https://www.infoedge.in/pdfs/News_Events_pdfs/Naukri-Jobspeak-April-2024.pdf
it_software,2024-01,3233,Naukri-Jobspeak-April-2024.pdf,2024-04,https://www.infoedge.in/pdfs/News_Events_pdfs/Naukri-Jobspeak-April-2024.pdf
it_software,2024-02,3748,Naukri-Jobspeak-April-2024.pdf,2024-04,https://www.infoedge.in/pdfs/News_Events_pdfs/Naukri-Jobspeak-April-2024.pdf
it_software,2024-03,3501,Naukri-Jobspeak-April-2024.pdf,2024-04,https://www.infoedge.in/pdfs/News_Events_pdfs/Naukri-Jobspeak-April-2024.pdf
it_software,2024-04,3456,Naukri-Jobspeak-April-2024.pdf,2024-04,https://www.infoedge.in/pdfs/News_Events_pdfs/Naukri-Jobspeak-April-2024.pdf
bpo_ites,2023-04,2186,Naukri-Jobspeak-April-2024.pdf,2024-04,https://www.infoedge.in/pdfs/News_Events_pdfs/Naukri-Jobspeak-April-2024.pdf
bpo_ites,2023-05,2256,Naukri-Jobspeak-April-2024.pdf,2024-04,https://www.infoedge.in/pdfs/News_Events_pdfs/Naukri-Jobspeak-April-2024.pdf
bpo_ites,2023-06,2163,Naukri-Jobspeak-April-2024.pdf,2024-04,https://www.infoedge.in/pdfs/News_Events_pdfs/Naukri-Jobspeak-April-2024.pdf
bpo_ites,2023-07,2036,Naukri-Jobspeak-April-2024.pdf,2024-04,https://www.infoedge.in/pdfs/News_Events_pdfs/Naukri-Jobspeak-April-2024.pdf
bpo_ites,2023-08,2085,Naukri-Jobspeak-April-2024.pdf,2024-04,https://www.infoedge.in/pdfs/News_Events_pdfs/Naukri-Jobspeak-April-2024.pdf
bpo_ites,2023-09,1952,Naukri-Jobspeak-April-2024.pdf,2024-04,https://www.infoedge.in/pdfs/News_Events_pdfs/Naukri-Jobspeak-April-2024.pdf
bpo_ites,2023-10,2179,Naukri-Jobspeak-April-2024.pdf,2024-04,https://www.infoedge.in/pdfs/News_Events_pdfs/Naukri-Jobspeak-April-2024.pdf
bpo_ites,2023-11,2054,Naukri-Jobspeak-April-2024.pdf,2024-04,https://www.infoedge.in/pdfs/News_Events_pdfs/Naukri-Jobspeak-April-2024.pdf
bpo_ites,2023-12,1872,Naukri-Jobspeak-April-2024.pdf,2024-04,https://www.infoedge.in/pdfs/News_Events_pdfs/Naukri-Jobspeak-April-2024.pdf
bpo_ites,2024-01,1939,Naukri-Jobspeak-April-2024.pdf,2024-04,https://www.infoedge.in/pdfs/News_Events_pdfs/Naukri-Jobspeak-April-2024.pdf
bpo_ites,2024-02,2157,Naukri-Jobspeak-April-2024.pdf,2024-04,https://www.infoedge.in/pdfs/News_Events_pdfs/Naukri-Jobspeak-April-2024.pdf
bpo_ites,2024-03,2264,Naukri-Jobspeak-April-2024.pdf,2024-04,https://www.infoedge.in/pdfs/News_Events_pdfs/Naukri-Jobspeak-April-2024.pdf
bpo_ites,2024-04,2181,Naukri-Jobspeak-April-2024.pdf,2024-04,https://www.infoedge.in/pdfs/News_Events_pdfs/Naukri-Jobspeak-April-2024.pdf
exp_0_3,2023-04,2834,Naukri-Jobspeak-April-2024.pdf,2024-04,https://www.infoedge.in/pdfs/News_Events_pdfs/Naukri-Jobspeak-April-2024.pdf
exp_0_3,2023-05,2945,Naukri-Jobspeak-April-2024.pdf,2024-04,https://www.infoedge.in/pdfs/News_Events_pdfs/Naukri-Jobspeak-April-2024.pdf
exp_0_3,2023-06,2890,Naukri-Jobspeak-April-2024.pdf,2024-04,https://www.infoedge.in/pdfs/News_Events_pdfs/Naukri-Jobspeak-April-2024.pdf
exp_0_3,2023-07,2672,Naukri-Jobspeak-April-2024.pdf,2024-04,https://www.infoedge.in/pdfs/News_Events_pdfs/Naukri-Jobspeak-April-2024.pdf
exp_0_3,2023-08,2769,Naukri-Jobspeak-April-2024.pdf,2024-04,https://www.infoedge.in/pdfs/News_Events_pdfs/Naukri-Jobspeak-April-2024.pdf
exp_0_3,2023-09,2933,Naukri-Jobspeak-April-2024.pdf,2024-04,https://www.infoedge.in/pdfs/News_Events_pdfs/Naukri-Jobspeak-April-2024.pdf
exp_0_3,2023-10,2642,Naukri-Jobspeak-April-2024.pdf,2024-04,https://www.infoedge.in/pdfs/News_Events_pdfs/Naukri-Jobspeak-April-2024.pdf
exp_0_3,2023-11,2484,Naukri-Jobspeak-April-2024.pdf,2024-04,https://www.infoedge.in/pdfs/News_Events_pdfs/Naukri-Jobspeak-April-2024.pdf
exp_0_3,2023-12,2618,Naukri-Jobspeak-April-2024.pdf,2024-04,https://www.infoedge.in/pdfs/News_Events_pdfs/Naukri-Jobspeak-April-2024.pdf
exp_0_3,2024-01,2621,Naukri-Jobspeak-April-2024.pdf,2024-04,https://www.infoedge.in/pdfs/News_Events_pdfs/Naukri-Jobspeak-April-2024.pdf
exp_0_3,2024-02,2822,Naukri-Jobspeak-April-2024.pdf,2024-04,https://www.infoedge.in/pdfs/News_Events_pdfs/Naukri-Jobspeak-April-2024.pdf
exp_0_3,2024-03,2788,Naukri-Jobspeak-April-2024.pdf,2024-04,https://www.infoedge.in/pdfs/News_Events_pdfs/Naukri-Jobspeak-April-2024.pdf
exp_0_3,2024-04,2783,Naukri-Jobspeak-April-2024.pdf,2024-04,https://www.infoedge.in/pdfs/News_Events_pdfs/Naukri-Jobspeak-April-2024.pdf
exp_4_7,2023-04,2725,Naukri-Jobspeak-April-2024.pdf,2024-04,https://www.infoedge.in/pdfs/News_Events_pdfs/Naukri-Jobspeak-April-2024.pdf
exp_4_7,2023-05,2846,Naukri-Jobspeak-April-2024.pdf,2024-04,https://www.infoedge.in/pdfs/News_Events_pdfs/Naukri-Jobspeak-April-2024.pdf
exp_4_7,2023-06,2770,Naukri-Jobspeak-April-2024.pdf,2024-04,https://www.infoedge.in/pdfs/News_Events_pdfs/Naukri-Jobspeak-April-2024.pdf
exp_4_7,2023-07,2516,Naukri-Jobspeak-April-2024.pdf,2024-04,https://www.infoedge.in/pdfs/News_Events_pdfs/Naukri-Jobspeak-April-2024.pdf
exp_4_7,2023-08,2567,Naukri-Jobspeak-April-2024.pdf,2024-04,https://www.infoedge.in/pdfs/News_Events_pdfs/Naukri-Jobspeak-April-2024.pdf
exp_4_7,2023-09,2717,Naukri-Jobspeak-April-2024.pdf,2024-04,https://www.infoedge.in/pdfs/News_Events_pdfs/Naukri-Jobspeak-April-2024.pdf
exp_4_7,2023-10,2361,Naukri-Jobspeak-April-2024.pdf,2024-04,https://www.infoedge.in/pdfs/News_Events_pdfs/Naukri-Jobspeak-April-2024.pdf
exp_4_7,2023-11,2282,Naukri-Jobspeak-April-2024.pdf,2024-04,https://www.infoedge.in/pdfs/News_Events_pdfs/Naukri-Jobspeak-April-2024.pdf
exp_4_7,2023-12,2316,Naukri-Jobspeak-April-2024.pdf,2024-04,https://www.infoedge.in/pdfs/News_Events_pdfs/Naukri-Jobspeak-April-2024.pdf
exp_4_7,2024-01,2339,Naukri-Jobspeak-April-2024.pdf,2024-04,https://www.infoedge.in/pdfs/News_Events_pdfs/Naukri-Jobspeak-April-2024.pdf
exp_4_7,2024-02,2624,Naukri-Jobspeak-April-2024.pdf,2024-04,https://www.infoedge.in/pdfs/News_Events_pdfs/Naukri-Jobspeak-April-2024.pdf
exp_4_7,2024-03,2482,Naukri-Jobspeak-April-2024.pdf,2024-04,https://www.infoedge.in/pdfs/News_Events_pdfs/Naukri-Jobspeak-April-2024.pdf
exp_4_7,2024-04,2471,Naukri-Jobspeak-April-2024.pdf,2024-04,https://www.infoedge.in/pdfs/News_Events_pdfs/Naukri-Jobspeak-April-2024.pdf
exp_8_12,2023-04,2625,Naukri-Jobspeak-April-2024.pdf,2024-04,https://www.infoedge.in/pdfs/News_Events_pdfs/Naukri-Jobspeak-April-2024.pdf
exp_8_12,2023-05,2774,Naukri-Jobspeak-April-2024.pdf,2024-04,https://www.infoedge.in/pdfs/News_Events_pdfs/Naukri-Jobspeak-April-2024.pdf
exp_8_12,2023-06,2724,Naukri-Jobspeak-April-2024.pdf,2024-04,https://www.infoedge.in/pdfs/News_Events_pdfs/Naukri-Jobspeak-April-2024.pdf
exp_8_12,2023-07,2507,Naukri-Jobspeak-April-2024.pdf,2024-04,https://www.infoedge.in/pdfs/News_Events_pdfs/Naukri-Jobspeak-April-2024.pdf
exp_8_12,2023-08,2633,Naukri-Jobspeak-April-2024.pdf,2024-04,https://www.infoedge.in/pdfs/News_Events_pdfs/Naukri-Jobspeak-April-2024.pdf
exp_8_12,2023-09,2861,Naukri-Jobspeak-April-2024.pdf,2024-04,https://www.infoedge.in/pdfs/News_Events_pdfs/Naukri-Jobspeak-April-2024.pdf
exp_8_12,2023-10,2431,Naukri-Jobspeak-April-2024.pdf,2024-04,https://www.infoedge.in/pdfs/News_Events_pdfs/Naukri-Jobspeak-April-2024.pdf
exp_8_12,2023-11,2343,Naukri-Jobspeak-April-2024.pdf,2024-04,https://www.infoedge.in/pdfs/News_Events_pdfs/Naukri-Jobspeak-April-2024.pdf
exp_8_12,2023-12,2366,Naukri-Jobspeak-April-2024.pdf,2024-04,https://www.infoedge.in/pdfs/News_Events_pdfs/Naukri-Jobspeak-April-2024.pdf
exp_8_12,2024-01,2374,Naukri-Jobspeak-April-2024.pdf,2024-04,https://www.infoedge.in/pdfs/News_Events_pdfs/Naukri-Jobspeak-April-2024.pdf
exp_8_12,2024-02,2797,Naukri-Jobspeak-April-2024.pdf,2024-04,https://www.infoedge.in/pdfs/News_Events_pdfs/Naukri-Jobspeak-April-2024.pdf
exp_8_12,2024-03,2655,Naukri-Jobspeak-April-2024.pdf,2024-04,https://www.infoedge.in/pdfs/News_Events_pdfs/Naukri-Jobspeak-April-2024.pdf
exp_8_12,2024-04,2619,Naukri-Jobspeak-April-2024.pdf,2024-04,https://www.infoedge.in/pdfs/News_Events_pdfs/Naukri-Jobspeak-April-2024.pdf
exp_13_16,2023-04,2217,Naukri-Jobspeak-April-2024.pdf,2024-04,https://www.infoedge.in/pdfs/News_Events_pdfs/Naukri-Jobspeak-April-2024.pdf
exp_13_16,2023-05,2370,Naukri-Jobspeak-April-2024.pdf,2024-04,https://www.infoedge.in/pdfs/News_Events_pdfs/Naukri-Jobspeak-April-2024.pdf
exp_13_16,2023-06,2379,Naukri-Jobspeak-April-2024.pdf,2024-04,https://www.infoedge.in/pdfs/News_Events_pdfs/Naukri-Jobspeak-April-2024.pdf
exp_13_16,2023-07,2271,Naukri-Jobspeak-April-2024.pdf,2024-04,https://www.infoedge.in/pdfs/News_Events_pdfs/Naukri-Jobspeak-April-2024.pdf
exp_13_16,2023-08,2372,Naukri-Jobspeak-April-2024.pdf,2024-04,https://www.infoedge.in/pdfs/News_Events_pdfs/Naukri-Jobspeak-April-2024.pdf
exp_13_16,2023-09,2421,Naukri-Jobspeak-April-2024.pdf,2024-04,https://www.infoedge.in/pdfs/News_Events_pdfs/Naukri-Jobspeak-April-2024.pdf
exp_13_16,2023-10,2227,Naukri-Jobspeak-April-2024.pdf,2024-04,https://www.infoedge.in/pdfs/News_Events_pdfs/Naukri-Jobspeak-April-2024.pdf
exp_13_16,2023-11,2116,Naukri-Jobspeak-April-2024.pdf,2024-04,https://www.infoedge.in/pdfs/News_Events_pdfs/Naukri-Jobspeak-April-2024.pdf
exp_13_16,2023-12,2195,Naukri-Jobspeak-April-2024.pdf,2024-04,https://www.infoedge.in/pdfs/News_Events_pdfs/Naukri-Jobspeak-April-2024.pdf
exp_13_16,2024-01,2196,Naukri-Jobspeak-April-2024.pdf,2024-04,https://www.infoedge.in/pdfs/News_Events_pdfs/Naukri-Jobspeak-April-2024.pdf
exp_13_16,2024-02,2523,Naukri-Jobspeak-April-2024.pdf,2024-04,https://www.infoedge.in/pdfs/News_Events_pdfs/Naukri-Jobspeak-April-2024.pdf
exp_13_16,2024-03,2412,Naukri-Jobspeak-April-2024.pdf,2024-04,https://www.infoedge.in/pdfs/News_Events_pdfs/Naukri-Jobspeak-April-2024.pdf
exp_13_16,2024-04,2407,Naukri-Jobspeak-April-2024.pdf,2024-04,https://www.infoedge.in/pdfs/News_Events_pdfs/Naukri-Jobspeak-April-2024.pdf
exp_16plus,2023-04,2230,Naukri-Jobspeak-April-2024.pdf,2024-04,https://www.infoedge.in/pdfs/News_Events_pdfs/Naukri-Jobspeak-April-2024.pdf
exp_16plus,2023-05,2355,Naukri-Jobspeak-April-2024.pdf,2024-04,https://www.infoedge.in/pdfs/News_Events_pdfs/Naukri-Jobspeak-April-2024.pdf
exp_16plus,2023-06,2370,Naukri-Jobspeak-April-2024.pdf,2024-04,https://www.infoedge.in/pdfs/News_Events_pdfs/Naukri-Jobspeak-April-2024.pdf
exp_16plus,2023-07,2276,Naukri-Jobspeak-April-2024.pdf,2024-04,https://www.infoedge.in/pdfs/News_Events_pdfs/Naukri-Jobspeak-April-2024.pdf
exp_16plus,2023-08,2457,Naukri-Jobspeak-April-2024.pdf,2024-04,https://www.infoedge.in/pdfs/News_Events_pdfs/Naukri-Jobspeak-April-2024.pdf
exp_16plus,2023-09,2522,Naukri-Jobspeak-April-2024.pdf,2024-04,https://www.infoedge.in/pdfs/News_Events_pdfs/Naukri-Jobspeak-April-2024.pdf
exp_16plus,2023-10,2361,Naukri-Jobspeak-April-2024.pdf,2024-04,https://www.infoedge.in/pdfs/News_Events_pdfs/Naukri-Jobspeak-April-2024.pdf
exp_16plus,2023-11,2247,Naukri-Jobspeak-April-2024.pdf,2024-04,https://www.infoedge.in/pdfs/News_Events_pdfs/Naukri-Jobspeak-April-2024.pdf
exp_16plus,2023-12,2357,Naukri-Jobspeak-April-2024.pdf,2024-04,https://www.infoedge.in/pdfs/News_Events_pdfs/Naukri-Jobspeak-April-2024.pdf
exp_16plus,2024-01,2429,Naukri-Jobspeak-April-2024.pdf,2024-04,https://www.infoedge.in/pdfs/News_Events_pdfs/Naukri-Jobspeak-April-2024.pdf
exp_16plus,2024-02,2744,Naukri-Jobspeak-April-2024.pdf,2024-04,https://www.infoedge.in/pdfs/News_Events_pdfs/Naukri-Jobspeak-April-2024.pdf
exp_16plus,2024-03,2640,Naukri-Jobspeak-April-2024.pdf,2024-04,https://www.infoedge.in/pdfs/News_Events_pdfs/Naukri-Jobspeak-April-2024.pdf
exp_16plus,2024-04,2690,Naukri-Jobspeak-April-2024.pdf,2024-04,https://www.infoedge.in/pdfs/News_Events_pdfs/Naukri-Jobspeak-April-2024.pdf
bpo_ites,2025-04,2314,Naukri-Jobspeak-April-2026.pdf,2026-04,https://www.infoedge.in/pdfs/News_Events_pdfs/Naukri-Jobspeak-April-2026.pdf
bpo_ites,2025-05,2282,Naukri-Jobspeak-April-2026.pdf,2026-04,https://www.infoedge.in/pdfs/News_Events_pdfs/Naukri-Jobspeak-April-2026.pdf
bpo_ites,2025-06,2339,Naukri-Jobspeak-April-2026.pdf,2026-04,https://www.infoedge.in/pdfs/News_Events_pdfs/Naukri-Jobspeak-April-2026.pdf
bpo_ites,2025-07,2450,Naukri-Jobspeak-April-2026.pdf,2026-04,https://www.infoedge.in/pdfs/News_Events_pdfs/Naukri-Jobspeak-April-2026.pdf
bpo_ites,2025-08,2332,Naukri-Jobspeak-April-2026.pdf,2026-04,https://www.infoedge.in/pdfs/News_Events_pdfs/Naukri-Jobspeak-April-2026.pdf
bpo_ites,2025-09,2532,Naukri-Jobspeak-April-2026.pdf,2026-04,https://www.infoedge.in/pdfs/News_Events_pdfs/Naukri-Jobspeak-April-2026.pdf
bpo_ites,2025-10,2193,Naukri-Jobspeak-April-2026.pdf,2026-04,https://www.infoedge.in/pdfs/News_Events_pdfs/Naukri-Jobspeak-April-2026.pdf
bpo_ites,2025-11,2475,Naukri-Jobspeak-April-2026.pdf,2026-04,https://www.infoedge.in/pdfs/News_Events_pdfs/Naukri-Jobspeak-April-2026.pdf
bpo_ites,2025-12,2460,Naukri-Jobspeak-April-2026.pdf,2026-04,https://www.infoedge.in/pdfs/News_Events_pdfs/Naukri-Jobspeak-April-2026.pdf
bpo_ites,2026-01,2306,Naukri-Jobspeak-April-2026.pdf,2026-04,https://www.infoedge.in/pdfs/News_Events_pdfs/Naukri-Jobspeak-April-2026.pdf
bpo_ites,2026-02,2643,Naukri-Jobspeak-April-2026.pdf,2026-04,https://www.infoedge.in/pdfs/News_Events_pdfs/Naukri-Jobspeak-April-2026.pdf
bpo_ites,2026-03,2477,Naukri-Jobspeak-April-2026.pdf,2026-04,https://www.infoedge.in/pdfs/News_Events_pdfs/Naukri-Jobspeak-April-2026.pdf
bpo_ites,2026-04,2672,Naukri-Jobspeak-April-2026.pdf,2026-04,https://www.infoedge.in/pdfs/News_Events_pdfs/Naukri-Jobspeak-April-2026.pdf
it_software,2025-04,3573,Naukri-Jobspeak-April-2026.pdf,2026-04,https://www.infoedge.in/pdfs/News_Events_pdfs/Naukri-Jobspeak-April-2026.pdf
it_software,2025-05,3457,Naukri-Jobspeak-April-2026.pdf,2026-04,https://www.infoedge.in/pdfs/News_Events_pdfs/Naukri-Jobspeak-April-2026.pdf
it_software,2025-06,3523,Naukri-Jobspeak-April-2026.pdf,2026-04,https://www.infoedge.in/pdfs/News_Events_pdfs/Naukri-Jobspeak-April-2026.pdf
it_software,2025-07,3688,Naukri-Jobspeak-April-2026.pdf,2026-04,https://www.infoedge.in/pdfs/News_Events_pdfs/Naukri-Jobspeak-April-2026.pdf
it_software,2025-08,3111,Naukri-Jobspeak-April-2026.pdf,2026-04,https://www.infoedge.in/pdfs/News_Events_pdfs/Naukri-Jobspeak-April-2026.pdf
it_software,2025-09,3585,Naukri-Jobspeak-April-2026.pdf,2026-04,https://www.infoedge.in/pdfs/News_Events_pdfs/Naukri-Jobspeak-April-2026.pdf
it_software,2025-10,2967,Naukri-Jobspeak-April-2026.pdf,2026-04,https://www.infoedge.in/pdfs/News_Events_pdfs/Naukri-Jobspeak-April-2026.pdf
it_software,2025-11,3565,Naukri-Jobspeak-April-2026.pdf,2026-04,https://www.infoedge.in/pdfs/News_Events_pdfs/Naukri-Jobspeak-April-2026.pdf
it_software,2025-12,3531,Naukri-Jobspeak-April-2026.pdf,2026-04,https://www.infoedge.in/pdfs/News_Events_pdfs/Naukri-Jobspeak-April-2026.pdf
it_software,2026-01,3119,Naukri-Jobspeak-April-2026.pdf,2026-04,https://www.infoedge.in/pdfs/News_Events_pdfs/Naukri-Jobspeak-April-2026.pdf
it_software,2026-02,3948,Naukri-Jobspeak-April-2026.pdf,2026-04,https://www.infoedge.in/pdfs/News_Events_pdfs/Naukri-Jobspeak-April-2026.pdf
it_software,2026-03,3462,Naukri-Jobspeak-April-2026.pdf,2026-04,https://www.infoedge.in/pdfs/News_Events_pdfs/Naukri-Jobspeak-April-2026.pdf
it_software,2026-04,3605,Naukri-Jobspeak-April-2026.pdf,2026-04,https://www.infoedge.in/pdfs/News_Events_pdfs/Naukri-Jobspeak-April-2026.pdf
it_software,2021-08,5422,Naukri-Jobspeak-Aug-2022.pdf,2022-08,https://www.infoedge.in/pdfs/News_Events_pdfs/Naukri-Jobspeak-Aug-2022.pdf
it_software,2021-09,5648,Naukri-Jobspeak-Aug-2022.pdf,2022-08,https://www.infoedge.in/pdfs/News_Events_pdfs/Naukri-Jobspeak-Aug-2022.pdf
it_software,2021-10,4686,Naukri-Jobspeak-Aug-2022.pdf,2022-08,https://www.infoedge.in/pdfs/News_Events_pdfs/Naukri-Jobspeak-Aug-2022.pdf
it_software,2021-11,4155,Naukri-Jobspeak-Aug-2022.pdf,2022-08,https://www.infoedge.in/pdfs/News_Events_pdfs/Naukri-Jobspeak-Aug-2022.pdf
it_software,2021-12,3334,Naukri-Jobspeak-Aug-2022.pdf,2022-08,https://www.infoedge.in/pdfs/News_Events_pdfs/Naukri-Jobspeak-Aug-2022.pdf
it_software,2022-01,5370,Naukri-Jobspeak-Aug-2022.pdf,2022-08,https://www.infoedge.in/pdfs/News_Events_pdfs/Naukri-Jobspeak-Aug-2022.pdf
it_software,2022-02,5560,Naukri-Jobspeak-Aug-2022.pdf,2022-08,https://www.infoedge.in/pdfs/News_Events_pdfs/Naukri-Jobspeak-Aug-2022.pdf
it_software,2022-03,4983,Naukri-Jobspeak-Aug-2022.pdf,2022-08,https://www.infoedge.in/pdfs/News_Events_pdfs/Naukri-Jobspeak-Aug-2022.pdf
it_software,2022-04,4656,Naukri-Jobspeak-Aug-2022.pdf,2022-08,https://www.infoedge.in/pdfs/News_Events_pdfs/Naukri-Jobspeak-Aug-2022.pdf
it_software,2022-05,4711,Naukri-Jobspeak-Aug-2022.pdf,2022-08,https://www.infoedge.in/pdfs/News_Events_pdfs/Naukri-Jobspeak-Aug-2022.pdf
it_software,2022-06,5069,Naukri-Jobspeak-Aug-2022.pdf,2022-08,https://www.infoedge.in/pdfs/News_Events_pdfs/Naukri-Jobspeak-Aug-2022.pdf
it_software,2022-07,5872,Naukri-Jobspeak-Aug-2022.pdf,2022-08,https://www.infoedge.in/pdfs/News_Events_pdfs/Naukri-Jobspeak-Aug-2022.pdf
it_software,2022-08,4881,Naukri-Jobspeak-Aug-2022.pdf,2022-08,https://www.infoedge.in/pdfs/News_Events_pdfs/Naukri-Jobspeak-Aug-2022.pdf
bpo_ites,2021-08,1994,Naukri-Jobspeak-Aug-2022.pdf,2022-08,https://www.infoedge.in/pdfs/News_Events_pdfs/Naukri-Jobspeak-Aug-2022.pdf
bpo_ites,2021-09,2229,Naukri-Jobspeak-Aug-2022.pdf,2022-08,https://www.infoedge.in/pdfs/News_Events_pdfs/Naukri-Jobspeak-Aug-2022.pdf
bpo_ites,2021-10,2044,Naukri-Jobspeak-Aug-2022.pdf,2022-08,https://www.infoedge.in/pdfs/News_Events_pdfs/Naukri-Jobspeak-Aug-2022.pdf
bpo_ites,2021-11,1771,Naukri-Jobspeak-Aug-2022.pdf,2022-08,https://www.infoedge.in/pdfs/News_Events_pdfs/Naukri-Jobspeak-Aug-2022.pdf
bpo_ites,2021-12,1567,Naukri-Jobspeak-Aug-2022.pdf,2022-08,https://www.infoedge.in/pdfs/News_Events_pdfs/Naukri-Jobspeak-Aug-2022.pdf
bpo_ites,2022-01,1987,Naukri-Jobspeak-Aug-2022.pdf,2022-08,https://www.infoedge.in/pdfs/News_Events_pdfs/Naukri-Jobspeak-Aug-2022.pdf
bpo_ites,2022-02,2468,Naukri-Jobspeak-Aug-2022.pdf,2022-08,https://www.infoedge.in/pdfs/News_Events_pdfs/Naukri-Jobspeak-Aug-2022.pdf
bpo_ites,2022-03,2458,Naukri-Jobspeak-Aug-2022.pdf,2022-08,https://www.infoedge.in/pdfs/News_Events_pdfs/Naukri-Jobspeak-Aug-2022.pdf
bpo_ites,2022-04,2659,Naukri-Jobspeak-Aug-2022.pdf,2022-08,https://www.infoedge.in/pdfs/News_Events_pdfs/Naukri-Jobspeak-Aug-2022.pdf
bpo_ites,2022-05,2617,Naukri-Jobspeak-Aug-2022.pdf,2022-08,https://www.infoedge.in/pdfs/News_Events_pdfs/Naukri-Jobspeak-Aug-2022.pdf
bpo_ites,2022-06,2600,Naukri-Jobspeak-Aug-2022.pdf,2022-08,https://www.infoedge.in/pdfs/News_Events_pdfs/Naukri-Jobspeak-Aug-2022.pdf
bpo_ites,2022-07,2587,Naukri-Jobspeak-Aug-2022.pdf,2022-08,https://www.infoedge.in/pdfs/News_Events_pdfs/Naukri-Jobspeak-Aug-2022.pdf
bpo_ites,2022-08,2325,Naukri-Jobspeak-Aug-2022.pdf,2022-08,https://www.infoedge.in/pdfs/News_Events_pdfs/Naukri-Jobspeak-Aug-2022.pdf
bpo_ites,2022-08,2325,Naukri-Jobspeak-August-2023.pdf,2023-08,https://www.infoedge.in/pdfs/News_Events_pdfs/Naukri-Jobspeak-August-2023.pdf
bpo_ites,2022-09,2619,Naukri-Jobspeak-August-2023.pdf,2023-08,https://www.infoedge.in/pdfs/News_Events_pdfs/Naukri-Jobspeak-August-2023.pdf
bpo_ites,2022-10,2131,Naukri-Jobspeak-August-2023.pdf,2023-08,https://www.infoedge.in/pdfs/News_Events_pdfs/Naukri-Jobspeak-August-2023.pdf
bpo_ites,2022-11,2511,Naukri-Jobspeak-August-2023.pdf,2023-08,https://www.infoedge.in/pdfs/News_Events_pdfs/Naukri-Jobspeak-August-2023.pdf
bpo_ites,2022-12,2249,Naukri-Jobspeak-August-2023.pdf,2023-08,https://www.infoedge.in/pdfs/News_Events_pdfs/Naukri-Jobspeak-August-2023.pdf
bpo_ites,2023-01,2303,Naukri-Jobspeak-August-2023.pdf,2023-08,https://www.infoedge.in/pdfs/News_Events_pdfs/Naukri-Jobspeak-August-2023.pdf
bpo_ites,2023-02,2456,Naukri-Jobspeak-August-2023.pdf,2023-08,https://www.infoedge.in/pdfs/News_Events_pdfs/Naukri-Jobspeak-August-2023.pdf
bpo_ites,2023-03,2415,Naukri-Jobspeak-August-2023.pdf,2023-08,https://www.infoedge.in/pdfs/News_Events_pdfs/Naukri-Jobspeak-August-2023.pdf
bpo_ites,2023-04,2186,Naukri-Jobspeak-August-2023.pdf,2023-08,https://www.infoedge.in/pdfs/News_Events_pdfs/Naukri-Jobspeak-August-2023.pdf
bpo_ites,2023-05,2256,Naukri-Jobspeak-August-2023.pdf,2023-08,https://www.infoedge.in/pdfs/News_Events_pdfs/Naukri-Jobspeak-August-2023.pdf
bpo_ites,2023-06,2163,Naukri-Jobspeak-August-2023.pdf,2023-08,https://www.infoedge.in/pdfs/News_Events_pdfs/Naukri-Jobspeak-August-2023.pdf
bpo_ites,2023-07,2036,Naukri-Jobspeak-August-2023.pdf,2023-08,https://www.infoedge.in/pdfs/News_Events_pdfs/Naukri-Jobspeak-August-2023.pdf
bpo_ites,2023-08,2085,Naukri-Jobspeak-August-2023.pdf,2023-08,https://www.infoedge.in/pdfs/News_Events_pdfs/Naukri-Jobspeak-August-2023.pdf
it_software,2022-08,4881,Naukri-Jobspeak-August-2023.pdf,2023-08,https://www.infoedge.in/pdfs/News_Events_pdfs/Naukri-Jobspeak-August-2023.pdf
it_software,2022-09,5283,Naukri-Jobspeak-August-2023.pdf,2023-08,https://www.infoedge.in/pdfs/News_Events_pdfs/Naukri-Jobspeak-August-2023.pdf
it_software,2022-10,3825,Naukri-Jobspeak-August-2023.pdf,2023-08,https://www.infoedge.in/pdfs/News_Events_pdfs/Naukri-Jobspeak-August-2023.pdf
it_software,2022-11,4674,Naukri-Jobspeak-August-2023.pdf,2023-08,https://www.infoedge.in/pdfs/News_Events_pdfs/Naukri-Jobspeak-August-2023.pdf
it_software,2022-12,4087,Naukri-Jobspeak-August-2023.pdf,2023-08,https://www.infoedge.in/pdfs/News_Events_pdfs/Naukri-Jobspeak-August-2023.pdf
it_software,2023-01,4010,Naukri-Jobspeak-August-2023.pdf,2023-08,https://www.infoedge.in/pdfs/News_Events_pdfs/Naukri-Jobspeak-August-2023.pdf
it_software,2023-02,4428,Naukri-Jobspeak-August-2023.pdf,2023-08,https://www.infoedge.in/pdfs/News_Events_pdfs/Naukri-Jobspeak-August-2023.pdf
it_software,2023-03,4147,Naukri-Jobspeak-August-2023.pdf,2023-08,https://www.infoedge.in/pdfs/News_Events_pdfs/Naukri-Jobspeak-August-2023.pdf
it_software,2023-04,3392,Naukri-Jobspeak-August-2023.pdf,2023-08,https://www.infoedge.in/pdfs/News_Events_pdfs/Naukri-Jobspeak-August-2023.pdf
it_software,2023-05,3618,Naukri-Jobspeak-August-2023.pdf,2023-08,https://www.infoedge.in/pdfs/News_Events_pdfs/Naukri-Jobspeak-August-2023.pdf
it_software,2023-06,3511,Naukri-Jobspeak-August-2023.pdf,2023-08,https://www.infoedge.in/pdfs/News_Events_pdfs/Naukri-Jobspeak-August-2023.pdf
it_software,2023-07,3187,Naukri-Jobspeak-August-2023.pdf,2023-08,https://www.infoedge.in/pdfs/News_Events_pdfs/Naukri-Jobspeak-August-2023.pdf
it_software,2023-08,3278,Naukri-Jobspeak-August-2023.pdf,2023-08,https://www.infoedge.in/pdfs/News_Events_pdfs/Naukri-Jobspeak-August-2023.pdf
exp_0_3,2022-08,2999,Naukri-Jobspeak-August-2023.pdf,2023-08,https://www.infoedge.in/pdfs/News_Events_pdfs/Naukri-Jobspeak-August-2023.pdf
exp_0_3,2022-09,3265,Naukri-Jobspeak-August-2023.pdf,2023-08,https://www.infoedge.in/pdfs/News_Events_pdfs/Naukri-Jobspeak-August-2023.pdf
exp_0_3,2022-10,2642,Naukri-Jobspeak-August-2023.pdf,2023-08,https://www.infoedge.in/pdfs/News_Events_pdfs/Naukri-Jobspeak-August-2023.pdf
exp_0_3,2022-11,3253,Naukri-Jobspeak-August-2023.pdf,2023-08,https://www.infoedge.in/pdfs/News_Events_pdfs/Naukri-Jobspeak-August-2023.pdf
exp_0_3,2022-12,3106,Naukri-Jobspeak-August-2023.pdf,2023-08,https://www.infoedge.in/pdfs/News_Events_pdfs/Naukri-Jobspeak-August-2023.pdf
exp_0_3,2023-01,2926,Naukri-Jobspeak-August-2023.pdf,2023-08,https://www.infoedge.in/pdfs/News_Events_pdfs/Naukri-Jobspeak-August-2023.pdf
exp_0_3,2023-02,3073,Naukri-Jobspeak-August-2023.pdf,2023-08,https://www.infoedge.in/pdfs/News_Events_pdfs/Naukri-Jobspeak-August-2023.pdf
exp_0_3,2023-03,3144,Naukri-Jobspeak-August-2023.pdf,2023-08,https://www.infoedge.in/pdfs/News_Events_pdfs/Naukri-Jobspeak-August-2023.pdf
exp_0_3,2023-04,2834,Naukri-Jobspeak-August-2023.pdf,2023-08,https://www.infoedge.in/pdfs/News_Events_pdfs/Naukri-Jobspeak-August-2023.pdf
exp_0_3,2023-05,2945,Naukri-Jobspeak-August-2023.pdf,2023-08,https://www.infoedge.in/pdfs/News_Events_pdfs/Naukri-Jobspeak-August-2023.pdf
exp_0_3,2023-06,2890,Naukri-Jobspeak-August-2023.pdf,2023-08,https://www.infoedge.in/pdfs/News_Events_pdfs/Naukri-Jobspeak-August-2023.pdf
exp_0_3,2023-07,2672,Naukri-Jobspeak-August-2023.pdf,2023-08,https://www.infoedge.in/pdfs/News_Events_pdfs/Naukri-Jobspeak-August-2023.pdf
exp_0_3,2023-08,2769,Naukri-Jobspeak-August-2023.pdf,2023-08,https://www.infoedge.in/pdfs/News_Events_pdfs/Naukri-Jobspeak-August-2023.pdf
exp_4_7,2022-08,3053,Naukri-Jobspeak-August-2023.pdf,2023-08,https://www.infoedge.in/pdfs/News_Events_pdfs/Naukri-Jobspeak-August-2023.pdf
exp_4_7,2022-09,3346,Naukri-Jobspeak-August-2023.pdf,2023-08,https://www.infoedge.in/pdfs/News_Events_pdfs/Naukri-Jobspeak-August-2023.pdf
exp_4_7,2022-10,2632,Naukri-Jobspeak-August-2023.pdf,2023-08,https://www.infoedge.in/pdfs/News_Events_pdfs/Naukri-Jobspeak-August-2023.pdf
exp_4_7,2022-11,3293,Naukri-Jobspeak-August-2023.pdf,2023-08,https://www.infoedge.in/pdfs/News_Events_pdfs/Naukri-Jobspeak-August-2023.pdf
exp_4_7,2022-12,2998,Naukri-Jobspeak-August-2023.pdf,2023-08,https://www.infoedge.in/pdfs/News_Events_pdfs/Naukri-Jobspeak-August-2023.pdf
exp_4_7,2023-01,2871,Naukri-Jobspeak-August-2023.pdf,2023-08,https://www.infoedge.in/pdfs/News_Events_pdfs/Naukri-Jobspeak-August-2023.pdf
exp_4_7,2023-02,3104,Naukri-Jobspeak-August-2023.pdf,2023-08,https://www.infoedge.in/pdfs/News_Events_pdfs/Naukri-Jobspeak-August-2023.pdf
exp_4_7,2023-03,3010,Naukri-Jobspeak-August-2023.pdf,2023-08,https://www.infoedge.in/pdfs/News_Events_pdfs/Naukri-Jobspeak-August-2023.pdf
exp_4_7,2023-04,2725,Naukri-Jobspeak-August-2023.pdf,2023-08,https://www.infoedge.in/pdfs/News_Events_pdfs/Naukri-Jobspeak-August-2023.pdf
exp_4_7,2023-05,2846,Naukri-Jobspeak-August-2023.pdf,2023-08,https://www.infoedge.in/pdfs/News_Events_pdfs/Naukri-Jobspeak-August-2023.pdf
exp_4_7,2023-06,2770,Naukri-Jobspeak-August-2023.pdf,2023-08,https://www.infoedge.in/pdfs/News_Events_pdfs/Naukri-Jobspeak-August-2023.pdf
exp_4_7,2023-07,2516,Naukri-Jobspeak-August-2023.pdf,2023-08,https://www.infoedge.in/pdfs/News_Events_pdfs/Naukri-Jobspeak-August-2023.pdf
exp_4_7,2023-08,2567,Naukri-Jobspeak-August-2023.pdf,2023-08,https://www.infoedge.in/pdfs/News_Events_pdfs/Naukri-Jobspeak-August-2023.pdf
exp_8_12,2022-08,2644,Naukri-Jobspeak-August-2023.pdf,2023-08,https://www.infoedge.in/pdfs/News_Events_pdfs/Naukri-Jobspeak-August-2023.pdf
exp_8_12,2022-09,2914,Naukri-Jobspeak-August-2023.pdf,2023-08,https://www.infoedge.in/pdfs/News_Events_pdfs/Naukri-Jobspeak-August-2023.pdf
exp_8_12,2022-10,2229,Naukri-Jobspeak-August-2023.pdf,2023-08,https://www.infoedge.in/pdfs/News_Events_pdfs/Naukri-Jobspeak-August-2023.pdf
exp_8_12,2022-11,2864,Naukri-Jobspeak-August-2023.pdf,2023-08,https://www.infoedge.in/pdfs/News_Events_pdfs/Naukri-Jobspeak-August-2023.pdf
exp_8_12,2022-12,2676,Naukri-Jobspeak-August-2023.pdf,2023-08,https://www.infoedge.in/pdfs/News_Events_pdfs/Naukri-Jobspeak-August-2023.pdf
exp_8_12,2023-01,2568,Naukri-Jobspeak-August-2023.pdf,2023-08,https://www.infoedge.in/pdfs/News_Events_pdfs/Naukri-Jobspeak-August-2023.pdf
exp_8_12,2023-02,2885,Naukri-Jobspeak-August-2023.pdf,2023-08,https://www.infoedge.in/pdfs/News_Events_pdfs/Naukri-Jobspeak-August-2023.pdf
exp_8_12,2023-03,2859,Naukri-Jobspeak-August-2023.pdf,2023-08,https://www.infoedge.in/pdfs/News_Events_pdfs/Naukri-Jobspeak-August-2023.pdf
exp_8_12,2023-04,2625,Naukri-Jobspeak-August-2023.pdf,2023-08,https://www.infoedge.in/pdfs/News_Events_pdfs/Naukri-Jobspeak-August-2023.pdf
exp_8_12,2023-05,2774,Naukri-Jobspeak-August-2023.pdf,2023-08,https://www.infoedge.in/pdfs/News_Events_pdfs/Naukri-Jobspeak-August-2023.pdf
exp_8_12,2023-06,2724,Naukri-Jobspeak-August-2023.pdf,2023-08,https://www.infoedge.in/pdfs/News_Events_pdfs/Naukri-Jobspeak-August-2023.pdf
exp_8_12,2023-07,2507,Naukri-Jobspeak-August-2023.pdf,2023-08,https://www.infoedge.in/pdfs/News_Events_pdfs/Naukri-Jobspeak-August-2023.pdf
exp_8_12,2023-08,2633,Naukri-Jobspeak-August-2023.pdf,2023-08,https://www.infoedge.in/pdfs/News_Events_pdfs/Naukri-Jobspeak-August-2023.pdf
exp_13_16,2022-08,1928,Naukri-Jobspeak-August-2023.pdf,2023-08,https://www.infoedge.in/pdfs/News_Events_pdfs/Naukri-Jobspeak-August-2023.pdf
exp_13_16,2022-09,2178,Naukri-Jobspeak-August-2023.pdf,2023-08,https://www.infoedge.in/pdfs/News_Events_pdfs/Naukri-Jobspeak-August-2023.pdf
exp_13_16,2022-10,1771,Naukri-Jobspeak-August-2023.pdf,2023-08,https://www.infoedge.in/pdfs/News_Events_pdfs/Naukri-Jobspeak-August-2023.pdf
exp_13_16,2022-11,2342,Naukri-Jobspeak-August-2023.pdf,2023-08,https://www.infoedge.in/pdfs/News_Events_pdfs/Naukri-Jobspeak-August-2023.pdf
exp_13_16,2022-12,2231,Naukri-Jobspeak-August-2023.pdf,2023-08,https://www.infoedge.in/pdfs/News_Events_pdfs/Naukri-Jobspeak-August-2023.pdf
exp_13_16,2023-01,2159,Naukri-Jobspeak-August-2023.pdf,2023-08,https://www.infoedge.in/pdfs/News_Events_pdfs/Naukri-Jobspeak-August-2023.pdf
exp_13_16,2023-02,2362,Naukri-Jobspeak-August-2023.pdf,2023-08,https://www.infoedge.in/pdfs/News_Events_pdfs/Naukri-Jobspeak-August-2023.pdf
exp_13_16,2023-03,2389,Naukri-Jobspeak-August-2023.pdf,2023-08,https://www.infoedge.in/pdfs/News_Events_pdfs/Naukri-Jobspeak-August-2023.pdf
exp_13_16,2023-04,2217,Naukri-Jobspeak-August-2023.pdf,2023-08,https://www.infoedge.in/pdfs/News_Events_pdfs/Naukri-Jobspeak-August-2023.pdf
exp_13_16,2023-05,2370,Naukri-Jobspeak-August-2023.pdf,2023-08,https://www.infoedge.in/pdfs/News_Events_pdfs/Naukri-Jobspeak-August-2023.pdf
exp_13_16,2023-06,2379,Naukri-Jobspeak-August-2023.pdf,2023-08,https://www.infoedge.in/pdfs/News_Events_pdfs/Naukri-Jobspeak-August-2023.pdf
exp_13_16,2023-07,2271,Naukri-Jobspeak-August-2023.pdf,2023-08,https://www.infoedge.in/pdfs/News_Events_pdfs/Naukri-Jobspeak-August-2023.pdf
exp_13_16,2023-08,2372,Naukri-Jobspeak-August-2023.pdf,2023-08,https://www.infoedge.in/pdfs/News_Events_pdfs/Naukri-Jobspeak-August-2023.pdf
exp_16plus,2022-08,1693,Naukri-Jobspeak-August-2023.pdf,2023-08,https://www.infoedge.in/pdfs/News_Events_pdfs/Naukri-Jobspeak-August-2023.pdf
exp_16plus,2022-09,1946,Naukri-Jobspeak-August-2023.pdf,2023-08,https://www.infoedge.in/pdfs/News_Events_pdfs/Naukri-Jobspeak-August-2023.pdf
exp_16plus,2022-10,1613,Naukri-Jobspeak-August-2023.pdf,2023-08,https://www.infoedge.in/pdfs/News_Events_pdfs/Naukri-Jobspeak-August-2023.pdf
exp_16plus,2022-11,2055,Naukri-Jobspeak-August-2023.pdf,2023-08,https://www.infoedge.in/pdfs/News_Events_pdfs/Naukri-Jobspeak-August-2023.pdf
exp_16plus,2022-12,2184,Naukri-Jobspeak-August-2023.pdf,2023-08,https://www.infoedge.in/pdfs/News_Events_pdfs/Naukri-Jobspeak-August-2023.pdf
exp_16plus,2023-01,2051,Naukri-Jobspeak-August-2023.pdf,2023-08,https://www.infoedge.in/pdfs/News_Events_pdfs/Naukri-Jobspeak-August-2023.pdf
exp_16plus,2023-02,2273,Naukri-Jobspeak-August-2023.pdf,2023-08,https://www.infoedge.in/pdfs/News_Events_pdfs/Naukri-Jobspeak-August-2023.pdf
exp_16plus,2023-03,2373,Naukri-Jobspeak-August-2023.pdf,2023-08,https://www.infoedge.in/pdfs/News_Events_pdfs/Naukri-Jobspeak-August-2023.pdf
exp_16plus,2023-04,2230,Naukri-Jobspeak-August-2023.pdf,2023-08,https://www.infoedge.in/pdfs/News_Events_pdfs/Naukri-Jobspeak-August-2023.pdf
exp_16plus,2023-05,2355,Naukri-Jobspeak-August-2023.pdf,2023-08,https://www.infoedge.in/pdfs/News_Events_pdfs/Naukri-Jobspeak-August-2023.pdf
exp_16plus,2023-06,2370,Naukri-Jobspeak-August-2023.pdf,2023-08,https://www.infoedge.in/pdfs/News_Events_pdfs/Naukri-Jobspeak-August-2023.pdf
exp_16plus,2023-07,2276,Naukri-Jobspeak-August-2023.pdf,2023-08,https://www.infoedge.in/pdfs/News_Events_pdfs/Naukri-Jobspeak-August-2023.pdf
exp_16plus,2023-08,2457,Naukri-Jobspeak-August-2023.pdf,2023-08,https://www.infoedge.in/pdfs/News_Events_pdfs/Naukri-Jobspeak-August-2023.pdf
bpo_ites,2023-08,2085,Naukri-Jobspeak-August-2024.pdf,2024-08,https://www.infoedge.in/pdfs/News_Events_pdfs/Naukri-Jobspeak-August-2024.pdf
bpo_ites,2023-09,1952,Naukri-Jobspeak-August-2024.pdf,2024-08,https://www.infoedge.in/pdfs/News_Events_pdfs/Naukri-Jobspeak-August-2024.pdf
bpo_ites,2023-10,2179,Naukri-Jobspeak-August-2024.pdf,2024-08,https://www.infoedge.in/pdfs/News_Events_pdfs/Naukri-Jobspeak-August-2024.pdf
bpo_ites,2023-11,2054,Naukri-Jobspeak-August-2024.pdf,2024-08,https://www.infoedge.in/pdfs/News_Events_pdfs/Naukri-Jobspeak-August-2024.pdf
bpo_ites,2023-12,1872,Naukri-Jobspeak-August-2024.pdf,2024-08,https://www.infoedge.in/pdfs/News_Events_pdfs/Naukri-Jobspeak-August-2024.pdf
bpo_ites,2024-01,1939,Naukri-Jobspeak-August-2024.pdf,2024-08,https://www.infoedge.in/pdfs/News_Events_pdfs/Naukri-Jobspeak-August-2024.pdf
bpo_ites,2024-02,2157,Naukri-Jobspeak-August-2024.pdf,2024-08,https://www.infoedge.in/pdfs/News_Events_pdfs/Naukri-Jobspeak-August-2024.pdf
bpo_ites,2024-03,2264,Naukri-Jobspeak-August-2024.pdf,2024-08,https://www.infoedge.in/pdfs/News_Events_pdfs/Naukri-Jobspeak-August-2024.pdf
bpo_ites,2024-04,2181,Naukri-Jobspeak-August-2024.pdf,2024-08,https://www.infoedge.in/pdfs/News_Events_pdfs/Naukri-Jobspeak-August-2024.pdf
bpo_ites,2024-05,2195,Naukri-Jobspeak-August-2024.pdf,2024-08,https://www.infoedge.in/pdfs/News_Events_pdfs/Naukri-Jobspeak-August-2024.pdf
bpo_ites,2024-06,1961,Naukri-Jobspeak-August-2024.pdf,2024-08,https://www.infoedge.in/pdfs/News_Events_pdfs/Naukri-Jobspeak-August-2024.pdf
bpo_ites,2024-07,2157,Naukri-Jobspeak-August-2024.pdf,2024-08,https://www.infoedge.in/pdfs/News_Events_pdfs/Naukri-Jobspeak-August-2024.pdf
bpo_ites,2024-08,1995,Naukri-Jobspeak-August-2024.pdf,2024-08,https://www.infoedge.in/pdfs/News_Events_pdfs/Naukri-Jobspeak-August-2024.pdf
exp_0_3,2023-08,2769,Naukri-Jobspeak-August-2024.pdf,2024-08,https://www.infoedge.in/pdfs/News_Events_pdfs/Naukri-Jobspeak-August-2024.pdf
exp_0_3,2023-09,2933,Naukri-Jobspeak-August-2024.pdf,2024-08,https://www.infoedge.in/pdfs/News_Events_pdfs/Naukri-Jobspeak-August-2024.pdf
exp_0_3,2023-10,2642,Naukri-Jobspeak-August-2024.pdf,2024-08,https://www.infoedge.in/pdfs/News_Events_pdfs/Naukri-Jobspeak-August-2024.pdf
exp_0_3,2023-11,2484,Naukri-Jobspeak-August-2024.pdf,2024-08,https://www.infoedge.in/pdfs/News_Events_pdfs/Naukri-Jobspeak-August-2024.pdf
exp_0_3,2023-12,2618,Naukri-Jobspeak-August-2024.pdf,2024-08,https://www.infoedge.in/pdfs/News_Events_pdfs/Naukri-Jobspeak-August-2024.pdf
exp_0_3,2024-01,2621,Naukri-Jobspeak-August-2024.pdf,2024-08,https://www.infoedge.in/pdfs/News_Events_pdfs/Naukri-Jobspeak-August-2024.pdf
exp_0_3,2024-02,2822,Naukri-Jobspeak-August-2024.pdf,2024-08,https://www.infoedge.in/pdfs/News_Events_pdfs/Naukri-Jobspeak-August-2024.pdf
exp_0_3,2024-03,2788,Naukri-Jobspeak-August-2024.pdf,2024-08,https://www.infoedge.in/pdfs/News_Events_pdfs/Naukri-Jobspeak-August-2024.pdf
exp_0_3,2024-04,2783,Naukri-Jobspeak-August-2024.pdf,2024-08,https://www.infoedge.in/pdfs/News_Events_pdfs/Naukri-Jobspeak-August-2024.pdf
exp_0_3,2024-05,2891,Naukri-Jobspeak-August-2024.pdf,2024-08,https://www.infoedge.in/pdfs/News_Events_pdfs/Naukri-Jobspeak-August-2024.pdf
exp_0_3,2024-06,2619,Naukri-Jobspeak-August-2024.pdf,2024-08,https://www.infoedge.in/pdfs/News_Events_pdfs/Naukri-Jobspeak-August-2024.pdf
exp_0_3,2024-07,2869,Naukri-Jobspeak-August-2024.pdf,2024-08,https://www.infoedge.in/pdfs/News_Events_pdfs/Naukri-Jobspeak-August-2024.pdf
exp_0_3,2024-08,2585,Naukri-Jobspeak-August-2024.pdf,2024-08,https://www.infoedge.in/pdfs/News_Events_pdfs/Naukri-Jobspeak-August-2024.pdf
exp_4_7,2023-08,2567,Naukri-Jobspeak-August-2024.pdf,2024-08,https://www.infoedge.in/pdfs/News_Events_pdfs/Naukri-Jobspeak-August-2024.pdf
exp_4_7,2023-09,2717,Naukri-Jobspeak-August-2024.pdf,2024-08,https://www.infoedge.in/pdfs/News_Events_pdfs/Naukri-Jobspeak-August-2024.pdf
exp_4_7,2023-10,2361,Naukri-Jobspeak-August-2024.pdf,2024-08,https://www.infoedge.in/pdfs/News_Events_pdfs/Naukri-Jobspeak-August-2024.pdf
exp_4_7,2023-11,2282,Naukri-Jobspeak-August-2024.pdf,2024-08,https://www.infoedge.in/pdfs/News_Events_pdfs/Naukri-Jobspeak-August-2024.pdf
exp_4_7,2023-12,2316,Naukri-Jobspeak-August-2024.pdf,2024-08,https://www.infoedge.in/pdfs/News_Events_pdfs/Naukri-Jobspeak-August-2024.pdf
exp_4_7,2024-01,2339,Naukri-Jobspeak-August-2024.pdf,2024-08,https://www.infoedge.in/pdfs/News_Events_pdfs/Naukri-Jobspeak-August-2024.pdf
exp_4_7,2024-02,2624,Naukri-Jobspeak-August-2024.pdf,2024-08,https://www.infoedge.in/pdfs/News_Events_pdfs/Naukri-Jobspeak-August-2024.pdf
exp_4_7,2024-03,2482,Naukri-Jobspeak-August-2024.pdf,2024-08,https://www.infoedge.in/pdfs/News_Events_pdfs/Naukri-Jobspeak-August-2024.pdf
exp_4_7,2024-04,2471,Naukri-Jobspeak-August-2024.pdf,2024-08,https://www.infoedge.in/pdfs/News_Events_pdfs/Naukri-Jobspeak-August-2024.pdf
exp_4_7,2024-05,2607,Naukri-Jobspeak-August-2024.pdf,2024-08,https://www.infoedge.in/pdfs/News_Events_pdfs/Naukri-Jobspeak-August-2024.pdf
exp_4_7,2024-06,2420,Naukri-Jobspeak-August-2024.pdf,2024-08,https://www.infoedge.in/pdfs/News_Events_pdfs/Naukri-Jobspeak-August-2024.pdf
exp_4_7,2024-07,2688,Naukri-Jobspeak-August-2024.pdf,2024-08,https://www.infoedge.in/pdfs/News_Events_pdfs/Naukri-Jobspeak-August-2024.pdf
exp_4_7,2024-08,2401,Naukri-Jobspeak-August-2024.pdf,2024-08,https://www.infoedge.in/pdfs/News_Events_pdfs/Naukri-Jobspeak-August-2024.pdf
exp_8_12,2023-08,2633,Naukri-Jobspeak-August-2024.pdf,2024-08,https://www.infoedge.in/pdfs/News_Events_pdfs/Naukri-Jobspeak-August-2024.pdf
exp_8_12,2023-09,2861,Naukri-Jobspeak-August-2024.pdf,2024-08,https://www.infoedge.in/pdfs/News_Events_pdfs/Naukri-Jobspeak-August-2024.pdf
exp_8_12,2023-10,2431,Naukri-Jobspeak-August-2024.pdf,2024-08,https://www.infoedge.in/pdfs/News_Events_pdfs/Naukri-Jobspeak-August-2024.pdf
exp_8_12,2023-11,2343,Naukri-Jobspeak-August-2024.pdf,2024-08,https://www.infoedge.in/pdfs/News_Events_pdfs/Naukri-Jobspeak-August-2024.pdf
exp_8_12,2023-12,2366,Naukri-Jobspeak-August-2024.pdf,2024-08,https://www.infoedge.in/pdfs/News_Events_pdfs/Naukri-Jobspeak-August-2024.pdf
exp_8_12,2024-01,2374,Naukri-Jobspeak-August-2024.pdf,2024-08,https://www.infoedge.in/pdfs/News_Events_pdfs/Naukri-Jobspeak-August-2024.pdf
exp_8_12,2024-02,2797,Naukri-Jobspeak-August-2024.pdf,2024-08,https://www.infoedge.in/pdfs/News_Events_pdfs/Naukri-Jobspeak-August-2024.pdf
exp_8_12,2024-03,2655,Naukri-Jobspeak-August-2024.pdf,2024-08,https://www.infoedge.in/pdfs/News_Events_pdfs/Naukri-Jobspeak-August-2024.pdf
exp_8_12,2024-04,2619,Naukri-Jobspeak-August-2024.pdf,2024-08,https://www.infoedge.in/pdfs/News_Events_pdfs/Naukri-Jobspeak-August-2024.pdf
exp_8_12,2024-05,2807,Naukri-Jobspeak-August-2024.pdf,2024-08,https://www.infoedge.in/pdfs/News_Events_pdfs/Naukri-Jobspeak-August-2024.pdf
exp_8_12,2024-06,2590,Naukri-Jobspeak-August-2024.pdf,2024-08,https://www.infoedge.in/pdfs/News_Events_pdfs/Naukri-Jobspeak-August-2024.pdf
exp_8_12,2024-07,2920,Naukri-Jobspeak-August-2024.pdf,2024-08,https://www.infoedge.in/pdfs/News_Events_pdfs/Naukri-Jobspeak-August-2024.pdf
exp_8_12,2024-08,2600,Naukri-Jobspeak-August-2024.pdf,2024-08,https://www.infoedge.in/pdfs/News_Events_pdfs/Naukri-Jobspeak-August-2024.pdf
exp_13_16,2023-08,2372,Naukri-Jobspeak-August-2024.pdf,2024-08,https://www.infoedge.in/pdfs/News_Events_pdfs/Naukri-Jobspeak-August-2024.pdf
exp_13_16,2023-09,2421,Naukri-Jobspeak-August-2024.pdf,2024-08,https://www.infoedge.in/pdfs/News_Events_pdfs/Naukri-Jobspeak-August-2024.pdf
exp_13_16,2023-10,2227,Naukri-Jobspeak-August-2024.pdf,2024-08,https://www.infoedge.in/pdfs/News_Events_pdfs/Naukri-Jobspeak-August-2024.pdf
exp_13_16,2023-11,2116,Naukri-Jobspeak-August-2024.pdf,2024-08,https://www.infoedge.in/pdfs/News_Events_pdfs/Naukri-Jobspeak-August-2024.pdf
exp_13_16,2023-12,2195,Naukri-Jobspeak-August-2024.pdf,2024-08,https://www.infoedge.in/pdfs/News_Events_pdfs/Naukri-Jobspeak-August-2024.pdf
exp_13_16,2024-01,2196,Naukri-Jobspeak-August-2024.pdf,2024-08,https://www.infoedge.in/pdfs/News_Events_pdfs/Naukri-Jobspeak-August-2024.pdf
exp_13_16,2024-02,2523,Naukri-Jobspeak-August-2024.pdf,2024-08,https://www.infoedge.in/pdfs/News_Events_pdfs/Naukri-Jobspeak-August-2024.pdf
exp_13_16,2024-03,2412,Naukri-Jobspeak-August-2024.pdf,2024-08,https://www.infoedge.in/pdfs/News_Events_pdfs/Naukri-Jobspeak-August-2024.pdf
exp_13_16,2024-04,2407,Naukri-Jobspeak-August-2024.pdf,2024-08,https://www.infoedge.in/pdfs/News_Events_pdfs/Naukri-Jobspeak-August-2024.pdf
exp_13_16,2024-05,2570,Naukri-Jobspeak-August-2024.pdf,2024-08,https://www.infoedge.in/pdfs/News_Events_pdfs/Naukri-Jobspeak-August-2024.pdf
exp_13_16,2024-06,2379,Naukri-Jobspeak-August-2024.pdf,2024-08,https://www.infoedge.in/pdfs/News_Events_pdfs/Naukri-Jobspeak-August-2024.pdf
exp_13_16,2024-07,2671,Naukri-Jobspeak-August-2024.pdf,2024-08,https://www.infoedge.in/pdfs/News_Events_pdfs/Naukri-Jobspeak-August-2024.pdf
exp_13_16,2024-08,2407,Naukri-Jobspeak-August-2024.pdf,2024-08,https://www.infoedge.in/pdfs/News_Events_pdfs/Naukri-Jobspeak-August-2024.pdf
exp_16plus,2023-08,2457,Naukri-Jobspeak-August-2024.pdf,2024-08,https://www.infoedge.in/pdfs/News_Events_pdfs/Naukri-Jobspeak-August-2024.pdf
exp_16plus,2023-09,2522,Naukri-Jobspeak-August-2024.pdf,2024-08,https://www.infoedge.in/pdfs/News_Events_pdfs/Naukri-Jobspeak-August-2024.pdf
exp_16plus,2023-10,2361,Naukri-Jobspeak-August-2024.pdf,2024-08,https://www.infoedge.in/pdfs/News_Events_pdfs/Naukri-Jobspeak-August-2024.pdf
exp_16plus,2023-11,2247,Naukri-Jobspeak-August-2024.pdf,2024-08,https://www.infoedge.in/pdfs/News_Events_pdfs/Naukri-Jobspeak-August-2024.pdf
exp_16plus,2023-12,2357,Naukri-Jobspeak-August-2024.pdf,2024-08,https://www.infoedge.in/pdfs/News_Events_pdfs/Naukri-Jobspeak-August-2024.pdf
exp_16plus,2024-01,2429,Naukri-Jobspeak-August-2024.pdf,2024-08,https://www.infoedge.in/pdfs/News_Events_pdfs/Naukri-Jobspeak-August-2024.pdf
exp_16plus,2024-02,2744,Naukri-Jobspeak-August-2024.pdf,2024-08,https://www.infoedge.in/pdfs/News_Events_pdfs/Naukri-Jobspeak-August-2024.pdf
exp_16plus,2024-03,2640,Naukri-Jobspeak-August-2024.pdf,2024-08,https://www.infoedge.in/pdfs/News_Events_pdfs/Naukri-Jobspeak-August-2024.pdf
exp_16plus,2024-04,2690,Naukri-Jobspeak-August-2024.pdf,2024-08,https://www.infoedge.in/pdfs/News_Events_pdfs/Naukri-Jobspeak-August-2024.pdf
exp_16plus,2024-05,2893,Naukri-Jobspeak-August-2024.pdf,2024-08,https://www.infoedge.in/pdfs/News_Events_pdfs/Naukri-Jobspeak-August-2024.pdf
exp_16plus,2024-06,2687,Naukri-Jobspeak-August-2024.pdf,2024-08,https://www.infoedge.in/pdfs/News_Events_pdfs/Naukri-Jobspeak-August-2024.pdf
exp_16plus,2024-07,2994,Naukri-Jobspeak-August-2024.pdf,2024-08,https://www.infoedge.in/pdfs/News_Events_pdfs/Naukri-Jobspeak-August-2024.pdf
exp_16plus,2024-08,2729,Naukri-Jobspeak-August-2024.pdf,2024-08,https://www.infoedge.in/pdfs/News_Events_pdfs/Naukri-Jobspeak-August-2024.pdf
it_software,2023-08,3278,Naukri-Jobspeak-August-2024.pdf,2024-08,https://www.infoedge.in/pdfs/News_Events_pdfs/Naukri-Jobspeak-August-2024.pdf
it_software,2023-09,2989,Naukri-Jobspeak-August-2024.pdf,2024-08,https://www.infoedge.in/pdfs/News_Events_pdfs/Naukri-Jobspeak-August-2024.pdf
it_software,2023-10,3302,Naukri-Jobspeak-August-2024.pdf,2024-08,https://www.infoedge.in/pdfs/News_Events_pdfs/Naukri-Jobspeak-August-2024.pdf
it_software,2023-11,3349,Naukri-Jobspeak-August-2024.pdf,2024-08,https://www.infoedge.in/pdfs/News_Events_pdfs/Naukri-Jobspeak-August-2024.pdf
it_software,2023-12,3210,Naukri-Jobspeak-August-2024.pdf,2024-08,https://www.infoedge.in/pdfs/News_Events_pdfs/Naukri-Jobspeak-August-2024.pdf
it_software,2024-01,3233,Naukri-Jobspeak-August-2024.pdf,2024-08,https://www.infoedge.in/pdfs/News_Events_pdfs/Naukri-Jobspeak-August-2024.pdf
it_software,2024-02,3748,Naukri-Jobspeak-August-2024.pdf,2024-08,https://www.infoedge.in/pdfs/News_Events_pdfs/Naukri-Jobspeak-August-2024.pdf
it_software,2024-03,3501,Naukri-Jobspeak-August-2024.pdf,2024-08,https://www.infoedge.in/pdfs/News_Events_pdfs/Naukri-Jobspeak-August-2024.pdf
it_software,2024-04,3456,Naukri-Jobspeak-August-2024.pdf,2024-08,https://www.infoedge.in/pdfs/News_Events_pdfs/Naukri-Jobspeak-August-2024.pdf
it_software,2024-05,3630,Naukri-Jobspeak-August-2024.pdf,2024-08,https://www.infoedge.in/pdfs/News_Events_pdfs/Naukri-Jobspeak-August-2024.pdf
it_software,2024-06,3341,Naukri-Jobspeak-August-2024.pdf,2024-08,https://www.infoedge.in/pdfs/News_Events_pdfs/Naukri-Jobspeak-August-2024.pdf
it_software,2024-07,3713,Naukri-Jobspeak-August-2024.pdf,2024-08,https://www.infoedge.in/pdfs/News_Events_pdfs/Naukri-Jobspeak-August-2024.pdf
it_software,2024-08,3310,Naukri-Jobspeak-August-2024.pdf,2024-08,https://www.infoedge.in/pdfs/News_Events_pdfs/Naukri-Jobspeak-August-2024.pdf
bpo_ites,2025-08,2332,Naukri-Jobspeak-August-2026.pdf,2026-08,https://www.infoedge.in/pdfs/News_Events_pdfs/Naukri-Jobspeak-August-2026.pdf
bpo_ites,2025-09,2532,Naukri-Jobspeak-August-2026.pdf,2026-08,https://www.infoedge.in/pdfs/News_Events_pdfs/Naukri-Jobspeak-August-2026.pdf
bpo_ites,2025-10,2193,Naukri-Jobspeak-August-2026.pdf,2026-08,https://www.infoedge.in/pdfs/News_Events_pdfs/Naukri-Jobspeak-August-2026.pdf
bpo_ites,2025-11,2475,Naukri-Jobspeak-August-2026.pdf,2026-08,https://www.infoedge.in/pdfs/News_Events_pdfs/Naukri-Jobspeak-August-2026.pdf
bpo_ites,2025-12,2460,Naukri-Jobspeak-August-2026.pdf,2026-08,https://www.infoedge.in/pdfs/News_Events_pdfs/Naukri-Jobspeak-August-2026.pdf
bpo_ites,2026-01,2306,Naukri-Jobspeak-August-2026.pdf,2026-08,https://www.infoedge.in/pdfs/News_Events_pdfs/Naukri-Jobspeak-August-2026.pdf
bpo_ites,2026-02,2643,Naukri-Jobspeak-August-2026.pdf,2026-08,https://www.infoedge.in/pdfs/News_Events_pdfs/Naukri-Jobspeak-August-2026.pdf
bpo_ites,2026-03,2477,Naukri-Jobspeak-August-2026.pdf,2026-08,https://www.infoedge.in/pdfs/News_Events_pdfs/Naukri-Jobspeak-August-2026.pdf
bpo_ites,2026-04,2672,Naukri-Jobspeak-August-2026.pdf,2026-08,https://www.infoedge.in/pdfs/News_Events_pdfs/Naukri-Jobspeak-August-2026.pdf
bpo_ites,2026-05,2483,Naukri-Jobspeak-August-2026.pdf,2026-08,https://www.infoedge.in/pdfs/News_Events_pdfs/Naukri-Jobspeak-August-2026.pdf
bpo_ites,2026-06,2422,Naukri-Jobspeak-August-2026.pdf,2026-08,https://www.infoedge.in/pdfs/News_Events_pdfs/Naukri-Jobspeak-August-2026.pdf
bpo_ites,2026-07,2572,Naukri-Jobspeak-August-2026.pdf,2026-08,https://www.infoedge.in/pdfs/News_Events_pdfs/Naukri-Jobspeak-August-2026.pdf
bpo_ites,2026-08,2526,Naukri-Jobspeak-August-2026.pdf,2026-08,https://www.infoedge.in/pdfs/News_Events_pdfs/Naukri-Jobspeak-August-2026.pdf
it_software,2025-08,3111,Naukri-Jobspeak-August-2026.pdf,2026-08,https://www.infoedge.in/pdfs/News_Events_pdfs/Naukri-Jobspeak-August-2026.pdf
it_software,2025-09,3585,Naukri-Jobspeak-August-2026.pdf,2026-08,https://www.infoedge.in/pdfs/News_Events_pdfs/Naukri-Jobspeak-August-2026.pdf
it_software,2025-10,2967,Naukri-Jobspeak-August-2026.pdf,2026-08,https://www.infoedge.in/pdfs/News_Events_pdfs/Naukri-Jobspeak-August-2026.pdf
it_software,2025-11,3565,Naukri-Jobspeak-August-2026.pdf,2026-08,https://www.infoedge.in/pdfs/News_Events_pdfs/Naukri-Jobspeak-August-2026.pdf
it_software,2025-12,3531,Naukri-Jobspeak-August-2026.pdf,2026-08,https://www.infoedge.in/pdfs/News_Events_pdfs/Naukri-Jobspeak-August-2026.pdf
it_software,2026-01,3119,Naukri-Jobspeak-August-2026.pdf,2026-08,https://www.infoedge.in/pdfs/News_Events_pdfs/Naukri-Jobspeak-August-2026.pdf
it_software,2026-02,3948,Naukri-Jobspeak-August-2026.pdf,2026-08,https://www.infoedge.in/pdfs/News_Events_pdfs/Naukri-Jobspeak-August-2026.pdf
it_software,2026-03,3462,Naukri-Jobspeak-August-2026.pdf,2026-08,https://www.infoedge.in/pdfs/News_Events_pdfs/Naukri-Jobspeak-August-2026.pdf
it_software,2026-04,3605,Naukri-Jobspeak-August-2026.pdf,2026-08,https://www.infoedge.in/pdfs/News_Events_pdfs/Naukri-Jobspeak-August-2026.pdf
it_software,2026-05,3205,Naukri-Jobspeak-August-2026.pdf,2026-08,https://www.infoedge.in/pdfs/News_Events_pdfs/Naukri-Jobspeak-August-2026.pdf
it_software,2026-06,3415,Naukri-Jobspeak-August-2026.pdf,2026-08,https://www.infoedge.in/pdfs/News_Events_pdfs/Naukri-Jobspeak-August-2026.pdf
it_software,2026-07,3909,Naukri-Jobspeak-August-2026.pdf,2026-08,https://www.infoedge.in/pdfs/News_Events_pdfs/Naukri-Jobspeak-August-2026.pdf
it_software,2026-08,3450,Naukri-Jobspeak-August-2026.pdf,2026-08,https://www.infoedge.in/pdfs/News_Events_pdfs/Naukri-Jobspeak-August-2026.pdf
bpo_ites,2024-12,1984,Naukri-Jobspeak-Dec-2025.pdf,2025-12,https://www.infoedge.in/pdfs/News_Events_pdfs/Naukri-Jobspeak-Dec-2025.pdf
bpo_ites,2025-01,1909,Naukri-Jobspeak-Dec-2025.pdf,2025-12,https://www.infoedge.in/pdfs/News_Events_pdfs/Naukri-Jobspeak-Dec-2025.pdf
bpo_ites,2025-02,2171,Naukri-Jobspeak-Dec-2025.pdf,2025-12,https://www.infoedge.in/pdfs/News_Events_pdfs/Naukri-Jobspeak-Dec-2025.pdf
bpo_ites,2025-03,2095,Naukri-Jobspeak-Dec-2025.pdf,2025-12,https://www.infoedge.in/pdfs/News_Events_pdfs/Naukri-Jobspeak-Dec-2025.pdf
bpo_ites,2025-04,2314,Naukri-Jobspeak-Dec-2025.pdf,2025-12,https://www.infoedge.in/pdfs/News_Events_pdfs/Naukri-Jobspeak-Dec-2025.pdf
bpo_ites,2025-05,2282,Naukri-Jobspeak-Dec-2025.pdf,2025-12,https://www.infoedge.in/pdfs/News_Events_pdfs/Naukri-Jobspeak-Dec-2025.pdf
bpo_ites,2025-06,2339,Naukri-Jobspeak-Dec-2025.pdf,2025-12,https://www.infoedge.in/pdfs/News_Events_pdfs/Naukri-Jobspeak-Dec-2025.pdf
bpo_ites,2025-07,2450,Naukri-Jobspeak-Dec-2025.pdf,2025-12,https://www.infoedge.in/pdfs/News_Events_pdfs/Naukri-Jobspeak-Dec-2025.pdf
bpo_ites,2025-08,2332,Naukri-Jobspeak-Dec-2025.pdf,2025-12,https://www.infoedge.in/pdfs/News_Events_pdfs/Naukri-Jobspeak-Dec-2025.pdf
bpo_ites,2025-09,2532,Naukri-Jobspeak-Dec-2025.pdf,2025-12,https://www.infoedge.in/pdfs/News_Events_pdfs/Naukri-Jobspeak-Dec-2025.pdf
bpo_ites,2025-10,2193,Naukri-Jobspeak-Dec-2025.pdf,2025-12,https://www.infoedge.in/pdfs/News_Events_pdfs/Naukri-Jobspeak-Dec-2025.pdf
bpo_ites,2025-11,2475,Naukri-Jobspeak-Dec-2025.pdf,2025-12,https://www.infoedge.in/pdfs/News_Events_pdfs/Naukri-Jobspeak-Dec-2025.pdf
bpo_ites,2025-12,2460,Naukri-Jobspeak-Dec-2025.pdf,2025-12,https://www.infoedge.in/pdfs/News_Events_pdfs/Naukri-Jobspeak-Dec-2025.pdf
it_software,2024-12,3266,Naukri-Jobspeak-Dec-2025.pdf,2025-12,https://www.infoedge.in/pdfs/News_Events_pdfs/Naukri-Jobspeak-Dec-2025.pdf
it_software,2025-01,3190,Naukri-Jobspeak-Dec-2025.pdf,2025-12,https://www.infoedge.in/pdfs/News_Events_pdfs/Naukri-Jobspeak-Dec-2025.pdf
it_software,2025-02,3711,Naukri-Jobspeak-Dec-2025.pdf,2025-12,https://www.infoedge.in/pdfs/News_Events_pdfs/Naukri-Jobspeak-Dec-2025.pdf
it_software,2025-03,3413,Naukri-Jobspeak-Dec-2025.pdf,2025-12,https://www.infoedge.in/pdfs/News_Events_pdfs/Naukri-Jobspeak-Dec-2025.pdf
it_software,2025-04,3573,Naukri-Jobspeak-Dec-2025.pdf,2025-12,https://www.infoedge.in/pdfs/News_Events_pdfs/Naukri-Jobspeak-Dec-2025.pdf
it_software,2025-05,3457,Naukri-Jobspeak-Dec-2025.pdf,2025-12,https://www.infoedge.in/pdfs/News_Events_pdfs/Naukri-Jobspeak-Dec-2025.pdf
it_software,2025-06,3523,Naukri-Jobspeak-Dec-2025.pdf,2025-12,https://www.infoedge.in/pdfs/News_Events_pdfs/Naukri-Jobspeak-Dec-2025.pdf
it_software,2025-07,3688,Naukri-Jobspeak-Dec-2025.pdf,2025-12,https://www.infoedge.in/pdfs/News_Events_pdfs/Naukri-Jobspeak-Dec-2025.pdf
it_software,2025-08,3111,Naukri-Jobspeak-Dec-2025.pdf,2025-12,https://www.infoedge.in/pdfs/News_Events_pdfs/Naukri-Jobspeak-Dec-2025.pdf
it_software,2025-09,3585,Naukri-Jobspeak-Dec-2025.pdf,2025-12,https://www.infoedge.in/pdfs/News_Events_pdfs/Naukri-Jobspeak-Dec-2025.pdf
it_software,2025-10,2967,Naukri-Jobspeak-Dec-2025.pdf,2025-12,https://www.infoedge.in/pdfs/News_Events_pdfs/Naukri-Jobspeak-Dec-2025.pdf
it_software,2025-11,3565,Naukri-Jobspeak-Dec-2025.pdf,2025-12,https://www.infoedge.in/pdfs/News_Events_pdfs/Naukri-Jobspeak-Dec-2025.pdf
it_software,2025-12,3531,Naukri-Jobspeak-Dec-2025.pdf,2025-12,https://www.infoedge.in/pdfs/News_Events_pdfs/Naukri-Jobspeak-Dec-2025.pdf
bpo_ites,2021-12,2041,Naukri-Jobspeak-December-2022.pdf,2022-12,https://www.infoedge.in/pdfs/News_Events_pdfs/Naukri-Jobspeak-December-2022.pdf
bpo_ites,2022-01,1987,Naukri-Jobspeak-December-2022.pdf,2022-12,https://www.infoedge.in/pdfs/News_Events_pdfs/Naukri-Jobspeak-December-2022.pdf
bpo_ites,2022-02,2468,Naukri-Jobspeak-December-2022.pdf,2022-12,https://www.infoedge.in/pdfs/News_Events_pdfs/Naukri-Jobspeak-December-2022.pdf
bpo_ites,2022-03,2458,Naukri-Jobspeak-December-2022.pdf,2022-12,https://www.infoedge.in/pdfs/News_Events_pdfs/Naukri-Jobspeak-December-2022.pdf
bpo_ites,2022-04,2659,Naukri-Jobspeak-December-2022.pdf,2022-12,https://www.infoedge.in/pdfs/News_Events_pdfs/Naukri-Jobspeak-December-2022.pdf
bpo_ites,2022-05,2617,Naukri-Jobspeak-December-2022.pdf,2022-12,https://www.infoedge.in/pdfs/News_Events_pdfs/Naukri-Jobspeak-December-2022.pdf
bpo_ites,2022-06,2600,Naukri-Jobspeak-December-2022.pdf,2022-12,https://www.infoedge.in/pdfs/News_Events_pdfs/Naukri-Jobspeak-December-2022.pdf
bpo_ites,2022-07,2587,Naukri-Jobspeak-December-2022.pdf,2022-12,https://www.infoedge.in/pdfs/News_Events_pdfs/Naukri-Jobspeak-December-2022.pdf
bpo_ites,2022-08,2325,Naukri-Jobspeak-December-2022.pdf,2022-12,https://www.infoedge.in/pdfs/News_Events_pdfs/Naukri-Jobspeak-December-2022.pdf
bpo_ites,2022-09,2619,Naukri-Jobspeak-December-2022.pdf,2022-12,https://www.infoedge.in/pdfs/News_Events_pdfs/Naukri-Jobspeak-December-2022.pdf
bpo_ites,2022-10,2131,Naukri-Jobspeak-December-2022.pdf,2022-12,https://www.infoedge.in/pdfs/News_Events_pdfs/Naukri-Jobspeak-December-2022.pdf
bpo_ites,2022-11,2511,Naukri-Jobspeak-December-2022.pdf,2022-12,https://www.infoedge.in/pdfs/News_Events_pdfs/Naukri-Jobspeak-December-2022.pdf
bpo_ites,2022-12,2249,Naukri-Jobspeak-December-2022.pdf,2022-12,https://www.infoedge.in/pdfs/News_Events_pdfs/Naukri-Jobspeak-December-2022.pdf
it_software,2021-12,5240,Naukri-Jobspeak-December-2022.pdf,2022-12,https://www.infoedge.in/pdfs/News_Events_pdfs/Naukri-Jobspeak-December-2022.pdf
it_software,2022-01,5370,Naukri-Jobspeak-December-2022.pdf,2022-12,https://www.infoedge.in/pdfs/News_Events_pdfs/Naukri-Jobspeak-December-2022.pdf
it_software,2022-02,5560,Naukri-Jobspeak-December-2022.pdf,2022-12,https://www.infoedge.in/pdfs/News_Events_pdfs/Naukri-Jobspeak-December-2022.pdf
it_software,2022-03,4983,Naukri-Jobspeak-December-2022.pdf,2022-12,https://www.infoedge.in/pdfs/News_Events_pdfs/Naukri-Jobspeak-December-2022.pdf
it_software,2022-04,4656,Naukri-Jobspeak-December-2022.pdf,2022-12,https://www.infoedge.in/pdfs/News_Events_pdfs/Naukri-Jobspeak-December-2022.pdf
it_software,2022-05,4711,Naukri-Jobspeak-December-2022.pdf,2022-12,https://www.infoedge.in/pdfs/News_Events_pdfs/Naukri-Jobspeak-December-2022.pdf
it_software,2022-06,5069,Naukri-Jobspeak-December-2022.pdf,2022-12,https://www.infoedge.in/pdfs/News_Events_pdfs/Naukri-Jobspeak-December-2022.pdf
it_software,2022-07,5872,Naukri-Jobspeak-December-2022.pdf,2022-12,https://www.infoedge.in/pdfs/News_Events_pdfs/Naukri-Jobspeak-December-2022.pdf
it_software,2022-08,4881,Naukri-Jobspeak-December-2022.pdf,2022-12,https://www.infoedge.in/pdfs/News_Events_pdfs/Naukri-Jobspeak-December-2022.pdf
it_software,2022-09,5283,Naukri-Jobspeak-December-2022.pdf,2022-12,https://www.infoedge.in/pdfs/News_Events_pdfs/Naukri-Jobspeak-December-2022.pdf
it_software,2022-10,3825,Naukri-Jobspeak-December-2022.pdf,2022-12,https://www.infoedge.in/pdfs/News_Events_pdfs/Naukri-Jobspeak-December-2022.pdf
it_software,2022-11,4674,Naukri-Jobspeak-December-2022.pdf,2022-12,https://www.infoedge.in/pdfs/News_Events_pdfs/Naukri-Jobspeak-December-2022.pdf
it_software,2022-12,4087,Naukri-Jobspeak-December-2022.pdf,2022-12,https://www.infoedge.in/pdfs/News_Events_pdfs/Naukri-Jobspeak-December-2022.pdf
exp_0_3,2021-12,3003,Naukri-Jobspeak-December-2022.pdf,2022-12,https://www.infoedge.in/pdfs/News_Events_pdfs/Naukri-Jobspeak-December-2022.pdf
exp_0_3,2022-01,2919,Naukri-Jobspeak-December-2022.pdf,2022-12,https://www.infoedge.in/pdfs/News_Events_pdfs/Naukri-Jobspeak-December-2022.pdf
exp_0_3,2022-02,3335,Naukri-Jobspeak-December-2022.pdf,2022-12,https://www.infoedge.in/pdfs/News_Events_pdfs/Naukri-Jobspeak-December-2022.pdf
exp_0_3,2022-03,3154,Naukri-Jobspeak-December-2022.pdf,2022-12,https://www.infoedge.in/pdfs/News_Events_pdfs/Naukri-Jobspeak-December-2022.pdf
exp_0_3,2022-04,3223,Naukri-Jobspeak-December-2022.pdf,2022-12,https://www.infoedge.in/pdfs/News_Events_pdfs/Naukri-Jobspeak-December-2022.pdf
exp_0_3,2022-05,3170,Naukri-Jobspeak-December-2022.pdf,2022-12,https://www.infoedge.in/pdfs/News_Events_pdfs/Naukri-Jobspeak-December-2022.pdf
exp_0_3,2022-06,3105,Naukri-Jobspeak-December-2022.pdf,2022-12,https://www.infoedge.in/pdfs/News_Events_pdfs/Naukri-Jobspeak-December-2022.pdf
exp_0_3,2022-07,3266,Naukri-Jobspeak-December-2022.pdf,2022-12,https://www.infoedge.in/pdfs/News_Events_pdfs/Naukri-Jobspeak-December-2022.pdf
exp_0_3,2022-08,2999,Naukri-Jobspeak-December-2022.pdf,2022-12,https://www.infoedge.in/pdfs/News_Events_pdfs/Naukri-Jobspeak-December-2022.pdf
exp_0_3,2022-09,3265,Naukri-Jobspeak-December-2022.pdf,2022-12,https://www.infoedge.in/pdfs/News_Events_pdfs/Naukri-Jobspeak-December-2022.pdf
exp_0_3,2022-10,2642,Naukri-Jobspeak-December-2022.pdf,2022-12,https://www.infoedge.in/pdfs/News_Events_pdfs/Naukri-Jobspeak-December-2022.pdf
exp_0_3,2022-11,3253,Naukri-Jobspeak-December-2022.pdf,2022-12,https://www.infoedge.in/pdfs/News_Events_pdfs/Naukri-Jobspeak-December-2022.pdf
exp_0_3,2022-12,3106,Naukri-Jobspeak-December-2022.pdf,2022-12,https://www.infoedge.in/pdfs/News_Events_pdfs/Naukri-Jobspeak-December-2022.pdf
exp_4_7,2021-12,2958,Naukri-Jobspeak-December-2022.pdf,2022-12,https://www.infoedge.in/pdfs/News_Events_pdfs/Naukri-Jobspeak-December-2022.pdf
exp_4_7,2022-01,2925,Naukri-Jobspeak-December-2022.pdf,2022-12,https://www.infoedge.in/pdfs/News_Events_pdfs/Naukri-Jobspeak-December-2022.pdf
exp_4_7,2022-02,3279,Naukri-Jobspeak-December-2022.pdf,2022-12,https://www.infoedge.in/pdfs/News_Events_pdfs/Naukri-Jobspeak-December-2022.pdf
exp_4_7,2022-03,3018,Naukri-Jobspeak-December-2022.pdf,2022-12,https://www.infoedge.in/pdfs/News_Events_pdfs/Naukri-Jobspeak-December-2022.pdf
exp_4_7,2022-04,3067,Naukri-Jobspeak-December-2022.pdf,2022-12,https://www.infoedge.in/pdfs/News_Events_pdfs/Naukri-Jobspeak-December-2022.pdf
exp_4_7,2022-05,3067,Naukri-Jobspeak-December-2022.pdf,2022-12,https://www.infoedge.in/pdfs/News_Events_pdfs/Naukri-Jobspeak-December-2022.pdf
exp_4_7,2022-06,3072,Naukri-Jobspeak-December-2022.pdf,2022-12,https://www.infoedge.in/pdfs/News_Events_pdfs/Naukri-Jobspeak-December-2022.pdf
exp_4_7,2022-07,3386,Naukri-Jobspeak-December-2022.pdf,2022-12,https://www.infoedge.in/pdfs/News_Events_pdfs/Naukri-Jobspeak-December-2022.pdf
exp_4_7,2022-08,3053,Naukri-Jobspeak-December-2022.pdf,2022-12,https://www.infoedge.in/pdfs/News_Events_pdfs/Naukri-Jobspeak-December-2022.pdf
exp_4_7,2022-09,3346,Naukri-Jobspeak-December-2022.pdf,2022-12,https://www.infoedge.in/pdfs/News_Events_pdfs/Naukri-Jobspeak-December-2022.pdf
exp_4_7,2022-10,2632,Naukri-Jobspeak-December-2022.pdf,2022-12,https://www.infoedge.in/pdfs/News_Events_pdfs/Naukri-Jobspeak-December-2022.pdf
exp_4_7,2022-11,3293,Naukri-Jobspeak-December-2022.pdf,2022-12,https://www.infoedge.in/pdfs/News_Events_pdfs/Naukri-Jobspeak-December-2022.pdf
exp_4_7,2022-12,2998,Naukri-Jobspeak-December-2022.pdf,2022-12,https://www.infoedge.in/pdfs/News_Events_pdfs/Naukri-Jobspeak-December-2022.pdf
exp_8_12,2021-12,2510,Naukri-Jobspeak-December-2022.pdf,2022-12,https://www.infoedge.in/pdfs/News_Events_pdfs/Naukri-Jobspeak-December-2022.pdf
exp_8_12,2022-01,2504,Naukri-Jobspeak-December-2022.pdf,2022-12,https://www.infoedge.in/pdfs/News_Events_pdfs/Naukri-Jobspeak-December-2022.pdf
exp_8_12,2022-02,2821,Naukri-Jobspeak-December-2022.pdf,2022-12,https://www.infoedge.in/pdfs/News_Events_pdfs/Naukri-Jobspeak-December-2022.pdf
exp_8_12,2022-03,2505,Naukri-Jobspeak-December-2022.pdf,2022-12,https://www.infoedge.in/pdfs/News_Events_pdfs/Naukri-Jobspeak-December-2022.pdf
exp_8_12,2022-04,2494,Naukri-Jobspeak-December-2022.pdf,2022-12,https://www.infoedge.in/pdfs/News_Events_pdfs/Naukri-Jobspeak-December-2022.pdf
exp_8_12,2022-05,2557,Naukri-Jobspeak-December-2022.pdf,2022-12,https://www.infoedge.in/pdfs/News_Events_pdfs/Naukri-Jobspeak-December-2022.pdf
exp_8_12,2022-06,2663,Naukri-Jobspeak-December-2022.pdf,2022-12,https://www.infoedge.in/pdfs/News_Events_pdfs/Naukri-Jobspeak-December-2022.pdf
exp_8_12,2022-07,3093,Naukri-Jobspeak-December-2022.pdf,2022-12,https://www.infoedge.in/pdfs/News_Events_pdfs/Naukri-Jobspeak-December-2022.pdf
exp_8_12,2022-08,2644,Naukri-Jobspeak-December-2022.pdf,2022-12,https://www.infoedge.in/pdfs/News_Events_pdfs/Naukri-Jobspeak-December-2022.pdf
exp_8_12,2022-09,2914,Naukri-Jobspeak-December-2022.pdf,2022-12,https://www.infoedge.in/pdfs/News_Events_pdfs/Naukri-Jobspeak-December-2022.pdf
exp_8_12,2022-10,2229,Naukri-Jobspeak-December-2022.pdf,2022-12,https://www.infoedge.in/pdfs/News_Events_pdfs/Naukri-Jobspeak-December-2022.pdf
exp_8_12,2022-11,2864,Naukri-Jobspeak-December-2022.pdf,2022-12,https://www.infoedge.in/pdfs/News_Events_pdfs/Naukri-Jobspeak-December-2022.pdf
exp_8_12,2022-12,2676,Naukri-Jobspeak-December-2022.pdf,2022-12,https://www.infoedge.in/pdfs/News_Events_pdfs/Naukri-Jobspeak-December-2022.pdf
exp_13_16,2021-12,1852,Naukri-Jobspeak-December-2022.pdf,2022-12,https://www.infoedge.in/pdfs/News_Events_pdfs/Naukri-Jobspeak-December-2022.pdf
exp_13_16,2022-01,1851,Naukri-Jobspeak-December-2022.pdf,2022-12,https://www.infoedge.in/pdfs/News_Events_pdfs/Naukri-Jobspeak-December-2022.pdf
exp_13_16,2022-02,2124,Naukri-Jobspeak-December-2022.pdf,2022-12,https://www.infoedge.in/pdfs/News_Events_pdfs/Naukri-Jobspeak-December-2022.pdf
exp_13_16,2022-03,1922,Naukri-Jobspeak-December-2022.pdf,2022-12,https://www.infoedge.in/pdfs/News_Events_pdfs/Naukri-Jobspeak-December-2022.pdf
exp_13_16,2022-04,1854,Naukri-Jobspeak-December-2022.pdf,2022-12,https://www.infoedge.in/pdfs/News_Events_pdfs/Naukri-Jobspeak-December-2022.pdf
exp_13_16,2022-05,1885,Naukri-Jobspeak-December-2022.pdf,2022-12,https://www.infoedge.in/pdfs/News_Events_pdfs/Naukri-Jobspeak-December-2022.pdf
exp_13_16,2022-06,2008,Naukri-Jobspeak-December-2022.pdf,2022-12,https://www.infoedge.in/pdfs/News_Events_pdfs/Naukri-Jobspeak-December-2022.pdf
exp_13_16,2022-07,2298,Naukri-Jobspeak-December-2022.pdf,2022-12,https://www.infoedge.in/pdfs/News_Events_pdfs/Naukri-Jobspeak-December-2022.pdf
exp_13_16,2022-08,1928,Naukri-Jobspeak-December-2022.pdf,2022-12,https://www.infoedge.in/pdfs/News_Events_pdfs/Naukri-Jobspeak-December-2022.pdf
exp_13_16,2022-09,2178,Naukri-Jobspeak-December-2022.pdf,2022-12,https://www.infoedge.in/pdfs/News_Events_pdfs/Naukri-Jobspeak-December-2022.pdf
exp_13_16,2022-10,1771,Naukri-Jobspeak-December-2022.pdf,2022-12,https://www.infoedge.in/pdfs/News_Events_pdfs/Naukri-Jobspeak-December-2022.pdf
exp_13_16,2022-11,2342,Naukri-Jobspeak-December-2022.pdf,2022-12,https://www.infoedge.in/pdfs/News_Events_pdfs/Naukri-Jobspeak-December-2022.pdf
exp_13_16,2022-12,2231,Naukri-Jobspeak-December-2022.pdf,2022-12,https://www.infoedge.in/pdfs/News_Events_pdfs/Naukri-Jobspeak-December-2022.pdf
exp_16plus,2021-12,1667,Naukri-Jobspeak-December-2022.pdf,2022-12,https://www.infoedge.in/pdfs/News_Events_pdfs/Naukri-Jobspeak-December-2022.pdf
exp_16plus,2022-01,1585,Naukri-Jobspeak-December-2022.pdf,2022-12,https://www.infoedge.in/pdfs/News_Events_pdfs/Naukri-Jobspeak-December-2022.pdf
exp_16plus,2022-02,1894,Naukri-Jobspeak-December-2022.pdf,2022-12,https://www.infoedge.in/pdfs/News_Events_pdfs/Naukri-Jobspeak-December-2022.pdf
exp_16plus,2022-03,1762,Naukri-Jobspeak-December-2022.pdf,2022-12,https://www.infoedge.in/pdfs/News_Events_pdfs/Naukri-Jobspeak-December-2022.pdf
exp_16plus,2022-04,1713,Naukri-Jobspeak-December-2022.pdf,2022-12,https://www.infoedge.in/pdfs/News_Events_pdfs/Naukri-Jobspeak-December-2022.pdf
exp_16plus,2022-05,1695,Naukri-Jobspeak-December-2022.pdf,2022-12,https://www.infoedge.in/pdfs/News_Events_pdfs/Naukri-Jobspeak-December-2022.pdf
exp_16plus,2022-06,1722,Naukri-Jobspeak-December-2022.pdf,2022-12,https://www.infoedge.in/pdfs/News_Events_pdfs/Naukri-Jobspeak-December-2022.pdf
exp_16plus,2022-07,2013,Naukri-Jobspeak-December-2022.pdf,2022-12,https://www.infoedge.in/pdfs/News_Events_pdfs/Naukri-Jobspeak-December-2022.pdf
exp_16plus,2022-08,1693,Naukri-Jobspeak-December-2022.pdf,2022-12,https://www.infoedge.in/pdfs/News_Events_pdfs/Naukri-Jobspeak-December-2022.pdf
exp_16plus,2022-09,1946,Naukri-Jobspeak-December-2022.pdf,2022-12,https://www.infoedge.in/pdfs/News_Events_pdfs/Naukri-Jobspeak-December-2022.pdf
exp_16plus,2022-10,1613,Naukri-Jobspeak-December-2022.pdf,2022-12,https://www.infoedge.in/pdfs/News_Events_pdfs/Naukri-Jobspeak-December-2022.pdf
exp_16plus,2022-11,2055,Naukri-Jobspeak-December-2022.pdf,2022-12,https://www.infoedge.in/pdfs/News_Events_pdfs/Naukri-Jobspeak-December-2022.pdf
exp_16plus,2022-12,2184,Naukri-Jobspeak-December-2022.pdf,2022-12,https://www.infoedge.in/pdfs/News_Events_pdfs/Naukri-Jobspeak-December-2022.pdf
bpo_ites,2022-12,2249,Naukri-Jobspeak-December-2023.pdf,2023-12,https://www.infoedge.in/pdfs/News_Events_pdfs/Naukri-Jobspeak-December-2023.pdf
bpo_ites,2023-01,2303,Naukri-Jobspeak-December-2023.pdf,2023-12,https://www.infoedge.in/pdfs/News_Events_pdfs/Naukri-Jobspeak-December-2023.pdf
bpo_ites,2023-02,2456,Naukri-Jobspeak-December-2023.pdf,2023-12,https://www.infoedge.in/pdfs/News_Events_pdfs/Naukri-Jobspeak-December-2023.pdf
bpo_ites,2023-03,2415,Naukri-Jobspeak-December-2023.pdf,2023-12,https://www.infoedge.in/pdfs/News_Events_pdfs/Naukri-Jobspeak-December-2023.pdf
bpo_ites,2023-04,2186,Naukri-Jobspeak-December-2023.pdf,2023-12,https://www.infoedge.in/pdfs/News_Events_pdfs/Naukri-Jobspeak-December-2023.pdf
bpo_ites,2023-05,2256,Naukri-Jobspeak-December-2023.pdf,2023-12,https://www.infoedge.in/pdfs/News_Events_pdfs/Naukri-Jobspeak-December-2023.pdf
bpo_ites,2023-06,2163,Naukri-Jobspeak-December-2023.pdf,2023-12,https://www.infoedge.in/pdfs/News_Events_pdfs/Naukri-Jobspeak-December-2023.pdf
bpo_ites,2023-07,2036,Naukri-Jobspeak-December-2023.pdf,2023-12,https://www.infoedge.in/pdfs/News_Events_pdfs/Naukri-Jobspeak-December-2023.pdf
bpo_ites,2023-08,2085,Naukri-Jobspeak-December-2023.pdf,2023-12,https://www.infoedge.in/pdfs/News_Events_pdfs/Naukri-Jobspeak-December-2023.pdf
bpo_ites,2023-09,1952,Naukri-Jobspeak-December-2023.pdf,2023-12,https://www.infoedge.in/pdfs/News_Events_pdfs/Naukri-Jobspeak-December-2023.pdf
bpo_ites,2023-10,2179,Naukri-Jobspeak-December-2023.pdf,2023-12,https://www.infoedge.in/pdfs/News_Events_pdfs/Naukri-Jobspeak-December-2023.pdf
bpo_ites,2023-11,2054,Naukri-Jobspeak-December-2023.pdf,2023-12,https://www.infoedge.in/pdfs/News_Events_pdfs/Naukri-Jobspeak-December-2023.pdf
bpo_ites,2023-12,1872,Naukri-Jobspeak-December-2023.pdf,2023-12,https://www.infoedge.in/pdfs/News_Events_pdfs/Naukri-Jobspeak-December-2023.pdf
it_software,2022-12,4087,Naukri-Jobspeak-December-2023.pdf,2023-12,https://www.infoedge.in/pdfs/News_Events_pdfs/Naukri-Jobspeak-December-2023.pdf
it_software,2023-01,4010,Naukri-Jobspeak-December-2023.pdf,2023-12,https://www.infoedge.in/pdfs/News_Events_pdfs/Naukri-Jobspeak-December-2023.pdf
it_software,2023-02,4428,Naukri-Jobspeak-December-2023.pdf,2023-12,https://www.infoedge.in/pdfs/News_Events_pdfs/Naukri-Jobspeak-December-2023.pdf
it_software,2023-03,4147,Naukri-Jobspeak-December-2023.pdf,2023-12,https://www.infoedge.in/pdfs/News_Events_pdfs/Naukri-Jobspeak-December-2023.pdf
it_software,2023-04,3392,Naukri-Jobspeak-December-2023.pdf,2023-12,https://www.infoedge.in/pdfs/News_Events_pdfs/Naukri-Jobspeak-December-2023.pdf
it_software,2023-05,3618,Naukri-Jobspeak-December-2023.pdf,2023-12,https://www.infoedge.in/pdfs/News_Events_pdfs/Naukri-Jobspeak-December-2023.pdf
it_software,2023-06,3511,Naukri-Jobspeak-December-2023.pdf,2023-12,https://www.infoedge.in/pdfs/News_Events_pdfs/Naukri-Jobspeak-December-2023.pdf
it_software,2023-07,3187,Naukri-Jobspeak-December-2023.pdf,2023-12,https://www.infoedge.in/pdfs/News_Events_pdfs/Naukri-Jobspeak-December-2023.pdf
it_software,2023-08,3278,Naukri-Jobspeak-December-2023.pdf,2023-12,https://www.infoedge.in/pdfs/News_Events_pdfs/Naukri-Jobspeak-December-2023.pdf
it_software,2023-09,2989,Naukri-Jobspeak-December-2023.pdf,2023-12,https://www.infoedge.in/pdfs/News_Events_pdfs/Naukri-Jobspeak-December-2023.pdf
it_software,2023-10,3302,Naukri-Jobspeak-December-2023.pdf,2023-12,https://www.infoedge.in/pdfs/News_Events_pdfs/Naukri-Jobspeak-December-2023.pdf
it_software,2023-11,3349,Naukri-Jobspeak-December-2023.pdf,2023-12,https://www.infoedge.in/pdfs/News_Events_pdfs/Naukri-Jobspeak-December-2023.pdf
it_software,2023-12,3210,Naukri-Jobspeak-December-2023.pdf,2023-12,https://www.infoedge.in/pdfs/News_Events_pdfs/Naukri-Jobspeak-December-2023.pdf
exp_0_3,2022-12,3106,Naukri-Jobspeak-December-2023.pdf,2023-12,https://www.infoedge.in/pdfs/News_Events_pdfs/Naukri-Jobspeak-December-2023.pdf
exp_0_3,2023-01,2926,Naukri-Jobspeak-December-2023.pdf,2023-12,https://www.infoedge.in/pdfs/News_Events_pdfs/Naukri-Jobspeak-December-2023.pdf
exp_0_3,2023-02,3073,Naukri-Jobspeak-December-2023.pdf,2023-12,https://www.infoedge.in/pdfs/News_Events_pdfs/Naukri-Jobspeak-December-2023.pdf
exp_0_3,2023-03,3144,Naukri-Jobspeak-December-2023.pdf,2023-12,https://www.infoedge.in/pdfs/News_Events_pdfs/Naukri-Jobspeak-December-2023.pdf
exp_0_3,2023-04,2834,Naukri-Jobspeak-December-2023.pdf,2023-12,https://www.infoedge.in/pdfs/News_Events_pdfs/Naukri-Jobspeak-December-2023.pdf
exp_0_3,2023-05,2945,Naukri-Jobspeak-December-2023.pdf,2023-12,https://www.infoedge.in/pdfs/News_Events_pdfs/Naukri-Jobspeak-December-2023.pdf
exp_0_3,2023-06,2890,Naukri-Jobspeak-December-2023.pdf,2023-12,https://www.infoedge.in/pdfs/News_Events_pdfs/Naukri-Jobspeak-December-2023.pdf
exp_0_3,2023-07,2672,Naukri-Jobspeak-December-2023.pdf,2023-12,https://www.infoedge.in/pdfs/News_Events_pdfs/Naukri-Jobspeak-December-2023.pdf
exp_0_3,2023-08,2769,Naukri-Jobspeak-December-2023.pdf,2023-12,https://www.infoedge.in/pdfs/News_Events_pdfs/Naukri-Jobspeak-December-2023.pdf
exp_0_3,2023-09,2933,Naukri-Jobspeak-December-2023.pdf,2023-12,https://www.infoedge.in/pdfs/News_Events_pdfs/Naukri-Jobspeak-December-2023.pdf
exp_0_3,2023-10,2642,Naukri-Jobspeak-December-2023.pdf,2023-12,https://www.infoedge.in/pdfs/News_Events_pdfs/Naukri-Jobspeak-December-2023.pdf
exp_0_3,2023-11,2484,Naukri-Jobspeak-December-2023.pdf,2023-12,https://www.infoedge.in/pdfs/News_Events_pdfs/Naukri-Jobspeak-December-2023.pdf
exp_0_3,2023-12,2618,Naukri-Jobspeak-December-2023.pdf,2023-12,https://www.infoedge.in/pdfs/News_Events_pdfs/Naukri-Jobspeak-December-2023.pdf
exp_4_7,2022-12,2998,Naukri-Jobspeak-December-2023.pdf,2023-12,https://www.infoedge.in/pdfs/News_Events_pdfs/Naukri-Jobspeak-December-2023.pdf
exp_4_7,2023-01,2871,Naukri-Jobspeak-December-2023.pdf,2023-12,https://www.infoedge.in/pdfs/News_Events_pdfs/Naukri-Jobspeak-December-2023.pdf
exp_4_7,2023-02,3104,Naukri-Jobspeak-December-2023.pdf,2023-12,https://www.infoedge.in/pdfs/News_Events_pdfs/Naukri-Jobspeak-December-2023.pdf
exp_4_7,2023-03,3010,Naukri-Jobspeak-December-2023.pdf,2023-12,https://www.infoedge.in/pdfs/News_Events_pdfs/Naukri-Jobspeak-December-2023.pdf
exp_4_7,2023-04,2725,Naukri-Jobspeak-December-2023.pdf,2023-12,https://www.infoedge.in/pdfs/News_Events_pdfs/Naukri-Jobspeak-December-2023.pdf
exp_4_7,2023-05,2846,Naukri-Jobspeak-December-2023.pdf,2023-12,https://www.infoedge.in/pdfs/News_Events_pdfs/Naukri-Jobspeak-December-2023.pdf
exp_4_7,2023-06,2770,Naukri-Jobspeak-December-2023.pdf,2023-12,https://www.infoedge.in/pdfs/News_Events_pdfs/Naukri-Jobspeak-December-2023.pdf
exp_4_7,2023-07,2516,Naukri-Jobspeak-December-2023.pdf,2023-12,https://www.infoedge.in/pdfs/News_Events_pdfs/Naukri-Jobspeak-December-2023.pdf
exp_4_7,2023-08,2567,Naukri-Jobspeak-December-2023.pdf,2023-12,https://www.infoedge.in/pdfs/News_Events_pdfs/Naukri-Jobspeak-December-2023.pdf
exp_4_7,2023-09,2717,Naukri-Jobspeak-December-2023.pdf,2023-12,https://www.infoedge.in/pdfs/News_Events_pdfs/Naukri-Jobspeak-December-2023.pdf
exp_4_7,2023-10,2361,Naukri-Jobspeak-December-2023.pdf,2023-12,https://www.infoedge.in/pdfs/News_Events_pdfs/Naukri-Jobspeak-December-2023.pdf
exp_4_7,2023-11,2282,Naukri-Jobspeak-December-2023.pdf,2023-12,https://www.infoedge.in/pdfs/News_Events_pdfs/Naukri-Jobspeak-December-2023.pdf
exp_4_7,2023-12,2316,Naukri-Jobspeak-December-2023.pdf,2023-12,https://www.infoedge.in/pdfs/News_Events_pdfs/Naukri-Jobspeak-December-2023.pdf
bpo_ites,2023-12,1872,Naukri-Jobspeak-December-2024.pdf,2024-12,https://www.infoedge.in/pdfs/News_Events_pdfs/Naukri-Jobspeak-December-2024.pdf
bpo_ites,2024-01,1939,Naukri-Jobspeak-December-2024.pdf,2024-12,https://www.infoedge.in/pdfs/News_Events_pdfs/Naukri-Jobspeak-December-2024.pdf
bpo_ites,2024-02,2157,Naukri-Jobspeak-December-2024.pdf,2024-12,https://www.infoedge.in/pdfs/News_Events_pdfs/Naukri-Jobspeak-December-2024.pdf
bpo_ites,2024-03,2264,Naukri-Jobspeak-December-2024.pdf,2024-12,https://www.infoedge.in/pdfs/News_Events_pdfs/Naukri-Jobspeak-December-2024.pdf
bpo_ites,2024-04,2181,Naukri-Jobspeak-December-2024.pdf,2024-12,https://www.infoedge.in/pdfs/News_Events_pdfs/Naukri-Jobspeak-December-2024.pdf
bpo_ites,2024-05,2195,Naukri-Jobspeak-December-2024.pdf,2024-12,https://www.infoedge.in/pdfs/News_Events_pdfs/Naukri-Jobspeak-December-2024.pdf
bpo_ites,2024-06,1961,Naukri-Jobspeak-December-2024.pdf,2024-12,https://www.infoedge.in/pdfs/News_Events_pdfs/Naukri-Jobspeak-December-2024.pdf
bpo_ites,2024-07,2157,Naukri-Jobspeak-December-2024.pdf,2024-12,https://www.infoedge.in/pdfs/News_Events_pdfs/Naukri-Jobspeak-December-2024.pdf
bpo_ites,2024-08,1995,Naukri-Jobspeak-December-2024.pdf,2024-12,https://www.infoedge.in/pdfs/News_Events_pdfs/Naukri-Jobspeak-December-2024.pdf
bpo_ites,2024-09,2036,Naukri-Jobspeak-December-2024.pdf,2024-12,https://www.infoedge.in/pdfs/News_Events_pdfs/Naukri-Jobspeak-December-2024.pdf
bpo_ites,2024-10,2077,Naukri-Jobspeak-December-2024.pdf,2024-12,https://www.infoedge.in/pdfs/News_Events_pdfs/Naukri-Jobspeak-December-2024.pdf
bpo_ites,2024-11,1887,Naukri-Jobspeak-December-2024.pdf,2024-12,https://www.infoedge.in/pdfs/News_Events_pdfs/Naukri-Jobspeak-December-2024.pdf
bpo_ites,2024-12,1984,Naukri-Jobspeak-December-2024.pdf,2024-12,https://www.infoedge.in/pdfs/News_Events_pdfs/Naukri-Jobspeak-December-2024.pdf
exp_0_3,2023-12,2618,Naukri-Jobspeak-December-2024.pdf,2024-12,https://www.infoedge.in/pdfs/News_Events_pdfs/Naukri-Jobspeak-December-2024.pdf
exp_0_3,2024-01,2621,Naukri-Jobspeak-December-2024.pdf,2024-12,https://www.infoedge.in/pdfs/News_Events_pdfs/Naukri-Jobspeak-December-2024.pdf
exp_0_3,2024-02,2822,Naukri-Jobspeak-December-2024.pdf,2024-12,https://www.infoedge.in/pdfs/News_Events_pdfs/Naukri-Jobspeak-December-2024.pdf
exp_0_3,2024-03,2788,Naukri-Jobspeak-December-2024.pdf,2024-12,https://www.infoedge.in/pdfs/News_Events_pdfs/Naukri-Jobspeak-December-2024.pdf
exp_0_3,2024-04,2783,Naukri-Jobspeak-December-2024.pdf,2024-12,https://www.infoedge.in/pdfs/News_Events_pdfs/Naukri-Jobspeak-December-2024.pdf
exp_0_3,2024-05,2891,Naukri-Jobspeak-December-2024.pdf,2024-12,https://www.infoedge.in/pdfs/News_Events_pdfs/Naukri-Jobspeak-December-2024.pdf
exp_0_3,2024-06,2619,Naukri-Jobspeak-December-2024.pdf,2024-12,https://www.infoedge.in/pdfs/News_Events_pdfs/Naukri-Jobspeak-December-2024.pdf
exp_0_3,2024-07,2869,Naukri-Jobspeak-December-2024.pdf,2024-12,https://www.infoedge.in/pdfs/News_Events_pdfs/Naukri-Jobspeak-December-2024.pdf
exp_0_3,2024-08,2585,Naukri-Jobspeak-December-2024.pdf,2024-12,https://www.infoedge.in/pdfs/News_Events_pdfs/Naukri-Jobspeak-December-2024.pdf
exp_0_3,2024-09,2739,Naukri-Jobspeak-December-2024.pdf,2024-12,https://www.infoedge.in/pdfs/News_Events_pdfs/Naukri-Jobspeak-December-2024.pdf
exp_0_3,2024-10,2789,Naukri-Jobspeak-December-2024.pdf,2024-12,https://www.infoedge.in/pdfs/News_Events_pdfs/Naukri-Jobspeak-December-2024.pdf
exp_0_3,2024-11,2482,Naukri-Jobspeak-December-2024.pdf,2024-12,https://www.infoedge.in/pdfs/News_Events_pdfs/Naukri-Jobspeak-December-2024.pdf
exp_0_3,2024-12,2787,Naukri-Jobspeak-December-2024.pdf,2024-12,https://www.infoedge.in/pdfs/News_Events_pdfs/Naukri-Jobspeak-December-2024.pdf
exp_4_7,2023-12,2316,Naukri-Jobspeak-December-2024.pdf,2024-12,https://www.infoedge.in/pdfs/News_Events_pdfs/Naukri-Jobspeak-December-2024.pdf
exp_4_7,2024-01,2339,Naukri-Jobspeak-December-2024.pdf,2024-12,https://www.infoedge.in/pdfs/News_Events_pdfs/Naukri-Jobspeak-December-2024.pdf
exp_4_7,2024-02,2624,Naukri-Jobspeak-December-2024.pdf,2024-12,https://www.infoedge.in/pdfs/News_Events_pdfs/Naukri-Jobspeak-December-2024.pdf
exp_4_7,2024-03,2482,Naukri-Jobspeak-December-2024.pdf,2024-12,https://www.infoedge.in/pdfs/News_Events_pdfs/Naukri-Jobspeak-December-2024.pdf
exp_4_7,2024-04,2471,Naukri-Jobspeak-December-2024.pdf,2024-12,https://www.infoedge.in/pdfs/News_Events_pdfs/Naukri-Jobspeak-December-2024.pdf
exp_4_7,2024-05,2607,Naukri-Jobspeak-December-2024.pdf,2024-12,https://www.infoedge.in/pdfs/News_Events_pdfs/Naukri-Jobspeak-December-2024.pdf
exp_4_7,2024-06,2420,Naukri-Jobspeak-December-2024.pdf,2024-12,https://www.infoedge.in/pdfs/News_Events_pdfs/Naukri-Jobspeak-December-2024.pdf
exp_4_7,2024-07,2688,Naukri-Jobspeak-December-2024.pdf,2024-12,https://www.infoedge.in/pdfs/News_Events_pdfs/Naukri-Jobspeak-December-2024.pdf
exp_4_7,2024-08,2401,Naukri-Jobspeak-December-2024.pdf,2024-12,https://www.infoedge.in/pdfs/News_Events_pdfs/Naukri-Jobspeak-December-2024.pdf
exp_4_7,2024-09,2529,Naukri-Jobspeak-December-2024.pdf,2024-12,https://www.infoedge.in/pdfs/News_Events_pdfs/Naukri-Jobspeak-December-2024.pdf
exp_4_7,2024-10,2505,Naukri-Jobspeak-December-2024.pdf,2024-12,https://www.infoedge.in/pdfs/News_Events_pdfs/Naukri-Jobspeak-December-2024.pdf
exp_4_7,2024-11,2226,Naukri-Jobspeak-December-2024.pdf,2024-12,https://www.infoedge.in/pdfs/News_Events_pdfs/Naukri-Jobspeak-December-2024.pdf
exp_4_7,2024-12,2406,Naukri-Jobspeak-December-2024.pdf,2024-12,https://www.infoedge.in/pdfs/News_Events_pdfs/Naukri-Jobspeak-December-2024.pdf
exp_8_12,2023-12,2366,Naukri-Jobspeak-December-2024.pdf,2024-12,https://www.infoedge.in/pdfs/News_Events_pdfs/Naukri-Jobspeak-December-2024.pdf
exp_8_12,2024-01,2374,Naukri-Jobspeak-December-2024.pdf,2024-12,https://www.infoedge.in/pdfs/News_Events_pdfs/Naukri-Jobspeak-December-2024.pdf
exp_8_12,2024-02,2797,Naukri-Jobspeak-December-2024.pdf,2024-12,https://www.infoedge.in/pdfs/News_Events_pdfs/Naukri-Jobspeak-December-2024.pdf
exp_8_12,2024-03,2655,Naukri-Jobspeak-December-2024.pdf,2024-12,https://www.infoedge.in/pdfs/News_Events_pdfs/Naukri-Jobspeak-December-2024.pdf
exp_8_12,2024-04,2619,Naukri-Jobspeak-December-2024.pdf,2024-12,https://www.infoedge.in/pdfs/News_Events_pdfs/Naukri-Jobspeak-December-2024.pdf
exp_8_12,2024-05,2807,Naukri-Jobspeak-December-2024.pdf,2024-12,https://www.infoedge.in/pdfs/News_Events_pdfs/Naukri-Jobspeak-December-2024.pdf
exp_8_12,2024-06,2590,Naukri-Jobspeak-December-2024.pdf,2024-12,https://www.infoedge.in/pdfs/News_Events_pdfs/Naukri-Jobspeak-December-2024.pdf
exp_8_12,2024-07,2920,Naukri-Jobspeak-December-2024.pdf,2024-12,https://www.infoedge.in/pdfs/News_Events_pdfs/Naukri-Jobspeak-December-2024.pdf
exp_8_12,2024-08,2600,Naukri-Jobspeak-December-2024.pdf,2024-12,https://www.infoedge.in/pdfs/News_Events_pdfs/Naukri-Jobspeak-December-2024.pdf
exp_8_12,2024-09,2771,Naukri-Jobspeak-December-2024.pdf,2024-12,https://www.infoedge.in/pdfs/News_Events_pdfs/Naukri-Jobspeak-December-2024.pdf
exp_8_12,2024-10,2785,Naukri-Jobspeak-December-2024.pdf,2024-12,https://www.infoedge.in/pdfs/News_Events_pdfs/Naukri-Jobspeak-December-2024.pdf
exp_8_12,2024-11,2474,Naukri-Jobspeak-December-2024.pdf,2024-12,https://www.infoedge.in/pdfs/News_Events_pdfs/Naukri-Jobspeak-December-2024.pdf
exp_8_12,2024-12,2667,Naukri-Jobspeak-December-2024.pdf,2024-12,https://www.infoedge.in/pdfs/News_Events_pdfs/Naukri-Jobspeak-December-2024.pdf
exp_13_16,2023-12,2195,Naukri-Jobspeak-December-2024.pdf,2024-12,https://www.infoedge.in/pdfs/News_Events_pdfs/Naukri-Jobspeak-December-2024.pdf
exp_13_16,2024-01,2196,Naukri-Jobspeak-December-2024.pdf,2024-12,https://www.infoedge.in/pdfs/News_Events_pdfs/Naukri-Jobspeak-December-2024.pdf
exp_13_16,2024-02,2523,Naukri-Jobspeak-December-2024.pdf,2024-12,https://www.infoedge.in/pdfs/News_Events_pdfs/Naukri-Jobspeak-December-2024.pdf
exp_13_16,2024-03,2412,Naukri-Jobspeak-December-2024.pdf,2024-12,https://www.infoedge.in/pdfs/News_Events_pdfs/Naukri-Jobspeak-December-2024.pdf
exp_13_16,2024-04,2407,Naukri-Jobspeak-December-2024.pdf,2024-12,https://www.infoedge.in/pdfs/News_Events_pdfs/Naukri-Jobspeak-December-2024.pdf
exp_13_16,2024-05,2570,Naukri-Jobspeak-December-2024.pdf,2024-12,https://www.infoedge.in/pdfs/News_Events_pdfs/Naukri-Jobspeak-December-2024.pdf
exp_13_16,2024-06,2379,Naukri-Jobspeak-December-2024.pdf,2024-12,https://www.infoedge.in/pdfs/News_Events_pdfs/Naukri-Jobspeak-December-2024.pdf
exp_13_16,2024-07,2671,Naukri-Jobspeak-December-2024.pdf,2024-12,https://www.infoedge.in/pdfs/News_Events_pdfs/Naukri-Jobspeak-December-2024.pdf
exp_13_16,2024-08,2407,Naukri-Jobspeak-December-2024.pdf,2024-12,https://www.infoedge.in/pdfs/News_Events_pdfs/Naukri-Jobspeak-December-2024.pdf
exp_13_16,2024-09,2548,Naukri-Jobspeak-December-2024.pdf,2024-12,https://www.infoedge.in/pdfs/News_Events_pdfs/Naukri-Jobspeak-December-2024.pdf
exp_13_16,2024-10,2570,Naukri-Jobspeak-December-2024.pdf,2024-12,https://www.infoedge.in/pdfs/News_Events_pdfs/Naukri-Jobspeak-December-2024.pdf
exp_13_16,2024-11,2308,Naukri-Jobspeak-December-2024.pdf,2024-12,https://www.infoedge.in/pdfs/News_Events_pdfs/Naukri-Jobspeak-December-2024.pdf
exp_13_16,2024-12,2522,Naukri-Jobspeak-December-2024.pdf,2024-12,https://www.infoedge.in/pdfs/News_Events_pdfs/Naukri-Jobspeak-December-2024.pdf
exp_16plus,2023-12,2357,Naukri-Jobspeak-December-2024.pdf,2024-12,https://www.infoedge.in/pdfs/News_Events_pdfs/Naukri-Jobspeak-December-2024.pdf
exp_16plus,2024-01,2429,Naukri-Jobspeak-December-2024.pdf,2024-12,https://www.infoedge.in/pdfs/News_Events_pdfs/Naukri-Jobspeak-December-2024.pdf
exp_16plus,2024-02,2744,Naukri-Jobspeak-December-2024.pdf,2024-12,https://www.infoedge.in/pdfs/News_Events_pdfs/Naukri-Jobspeak-December-2024.pdf
exp_16plus,2024-03,2640,Naukri-Jobspeak-December-2024.pdf,2024-12,https://www.infoedge.in/pdfs/News_Events_pdfs/Naukri-Jobspeak-December-2024.pdf
exp_16plus,2024-04,2690,Naukri-Jobspeak-December-2024.pdf,2024-12,https://www.infoedge.in/pdfs/News_Events_pdfs/Naukri-Jobspeak-December-2024.pdf
exp_16plus,2024-05,2893,Naukri-Jobspeak-December-2024.pdf,2024-12,https://www.infoedge.in/pdfs/News_Events_pdfs/Naukri-Jobspeak-December-2024.pdf
exp_16plus,2024-06,2687,Naukri-Jobspeak-December-2024.pdf,2024-12,https://www.infoedge.in/pdfs/News_Events_pdfs/Naukri-Jobspeak-December-2024.pdf
exp_16plus,2024-07,2994,Naukri-Jobspeak-December-2024.pdf,2024-12,https://www.infoedge.in/pdfs/News_Events_pdfs/Naukri-Jobspeak-December-2024.pdf
exp_16plus,2024-08,2729,Naukri-Jobspeak-December-2024.pdf,2024-12,https://www.infoedge.in/pdfs/News_Events_pdfs/Naukri-Jobspeak-December-2024.pdf
exp_16plus,2024-09,2872,Naukri-Jobspeak-December-2024.pdf,2024-12,https://www.infoedge.in/pdfs/News_Events_pdfs/Naukri-Jobspeak-December-2024.pdf
exp_16plus,2024-10,2906,Naukri-Jobspeak-December-2024.pdf,2024-12,https://www.infoedge.in/pdfs/News_Events_pdfs/Naukri-Jobspeak-December-2024.pdf
exp_16plus,2024-11,2552,Naukri-Jobspeak-December-2024.pdf,2024-12,https://www.infoedge.in/pdfs/News_Events_pdfs/Naukri-Jobspeak-December-2024.pdf
exp_16plus,2024-12,2890,Naukri-Jobspeak-December-2024.pdf,2024-12,https://www.infoedge.in/pdfs/News_Events_pdfs/Naukri-Jobspeak-December-2024.pdf
it_software,2023-12,3210,Naukri-Jobspeak-December-2024.pdf,2024-12,https://www.infoedge.in/pdfs/News_Events_pdfs/Naukri-Jobspeak-December-2024.pdf
it_software,2024-01,3233,Naukri-Jobspeak-December-2024.pdf,2024-12,https://www.infoedge.in/pdfs/News_Events_pdfs/Naukri-Jobspeak-December-2024.pdf
it_software,2024-02,3748,Naukri-Jobspeak-December-2024.pdf,2024-12,https://www.infoedge.in/pdfs/News_Events_pdfs/Naukri-Jobspeak-December-2024.pdf
it_software,2024-03,3501,Naukri-Jobspeak-December-2024.pdf,2024-12,https://www.infoedge.in/pdfs/News_Events_pdfs/Naukri-Jobspeak-December-2024.pdf
it_software,2024-04,3456,Naukri-Jobspeak-December-2024.pdf,2024-12,https://www.infoedge.in/pdfs/News_Events_pdfs/Naukri-Jobspeak-December-2024.pdf
it_software,2024-05,3630,Naukri-Jobspeak-December-2024.pdf,2024-12,https://www.infoedge.in/pdfs/News_Events_pdfs/Naukri-Jobspeak-December-2024.pdf
it_software,2024-06,3341,Naukri-Jobspeak-December-2024.pdf,2024-12,https://www.infoedge.in/pdfs/News_Events_pdfs/Naukri-Jobspeak-December-2024.pdf
it_software,2024-07,3713,Naukri-Jobspeak-December-2024.pdf,2024-12,https://www.infoedge.in/pdfs/News_Events_pdfs/Naukri-Jobspeak-December-2024.pdf
it_software,2024-08,3310,Naukri-Jobspeak-December-2024.pdf,2024-12,https://www.infoedge.in/pdfs/News_Events_pdfs/Naukri-Jobspeak-December-2024.pdf
it_software,2024-09,3539,Naukri-Jobspeak-December-2024.pdf,2024-12,https://www.infoedge.in/pdfs/News_Events_pdfs/Naukri-Jobspeak-December-2024.pdf
it_software,2024-10,3487,Naukri-Jobspeak-December-2024.pdf,2024-12,https://www.infoedge.in/pdfs/News_Events_pdfs/Naukri-Jobspeak-December-2024.pdf
it_software,2024-11,3116,Naukri-Jobspeak-December-2024.pdf,2024-12,https://www.infoedge.in/pdfs/News_Events_pdfs/Naukri-Jobspeak-December-2024.pdf
it_software,2024-12,3266,Naukri-Jobspeak-December-2024.pdf,2024-12,https://www.infoedge.in/pdfs/News_Events_pdfs/Naukri-Jobspeak-December-2024.pdf
it_software,2021-02,3944,Naukri-Jobspeak-Feb-2022.pdf,2022-02,https://www.infoedge.in/pdfs/News_Events_pdfs/Naukri-Jobspeak-Feb-2022.pdf
it_software,2021-03,4376,Naukri-Jobspeak-Feb-2022.pdf,2022-02,https://www.infoedge.in/pdfs/News_Events_pdfs/Naukri-Jobspeak-Feb-2022.pdf
it_software,2021-04,3859,Naukri-Jobspeak-Feb-2022.pdf,2022-02,https://www.infoedge.in/pdfs/News_Events_pdfs/Naukri-Jobspeak-Feb-2022.pdf
it_software,2021-05,4409,Naukri-Jobspeak-Feb-2022.pdf,2022-02,https://www.infoedge.in/pdfs/News_Events_pdfs/Naukri-Jobspeak-Feb-2022.pdf
it_software,2021-06,4624,Naukri-Jobspeak-Feb-2022.pdf,2022-02,https://www.infoedge.in/pdfs/News_Events_pdfs/Naukri-Jobspeak-Feb-2022.pdf
it_software,2021-07,5466,Naukri-Jobspeak-Feb-2022.pdf,2022-02,https://www.infoedge.in/pdfs/News_Events_pdfs/Naukri-Jobspeak-Feb-2022.pdf
it_software,2021-08,5422,Naukri-Jobspeak-Feb-2022.pdf,2022-02,https://www.infoedge.in/pdfs/News_Events_pdfs/Naukri-Jobspeak-Feb-2022.pdf
it_software,2021-09,5648,Naukri-Jobspeak-Feb-2022.pdf,2022-02,https://www.infoedge.in/pdfs/News_Events_pdfs/Naukri-Jobspeak-Feb-2022.pdf
it_software,2021-10,4686,Naukri-Jobspeak-Feb-2022.pdf,2022-02,https://www.infoedge.in/pdfs/News_Events_pdfs/Naukri-Jobspeak-Feb-2022.pdf
it_software,2021-11,4155,Naukri-Jobspeak-Feb-2022.pdf,2022-02,https://www.infoedge.in/pdfs/News_Events_pdfs/Naukri-Jobspeak-Feb-2022.pdf
it_software,2021-12,3334,Naukri-Jobspeak-Feb-2022.pdf,2022-02,https://www.infoedge.in/pdfs/News_Events_pdfs/Naukri-Jobspeak-Feb-2022.pdf
it_software,2022-01,5370,Naukri-Jobspeak-Feb-2022.pdf,2022-02,https://www.infoedge.in/pdfs/News_Events_pdfs/Naukri-Jobspeak-Feb-2022.pdf
it_software,2022-02,5560,Naukri-Jobspeak-Feb-2022.pdf,2022-02,https://www.infoedge.in/pdfs/News_Events_pdfs/Naukri-Jobspeak-Feb-2022.pdf
bpo_ites,2021-02,2184,Naukri-Jobspeak-Feb-2022.pdf,2022-02,https://www.infoedge.in/pdfs/News_Events_pdfs/Naukri-Jobspeak-Feb-2022.pdf
bpo_ites,2021-03,2201,Naukri-Jobspeak-Feb-2022.pdf,2022-02,https://www.infoedge.in/pdfs/News_Events_pdfs/Naukri-Jobspeak-Feb-2022.pdf
bpo_ites,2021-04,1838,Naukri-Jobspeak-Feb-2022.pdf,2022-02,https://www.infoedge.in/pdfs/News_Events_pdfs/Naukri-Jobspeak-Feb-2022.pdf
bpo_ites,2021-05,1655,Naukri-Jobspeak-Feb-2022.pdf,2022-02,https://www.infoedge.in/pdfs/News_Events_pdfs/Naukri-Jobspeak-Feb-2022.pdf
bpo_ites,2021-06,1891,Naukri-Jobspeak-Feb-2022.pdf,2022-02,https://www.infoedge.in/pdfs/News_Events_pdfs/Naukri-Jobspeak-Feb-2022.pdf
bpo_ites,2021-07,1923,Naukri-Jobspeak-Feb-2022.pdf,2022-02,https://www.infoedge.in/pdfs/News_Events_pdfs/Naukri-Jobspeak-Feb-2022.pdf
bpo_ites,2021-08,1994,Naukri-Jobspeak-Feb-2022.pdf,2022-02,https://www.infoedge.in/pdfs/News_Events_pdfs/Naukri-Jobspeak-Feb-2022.pdf
bpo_ites,2021-09,2229,Naukri-Jobspeak-Feb-2022.pdf,2022-02,https://www.infoedge.in/pdfs/News_Events_pdfs/Naukri-Jobspeak-Feb-2022.pdf
bpo_ites,2021-10,2044,Naukri-Jobspeak-Feb-2022.pdf,2022-02,https://www.infoedge.in/pdfs/News_Events_pdfs/Naukri-Jobspeak-Feb-2022.pdf
bpo_ites,2021-11,1771,Naukri-Jobspeak-Feb-2022.pdf,2022-02,https://www.infoedge.in/pdfs/News_Events_pdfs/Naukri-Jobspeak-Feb-2022.pdf
bpo_ites,2021-12,1567,Naukri-Jobspeak-Feb-2022.pdf,2022-02,https://www.infoedge.in/pdfs/News_Events_pdfs/Naukri-Jobspeak-Feb-2022.pdf
bpo_ites,2022-01,1987,Naukri-Jobspeak-Feb-2022.pdf,2022-02,https://www.infoedge.in/pdfs/News_Events_pdfs/Naukri-Jobspeak-Feb-2022.pdf
bpo_ites,2022-02,2468,Naukri-Jobspeak-Feb-2022.pdf,2022-02,https://www.infoedge.in/pdfs/News_Events_pdfs/Naukri-Jobspeak-Feb-2022.pdf
bpo_ites,2023-02,2456,Naukri-Jobspeak-Feb-2024.pdf,2024-02,https://www.infoedge.in/pdfs/News_Events_pdfs/Naukri-Jobspeak-Feb-2024.pdf
bpo_ites,2023-03,2415,Naukri-Jobspeak-Feb-2024.pdf,2024-02,https://www.infoedge.in/pdfs/News_Events_pdfs/Naukri-Jobspeak-Feb-2024.pdf
bpo_ites,2023-04,2186,Naukri-Jobspeak-Feb-2024.pdf,2024-02,https://www.infoedge.in/pdfs/News_Events_pdfs/Naukri-Jobspeak-Feb-2024.pdf
bpo_ites,2023-05,2256,Naukri-Jobspeak-Feb-2024.pdf,2024-02,https://www.infoedge.in/pdfs/News_Events_pdfs/Naukri-Jobspeak-Feb-2024.pdf
bpo_ites,2023-06,2163,Naukri-Jobspeak-Feb-2024.pdf,2024-02,https://www.infoedge.in/pdfs/News_Events_pdfs/Naukri-Jobspeak-Feb-2024.pdf
bpo_ites,2023-07,2036,Naukri-Jobspeak-Feb-2024.pdf,2024-02,https://www.infoedge.in/pdfs/News_Events_pdfs/Naukri-Jobspeak-Feb-2024.pdf
bpo_ites,2023-08,2085,Naukri-Jobspeak-Feb-2024.pdf,2024-02,https://www.infoedge.in/pdfs/News_Events_pdfs/Naukri-Jobspeak-Feb-2024.pdf
bpo_ites,2023-09,1952,Naukri-Jobspeak-Feb-2024.pdf,2024-02,https://www.infoedge.in/pdfs/News_Events_pdfs/Naukri-Jobspeak-Feb-2024.pdf
bpo_ites,2023-10,2179,Naukri-Jobspeak-Feb-2024.pdf,2024-02,https://www.infoedge.in/pdfs/News_Events_pdfs/Naukri-Jobspeak-Feb-2024.pdf
bpo_ites,2023-11,2054,Naukri-Jobspeak-Feb-2024.pdf,2024-02,https://www.infoedge.in/pdfs/News_Events_pdfs/Naukri-Jobspeak-Feb-2024.pdf
bpo_ites,2023-12,1872,Naukri-Jobspeak-Feb-2024.pdf,2024-02,https://www.infoedge.in/pdfs/News_Events_pdfs/Naukri-Jobspeak-Feb-2024.pdf
bpo_ites,2024-01,1939,Naukri-Jobspeak-Feb-2024.pdf,2024-02,https://www.infoedge.in/pdfs/News_Events_pdfs/Naukri-Jobspeak-Feb-2024.pdf
bpo_ites,2024-02,2157,Naukri-Jobspeak-Feb-2024.pdf,2024-02,https://www.infoedge.in/pdfs/News_Events_pdfs/Naukri-Jobspeak-Feb-2024.pdf
it_software,2023-02,4428,Naukri-Jobspeak-Feb-2024.pdf,2024-02,https://www.infoedge.in/pdfs/News_Events_pdfs/Naukri-Jobspeak-Feb-2024.pdf
it_software,2023-03,4147,Naukri-Jobspeak-Feb-2024.pdf,2024-02,https://www.infoedge.in/pdfs/News_Events_pdfs/Naukri-Jobspeak-Feb-2024.pdf
it_software,2023-04,3392,Naukri-Jobspeak-Feb-2024.pdf,2024-02,https://www.infoedge.in/pdfs/News_Events_pdfs/Naukri-Jobspeak-Feb-2024.pdf
it_software,2023-05,3618,Naukri-Jobspeak-Feb-2024.pdf,2024-02,https://www.infoedge.in/pdfs/News_Events_pdfs/Naukri-Jobspeak-Feb-2024.pdf
it_software,2023-06,3511,Naukri-Jobspeak-Feb-2024.pdf,2024-02,https://www.infoedge.in/pdfs/News_Events_pdfs/Naukri-Jobspeak-Feb-2024.pdf
it_software,2023-07,3187,Naukri-Jobspeak-Feb-2024.pdf,2024-02,https://www.infoedge.in/pdfs/News_Events_pdfs/Naukri-Jobspeak-Feb-2024.pdf
it_software,2023-08,3278,Naukri-Jobspeak-Feb-2024.pdf,2024-02,https://www.infoedge.in/pdfs/News_Events_pdfs/Naukri-Jobspeak-Feb-2024.pdf
it_software,2023-09,2989,Naukri-Jobspeak-Feb-2024.pdf,2024-02,https://www.infoedge.in/pdfs/News_Events_pdfs/Naukri-Jobspeak-Feb-2024.pdf
it_software,2023-10,3302,Naukri-Jobspeak-Feb-2024.pdf,2024-02,https://www.infoedge.in/pdfs/News_Events_pdfs/Naukri-Jobspeak-Feb-2024.pdf
it_software,2023-11,3349,Naukri-Jobspeak-Feb-2024.pdf,2024-02,https://www.infoedge.in/pdfs/News_Events_pdfs/Naukri-Jobspeak-Feb-2024.pdf
it_software,2023-12,3210,Naukri-Jobspeak-Feb-2024.pdf,2024-02,https://www.infoedge.in/pdfs/News_Events_pdfs/Naukri-Jobspeak-Feb-2024.pdf
it_software,2024-01,3233,Naukri-Jobspeak-Feb-2024.pdf,2024-02,https://www.infoedge.in/pdfs/News_Events_pdfs/Naukri-Jobspeak-Feb-2024.pdf
it_software,2024-02,3748,Naukri-Jobspeak-Feb-2024.pdf,2024-02,https://www.infoedge.in/pdfs/News_Events_pdfs/Naukri-Jobspeak-Feb-2024.pdf
exp_0_3,2023-02,3073,Naukri-Jobspeak-Feb-2024.pdf,2024-02,https://www.infoedge.in/pdfs/News_Events_pdfs/Naukri-Jobspeak-Feb-2024.pdf
exp_0_3,2023-03,3144,Naukri-Jobspeak-Feb-2024.pdf,2024-02,https://www.infoedge.in/pdfs/News_Events_pdfs/Naukri-Jobspeak-Feb-2024.pdf
exp_0_3,2023-04,2834,Naukri-Jobspeak-Feb-2024.pdf,2024-02,https://www.infoedge.in/pdfs/News_Events_pdfs/Naukri-Jobspeak-Feb-2024.pdf
exp_0_3,2023-05,2945,Naukri-Jobspeak-Feb-2024.pdf,2024-02,https://www.infoedge.in/pdfs/News_Events_pdfs/Naukri-Jobspeak-Feb-2024.pdf
exp_0_3,2023-06,2890,Naukri-Jobspeak-Feb-2024.pdf,2024-02,https://www.infoedge.in/pdfs/News_Events_pdfs/Naukri-Jobspeak-Feb-2024.pdf
exp_0_3,2023-07,2672,Naukri-Jobspeak-Feb-2024.pdf,2024-02,https://www.infoedge.in/pdfs/News_Events_pdfs/Naukri-Jobspeak-Feb-2024.pdf
exp_0_3,2023-08,2769,Naukri-Jobspeak-Feb-2024.pdf,2024-02,https://www.infoedge.in/pdfs/News_Events_pdfs/Naukri-Jobspeak-Feb-2024.pdf
exp_0_3,2023-09,2933,Naukri-Jobspeak-Feb-2024.pdf,2024-02,https://www.infoedge.in/pdfs/News_Events_pdfs/Naukri-Jobspeak-Feb-2024.pdf
exp_0_3,2023-10,2642,Naukri-Jobspeak-Feb-2024.pdf,2024-02,https://www.infoedge.in/pdfs/News_Events_pdfs/Naukri-Jobspeak-Feb-2024.pdf
exp_0_3,2023-11,2484,Naukri-Jobspeak-Feb-2024.pdf,2024-02,https://www.infoedge.in/pdfs/News_Events_pdfs/Naukri-Jobspeak-Feb-2024.pdf
exp_0_3,2023-12,2618,Naukri-Jobspeak-Feb-2024.pdf,2024-02,https://www.infoedge.in/pdfs/News_Events_pdfs/Naukri-Jobspeak-Feb-2024.pdf
exp_0_3,2024-01,2621,Naukri-Jobspeak-Feb-2024.pdf,2024-02,https://www.infoedge.in/pdfs/News_Events_pdfs/Naukri-Jobspeak-Feb-2024.pdf
exp_0_3,2024-02,2822,Naukri-Jobspeak-Feb-2024.pdf,2024-02,https://www.infoedge.in/pdfs/News_Events_pdfs/Naukri-Jobspeak-Feb-2024.pdf
exp_4_7,2023-02,3104,Naukri-Jobspeak-Feb-2024.pdf,2024-02,https://www.infoedge.in/pdfs/News_Events_pdfs/Naukri-Jobspeak-Feb-2024.pdf
exp_4_7,2023-03,3010,Naukri-Jobspeak-Feb-2024.pdf,2024-02,https://www.infoedge.in/pdfs/News_Events_pdfs/Naukri-Jobspeak-Feb-2024.pdf
exp_4_7,2023-04,2725,Naukri-Jobspeak-Feb-2024.pdf,2024-02,https://www.infoedge.in/pdfs/News_Events_pdfs/Naukri-Jobspeak-Feb-2024.pdf
exp_4_7,2023-05,2846,Naukri-Jobspeak-Feb-2024.pdf,2024-02,https://www.infoedge.in/pdfs/News_Events_pdfs/Naukri-Jobspeak-Feb-2024.pdf
exp_4_7,2023-06,2770,Naukri-Jobspeak-Feb-2024.pdf,2024-02,https://www.infoedge.in/pdfs/News_Events_pdfs/Naukri-Jobspeak-Feb-2024.pdf
exp_4_7,2023-07,2516,Naukri-Jobspeak-Feb-2024.pdf,2024-02,https://www.infoedge.in/pdfs/News_Events_pdfs/Naukri-Jobspeak-Feb-2024.pdf
exp_4_7,2023-08,2567,Naukri-Jobspeak-Feb-2024.pdf,2024-02,https://www.infoedge.in/pdfs/News_Events_pdfs/Naukri-Jobspeak-Feb-2024.pdf
exp_4_7,2023-09,2717,Naukri-Jobspeak-Feb-2024.pdf,2024-02,https://www.infoedge.in/pdfs/News_Events_pdfs/Naukri-Jobspeak-Feb-2024.pdf
exp_4_7,2023-10,2361,Naukri-Jobspeak-Feb-2024.pdf,2024-02,https://www.infoedge.in/pdfs/News_Events_pdfs/Naukri-Jobspeak-Feb-2024.pdf
exp_4_7,2023-11,2282,Naukri-Jobspeak-Feb-2024.pdf,2024-02,https://www.infoedge.in/pdfs/News_Events_pdfs/Naukri-Jobspeak-Feb-2024.pdf
exp_4_7,2023-12,2316,Naukri-Jobspeak-Feb-2024.pdf,2024-02,https://www.infoedge.in/pdfs/News_Events_pdfs/Naukri-Jobspeak-Feb-2024.pdf
exp_4_7,2024-01,2339,Naukri-Jobspeak-Feb-2024.pdf,2024-02,https://www.infoedge.in/pdfs/News_Events_pdfs/Naukri-Jobspeak-Feb-2024.pdf
exp_4_7,2024-02,2624,Naukri-Jobspeak-Feb-2024.pdf,2024-02,https://www.infoedge.in/pdfs/News_Events_pdfs/Naukri-Jobspeak-Feb-2024.pdf
exp_8_12,2023-02,2885,Naukri-Jobspeak-Feb-2024.pdf,2024-02,https://www.infoedge.in/pdfs/News_Events_pdfs/Naukri-Jobspeak-Feb-2024.pdf
exp_8_12,2023-03,2859,Naukri-Jobspeak-Feb-2024.pdf,2024-02,https://www.infoedge.in/pdfs/News_Events_pdfs/Naukri-Jobspeak-Feb-2024.pdf
exp_8_12,2023-04,2625,Naukri-Jobspeak-Feb-2024.pdf,2024-02,https://www.infoedge.in/pdfs/News_Events_pdfs/Naukri-Jobspeak-Feb-2024.pdf
exp_8_12,2023-05,2774,Naukri-Jobspeak-Feb-2024.pdf,2024-02,https://www.infoedge.in/pdfs/News_Events_pdfs/Naukri-Jobspeak-Feb-2024.pdf
exp_8_12,2023-06,2724,Naukri-Jobspeak-Feb-2024.pdf,2024-02,https://www.infoedge.in/pdfs/News_Events_pdfs/Naukri-Jobspeak-Feb-2024.pdf
exp_8_12,2023-07,2507,Naukri-Jobspeak-Feb-2024.pdf,2024-02,https://www.infoedge.in/pdfs/News_Events_pdfs/Naukri-Jobspeak-Feb-2024.pdf
exp_8_12,2023-08,2633,Naukri-Jobspeak-Feb-2024.pdf,2024-02,https://www.infoedge.in/pdfs/News_Events_pdfs/Naukri-Jobspeak-Feb-2024.pdf
exp_8_12,2023-09,2861,Naukri-Jobspeak-Feb-2024.pdf,2024-02,https://www.infoedge.in/pdfs/News_Events_pdfs/Naukri-Jobspeak-Feb-2024.pdf
exp_8_12,2023-10,2431,Naukri-Jobspeak-Feb-2024.pdf,2024-02,https://www.infoedge.in/pdfs/News_Events_pdfs/Naukri-Jobspeak-Feb-2024.pdf
exp_8_12,2023-11,2343,Naukri-Jobspeak-Feb-2024.pdf,2024-02,https://www.infoedge.in/pdfs/News_Events_pdfs/Naukri-Jobspeak-Feb-2024.pdf
exp_8_12,2023-12,2366,Naukri-Jobspeak-Feb-2024.pdf,2024-02,https://www.infoedge.in/pdfs/News_Events_pdfs/Naukri-Jobspeak-Feb-2024.pdf
exp_8_12,2024-01,2374,Naukri-Jobspeak-Feb-2024.pdf,2024-02,https://www.infoedge.in/pdfs/News_Events_pdfs/Naukri-Jobspeak-Feb-2024.pdf
exp_8_12,2024-02,2797,Naukri-Jobspeak-Feb-2024.pdf,2024-02,https://www.infoedge.in/pdfs/News_Events_pdfs/Naukri-Jobspeak-Feb-2024.pdf
exp_13_16,2023-02,2362,Naukri-Jobspeak-Feb-2024.pdf,2024-02,https://www.infoedge.in/pdfs/News_Events_pdfs/Naukri-Jobspeak-Feb-2024.pdf
exp_13_16,2023-03,2389,Naukri-Jobspeak-Feb-2024.pdf,2024-02,https://www.infoedge.in/pdfs/News_Events_pdfs/Naukri-Jobspeak-Feb-2024.pdf
exp_13_16,2023-04,2217,Naukri-Jobspeak-Feb-2024.pdf,2024-02,https://www.infoedge.in/pdfs/News_Events_pdfs/Naukri-Jobspeak-Feb-2024.pdf
exp_13_16,2023-05,2370,Naukri-Jobspeak-Feb-2024.pdf,2024-02,https://www.infoedge.in/pdfs/News_Events_pdfs/Naukri-Jobspeak-Feb-2024.pdf
exp_13_16,2023-06,2379,Naukri-Jobspeak-Feb-2024.pdf,2024-02,https://www.infoedge.in/pdfs/News_Events_pdfs/Naukri-Jobspeak-Feb-2024.pdf
exp_13_16,2023-07,2271,Naukri-Jobspeak-Feb-2024.pdf,2024-02,https://www.infoedge.in/pdfs/News_Events_pdfs/Naukri-Jobspeak-Feb-2024.pdf
exp_13_16,2023-08,2372,Naukri-Jobspeak-Feb-2024.pdf,2024-02,https://www.infoedge.in/pdfs/News_Events_pdfs/Naukri-Jobspeak-Feb-2024.pdf
exp_13_16,2023-09,2421,Naukri-Jobspeak-Feb-2024.pdf,2024-02,https://www.infoedge.in/pdfs/News_Events_pdfs/Naukri-Jobspeak-Feb-2024.pdf
exp_13_16,2023-10,2227,Naukri-Jobspeak-Feb-2024.pdf,2024-02,https://www.infoedge.in/pdfs/News_Events_pdfs/Naukri-Jobspeak-Feb-2024.pdf
exp_13_16,2023-11,2116,Naukri-Jobspeak-Feb-2024.pdf,2024-02,https://www.infoedge.in/pdfs/News_Events_pdfs/Naukri-Jobspeak-Feb-2024.pdf
exp_13_16,2023-12,2195,Naukri-Jobspeak-Feb-2024.pdf,2024-02,https://www.infoedge.in/pdfs/News_Events_pdfs/Naukri-Jobspeak-Feb-2024.pdf
exp_13_16,2024-01,2196,Naukri-Jobspeak-Feb-2024.pdf,2024-02,https://www.infoedge.in/pdfs/News_Events_pdfs/Naukri-Jobspeak-Feb-2024.pdf
exp_13_16,2024-02,2523,Naukri-Jobspeak-Feb-2024.pdf,2024-02,https://www.infoedge.in/pdfs/News_Events_pdfs/Naukri-Jobspeak-Feb-2024.pdf
exp_16plus,2023-02,2273,Naukri-Jobspeak-Feb-2024.pdf,2024-02,https://www.infoedge.in/pdfs/News_Events_pdfs/Naukri-Jobspeak-Feb-2024.pdf
exp_16plus,2023-03,2373,Naukri-Jobspeak-Feb-2024.pdf,2024-02,https://www.infoedge.in/pdfs/News_Events_pdfs/Naukri-Jobspeak-Feb-2024.pdf
exp_16plus,2023-04,2230,Naukri-Jobspeak-Feb-2024.pdf,2024-02,https://www.infoedge.in/pdfs/News_Events_pdfs/Naukri-Jobspeak-Feb-2024.pdf
exp_16plus,2023-05,2355,Naukri-Jobspeak-Feb-2024.pdf,2024-02,https://www.infoedge.in/pdfs/News_Events_pdfs/Naukri-Jobspeak-Feb-2024.pdf
exp_16plus,2023-06,2370,Naukri-Jobspeak-Feb-2024.pdf,2024-02,https://www.infoedge.in/pdfs/News_Events_pdfs/Naukri-Jobspeak-Feb-2024.pdf
exp_16plus,2023-07,2276,Naukri-Jobspeak-Feb-2024.pdf,2024-02,https://www.infoedge.in/pdfs/News_Events_pdfs/Naukri-Jobspeak-Feb-2024.pdf
exp_16plus,2023-08,2457,Naukri-Jobspeak-Feb-2024.pdf,2024-02,https://www.infoedge.in/pdfs/News_Events_pdfs/Naukri-Jobspeak-Feb-2024.pdf
exp_16plus,2023-09,2522,Naukri-Jobspeak-Feb-2024.pdf,2024-02,https://www.infoedge.in/pdfs/News_Events_pdfs/Naukri-Jobspeak-Feb-2024.pdf
exp_16plus,2023-10,2361,Naukri-Jobspeak-Feb-2024.pdf,2024-02,https://www.infoedge.in/pdfs/News_Events_pdfs/Naukri-Jobspeak-Feb-2024.pdf
exp_16plus,2023-11,2247,Naukri-Jobspeak-Feb-2024.pdf,2024-02,https://www.infoedge.in/pdfs/News_Events_pdfs/Naukri-Jobspeak-Feb-2024.pdf
exp_16plus,2023-12,2357,Naukri-Jobspeak-Feb-2024.pdf,2024-02,https://www.infoedge.in/pdfs/News_Events_pdfs/Naukri-Jobspeak-Feb-2024.pdf
exp_16plus,2024-01,2429,Naukri-Jobspeak-Feb-2024.pdf,2024-02,https://www.infoedge.in/pdfs/News_Events_pdfs/Naukri-Jobspeak-Feb-2024.pdf
exp_16plus,2024-02,2744,Naukri-Jobspeak-Feb-2024.pdf,2024-02,https://www.infoedge.in/pdfs/News_Events_pdfs/Naukri-Jobspeak-Feb-2024.pdf
bpo_ites,2025-02,2171,Naukri-Jobspeak-Feb-2026.pdf,2026-02,https://www.infoedge.in/pdfs/News_Events_pdfs/Naukri-Jobspeak-Feb-2026.pdf
bpo_ites,2025-03,2095,Naukri-Jobspeak-Feb-2026.pdf,2026-02,https://www.infoedge.in/pdfs/News_Events_pdfs/Naukri-Jobspeak-Feb-2026.pdf
bpo_ites,2025-04,2314,Naukri-Jobspeak-Feb-2026.pdf,2026-02,https://www.infoedge.in/pdfs/News_Events_pdfs/Naukri-Jobspeak-Feb-2026.pdf
bpo_ites,2025-05,2282,Naukri-Jobspeak-Feb-2026.pdf,2026-02,https://www.infoedge.in/pdfs/News_Events_pdfs/Naukri-Jobspeak-Feb-2026.pdf
bpo_ites,2025-06,2339,Naukri-Jobspeak-Feb-2026.pdf,2026-02,https://www.infoedge.in/pdfs/News_Events_pdfs/Naukri-Jobspeak-Feb-2026.pdf
bpo_ites,2025-07,2450,Naukri-Jobspeak-Feb-2026.pdf,2026-02,https://www.infoedge.in/pdfs/News_Events_pdfs/Naukri-Jobspeak-Feb-2026.pdf
bpo_ites,2025-08,2332,Naukri-Jobspeak-Feb-2026.pdf,2026-02,https://www.infoedge.in/pdfs/News_Events_pdfs/Naukri-Jobspeak-Feb-2026.pdf
bpo_ites,2025-09,2532,Naukri-Jobspeak-Feb-2026.pdf,2026-02,https://www.infoedge.in/pdfs/News_Events_pdfs/Naukri-Jobspeak-Feb-2026.pdf
bpo_ites,2025-10,2193,Naukri-Jobspeak-Feb-2026.pdf,2026-02,https://www.infoedge.in/pdfs/News_Events_pdfs/Naukri-Jobspeak-Feb-2026.pdf
bpo_ites,2025-11,2475,Naukri-Jobspeak-Feb-2026.pdf,2026-02,https://www.infoedge.in/pdfs/News_Events_pdfs/Naukri-Jobspeak-Feb-2026.pdf
bpo_ites,2025-12,2460,Naukri-Jobspeak-Feb-2026.pdf,2026-02,https://www.infoedge.in/pdfs/News_Events_pdfs/Naukri-Jobspeak-Feb-2026.pdf
bpo_ites,2026-01,2306,Naukri-Jobspeak-Feb-2026.pdf,2026-02,https://www.infoedge.in/pdfs/News_Events_pdfs/Naukri-Jobspeak-Feb-2026.pdf
bpo_ites,2026-02,2643,Naukri-Jobspeak-Feb-2026.pdf,2026-02,https://www.infoedge.in/pdfs/News_Events_pdfs/Naukri-Jobspeak-Feb-2026.pdf
it_software,2025-02,3711,Naukri-Jobspeak-Feb-2026.pdf,2026-02,https://www.infoedge.in/pdfs/News_Events_pdfs/Naukri-Jobspeak-Feb-2026.pdf
it_software,2025-03,3413,Naukri-Jobspeak-Feb-2026.pdf,2026-02,https://www.infoedge.in/pdfs/News_Events_pdfs/Naukri-Jobspeak-Feb-2026.pdf
it_software,2025-04,3573,Naukri-Jobspeak-Feb-2026.pdf,2026-02,https://www.infoedge.in/pdfs/News_Events_pdfs/Naukri-Jobspeak-Feb-2026.pdf
it_software,2025-05,3457,Naukri-Jobspeak-Feb-2026.pdf,2026-02,https://www.infoedge.in/pdfs/News_Events_pdfs/Naukri-Jobspeak-Feb-2026.pdf
it_software,2025-06,3523,Naukri-Jobspeak-Feb-2026.pdf,2026-02,https://www.infoedge.in/pdfs/News_Events_pdfs/Naukri-Jobspeak-Feb-2026.pdf
it_software,2025-07,3688,Naukri-Jobspeak-Feb-2026.pdf,2026-02,https://www.infoedge.in/pdfs/News_Events_pdfs/Naukri-Jobspeak-Feb-2026.pdf
it_software,2025-08,3111,Naukri-Jobspeak-Feb-2026.pdf,2026-02,https://www.infoedge.in/pdfs/News_Events_pdfs/Naukri-Jobspeak-Feb-2026.pdf
it_software,2025-09,3585,Naukri-Jobspeak-Feb-2026.pdf,2026-02,https://www.infoedge.in/pdfs/News_Events_pdfs/Naukri-Jobspeak-Feb-2026.pdf
it_software,2025-10,2967,Naukri-Jobspeak-Feb-2026.pdf,2026-02,https://www.infoedge.in/pdfs/News_Events_pdfs/Naukri-Jobspeak-Feb-2026.pdf
it_software,2025-11,3565,Naukri-Jobspeak-Feb-2026.pdf,2026-02,https://www.infoedge.in/pdfs/News_Events_pdfs/Naukri-Jobspeak-Feb-2026.pdf
it_software,2025-12,3531,Naukri-Jobspeak-Feb-2026.pdf,2026-02,https://www.infoedge.in/pdfs/News_Events_pdfs/Naukri-Jobspeak-Feb-2026.pdf
it_software,2026-01,3119,Naukri-Jobspeak-Feb-2026.pdf,2026-02,https://www.infoedge.in/pdfs/News_Events_pdfs/Naukri-Jobspeak-Feb-2026.pdf
it_software,2026-02,3948,Naukri-Jobspeak-Feb-2026.pdf,2026-02,https://www.infoedge.in/pdfs/News_Events_pdfs/Naukri-Jobspeak-Feb-2026.pdf
it_software,2022-02,5560,Naukri-Jobspeak-February-2023.pdf,2023-02,https://www.infoedge.in/pdfs/News_Events_pdfs/Naukri-Jobspeak-February-2023.pdf
it_software,2022-03,4983,Naukri-Jobspeak-February-2023.pdf,2023-02,https://www.infoedge.in/pdfs/News_Events_pdfs/Naukri-Jobspeak-February-2023.pdf
it_software,2022-04,4656,Naukri-Jobspeak-February-2023.pdf,2023-02,https://www.infoedge.in/pdfs/News_Events_pdfs/Naukri-Jobspeak-February-2023.pdf
it_software,2022-05,4711,Naukri-Jobspeak-February-2023.pdf,2023-02,https://www.infoedge.in/pdfs/News_Events_pdfs/Naukri-Jobspeak-February-2023.pdf
it_software,2022-06,5069,Naukri-Jobspeak-February-2023.pdf,2023-02,https://www.infoedge.in/pdfs/News_Events_pdfs/Naukri-Jobspeak-February-2023.pdf
it_software,2022-07,5872,Naukri-Jobspeak-February-2023.pdf,2023-02,https://www.infoedge.in/pdfs/News_Events_pdfs/Naukri-Jobspeak-February-2023.pdf
it_software,2022-08,4881,Naukri-Jobspeak-February-2023.pdf,2023-02,https://www.infoedge.in/pdfs/News_Events_pdfs/Naukri-Jobspeak-February-2023.pdf
it_software,2022-09,5283,Naukri-Jobspeak-February-2023.pdf,2023-02,https://www.infoedge.in/pdfs/News_Events_pdfs/Naukri-Jobspeak-February-2023.pdf
it_software,2022-10,3825,Naukri-Jobspeak-February-2023.pdf,2023-02,https://www.infoedge.in/pdfs/News_Events_pdfs/Naukri-Jobspeak-February-2023.pdf
it_software,2022-11,4674,Naukri-Jobspeak-February-2023.pdf,2023-02,https://www.infoedge.in/pdfs/News_Events_pdfs/Naukri-Jobspeak-February-2023.pdf
it_software,2022-12,4087,Naukri-Jobspeak-February-2023.pdf,2023-02,https://www.infoedge.in/pdfs/News_Events_pdfs/Naukri-Jobspeak-February-2023.pdf
it_software,2023-01,4010,Naukri-Jobspeak-February-2023.pdf,2023-02,https://www.infoedge.in/pdfs/News_Events_pdfs/Naukri-Jobspeak-February-2023.pdf
it_software,2023-02,4428,Naukri-Jobspeak-February-2023.pdf,2023-02,https://www.infoedge.in/pdfs/News_Events_pdfs/Naukri-Jobspeak-February-2023.pdf
bpo_ites,2022-02,2468,Naukri-Jobspeak-February-2023.pdf,2023-02,https://www.infoedge.in/pdfs/News_Events_pdfs/Naukri-Jobspeak-February-2023.pdf
bpo_ites,2022-03,2458,Naukri-Jobspeak-February-2023.pdf,2023-02,https://www.infoedge.in/pdfs/News_Events_pdfs/Naukri-Jobspeak-February-2023.pdf
bpo_ites,2022-04,2659,Naukri-Jobspeak-February-2023.pdf,2023-02,https://www.infoedge.in/pdfs/News_Events_pdfs/Naukri-Jobspeak-February-2023.pdf
bpo_ites,2022-05,2617,Naukri-Jobspeak-February-2023.pdf,2023-02,https://www.infoedge.in/pdfs/News_Events_pdfs/Naukri-Jobspeak-February-2023.pdf
bpo_ites,2022-06,2600,Naukri-Jobspeak-February-2023.pdf,2023-02,https://www.infoedge.in/pdfs/News_Events_pdfs/Naukri-Jobspeak-February-2023.pdf
bpo_ites,2022-07,2587,Naukri-Jobspeak-February-2023.pdf,2023-02,https://www.infoedge.in/pdfs/News_Events_pdfs/Naukri-Jobspeak-February-2023.pdf
bpo_ites,2022-08,2325,Naukri-Jobspeak-February-2023.pdf,2023-02,https://www.infoedge.in/pdfs/News_Events_pdfs/Naukri-Jobspeak-February-2023.pdf
bpo_ites,2022-09,2619,Naukri-Jobspeak-February-2023.pdf,2023-02,https://www.infoedge.in/pdfs/News_Events_pdfs/Naukri-Jobspeak-February-2023.pdf
bpo_ites,2022-10,2131,Naukri-Jobspeak-February-2023.pdf,2023-02,https://www.infoedge.in/pdfs/News_Events_pdfs/Naukri-Jobspeak-February-2023.pdf
bpo_ites,2022-11,2511,Naukri-Jobspeak-February-2023.pdf,2023-02,https://www.infoedge.in/pdfs/News_Events_pdfs/Naukri-Jobspeak-February-2023.pdf
bpo_ites,2022-12,2249,Naukri-Jobspeak-February-2023.pdf,2023-02,https://www.infoedge.in/pdfs/News_Events_pdfs/Naukri-Jobspeak-February-2023.pdf
bpo_ites,2023-01,2303,Naukri-Jobspeak-February-2023.pdf,2023-02,https://www.infoedge.in/pdfs/News_Events_pdfs/Naukri-Jobspeak-February-2023.pdf
bpo_ites,2023-02,2456,Naukri-Jobspeak-February-2023.pdf,2023-02,https://www.infoedge.in/pdfs/News_Events_pdfs/Naukri-Jobspeak-February-2023.pdf
exp_0_3,2022-02,3335,Naukri-Jobspeak-February-2023.pdf,2023-02,https://www.infoedge.in/pdfs/News_Events_pdfs/Naukri-Jobspeak-February-2023.pdf
exp_0_3,2022-03,3154,Naukri-Jobspeak-February-2023.pdf,2023-02,https://www.infoedge.in/pdfs/News_Events_pdfs/Naukri-Jobspeak-February-2023.pdf
exp_0_3,2022-04,3223,Naukri-Jobspeak-February-2023.pdf,2023-02,https://www.infoedge.in/pdfs/News_Events_pdfs/Naukri-Jobspeak-February-2023.pdf
exp_0_3,2022-05,3170,Naukri-Jobspeak-February-2023.pdf,2023-02,https://www.infoedge.in/pdfs/News_Events_pdfs/Naukri-Jobspeak-February-2023.pdf
exp_0_3,2022-06,3105,Naukri-Jobspeak-February-2023.pdf,2023-02,https://www.infoedge.in/pdfs/News_Events_pdfs/Naukri-Jobspeak-February-2023.pdf
exp_0_3,2022-07,3266,Naukri-Jobspeak-February-2023.pdf,2023-02,https://www.infoedge.in/pdfs/News_Events_pdfs/Naukri-Jobspeak-February-2023.pdf
exp_0_3,2022-08,2999,Naukri-Jobspeak-February-2023.pdf,2023-02,https://www.infoedge.in/pdfs/News_Events_pdfs/Naukri-Jobspeak-February-2023.pdf
exp_0_3,2022-09,3265,Naukri-Jobspeak-February-2023.pdf,2023-02,https://www.infoedge.in/pdfs/News_Events_pdfs/Naukri-Jobspeak-February-2023.pdf
exp_0_3,2022-10,2642,Naukri-Jobspeak-February-2023.pdf,2023-02,https://www.infoedge.in/pdfs/News_Events_pdfs/Naukri-Jobspeak-February-2023.pdf
exp_0_3,2022-11,3253,Naukri-Jobspeak-February-2023.pdf,2023-02,https://www.infoedge.in/pdfs/News_Events_pdfs/Naukri-Jobspeak-February-2023.pdf
exp_0_3,2022-12,3106,Naukri-Jobspeak-February-2023.pdf,2023-02,https://www.infoedge.in/pdfs/News_Events_pdfs/Naukri-Jobspeak-February-2023.pdf
exp_0_3,2023-01,2926,Naukri-Jobspeak-February-2023.pdf,2023-02,https://www.infoedge.in/pdfs/News_Events_pdfs/Naukri-Jobspeak-February-2023.pdf
exp_0_3,2023-02,3073,Naukri-Jobspeak-February-2023.pdf,2023-02,https://www.infoedge.in/pdfs/News_Events_pdfs/Naukri-Jobspeak-February-2023.pdf
exp_4_7,2022-02,3279,Naukri-Jobspeak-February-2023.pdf,2023-02,https://www.infoedge.in/pdfs/News_Events_pdfs/Naukri-Jobspeak-February-2023.pdf
exp_4_7,2022-03,3018,Naukri-Jobspeak-February-2023.pdf,2023-02,https://www.infoedge.in/pdfs/News_Events_pdfs/Naukri-Jobspeak-February-2023.pdf
exp_4_7,2022-04,3067,Naukri-Jobspeak-February-2023.pdf,2023-02,https://www.infoedge.in/pdfs/News_Events_pdfs/Naukri-Jobspeak-February-2023.pdf
exp_4_7,2022-05,3067,Naukri-Jobspeak-February-2023.pdf,2023-02,https://www.infoedge.in/pdfs/News_Events_pdfs/Naukri-Jobspeak-February-2023.pdf
exp_4_7,2022-06,3072,Naukri-Jobspeak-February-2023.pdf,2023-02,https://www.infoedge.in/pdfs/News_Events_pdfs/Naukri-Jobspeak-February-2023.pdf
exp_4_7,2022-07,3386,Naukri-Jobspeak-February-2023.pdf,2023-02,https://www.infoedge.in/pdfs/News_Events_pdfs/Naukri-Jobspeak-February-2023.pdf
exp_4_7,2022-08,3053,Naukri-Jobspeak-February-2023.pdf,2023-02,https://www.infoedge.in/pdfs/News_Events_pdfs/Naukri-Jobspeak-February-2023.pdf
exp_4_7,2022-09,3346,Naukri-Jobspeak-February-2023.pdf,2023-02,https://www.infoedge.in/pdfs/News_Events_pdfs/Naukri-Jobspeak-February-2023.pdf
exp_4_7,2022-10,2632,Naukri-Jobspeak-February-2023.pdf,2023-02,https://www.infoedge.in/pdfs/News_Events_pdfs/Naukri-Jobspeak-February-2023.pdf
exp_4_7,2022-11,3293,Naukri-Jobspeak-February-2023.pdf,2023-02,https://www.infoedge.in/pdfs/News_Events_pdfs/Naukri-Jobspeak-February-2023.pdf
exp_4_7,2022-12,2998,Naukri-Jobspeak-February-2023.pdf,2023-02,https://www.infoedge.in/pdfs/News_Events_pdfs/Naukri-Jobspeak-February-2023.pdf
exp_4_7,2023-01,2871,Naukri-Jobspeak-February-2023.pdf,2023-02,https://www.infoedge.in/pdfs/News_Events_pdfs/Naukri-Jobspeak-February-2023.pdf
exp_4_7,2023-02,3104,Naukri-Jobspeak-February-2023.pdf,2023-02,https://www.infoedge.in/pdfs/News_Events_pdfs/Naukri-Jobspeak-February-2023.pdf
exp_8_12,2022-02,2821,Naukri-Jobspeak-February-2023.pdf,2023-02,https://www.infoedge.in/pdfs/News_Events_pdfs/Naukri-Jobspeak-February-2023.pdf
exp_8_12,2022-03,2505,Naukri-Jobspeak-February-2023.pdf,2023-02,https://www.infoedge.in/pdfs/News_Events_pdfs/Naukri-Jobspeak-February-2023.pdf
exp_8_12,2022-04,2494,Naukri-Jobspeak-February-2023.pdf,2023-02,https://www.infoedge.in/pdfs/News_Events_pdfs/Naukri-Jobspeak-February-2023.pdf
exp_8_12,2022-05,2557,Naukri-Jobspeak-February-2023.pdf,2023-02,https://www.infoedge.in/pdfs/News_Events_pdfs/Naukri-Jobspeak-February-2023.pdf
exp_8_12,2022-06,2663,Naukri-Jobspeak-February-2023.pdf,2023-02,https://www.infoedge.in/pdfs/News_Events_pdfs/Naukri-Jobspeak-February-2023.pdf
exp_8_12,2022-07,3093,Naukri-Jobspeak-February-2023.pdf,2023-02,https://www.infoedge.in/pdfs/News_Events_pdfs/Naukri-Jobspeak-February-2023.pdf
exp_8_12,2022-08,2644,Naukri-Jobspeak-February-2023.pdf,2023-02,https://www.infoedge.in/pdfs/News_Events_pdfs/Naukri-Jobspeak-February-2023.pdf
exp_8_12,2022-09,2914,Naukri-Jobspeak-February-2023.pdf,2023-02,https://www.infoedge.in/pdfs/News_Events_pdfs/Naukri-Jobspeak-February-2023.pdf
exp_8_12,2022-10,2229,Naukri-Jobspeak-February-2023.pdf,2023-02,https://www.infoedge.in/pdfs/News_Events_pdfs/Naukri-Jobspeak-February-2023.pdf
exp_8_12,2022-11,2864,Naukri-Jobspeak-February-2023.pdf,2023-02,https://www.infoedge.in/pdfs/News_Events_pdfs/Naukri-Jobspeak-February-2023.pdf
exp_8_12,2022-12,2676,Naukri-Jobspeak-February-2023.pdf,2023-02,https://www.infoedge.in/pdfs/News_Events_pdfs/Naukri-Jobspeak-February-2023.pdf
exp_8_12,2023-01,2568,Naukri-Jobspeak-February-2023.pdf,2023-02,https://www.infoedge.in/pdfs/News_Events_pdfs/Naukri-Jobspeak-February-2023.pdf
exp_8_12,2023-02,2885,Naukri-Jobspeak-February-2023.pdf,2023-02,https://www.infoedge.in/pdfs/News_Events_pdfs/Naukri-Jobspeak-February-2023.pdf
exp_13_16,2022-02,2124,Naukri-Jobspeak-February-2023.pdf,2023-02,https://www.infoedge.in/pdfs/News_Events_pdfs/Naukri-Jobspeak-February-2023.pdf
exp_13_16,2022-03,1922,Naukri-Jobspeak-February-2023.pdf,2023-02,https://www.infoedge.in/pdfs/News_Events_pdfs/Naukri-Jobspeak-February-2023.pdf
exp_13_16,2022-04,1854,Naukri-Jobspeak-February-2023.pdf,2023-02,https://www.infoedge.in/pdfs/News_Events_pdfs/Naukri-Jobspeak-February-2023.pdf
exp_13_16,2022-05,1885,Naukri-Jobspeak-February-2023.pdf,2023-02,https://www.infoedge.in/pdfs/News_Events_pdfs/Naukri-Jobspeak-February-2023.pdf
exp_13_16,2022-06,2008,Naukri-Jobspeak-February-2023.pdf,2023-02,https://www.infoedge.in/pdfs/News_Events_pdfs/Naukri-Jobspeak-February-2023.pdf
exp_13_16,2022-07,2298,Naukri-Jobspeak-February-2023.pdf,2023-02,https://www.infoedge.in/pdfs/News_Events_pdfs/Naukri-Jobspeak-February-2023.pdf
exp_13_16,2022-08,1928,Naukri-Jobspeak-February-2023.pdf,2023-02,https://www.infoedge.in/pdfs/News_Events_pdfs/Naukri-Jobspeak-February-2023.pdf
exp_13_16,2022-09,2178,Naukri-Jobspeak-February-2023.pdf,2023-02,https://www.infoedge.in/pdfs/News_Events_pdfs/Naukri-Jobspeak-February-2023.pdf
exp_13_16,2022-10,1771,Naukri-Jobspeak-February-2023.pdf,2023-02,https://www.infoedge.in/pdfs/News_Events_pdfs/Naukri-Jobspeak-February-2023.pdf
exp_13_16,2022-11,2342,Naukri-Jobspeak-February-2023.pdf,2023-02,https://www.infoedge.in/pdfs/News_Events_pdfs/Naukri-Jobspeak-February-2023.pdf
exp_13_16,2022-12,2231,Naukri-Jobspeak-February-2023.pdf,2023-02,https://www.infoedge.in/pdfs/News_Events_pdfs/Naukri-Jobspeak-February-2023.pdf
exp_13_16,2023-01,2159,Naukri-Jobspeak-February-2023.pdf,2023-02,https://www.infoedge.in/pdfs/News_Events_pdfs/Naukri-Jobspeak-February-2023.pdf
exp_13_16,2023-02,2362,Naukri-Jobspeak-February-2023.pdf,2023-02,https://www.infoedge.in/pdfs/News_Events_pdfs/Naukri-Jobspeak-February-2023.pdf
exp_16plus,2022-02,1894,Naukri-Jobspeak-February-2023.pdf,2023-02,https://www.infoedge.in/pdfs/News_Events_pdfs/Naukri-Jobspeak-February-2023.pdf
exp_16plus,2022-03,1762,Naukri-Jobspeak-February-2023.pdf,2023-02,https://www.infoedge.in/pdfs/News_Events_pdfs/Naukri-Jobspeak-February-2023.pdf
exp_16plus,2022-04,1713,Naukri-Jobspeak-February-2023.pdf,2023-02,https://www.infoedge.in/pdfs/News_Events_pdfs/Naukri-Jobspeak-February-2023.pdf
exp_16plus,2022-05,1695,Naukri-Jobspeak-February-2023.pdf,2023-02,https://www.infoedge.in/pdfs/News_Events_pdfs/Naukri-Jobspeak-February-2023.pdf
exp_16plus,2022-06,1722,Naukri-Jobspeak-February-2023.pdf,2023-02,https://www.infoedge.in/pdfs/News_Events_pdfs/Naukri-Jobspeak-February-2023.pdf
exp_16plus,2022-07,2013,Naukri-Jobspeak-February-2023.pdf,2023-02,https://www.infoedge.in/pdfs/News_Events_pdfs/Naukri-Jobspeak-February-2023.pdf
exp_16plus,2022-08,1693,Naukri-Jobspeak-February-2023.pdf,2023-02,https://www.infoedge.in/pdfs/News_Events_pdfs/Naukri-Jobspeak-February-2023.pdf
exp_16plus,2022-09,1946,Naukri-Jobspeak-February-2023.pdf,2023-02,https://www.infoedge.in/pdfs/News_Events_pdfs/Naukri-Jobspeak-February-2023.pdf
exp_16plus,2022-10,1613,Naukri-Jobspeak-February-2023.pdf,2023-02,https://www.infoedge.in/pdfs/News_Events_pdfs/Naukri-Jobspeak-February-2023.pdf
exp_16plus,2022-11,2055,Naukri-Jobspeak-February-2023.pdf,2023-02,https://www.infoedge.in/pdfs/News_Events_pdfs/Naukri-Jobspeak-February-2023.pdf
exp_16plus,2022-12,2184,Naukri-Jobspeak-February-2023.pdf,2023-02,https://www.infoedge.in/pdfs/News_Events_pdfs/Naukri-Jobspeak-February-2023.pdf
exp_16plus,2023-01,2051,Naukri-Jobspeak-February-2023.pdf,2023-02,https://www.infoedge.in/pdfs/News_Events_pdfs/Naukri-Jobspeak-February-2023.pdf
exp_16plus,2023-02,2273,Naukri-Jobspeak-February-2023.pdf,2023-02,https://www.infoedge.in/pdfs/News_Events_pdfs/Naukri-Jobspeak-February-2023.pdf
it_software,2021-01,2976,Naukri-Jobspeak-Jan-2022.pdf,2022-01,https://www.infoedge.in/pdfs/News_Events_pdfs/Naukri-Jobspeak-Jan-2022.pdf
it_software,2021-02,3944,Naukri-Jobspeak-Jan-2022.pdf,2022-01,https://www.infoedge.in/pdfs/News_Events_pdfs/Naukri-Jobspeak-Jan-2022.pdf
it_software,2021-03,4376,Naukri-Jobspeak-Jan-2022.pdf,2022-01,https://www.infoedge.in/pdfs/News_Events_pdfs/Naukri-Jobspeak-Jan-2022.pdf
it_software,2021-04,3859,Naukri-Jobspeak-Jan-2022.pdf,2022-01,https://www.infoedge.in/pdfs/News_Events_pdfs/Naukri-Jobspeak-Jan-2022.pdf
it_software,2021-05,4409,Naukri-Jobspeak-Jan-2022.pdf,2022-01,https://www.infoedge.in/pdfs/News_Events_pdfs/Naukri-Jobspeak-Jan-2022.pdf
it_software,2021-06,4624,Naukri-Jobspeak-Jan-2022.pdf,2022-01,https://www.infoedge.in/pdfs/News_Events_pdfs/Naukri-Jobspeak-Jan-2022.pdf
it_software,2021-07,5466,Naukri-Jobspeak-Jan-2022.pdf,2022-01,https://www.infoedge.in/pdfs/News_Events_pdfs/Naukri-Jobspeak-Jan-2022.pdf
it_software,2021-08,5422,Naukri-Jobspeak-Jan-2022.pdf,2022-01,https://www.infoedge.in/pdfs/News_Events_pdfs/Naukri-Jobspeak-Jan-2022.pdf
it_software,2021-09,5648,Naukri-Jobspeak-Jan-2022.pdf,2022-01,https://www.infoedge.in/pdfs/News_Events_pdfs/Naukri-Jobspeak-Jan-2022.pdf
it_software,2021-10,4686,Naukri-Jobspeak-Jan-2022.pdf,2022-01,https://www.infoedge.in/pdfs/News_Events_pdfs/Naukri-Jobspeak-Jan-2022.pdf
it_software,2021-11,4155,Naukri-Jobspeak-Jan-2022.pdf,2022-01,https://www.infoedge.in/pdfs/News_Events_pdfs/Naukri-Jobspeak-Jan-2022.pdf
it_software,2021-12,3334,Naukri-Jobspeak-Jan-2022.pdf,2022-01,https://www.infoedge.in/pdfs/News_Events_pdfs/Naukri-Jobspeak-Jan-2022.pdf
it_software,2022-01,5370,Naukri-Jobspeak-Jan-2022.pdf,2022-01,https://www.infoedge.in/pdfs/News_Events_pdfs/Naukri-Jobspeak-Jan-2022.pdf
bpo_ites,2021-01,1875,Naukri-Jobspeak-Jan-2022.pdf,2022-01,https://www.infoedge.in/pdfs/News_Events_pdfs/Naukri-Jobspeak-Jan-2022.pdf
bpo_ites,2021-02,2184,Naukri-Jobspeak-Jan-2022.pdf,2022-01,https://www.infoedge.in/pdfs/News_Events_pdfs/Naukri-Jobspeak-Jan-2022.pdf
bpo_ites,2021-03,2201,Naukri-Jobspeak-Jan-2022.pdf,2022-01,https://www.infoedge.in/pdfs/News_Events_pdfs/Naukri-Jobspeak-Jan-2022.pdf
bpo_ites,2021-04,1838,Naukri-Jobspeak-Jan-2022.pdf,2022-01,https://www.infoedge.in/pdfs/News_Events_pdfs/Naukri-Jobspeak-Jan-2022.pdf
bpo_ites,2021-05,1655,Naukri-Jobspeak-Jan-2022.pdf,2022-01,https://www.infoedge.in/pdfs/News_Events_pdfs/Naukri-Jobspeak-Jan-2022.pdf
bpo_ites,2021-06,1891,Naukri-Jobspeak-Jan-2022.pdf,2022-01,https://www.infoedge.in/pdfs/News_Events_pdfs/Naukri-Jobspeak-Jan-2022.pdf
bpo_ites,2021-07,1923,Naukri-Jobspeak-Jan-2022.pdf,2022-01,https://www.infoedge.in/pdfs/News_Events_pdfs/Naukri-Jobspeak-Jan-2022.pdf
bpo_ites,2021-08,1994,Naukri-Jobspeak-Jan-2022.pdf,2022-01,https://www.infoedge.in/pdfs/News_Events_pdfs/Naukri-Jobspeak-Jan-2022.pdf
bpo_ites,2021-09,2229,Naukri-Jobspeak-Jan-2022.pdf,2022-01,https://www.infoedge.in/pdfs/News_Events_pdfs/Naukri-Jobspeak-Jan-2022.pdf
bpo_ites,2021-10,2044,Naukri-Jobspeak-Jan-2022.pdf,2022-01,https://www.infoedge.in/pdfs/News_Events_pdfs/Naukri-Jobspeak-Jan-2022.pdf
bpo_ites,2021-11,1771,Naukri-Jobspeak-Jan-2022.pdf,2022-01,https://www.infoedge.in/pdfs/News_Events_pdfs/Naukri-Jobspeak-Jan-2022.pdf
bpo_ites,2021-12,1567,Naukri-Jobspeak-Jan-2022.pdf,2022-01,https://www.infoedge.in/pdfs/News_Events_pdfs/Naukri-Jobspeak-Jan-2022.pdf
bpo_ites,2022-01,1987,Naukri-Jobspeak-Jan-2022.pdf,2022-01,https://www.infoedge.in/pdfs/News_Events_pdfs/Naukri-Jobspeak-Jan-2022.pdf
bpo_ites,2023-01,2303,Naukri-Jobspeak-Jan-2024.pdf,2024-01,https://www.infoedge.in/pdfs/News_Events_pdfs/Naukri-Jobspeak-Jan-2024.pdf
bpo_ites,2023-02,2456,Naukri-Jobspeak-Jan-2024.pdf,2024-01,https://www.infoedge.in/pdfs/News_Events_pdfs/Naukri-Jobspeak-Jan-2024.pdf
bpo_ites,2023-03,2415,Naukri-Jobspeak-Jan-2024.pdf,2024-01,https://www.infoedge.in/pdfs/News_Events_pdfs/Naukri-Jobspeak-Jan-2024.pdf
bpo_ites,2023-04,2186,Naukri-Jobspeak-Jan-2024.pdf,2024-01,https://www.infoedge.in/pdfs/News_Events_pdfs/Naukri-Jobspeak-Jan-2024.pdf
bpo_ites,2023-05,2256,Naukri-Jobspeak-Jan-2024.pdf,2024-01,https://www.infoedge.in/pdfs/News_Events_pdfs/Naukri-Jobspeak-Jan-2024.pdf
bpo_ites,2023-06,2163,Naukri-Jobspeak-Jan-2024.pdf,2024-01,https://www.infoedge.in/pdfs/News_Events_pdfs/Naukri-Jobspeak-Jan-2024.pdf
bpo_ites,2023-07,2036,Naukri-Jobspeak-Jan-2024.pdf,2024-01,https://www.infoedge.in/pdfs/News_Events_pdfs/Naukri-Jobspeak-Jan-2024.pdf
bpo_ites,2023-08,2085,Naukri-Jobspeak-Jan-2024.pdf,2024-01,https://www.infoedge.in/pdfs/News_Events_pdfs/Naukri-Jobspeak-Jan-2024.pdf
bpo_ites,2023-09,1952,Naukri-Jobspeak-Jan-2024.pdf,2024-01,https://www.infoedge.in/pdfs/News_Events_pdfs/Naukri-Jobspeak-Jan-2024.pdf
bpo_ites,2023-10,2179,Naukri-Jobspeak-Jan-2024.pdf,2024-01,https://www.infoedge.in/pdfs/News_Events_pdfs/Naukri-Jobspeak-Jan-2024.pdf
bpo_ites,2023-11,2054,Naukri-Jobspeak-Jan-2024.pdf,2024-01,https://www.infoedge.in/pdfs/News_Events_pdfs/Naukri-Jobspeak-Jan-2024.pdf
bpo_ites,2023-12,1872,Naukri-Jobspeak-Jan-2024.pdf,2024-01,https://www.infoedge.in/pdfs/News_Events_pdfs/Naukri-Jobspeak-Jan-2024.pdf
bpo_ites,2024-01,1939,Naukri-Jobspeak-Jan-2024.pdf,2024-01,https://www.infoedge.in/pdfs/News_Events_pdfs/Naukri-Jobspeak-Jan-2024.pdf
it_software,2023-01,4010,Naukri-Jobspeak-Jan-2024.pdf,2024-01,https://www.infoedge.in/pdfs/News_Events_pdfs/Naukri-Jobspeak-Jan-2024.pdf
it_software,2023-02,4428,Naukri-Jobspeak-Jan-2024.pdf,2024-01,https://www.infoedge.in/pdfs/News_Events_pdfs/Naukri-Jobspeak-Jan-2024.pdf
it_software,2023-03,4147,Naukri-Jobspeak-Jan-2024.pdf,2024-01,https://www.infoedge.in/pdfs/News_Events_pdfs/Naukri-Jobspeak-Jan-2024.pdf
it_software,2023-04,3392,Naukri-Jobspeak-Jan-2024.pdf,2024-01,https://www.infoedge.in/pdfs/News_Events_pdfs/Naukri-Jobspeak-Jan-2024.pdf
it_software,2023-05,3618,Naukri-Jobspeak-Jan-2024.pdf,2024-01,https://www.infoedge.in/pdfs/News_Events_pdfs/Naukri-Jobspeak-Jan-2024.pdf
it_software,2023-06,3511,Naukri-Jobspeak-Jan-2024.pdf,2024-01,https://www.infoedge.in/pdfs/News_Events_pdfs/Naukri-Jobspeak-Jan-2024.pdf
it_software,2023-07,3187,Naukri-Jobspeak-Jan-2024.pdf,2024-01,https://www.infoedge.in/pdfs/News_Events_pdfs/Naukri-Jobspeak-Jan-2024.pdf
it_software,2023-08,3278,Naukri-Jobspeak-Jan-2024.pdf,2024-01,https://www.infoedge.in/pdfs/News_Events_pdfs/Naukri-Jobspeak-Jan-2024.pdf
it_software,2023-09,2989,Naukri-Jobspeak-Jan-2024.pdf,2024-01,https://www.infoedge.in/pdfs/News_Events_pdfs/Naukri-Jobspeak-Jan-2024.pdf
it_software,2023-10,3302,Naukri-Jobspeak-Jan-2024.pdf,2024-01,https://www.infoedge.in/pdfs/News_Events_pdfs/Naukri-Jobspeak-Jan-2024.pdf
it_software,2023-11,3349,Naukri-Jobspeak-Jan-2024.pdf,2024-01,https://www.infoedge.in/pdfs/News_Events_pdfs/Naukri-Jobspeak-Jan-2024.pdf
it_software,2023-12,3210,Naukri-Jobspeak-Jan-2024.pdf,2024-01,https://www.infoedge.in/pdfs/News_Events_pdfs/Naukri-Jobspeak-Jan-2024.pdf
it_software,2024-01,3233,Naukri-Jobspeak-Jan-2024.pdf,2024-01,https://www.infoedge.in/pdfs/News_Events_pdfs/Naukri-Jobspeak-Jan-2024.pdf
exp_0_3,2023-01,2926,Naukri-Jobspeak-Jan-2024.pdf,2024-01,https://www.infoedge.in/pdfs/News_Events_pdfs/Naukri-Jobspeak-Jan-2024.pdf
exp_0_3,2023-02,3073,Naukri-Jobspeak-Jan-2024.pdf,2024-01,https://www.infoedge.in/pdfs/News_Events_pdfs/Naukri-Jobspeak-Jan-2024.pdf
exp_0_3,2023-03,3144,Naukri-Jobspeak-Jan-2024.pdf,2024-01,https://www.infoedge.in/pdfs/News_Events_pdfs/Naukri-Jobspeak-Jan-2024.pdf
exp_0_3,2023-04,2834,Naukri-Jobspeak-Jan-2024.pdf,2024-01,https://www.infoedge.in/pdfs/News_Events_pdfs/Naukri-Jobspeak-Jan-2024.pdf
exp_0_3,2023-05,2945,Naukri-Jobspeak-Jan-2024.pdf,2024-01,https://www.infoedge.in/pdfs/News_Events_pdfs/Naukri-Jobspeak-Jan-2024.pdf
exp_0_3,2023-06,2890,Naukri-Jobspeak-Jan-2024.pdf,2024-01,https://www.infoedge.in/pdfs/News_Events_pdfs/Naukri-Jobspeak-Jan-2024.pdf
exp_0_3,2023-07,2672,Naukri-Jobspeak-Jan-2024.pdf,2024-01,https://www.infoedge.in/pdfs/News_Events_pdfs/Naukri-Jobspeak-Jan-2024.pdf
exp_0_3,2023-08,2769,Naukri-Jobspeak-Jan-2024.pdf,2024-01,https://www.infoedge.in/pdfs/News_Events_pdfs/Naukri-Jobspeak-Jan-2024.pdf
exp_0_3,2023-09,2933,Naukri-Jobspeak-Jan-2024.pdf,2024-01,https://www.infoedge.in/pdfs/News_Events_pdfs/Naukri-Jobspeak-Jan-2024.pdf
exp_0_3,2023-10,2642,Naukri-Jobspeak-Jan-2024.pdf,2024-01,https://www.infoedge.in/pdfs/News_Events_pdfs/Naukri-Jobspeak-Jan-2024.pdf
exp_0_3,2023-11,2484,Naukri-Jobspeak-Jan-2024.pdf,2024-01,https://www.infoedge.in/pdfs/News_Events_pdfs/Naukri-Jobspeak-Jan-2024.pdf
exp_0_3,2023-12,2618,Naukri-Jobspeak-Jan-2024.pdf,2024-01,https://www.infoedge.in/pdfs/News_Events_pdfs/Naukri-Jobspeak-Jan-2024.pdf
exp_0_3,2024-01,2621,Naukri-Jobspeak-Jan-2024.pdf,2024-01,https://www.infoedge.in/pdfs/News_Events_pdfs/Naukri-Jobspeak-Jan-2024.pdf
exp_4_7,2023-01,2871,Naukri-Jobspeak-Jan-2024.pdf,2024-01,https://www.infoedge.in/pdfs/News_Events_pdfs/Naukri-Jobspeak-Jan-2024.pdf
exp_4_7,2023-02,3104,Naukri-Jobspeak-Jan-2024.pdf,2024-01,https://www.infoedge.in/pdfs/News_Events_pdfs/Naukri-Jobspeak-Jan-2024.pdf
exp_4_7,2023-03,3010,Naukri-Jobspeak-Jan-2024.pdf,2024-01,https://www.infoedge.in/pdfs/News_Events_pdfs/Naukri-Jobspeak-Jan-2024.pdf
exp_4_7,2023-04,2725,Naukri-Jobspeak-Jan-2024.pdf,2024-01,https://www.infoedge.in/pdfs/News_Events_pdfs/Naukri-Jobspeak-Jan-2024.pdf
exp_4_7,2023-05,2846,Naukri-Jobspeak-Jan-2024.pdf,2024-01,https://www.infoedge.in/pdfs/News_Events_pdfs/Naukri-Jobspeak-Jan-2024.pdf
exp_4_7,2023-06,2770,Naukri-Jobspeak-Jan-2024.pdf,2024-01,https://www.infoedge.in/pdfs/News_Events_pdfs/Naukri-Jobspeak-Jan-2024.pdf
exp_4_7,2023-07,2516,Naukri-Jobspeak-Jan-2024.pdf,2024-01,https://www.infoedge.in/pdfs/News_Events_pdfs/Naukri-Jobspeak-Jan-2024.pdf
exp_4_7,2023-08,2567,Naukri-Jobspeak-Jan-2024.pdf,2024-01,https://www.infoedge.in/pdfs/News_Events_pdfs/Naukri-Jobspeak-Jan-2024.pdf
exp_4_7,2023-09,2717,Naukri-Jobspeak-Jan-2024.pdf,2024-01,https://www.infoedge.in/pdfs/News_Events_pdfs/Naukri-Jobspeak-Jan-2024.pdf
exp_4_7,2023-10,2361,Naukri-Jobspeak-Jan-2024.pdf,2024-01,https://www.infoedge.in/pdfs/News_Events_pdfs/Naukri-Jobspeak-Jan-2024.pdf
exp_4_7,2023-11,2282,Naukri-Jobspeak-Jan-2024.pdf,2024-01,https://www.infoedge.in/pdfs/News_Events_pdfs/Naukri-Jobspeak-Jan-2024.pdf
exp_4_7,2023-12,2316,Naukri-Jobspeak-Jan-2024.pdf,2024-01,https://www.infoedge.in/pdfs/News_Events_pdfs/Naukri-Jobspeak-Jan-2024.pdf
exp_4_7,2024-01,2339,Naukri-Jobspeak-Jan-2024.pdf,2024-01,https://www.infoedge.in/pdfs/News_Events_pdfs/Naukri-Jobspeak-Jan-2024.pdf
exp_8_12,2023-01,2568,Naukri-Jobspeak-Jan-2024.pdf,2024-01,https://www.infoedge.in/pdfs/News_Events_pdfs/Naukri-Jobspeak-Jan-2024.pdf
exp_8_12,2023-02,2885,Naukri-Jobspeak-Jan-2024.pdf,2024-01,https://www.infoedge.in/pdfs/News_Events_pdfs/Naukri-Jobspeak-Jan-2024.pdf
exp_8_12,2023-03,2859,Naukri-Jobspeak-Jan-2024.pdf,2024-01,https://www.infoedge.in/pdfs/News_Events_pdfs/Naukri-Jobspeak-Jan-2024.pdf
exp_8_12,2023-04,2625,Naukri-Jobspeak-Jan-2024.pdf,2024-01,https://www.infoedge.in/pdfs/News_Events_pdfs/Naukri-Jobspeak-Jan-2024.pdf
exp_8_12,2023-05,2774,Naukri-Jobspeak-Jan-2024.pdf,2024-01,https://www.infoedge.in/pdfs/News_Events_pdfs/Naukri-Jobspeak-Jan-2024.pdf
exp_8_12,2023-06,2724,Naukri-Jobspeak-Jan-2024.pdf,2024-01,https://www.infoedge.in/pdfs/News_Events_pdfs/Naukri-Jobspeak-Jan-2024.pdf
exp_8_12,2023-07,2507,Naukri-Jobspeak-Jan-2024.pdf,2024-01,https://www.infoedge.in/pdfs/News_Events_pdfs/Naukri-Jobspeak-Jan-2024.pdf
exp_8_12,2023-08,2633,Naukri-Jobspeak-Jan-2024.pdf,2024-01,https://www.infoedge.in/pdfs/News_Events_pdfs/Naukri-Jobspeak-Jan-2024.pdf
exp_8_12,2023-09,2861,Naukri-Jobspeak-Jan-2024.pdf,2024-01,https://www.infoedge.in/pdfs/News_Events_pdfs/Naukri-Jobspeak-Jan-2024.pdf
exp_8_12,2023-10,2431,Naukri-Jobspeak-Jan-2024.pdf,2024-01,https://www.infoedge.in/pdfs/News_Events_pdfs/Naukri-Jobspeak-Jan-2024.pdf
exp_8_12,2023-11,2343,Naukri-Jobspeak-Jan-2024.pdf,2024-01,https://www.infoedge.in/pdfs/News_Events_pdfs/Naukri-Jobspeak-Jan-2024.pdf
exp_8_12,2023-12,2366,Naukri-Jobspeak-Jan-2024.pdf,2024-01,https://www.infoedge.in/pdfs/News_Events_pdfs/Naukri-Jobspeak-Jan-2024.pdf
exp_8_12,2024-01,2374,Naukri-Jobspeak-Jan-2024.pdf,2024-01,https://www.infoedge.in/pdfs/News_Events_pdfs/Naukri-Jobspeak-Jan-2024.pdf
exp_13_16,2023-01,2159,Naukri-Jobspeak-Jan-2024.pdf,2024-01,https://www.infoedge.in/pdfs/News_Events_pdfs/Naukri-Jobspeak-Jan-2024.pdf
exp_13_16,2023-02,2362,Naukri-Jobspeak-Jan-2024.pdf,2024-01,https://www.infoedge.in/pdfs/News_Events_pdfs/Naukri-Jobspeak-Jan-2024.pdf
exp_13_16,2023-03,2389,Naukri-Jobspeak-Jan-2024.pdf,2024-01,https://www.infoedge.in/pdfs/News_Events_pdfs/Naukri-Jobspeak-Jan-2024.pdf
exp_13_16,2023-04,2217,Naukri-Jobspeak-Jan-2024.pdf,2024-01,https://www.infoedge.in/pdfs/News_Events_pdfs/Naukri-Jobspeak-Jan-2024.pdf
exp_13_16,2023-05,2370,Naukri-Jobspeak-Jan-2024.pdf,2024-01,https://www.infoedge.in/pdfs/News_Events_pdfs/Naukri-Jobspeak-Jan-2024.pdf
exp_13_16,2023-06,2379,Naukri-Jobspeak-Jan-2024.pdf,2024-01,https://www.infoedge.in/pdfs/News_Events_pdfs/Naukri-Jobspeak-Jan-2024.pdf
exp_13_16,2023-07,2271,Naukri-Jobspeak-Jan-2024.pdf,2024-01,https://www.infoedge.in/pdfs/News_Events_pdfs/Naukri-Jobspeak-Jan-2024.pdf
exp_13_16,2023-08,2372,Naukri-Jobspeak-Jan-2024.pdf,2024-01,https://www.infoedge.in/pdfs/News_Events_pdfs/Naukri-Jobspeak-Jan-2024.pdf
exp_13_16,2023-09,2421,Naukri-Jobspeak-Jan-2024.pdf,2024-01,https://www.infoedge.in/pdfs/News_Events_pdfs/Naukri-Jobspeak-Jan-2024.pdf
exp_13_16,2023-10,2227,Naukri-Jobspeak-Jan-2024.pdf,2024-01,https://www.infoedge.in/pdfs/News_Events_pdfs/Naukri-Jobspeak-Jan-2024.pdf
exp_13_16,2023-11,2116,Naukri-Jobspeak-Jan-2024.pdf,2024-01,https://www.infoedge.in/pdfs/News_Events_pdfs/Naukri-Jobspeak-Jan-2024.pdf
exp_13_16,2023-12,2195,Naukri-Jobspeak-Jan-2024.pdf,2024-01,https://www.infoedge.in/pdfs/News_Events_pdfs/Naukri-Jobspeak-Jan-2024.pdf
exp_13_16,2024-01,2196,Naukri-Jobspeak-Jan-2024.pdf,2024-01,https://www.infoedge.in/pdfs/News_Events_pdfs/Naukri-Jobspeak-Jan-2024.pdf
bpo_ites,2025-01,1909,Naukri-Jobspeak-Jan-2026.pdf,2026-01,https://www.infoedge.in/pdfs/News_Events_pdfs/Naukri-Jobspeak-Jan-2026.pdf
bpo_ites,2025-02,2171,Naukri-Jobspeak-Jan-2026.pdf,2026-01,https://www.infoedge.in/pdfs/News_Events_pdfs/Naukri-Jobspeak-Jan-2026.pdf
bpo_ites,2025-03,2095,Naukri-Jobspeak-Jan-2026.pdf,2026-01,https://www.infoedge.in/pdfs/News_Events_pdfs/Naukri-Jobspeak-Jan-2026.pdf
bpo_ites,2025-04,2314,Naukri-Jobspeak-Jan-2026.pdf,2026-01,https://www.infoedge.in/pdfs/News_Events_pdfs/Naukri-Jobspeak-Jan-2026.pdf
bpo_ites,2025-05,2282,Naukri-Jobspeak-Jan-2026.pdf,2026-01,https://www.infoedge.in/pdfs/News_Events_pdfs/Naukri-Jobspeak-Jan-2026.pdf
bpo_ites,2025-06,2339,Naukri-Jobspeak-Jan-2026.pdf,2026-01,https://www.infoedge.in/pdfs/News_Events_pdfs/Naukri-Jobspeak-Jan-2026.pdf
bpo_ites,2025-07,2450,Naukri-Jobspeak-Jan-2026.pdf,2026-01,https://www.infoedge.in/pdfs/News_Events_pdfs/Naukri-Jobspeak-Jan-2026.pdf
bpo_ites,2025-08,2332,Naukri-Jobspeak-Jan-2026.pdf,2026-01,https://www.infoedge.in/pdfs/News_Events_pdfs/Naukri-Jobspeak-Jan-2026.pdf
bpo_ites,2025-09,2532,Naukri-Jobspeak-Jan-2026.pdf,2026-01,https://www.infoedge.in/pdfs/News_Events_pdfs/Naukri-Jobspeak-Jan-2026.pdf
bpo_ites,2025-10,2193,Naukri-Jobspeak-Jan-2026.pdf,2026-01,https://www.infoedge.in/pdfs/News_Events_pdfs/Naukri-Jobspeak-Jan-2026.pdf
bpo_ites,2025-11,2475,Naukri-Jobspeak-Jan-2026.pdf,2026-01,https://www.infoedge.in/pdfs/News_Events_pdfs/Naukri-Jobspeak-Jan-2026.pdf
bpo_ites,2025-12,2460,Naukri-Jobspeak-Jan-2026.pdf,2026-01,https://www.infoedge.in/pdfs/News_Events_pdfs/Naukri-Jobspeak-Jan-2026.pdf
bpo_ites,2026-01,2306,Naukri-Jobspeak-Jan-2026.pdf,2026-01,https://www.infoedge.in/pdfs/News_Events_pdfs/Naukri-Jobspeak-Jan-2026.pdf
it_software,2025-01,3190,Naukri-Jobspeak-Jan-2026.pdf,2026-01,https://www.infoedge.in/pdfs/News_Events_pdfs/Naukri-Jobspeak-Jan-2026.pdf
it_software,2025-02,3711,Naukri-Jobspeak-Jan-2026.pdf,2026-01,https://www.infoedge.in/pdfs/News_Events_pdfs/Naukri-Jobspeak-Jan-2026.pdf
it_software,2025-03,3413,Naukri-Jobspeak-Jan-2026.pdf,2026-01,https://www.infoedge.in/pdfs/News_Events_pdfs/Naukri-Jobspeak-Jan-2026.pdf
it_software,2025-04,3573,Naukri-Jobspeak-Jan-2026.pdf,2026-01,https://www.infoedge.in/pdfs/News_Events_pdfs/Naukri-Jobspeak-Jan-2026.pdf
it_software,2025-05,3457,Naukri-Jobspeak-Jan-2026.pdf,2026-01,https://www.infoedge.in/pdfs/News_Events_pdfs/Naukri-Jobspeak-Jan-2026.pdf
it_software,2025-06,3523,Naukri-Jobspeak-Jan-2026.pdf,2026-01,https://www.infoedge.in/pdfs/News_Events_pdfs/Naukri-Jobspeak-Jan-2026.pdf
it_software,2025-07,3688,Naukri-Jobspeak-Jan-2026.pdf,2026-01,https://www.infoedge.in/pdfs/News_Events_pdfs/Naukri-Jobspeak-Jan-2026.pdf
it_software,2025-08,3111,Naukri-Jobspeak-Jan-2026.pdf,2026-01,https://www.infoedge.in/pdfs/News_Events_pdfs/Naukri-Jobspeak-Jan-2026.pdf
it_software,2025-09,3585,Naukri-Jobspeak-Jan-2026.pdf,2026-01,https://www.infoedge.in/pdfs/News_Events_pdfs/Naukri-Jobspeak-Jan-2026.pdf
it_software,2025-10,2967,Naukri-Jobspeak-Jan-2026.pdf,2026-01,https://www.infoedge.in/pdfs/News_Events_pdfs/Naukri-Jobspeak-Jan-2026.pdf
it_software,2025-11,3565,Naukri-Jobspeak-Jan-2026.pdf,2026-01,https://www.infoedge.in/pdfs/News_Events_pdfs/Naukri-Jobspeak-Jan-2026.pdf
it_software,2025-12,3531,Naukri-Jobspeak-Jan-2026.pdf,2026-01,https://www.infoedge.in/pdfs/News_Events_pdfs/Naukri-Jobspeak-Jan-2026.pdf
it_software,2026-01,3119,Naukri-Jobspeak-Jan-2026.pdf,2026-01,https://www.infoedge.in/pdfs/News_Events_pdfs/Naukri-Jobspeak-Jan-2026.pdf
bpo_ites,2022-01,1987,Naukri-Jobspeak-January-2023.pdf,2023-01,https://www.infoedge.in/pdfs/News_Events_pdfs/Naukri-Jobspeak-January-2023.pdf
bpo_ites,2022-02,2468,Naukri-Jobspeak-January-2023.pdf,2023-01,https://www.infoedge.in/pdfs/News_Events_pdfs/Naukri-Jobspeak-January-2023.pdf
bpo_ites,2022-03,2458,Naukri-Jobspeak-January-2023.pdf,2023-01,https://www.infoedge.in/pdfs/News_Events_pdfs/Naukri-Jobspeak-January-2023.pdf
bpo_ites,2022-04,2659,Naukri-Jobspeak-January-2023.pdf,2023-01,https://www.infoedge.in/pdfs/News_Events_pdfs/Naukri-Jobspeak-January-2023.pdf
bpo_ites,2022-05,2617,Naukri-Jobspeak-January-2023.pdf,2023-01,https://www.infoedge.in/pdfs/News_Events_pdfs/Naukri-Jobspeak-January-2023.pdf
bpo_ites,2022-06,2600,Naukri-Jobspeak-January-2023.pdf,2023-01,https://www.infoedge.in/pdfs/News_Events_pdfs/Naukri-Jobspeak-January-2023.pdf
bpo_ites,2022-07,2587,Naukri-Jobspeak-January-2023.pdf,2023-01,https://www.infoedge.in/pdfs/News_Events_pdfs/Naukri-Jobspeak-January-2023.pdf
bpo_ites,2022-08,2325,Naukri-Jobspeak-January-2023.pdf,2023-01,https://www.infoedge.in/pdfs/News_Events_pdfs/Naukri-Jobspeak-January-2023.pdf
bpo_ites,2022-09,2619,Naukri-Jobspeak-January-2023.pdf,2023-01,https://www.infoedge.in/pdfs/News_Events_pdfs/Naukri-Jobspeak-January-2023.pdf
bpo_ites,2022-10,2131,Naukri-Jobspeak-January-2023.pdf,2023-01,https://www.infoedge.in/pdfs/News_Events_pdfs/Naukri-Jobspeak-January-2023.pdf
bpo_ites,2022-11,2511,Naukri-Jobspeak-January-2023.pdf,2023-01,https://www.infoedge.in/pdfs/News_Events_pdfs/Naukri-Jobspeak-January-2023.pdf
bpo_ites,2022-12,2249,Naukri-Jobspeak-January-2023.pdf,2023-01,https://www.infoedge.in/pdfs/News_Events_pdfs/Naukri-Jobspeak-January-2023.pdf
bpo_ites,2023-01,2303,Naukri-Jobspeak-January-2023.pdf,2023-01,https://www.infoedge.in/pdfs/News_Events_pdfs/Naukri-Jobspeak-January-2023.pdf
it_software,2022-01,5370,Naukri-Jobspeak-January-2023.pdf,2023-01,https://www.infoedge.in/pdfs/News_Events_pdfs/Naukri-Jobspeak-January-2023.pdf
it_software,2022-02,5560,Naukri-Jobspeak-January-2023.pdf,2023-01,https://www.infoedge.in/pdfs/News_Events_pdfs/Naukri-Jobspeak-January-2023.pdf
it_software,2022-03,4983,Naukri-Jobspeak-January-2023.pdf,2023-01,https://www.infoedge.in/pdfs/News_Events_pdfs/Naukri-Jobspeak-January-2023.pdf
it_software,2022-04,4656,Naukri-Jobspeak-January-2023.pdf,2023-01,https://www.infoedge.in/pdfs/News_Events_pdfs/Naukri-Jobspeak-January-2023.pdf
it_software,2022-05,4711,Naukri-Jobspeak-January-2023.pdf,2023-01,https://www.infoedge.in/pdfs/News_Events_pdfs/Naukri-Jobspeak-January-2023.pdf
it_software,2022-06,5069,Naukri-Jobspeak-January-2023.pdf,2023-01,https://www.infoedge.in/pdfs/News_Events_pdfs/Naukri-Jobspeak-January-2023.pdf
it_software,2022-07,5872,Naukri-Jobspeak-January-2023.pdf,2023-01,https://www.infoedge.in/pdfs/News_Events_pdfs/Naukri-Jobspeak-January-2023.pdf
it_software,2022-08,4881,Naukri-Jobspeak-January-2023.pdf,2023-01,https://www.infoedge.in/pdfs/News_Events_pdfs/Naukri-Jobspeak-January-2023.pdf
it_software,2022-09,5283,Naukri-Jobspeak-January-2023.pdf,2023-01,https://www.infoedge.in/pdfs/News_Events_pdfs/Naukri-Jobspeak-January-2023.pdf
it_software,2022-10,3825,Naukri-Jobspeak-January-2023.pdf,2023-01,https://www.infoedge.in/pdfs/News_Events_pdfs/Naukri-Jobspeak-January-2023.pdf
it_software,2022-11,4674,Naukri-Jobspeak-January-2023.pdf,2023-01,https://www.infoedge.in/pdfs/News_Events_pdfs/Naukri-Jobspeak-January-2023.pdf
it_software,2022-12,4087,Naukri-Jobspeak-January-2023.pdf,2023-01,https://www.infoedge.in/pdfs/News_Events_pdfs/Naukri-Jobspeak-January-2023.pdf
it_software,2023-01,4010,Naukri-Jobspeak-January-2023.pdf,2023-01,https://www.infoedge.in/pdfs/News_Events_pdfs/Naukri-Jobspeak-January-2023.pdf
exp_0_3,2022-01,2919,Naukri-Jobspeak-January-2023.pdf,2023-01,https://www.infoedge.in/pdfs/News_Events_pdfs/Naukri-Jobspeak-January-2023.pdf
exp_0_3,2022-02,3335,Naukri-Jobspeak-January-2023.pdf,2023-01,https://www.infoedge.in/pdfs/News_Events_pdfs/Naukri-Jobspeak-January-2023.pdf
exp_0_3,2022-03,3154,Naukri-Jobspeak-January-2023.pdf,2023-01,https://www.infoedge.in/pdfs/News_Events_pdfs/Naukri-Jobspeak-January-2023.pdf
exp_0_3,2022-04,3223,Naukri-Jobspeak-January-2023.pdf,2023-01,https://www.infoedge.in/pdfs/News_Events_pdfs/Naukri-Jobspeak-January-2023.pdf
exp_0_3,2022-05,3170,Naukri-Jobspeak-January-2023.pdf,2023-01,https://www.infoedge.in/pdfs/News_Events_pdfs/Naukri-Jobspeak-January-2023.pdf
exp_0_3,2022-06,3105,Naukri-Jobspeak-January-2023.pdf,2023-01,https://www.infoedge.in/pdfs/News_Events_pdfs/Naukri-Jobspeak-January-2023.pdf
exp_0_3,2022-07,3266,Naukri-Jobspeak-January-2023.pdf,2023-01,https://www.infoedge.in/pdfs/News_Events_pdfs/Naukri-Jobspeak-January-2023.pdf
exp_0_3,2022-08,2999,Naukri-Jobspeak-January-2023.pdf,2023-01,https://www.infoedge.in/pdfs/News_Events_pdfs/Naukri-Jobspeak-January-2023.pdf
exp_0_3,2022-09,3265,Naukri-Jobspeak-January-2023.pdf,2023-01,https://www.infoedge.in/pdfs/News_Events_pdfs/Naukri-Jobspeak-January-2023.pdf
exp_0_3,2022-10,2642,Naukri-Jobspeak-January-2023.pdf,2023-01,https://www.infoedge.in/pdfs/News_Events_pdfs/Naukri-Jobspeak-January-2023.pdf
exp_0_3,2022-11,3253,Naukri-Jobspeak-January-2023.pdf,2023-01,https://www.infoedge.in/pdfs/News_Events_pdfs/Naukri-Jobspeak-January-2023.pdf
exp_0_3,2022-12,3106,Naukri-Jobspeak-January-2023.pdf,2023-01,https://www.infoedge.in/pdfs/News_Events_pdfs/Naukri-Jobspeak-January-2023.pdf
exp_0_3,2023-01,2926,Naukri-Jobspeak-January-2023.pdf,2023-01,https://www.infoedge.in/pdfs/News_Events_pdfs/Naukri-Jobspeak-January-2023.pdf
exp_4_7,2022-01,2925,Naukri-Jobspeak-January-2023.pdf,2023-01,https://www.infoedge.in/pdfs/News_Events_pdfs/Naukri-Jobspeak-January-2023.pdf
exp_4_7,2022-02,3279,Naukri-Jobspeak-January-2023.pdf,2023-01,https://www.infoedge.in/pdfs/News_Events_pdfs/Naukri-Jobspeak-January-2023.pdf
exp_4_7,2022-03,3018,Naukri-Jobspeak-January-2023.pdf,2023-01,https://www.infoedge.in/pdfs/News_Events_pdfs/Naukri-Jobspeak-January-2023.pdf
exp_4_7,2022-04,3067,Naukri-Jobspeak-January-2023.pdf,2023-01,https://www.infoedge.in/pdfs/News_Events_pdfs/Naukri-Jobspeak-January-2023.pdf
exp_4_7,2022-05,3067,Naukri-Jobspeak-January-2023.pdf,2023-01,https://www.infoedge.in/pdfs/News_Events_pdfs/Naukri-Jobspeak-January-2023.pdf
exp_4_7,2022-06,3072,Naukri-Jobspeak-January-2023.pdf,2023-01,https://www.infoedge.in/pdfs/News_Events_pdfs/Naukri-Jobspeak-January-2023.pdf
exp_4_7,2022-07,3386,Naukri-Jobspeak-January-2023.pdf,2023-01,https://www.infoedge.in/pdfs/News_Events_pdfs/Naukri-Jobspeak-January-2023.pdf
exp_4_7,2022-08,3053,Naukri-Jobspeak-January-2023.pdf,2023-01,https://www.infoedge.in/pdfs/News_Events_pdfs/Naukri-Jobspeak-January-2023.pdf
exp_4_7,2022-09,3346,Naukri-Jobspeak-January-2023.pdf,2023-01,https://www.infoedge.in/pdfs/News_Events_pdfs/Naukri-Jobspeak-January-2023.pdf
exp_4_7,2022-10,2632,Naukri-Jobspeak-January-2023.pdf,2023-01,https://www.infoedge.in/pdfs/News_Events_pdfs/Naukri-Jobspeak-January-2023.pdf
exp_4_7,2022-11,3293,Naukri-Jobspeak-January-2023.pdf,2023-01,https://www.infoedge.in/pdfs/News_Events_pdfs/Naukri-Jobspeak-January-2023.pdf
exp_4_7,2022-12,2998,Naukri-Jobspeak-January-2023.pdf,2023-01,https://www.infoedge.in/pdfs/News_Events_pdfs/Naukri-Jobspeak-January-2023.pdf
exp_4_7,2023-01,2958,Naukri-Jobspeak-January-2023.pdf,2023-01,https://www.infoedge.in/pdfs/News_Events_pdfs/Naukri-Jobspeak-January-2023.pdf
exp_8_12,2022-01,2504,Naukri-Jobspeak-January-2023.pdf,2023-01,https://www.infoedge.in/pdfs/News_Events_pdfs/Naukri-Jobspeak-January-2023.pdf
exp_8_12,2022-02,2821,Naukri-Jobspeak-January-2023.pdf,2023-01,https://www.infoedge.in/pdfs/News_Events_pdfs/Naukri-Jobspeak-January-2023.pdf
exp_8_12,2022-03,2505,Naukri-Jobspeak-January-2023.pdf,2023-01,https://www.infoedge.in/pdfs/News_Events_pdfs/Naukri-Jobspeak-January-2023.pdf
exp_8_12,2022-04,2494,Naukri-Jobspeak-January-2023.pdf,2023-01,https://www.infoedge.in/pdfs/News_Events_pdfs/Naukri-Jobspeak-January-2023.pdf
exp_8_12,2022-05,2557,Naukri-Jobspeak-January-2023.pdf,2023-01,https://www.infoedge.in/pdfs/News_Events_pdfs/Naukri-Jobspeak-January-2023.pdf
exp_8_12,2022-06,2663,Naukri-Jobspeak-January-2023.pdf,2023-01,https://www.infoedge.in/pdfs/News_Events_pdfs/Naukri-Jobspeak-January-2023.pdf
exp_8_12,2022-07,3093,Naukri-Jobspeak-January-2023.pdf,2023-01,https://www.infoedge.in/pdfs/News_Events_pdfs/Naukri-Jobspeak-January-2023.pdf
exp_8_12,2022-08,2644,Naukri-Jobspeak-January-2023.pdf,2023-01,https://www.infoedge.in/pdfs/News_Events_pdfs/Naukri-Jobspeak-January-2023.pdf
exp_8_12,2022-09,2914,Naukri-Jobspeak-January-2023.pdf,2023-01,https://www.infoedge.in/pdfs/News_Events_pdfs/Naukri-Jobspeak-January-2023.pdf
exp_8_12,2022-10,2229,Naukri-Jobspeak-January-2023.pdf,2023-01,https://www.infoedge.in/pdfs/News_Events_pdfs/Naukri-Jobspeak-January-2023.pdf
exp_8_12,2022-11,2864,Naukri-Jobspeak-January-2023.pdf,2023-01,https://www.infoedge.in/pdfs/News_Events_pdfs/Naukri-Jobspeak-January-2023.pdf
exp_8_12,2022-12,2676,Naukri-Jobspeak-January-2023.pdf,2023-01,https://www.infoedge.in/pdfs/News_Events_pdfs/Naukri-Jobspeak-January-2023.pdf
exp_8_12,2023-01,2568,Naukri-Jobspeak-January-2023.pdf,2023-01,https://www.infoedge.in/pdfs/News_Events_pdfs/Naukri-Jobspeak-January-2023.pdf
exp_13_16,2022-01,1851,Naukri-Jobspeak-January-2023.pdf,2023-01,https://www.infoedge.in/pdfs/News_Events_pdfs/Naukri-Jobspeak-January-2023.pdf
exp_13_16,2022-02,2124,Naukri-Jobspeak-January-2023.pdf,2023-01,https://www.infoedge.in/pdfs/News_Events_pdfs/Naukri-Jobspeak-January-2023.pdf
exp_13_16,2022-03,1922,Naukri-Jobspeak-January-2023.pdf,2023-01,https://www.infoedge.in/pdfs/News_Events_pdfs/Naukri-Jobspeak-January-2023.pdf
exp_13_16,2022-04,1854,Naukri-Jobspeak-January-2023.pdf,2023-01,https://www.infoedge.in/pdfs/News_Events_pdfs/Naukri-Jobspeak-January-2023.pdf
exp_13_16,2022-05,1885,Naukri-Jobspeak-January-2023.pdf,2023-01,https://www.infoedge.in/pdfs/News_Events_pdfs/Naukri-Jobspeak-January-2023.pdf
exp_13_16,2022-06,2008,Naukri-Jobspeak-January-2023.pdf,2023-01,https://www.infoedge.in/pdfs/News_Events_pdfs/Naukri-Jobspeak-January-2023.pdf
exp_13_16,2022-07,2298,Naukri-Jobspeak-January-2023.pdf,2023-01,https://www.infoedge.in/pdfs/News_Events_pdfs/Naukri-Jobspeak-January-2023.pdf
exp_13_16,2022-08,1928,Naukri-Jobspeak-January-2023.pdf,2023-01,https://www.infoedge.in/pdfs/News_Events_pdfs/Naukri-Jobspeak-January-2023.pdf
exp_13_16,2022-09,2178,Naukri-Jobspeak-January-2023.pdf,2023-01,https://www.infoedge.in/pdfs/News_Events_pdfs/Naukri-Jobspeak-January-2023.pdf
exp_13_16,2022-10,1771,Naukri-Jobspeak-January-2023.pdf,2023-01,https://www.infoedge.in/pdfs/News_Events_pdfs/Naukri-Jobspeak-January-2023.pdf
exp_13_16,2022-11,2342,Naukri-Jobspeak-January-2023.pdf,2023-01,https://www.infoedge.in/pdfs/News_Events_pdfs/Naukri-Jobspeak-January-2023.pdf
exp_13_16,2022-12,2231,Naukri-Jobspeak-January-2023.pdf,2023-01,https://www.infoedge.in/pdfs/News_Events_pdfs/Naukri-Jobspeak-January-2023.pdf
exp_13_16,2023-01,2159,Naukri-Jobspeak-January-2023.pdf,2023-01,https://www.infoedge.in/pdfs/News_Events_pdfs/Naukri-Jobspeak-January-2023.pdf
exp_16plus,2022-01,1585,Naukri-Jobspeak-January-2023.pdf,2023-01,https://www.infoedge.in/pdfs/News_Events_pdfs/Naukri-Jobspeak-January-2023.pdf
exp_16plus,2022-02,1894,Naukri-Jobspeak-January-2023.pdf,2023-01,https://www.infoedge.in/pdfs/News_Events_pdfs/Naukri-Jobspeak-January-2023.pdf
exp_16plus,2022-03,1762,Naukri-Jobspeak-January-2023.pdf,2023-01,https://www.infoedge.in/pdfs/News_Events_pdfs/Naukri-Jobspeak-January-2023.pdf
exp_16plus,2022-04,1713,Naukri-Jobspeak-January-2023.pdf,2023-01,https://www.infoedge.in/pdfs/News_Events_pdfs/Naukri-Jobspeak-January-2023.pdf
exp_16plus,2022-05,1695,Naukri-Jobspeak-January-2023.pdf,2023-01,https://www.infoedge.in/pdfs/News_Events_pdfs/Naukri-Jobspeak-January-2023.pdf
exp_16plus,2022-06,1722,Naukri-Jobspeak-January-2023.pdf,2023-01,https://www.infoedge.in/pdfs/News_Events_pdfs/Naukri-Jobspeak-January-2023.pdf
exp_16plus,2022-07,2013,Naukri-Jobspeak-January-2023.pdf,2023-01,https://www.infoedge.in/pdfs/News_Events_pdfs/Naukri-Jobspeak-January-2023.pdf
exp_16plus,2022-08,1693,Naukri-Jobspeak-January-2023.pdf,2023-01,https://www.infoedge.in/pdfs/News_Events_pdfs/Naukri-Jobspeak-January-2023.pdf
exp_16plus,2022-09,1946,Naukri-Jobspeak-January-2023.pdf,2023-01,https://www.infoedge.in/pdfs/News_Events_pdfs/Naukri-Jobspeak-January-2023.pdf
exp_16plus,2022-10,1613,Naukri-Jobspeak-January-2023.pdf,2023-01,https://www.infoedge.in/pdfs/News_Events_pdfs/Naukri-Jobspeak-January-2023.pdf
exp_16plus,2022-11,2055,Naukri-Jobspeak-January-2023.pdf,2023-01,https://www.infoedge.in/pdfs/News_Events_pdfs/Naukri-Jobspeak-January-2023.pdf
exp_16plus,2022-12,2184,Naukri-Jobspeak-January-2023.pdf,2023-01,https://www.infoedge.in/pdfs/News_Events_pdfs/Naukri-Jobspeak-January-2023.pdf
exp_16plus,2023-01,2051,Naukri-Jobspeak-January-2023.pdf,2023-01,https://www.infoedge.in/pdfs/News_Events_pdfs/Naukri-Jobspeak-January-2023.pdf
bpo_ites,2022-07,2587,Naukri-Jobspeak-July-2023.pdf,2023-07,https://www.infoedge.in/pdfs/News_Events_pdfs/Naukri-Jobspeak-July-2023.pdf
bpo_ites,2022-08,2325,Naukri-Jobspeak-July-2023.pdf,2023-07,https://www.infoedge.in/pdfs/News_Events_pdfs/Naukri-Jobspeak-July-2023.pdf
bpo_ites,2022-09,2619,Naukri-Jobspeak-July-2023.pdf,2023-07,https://www.infoedge.in/pdfs/News_Events_pdfs/Naukri-Jobspeak-July-2023.pdf
bpo_ites,2022-10,2131,Naukri-Jobspeak-July-2023.pdf,2023-07,https://www.infoedge.in/pdfs/News_Events_pdfs/Naukri-Jobspeak-July-2023.pdf
bpo_ites,2022-11,2511,Naukri-Jobspeak-July-2023.pdf,2023-07,https://www.infoedge.in/pdfs/News_Events_pdfs/Naukri-Jobspeak-July-2023.pdf
bpo_ites,2022-12,2249,Naukri-Jobspeak-July-2023.pdf,2023-07,https://www.infoedge.in/pdfs/News_Events_pdfs/Naukri-Jobspeak-July-2023.pdf
bpo_ites,2023-01,2303,Naukri-Jobspeak-July-2023.pdf,2023-07,https://www.infoedge.in/pdfs/News_Events_pdfs/Naukri-Jobspeak-July-2023.pdf
bpo_ites,2023-02,2456,Naukri-Jobspeak-July-2023.pdf,2023-07,https://www.infoedge.in/pdfs/News_Events_pdfs/Naukri-Jobspeak-July-2023.pdf
bpo_ites,2023-03,2415,Naukri-Jobspeak-July-2023.pdf,2023-07,https://www.infoedge.in/pdfs/News_Events_pdfs/Naukri-Jobspeak-July-2023.pdf
bpo_ites,2023-04,2186,Naukri-Jobspeak-July-2023.pdf,2023-07,https://www.infoedge.in/pdfs/News_Events_pdfs/Naukri-Jobspeak-July-2023.pdf
bpo_ites,2023-05,2256,Naukri-Jobspeak-July-2023.pdf,2023-07,https://www.infoedge.in/pdfs/News_Events_pdfs/Naukri-Jobspeak-July-2023.pdf
bpo_ites,2023-06,2163,Naukri-Jobspeak-July-2023.pdf,2023-07,https://www.infoedge.in/pdfs/News_Events_pdfs/Naukri-Jobspeak-July-2023.pdf
bpo_ites,2023-07,2036,Naukri-Jobspeak-July-2023.pdf,2023-07,https://www.infoedge.in/pdfs/News_Events_pdfs/Naukri-Jobspeak-July-2023.pdf
it_software,2022-07,5872,Naukri-Jobspeak-July-2023.pdf,2023-07,https://www.infoedge.in/pdfs/News_Events_pdfs/Naukri-Jobspeak-July-2023.pdf
it_software,2022-08,4881,Naukri-Jobspeak-July-2023.pdf,2023-07,https://www.infoedge.in/pdfs/News_Events_pdfs/Naukri-Jobspeak-July-2023.pdf
it_software,2022-09,5283,Naukri-Jobspeak-July-2023.pdf,2023-07,https://www.infoedge.in/pdfs/News_Events_pdfs/Naukri-Jobspeak-July-2023.pdf
it_software,2022-10,3825,Naukri-Jobspeak-July-2023.pdf,2023-07,https://www.infoedge.in/pdfs/News_Events_pdfs/Naukri-Jobspeak-July-2023.pdf
it_software,2022-11,4674,Naukri-Jobspeak-July-2023.pdf,2023-07,https://www.infoedge.in/pdfs/News_Events_pdfs/Naukri-Jobspeak-July-2023.pdf
it_software,2022-12,4087,Naukri-Jobspeak-July-2023.pdf,2023-07,https://www.infoedge.in/pdfs/News_Events_pdfs/Naukri-Jobspeak-July-2023.pdf
it_software,2023-01,4010,Naukri-Jobspeak-July-2023.pdf,2023-07,https://www.infoedge.in/pdfs/News_Events_pdfs/Naukri-Jobspeak-July-2023.pdf
it_software,2023-02,4428,Naukri-Jobspeak-July-2023.pdf,2023-07,https://www.infoedge.in/pdfs/News_Events_pdfs/Naukri-Jobspeak-July-2023.pdf
it_software,2023-03,4147,Naukri-Jobspeak-July-2023.pdf,2023-07,https://www.infoedge.in/pdfs/News_Events_pdfs/Naukri-Jobspeak-July-2023.pdf
it_software,2023-04,3392,Naukri-Jobspeak-July-2023.pdf,2023-07,https://www.infoedge.in/pdfs/News_Events_pdfs/Naukri-Jobspeak-July-2023.pdf
it_software,2023-05,3618,Naukri-Jobspeak-July-2023.pdf,2023-07,https://www.infoedge.in/pdfs/News_Events_pdfs/Naukri-Jobspeak-July-2023.pdf
it_software,2023-06,3511,Naukri-Jobspeak-July-2023.pdf,2023-07,https://www.infoedge.in/pdfs/News_Events_pdfs/Naukri-Jobspeak-July-2023.pdf
it_software,2023-07,3187,Naukri-Jobspeak-July-2023.pdf,2023-07,https://www.infoedge.in/pdfs/News_Events_pdfs/Naukri-Jobspeak-July-2023.pdf
exp_0_3,2022-07,3266,Naukri-Jobspeak-July-2023.pdf,2023-07,https://www.infoedge.in/pdfs/News_Events_pdfs/Naukri-Jobspeak-July-2023.pdf
exp_0_3,2022-08,2999,Naukri-Jobspeak-July-2023.pdf,2023-07,https://www.infoedge.in/pdfs/News_Events_pdfs/Naukri-Jobspeak-July-2023.pdf
exp_0_3,2022-09,3265,Naukri-Jobspeak-July-2023.pdf,2023-07,https://www.infoedge.in/pdfs/News_Events_pdfs/Naukri-Jobspeak-July-2023.pdf
exp_0_3,2022-10,2642,Naukri-Jobspeak-July-2023.pdf,2023-07,https://www.infoedge.in/pdfs/News_Events_pdfs/Naukri-Jobspeak-July-2023.pdf
exp_0_3,2022-11,3253,Naukri-Jobspeak-July-2023.pdf,2023-07,https://www.infoedge.in/pdfs/News_Events_pdfs/Naukri-Jobspeak-July-2023.pdf
exp_0_3,2022-12,3106,Naukri-Jobspeak-July-2023.pdf,2023-07,https://www.infoedge.in/pdfs/News_Events_pdfs/Naukri-Jobspeak-July-2023.pdf
exp_0_3,2023-01,2926,Naukri-Jobspeak-July-2023.pdf,2023-07,https://www.infoedge.in/pdfs/News_Events_pdfs/Naukri-Jobspeak-July-2023.pdf
exp_0_3,2023-02,3073,Naukri-Jobspeak-July-2023.pdf,2023-07,https://www.infoedge.in/pdfs/News_Events_pdfs/Naukri-Jobspeak-July-2023.pdf
exp_0_3,2023-03,3144,Naukri-Jobspeak-July-2023.pdf,2023-07,https://www.infoedge.in/pdfs/News_Events_pdfs/Naukri-Jobspeak-July-2023.pdf
exp_0_3,2023-04,2834,Naukri-Jobspeak-July-2023.pdf,2023-07,https://www.infoedge.in/pdfs/News_Events_pdfs/Naukri-Jobspeak-July-2023.pdf
exp_0_3,2023-05,2945,Naukri-Jobspeak-July-2023.pdf,2023-07,https://www.infoedge.in/pdfs/News_Events_pdfs/Naukri-Jobspeak-July-2023.pdf
exp_0_3,2023-06,2890,Naukri-Jobspeak-July-2023.pdf,2023-07,https://www.infoedge.in/pdfs/News_Events_pdfs/Naukri-Jobspeak-July-2023.pdf
exp_0_3,2023-07,2672,Naukri-Jobspeak-July-2023.pdf,2023-07,https://www.infoedge.in/pdfs/News_Events_pdfs/Naukri-Jobspeak-July-2023.pdf
exp_4_7,2022-07,3386,Naukri-Jobspeak-July-2023.pdf,2023-07,https://www.infoedge.in/pdfs/News_Events_pdfs/Naukri-Jobspeak-July-2023.pdf
exp_4_7,2022-08,3053,Naukri-Jobspeak-July-2023.pdf,2023-07,https://www.infoedge.in/pdfs/News_Events_pdfs/Naukri-Jobspeak-July-2023.pdf
exp_4_7,2022-09,3346,Naukri-Jobspeak-July-2023.pdf,2023-07,https://www.infoedge.in/pdfs/News_Events_pdfs/Naukri-Jobspeak-July-2023.pdf
exp_4_7,2022-10,2632,Naukri-Jobspeak-July-2023.pdf,2023-07,https://www.infoedge.in/pdfs/News_Events_pdfs/Naukri-Jobspeak-July-2023.pdf
exp_4_7,2022-11,3293,Naukri-Jobspeak-July-2023.pdf,2023-07,https://www.infoedge.in/pdfs/News_Events_pdfs/Naukri-Jobspeak-July-2023.pdf
exp_4_7,2022-12,2998,Naukri-Jobspeak-July-2023.pdf,2023-07,https://www.infoedge.in/pdfs/News_Events_pdfs/Naukri-Jobspeak-July-2023.pdf
exp_4_7,2023-01,2871,Naukri-Jobspeak-July-2023.pdf,2023-07,https://www.infoedge.in/pdfs/News_Events_pdfs/Naukri-Jobspeak-July-2023.pdf
exp_4_7,2023-02,3104,Naukri-Jobspeak-July-2023.pdf,2023-07,https://www.infoedge.in/pdfs/News_Events_pdfs/Naukri-Jobspeak-July-2023.pdf
exp_4_7,2023-03,3010,Naukri-Jobspeak-July-2023.pdf,2023-07,https://www.infoedge.in/pdfs/News_Events_pdfs/Naukri-Jobspeak-July-2023.pdf
exp_4_7,2023-04,2725,Naukri-Jobspeak-July-2023.pdf,2023-07,https://www.infoedge.in/pdfs/News_Events_pdfs/Naukri-Jobspeak-July-2023.pdf
exp_4_7,2023-05,2846,Naukri-Jobspeak-July-2023.pdf,2023-07,https://www.infoedge.in/pdfs/News_Events_pdfs/Naukri-Jobspeak-July-2023.pdf
exp_4_7,2023-06,2770,Naukri-Jobspeak-July-2023.pdf,2023-07,https://www.infoedge.in/pdfs/News_Events_pdfs/Naukri-Jobspeak-July-2023.pdf
exp_4_7,2023-07,2516,Naukri-Jobspeak-July-2023.pdf,2023-07,https://www.infoedge.in/pdfs/News_Events_pdfs/Naukri-Jobspeak-July-2023.pdf
exp_13_16,2022-07,2298,Naukri-Jobspeak-July-2023.pdf,2023-07,https://www.infoedge.in/pdfs/News_Events_pdfs/Naukri-Jobspeak-July-2023.pdf
exp_13_16,2022-08,1928,Naukri-Jobspeak-July-2023.pdf,2023-07,https://www.infoedge.in/pdfs/News_Events_pdfs/Naukri-Jobspeak-July-2023.pdf
exp_13_16,2022-09,2178,Naukri-Jobspeak-July-2023.pdf,2023-07,https://www.infoedge.in/pdfs/News_Events_pdfs/Naukri-Jobspeak-July-2023.pdf
exp_13_16,2022-10,1771,Naukri-Jobspeak-July-2023.pdf,2023-07,https://www.infoedge.in/pdfs/News_Events_pdfs/Naukri-Jobspeak-July-2023.pdf
exp_13_16,2022-11,2342,Naukri-Jobspeak-July-2023.pdf,2023-07,https://www.infoedge.in/pdfs/News_Events_pdfs/Naukri-Jobspeak-July-2023.pdf
exp_13_16,2022-12,2231,Naukri-Jobspeak-July-2023.pdf,2023-07,https://www.infoedge.in/pdfs/News_Events_pdfs/Naukri-Jobspeak-July-2023.pdf
exp_13_16,2023-01,2159,Naukri-Jobspeak-July-2023.pdf,2023-07,https://www.infoedge.in/pdfs/News_Events_pdfs/Naukri-Jobspeak-July-2023.pdf
exp_13_16,2023-02,2362,Naukri-Jobspeak-July-2023.pdf,2023-07,https://www.infoedge.in/pdfs/News_Events_pdfs/Naukri-Jobspeak-July-2023.pdf
exp_13_16,2023-03,2389,Naukri-Jobspeak-July-2023.pdf,2023-07,https://www.infoedge.in/pdfs/News_Events_pdfs/Naukri-Jobspeak-July-2023.pdf
exp_13_16,2023-04,2217,Naukri-Jobspeak-July-2023.pdf,2023-07,https://www.infoedge.in/pdfs/News_Events_pdfs/Naukri-Jobspeak-July-2023.pdf
exp_13_16,2023-05,2370,Naukri-Jobspeak-July-2023.pdf,2023-07,https://www.infoedge.in/pdfs/News_Events_pdfs/Naukri-Jobspeak-July-2023.pdf
exp_13_16,2023-06,2379,Naukri-Jobspeak-July-2023.pdf,2023-07,https://www.infoedge.in/pdfs/News_Events_pdfs/Naukri-Jobspeak-July-2023.pdf
exp_13_16,2023-07,2271,Naukri-Jobspeak-July-2023.pdf,2023-07,https://www.infoedge.in/pdfs/News_Events_pdfs/Naukri-Jobspeak-July-2023.pdf
exp_16plus,2022-07,2013,Naukri-Jobspeak-July-2023.pdf,2023-07,https://www.infoedge.in/pdfs/News_Events_pdfs/Naukri-Jobspeak-July-2023.pdf
exp_16plus,2022-08,1693,Naukri-Jobspeak-July-2023.pdf,2023-07,https://www.infoedge.in/pdfs/News_Events_pdfs/Naukri-Jobspeak-July-2023.pdf
exp_16plus,2022-09,1946,Naukri-Jobspeak-July-2023.pdf,2023-07,https://www.infoedge.in/pdfs/News_Events_pdfs/Naukri-Jobspeak-July-2023.pdf
exp_16plus,2022-10,1613,Naukri-Jobspeak-July-2023.pdf,2023-07,https://www.infoedge.in/pdfs/News_Events_pdfs/Naukri-Jobspeak-July-2023.pdf
exp_16plus,2022-11,2055,Naukri-Jobspeak-July-2023.pdf,2023-07,https://www.infoedge.in/pdfs/News_Events_pdfs/Naukri-Jobspeak-July-2023.pdf
exp_16plus,2022-12,2184,Naukri-Jobspeak-July-2023.pdf,2023-07,https://www.infoedge.in/pdfs/News_Events_pdfs/Naukri-Jobspeak-July-2023.pdf
exp_16plus,2023-01,2051,Naukri-Jobspeak-July-2023.pdf,2023-07,https://www.infoedge.in/pdfs/News_Events_pdfs/Naukri-Jobspeak-July-2023.pdf
exp_16plus,2023-02,2273,Naukri-Jobspeak-July-2023.pdf,2023-07,https://www.infoedge.in/pdfs/News_Events_pdfs/Naukri-Jobspeak-July-2023.pdf
exp_16plus,2023-03,2373,Naukri-Jobspeak-July-2023.pdf,2023-07,https://www.infoedge.in/pdfs/News_Events_pdfs/Naukri-Jobspeak-July-2023.pdf
exp_16plus,2023-04,2230,Naukri-Jobspeak-July-2023.pdf,2023-07,https://www.infoedge.in/pdfs/News_Events_pdfs/Naukri-Jobspeak-July-2023.pdf
exp_16plus,2023-05,2355,Naukri-Jobspeak-July-2023.pdf,2023-07,https://www.infoedge.in/pdfs/News_Events_pdfs/Naukri-Jobspeak-July-2023.pdf
exp_16plus,2023-06,2370,Naukri-Jobspeak-July-2023.pdf,2023-07,https://www.infoedge.in/pdfs/News_Events_pdfs/Naukri-Jobspeak-July-2023.pdf
exp_16plus,2023-07,2276,Naukri-Jobspeak-July-2023.pdf,2023-07,https://www.infoedge.in/pdfs/News_Events_pdfs/Naukri-Jobspeak-July-2023.pdf
bpo_ites,2023-07,2036,Naukri-Jobspeak-July-2024.pdf,2024-07,https://www.infoedge.in/pdfs/News_Events_pdfs/Naukri-Jobspeak-July-2024.pdf
bpo_ites,2023-08,2085,Naukri-Jobspeak-July-2024.pdf,2024-07,https://www.infoedge.in/pdfs/News_Events_pdfs/Naukri-Jobspeak-July-2024.pdf
bpo_ites,2023-09,1952,Naukri-Jobspeak-July-2024.pdf,2024-07,https://www.infoedge.in/pdfs/News_Events_pdfs/Naukri-Jobspeak-July-2024.pdf
bpo_ites,2023-10,2179,Naukri-Jobspeak-July-2024.pdf,2024-07,https://www.infoedge.in/pdfs/News_Events_pdfs/Naukri-Jobspeak-July-2024.pdf
bpo_ites,2023-11,2054,Naukri-Jobspeak-July-2024.pdf,2024-07,https://www.infoedge.in/pdfs/News_Events_pdfs/Naukri-Jobspeak-July-2024.pdf
bpo_ites,2023-12,1872,Naukri-Jobspeak-July-2024.pdf,2024-07,https://www.infoedge.in/pdfs/News_Events_pdfs/Naukri-Jobspeak-July-2024.pdf
bpo_ites,2024-01,1939,Naukri-Jobspeak-July-2024.pdf,2024-07,https://www.infoedge.in/pdfs/News_Events_pdfs/Naukri-Jobspeak-July-2024.pdf
bpo_ites,2024-02,2157,Naukri-Jobspeak-July-2024.pdf,2024-07,https://www.infoedge.in/pdfs/News_Events_pdfs/Naukri-Jobspeak-July-2024.pdf
bpo_ites,2024-03,2264,Naukri-Jobspeak-July-2024.pdf,2024-07,https://www.infoedge.in/pdfs/News_Events_pdfs/Naukri-Jobspeak-July-2024.pdf
bpo_ites,2024-04,2181,Naukri-Jobspeak-July-2024.pdf,2024-07,https://www.infoedge.in/pdfs/News_Events_pdfs/Naukri-Jobspeak-July-2024.pdf
bpo_ites,2024-05,2195,Naukri-Jobspeak-July-2024.pdf,2024-07,https://www.infoedge.in/pdfs/News_Events_pdfs/Naukri-Jobspeak-July-2024.pdf
bpo_ites,2024-06,1961,Naukri-Jobspeak-July-2024.pdf,2024-07,https://www.infoedge.in/pdfs/News_Events_pdfs/Naukri-Jobspeak-July-2024.pdf
bpo_ites,2024-07,2157,Naukri-Jobspeak-July-2024.pdf,2024-07,https://www.infoedge.in/pdfs/News_Events_pdfs/Naukri-Jobspeak-July-2024.pdf
it_software,2023-07,3187,Naukri-Jobspeak-July-2024.pdf,2024-07,https://www.infoedge.in/pdfs/News_Events_pdfs/Naukri-Jobspeak-July-2024.pdf
it_software,2023-08,3278,Naukri-Jobspeak-July-2024.pdf,2024-07,https://www.infoedge.in/pdfs/News_Events_pdfs/Naukri-Jobspeak-July-2024.pdf
it_software,2023-09,2989,Naukri-Jobspeak-July-2024.pdf,2024-07,https://www.infoedge.in/pdfs/News_Events_pdfs/Naukri-Jobspeak-July-2024.pdf
it_software,2023-10,3302,Naukri-Jobspeak-July-2024.pdf,2024-07,https://www.infoedge.in/pdfs/News_Events_pdfs/Naukri-Jobspeak-July-2024.pdf
it_software,2023-11,3349,Naukri-Jobspeak-July-2024.pdf,2024-07,https://www.infoedge.in/pdfs/News_Events_pdfs/Naukri-Jobspeak-July-2024.pdf
it_software,2023-12,3210,Naukri-Jobspeak-July-2024.pdf,2024-07,https://www.infoedge.in/pdfs/News_Events_pdfs/Naukri-Jobspeak-July-2024.pdf
it_software,2024-01,3233,Naukri-Jobspeak-July-2024.pdf,2024-07,https://www.infoedge.in/pdfs/News_Events_pdfs/Naukri-Jobspeak-July-2024.pdf
it_software,2024-02,3748,Naukri-Jobspeak-July-2024.pdf,2024-07,https://www.infoedge.in/pdfs/News_Events_pdfs/Naukri-Jobspeak-July-2024.pdf
it_software,2024-03,3501,Naukri-Jobspeak-July-2024.pdf,2024-07,https://www.infoedge.in/pdfs/News_Events_pdfs/Naukri-Jobspeak-July-2024.pdf
it_software,2024-04,3456,Naukri-Jobspeak-July-2024.pdf,2024-07,https://www.infoedge.in/pdfs/News_Events_pdfs/Naukri-Jobspeak-July-2024.pdf
it_software,2024-05,3630,Naukri-Jobspeak-July-2024.pdf,2024-07,https://www.infoedge.in/pdfs/News_Events_pdfs/Naukri-Jobspeak-July-2024.pdf
it_software,2024-06,3341,Naukri-Jobspeak-July-2024.pdf,2024-07,https://www.infoedge.in/pdfs/News_Events_pdfs/Naukri-Jobspeak-July-2024.pdf
it_software,2024-07,3713,Naukri-Jobspeak-July-2024.pdf,2024-07,https://www.infoedge.in/pdfs/News_Events_pdfs/Naukri-Jobspeak-July-2024.pdf
exp_0_3,2023-07,2672,Naukri-Jobspeak-July-2024.pdf,2024-07,https://www.infoedge.in/pdfs/News_Events_pdfs/Naukri-Jobspeak-July-2024.pdf
exp_0_3,2023-08,2769,Naukri-Jobspeak-July-2024.pdf,2024-07,https://www.infoedge.in/pdfs/News_Events_pdfs/Naukri-Jobspeak-July-2024.pdf
exp_0_3,2023-09,2933,Naukri-Jobspeak-July-2024.pdf,2024-07,https://www.infoedge.in/pdfs/News_Events_pdfs/Naukri-Jobspeak-July-2024.pdf
exp_0_3,2023-10,2642,Naukri-Jobspeak-July-2024.pdf,2024-07,https://www.infoedge.in/pdfs/News_Events_pdfs/Naukri-Jobspeak-July-2024.pdf
exp_0_3,2023-11,2484,Naukri-Jobspeak-July-2024.pdf,2024-07,https://www.infoedge.in/pdfs/News_Events_pdfs/Naukri-Jobspeak-July-2024.pdf
exp_0_3,2023-12,2618,Naukri-Jobspeak-July-2024.pdf,2024-07,https://www.infoedge.in/pdfs/News_Events_pdfs/Naukri-Jobspeak-July-2024.pdf
exp_0_3,2024-01,2621,Naukri-Jobspeak-July-2024.pdf,2024-07,https://www.infoedge.in/pdfs/News_Events_pdfs/Naukri-Jobspeak-July-2024.pdf
exp_0_3,2024-02,2822,Naukri-Jobspeak-July-2024.pdf,2024-07,https://www.infoedge.in/pdfs/News_Events_pdfs/Naukri-Jobspeak-July-2024.pdf
exp_0_3,2024-03,2788,Naukri-Jobspeak-July-2024.pdf,2024-07,https://www.infoedge.in/pdfs/News_Events_pdfs/Naukri-Jobspeak-July-2024.pdf
exp_0_3,2024-04,2783,Naukri-Jobspeak-July-2024.pdf,2024-07,https://www.infoedge.in/pdfs/News_Events_pdfs/Naukri-Jobspeak-July-2024.pdf
exp_0_3,2024-05,2891,Naukri-Jobspeak-July-2024.pdf,2024-07,https://www.infoedge.in/pdfs/News_Events_pdfs/Naukri-Jobspeak-July-2024.pdf
exp_0_3,2024-06,2619,Naukri-Jobspeak-July-2024.pdf,2024-07,https://www.infoedge.in/pdfs/News_Events_pdfs/Naukri-Jobspeak-July-2024.pdf
exp_0_3,2024-07,2869,Naukri-Jobspeak-July-2024.pdf,2024-07,https://www.infoedge.in/pdfs/News_Events_pdfs/Naukri-Jobspeak-July-2024.pdf
exp_4_7,2023-07,2516,Naukri-Jobspeak-July-2024.pdf,2024-07,https://www.infoedge.in/pdfs/News_Events_pdfs/Naukri-Jobspeak-July-2024.pdf
exp_4_7,2023-08,2567,Naukri-Jobspeak-July-2024.pdf,2024-07,https://www.infoedge.in/pdfs/News_Events_pdfs/Naukri-Jobspeak-July-2024.pdf
exp_4_7,2023-09,2717,Naukri-Jobspeak-July-2024.pdf,2024-07,https://www.infoedge.in/pdfs/News_Events_pdfs/Naukri-Jobspeak-July-2024.pdf
exp_4_7,2023-10,2361,Naukri-Jobspeak-July-2024.pdf,2024-07,https://www.infoedge.in/pdfs/News_Events_pdfs/Naukri-Jobspeak-July-2024.pdf
exp_4_7,2023-11,2282,Naukri-Jobspeak-July-2024.pdf,2024-07,https://www.infoedge.in/pdfs/News_Events_pdfs/Naukri-Jobspeak-July-2024.pdf
exp_4_7,2023-12,2316,Naukri-Jobspeak-July-2024.pdf,2024-07,https://www.infoedge.in/pdfs/News_Events_pdfs/Naukri-Jobspeak-July-2024.pdf
exp_4_7,2024-01,2339,Naukri-Jobspeak-July-2024.pdf,2024-07,https://www.infoedge.in/pdfs/News_Events_pdfs/Naukri-Jobspeak-July-2024.pdf
exp_4_7,2024-02,2624,Naukri-Jobspeak-July-2024.pdf,2024-07,https://www.infoedge.in/pdfs/News_Events_pdfs/Naukri-Jobspeak-July-2024.pdf
exp_4_7,2024-03,2482,Naukri-Jobspeak-July-2024.pdf,2024-07,https://www.infoedge.in/pdfs/News_Events_pdfs/Naukri-Jobspeak-July-2024.pdf
exp_4_7,2024-04,2471,Naukri-Jobspeak-July-2024.pdf,2024-07,https://www.infoedge.in/pdfs/News_Events_pdfs/Naukri-Jobspeak-July-2024.pdf
exp_4_7,2024-05,2607,Naukri-Jobspeak-July-2024.pdf,2024-07,https://www.infoedge.in/pdfs/News_Events_pdfs/Naukri-Jobspeak-July-2024.pdf
exp_4_7,2024-06,2420,Naukri-Jobspeak-July-2024.pdf,2024-07,https://www.infoedge.in/pdfs/News_Events_pdfs/Naukri-Jobspeak-July-2024.pdf
exp_4_7,2024-07,2688,Naukri-Jobspeak-July-2024.pdf,2024-07,https://www.infoedge.in/pdfs/News_Events_pdfs/Naukri-Jobspeak-July-2024.pdf
exp_8_12,2023-07,2507,Naukri-Jobspeak-July-2024.pdf,2024-07,https://www.infoedge.in/pdfs/News_Events_pdfs/Naukri-Jobspeak-July-2024.pdf
exp_8_12,2023-08,2633,Naukri-Jobspeak-July-2024.pdf,2024-07,https://www.infoedge.in/pdfs/News_Events_pdfs/Naukri-Jobspeak-July-2024.pdf
exp_8_12,2023-09,2861,Naukri-Jobspeak-July-2024.pdf,2024-07,https://www.infoedge.in/pdfs/News_Events_pdfs/Naukri-Jobspeak-July-2024.pdf
exp_8_12,2023-10,2431,Naukri-Jobspeak-July-2024.pdf,2024-07,https://www.infoedge.in/pdfs/News_Events_pdfs/Naukri-Jobspeak-July-2024.pdf
exp_8_12,2023-11,2343,Naukri-Jobspeak-July-2024.pdf,2024-07,https://www.infoedge.in/pdfs/News_Events_pdfs/Naukri-Jobspeak-July-2024.pdf
exp_8_12,2023-12,2366,Naukri-Jobspeak-July-2024.pdf,2024-07,https://www.infoedge.in/pdfs/News_Events_pdfs/Naukri-Jobspeak-July-2024.pdf
exp_8_12,2024-01,2374,Naukri-Jobspeak-July-2024.pdf,2024-07,https://www.infoedge.in/pdfs/News_Events_pdfs/Naukri-Jobspeak-July-2024.pdf
exp_8_12,2024-02,2797,Naukri-Jobspeak-July-2024.pdf,2024-07,https://www.infoedge.in/pdfs/News_Events_pdfs/Naukri-Jobspeak-July-2024.pdf
exp_8_12,2024-03,2655,Naukri-Jobspeak-July-2024.pdf,2024-07,https://www.infoedge.in/pdfs/News_Events_pdfs/Naukri-Jobspeak-July-2024.pdf
exp_8_12,2024-04,2619,Naukri-Jobspeak-July-2024.pdf,2024-07,https://www.infoedge.in/pdfs/News_Events_pdfs/Naukri-Jobspeak-July-2024.pdf
exp_8_12,2024-05,2807,Naukri-Jobspeak-July-2024.pdf,2024-07,https://www.infoedge.in/pdfs/News_Events_pdfs/Naukri-Jobspeak-July-2024.pdf
exp_8_12,2024-06,2590,Naukri-Jobspeak-July-2024.pdf,2024-07,https://www.infoedge.in/pdfs/News_Events_pdfs/Naukri-Jobspeak-July-2024.pdf
exp_8_12,2024-07,2920,Naukri-Jobspeak-July-2024.pdf,2024-07,https://www.infoedge.in/pdfs/News_Events_pdfs/Naukri-Jobspeak-July-2024.pdf
exp_13_16,2023-07,2271,Naukri-Jobspeak-July-2024.pdf,2024-07,https://www.infoedge.in/pdfs/News_Events_pdfs/Naukri-Jobspeak-July-2024.pdf
exp_13_16,2023-08,2372,Naukri-Jobspeak-July-2024.pdf,2024-07,https://www.infoedge.in/pdfs/News_Events_pdfs/Naukri-Jobspeak-July-2024.pdf
exp_13_16,2023-09,2421,Naukri-Jobspeak-July-2024.pdf,2024-07,https://www.infoedge.in/pdfs/News_Events_pdfs/Naukri-Jobspeak-July-2024.pdf
exp_13_16,2023-10,2227,Naukri-Jobspeak-July-2024.pdf,2024-07,https://www.infoedge.in/pdfs/News_Events_pdfs/Naukri-Jobspeak-July-2024.pdf
exp_13_16,2023-11,2116,Naukri-Jobspeak-July-2024.pdf,2024-07,https://www.infoedge.in/pdfs/News_Events_pdfs/Naukri-Jobspeak-July-2024.pdf
exp_13_16,2023-12,2195,Naukri-Jobspeak-July-2024.pdf,2024-07,https://www.infoedge.in/pdfs/News_Events_pdfs/Naukri-Jobspeak-July-2024.pdf
exp_13_16,2024-01,2196,Naukri-Jobspeak-July-2024.pdf,2024-07,https://www.infoedge.in/pdfs/News_Events_pdfs/Naukri-Jobspeak-July-2024.pdf
exp_13_16,2024-02,2523,Naukri-Jobspeak-July-2024.pdf,2024-07,https://www.infoedge.in/pdfs/News_Events_pdfs/Naukri-Jobspeak-July-2024.pdf
exp_13_16,2024-03,2412,Naukri-Jobspeak-July-2024.pdf,2024-07,https://www.infoedge.in/pdfs/News_Events_pdfs/Naukri-Jobspeak-July-2024.pdf
exp_13_16,2024-04,2407,Naukri-Jobspeak-July-2024.pdf,2024-07,https://www.infoedge.in/pdfs/News_Events_pdfs/Naukri-Jobspeak-July-2024.pdf
exp_13_16,2024-05,2570,Naukri-Jobspeak-July-2024.pdf,2024-07,https://www.infoedge.in/pdfs/News_Events_pdfs/Naukri-Jobspeak-July-2024.pdf
exp_13_16,2024-06,2379,Naukri-Jobspeak-July-2024.pdf,2024-07,https://www.infoedge.in/pdfs/News_Events_pdfs/Naukri-Jobspeak-July-2024.pdf
exp_13_16,2024-07,2671,Naukri-Jobspeak-July-2024.pdf,2024-07,https://www.infoedge.in/pdfs/News_Events_pdfs/Naukri-Jobspeak-July-2024.pdf
exp_16plus,2023-07,2276,Naukri-Jobspeak-July-2024.pdf,2024-07,https://www.infoedge.in/pdfs/News_Events_pdfs/Naukri-Jobspeak-July-2024.pdf
exp_16plus,2023-08,2457,Naukri-Jobspeak-July-2024.pdf,2024-07,https://www.infoedge.in/pdfs/News_Events_pdfs/Naukri-Jobspeak-July-2024.pdf
exp_16plus,2023-09,2522,Naukri-Jobspeak-July-2024.pdf,2024-07,https://www.infoedge.in/pdfs/News_Events_pdfs/Naukri-Jobspeak-July-2024.pdf
exp_16plus,2023-10,2361,Naukri-Jobspeak-July-2024.pdf,2024-07,https://www.infoedge.in/pdfs/News_Events_pdfs/Naukri-Jobspeak-July-2024.pdf
exp_16plus,2023-11,2247,Naukri-Jobspeak-July-2024.pdf,2024-07,https://www.infoedge.in/pdfs/News_Events_pdfs/Naukri-Jobspeak-July-2024.pdf
exp_16plus,2023-12,2357,Naukri-Jobspeak-July-2024.pdf,2024-07,https://www.infoedge.in/pdfs/News_Events_pdfs/Naukri-Jobspeak-July-2024.pdf
exp_16plus,2024-01,2429,Naukri-Jobspeak-July-2024.pdf,2024-07,https://www.infoedge.in/pdfs/News_Events_pdfs/Naukri-Jobspeak-July-2024.pdf
exp_16plus,2024-02,2744,Naukri-Jobspeak-July-2024.pdf,2024-07,https://www.infoedge.in/pdfs/News_Events_pdfs/Naukri-Jobspeak-July-2024.pdf
exp_16plus,2024-03,2640,Naukri-Jobspeak-July-2024.pdf,2024-07,https://www.infoedge.in/pdfs/News_Events_pdfs/Naukri-Jobspeak-July-2024.pdf
exp_16plus,2024-04,2690,Naukri-Jobspeak-July-2024.pdf,2024-07,https://www.infoedge.in/pdfs/News_Events_pdfs/Naukri-Jobspeak-July-2024.pdf
exp_16plus,2024-05,2893,Naukri-Jobspeak-July-2024.pdf,2024-07,https://www.infoedge.in/pdfs/News_Events_pdfs/Naukri-Jobspeak-July-2024.pdf
exp_16plus,2024-06,2687,Naukri-Jobspeak-July-2024.pdf,2024-07,https://www.infoedge.in/pdfs/News_Events_pdfs/Naukri-Jobspeak-July-2024.pdf
exp_16plus,2024-07,2994,Naukri-Jobspeak-July-2024.pdf,2024-07,https://www.infoedge.in/pdfs/News_Events_pdfs/Naukri-Jobspeak-July-2024.pdf
bpo_ites,2025-07,2450,Naukri-Jobspeak-July-2026.pdf,2026-07,https://www.infoedge.in/pdfs/News_Events_pdfs/Naukri-Jobspeak-July-2026.pdf
bpo_ites,2025-08,2332,Naukri-Jobspeak-July-2026.pdf,2026-07,https://www.infoedge.in/pdfs/News_Events_pdfs/Naukri-Jobspeak-July-2026.pdf
bpo_ites,2025-09,2532,Naukri-Jobspeak-July-2026.pdf,2026-07,https://www.infoedge.in/pdfs/News_Events_pdfs/Naukri-Jobspeak-July-2026.pdf
bpo_ites,2025-10,2193,Naukri-Jobspeak-July-2026.pdf,2026-07,https://www.infoedge.in/pdfs/News_Events_pdfs/Naukri-Jobspeak-July-2026.pdf
bpo_ites,2025-11,2475,Naukri-Jobspeak-July-2026.pdf,2026-07,https://www.infoedge.in/pdfs/News_Events_pdfs/Naukri-Jobspeak-July-2026.pdf
bpo_ites,2025-12,2460,Naukri-Jobspeak-July-2026.pdf,2026-07,https://www.infoedge.in/pdfs/News_Events_pdfs/Naukri-Jobspeak-July-2026.pdf
bpo_ites,2026-01,2306,Naukri-Jobspeak-July-2026.pdf,2026-07,https://www.infoedge.in/pdfs/News_Events_pdfs/Naukri-Jobspeak-July-2026.pdf
bpo_ites,2026-02,2643,Naukri-Jobspeak-July-2026.pdf,2026-07,https://www.infoedge.in/pdfs/News_Events_pdfs/Naukri-Jobspeak-July-2026.pdf
bpo_ites,2026-03,2477,Naukri-Jobspeak-July-2026.pdf,2026-07,https://www.infoedge.in/pdfs/News_Events_pdfs/Naukri-Jobspeak-July-2026.pdf
bpo_ites,2026-04,2672,Naukri-Jobspeak-July-2026.pdf,2026-07,https://www.infoedge.in/pdfs/News_Events_pdfs/Naukri-Jobspeak-July-2026.pdf
bpo_ites,2026-05,2483,Naukri-Jobspeak-July-2026.pdf,2026-07,https://www.infoedge.in/pdfs/News_Events_pdfs/Naukri-Jobspeak-July-2026.pdf
bpo_ites,2026-06,2422,Naukri-Jobspeak-July-2026.pdf,2026-07,https://www.infoedge.in/pdfs/News_Events_pdfs/Naukri-Jobspeak-July-2026.pdf
bpo_ites,2026-07,2572,Naukri-Jobspeak-July-2026.pdf,2026-07,https://www.infoedge.in/pdfs/News_Events_pdfs/Naukri-Jobspeak-July-2026.pdf
it_software,2025-07,3688,Naukri-Jobspeak-July-2026.pdf,2026-07,https://www.infoedge.in/pdfs/News_Events_pdfs/Naukri-Jobspeak-July-2026.pdf
it_software,2025-08,3111,Naukri-Jobspeak-July-2026.pdf,2026-07,https://www.infoedge.in/pdfs/News_Events_pdfs/Naukri-Jobspeak-July-2026.pdf
it_software,2025-09,3585,Naukri-Jobspeak-July-2026.pdf,2026-07,https://www.infoedge.in/pdfs/News_Events_pdfs/Naukri-Jobspeak-July-2026.pdf
it_software,2025-10,2967,Naukri-Jobspeak-July-2026.pdf,2026-07,https://www.infoedge.in/pdfs/News_Events_pdfs/Naukri-Jobspeak-July-2026.pdf
it_software,2025-11,3565,Naukri-Jobspeak-July-2026.pdf,2026-07,https://www.infoedge.in/pdfs/News_Events_pdfs/Naukri-Jobspeak-July-2026.pdf
it_software,2025-12,3531,Naukri-Jobspeak-July-2026.pdf,2026-07,https://www.infoedge.in/pdfs/News_Events_pdfs/Naukri-Jobspeak-July-2026.pdf
it_software,2026-01,3119,Naukri-Jobspeak-July-2026.pdf,2026-07,https://www.infoedge.in/pdfs/News_Events_pdfs/Naukri-Jobspeak-July-2026.pdf
it_software,2026-02,3948,Naukri-Jobspeak-July-2026.pdf,2026-07,https://www.infoedge.in/pdfs/News_Events_pdfs/Naukri-Jobspeak-July-2026.pdf
it_software,2026-03,3462,Naukri-Jobspeak-July-2026.pdf,2026-07,https://www.infoedge.in/pdfs/News_Events_pdfs/Naukri-Jobspeak-July-2026.pdf
it_software,2026-04,3605,Naukri-Jobspeak-July-2026.pdf,2026-07,https://www.infoedge.in/pdfs/News_Events_pdfs/Naukri-Jobspeak-July-2026.pdf
it_software,2026-05,3205,Naukri-Jobspeak-July-2026.pdf,2026-07,https://www.infoedge.in/pdfs/News_Events_pdfs/Naukri-Jobspeak-July-2026.pdf
it_software,2026-06,3415,Naukri-Jobspeak-July-2026.pdf,2026-07,https://www.infoedge.in/pdfs/News_Events_pdfs/Naukri-Jobspeak-July-2026.pdf
it_software,2026-07,3909,Naukri-Jobspeak-July-2026.pdf,2026-07,https://www.infoedge.in/pdfs/News_Events_pdfs/Naukri-Jobspeak-July-2026.pdf
it_software,2021-06,4624,Naukri-Jobspeak-June-2022.pdf,2022-06,https://www.infoedge.in/pdfs/News_Events_pdfs/Naukri-Jobspeak-June-2022.pdf
it_software,2021-07,5466,Naukri-Jobspeak-June-2022.pdf,2022-06,https://www.infoedge.in/pdfs/News_Events_pdfs/Naukri-Jobspeak-June-2022.pdf
it_software,2021-08,5422,Naukri-Jobspeak-June-2022.pdf,2022-06,https://www.infoedge.in/pdfs/News_Events_pdfs/Naukri-Jobspeak-June-2022.pdf
it_software,2021-09,5648,Naukri-Jobspeak-June-2022.pdf,2022-06,https://www.infoedge.in/pdfs/News_Events_pdfs/Naukri-Jobspeak-June-2022.pdf
it_software,2021-10,4686,Naukri-Jobspeak-June-2022.pdf,2022-06,https://www.infoedge.in/pdfs/News_Events_pdfs/Naukri-Jobspeak-June-2022.pdf
it_software,2021-11,4155,Naukri-Jobspeak-June-2022.pdf,2022-06,https://www.infoedge.in/pdfs/News_Events_pdfs/Naukri-Jobspeak-June-2022.pdf
it_software,2021-12,3334,Naukri-Jobspeak-June-2022.pdf,2022-06,https://www.infoedge.in/pdfs/News_Events_pdfs/Naukri-Jobspeak-June-2022.pdf
it_software,2022-01,5370,Naukri-Jobspeak-June-2022.pdf,2022-06,https://www.infoedge.in/pdfs/News_Events_pdfs/Naukri-Jobspeak-June-2022.pdf
it_software,2022-02,5560,Naukri-Jobspeak-June-2022.pdf,2022-06,https://www.infoedge.in/pdfs/News_Events_pdfs/Naukri-Jobspeak-June-2022.pdf
it_software,2022-03,4983,Naukri-Jobspeak-June-2022.pdf,2022-06,https://www.infoedge.in/pdfs/News_Events_pdfs/Naukri-Jobspeak-June-2022.pdf
it_software,2022-04,4656,Naukri-Jobspeak-June-2022.pdf,2022-06,https://www.infoedge.in/pdfs/News_Events_pdfs/Naukri-Jobspeak-June-2022.pdf
it_software,2022-05,4711,Naukri-Jobspeak-June-2022.pdf,2022-06,https://www.infoedge.in/pdfs/News_Events_pdfs/Naukri-Jobspeak-June-2022.pdf
it_software,2022-06,5069,Naukri-Jobspeak-June-2022.pdf,2022-06,https://www.infoedge.in/pdfs/News_Events_pdfs/Naukri-Jobspeak-June-2022.pdf
bpo_ites,2021-06,1891,Naukri-Jobspeak-June-2022.pdf,2022-06,https://www.infoedge.in/pdfs/News_Events_pdfs/Naukri-Jobspeak-June-2022.pdf
bpo_ites,2021-07,1923,Naukri-Jobspeak-June-2022.pdf,2022-06,https://www.infoedge.in/pdfs/News_Events_pdfs/Naukri-Jobspeak-June-2022.pdf
bpo_ites,2021-08,1994,Naukri-Jobspeak-June-2022.pdf,2022-06,https://www.infoedge.in/pdfs/News_Events_pdfs/Naukri-Jobspeak-June-2022.pdf
bpo_ites,2021-09,2229,Naukri-Jobspeak-June-2022.pdf,2022-06,https://www.infoedge.in/pdfs/News_Events_pdfs/Naukri-Jobspeak-June-2022.pdf
bpo_ites,2021-10,2044,Naukri-Jobspeak-June-2022.pdf,2022-06,https://www.infoedge.in/pdfs/News_Events_pdfs/Naukri-Jobspeak-June-2022.pdf
bpo_ites,2021-11,1771,Naukri-Jobspeak-June-2022.pdf,2022-06,https://www.infoedge.in/pdfs/News_Events_pdfs/Naukri-Jobspeak-June-2022.pdf
bpo_ites,2021-12,1567,Naukri-Jobspeak-June-2022.pdf,2022-06,https://www.infoedge.in/pdfs/News_Events_pdfs/Naukri-Jobspeak-June-2022.pdf
bpo_ites,2022-01,1987,Naukri-Jobspeak-June-2022.pdf,2022-06,https://www.infoedge.in/pdfs/News_Events_pdfs/Naukri-Jobspeak-June-2022.pdf
bpo_ites,2022-02,2468,Naukri-Jobspeak-June-2022.pdf,2022-06,https://www.infoedge.in/pdfs/News_Events_pdfs/Naukri-Jobspeak-June-2022.pdf
bpo_ites,2022-03,2458,Naukri-Jobspeak-June-2022.pdf,2022-06,https://www.infoedge.in/pdfs/News_Events_pdfs/Naukri-Jobspeak-June-2022.pdf
bpo_ites,2022-04,2659,Naukri-Jobspeak-June-2022.pdf,2022-06,https://www.infoedge.in/pdfs/News_Events_pdfs/Naukri-Jobspeak-June-2022.pdf
bpo_ites,2022-05,2617,Naukri-Jobspeak-June-2022.pdf,2022-06,https://www.infoedge.in/pdfs/News_Events_pdfs/Naukri-Jobspeak-June-2022.pdf
bpo_ites,2022-06,2600,Naukri-Jobspeak-June-2022.pdf,2022-06,https://www.infoedge.in/pdfs/News_Events_pdfs/Naukri-Jobspeak-June-2022.pdf
bpo_ites,2022-06,2600,Naukri-Jobspeak-June-2023.pdf,2023-06,https://www.infoedge.in/pdfs/News_Events_pdfs/Naukri-Jobspeak-June-2023.pdf
bpo_ites,2022-07,2587,Naukri-Jobspeak-June-2023.pdf,2023-06,https://www.infoedge.in/pdfs/News_Events_pdfs/Naukri-Jobspeak-June-2023.pdf
bpo_ites,2022-08,2325,Naukri-Jobspeak-June-2023.pdf,2023-06,https://www.infoedge.in/pdfs/News_Events_pdfs/Naukri-Jobspeak-June-2023.pdf
bpo_ites,2022-09,2619,Naukri-Jobspeak-June-2023.pdf,2023-06,https://www.infoedge.in/pdfs/News_Events_pdfs/Naukri-Jobspeak-June-2023.pdf
bpo_ites,2022-10,2131,Naukri-Jobspeak-June-2023.pdf,2023-06,https://www.infoedge.in/pdfs/News_Events_pdfs/Naukri-Jobspeak-June-2023.pdf
bpo_ites,2022-11,2511,Naukri-Jobspeak-June-2023.pdf,2023-06,https://www.infoedge.in/pdfs/News_Events_pdfs/Naukri-Jobspeak-June-2023.pdf
bpo_ites,2022-12,2249,Naukri-Jobspeak-June-2023.pdf,2023-06,https://www.infoedge.in/pdfs/News_Events_pdfs/Naukri-Jobspeak-June-2023.pdf
bpo_ites,2023-01,2303,Naukri-Jobspeak-June-2023.pdf,2023-06,https://www.infoedge.in/pdfs/News_Events_pdfs/Naukri-Jobspeak-June-2023.pdf
bpo_ites,2023-02,2456,Naukri-Jobspeak-June-2023.pdf,2023-06,https://www.infoedge.in/pdfs/News_Events_pdfs/Naukri-Jobspeak-June-2023.pdf
bpo_ites,2023-03,2415,Naukri-Jobspeak-June-2023.pdf,2023-06,https://www.infoedge.in/pdfs/News_Events_pdfs/Naukri-Jobspeak-June-2023.pdf
bpo_ites,2023-04,2186,Naukri-Jobspeak-June-2023.pdf,2023-06,https://www.infoedge.in/pdfs/News_Events_pdfs/Naukri-Jobspeak-June-2023.pdf
bpo_ites,2023-05,2256,Naukri-Jobspeak-June-2023.pdf,2023-06,https://www.infoedge.in/pdfs/News_Events_pdfs/Naukri-Jobspeak-June-2023.pdf
bpo_ites,2023-06,2163,Naukri-Jobspeak-June-2023.pdf,2023-06,https://www.infoedge.in/pdfs/News_Events_pdfs/Naukri-Jobspeak-June-2023.pdf
it_software,2022-06,5069,Naukri-Jobspeak-June-2023.pdf,2023-06,https://www.infoedge.in/pdfs/News_Events_pdfs/Naukri-Jobspeak-June-2023.pdf
it_software,2022-07,5872,Naukri-Jobspeak-June-2023.pdf,2023-06,https://www.infoedge.in/pdfs/News_Events_pdfs/Naukri-Jobspeak-June-2023.pdf
it_software,2022-08,4881,Naukri-Jobspeak-June-2023.pdf,2023-06,https://www.infoedge.in/pdfs/News_Events_pdfs/Naukri-Jobspeak-June-2023.pdf
it_software,2022-09,5283,Naukri-Jobspeak-June-2023.pdf,2023-06,https://www.infoedge.in/pdfs/News_Events_pdfs/Naukri-Jobspeak-June-2023.pdf
it_software,2022-10,3825,Naukri-Jobspeak-June-2023.pdf,2023-06,https://www.infoedge.in/pdfs/News_Events_pdfs/Naukri-Jobspeak-June-2023.pdf
it_software,2022-11,4674,Naukri-Jobspeak-June-2023.pdf,2023-06,https://www.infoedge.in/pdfs/News_Events_pdfs/Naukri-Jobspeak-June-2023.pdf
it_software,2022-12,4087,Naukri-Jobspeak-June-2023.pdf,2023-06,https://www.infoedge.in/pdfs/News_Events_pdfs/Naukri-Jobspeak-June-2023.pdf
it_software,2023-01,4010,Naukri-Jobspeak-June-2023.pdf,2023-06,https://www.infoedge.in/pdfs/News_Events_pdfs/Naukri-Jobspeak-June-2023.pdf
it_software,2023-02,4428,Naukri-Jobspeak-June-2023.pdf,2023-06,https://www.infoedge.in/pdfs/News_Events_pdfs/Naukri-Jobspeak-June-2023.pdf
it_software,2023-03,4147,Naukri-Jobspeak-June-2023.pdf,2023-06,https://www.infoedge.in/pdfs/News_Events_pdfs/Naukri-Jobspeak-June-2023.pdf
it_software,2023-04,3392,Naukri-Jobspeak-June-2023.pdf,2023-06,https://www.infoedge.in/pdfs/News_Events_pdfs/Naukri-Jobspeak-June-2023.pdf
it_software,2023-05,3618,Naukri-Jobspeak-June-2023.pdf,2023-06,https://www.infoedge.in/pdfs/News_Events_pdfs/Naukri-Jobspeak-June-2023.pdf
it_software,2023-06,3511,Naukri-Jobspeak-June-2023.pdf,2023-06,https://www.infoedge.in/pdfs/News_Events_pdfs/Naukri-Jobspeak-June-2023.pdf
exp_0_3,2022-06,3105,Naukri-Jobspeak-June-2023.pdf,2023-06,https://www.infoedge.in/pdfs/News_Events_pdfs/Naukri-Jobspeak-June-2023.pdf
exp_0_3,2022-07,3266,Naukri-Jobspeak-June-2023.pdf,2023-06,https://www.infoedge.in/pdfs/News_Events_pdfs/Naukri-Jobspeak-June-2023.pdf
exp_0_3,2022-08,2999,Naukri-Jobspeak-June-2023.pdf,2023-06,https://www.infoedge.in/pdfs/News_Events_pdfs/Naukri-Jobspeak-June-2023.pdf
exp_0_3,2022-09,3265,Naukri-Jobspeak-June-2023.pdf,2023-06,https://www.infoedge.in/pdfs/News_Events_pdfs/Naukri-Jobspeak-June-2023.pdf
exp_0_3,2022-10,2642,Naukri-Jobspeak-June-2023.pdf,2023-06,https://www.infoedge.in/pdfs/News_Events_pdfs/Naukri-Jobspeak-June-2023.pdf
exp_0_3,2022-11,3253,Naukri-Jobspeak-June-2023.pdf,2023-06,https://www.infoedge.in/pdfs/News_Events_pdfs/Naukri-Jobspeak-June-2023.pdf
exp_0_3,2022-12,3106,Naukri-Jobspeak-June-2023.pdf,2023-06,https://www.infoedge.in/pdfs/News_Events_pdfs/Naukri-Jobspeak-June-2023.pdf
exp_0_3,2023-01,2926,Naukri-Jobspeak-June-2023.pdf,2023-06,https://www.infoedge.in/pdfs/News_Events_pdfs/Naukri-Jobspeak-June-2023.pdf
exp_0_3,2023-02,3073,Naukri-Jobspeak-June-2023.pdf,2023-06,https://www.infoedge.in/pdfs/News_Events_pdfs/Naukri-Jobspeak-June-2023.pdf
exp_0_3,2023-03,3144,Naukri-Jobspeak-June-2023.pdf,2023-06,https://www.infoedge.in/pdfs/News_Events_pdfs/Naukri-Jobspeak-June-2023.pdf
exp_0_3,2023-04,2834,Naukri-Jobspeak-June-2023.pdf,2023-06,https://www.infoedge.in/pdfs/News_Events_pdfs/Naukri-Jobspeak-June-2023.pdf
exp_0_3,2023-05,2945,Naukri-Jobspeak-June-2023.pdf,2023-06,https://www.infoedge.in/pdfs/News_Events_pdfs/Naukri-Jobspeak-June-2023.pdf
exp_0_3,2023-06,2890,Naukri-Jobspeak-June-2023.pdf,2023-06,https://www.infoedge.in/pdfs/News_Events_pdfs/Naukri-Jobspeak-June-2023.pdf
exp_4_7,2022-06,3072,Naukri-Jobspeak-June-2023.pdf,2023-06,https://www.infoedge.in/pdfs/News_Events_pdfs/Naukri-Jobspeak-June-2023.pdf
exp_4_7,2022-07,3386,Naukri-Jobspeak-June-2023.pdf,2023-06,https://www.infoedge.in/pdfs/News_Events_pdfs/Naukri-Jobspeak-June-2023.pdf
exp_4_7,2022-08,3053,Naukri-Jobspeak-June-2023.pdf,2023-06,https://www.infoedge.in/pdfs/News_Events_pdfs/Naukri-Jobspeak-June-2023.pdf
exp_4_7,2022-09,3346,Naukri-Jobspeak-June-2023.pdf,2023-06,https://www.infoedge.in/pdfs/News_Events_pdfs/Naukri-Jobspeak-June-2023.pdf
exp_4_7,2022-10,2632,Naukri-Jobspeak-June-2023.pdf,2023-06,https://www.infoedge.in/pdfs/News_Events_pdfs/Naukri-Jobspeak-June-2023.pdf
exp_4_7,2022-11,3293,Naukri-Jobspeak-June-2023.pdf,2023-06,https://www.infoedge.in/pdfs/News_Events_pdfs/Naukri-Jobspeak-June-2023.pdf
exp_4_7,2022-12,2998,Naukri-Jobspeak-June-2023.pdf,2023-06,https://www.infoedge.in/pdfs/News_Events_pdfs/Naukri-Jobspeak-June-2023.pdf
exp_4_7,2023-01,2871,Naukri-Jobspeak-June-2023.pdf,2023-06,https://www.infoedge.in/pdfs/News_Events_pdfs/Naukri-Jobspeak-June-2023.pdf
exp_4_7,2023-02,3104,Naukri-Jobspeak-June-2023.pdf,2023-06,https://www.infoedge.in/pdfs/News_Events_pdfs/Naukri-Jobspeak-June-2023.pdf
exp_4_7,2023-03,3010,Naukri-Jobspeak-June-2023.pdf,2023-06,https://www.infoedge.in/pdfs/News_Events_pdfs/Naukri-Jobspeak-June-2023.pdf
exp_4_7,2023-04,2725,Naukri-Jobspeak-June-2023.pdf,2023-06,https://www.infoedge.in/pdfs/News_Events_pdfs/Naukri-Jobspeak-June-2023.pdf
exp_4_7,2023-05,2846,Naukri-Jobspeak-June-2023.pdf,2023-06,https://www.infoedge.in/pdfs/News_Events_pdfs/Naukri-Jobspeak-June-2023.pdf
exp_4_7,2023-06,2770,Naukri-Jobspeak-June-2023.pdf,2023-06,https://www.infoedge.in/pdfs/News_Events_pdfs/Naukri-Jobspeak-June-2023.pdf
exp_8_12,2022-06,2663,Naukri-Jobspeak-June-2023.pdf,2023-06,https://www.infoedge.in/pdfs/News_Events_pdfs/Naukri-Jobspeak-June-2023.pdf
exp_8_12,2022-07,3093,Naukri-Jobspeak-June-2023.pdf,2023-06,https://www.infoedge.in/pdfs/News_Events_pdfs/Naukri-Jobspeak-June-2023.pdf
exp_8_12,2022-08,2644,Naukri-Jobspeak-June-2023.pdf,2023-06,https://www.infoedge.in/pdfs/News_Events_pdfs/Naukri-Jobspeak-June-2023.pdf
exp_8_12,2022-09,2914,Naukri-Jobspeak-June-2023.pdf,2023-06,https://www.infoedge.in/pdfs/News_Events_pdfs/Naukri-Jobspeak-June-2023.pdf
exp_8_12,2022-10,2229,Naukri-Jobspeak-June-2023.pdf,2023-06,https://www.infoedge.in/pdfs/News_Events_pdfs/Naukri-Jobspeak-June-2023.pdf
exp_8_12,2022-11,2864,Naukri-Jobspeak-June-2023.pdf,2023-06,https://www.infoedge.in/pdfs/News_Events_pdfs/Naukri-Jobspeak-June-2023.pdf
exp_8_12,2022-12,2676,Naukri-Jobspeak-June-2023.pdf,2023-06,https://www.infoedge.in/pdfs/News_Events_pdfs/Naukri-Jobspeak-June-2023.pdf
exp_8_12,2023-01,2568,Naukri-Jobspeak-June-2023.pdf,2023-06,https://www.infoedge.in/pdfs/News_Events_pdfs/Naukri-Jobspeak-June-2023.pdf
exp_8_12,2023-02,2885,Naukri-Jobspeak-June-2023.pdf,2023-06,https://www.infoedge.in/pdfs/News_Events_pdfs/Naukri-Jobspeak-June-2023.pdf
exp_8_12,2023-03,2859,Naukri-Jobspeak-June-2023.pdf,2023-06,https://www.infoedge.in/pdfs/News_Events_pdfs/Naukri-Jobspeak-June-2023.pdf
exp_8_12,2023-04,2625,Naukri-Jobspeak-June-2023.pdf,2023-06,https://www.infoedge.in/pdfs/News_Events_pdfs/Naukri-Jobspeak-June-2023.pdf
exp_8_12,2023-05,2774,Naukri-Jobspeak-June-2023.pdf,2023-06,https://www.infoedge.in/pdfs/News_Events_pdfs/Naukri-Jobspeak-June-2023.pdf
exp_8_12,2023-06,2724,Naukri-Jobspeak-June-2023.pdf,2023-06,https://www.infoedge.in/pdfs/News_Events_pdfs/Naukri-Jobspeak-June-2023.pdf
exp_13_16,2022-06,2008,Naukri-Jobspeak-June-2023.pdf,2023-06,https://www.infoedge.in/pdfs/News_Events_pdfs/Naukri-Jobspeak-June-2023.pdf
exp_13_16,2022-07,2298,Naukri-Jobspeak-June-2023.pdf,2023-06,https://www.infoedge.in/pdfs/News_Events_pdfs/Naukri-Jobspeak-June-2023.pdf
exp_13_16,2022-08,1928,Naukri-Jobspeak-June-2023.pdf,2023-06,https://www.infoedge.in/pdfs/News_Events_pdfs/Naukri-Jobspeak-June-2023.pdf
exp_13_16,2022-09,2178,Naukri-Jobspeak-June-2023.pdf,2023-06,https://www.infoedge.in/pdfs/News_Events_pdfs/Naukri-Jobspeak-June-2023.pdf
exp_13_16,2022-10,1771,Naukri-Jobspeak-June-2023.pdf,2023-06,https://www.infoedge.in/pdfs/News_Events_pdfs/Naukri-Jobspeak-June-2023.pdf
exp_13_16,2022-11,2342,Naukri-Jobspeak-June-2023.pdf,2023-06,https://www.infoedge.in/pdfs/News_Events_pdfs/Naukri-Jobspeak-June-2023.pdf
exp_13_16,2022-12,2231,Naukri-Jobspeak-June-2023.pdf,2023-06,https://www.infoedge.in/pdfs/News_Events_pdfs/Naukri-Jobspeak-June-2023.pdf
exp_13_16,2023-01,2159,Naukri-Jobspeak-June-2023.pdf,2023-06,https://www.infoedge.in/pdfs/News_Events_pdfs/Naukri-Jobspeak-June-2023.pdf
exp_13_16,2023-02,2362,Naukri-Jobspeak-June-2023.pdf,2023-06,https://www.infoedge.in/pdfs/News_Events_pdfs/Naukri-Jobspeak-June-2023.pdf
exp_13_16,2023-03,2389,Naukri-Jobspeak-June-2023.pdf,2023-06,https://www.infoedge.in/pdfs/News_Events_pdfs/Naukri-Jobspeak-June-2023.pdf
exp_13_16,2023-04,2217,Naukri-Jobspeak-June-2023.pdf,2023-06,https://www.infoedge.in/pdfs/News_Events_pdfs/Naukri-Jobspeak-June-2023.pdf
exp_13_16,2023-05,2370,Naukri-Jobspeak-June-2023.pdf,2023-06,https://www.infoedge.in/pdfs/News_Events_pdfs/Naukri-Jobspeak-June-2023.pdf
exp_13_16,2023-06,2379,Naukri-Jobspeak-June-2023.pdf,2023-06,https://www.infoedge.in/pdfs/News_Events_pdfs/Naukri-Jobspeak-June-2023.pdf
exp_16plus,2022-06,1722,Naukri-Jobspeak-June-2023.pdf,2023-06,https://www.infoedge.in/pdfs/News_Events_pdfs/Naukri-Jobspeak-June-2023.pdf
exp_16plus,2022-07,2013,Naukri-Jobspeak-June-2023.pdf,2023-06,https://www.infoedge.in/pdfs/News_Events_pdfs/Naukri-Jobspeak-June-2023.pdf
exp_16plus,2022-08,1693,Naukri-Jobspeak-June-2023.pdf,2023-06,https://www.infoedge.in/pdfs/News_Events_pdfs/Naukri-Jobspeak-June-2023.pdf
exp_16plus,2022-09,1946,Naukri-Jobspeak-June-2023.pdf,2023-06,https://www.infoedge.in/pdfs/News_Events_pdfs/Naukri-Jobspeak-June-2023.pdf
exp_16plus,2022-10,1613,Naukri-Jobspeak-June-2023.pdf,2023-06,https://www.infoedge.in/pdfs/News_Events_pdfs/Naukri-Jobspeak-June-2023.pdf
exp_16plus,2022-11,2055,Naukri-Jobspeak-June-2023.pdf,2023-06,https://www.infoedge.in/pdfs/News_Events_pdfs/Naukri-Jobspeak-June-2023.pdf
exp_16plus,2022-12,2184,Naukri-Jobspeak-June-2023.pdf,2023-06,https://www.infoedge.in/pdfs/News_Events_pdfs/Naukri-Jobspeak-June-2023.pdf
exp_16plus,2023-01,2051,Naukri-Jobspeak-June-2023.pdf,2023-06,https://www.infoedge.in/pdfs/News_Events_pdfs/Naukri-Jobspeak-June-2023.pdf
exp_16plus,2023-02,2273,Naukri-Jobspeak-June-2023.pdf,2023-06,https://www.infoedge.in/pdfs/News_Events_pdfs/Naukri-Jobspeak-June-2023.pdf
exp_16plus,2023-03,2373,Naukri-Jobspeak-June-2023.pdf,2023-06,https://www.infoedge.in/pdfs/News_Events_pdfs/Naukri-Jobspeak-June-2023.pdf
exp_16plus,2023-04,2230,Naukri-Jobspeak-June-2023.pdf,2023-06,https://www.infoedge.in/pdfs/News_Events_pdfs/Naukri-Jobspeak-June-2023.pdf
exp_16plus,2023-05,2355,Naukri-Jobspeak-June-2023.pdf,2023-06,https://www.infoedge.in/pdfs/News_Events_pdfs/Naukri-Jobspeak-June-2023.pdf
exp_16plus,2023-06,2370,Naukri-Jobspeak-June-2023.pdf,2023-06,https://www.infoedge.in/pdfs/News_Events_pdfs/Naukri-Jobspeak-June-2023.pdf
bpo_ites,2025-06,2339,Naukri-Jobspeak-June-2026.pdf,2026-06,https://www.infoedge.in/pdfs/News_Events_pdfs/Naukri-Jobspeak-June-2026.pdf
bpo_ites,2025-07,2450,Naukri-Jobspeak-June-2026.pdf,2026-06,https://www.infoedge.in/pdfs/News_Events_pdfs/Naukri-Jobspeak-June-2026.pdf
bpo_ites,2025-08,2332,Naukri-Jobspeak-June-2026.pdf,2026-06,https://www.infoedge.in/pdfs/News_Events_pdfs/Naukri-Jobspeak-June-2026.pdf
bpo_ites,2025-09,2532,Naukri-Jobspeak-June-2026.pdf,2026-06,https://www.infoedge.in/pdfs/News_Events_pdfs/Naukri-Jobspeak-June-2026.pdf
bpo_ites,2025-10,2193,Naukri-Jobspeak-June-2026.pdf,2026-06,https://www.infoedge.in/pdfs/News_Events_pdfs/Naukri-Jobspeak-June-2026.pdf
bpo_ites,2025-11,2475,Naukri-Jobspeak-June-2026.pdf,2026-06,https://www.infoedge.in/pdfs/News_Events_pdfs/Naukri-Jobspeak-June-2026.pdf
bpo_ites,2025-12,2460,Naukri-Jobspeak-June-2026.pdf,2026-06,https://www.infoedge.in/pdfs/News_Events_pdfs/Naukri-Jobspeak-June-2026.pdf
bpo_ites,2026-01,2306,Naukri-Jobspeak-June-2026.pdf,2026-06,https://www.infoedge.in/pdfs/News_Events_pdfs/Naukri-Jobspeak-June-2026.pdf
bpo_ites,2026-02,2643,Naukri-Jobspeak-June-2026.pdf,2026-06,https://www.infoedge.in/pdfs/News_Events_pdfs/Naukri-Jobspeak-June-2026.pdf
bpo_ites,2026-03,2477,Naukri-Jobspeak-June-2026.pdf,2026-06,https://www.infoedge.in/pdfs/News_Events_pdfs/Naukri-Jobspeak-June-2026.pdf
bpo_ites,2026-04,2672,Naukri-Jobspeak-June-2026.pdf,2026-06,https://www.infoedge.in/pdfs/News_Events_pdfs/Naukri-Jobspeak-June-2026.pdf
bpo_ites,2026-05,2483,Naukri-Jobspeak-June-2026.pdf,2026-06,https://www.infoedge.in/pdfs/News_Events_pdfs/Naukri-Jobspeak-June-2026.pdf
bpo_ites,2026-06,2422,Naukri-Jobspeak-June-2026.pdf,2026-06,https://www.infoedge.in/pdfs/News_Events_pdfs/Naukri-Jobspeak-June-2026.pdf
it_software,2025-06,3523,Naukri-Jobspeak-June-2026.pdf,2026-06,https://www.infoedge.in/pdfs/News_Events_pdfs/Naukri-Jobspeak-June-2026.pdf
it_software,2025-07,3688,Naukri-Jobspeak-June-2026.pdf,2026-06,https://www.infoedge.in/pdfs/News_Events_pdfs/Naukri-Jobspeak-June-2026.pdf
it_software,2025-08,3111,Naukri-Jobspeak-June-2026.pdf,2026-06,https://www.infoedge.in/pdfs/News_Events_pdfs/Naukri-Jobspeak-June-2026.pdf
it_software,2025-09,3585,Naukri-Jobspeak-June-2026.pdf,2026-06,https://www.infoedge.in/pdfs/News_Events_pdfs/Naukri-Jobspeak-June-2026.pdf
it_software,2025-10,2967,Naukri-Jobspeak-June-2026.pdf,2026-06,https://www.infoedge.in/pdfs/News_Events_pdfs/Naukri-Jobspeak-June-2026.pdf
it_software,2025-11,3565,Naukri-Jobspeak-June-2026.pdf,2026-06,https://www.infoedge.in/pdfs/News_Events_pdfs/Naukri-Jobspeak-June-2026.pdf
it_software,2025-12,3531,Naukri-Jobspeak-June-2026.pdf,2026-06,https://www.infoedge.in/pdfs/News_Events_pdfs/Naukri-Jobspeak-June-2026.pdf
it_software,2026-01,3119,Naukri-Jobspeak-June-2026.pdf,2026-06,https://www.infoedge.in/pdfs/News_Events_pdfs/Naukri-Jobspeak-June-2026.pdf
it_software,2026-02,3948,Naukri-Jobspeak-June-2026.pdf,2026-06,https://www.infoedge.in/pdfs/News_Events_pdfs/Naukri-Jobspeak-June-2026.pdf
it_software,2026-03,3462,Naukri-Jobspeak-June-2026.pdf,2026-06,https://www.infoedge.in/pdfs/News_Events_pdfs/Naukri-Jobspeak-June-2026.pdf
it_software,2026-04,3605,Naukri-Jobspeak-June-2026.pdf,2026-06,https://www.infoedge.in/pdfs/News_Events_pdfs/Naukri-Jobspeak-June-2026.pdf
it_software,2026-05,3205,Naukri-Jobspeak-June-2026.pdf,2026-06,https://www.infoedge.in/pdfs/News_Events_pdfs/Naukri-Jobspeak-June-2026.pdf
it_software,2026-06,3415,Naukri-Jobspeak-June-2026.pdf,2026-06,https://www.infoedge.in/pdfs/News_Events_pdfs/Naukri-Jobspeak-June-2026.pdf
it_software,2021-03,4376,Naukri-Jobspeak-Mar-2022.pdf,2022-03,https://www.infoedge.in/pdfs/News_Events_pdfs/Naukri-Jobspeak-Mar-2022.pdf
it_software,2021-04,3859,Naukri-Jobspeak-Mar-2022.pdf,2022-03,https://www.infoedge.in/pdfs/News_Events_pdfs/Naukri-Jobspeak-Mar-2022.pdf
it_software,2021-05,4409,Naukri-Jobspeak-Mar-2022.pdf,2022-03,https://www.infoedge.in/pdfs/News_Events_pdfs/Naukri-Jobspeak-Mar-2022.pdf
it_software,2021-06,4624,Naukri-Jobspeak-Mar-2022.pdf,2022-03,https://www.infoedge.in/pdfs/News_Events_pdfs/Naukri-Jobspeak-Mar-2022.pdf
it_software,2021-07,5466,Naukri-Jobspeak-Mar-2022.pdf,2022-03,https://www.infoedge.in/pdfs/News_Events_pdfs/Naukri-Jobspeak-Mar-2022.pdf
it_software,2021-08,5422,Naukri-Jobspeak-Mar-2022.pdf,2022-03,https://www.infoedge.in/pdfs/News_Events_pdfs/Naukri-Jobspeak-Mar-2022.pdf
it_software,2021-09,5648,Naukri-Jobspeak-Mar-2022.pdf,2022-03,https://www.infoedge.in/pdfs/News_Events_pdfs/Naukri-Jobspeak-Mar-2022.pdf
it_software,2021-10,4686,Naukri-Jobspeak-Mar-2022.pdf,2022-03,https://www.infoedge.in/pdfs/News_Events_pdfs/Naukri-Jobspeak-Mar-2022.pdf
it_software,2021-11,4155,Naukri-Jobspeak-Mar-2022.pdf,2022-03,https://www.infoedge.in/pdfs/News_Events_pdfs/Naukri-Jobspeak-Mar-2022.pdf
it_software,2021-12,3334,Naukri-Jobspeak-Mar-2022.pdf,2022-03,https://www.infoedge.in/pdfs/News_Events_pdfs/Naukri-Jobspeak-Mar-2022.pdf
it_software,2022-01,5370,Naukri-Jobspeak-Mar-2022.pdf,2022-03,https://www.infoedge.in/pdfs/News_Events_pdfs/Naukri-Jobspeak-Mar-2022.pdf
it_software,2022-02,5560,Naukri-Jobspeak-Mar-2022.pdf,2022-03,https://www.infoedge.in/pdfs/News_Events_pdfs/Naukri-Jobspeak-Mar-2022.pdf
it_software,2022-03,4983,Naukri-Jobspeak-Mar-2022.pdf,2022-03,https://www.infoedge.in/pdfs/News_Events_pdfs/Naukri-Jobspeak-Mar-2022.pdf
bpo_ites,2021-03,2201,Naukri-Jobspeak-Mar-2022.pdf,2022-03,https://www.infoedge.in/pdfs/News_Events_pdfs/Naukri-Jobspeak-Mar-2022.pdf
bpo_ites,2021-04,1838,Naukri-Jobspeak-Mar-2022.pdf,2022-03,https://www.infoedge.in/pdfs/News_Events_pdfs/Naukri-Jobspeak-Mar-2022.pdf
bpo_ites,2021-05,1655,Naukri-Jobspeak-Mar-2022.pdf,2022-03,https://www.infoedge.in/pdfs/News_Events_pdfs/Naukri-Jobspeak-Mar-2022.pdf
bpo_ites,2021-06,1891,Naukri-Jobspeak-Mar-2022.pdf,2022-03,https://www.infoedge.in/pdfs/News_Events_pdfs/Naukri-Jobspeak-Mar-2022.pdf
bpo_ites,2021-07,1923,Naukri-Jobspeak-Mar-2022.pdf,2022-03,https://www.infoedge.in/pdfs/News_Events_pdfs/Naukri-Jobspeak-Mar-2022.pdf
bpo_ites,2021-08,1994,Naukri-Jobspeak-Mar-2022.pdf,2022-03,https://www.infoedge.in/pdfs/News_Events_pdfs/Naukri-Jobspeak-Mar-2022.pdf
bpo_ites,2021-09,2229,Naukri-Jobspeak-Mar-2022.pdf,2022-03,https://www.infoedge.in/pdfs/News_Events_pdfs/Naukri-Jobspeak-Mar-2022.pdf
bpo_ites,2021-10,2044,Naukri-Jobspeak-Mar-2022.pdf,2022-03,https://www.infoedge.in/pdfs/News_Events_pdfs/Naukri-Jobspeak-Mar-2022.pdf
bpo_ites,2021-11,1771,Naukri-Jobspeak-Mar-2022.pdf,2022-03,https://www.infoedge.in/pdfs/News_Events_pdfs/Naukri-Jobspeak-Mar-2022.pdf
bpo_ites,2021-12,1567,Naukri-Jobspeak-Mar-2022.pdf,2022-03,https://www.infoedge.in/pdfs/News_Events_pdfs/Naukri-Jobspeak-Mar-2022.pdf
bpo_ites,2022-01,1987,Naukri-Jobspeak-Mar-2022.pdf,2022-03,https://www.infoedge.in/pdfs/News_Events_pdfs/Naukri-Jobspeak-Mar-2022.pdf
bpo_ites,2022-02,2468,Naukri-Jobspeak-Mar-2022.pdf,2022-03,https://www.infoedge.in/pdfs/News_Events_pdfs/Naukri-Jobspeak-Mar-2022.pdf
bpo_ites,2022-03,2458,Naukri-Jobspeak-Mar-2022.pdf,2022-03,https://www.infoedge.in/pdfs/News_Events_pdfs/Naukri-Jobspeak-Mar-2022.pdf
bpo_ites,2023-03,2415,Naukri-Jobspeak-Mar-2024.pdf,2024-03,https://www.infoedge.in/pdfs/News_Events_pdfs/Naukri-Jobspeak-Mar-2024.pdf
bpo_ites,2023-04,2186,Naukri-Jobspeak-Mar-2024.pdf,2024-03,https://www.infoedge.in/pdfs/News_Events_pdfs/Naukri-Jobspeak-Mar-2024.pdf
bpo_ites,2023-05,2256,Naukri-Jobspeak-Mar-2024.pdf,2024-03,https://www.infoedge.in/pdfs/News_Events_pdfs/Naukri-Jobspeak-Mar-2024.pdf
bpo_ites,2023-06,2163,Naukri-Jobspeak-Mar-2024.pdf,2024-03,https://www.infoedge.in/pdfs/News_Events_pdfs/Naukri-Jobspeak-Mar-2024.pdf
bpo_ites,2023-07,2036,Naukri-Jobspeak-Mar-2024.pdf,2024-03,https://www.infoedge.in/pdfs/News_Events_pdfs/Naukri-Jobspeak-Mar-2024.pdf
bpo_ites,2023-08,2085,Naukri-Jobspeak-Mar-2024.pdf,2024-03,https://www.infoedge.in/pdfs/News_Events_pdfs/Naukri-Jobspeak-Mar-2024.pdf
bpo_ites,2023-09,1952,Naukri-Jobspeak-Mar-2024.pdf,2024-03,https://www.infoedge.in/pdfs/News_Events_pdfs/Naukri-Jobspeak-Mar-2024.pdf
bpo_ites,2023-10,2179,Naukri-Jobspeak-Mar-2024.pdf,2024-03,https://www.infoedge.in/pdfs/News_Events_pdfs/Naukri-Jobspeak-Mar-2024.pdf
bpo_ites,2023-11,2054,Naukri-Jobspeak-Mar-2024.pdf,2024-03,https://www.infoedge.in/pdfs/News_Events_pdfs/Naukri-Jobspeak-Mar-2024.pdf
bpo_ites,2023-12,1872,Naukri-Jobspeak-Mar-2024.pdf,2024-03,https://www.infoedge.in/pdfs/News_Events_pdfs/Naukri-Jobspeak-Mar-2024.pdf
bpo_ites,2024-01,1939,Naukri-Jobspeak-Mar-2024.pdf,2024-03,https://www.infoedge.in/pdfs/News_Events_pdfs/Naukri-Jobspeak-Mar-2024.pdf
bpo_ites,2024-02,2157,Naukri-Jobspeak-Mar-2024.pdf,2024-03,https://www.infoedge.in/pdfs/News_Events_pdfs/Naukri-Jobspeak-Mar-2024.pdf
bpo_ites,2024-03,2264,Naukri-Jobspeak-Mar-2024.pdf,2024-03,https://www.infoedge.in/pdfs/News_Events_pdfs/Naukri-Jobspeak-Mar-2024.pdf
it_software,2023-03,4147,Naukri-Jobspeak-Mar-2024.pdf,2024-03,https://www.infoedge.in/pdfs/News_Events_pdfs/Naukri-Jobspeak-Mar-2024.pdf
it_software,2023-04,3392,Naukri-Jobspeak-Mar-2024.pdf,2024-03,https://www.infoedge.in/pdfs/News_Events_pdfs/Naukri-Jobspeak-Mar-2024.pdf
it_software,2023-05,3618,Naukri-Jobspeak-Mar-2024.pdf,2024-03,https://www.infoedge.in/pdfs/News_Events_pdfs/Naukri-Jobspeak-Mar-2024.pdf
it_software,2023-06,3511,Naukri-Jobspeak-Mar-2024.pdf,2024-03,https://www.infoedge.in/pdfs/News_Events_pdfs/Naukri-Jobspeak-Mar-2024.pdf
it_software,2023-07,3187,Naukri-Jobspeak-Mar-2024.pdf,2024-03,https://www.infoedge.in/pdfs/News_Events_pdfs/Naukri-Jobspeak-Mar-2024.pdf
it_software,2023-08,3278,Naukri-Jobspeak-Mar-2024.pdf,2024-03,https://www.infoedge.in/pdfs/News_Events_pdfs/Naukri-Jobspeak-Mar-2024.pdf
it_software,2023-09,2989,Naukri-Jobspeak-Mar-2024.pdf,2024-03,https://www.infoedge.in/pdfs/News_Events_pdfs/Naukri-Jobspeak-Mar-2024.pdf
it_software,2023-10,3302,Naukri-Jobspeak-Mar-2024.pdf,2024-03,https://www.infoedge.in/pdfs/News_Events_pdfs/Naukri-Jobspeak-Mar-2024.pdf
it_software,2023-11,3349,Naukri-Jobspeak-Mar-2024.pdf,2024-03,https://www.infoedge.in/pdfs/News_Events_pdfs/Naukri-Jobspeak-Mar-2024.pdf
it_software,2023-12,3210,Naukri-Jobspeak-Mar-2024.pdf,2024-03,https://www.infoedge.in/pdfs/News_Events_pdfs/Naukri-Jobspeak-Mar-2024.pdf
it_software,2024-01,3233,Naukri-Jobspeak-Mar-2024.pdf,2024-03,https://www.infoedge.in/pdfs/News_Events_pdfs/Naukri-Jobspeak-Mar-2024.pdf
it_software,2024-02,3748,Naukri-Jobspeak-Mar-2024.pdf,2024-03,https://www.infoedge.in/pdfs/News_Events_pdfs/Naukri-Jobspeak-Mar-2024.pdf
it_software,2024-03,3501,Naukri-Jobspeak-Mar-2024.pdf,2024-03,https://www.infoedge.in/pdfs/News_Events_pdfs/Naukri-Jobspeak-Mar-2024.pdf
exp_0_3,2023-03,3144,Naukri-Jobspeak-Mar-2024.pdf,2024-03,https://www.infoedge.in/pdfs/News_Events_pdfs/Naukri-Jobspeak-Mar-2024.pdf
exp_0_3,2023-04,2834,Naukri-Jobspeak-Mar-2024.pdf,2024-03,https://www.infoedge.in/pdfs/News_Events_pdfs/Naukri-Jobspeak-Mar-2024.pdf
exp_0_3,2023-05,2945,Naukri-Jobspeak-Mar-2024.pdf,2024-03,https://www.infoedge.in/pdfs/News_Events_pdfs/Naukri-Jobspeak-Mar-2024.pdf
exp_0_3,2023-06,2890,Naukri-Jobspeak-Mar-2024.pdf,2024-03,https://www.infoedge.in/pdfs/News_Events_pdfs/Naukri-Jobspeak-Mar-2024.pdf
exp_0_3,2023-07,2672,Naukri-Jobspeak-Mar-2024.pdf,2024-03,https://www.infoedge.in/pdfs/News_Events_pdfs/Naukri-Jobspeak-Mar-2024.pdf
exp_0_3,2023-08,2769,Naukri-Jobspeak-Mar-2024.pdf,2024-03,https://www.infoedge.in/pdfs/News_Events_pdfs/Naukri-Jobspeak-Mar-2024.pdf
exp_0_3,2023-09,2933,Naukri-Jobspeak-Mar-2024.pdf,2024-03,https://www.infoedge.in/pdfs/News_Events_pdfs/Naukri-Jobspeak-Mar-2024.pdf
exp_0_3,2023-10,2642,Naukri-Jobspeak-Mar-2024.pdf,2024-03,https://www.infoedge.in/pdfs/News_Events_pdfs/Naukri-Jobspeak-Mar-2024.pdf
exp_0_3,2023-11,2484,Naukri-Jobspeak-Mar-2024.pdf,2024-03,https://www.infoedge.in/pdfs/News_Events_pdfs/Naukri-Jobspeak-Mar-2024.pdf
exp_0_3,2023-12,2618,Naukri-Jobspeak-Mar-2024.pdf,2024-03,https://www.infoedge.in/pdfs/News_Events_pdfs/Naukri-Jobspeak-Mar-2024.pdf
exp_0_3,2024-01,2621,Naukri-Jobspeak-Mar-2024.pdf,2024-03,https://www.infoedge.in/pdfs/News_Events_pdfs/Naukri-Jobspeak-Mar-2024.pdf
exp_0_3,2024-02,2822,Naukri-Jobspeak-Mar-2024.pdf,2024-03,https://www.infoedge.in/pdfs/News_Events_pdfs/Naukri-Jobspeak-Mar-2024.pdf
exp_0_3,2024-03,2788,Naukri-Jobspeak-Mar-2024.pdf,2024-03,https://www.infoedge.in/pdfs/News_Events_pdfs/Naukri-Jobspeak-Mar-2024.pdf
exp_4_7,2023-03,3010,Naukri-Jobspeak-Mar-2024.pdf,2024-03,https://www.infoedge.in/pdfs/News_Events_pdfs/Naukri-Jobspeak-Mar-2024.pdf
exp_4_7,2023-04,2725,Naukri-Jobspeak-Mar-2024.pdf,2024-03,https://www.infoedge.in/pdfs/News_Events_pdfs/Naukri-Jobspeak-Mar-2024.pdf
exp_4_7,2023-05,2846,Naukri-Jobspeak-Mar-2024.pdf,2024-03,https://www.infoedge.in/pdfs/News_Events_pdfs/Naukri-Jobspeak-Mar-2024.pdf
exp_4_7,2023-06,2770,Naukri-Jobspeak-Mar-2024.pdf,2024-03,https://www.infoedge.in/pdfs/News_Events_pdfs/Naukri-Jobspeak-Mar-2024.pdf
exp_4_7,2023-07,2516,Naukri-Jobspeak-Mar-2024.pdf,2024-03,https://www.infoedge.in/pdfs/News_Events_pdfs/Naukri-Jobspeak-Mar-2024.pdf
exp_4_7,2023-08,2567,Naukri-Jobspeak-Mar-2024.pdf,2024-03,https://www.infoedge.in/pdfs/News_Events_pdfs/Naukri-Jobspeak-Mar-2024.pdf
exp_4_7,2023-09,2717,Naukri-Jobspeak-Mar-2024.pdf,2024-03,https://www.infoedge.in/pdfs/News_Events_pdfs/Naukri-Jobspeak-Mar-2024.pdf
exp_4_7,2023-10,2361,Naukri-Jobspeak-Mar-2024.pdf,2024-03,https://www.infoedge.in/pdfs/News_Events_pdfs/Naukri-Jobspeak-Mar-2024.pdf
exp_4_7,2023-11,2282,Naukri-Jobspeak-Mar-2024.pdf,2024-03,https://www.infoedge.in/pdfs/News_Events_pdfs/Naukri-Jobspeak-Mar-2024.pdf
exp_4_7,2023-12,2316,Naukri-Jobspeak-Mar-2024.pdf,2024-03,https://www.infoedge.in/pdfs/News_Events_pdfs/Naukri-Jobspeak-Mar-2024.pdf
exp_4_7,2024-01,2339,Naukri-Jobspeak-Mar-2024.pdf,2024-03,https://www.infoedge.in/pdfs/News_Events_pdfs/Naukri-Jobspeak-Mar-2024.pdf
exp_4_7,2024-02,2624,Naukri-Jobspeak-Mar-2024.pdf,2024-03,https://www.infoedge.in/pdfs/News_Events_pdfs/Naukri-Jobspeak-Mar-2024.pdf
exp_4_7,2024-03,2482,Naukri-Jobspeak-Mar-2024.pdf,2024-03,https://www.infoedge.in/pdfs/News_Events_pdfs/Naukri-Jobspeak-Mar-2024.pdf
exp_8_12,2023-03,2859,Naukri-Jobspeak-Mar-2024.pdf,2024-03,https://www.infoedge.in/pdfs/News_Events_pdfs/Naukri-Jobspeak-Mar-2024.pdf
exp_8_12,2023-04,2625,Naukri-Jobspeak-Mar-2024.pdf,2024-03,https://www.infoedge.in/pdfs/News_Events_pdfs/Naukri-Jobspeak-Mar-2024.pdf
exp_8_12,2023-05,2774,Naukri-Jobspeak-Mar-2024.pdf,2024-03,https://www.infoedge.in/pdfs/News_Events_pdfs/Naukri-Jobspeak-Mar-2024.pdf
exp_8_12,2023-06,2724,Naukri-Jobspeak-Mar-2024.pdf,2024-03,https://www.infoedge.in/pdfs/News_Events_pdfs/Naukri-Jobspeak-Mar-2024.pdf
exp_8_12,2023-07,2507,Naukri-Jobspeak-Mar-2024.pdf,2024-03,https://www.infoedge.in/pdfs/News_Events_pdfs/Naukri-Jobspeak-Mar-2024.pdf
exp_8_12,2023-08,2633,Naukri-Jobspeak-Mar-2024.pdf,2024-03,https://www.infoedge.in/pdfs/News_Events_pdfs/Naukri-Jobspeak-Mar-2024.pdf
exp_8_12,2023-09,2861,Naukri-Jobspeak-Mar-2024.pdf,2024-03,https://www.infoedge.in/pdfs/News_Events_pdfs/Naukri-Jobspeak-Mar-2024.pdf
exp_8_12,2023-10,2431,Naukri-Jobspeak-Mar-2024.pdf,2024-03,https://www.infoedge.in/pdfs/News_Events_pdfs/Naukri-Jobspeak-Mar-2024.pdf
exp_8_12,2023-11,2343,Naukri-Jobspeak-Mar-2024.pdf,2024-03,https://www.infoedge.in/pdfs/News_Events_pdfs/Naukri-Jobspeak-Mar-2024.pdf
exp_8_12,2023-12,2366,Naukri-Jobspeak-Mar-2024.pdf,2024-03,https://www.infoedge.in/pdfs/News_Events_pdfs/Naukri-Jobspeak-Mar-2024.pdf
exp_8_12,2024-01,2374,Naukri-Jobspeak-Mar-2024.pdf,2024-03,https://www.infoedge.in/pdfs/News_Events_pdfs/Naukri-Jobspeak-Mar-2024.pdf
exp_8_12,2024-02,2797,Naukri-Jobspeak-Mar-2024.pdf,2024-03,https://www.infoedge.in/pdfs/News_Events_pdfs/Naukri-Jobspeak-Mar-2024.pdf
exp_8_12,2024-03,2655,Naukri-Jobspeak-Mar-2024.pdf,2024-03,https://www.infoedge.in/pdfs/News_Events_pdfs/Naukri-Jobspeak-Mar-2024.pdf
exp_13_16,2023-03,2389,Naukri-Jobspeak-Mar-2024.pdf,2024-03,https://www.infoedge.in/pdfs/News_Events_pdfs/Naukri-Jobspeak-Mar-2024.pdf
exp_13_16,2023-04,2217,Naukri-Jobspeak-Mar-2024.pdf,2024-03,https://www.infoedge.in/pdfs/News_Events_pdfs/Naukri-Jobspeak-Mar-2024.pdf
exp_13_16,2023-05,2370,Naukri-Jobspeak-Mar-2024.pdf,2024-03,https://www.infoedge.in/pdfs/News_Events_pdfs/Naukri-Jobspeak-Mar-2024.pdf
exp_13_16,2023-06,2379,Naukri-Jobspeak-Mar-2024.pdf,2024-03,https://www.infoedge.in/pdfs/News_Events_pdfs/Naukri-Jobspeak-Mar-2024.pdf
exp_13_16,2023-07,2271,Naukri-Jobspeak-Mar-2024.pdf,2024-03,https://www.infoedge.in/pdfs/News_Events_pdfs/Naukri-Jobspeak-Mar-2024.pdf
exp_13_16,2023-08,2372,Naukri-Jobspeak-Mar-2024.pdf,2024-03,https://www.infoedge.in/pdfs/News_Events_pdfs/Naukri-Jobspeak-Mar-2024.pdf
exp_13_16,2023-09,2421,Naukri-Jobspeak-Mar-2024.pdf,2024-03,https://www.infoedge.in/pdfs/News_Events_pdfs/Naukri-Jobspeak-Mar-2024.pdf
exp_13_16,2023-10,2227,Naukri-Jobspeak-Mar-2024.pdf,2024-03,https://www.infoedge.in/pdfs/News_Events_pdfs/Naukri-Jobspeak-Mar-2024.pdf
exp_13_16,2023-11,2116,Naukri-Jobspeak-Mar-2024.pdf,2024-03,https://www.infoedge.in/pdfs/News_Events_pdfs/Naukri-Jobspeak-Mar-2024.pdf
exp_13_16,2023-12,2195,Naukri-Jobspeak-Mar-2024.pdf,2024-03,https://www.infoedge.in/pdfs/News_Events_pdfs/Naukri-Jobspeak-Mar-2024.pdf
exp_13_16,2024-01,2196,Naukri-Jobspeak-Mar-2024.pdf,2024-03,https://www.infoedge.in/pdfs/News_Events_pdfs/Naukri-Jobspeak-Mar-2024.pdf
exp_13_16,2024-02,2523,Naukri-Jobspeak-Mar-2024.pdf,2024-03,https://www.infoedge.in/pdfs/News_Events_pdfs/Naukri-Jobspeak-Mar-2024.pdf
exp_13_16,2024-03,2412,Naukri-Jobspeak-Mar-2024.pdf,2024-03,https://www.infoedge.in/pdfs/News_Events_pdfs/Naukri-Jobspeak-Mar-2024.pdf
exp_16plus,2023-03,2373,Naukri-Jobspeak-Mar-2024.pdf,2024-03,https://www.infoedge.in/pdfs/News_Events_pdfs/Naukri-Jobspeak-Mar-2024.pdf
exp_16plus,2023-04,2230,Naukri-Jobspeak-Mar-2024.pdf,2024-03,https://www.infoedge.in/pdfs/News_Events_pdfs/Naukri-Jobspeak-Mar-2024.pdf
exp_16plus,2023-05,2355,Naukri-Jobspeak-Mar-2024.pdf,2024-03,https://www.infoedge.in/pdfs/News_Events_pdfs/Naukri-Jobspeak-Mar-2024.pdf
exp_16plus,2023-06,2370,Naukri-Jobspeak-Mar-2024.pdf,2024-03,https://www.infoedge.in/pdfs/News_Events_pdfs/Naukri-Jobspeak-Mar-2024.pdf
exp_16plus,2023-07,2276,Naukri-Jobspeak-Mar-2024.pdf,2024-03,https://www.infoedge.in/pdfs/News_Events_pdfs/Naukri-Jobspeak-Mar-2024.pdf
exp_16plus,2023-08,2457,Naukri-Jobspeak-Mar-2024.pdf,2024-03,https://www.infoedge.in/pdfs/News_Events_pdfs/Naukri-Jobspeak-Mar-2024.pdf
exp_16plus,2023-09,2522,Naukri-Jobspeak-Mar-2024.pdf,2024-03,https://www.infoedge.in/pdfs/News_Events_pdfs/Naukri-Jobspeak-Mar-2024.pdf
exp_16plus,2023-10,2361,Naukri-Jobspeak-Mar-2024.pdf,2024-03,https://www.infoedge.in/pdfs/News_Events_pdfs/Naukri-Jobspeak-Mar-2024.pdf
exp_16plus,2023-11,2247,Naukri-Jobspeak-Mar-2024.pdf,2024-03,https://www.infoedge.in/pdfs/News_Events_pdfs/Naukri-Jobspeak-Mar-2024.pdf
exp_16plus,2023-12,2357,Naukri-Jobspeak-Mar-2024.pdf,2024-03,https://www.infoedge.in/pdfs/News_Events_pdfs/Naukri-Jobspeak-Mar-2024.pdf
exp_16plus,2024-01,2429,Naukri-Jobspeak-Mar-2024.pdf,2024-03,https://www.infoedge.in/pdfs/News_Events_pdfs/Naukri-Jobspeak-Mar-2024.pdf
exp_16plus,2024-02,2744,Naukri-Jobspeak-Mar-2024.pdf,2024-03,https://www.infoedge.in/pdfs/News_Events_pdfs/Naukri-Jobspeak-Mar-2024.pdf
exp_16plus,2024-03,2640,Naukri-Jobspeak-Mar-2024.pdf,2024-03,https://www.infoedge.in/pdfs/News_Events_pdfs/Naukri-Jobspeak-Mar-2024.pdf
bpo_ites,2025-03,2095,Naukri-Jobspeak-Mar-2026.pdf,2026-03,https://www.infoedge.in/pdfs/News_Events_pdfs/Naukri-Jobspeak-Mar-2026.pdf
bpo_ites,2025-04,2314,Naukri-Jobspeak-Mar-2026.pdf,2026-03,https://www.infoedge.in/pdfs/News_Events_pdfs/Naukri-Jobspeak-Mar-2026.pdf
bpo_ites,2025-05,2282,Naukri-Jobspeak-Mar-2026.pdf,2026-03,https://www.infoedge.in/pdfs/News_Events_pdfs/Naukri-Jobspeak-Mar-2026.pdf
bpo_ites,2025-06,2339,Naukri-Jobspeak-Mar-2026.pdf,2026-03,https://www.infoedge.in/pdfs/News_Events_pdfs/Naukri-Jobspeak-Mar-2026.pdf
bpo_ites,2025-07,2450,Naukri-Jobspeak-Mar-2026.pdf,2026-03,https://www.infoedge.in/pdfs/News_Events_pdfs/Naukri-Jobspeak-Mar-2026.pdf
bpo_ites,2025-08,2332,Naukri-Jobspeak-Mar-2026.pdf,2026-03,https://www.infoedge.in/pdfs/News_Events_pdfs/Naukri-Jobspeak-Mar-2026.pdf
bpo_ites,2025-09,2532,Naukri-Jobspeak-Mar-2026.pdf,2026-03,https://www.infoedge.in/pdfs/News_Events_pdfs/Naukri-Jobspeak-Mar-2026.pdf
bpo_ites,2025-10,2193,Naukri-Jobspeak-Mar-2026.pdf,2026-03,https://www.infoedge.in/pdfs/News_Events_pdfs/Naukri-Jobspeak-Mar-2026.pdf
bpo_ites,2025-11,2475,Naukri-Jobspeak-Mar-2026.pdf,2026-03,https://www.infoedge.in/pdfs/News_Events_pdfs/Naukri-Jobspeak-Mar-2026.pdf
bpo_ites,2025-12,2460,Naukri-Jobspeak-Mar-2026.pdf,2026-03,https://www.infoedge.in/pdfs/News_Events_pdfs/Naukri-Jobspeak-Mar-2026.pdf
bpo_ites,2026-01,2306,Naukri-Jobspeak-Mar-2026.pdf,2026-03,https://www.infoedge.in/pdfs/News_Events_pdfs/Naukri-Jobspeak-Mar-2026.pdf
bpo_ites,2026-02,2643,Naukri-Jobspeak-Mar-2026.pdf,2026-03,https://www.infoedge.in/pdfs/News_Events_pdfs/Naukri-Jobspeak-Mar-2026.pdf
bpo_ites,2026-03,2477,Naukri-Jobspeak-Mar-2026.pdf,2026-03,https://www.infoedge.in/pdfs/News_Events_pdfs/Naukri-Jobspeak-Mar-2026.pdf
it_software,2025-03,3413,Naukri-Jobspeak-Mar-2026.pdf,2026-03,https://www.infoedge.in/pdfs/News_Events_pdfs/Naukri-Jobspeak-Mar-2026.pdf
it_software,2025-04,3573,Naukri-Jobspeak-Mar-2026.pdf,2026-03,https://www.infoedge.in/pdfs/News_Events_pdfs/Naukri-Jobspeak-Mar-2026.pdf
it_software,2025-05,3457,Naukri-Jobspeak-Mar-2026.pdf,2026-03,https://www.infoedge.in/pdfs/News_Events_pdfs/Naukri-Jobspeak-Mar-2026.pdf
it_software,2025-06,3523,Naukri-Jobspeak-Mar-2026.pdf,2026-03,https://www.infoedge.in/pdfs/News_Events_pdfs/Naukri-Jobspeak-Mar-2026.pdf
it_software,2025-07,3688,Naukri-Jobspeak-Mar-2026.pdf,2026-03,https://www.infoedge.in/pdfs/News_Events_pdfs/Naukri-Jobspeak-Mar-2026.pdf
it_software,2025-08,3111,Naukri-Jobspeak-Mar-2026.pdf,2026-03,https://www.infoedge.in/pdfs/News_Events_pdfs/Naukri-Jobspeak-Mar-2026.pdf
it_software,2025-09,3585,Naukri-Jobspeak-Mar-2026.pdf,2026-03,https://www.infoedge.in/pdfs/News_Events_pdfs/Naukri-Jobspeak-Mar-2026.pdf
it_software,2025-10,2967,Naukri-Jobspeak-Mar-2026.pdf,2026-03,https://www.infoedge.in/pdfs/News_Events_pdfs/Naukri-Jobspeak-Mar-2026.pdf
it_software,2025-11,3565,Naukri-Jobspeak-Mar-2026.pdf,2026-03,https://www.infoedge.in/pdfs/News_Events_pdfs/Naukri-Jobspeak-Mar-2026.pdf
it_software,2025-12,3531,Naukri-Jobspeak-Mar-2026.pdf,2026-03,https://www.infoedge.in/pdfs/News_Events_pdfs/Naukri-Jobspeak-Mar-2026.pdf
it_software,2026-01,3119,Naukri-Jobspeak-Mar-2026.pdf,2026-03,https://www.infoedge.in/pdfs/News_Events_pdfs/Naukri-Jobspeak-Mar-2026.pdf
it_software,2026-02,3948,Naukri-Jobspeak-Mar-2026.pdf,2026-03,https://www.infoedge.in/pdfs/News_Events_pdfs/Naukri-Jobspeak-Mar-2026.pdf
it_software,2026-03,3462,Naukri-Jobspeak-Mar-2026.pdf,2026-03,https://www.infoedge.in/pdfs/News_Events_pdfs/Naukri-Jobspeak-Mar-2026.pdf
bpo_ites,2022-03,2458,Naukri-Jobspeak-March-2023.pdf,2023-03,https://www.infoedge.in/pdfs/News_Events_pdfs/Naukri-Jobspeak-March-2023.pdf
bpo_ites,2022-04,2659,Naukri-Jobspeak-March-2023.pdf,2023-03,https://www.infoedge.in/pdfs/News_Events_pdfs/Naukri-Jobspeak-March-2023.pdf
bpo_ites,2022-05,2617,Naukri-Jobspeak-March-2023.pdf,2023-03,https://www.infoedge.in/pdfs/News_Events_pdfs/Naukri-Jobspeak-March-2023.pdf
bpo_ites,2022-06,2600,Naukri-Jobspeak-March-2023.pdf,2023-03,https://www.infoedge.in/pdfs/News_Events_pdfs/Naukri-Jobspeak-March-2023.pdf
bpo_ites,2022-07,2587,Naukri-Jobspeak-March-2023.pdf,2023-03,https://www.infoedge.in/pdfs/News_Events_pdfs/Naukri-Jobspeak-March-2023.pdf
bpo_ites,2022-08,2325,Naukri-Jobspeak-March-2023.pdf,2023-03,https://www.infoedge.in/pdfs/News_Events_pdfs/Naukri-Jobspeak-March-2023.pdf
bpo_ites,2022-09,2619,Naukri-Jobspeak-March-2023.pdf,2023-03,https://www.infoedge.in/pdfs/News_Events_pdfs/Naukri-Jobspeak-March-2023.pdf
bpo_ites,2022-10,2131,Naukri-Jobspeak-March-2023.pdf,2023-03,https://www.infoedge.in/pdfs/News_Events_pdfs/Naukri-Jobspeak-March-2023.pdf
bpo_ites,2022-11,2511,Naukri-Jobspeak-March-2023.pdf,2023-03,https://www.infoedge.in/pdfs/News_Events_pdfs/Naukri-Jobspeak-March-2023.pdf
bpo_ites,2022-12,2249,Naukri-Jobspeak-March-2023.pdf,2023-03,https://www.infoedge.in/pdfs/News_Events_pdfs/Naukri-Jobspeak-March-2023.pdf
bpo_ites,2023-01,2303,Naukri-Jobspeak-March-2023.pdf,2023-03,https://www.infoedge.in/pdfs/News_Events_pdfs/Naukri-Jobspeak-March-2023.pdf
bpo_ites,2023-02,2456,Naukri-Jobspeak-March-2023.pdf,2023-03,https://www.infoedge.in/pdfs/News_Events_pdfs/Naukri-Jobspeak-March-2023.pdf
bpo_ites,2023-03,2415,Naukri-Jobspeak-March-2023.pdf,2023-03,https://www.infoedge.in/pdfs/News_Events_pdfs/Naukri-Jobspeak-March-2023.pdf
it_software,2022-03,4983,Naukri-Jobspeak-March-2023.pdf,2023-03,https://www.infoedge.in/pdfs/News_Events_pdfs/Naukri-Jobspeak-March-2023.pdf
it_software,2022-04,4656,Naukri-Jobspeak-March-2023.pdf,2023-03,https://www.infoedge.in/pdfs/News_Events_pdfs/Naukri-Jobspeak-March-2023.pdf
it_software,2022-05,4711,Naukri-Jobspeak-March-2023.pdf,2023-03,https://www.infoedge.in/pdfs/News_Events_pdfs/Naukri-Jobspeak-March-2023.pdf
it_software,2022-06,5069,Naukri-Jobspeak-March-2023.pdf,2023-03,https://www.infoedge.in/pdfs/News_Events_pdfs/Naukri-Jobspeak-March-2023.pdf
it_software,2022-07,5872,Naukri-Jobspeak-March-2023.pdf,2023-03,https://www.infoedge.in/pdfs/News_Events_pdfs/Naukri-Jobspeak-March-2023.pdf
it_software,2022-08,4881,Naukri-Jobspeak-March-2023.pdf,2023-03,https://www.infoedge.in/pdfs/News_Events_pdfs/Naukri-Jobspeak-March-2023.pdf
it_software,2022-09,5283,Naukri-Jobspeak-March-2023.pdf,2023-03,https://www.infoedge.in/pdfs/News_Events_pdfs/Naukri-Jobspeak-March-2023.pdf
it_software,2022-10,3825,Naukri-Jobspeak-March-2023.pdf,2023-03,https://www.infoedge.in/pdfs/News_Events_pdfs/Naukri-Jobspeak-March-2023.pdf
it_software,2022-11,4674,Naukri-Jobspeak-March-2023.pdf,2023-03,https://www.infoedge.in/pdfs/News_Events_pdfs/Naukri-Jobspeak-March-2023.pdf
it_software,2022-12,4087,Naukri-Jobspeak-March-2023.pdf,2023-03,https://www.infoedge.in/pdfs/News_Events_pdfs/Naukri-Jobspeak-March-2023.pdf
it_software,2023-01,4010,Naukri-Jobspeak-March-2023.pdf,2023-03,https://www.infoedge.in/pdfs/News_Events_pdfs/Naukri-Jobspeak-March-2023.pdf
it_software,2023-02,4428,Naukri-Jobspeak-March-2023.pdf,2023-03,https://www.infoedge.in/pdfs/News_Events_pdfs/Naukri-Jobspeak-March-2023.pdf
it_software,2023-03,4147,Naukri-Jobspeak-March-2023.pdf,2023-03,https://www.infoedge.in/pdfs/News_Events_pdfs/Naukri-Jobspeak-March-2023.pdf
exp_0_3,2022-03,3154,Naukri-Jobspeak-March-2023.pdf,2023-03,https://www.infoedge.in/pdfs/News_Events_pdfs/Naukri-Jobspeak-March-2023.pdf
exp_0_3,2022-04,3223,Naukri-Jobspeak-March-2023.pdf,2023-03,https://www.infoedge.in/pdfs/News_Events_pdfs/Naukri-Jobspeak-March-2023.pdf
exp_0_3,2022-05,3170,Naukri-Jobspeak-March-2023.pdf,2023-03,https://www.infoedge.in/pdfs/News_Events_pdfs/Naukri-Jobspeak-March-2023.pdf
exp_0_3,2022-06,3105,Naukri-Jobspeak-March-2023.pdf,2023-03,https://www.infoedge.in/pdfs/News_Events_pdfs/Naukri-Jobspeak-March-2023.pdf
exp_0_3,2022-07,3266,Naukri-Jobspeak-March-2023.pdf,2023-03,https://www.infoedge.in/pdfs/News_Events_pdfs/Naukri-Jobspeak-March-2023.pdf
exp_0_3,2022-08,2999,Naukri-Jobspeak-March-2023.pdf,2023-03,https://www.infoedge.in/pdfs/News_Events_pdfs/Naukri-Jobspeak-March-2023.pdf
exp_0_3,2022-09,3265,Naukri-Jobspeak-March-2023.pdf,2023-03,https://www.infoedge.in/pdfs/News_Events_pdfs/Naukri-Jobspeak-March-2023.pdf
exp_0_3,2022-10,2642,Naukri-Jobspeak-March-2023.pdf,2023-03,https://www.infoedge.in/pdfs/News_Events_pdfs/Naukri-Jobspeak-March-2023.pdf
exp_0_3,2022-11,3253,Naukri-Jobspeak-March-2023.pdf,2023-03,https://www.infoedge.in/pdfs/News_Events_pdfs/Naukri-Jobspeak-March-2023.pdf
exp_0_3,2022-12,3106,Naukri-Jobspeak-March-2023.pdf,2023-03,https://www.infoedge.in/pdfs/News_Events_pdfs/Naukri-Jobspeak-March-2023.pdf
exp_0_3,2023-01,2926,Naukri-Jobspeak-March-2023.pdf,2023-03,https://www.infoedge.in/pdfs/News_Events_pdfs/Naukri-Jobspeak-March-2023.pdf
exp_0_3,2023-02,3073,Naukri-Jobspeak-March-2023.pdf,2023-03,https://www.infoedge.in/pdfs/News_Events_pdfs/Naukri-Jobspeak-March-2023.pdf
exp_0_3,2023-03,3144,Naukri-Jobspeak-March-2023.pdf,2023-03,https://www.infoedge.in/pdfs/News_Events_pdfs/Naukri-Jobspeak-March-2023.pdf
exp_4_7,2022-03,3018,Naukri-Jobspeak-March-2023.pdf,2023-03,https://www.infoedge.in/pdfs/News_Events_pdfs/Naukri-Jobspeak-March-2023.pdf
exp_4_7,2022-04,3067,Naukri-Jobspeak-March-2023.pdf,2023-03,https://www.infoedge.in/pdfs/News_Events_pdfs/Naukri-Jobspeak-March-2023.pdf
exp_4_7,2022-05,3067,Naukri-Jobspeak-March-2023.pdf,2023-03,https://www.infoedge.in/pdfs/News_Events_pdfs/Naukri-Jobspeak-March-2023.pdf
exp_4_7,2022-06,3072,Naukri-Jobspeak-March-2023.pdf,2023-03,https://www.infoedge.in/pdfs/News_Events_pdfs/Naukri-Jobspeak-March-2023.pdf
exp_4_7,2022-07,3386,Naukri-Jobspeak-March-2023.pdf,2023-03,https://www.infoedge.in/pdfs/News_Events_pdfs/Naukri-Jobspeak-March-2023.pdf
exp_4_7,2022-08,3053,Naukri-Jobspeak-March-2023.pdf,2023-03,https://www.infoedge.in/pdfs/News_Events_pdfs/Naukri-Jobspeak-March-2023.pdf
exp_4_7,2022-09,3346,Naukri-Jobspeak-March-2023.pdf,2023-03,https://www.infoedge.in/pdfs/News_Events_pdfs/Naukri-Jobspeak-March-2023.pdf
exp_4_7,2022-10,2632,Naukri-Jobspeak-March-2023.pdf,2023-03,https://www.infoedge.in/pdfs/News_Events_pdfs/Naukri-Jobspeak-March-2023.pdf
exp_4_7,2022-11,3293,Naukri-Jobspeak-March-2023.pdf,2023-03,https://www.infoedge.in/pdfs/News_Events_pdfs/Naukri-Jobspeak-March-2023.pdf
exp_4_7,2022-12,2998,Naukri-Jobspeak-March-2023.pdf,2023-03,https://www.infoedge.in/pdfs/News_Events_pdfs/Naukri-Jobspeak-March-2023.pdf
exp_4_7,2023-01,2871,Naukri-Jobspeak-March-2023.pdf,2023-03,https://www.infoedge.in/pdfs/News_Events_pdfs/Naukri-Jobspeak-March-2023.pdf
exp_4_7,2023-02,3104,Naukri-Jobspeak-March-2023.pdf,2023-03,https://www.infoedge.in/pdfs/News_Events_pdfs/Naukri-Jobspeak-March-2023.pdf
exp_4_7,2023-03,3010,Naukri-Jobspeak-March-2023.pdf,2023-03,https://www.infoedge.in/pdfs/News_Events_pdfs/Naukri-Jobspeak-March-2023.pdf
exp_8_12,2022-03,2505,Naukri-Jobspeak-March-2023.pdf,2023-03,https://www.infoedge.in/pdfs/News_Events_pdfs/Naukri-Jobspeak-March-2023.pdf
exp_8_12,2022-04,2494,Naukri-Jobspeak-March-2023.pdf,2023-03,https://www.infoedge.in/pdfs/News_Events_pdfs/Naukri-Jobspeak-March-2023.pdf
exp_8_12,2022-05,2557,Naukri-Jobspeak-March-2023.pdf,2023-03,https://www.infoedge.in/pdfs/News_Events_pdfs/Naukri-Jobspeak-March-2023.pdf
exp_8_12,2022-06,2663,Naukri-Jobspeak-March-2023.pdf,2023-03,https://www.infoedge.in/pdfs/News_Events_pdfs/Naukri-Jobspeak-March-2023.pdf
exp_8_12,2022-07,3093,Naukri-Jobspeak-March-2023.pdf,2023-03,https://www.infoedge.in/pdfs/News_Events_pdfs/Naukri-Jobspeak-March-2023.pdf
exp_8_12,2022-08,2644,Naukri-Jobspeak-March-2023.pdf,2023-03,https://www.infoedge.in/pdfs/News_Events_pdfs/Naukri-Jobspeak-March-2023.pdf
exp_8_12,2022-09,2914,Naukri-Jobspeak-March-2023.pdf,2023-03,https://www.infoedge.in/pdfs/News_Events_pdfs/Naukri-Jobspeak-March-2023.pdf
exp_8_12,2022-10,2229,Naukri-Jobspeak-March-2023.pdf,2023-03,https://www.infoedge.in/pdfs/News_Events_pdfs/Naukri-Jobspeak-March-2023.pdf
exp_8_12,2022-11,2864,Naukri-Jobspeak-March-2023.pdf,2023-03,https://www.infoedge.in/pdfs/News_Events_pdfs/Naukri-Jobspeak-March-2023.pdf
exp_8_12,2022-12,2676,Naukri-Jobspeak-March-2023.pdf,2023-03,https://www.infoedge.in/pdfs/News_Events_pdfs/Naukri-Jobspeak-March-2023.pdf
exp_8_12,2023-01,2568,Naukri-Jobspeak-March-2023.pdf,2023-03,https://www.infoedge.in/pdfs/News_Events_pdfs/Naukri-Jobspeak-March-2023.pdf
exp_8_12,2023-02,2885,Naukri-Jobspeak-March-2023.pdf,2023-03,https://www.infoedge.in/pdfs/News_Events_pdfs/Naukri-Jobspeak-March-2023.pdf
exp_8_12,2023-03,2859,Naukri-Jobspeak-March-2023.pdf,2023-03,https://www.infoedge.in/pdfs/News_Events_pdfs/Naukri-Jobspeak-March-2023.pdf
exp_13_16,2022-03,1922,Naukri-Jobspeak-March-2023.pdf,2023-03,https://www.infoedge.in/pdfs/News_Events_pdfs/Naukri-Jobspeak-March-2023.pdf
exp_13_16,2022-04,1854,Naukri-Jobspeak-March-2023.pdf,2023-03,https://www.infoedge.in/pdfs/News_Events_pdfs/Naukri-Jobspeak-March-2023.pdf
exp_13_16,2022-05,1885,Naukri-Jobspeak-March-2023.pdf,2023-03,https://www.infoedge.in/pdfs/News_Events_pdfs/Naukri-Jobspeak-March-2023.pdf
exp_13_16,2022-06,2008,Naukri-Jobspeak-March-2023.pdf,2023-03,https://www.infoedge.in/pdfs/News_Events_pdfs/Naukri-Jobspeak-March-2023.pdf
exp_13_16,2022-07,2298,Naukri-Jobspeak-March-2023.pdf,2023-03,https://www.infoedge.in/pdfs/News_Events_pdfs/Naukri-Jobspeak-March-2023.pdf
exp_13_16,2022-08,1928,Naukri-Jobspeak-March-2023.pdf,2023-03,https://www.infoedge.in/pdfs/News_Events_pdfs/Naukri-Jobspeak-March-2023.pdf
exp_13_16,2022-09,2178,Naukri-Jobspeak-March-2023.pdf,2023-03,https://www.infoedge.in/pdfs/News_Events_pdfs/Naukri-Jobspeak-March-2023.pdf
exp_13_16,2022-10,1771,Naukri-Jobspeak-March-2023.pdf,2023-03,https://www.infoedge.in/pdfs/News_Events_pdfs/Naukri-Jobspeak-March-2023.pdf
exp_13_16,2022-11,2342,Naukri-Jobspeak-March-2023.pdf,2023-03,https://www.infoedge.in/pdfs/News_Events_pdfs/Naukri-Jobspeak-March-2023.pdf
exp_13_16,2022-12,2231,Naukri-Jobspeak-March-2023.pdf,2023-03,https://www.infoedge.in/pdfs/News_Events_pdfs/Naukri-Jobspeak-March-2023.pdf
exp_13_16,2023-01,2159,Naukri-Jobspeak-March-2023.pdf,2023-03,https://www.infoedge.in/pdfs/News_Events_pdfs/Naukri-Jobspeak-March-2023.pdf
exp_13_16,2023-02,2362,Naukri-Jobspeak-March-2023.pdf,2023-03,https://www.infoedge.in/pdfs/News_Events_pdfs/Naukri-Jobspeak-March-2023.pdf
exp_13_16,2023-03,2389,Naukri-Jobspeak-March-2023.pdf,2023-03,https://www.infoedge.in/pdfs/News_Events_pdfs/Naukri-Jobspeak-March-2023.pdf
exp_16plus,2022-03,1762,Naukri-Jobspeak-March-2023.pdf,2023-03,https://www.infoedge.in/pdfs/News_Events_pdfs/Naukri-Jobspeak-March-2023.pdf
exp_16plus,2022-04,1713,Naukri-Jobspeak-March-2023.pdf,2023-03,https://www.infoedge.in/pdfs/News_Events_pdfs/Naukri-Jobspeak-March-2023.pdf
exp_16plus,2022-05,1695,Naukri-Jobspeak-March-2023.pdf,2023-03,https://www.infoedge.in/pdfs/News_Events_pdfs/Naukri-Jobspeak-March-2023.pdf
exp_16plus,2022-06,1722,Naukri-Jobspeak-March-2023.pdf,2023-03,https://www.infoedge.in/pdfs/News_Events_pdfs/Naukri-Jobspeak-March-2023.pdf
exp_16plus,2022-07,2013,Naukri-Jobspeak-March-2023.pdf,2023-03,https://www.infoedge.in/pdfs/News_Events_pdfs/Naukri-Jobspeak-March-2023.pdf
exp_16plus,2022-08,1693,Naukri-Jobspeak-March-2023.pdf,2023-03,https://www.infoedge.in/pdfs/News_Events_pdfs/Naukri-Jobspeak-March-2023.pdf
exp_16plus,2022-09,1946,Naukri-Jobspeak-March-2023.pdf,2023-03,https://www.infoedge.in/pdfs/News_Events_pdfs/Naukri-Jobspeak-March-2023.pdf
exp_16plus,2022-10,1613,Naukri-Jobspeak-March-2023.pdf,2023-03,https://www.infoedge.in/pdfs/News_Events_pdfs/Naukri-Jobspeak-March-2023.pdf
exp_16plus,2022-11,2055,Naukri-Jobspeak-March-2023.pdf,2023-03,https://www.infoedge.in/pdfs/News_Events_pdfs/Naukri-Jobspeak-March-2023.pdf
exp_16plus,2022-12,2184,Naukri-Jobspeak-March-2023.pdf,2023-03,https://www.infoedge.in/pdfs/News_Events_pdfs/Naukri-Jobspeak-March-2023.pdf
exp_16plus,2023-01,2051,Naukri-Jobspeak-March-2023.pdf,2023-03,https://www.infoedge.in/pdfs/News_Events_pdfs/Naukri-Jobspeak-March-2023.pdf
exp_16plus,2023-02,2273,Naukri-Jobspeak-March-2023.pdf,2023-03,https://www.infoedge.in/pdfs/News_Events_pdfs/Naukri-Jobspeak-March-2023.pdf
exp_16plus,2023-03,2373,Naukri-Jobspeak-March-2023.pdf,2023-03,https://www.infoedge.in/pdfs/News_Events_pdfs/Naukri-Jobspeak-March-2023.pdf
bpo_ites,2022-05,2617,Naukri-Jobspeak-May-2023.pdf,2023-05,https://www.infoedge.in/pdfs/News_Events_pdfs/Naukri-Jobspeak-May-2023.pdf
bpo_ites,2022-06,2600,Naukri-Jobspeak-May-2023.pdf,2023-05,https://www.infoedge.in/pdfs/News_Events_pdfs/Naukri-Jobspeak-May-2023.pdf
bpo_ites,2022-07,2587,Naukri-Jobspeak-May-2023.pdf,2023-05,https://www.infoedge.in/pdfs/News_Events_pdfs/Naukri-Jobspeak-May-2023.pdf
bpo_ites,2022-08,2325,Naukri-Jobspeak-May-2023.pdf,2023-05,https://www.infoedge.in/pdfs/News_Events_pdfs/Naukri-Jobspeak-May-2023.pdf
bpo_ites,2022-09,2619,Naukri-Jobspeak-May-2023.pdf,2023-05,https://www.infoedge.in/pdfs/News_Events_pdfs/Naukri-Jobspeak-May-2023.pdf
bpo_ites,2022-10,2131,Naukri-Jobspeak-May-2023.pdf,2023-05,https://www.infoedge.in/pdfs/News_Events_pdfs/Naukri-Jobspeak-May-2023.pdf
bpo_ites,2022-11,2511,Naukri-Jobspeak-May-2023.pdf,2023-05,https://www.infoedge.in/pdfs/News_Events_pdfs/Naukri-Jobspeak-May-2023.pdf
bpo_ites,2022-12,2249,Naukri-Jobspeak-May-2023.pdf,2023-05,https://www.infoedge.in/pdfs/News_Events_pdfs/Naukri-Jobspeak-May-2023.pdf
bpo_ites,2023-01,2303,Naukri-Jobspeak-May-2023.pdf,2023-05,https://www.infoedge.in/pdfs/News_Events_pdfs/Naukri-Jobspeak-May-2023.pdf
bpo_ites,2023-02,2456,Naukri-Jobspeak-May-2023.pdf,2023-05,https://www.infoedge.in/pdfs/News_Events_pdfs/Naukri-Jobspeak-May-2023.pdf
bpo_ites,2023-03,2415,Naukri-Jobspeak-May-2023.pdf,2023-05,https://www.infoedge.in/pdfs/News_Events_pdfs/Naukri-Jobspeak-May-2023.pdf
bpo_ites,2023-04,2186,Naukri-Jobspeak-May-2023.pdf,2023-05,https://www.infoedge.in/pdfs/News_Events_pdfs/Naukri-Jobspeak-May-2023.pdf
bpo_ites,2023-05,2256,Naukri-Jobspeak-May-2023.pdf,2023-05,https://www.infoedge.in/pdfs/News_Events_pdfs/Naukri-Jobspeak-May-2023.pdf
it_software,2022-05,4711,Naukri-Jobspeak-May-2023.pdf,2023-05,https://www.infoedge.in/pdfs/News_Events_pdfs/Naukri-Jobspeak-May-2023.pdf
it_software,2022-06,5069,Naukri-Jobspeak-May-2023.pdf,2023-05,https://www.infoedge.in/pdfs/News_Events_pdfs/Naukri-Jobspeak-May-2023.pdf
it_software,2022-07,5872,Naukri-Jobspeak-May-2023.pdf,2023-05,https://www.infoedge.in/pdfs/News_Events_pdfs/Naukri-Jobspeak-May-2023.pdf
it_software,2022-08,4881,Naukri-Jobspeak-May-2023.pdf,2023-05,https://www.infoedge.in/pdfs/News_Events_pdfs/Naukri-Jobspeak-May-2023.pdf
it_software,2022-09,5283,Naukri-Jobspeak-May-2023.pdf,2023-05,https://www.infoedge.in/pdfs/News_Events_pdfs/Naukri-Jobspeak-May-2023.pdf
it_software,2022-10,3825,Naukri-Jobspeak-May-2023.pdf,2023-05,https://www.infoedge.in/pdfs/News_Events_pdfs/Naukri-Jobspeak-May-2023.pdf
it_software,2022-11,4674,Naukri-Jobspeak-May-2023.pdf,2023-05,https://www.infoedge.in/pdfs/News_Events_pdfs/Naukri-Jobspeak-May-2023.pdf
it_software,2022-12,4087,Naukri-Jobspeak-May-2023.pdf,2023-05,https://www.infoedge.in/pdfs/News_Events_pdfs/Naukri-Jobspeak-May-2023.pdf
it_software,2023-01,4010,Naukri-Jobspeak-May-2023.pdf,2023-05,https://www.infoedge.in/pdfs/News_Events_pdfs/Naukri-Jobspeak-May-2023.pdf
it_software,2023-02,4428,Naukri-Jobspeak-May-2023.pdf,2023-05,https://www.infoedge.in/pdfs/News_Events_pdfs/Naukri-Jobspeak-May-2023.pdf
it_software,2023-03,4147,Naukri-Jobspeak-May-2023.pdf,2023-05,https://www.infoedge.in/pdfs/News_Events_pdfs/Naukri-Jobspeak-May-2023.pdf
it_software,2023-04,3392,Naukri-Jobspeak-May-2023.pdf,2023-05,https://www.infoedge.in/pdfs/News_Events_pdfs/Naukri-Jobspeak-May-2023.pdf
it_software,2023-05,3618,Naukri-Jobspeak-May-2023.pdf,2023-05,https://www.infoedge.in/pdfs/News_Events_pdfs/Naukri-Jobspeak-May-2023.pdf
exp_0_3,2022-05,3170,Naukri-Jobspeak-May-2023.pdf,2023-05,https://www.infoedge.in/pdfs/News_Events_pdfs/Naukri-Jobspeak-May-2023.pdf
exp_0_3,2022-06,3105,Naukri-Jobspeak-May-2023.pdf,2023-05,https://www.infoedge.in/pdfs/News_Events_pdfs/Naukri-Jobspeak-May-2023.pdf
exp_0_3,2022-07,3266,Naukri-Jobspeak-May-2023.pdf,2023-05,https://www.infoedge.in/pdfs/News_Events_pdfs/Naukri-Jobspeak-May-2023.pdf
exp_0_3,2022-08,2999,Naukri-Jobspeak-May-2023.pdf,2023-05,https://www.infoedge.in/pdfs/News_Events_pdfs/Naukri-Jobspeak-May-2023.pdf
exp_0_3,2022-09,3265,Naukri-Jobspeak-May-2023.pdf,2023-05,https://www.infoedge.in/pdfs/News_Events_pdfs/Naukri-Jobspeak-May-2023.pdf
exp_0_3,2022-10,2642,Naukri-Jobspeak-May-2023.pdf,2023-05,https://www.infoedge.in/pdfs/News_Events_pdfs/Naukri-Jobspeak-May-2023.pdf
exp_0_3,2022-11,3253,Naukri-Jobspeak-May-2023.pdf,2023-05,https://www.infoedge.in/pdfs/News_Events_pdfs/Naukri-Jobspeak-May-2023.pdf
exp_0_3,2022-12,3106,Naukri-Jobspeak-May-2023.pdf,2023-05,https://www.infoedge.in/pdfs/News_Events_pdfs/Naukri-Jobspeak-May-2023.pdf
exp_0_3,2023-01,2926,Naukri-Jobspeak-May-2023.pdf,2023-05,https://www.infoedge.in/pdfs/News_Events_pdfs/Naukri-Jobspeak-May-2023.pdf
exp_0_3,2023-02,3073,Naukri-Jobspeak-May-2023.pdf,2023-05,https://www.infoedge.in/pdfs/News_Events_pdfs/Naukri-Jobspeak-May-2023.pdf
exp_0_3,2023-03,3144,Naukri-Jobspeak-May-2023.pdf,2023-05,https://www.infoedge.in/pdfs/News_Events_pdfs/Naukri-Jobspeak-May-2023.pdf
exp_0_3,2023-04,2834,Naukri-Jobspeak-May-2023.pdf,2023-05,https://www.infoedge.in/pdfs/News_Events_pdfs/Naukri-Jobspeak-May-2023.pdf
exp_0_3,2023-05,2945,Naukri-Jobspeak-May-2023.pdf,2023-05,https://www.infoedge.in/pdfs/News_Events_pdfs/Naukri-Jobspeak-May-2023.pdf
exp_4_7,2022-05,3067,Naukri-Jobspeak-May-2023.pdf,2023-05,https://www.infoedge.in/pdfs/News_Events_pdfs/Naukri-Jobspeak-May-2023.pdf
exp_4_7,2022-06,3072,Naukri-Jobspeak-May-2023.pdf,2023-05,https://www.infoedge.in/pdfs/News_Events_pdfs/Naukri-Jobspeak-May-2023.pdf
exp_4_7,2022-07,3386,Naukri-Jobspeak-May-2023.pdf,2023-05,https://www.infoedge.in/pdfs/News_Events_pdfs/Naukri-Jobspeak-May-2023.pdf
exp_4_7,2022-08,3053,Naukri-Jobspeak-May-2023.pdf,2023-05,https://www.infoedge.in/pdfs/News_Events_pdfs/Naukri-Jobspeak-May-2023.pdf
exp_4_7,2022-09,3346,Naukri-Jobspeak-May-2023.pdf,2023-05,https://www.infoedge.in/pdfs/News_Events_pdfs/Naukri-Jobspeak-May-2023.pdf
exp_4_7,2022-10,2632,Naukri-Jobspeak-May-2023.pdf,2023-05,https://www.infoedge.in/pdfs/News_Events_pdfs/Naukri-Jobspeak-May-2023.pdf
exp_4_7,2022-11,3293,Naukri-Jobspeak-May-2023.pdf,2023-05,https://www.infoedge.in/pdfs/News_Events_pdfs/Naukri-Jobspeak-May-2023.pdf
exp_4_7,2022-12,2998,Naukri-Jobspeak-May-2023.pdf,2023-05,https://www.infoedge.in/pdfs/News_Events_pdfs/Naukri-Jobspeak-May-2023.pdf
exp_4_7,2023-01,2871,Naukri-Jobspeak-May-2023.pdf,2023-05,https://www.infoedge.in/pdfs/News_Events_pdfs/Naukri-Jobspeak-May-2023.pdf
exp_4_7,2023-02,3104,Naukri-Jobspeak-May-2023.pdf,2023-05,https://www.infoedge.in/pdfs/News_Events_pdfs/Naukri-Jobspeak-May-2023.pdf
exp_4_7,2023-03,3010,Naukri-Jobspeak-May-2023.pdf,2023-05,https://www.infoedge.in/pdfs/News_Events_pdfs/Naukri-Jobspeak-May-2023.pdf
exp_4_7,2023-04,2725,Naukri-Jobspeak-May-2023.pdf,2023-05,https://www.infoedge.in/pdfs/News_Events_pdfs/Naukri-Jobspeak-May-2023.pdf
exp_4_7,2023-05,2846,Naukri-Jobspeak-May-2023.pdf,2023-05,https://www.infoedge.in/pdfs/News_Events_pdfs/Naukri-Jobspeak-May-2023.pdf
exp_8_12,2022-05,2557,Naukri-Jobspeak-May-2023.pdf,2023-05,https://www.infoedge.in/pdfs/News_Events_pdfs/Naukri-Jobspeak-May-2023.pdf
exp_8_12,2022-06,2663,Naukri-Jobspeak-May-2023.pdf,2023-05,https://www.infoedge.in/pdfs/News_Events_pdfs/Naukri-Jobspeak-May-2023.pdf
exp_8_12,2022-07,3093,Naukri-Jobspeak-May-2023.pdf,2023-05,https://www.infoedge.in/pdfs/News_Events_pdfs/Naukri-Jobspeak-May-2023.pdf
exp_8_12,2022-08,2644,Naukri-Jobspeak-May-2023.pdf,2023-05,https://www.infoedge.in/pdfs/News_Events_pdfs/Naukri-Jobspeak-May-2023.pdf
exp_8_12,2022-09,2914,Naukri-Jobspeak-May-2023.pdf,2023-05,https://www.infoedge.in/pdfs/News_Events_pdfs/Naukri-Jobspeak-May-2023.pdf
exp_8_12,2022-10,2229,Naukri-Jobspeak-May-2023.pdf,2023-05,https://www.infoedge.in/pdfs/News_Events_pdfs/Naukri-Jobspeak-May-2023.pdf
exp_8_12,2022-11,2864,Naukri-Jobspeak-May-2023.pdf,2023-05,https://www.infoedge.in/pdfs/News_Events_pdfs/Naukri-Jobspeak-May-2023.pdf
exp_8_12,2022-12,2676,Naukri-Jobspeak-May-2023.pdf,2023-05,https://www.infoedge.in/pdfs/News_Events_pdfs/Naukri-Jobspeak-May-2023.pdf
exp_8_12,2023-01,2568,Naukri-Jobspeak-May-2023.pdf,2023-05,https://www.infoedge.in/pdfs/News_Events_pdfs/Naukri-Jobspeak-May-2023.pdf
exp_8_12,2023-02,2885,Naukri-Jobspeak-May-2023.pdf,2023-05,https://www.infoedge.in/pdfs/News_Events_pdfs/Naukri-Jobspeak-May-2023.pdf
exp_8_12,2023-03,2859,Naukri-Jobspeak-May-2023.pdf,2023-05,https://www.infoedge.in/pdfs/News_Events_pdfs/Naukri-Jobspeak-May-2023.pdf
exp_8_12,2023-04,2625,Naukri-Jobspeak-May-2023.pdf,2023-05,https://www.infoedge.in/pdfs/News_Events_pdfs/Naukri-Jobspeak-May-2023.pdf
exp_8_12,2023-05,2774,Naukri-Jobspeak-May-2023.pdf,2023-05,https://www.infoedge.in/pdfs/News_Events_pdfs/Naukri-Jobspeak-May-2023.pdf
exp_13_16,2022-05,1885,Naukri-Jobspeak-May-2023.pdf,2023-05,https://www.infoedge.in/pdfs/News_Events_pdfs/Naukri-Jobspeak-May-2023.pdf
exp_13_16,2022-06,2008,Naukri-Jobspeak-May-2023.pdf,2023-05,https://www.infoedge.in/pdfs/News_Events_pdfs/Naukri-Jobspeak-May-2023.pdf
exp_13_16,2022-07,2298,Naukri-Jobspeak-May-2023.pdf,2023-05,https://www.infoedge.in/pdfs/News_Events_pdfs/Naukri-Jobspeak-May-2023.pdf
exp_13_16,2022-08,1928,Naukri-Jobspeak-May-2023.pdf,2023-05,https://www.infoedge.in/pdfs/News_Events_pdfs/Naukri-Jobspeak-May-2023.pdf
exp_13_16,2022-09,2178,Naukri-Jobspeak-May-2023.pdf,2023-05,https://www.infoedge.in/pdfs/News_Events_pdfs/Naukri-Jobspeak-May-2023.pdf
exp_13_16,2022-10,1771,Naukri-Jobspeak-May-2023.pdf,2023-05,https://www.infoedge.in/pdfs/News_Events_pdfs/Naukri-Jobspeak-May-2023.pdf
exp_13_16,2022-11,2342,Naukri-Jobspeak-May-2023.pdf,2023-05,https://www.infoedge.in/pdfs/News_Events_pdfs/Naukri-Jobspeak-May-2023.pdf
exp_13_16,2022-12,2231,Naukri-Jobspeak-May-2023.pdf,2023-05,https://www.infoedge.in/pdfs/News_Events_pdfs/Naukri-Jobspeak-May-2023.pdf
exp_13_16,2023-01,2159,Naukri-Jobspeak-May-2023.pdf,2023-05,https://www.infoedge.in/pdfs/News_Events_pdfs/Naukri-Jobspeak-May-2023.pdf
exp_13_16,2023-02,2362,Naukri-Jobspeak-May-2023.pdf,2023-05,https://www.infoedge.in/pdfs/News_Events_pdfs/Naukri-Jobspeak-May-2023.pdf
exp_13_16,2023-03,2389,Naukri-Jobspeak-May-2023.pdf,2023-05,https://www.infoedge.in/pdfs/News_Events_pdfs/Naukri-Jobspeak-May-2023.pdf
exp_13_16,2023-04,2217,Naukri-Jobspeak-May-2023.pdf,2023-05,https://www.infoedge.in/pdfs/News_Events_pdfs/Naukri-Jobspeak-May-2023.pdf
exp_13_16,2023-05,2370,Naukri-Jobspeak-May-2023.pdf,2023-05,https://www.infoedge.in/pdfs/News_Events_pdfs/Naukri-Jobspeak-May-2023.pdf
exp_16plus,2022-05,1695,Naukri-Jobspeak-May-2023.pdf,2023-05,https://www.infoedge.in/pdfs/News_Events_pdfs/Naukri-Jobspeak-May-2023.pdf
exp_16plus,2022-06,1722,Naukri-Jobspeak-May-2023.pdf,2023-05,https://www.infoedge.in/pdfs/News_Events_pdfs/Naukri-Jobspeak-May-2023.pdf
exp_16plus,2022-07,2013,Naukri-Jobspeak-May-2023.pdf,2023-05,https://www.infoedge.in/pdfs/News_Events_pdfs/Naukri-Jobspeak-May-2023.pdf
exp_16plus,2022-08,1693,Naukri-Jobspeak-May-2023.pdf,2023-05,https://www.infoedge.in/pdfs/News_Events_pdfs/Naukri-Jobspeak-May-2023.pdf
exp_16plus,2022-09,1946,Naukri-Jobspeak-May-2023.pdf,2023-05,https://www.infoedge.in/pdfs/News_Events_pdfs/Naukri-Jobspeak-May-2023.pdf
exp_16plus,2022-10,1613,Naukri-Jobspeak-May-2023.pdf,2023-05,https://www.infoedge.in/pdfs/News_Events_pdfs/Naukri-Jobspeak-May-2023.pdf
exp_16plus,2022-11,2055,Naukri-Jobspeak-May-2023.pdf,2023-05,https://www.infoedge.in/pdfs/News_Events_pdfs/Naukri-Jobspeak-May-2023.pdf
exp_16plus,2022-12,2184,Naukri-Jobspeak-May-2023.pdf,2023-05,https://www.infoedge.in/pdfs/News_Events_pdfs/Naukri-Jobspeak-May-2023.pdf
exp_16plus,2023-01,2051,Naukri-Jobspeak-May-2023.pdf,2023-05,https://www.infoedge.in/pdfs/News_Events_pdfs/Naukri-Jobspeak-May-2023.pdf
exp_16plus,2023-02,2273,Naukri-Jobspeak-May-2023.pdf,2023-05,https://www.infoedge.in/pdfs/News_Events_pdfs/Naukri-Jobspeak-May-2023.pdf
exp_16plus,2023-03,2373,Naukri-Jobspeak-May-2023.pdf,2023-05,https://www.infoedge.in/pdfs/News_Events_pdfs/Naukri-Jobspeak-May-2023.pdf
exp_16plus,2023-04,2230,Naukri-Jobspeak-May-2023.pdf,2023-05,https://www.infoedge.in/pdfs/News_Events_pdfs/Naukri-Jobspeak-May-2023.pdf
exp_16plus,2023-05,2355,Naukri-Jobspeak-May-2023.pdf,2023-05,https://www.infoedge.in/pdfs/News_Events_pdfs/Naukri-Jobspeak-May-2023.pdf
bpo_ites,2023-05,2256,Naukri-Jobspeak-May-2024.pdf,2024-05,https://www.infoedge.in/pdfs/News_Events_pdfs/Naukri-Jobspeak-May-2024.pdf
bpo_ites,2023-06,2163,Naukri-Jobspeak-May-2024.pdf,2024-05,https://www.infoedge.in/pdfs/News_Events_pdfs/Naukri-Jobspeak-May-2024.pdf
bpo_ites,2023-07,2036,Naukri-Jobspeak-May-2024.pdf,2024-05,https://www.infoedge.in/pdfs/News_Events_pdfs/Naukri-Jobspeak-May-2024.pdf
bpo_ites,2023-08,2085,Naukri-Jobspeak-May-2024.pdf,2024-05,https://www.infoedge.in/pdfs/News_Events_pdfs/Naukri-Jobspeak-May-2024.pdf
bpo_ites,2023-09,1952,Naukri-Jobspeak-May-2024.pdf,2024-05,https://www.infoedge.in/pdfs/News_Events_pdfs/Naukri-Jobspeak-May-2024.pdf
bpo_ites,2023-10,2179,Naukri-Jobspeak-May-2024.pdf,2024-05,https://www.infoedge.in/pdfs/News_Events_pdfs/Naukri-Jobspeak-May-2024.pdf
bpo_ites,2023-11,2054,Naukri-Jobspeak-May-2024.pdf,2024-05,https://www.infoedge.in/pdfs/News_Events_pdfs/Naukri-Jobspeak-May-2024.pdf
bpo_ites,2023-12,1872,Naukri-Jobspeak-May-2024.pdf,2024-05,https://www.infoedge.in/pdfs/News_Events_pdfs/Naukri-Jobspeak-May-2024.pdf
bpo_ites,2024-01,1939,Naukri-Jobspeak-May-2024.pdf,2024-05,https://www.infoedge.in/pdfs/News_Events_pdfs/Naukri-Jobspeak-May-2024.pdf
bpo_ites,2024-02,2157,Naukri-Jobspeak-May-2024.pdf,2024-05,https://www.infoedge.in/pdfs/News_Events_pdfs/Naukri-Jobspeak-May-2024.pdf
bpo_ites,2024-03,2264,Naukri-Jobspeak-May-2024.pdf,2024-05,https://www.infoedge.in/pdfs/News_Events_pdfs/Naukri-Jobspeak-May-2024.pdf
bpo_ites,2024-04,2181,Naukri-Jobspeak-May-2024.pdf,2024-05,https://www.infoedge.in/pdfs/News_Events_pdfs/Naukri-Jobspeak-May-2024.pdf
bpo_ites,2024-05,2195,Naukri-Jobspeak-May-2024.pdf,2024-05,https://www.infoedge.in/pdfs/News_Events_pdfs/Naukri-Jobspeak-May-2024.pdf
it_software,2023-05,3618,Naukri-Jobspeak-May-2024.pdf,2024-05,https://www.infoedge.in/pdfs/News_Events_pdfs/Naukri-Jobspeak-May-2024.pdf
it_software,2023-06,3511,Naukri-Jobspeak-May-2024.pdf,2024-05,https://www.infoedge.in/pdfs/News_Events_pdfs/Naukri-Jobspeak-May-2024.pdf
it_software,2023-07,3187,Naukri-Jobspeak-May-2024.pdf,2024-05,https://www.infoedge.in/pdfs/News_Events_pdfs/Naukri-Jobspeak-May-2024.pdf
it_software,2023-08,3278,Naukri-Jobspeak-May-2024.pdf,2024-05,https://www.infoedge.in/pdfs/News_Events_pdfs/Naukri-Jobspeak-May-2024.pdf
it_software,2023-09,2989,Naukri-Jobspeak-May-2024.pdf,2024-05,https://www.infoedge.in/pdfs/News_Events_pdfs/Naukri-Jobspeak-May-2024.pdf
it_software,2023-10,3302,Naukri-Jobspeak-May-2024.pdf,2024-05,https://www.infoedge.in/pdfs/News_Events_pdfs/Naukri-Jobspeak-May-2024.pdf
it_software,2023-11,3349,Naukri-Jobspeak-May-2024.pdf,2024-05,https://www.infoedge.in/pdfs/News_Events_pdfs/Naukri-Jobspeak-May-2024.pdf
it_software,2023-12,3210,Naukri-Jobspeak-May-2024.pdf,2024-05,https://www.infoedge.in/pdfs/News_Events_pdfs/Naukri-Jobspeak-May-2024.pdf
it_software,2024-01,3233,Naukri-Jobspeak-May-2024.pdf,2024-05,https://www.infoedge.in/pdfs/News_Events_pdfs/Naukri-Jobspeak-May-2024.pdf
it_software,2024-02,3748,Naukri-Jobspeak-May-2024.pdf,2024-05,https://www.infoedge.in/pdfs/News_Events_pdfs/Naukri-Jobspeak-May-2024.pdf
it_software,2024-03,3501,Naukri-Jobspeak-May-2024.pdf,2024-05,https://www.infoedge.in/pdfs/News_Events_pdfs/Naukri-Jobspeak-May-2024.pdf
it_software,2024-04,3456,Naukri-Jobspeak-May-2024.pdf,2024-05,https://www.infoedge.in/pdfs/News_Events_pdfs/Naukri-Jobspeak-May-2024.pdf
it_software,2024-05,3630,Naukri-Jobspeak-May-2024.pdf,2024-05,https://www.infoedge.in/pdfs/News_Events_pdfs/Naukri-Jobspeak-May-2024.pdf
bpo_ites,2025-05,2282,Naukri-Jobspeak-May-2026.pdf,2026-05,https://www.infoedge.in/pdfs/News_Events_pdfs/Naukri-Jobspeak-May-2026.pdf
bpo_ites,2025-06,2339,Naukri-Jobspeak-May-2026.pdf,2026-05,https://www.infoedge.in/pdfs/News_Events_pdfs/Naukri-Jobspeak-May-2026.pdf
bpo_ites,2025-07,2450,Naukri-Jobspeak-May-2026.pdf,2026-05,https://www.infoedge.in/pdfs/News_Events_pdfs/Naukri-Jobspeak-May-2026.pdf
bpo_ites,2025-08,2332,Naukri-Jobspeak-May-2026.pdf,2026-05,https://www.infoedge.in/pdfs/News_Events_pdfs/Naukri-Jobspeak-May-2026.pdf
bpo_ites,2025-09,2532,Naukri-Jobspeak-May-2026.pdf,2026-05,https://www.infoedge.in/pdfs/News_Events_pdfs/Naukri-Jobspeak-May-2026.pdf
bpo_ites,2025-10,2193,Naukri-Jobspeak-May-2026.pdf,2026-05,https://www.infoedge.in/pdfs/News_Events_pdfs/Naukri-Jobspeak-May-2026.pdf
bpo_ites,2025-11,2475,Naukri-Jobspeak-May-2026.pdf,2026-05,https://www.infoedge.in/pdfs/News_Events_pdfs/Naukri-Jobspeak-May-2026.pdf
bpo_ites,2025-12,2460,Naukri-Jobspeak-May-2026.pdf,2026-05,https://www.infoedge.in/pdfs/News_Events_pdfs/Naukri-Jobspeak-May-2026.pdf
bpo_ites,2026-01,2306,Naukri-Jobspeak-May-2026.pdf,2026-05,https://www.infoedge.in/pdfs/News_Events_pdfs/Naukri-Jobspeak-May-2026.pdf
bpo_ites,2026-02,2643,Naukri-Jobspeak-May-2026.pdf,2026-05,https://www.infoedge.in/pdfs/News_Events_pdfs/Naukri-Jobspeak-May-2026.pdf
bpo_ites,2026-03,2477,Naukri-Jobspeak-May-2026.pdf,2026-05,https://www.infoedge.in/pdfs/News_Events_pdfs/Naukri-Jobspeak-May-2026.pdf
bpo_ites,2026-04,2672,Naukri-Jobspeak-May-2026.pdf,2026-05,https://www.infoedge.in/pdfs/News_Events_pdfs/Naukri-Jobspeak-May-2026.pdf
bpo_ites,2026-05,2483,Naukri-Jobspeak-May-2026.pdf,2026-05,https://www.infoedge.in/pdfs/News_Events_pdfs/Naukri-Jobspeak-May-2026.pdf
it_software,2025-05,3457,Naukri-Jobspeak-May-2026.pdf,2026-05,https://www.infoedge.in/pdfs/News_Events_pdfs/Naukri-Jobspeak-May-2026.pdf
it_software,2025-06,3523,Naukri-Jobspeak-May-2026.pdf,2026-05,https://www.infoedge.in/pdfs/News_Events_pdfs/Naukri-Jobspeak-May-2026.pdf
it_software,2025-07,3688,Naukri-Jobspeak-May-2026.pdf,2026-05,https://www.infoedge.in/pdfs/News_Events_pdfs/Naukri-Jobspeak-May-2026.pdf
it_software,2025-08,3111,Naukri-Jobspeak-May-2026.pdf,2026-05,https://www.infoedge.in/pdfs/News_Events_pdfs/Naukri-Jobspeak-May-2026.pdf
it_software,2025-09,3585,Naukri-Jobspeak-May-2026.pdf,2026-05,https://www.infoedge.in/pdfs/News_Events_pdfs/Naukri-Jobspeak-May-2026.pdf
it_software,2025-10,2967,Naukri-Jobspeak-May-2026.pdf,2026-05,https://www.infoedge.in/pdfs/News_Events_pdfs/Naukri-Jobspeak-May-2026.pdf
it_software,2025-11,3565,Naukri-Jobspeak-May-2026.pdf,2026-05,https://www.infoedge.in/pdfs/News_Events_pdfs/Naukri-Jobspeak-May-2026.pdf
it_software,2025-12,3531,Naukri-Jobspeak-May-2026.pdf,2026-05,https://www.infoedge.in/pdfs/News_Events_pdfs/Naukri-Jobspeak-May-2026.pdf
it_software,2026-01,3119,Naukri-Jobspeak-May-2026.pdf,2026-05,https://www.infoedge.in/pdfs/News_Events_pdfs/Naukri-Jobspeak-May-2026.pdf
it_software,2026-02,3948,Naukri-Jobspeak-May-2026.pdf,2026-05,https://www.infoedge.in/pdfs/News_Events_pdfs/Naukri-Jobspeak-May-2026.pdf
it_software,2026-03,3462,Naukri-Jobspeak-May-2026.pdf,2026-05,https://www.infoedge.in/pdfs/News_Events_pdfs/Naukri-Jobspeak-May-2026.pdf
it_software,2026-04,3605,Naukri-Jobspeak-May-2026.pdf,2026-05,https://www.infoedge.in/pdfs/News_Events_pdfs/Naukri-Jobspeak-May-2026.pdf
it_software,2026-05,3205,Naukri-Jobspeak-May-2026.pdf,2026-05,https://www.infoedge.in/pdfs/News_Events_pdfs/Naukri-Jobspeak-May-2026.pdf
bpo_ites,2024-11,1887,Naukri-Jobspeak-Nov-2025.pdf,2025-11,https://www.infoedge.in/pdfs/News_Events_pdfs/Naukri-Jobspeak-Nov-2025.pdf
bpo_ites,2024-12,1984,Naukri-Jobspeak-Nov-2025.pdf,2025-11,https://www.infoedge.in/pdfs/News_Events_pdfs/Naukri-Jobspeak-Nov-2025.pdf
bpo_ites,2025-01,1909,Naukri-Jobspeak-Nov-2025.pdf,2025-11,https://www.infoedge.in/pdfs/News_Events_pdfs/Naukri-Jobspeak-Nov-2025.pdf
bpo_ites,2025-02,2171,Naukri-Jobspeak-Nov-2025.pdf,2025-11,https://www.infoedge.in/pdfs/News_Events_pdfs/Naukri-Jobspeak-Nov-2025.pdf
bpo_ites,2025-03,2095,Naukri-Jobspeak-Nov-2025.pdf,2025-11,https://www.infoedge.in/pdfs/News_Events_pdfs/Naukri-Jobspeak-Nov-2025.pdf
bpo_ites,2025-04,2314,Naukri-Jobspeak-Nov-2025.pdf,2025-11,https://www.infoedge.in/pdfs/News_Events_pdfs/Naukri-Jobspeak-Nov-2025.pdf
bpo_ites,2025-05,2282,Naukri-Jobspeak-Nov-2025.pdf,2025-11,https://www.infoedge.in/pdfs/News_Events_pdfs/Naukri-Jobspeak-Nov-2025.pdf
bpo_ites,2025-06,2339,Naukri-Jobspeak-Nov-2025.pdf,2025-11,https://www.infoedge.in/pdfs/News_Events_pdfs/Naukri-Jobspeak-Nov-2025.pdf
bpo_ites,2025-07,2450,Naukri-Jobspeak-Nov-2025.pdf,2025-11,https://www.infoedge.in/pdfs/News_Events_pdfs/Naukri-Jobspeak-Nov-2025.pdf
bpo_ites,2025-08,2332,Naukri-Jobspeak-Nov-2025.pdf,2025-11,https://www.infoedge.in/pdfs/News_Events_pdfs/Naukri-Jobspeak-Nov-2025.pdf
bpo_ites,2025-09,2532,Naukri-Jobspeak-Nov-2025.pdf,2025-11,https://www.infoedge.in/pdfs/News_Events_pdfs/Naukri-Jobspeak-Nov-2025.pdf
bpo_ites,2025-10,2193,Naukri-Jobspeak-Nov-2025.pdf,2025-11,https://www.infoedge.in/pdfs/News_Events_pdfs/Naukri-Jobspeak-Nov-2025.pdf
bpo_ites,2025-11,2475,Naukri-Jobspeak-Nov-2025.pdf,2025-11,https://www.infoedge.in/pdfs/News_Events_pdfs/Naukri-Jobspeak-Nov-2025.pdf
it_software,2024-11,3116,Naukri-Jobspeak-Nov-2025.pdf,2025-11,https://www.infoedge.in/pdfs/News_Events_pdfs/Naukri-Jobspeak-Nov-2025.pdf
it_software,2024-12,3266,Naukri-Jobspeak-Nov-2025.pdf,2025-11,https://www.infoedge.in/pdfs/News_Events_pdfs/Naukri-Jobspeak-Nov-2025.pdf
it_software,2025-01,3190,Naukri-Jobspeak-Nov-2025.pdf,2025-11,https://www.infoedge.in/pdfs/News_Events_pdfs/Naukri-Jobspeak-Nov-2025.pdf
it_software,2025-02,3711,Naukri-Jobspeak-Nov-2025.pdf,2025-11,https://www.infoedge.in/pdfs/News_Events_pdfs/Naukri-Jobspeak-Nov-2025.pdf
it_software,2025-03,3413,Naukri-Jobspeak-Nov-2025.pdf,2025-11,https://www.infoedge.in/pdfs/News_Events_pdfs/Naukri-Jobspeak-Nov-2025.pdf
it_software,2025-04,3573,Naukri-Jobspeak-Nov-2025.pdf,2025-11,https://www.infoedge.in/pdfs/News_Events_pdfs/Naukri-Jobspeak-Nov-2025.pdf
it_software,2025-05,3457,Naukri-Jobspeak-Nov-2025.pdf,2025-11,https://www.infoedge.in/pdfs/News_Events_pdfs/Naukri-Jobspeak-Nov-2025.pdf
it_software,2025-06,3523,Naukri-Jobspeak-Nov-2025.pdf,2025-11,https://www.infoedge.in/pdfs/News_Events_pdfs/Naukri-Jobspeak-Nov-2025.pdf
it_software,2025-07,3688,Naukri-Jobspeak-Nov-2025.pdf,2025-11,https://www.infoedge.in/pdfs/News_Events_pdfs/Naukri-Jobspeak-Nov-2025.pdf
it_software,2025-08,3111,Naukri-Jobspeak-Nov-2025.pdf,2025-11,https://www.infoedge.in/pdfs/News_Events_pdfs/Naukri-Jobspeak-Nov-2025.pdf
it_software,2025-09,3585,Naukri-Jobspeak-Nov-2025.pdf,2025-11,https://www.infoedge.in/pdfs/News_Events_pdfs/Naukri-Jobspeak-Nov-2025.pdf
it_software,2025-10,2967,Naukri-Jobspeak-Nov-2025.pdf,2025-11,https://www.infoedge.in/pdfs/News_Events_pdfs/Naukri-Jobspeak-Nov-2025.pdf
it_software,2025-11,3565,Naukri-Jobspeak-Nov-2025.pdf,2025-11,https://www.infoedge.in/pdfs/News_Events_pdfs/Naukri-Jobspeak-Nov-2025.pdf
bpo_ites,2022-11,2511,Naukri-Jobspeak-November-2023.pdf,2023-11,https://www.infoedge.in/pdfs/News_Events_pdfs/Naukri-Jobspeak-November-2023.pdf
bpo_ites,2022-12,2249,Naukri-Jobspeak-November-2023.pdf,2023-11,https://www.infoedge.in/pdfs/News_Events_pdfs/Naukri-Jobspeak-November-2023.pdf
bpo_ites,2023-01,2303,Naukri-Jobspeak-November-2023.pdf,2023-11,https://www.infoedge.in/pdfs/News_Events_pdfs/Naukri-Jobspeak-November-2023.pdf
bpo_ites,2023-02,2456,Naukri-Jobspeak-November-2023.pdf,2023-11,https://www.infoedge.in/pdfs/News_Events_pdfs/Naukri-Jobspeak-November-2023.pdf
bpo_ites,2023-03,2415,Naukri-Jobspeak-November-2023.pdf,2023-11,https://www.infoedge.in/pdfs/News_Events_pdfs/Naukri-Jobspeak-November-2023.pdf
bpo_ites,2023-04,2186,Naukri-Jobspeak-November-2023.pdf,2023-11,https://www.infoedge.in/pdfs/News_Events_pdfs/Naukri-Jobspeak-November-2023.pdf
bpo_ites,2023-05,2256,Naukri-Jobspeak-November-2023.pdf,2023-11,https://www.infoedge.in/pdfs/News_Events_pdfs/Naukri-Jobspeak-November-2023.pdf
bpo_ites,2023-06,2163,Naukri-Jobspeak-November-2023.pdf,2023-11,https://www.infoedge.in/pdfs/News_Events_pdfs/Naukri-Jobspeak-November-2023.pdf
bpo_ites,2023-07,2036,Naukri-Jobspeak-November-2023.pdf,2023-11,https://www.infoedge.in/pdfs/News_Events_pdfs/Naukri-Jobspeak-November-2023.pdf
bpo_ites,2023-08,2085,Naukri-Jobspeak-November-2023.pdf,2023-11,https://www.infoedge.in/pdfs/News_Events_pdfs/Naukri-Jobspeak-November-2023.pdf
bpo_ites,2023-09,1952,Naukri-Jobspeak-November-2023.pdf,2023-11,https://www.infoedge.in/pdfs/News_Events_pdfs/Naukri-Jobspeak-November-2023.pdf
bpo_ites,2023-10,2179,Naukri-Jobspeak-November-2023.pdf,2023-11,https://www.infoedge.in/pdfs/News_Events_pdfs/Naukri-Jobspeak-November-2023.pdf
bpo_ites,2023-11,2054,Naukri-Jobspeak-November-2023.pdf,2023-11,https://www.infoedge.in/pdfs/News_Events_pdfs/Naukri-Jobspeak-November-2023.pdf
it_software,2022-11,4674,Naukri-Jobspeak-November-2023.pdf,2023-11,https://www.infoedge.in/pdfs/News_Events_pdfs/Naukri-Jobspeak-November-2023.pdf
it_software,2022-12,4087,Naukri-Jobspeak-November-2023.pdf,2023-11,https://www.infoedge.in/pdfs/News_Events_pdfs/Naukri-Jobspeak-November-2023.pdf
it_software,2023-01,4010,Naukri-Jobspeak-November-2023.pdf,2023-11,https://www.infoedge.in/pdfs/News_Events_pdfs/Naukri-Jobspeak-November-2023.pdf
it_software,2023-02,4428,Naukri-Jobspeak-November-2023.pdf,2023-11,https://www.infoedge.in/pdfs/News_Events_pdfs/Naukri-Jobspeak-November-2023.pdf
it_software,2023-03,4147,Naukri-Jobspeak-November-2023.pdf,2023-11,https://www.infoedge.in/pdfs/News_Events_pdfs/Naukri-Jobspeak-November-2023.pdf
it_software,2023-04,3392,Naukri-Jobspeak-November-2023.pdf,2023-11,https://www.infoedge.in/pdfs/News_Events_pdfs/Naukri-Jobspeak-November-2023.pdf
it_software,2023-05,3618,Naukri-Jobspeak-November-2023.pdf,2023-11,https://www.infoedge.in/pdfs/News_Events_pdfs/Naukri-Jobspeak-November-2023.pdf
it_software,2023-06,3511,Naukri-Jobspeak-November-2023.pdf,2023-11,https://www.infoedge.in/pdfs/News_Events_pdfs/Naukri-Jobspeak-November-2023.pdf
it_software,2023-07,3187,Naukri-Jobspeak-November-2023.pdf,2023-11,https://www.infoedge.in/pdfs/News_Events_pdfs/Naukri-Jobspeak-November-2023.pdf
it_software,2023-08,3278,Naukri-Jobspeak-November-2023.pdf,2023-11,https://www.infoedge.in/pdfs/News_Events_pdfs/Naukri-Jobspeak-November-2023.pdf
it_software,2023-09,2989,Naukri-Jobspeak-November-2023.pdf,2023-11,https://www.infoedge.in/pdfs/News_Events_pdfs/Naukri-Jobspeak-November-2023.pdf
it_software,2023-10,3302,Naukri-Jobspeak-November-2023.pdf,2023-11,https://www.infoedge.in/pdfs/News_Events_pdfs/Naukri-Jobspeak-November-2023.pdf
it_software,2023-11,3349,Naukri-Jobspeak-November-2023.pdf,2023-11,https://www.infoedge.in/pdfs/News_Events_pdfs/Naukri-Jobspeak-November-2023.pdf
exp_0_3,2022-11,3253,Naukri-Jobspeak-November-2023.pdf,2023-11,https://www.infoedge.in/pdfs/News_Events_pdfs/Naukri-Jobspeak-November-2023.pdf
exp_0_3,2022-12,3106,Naukri-Jobspeak-November-2023.pdf,2023-11,https://www.infoedge.in/pdfs/News_Events_pdfs/Naukri-Jobspeak-November-2023.pdf
exp_0_3,2023-01,2926,Naukri-Jobspeak-November-2023.pdf,2023-11,https://www.infoedge.in/pdfs/News_Events_pdfs/Naukri-Jobspeak-November-2023.pdf
exp_0_3,2023-02,3073,Naukri-Jobspeak-November-2023.pdf,2023-11,https://www.infoedge.in/pdfs/News_Events_pdfs/Naukri-Jobspeak-November-2023.pdf
exp_0_3,2023-03,3144,Naukri-Jobspeak-November-2023.pdf,2023-11,https://www.infoedge.in/pdfs/News_Events_pdfs/Naukri-Jobspeak-November-2023.pdf
exp_0_3,2023-04,2834,Naukri-Jobspeak-November-2023.pdf,2023-11,https://www.infoedge.in/pdfs/News_Events_pdfs/Naukri-Jobspeak-November-2023.pdf
exp_0_3,2023-05,2945,Naukri-Jobspeak-November-2023.pdf,2023-11,https://www.infoedge.in/pdfs/News_Events_pdfs/Naukri-Jobspeak-November-2023.pdf
exp_0_3,2023-06,2890,Naukri-Jobspeak-November-2023.pdf,2023-11,https://www.infoedge.in/pdfs/News_Events_pdfs/Naukri-Jobspeak-November-2023.pdf
exp_0_3,2023-07,2672,Naukri-Jobspeak-November-2023.pdf,2023-11,https://www.infoedge.in/pdfs/News_Events_pdfs/Naukri-Jobspeak-November-2023.pdf
exp_0_3,2023-08,2769,Naukri-Jobspeak-November-2023.pdf,2023-11,https://www.infoedge.in/pdfs/News_Events_pdfs/Naukri-Jobspeak-November-2023.pdf
exp_0_3,2023-09,2933,Naukri-Jobspeak-November-2023.pdf,2023-11,https://www.infoedge.in/pdfs/News_Events_pdfs/Naukri-Jobspeak-November-2023.pdf
exp_0_3,2023-10,2642,Naukri-Jobspeak-November-2023.pdf,2023-11,https://www.infoedge.in/pdfs/News_Events_pdfs/Naukri-Jobspeak-November-2023.pdf
exp_0_3,2023-11,2484,Naukri-Jobspeak-November-2023.pdf,2023-11,https://www.infoedge.in/pdfs/News_Events_pdfs/Naukri-Jobspeak-November-2023.pdf
exp_4_7,2022-11,3293,Naukri-Jobspeak-November-2023.pdf,2023-11,https://www.infoedge.in/pdfs/News_Events_pdfs/Naukri-Jobspeak-November-2023.pdf
exp_4_7,2022-12,2998,Naukri-Jobspeak-November-2023.pdf,2023-11,https://www.infoedge.in/pdfs/News_Events_pdfs/Naukri-Jobspeak-November-2023.pdf
exp_4_7,2023-01,2871,Naukri-Jobspeak-November-2023.pdf,2023-11,https://www.infoedge.in/pdfs/News_Events_pdfs/Naukri-Jobspeak-November-2023.pdf
exp_4_7,2023-02,3104,Naukri-Jobspeak-November-2023.pdf,2023-11,https://www.infoedge.in/pdfs/News_Events_pdfs/Naukri-Jobspeak-November-2023.pdf
exp_4_7,2023-03,3010,Naukri-Jobspeak-November-2023.pdf,2023-11,https://www.infoedge.in/pdfs/News_Events_pdfs/Naukri-Jobspeak-November-2023.pdf
exp_4_7,2023-04,2725,Naukri-Jobspeak-November-2023.pdf,2023-11,https://www.infoedge.in/pdfs/News_Events_pdfs/Naukri-Jobspeak-November-2023.pdf
exp_4_7,2023-05,2846,Naukri-Jobspeak-November-2023.pdf,2023-11,https://www.infoedge.in/pdfs/News_Events_pdfs/Naukri-Jobspeak-November-2023.pdf
exp_4_7,2023-06,2770,Naukri-Jobspeak-November-2023.pdf,2023-11,https://www.infoedge.in/pdfs/News_Events_pdfs/Naukri-Jobspeak-November-2023.pdf
exp_4_7,2023-07,2516,Naukri-Jobspeak-November-2023.pdf,2023-11,https://www.infoedge.in/pdfs/News_Events_pdfs/Naukri-Jobspeak-November-2023.pdf
exp_4_7,2023-08,2567,Naukri-Jobspeak-November-2023.pdf,2023-11,https://www.infoedge.in/pdfs/News_Events_pdfs/Naukri-Jobspeak-November-2023.pdf
exp_4_7,2023-09,2717,Naukri-Jobspeak-November-2023.pdf,2023-11,https://www.infoedge.in/pdfs/News_Events_pdfs/Naukri-Jobspeak-November-2023.pdf
exp_4_7,2023-10,2361,Naukri-Jobspeak-November-2023.pdf,2023-11,https://www.infoedge.in/pdfs/News_Events_pdfs/Naukri-Jobspeak-November-2023.pdf
exp_4_7,2023-11,2282,Naukri-Jobspeak-November-2023.pdf,2023-11,https://www.infoedge.in/pdfs/News_Events_pdfs/Naukri-Jobspeak-November-2023.pdf
exp_13_16,2022-11,2342,Naukri-Jobspeak-November-2023.pdf,2023-11,https://www.infoedge.in/pdfs/News_Events_pdfs/Naukri-Jobspeak-November-2023.pdf
exp_13_16,2022-12,2231,Naukri-Jobspeak-November-2023.pdf,2023-11,https://www.infoedge.in/pdfs/News_Events_pdfs/Naukri-Jobspeak-November-2023.pdf
exp_13_16,2023-01,2159,Naukri-Jobspeak-November-2023.pdf,2023-11,https://www.infoedge.in/pdfs/News_Events_pdfs/Naukri-Jobspeak-November-2023.pdf
exp_13_16,2023-02,2362,Naukri-Jobspeak-November-2023.pdf,2023-11,https://www.infoedge.in/pdfs/News_Events_pdfs/Naukri-Jobspeak-November-2023.pdf
exp_13_16,2023-03,2389,Naukri-Jobspeak-November-2023.pdf,2023-11,https://www.infoedge.in/pdfs/News_Events_pdfs/Naukri-Jobspeak-November-2023.pdf
exp_13_16,2023-04,2217,Naukri-Jobspeak-November-2023.pdf,2023-11,https://www.infoedge.in/pdfs/News_Events_pdfs/Naukri-Jobspeak-November-2023.pdf
exp_13_16,2023-05,2370,Naukri-Jobspeak-November-2023.pdf,2023-11,https://www.infoedge.in/pdfs/News_Events_pdfs/Naukri-Jobspeak-November-2023.pdf
exp_13_16,2023-06,2379,Naukri-Jobspeak-November-2023.pdf,2023-11,https://www.infoedge.in/pdfs/News_Events_pdfs/Naukri-Jobspeak-November-2023.pdf
exp_13_16,2023-07,2271,Naukri-Jobspeak-November-2023.pdf,2023-11,https://www.infoedge.in/pdfs/News_Events_pdfs/Naukri-Jobspeak-November-2023.pdf
exp_13_16,2023-08,2372,Naukri-Jobspeak-November-2023.pdf,2023-11,https://www.infoedge.in/pdfs/News_Events_pdfs/Naukri-Jobspeak-November-2023.pdf
exp_13_16,2023-09,2421,Naukri-Jobspeak-November-2023.pdf,2023-11,https://www.infoedge.in/pdfs/News_Events_pdfs/Naukri-Jobspeak-November-2023.pdf
exp_13_16,2023-10,2227,Naukri-Jobspeak-November-2023.pdf,2023-11,https://www.infoedge.in/pdfs/News_Events_pdfs/Naukri-Jobspeak-November-2023.pdf
exp_13_16,2023-11,2116,Naukri-Jobspeak-November-2023.pdf,2023-11,https://www.infoedge.in/pdfs/News_Events_pdfs/Naukri-Jobspeak-November-2023.pdf
exp_16plus,2022-11,2055,Naukri-Jobspeak-November-2023.pdf,2023-11,https://www.infoedge.in/pdfs/News_Events_pdfs/Naukri-Jobspeak-November-2023.pdf
exp_16plus,2022-12,2184,Naukri-Jobspeak-November-2023.pdf,2023-11,https://www.infoedge.in/pdfs/News_Events_pdfs/Naukri-Jobspeak-November-2023.pdf
exp_16plus,2023-01,2051,Naukri-Jobspeak-November-2023.pdf,2023-11,https://www.infoedge.in/pdfs/News_Events_pdfs/Naukri-Jobspeak-November-2023.pdf
exp_16plus,2023-02,2273,Naukri-Jobspeak-November-2023.pdf,2023-11,https://www.infoedge.in/pdfs/News_Events_pdfs/Naukri-Jobspeak-November-2023.pdf
exp_16plus,2023-03,2373,Naukri-Jobspeak-November-2023.pdf,2023-11,https://www.infoedge.in/pdfs/News_Events_pdfs/Naukri-Jobspeak-November-2023.pdf
exp_16plus,2023-04,2230,Naukri-Jobspeak-November-2023.pdf,2023-11,https://www.infoedge.in/pdfs/News_Events_pdfs/Naukri-Jobspeak-November-2023.pdf
exp_16plus,2023-05,2355,Naukri-Jobspeak-November-2023.pdf,2023-11,https://www.infoedge.in/pdfs/News_Events_pdfs/Naukri-Jobspeak-November-2023.pdf
exp_16plus,2023-06,2370,Naukri-Jobspeak-November-2023.pdf,2023-11,https://www.infoedge.in/pdfs/News_Events_pdfs/Naukri-Jobspeak-November-2023.pdf
exp_16plus,2023-07,2276,Naukri-Jobspeak-November-2023.pdf,2023-11,https://www.infoedge.in/pdfs/News_Events_pdfs/Naukri-Jobspeak-November-2023.pdf
exp_16plus,2023-08,2457,Naukri-Jobspeak-November-2023.pdf,2023-11,https://www.infoedge.in/pdfs/News_Events_pdfs/Naukri-Jobspeak-November-2023.pdf
exp_16plus,2023-09,2522,Naukri-Jobspeak-November-2023.pdf,2023-11,https://www.infoedge.in/pdfs/News_Events_pdfs/Naukri-Jobspeak-November-2023.pdf
exp_16plus,2023-10,2361,Naukri-Jobspeak-November-2023.pdf,2023-11,https://www.infoedge.in/pdfs/News_Events_pdfs/Naukri-Jobspeak-November-2023.pdf
exp_16plus,2023-11,2247,Naukri-Jobspeak-November-2023.pdf,2023-11,https://www.infoedge.in/pdfs/News_Events_pdfs/Naukri-Jobspeak-November-2023.pdf
bpo_ites,2023-11,2054,Naukri-Jobspeak-November-2024.pdf,2024-11,https://www.infoedge.in/pdfs/News_Events_pdfs/Naukri-Jobspeak-November-2024.pdf
bpo_ites,2023-12,1872,Naukri-Jobspeak-November-2024.pdf,2024-11,https://www.infoedge.in/pdfs/News_Events_pdfs/Naukri-Jobspeak-November-2024.pdf
bpo_ites,2024-01,1939,Naukri-Jobspeak-November-2024.pdf,2024-11,https://www.infoedge.in/pdfs/News_Events_pdfs/Naukri-Jobspeak-November-2024.pdf
bpo_ites,2024-02,2157,Naukri-Jobspeak-November-2024.pdf,2024-11,https://www.infoedge.in/pdfs/News_Events_pdfs/Naukri-Jobspeak-November-2024.pdf
bpo_ites,2024-03,2264,Naukri-Jobspeak-November-2024.pdf,2024-11,https://www.infoedge.in/pdfs/News_Events_pdfs/Naukri-Jobspeak-November-2024.pdf
bpo_ites,2024-04,2181,Naukri-Jobspeak-November-2024.pdf,2024-11,https://www.infoedge.in/pdfs/News_Events_pdfs/Naukri-Jobspeak-November-2024.pdf
bpo_ites,2024-05,2195,Naukri-Jobspeak-November-2024.pdf,2024-11,https://www.infoedge.in/pdfs/News_Events_pdfs/Naukri-Jobspeak-November-2024.pdf
bpo_ites,2024-06,1961,Naukri-Jobspeak-November-2024.pdf,2024-11,https://www.infoedge.in/pdfs/News_Events_pdfs/Naukri-Jobspeak-November-2024.pdf
bpo_ites,2024-07,2157,Naukri-Jobspeak-November-2024.pdf,2024-11,https://www.infoedge.in/pdfs/News_Events_pdfs/Naukri-Jobspeak-November-2024.pdf
bpo_ites,2024-08,1995,Naukri-Jobspeak-November-2024.pdf,2024-11,https://www.infoedge.in/pdfs/News_Events_pdfs/Naukri-Jobspeak-November-2024.pdf
bpo_ites,2024-09,2036,Naukri-Jobspeak-November-2024.pdf,2024-11,https://www.infoedge.in/pdfs/News_Events_pdfs/Naukri-Jobspeak-November-2024.pdf
bpo_ites,2024-10,2077,Naukri-Jobspeak-November-2024.pdf,2024-11,https://www.infoedge.in/pdfs/News_Events_pdfs/Naukri-Jobspeak-November-2024.pdf
bpo_ites,2024-11,1887,Naukri-Jobspeak-November-2024.pdf,2024-11,https://www.infoedge.in/pdfs/News_Events_pdfs/Naukri-Jobspeak-November-2024.pdf
exp_0_3,2023-11,2484,Naukri-Jobspeak-November-2024.pdf,2024-11,https://www.infoedge.in/pdfs/News_Events_pdfs/Naukri-Jobspeak-November-2024.pdf
exp_0_3,2023-12,2618,Naukri-Jobspeak-November-2024.pdf,2024-11,https://www.infoedge.in/pdfs/News_Events_pdfs/Naukri-Jobspeak-November-2024.pdf
exp_0_3,2024-01,2621,Naukri-Jobspeak-November-2024.pdf,2024-11,https://www.infoedge.in/pdfs/News_Events_pdfs/Naukri-Jobspeak-November-2024.pdf
exp_0_3,2024-02,2822,Naukri-Jobspeak-November-2024.pdf,2024-11,https://www.infoedge.in/pdfs/News_Events_pdfs/Naukri-Jobspeak-November-2024.pdf
exp_0_3,2024-03,2788,Naukri-Jobspeak-November-2024.pdf,2024-11,https://www.infoedge.in/pdfs/News_Events_pdfs/Naukri-Jobspeak-November-2024.pdf
exp_0_3,2024-04,2783,Naukri-Jobspeak-November-2024.pdf,2024-11,https://www.infoedge.in/pdfs/News_Events_pdfs/Naukri-Jobspeak-November-2024.pdf
exp_0_3,2024-05,2891,Naukri-Jobspeak-November-2024.pdf,2024-11,https://www.infoedge.in/pdfs/News_Events_pdfs/Naukri-Jobspeak-November-2024.pdf
exp_0_3,2024-06,2619,Naukri-Jobspeak-November-2024.pdf,2024-11,https://www.infoedge.in/pdfs/News_Events_pdfs/Naukri-Jobspeak-November-2024.pdf
exp_0_3,2024-07,2869,Naukri-Jobspeak-November-2024.pdf,2024-11,https://www.infoedge.in/pdfs/News_Events_pdfs/Naukri-Jobspeak-November-2024.pdf
exp_0_3,2024-08,2585,Naukri-Jobspeak-November-2024.pdf,2024-11,https://www.infoedge.in/pdfs/News_Events_pdfs/Naukri-Jobspeak-November-2024.pdf
exp_0_3,2024-09,2739,Naukri-Jobspeak-November-2024.pdf,2024-11,https://www.infoedge.in/pdfs/News_Events_pdfs/Naukri-Jobspeak-November-2024.pdf
exp_0_3,2024-10,2789,Naukri-Jobspeak-November-2024.pdf,2024-11,https://www.infoedge.in/pdfs/News_Events_pdfs/Naukri-Jobspeak-November-2024.pdf
exp_0_3,2024-11,2482,Naukri-Jobspeak-November-2024.pdf,2024-11,https://www.infoedge.in/pdfs/News_Events_pdfs/Naukri-Jobspeak-November-2024.pdf
exp_4_7,2023-11,2282,Naukri-Jobspeak-November-2024.pdf,2024-11,https://www.infoedge.in/pdfs/News_Events_pdfs/Naukri-Jobspeak-November-2024.pdf
exp_4_7,2023-12,2316,Naukri-Jobspeak-November-2024.pdf,2024-11,https://www.infoedge.in/pdfs/News_Events_pdfs/Naukri-Jobspeak-November-2024.pdf
exp_4_7,2024-01,2339,Naukri-Jobspeak-November-2024.pdf,2024-11,https://www.infoedge.in/pdfs/News_Events_pdfs/Naukri-Jobspeak-November-2024.pdf
exp_4_7,2024-02,2624,Naukri-Jobspeak-November-2024.pdf,2024-11,https://www.infoedge.in/pdfs/News_Events_pdfs/Naukri-Jobspeak-November-2024.pdf
exp_4_7,2024-03,2482,Naukri-Jobspeak-November-2024.pdf,2024-11,https://www.infoedge.in/pdfs/News_Events_pdfs/Naukri-Jobspeak-November-2024.pdf
exp_4_7,2024-04,2471,Naukri-Jobspeak-November-2024.pdf,2024-11,https://www.infoedge.in/pdfs/News_Events_pdfs/Naukri-Jobspeak-November-2024.pdf
exp_4_7,2024-05,2607,Naukri-Jobspeak-November-2024.pdf,2024-11,https://www.infoedge.in/pdfs/News_Events_pdfs/Naukri-Jobspeak-November-2024.pdf
exp_4_7,2024-06,2420,Naukri-Jobspeak-November-2024.pdf,2024-11,https://www.infoedge.in/pdfs/News_Events_pdfs/Naukri-Jobspeak-November-2024.pdf
exp_4_7,2024-07,2688,Naukri-Jobspeak-November-2024.pdf,2024-11,https://www.infoedge.in/pdfs/News_Events_pdfs/Naukri-Jobspeak-November-2024.pdf
exp_4_7,2024-08,2401,Naukri-Jobspeak-November-2024.pdf,2024-11,https://www.infoedge.in/pdfs/News_Events_pdfs/Naukri-Jobspeak-November-2024.pdf
exp_4_7,2024-09,2529,Naukri-Jobspeak-November-2024.pdf,2024-11,https://www.infoedge.in/pdfs/News_Events_pdfs/Naukri-Jobspeak-November-2024.pdf
exp_4_7,2024-10,2505,Naukri-Jobspeak-November-2024.pdf,2024-11,https://www.infoedge.in/pdfs/News_Events_pdfs/Naukri-Jobspeak-November-2024.pdf
exp_4_7,2024-11,2226,Naukri-Jobspeak-November-2024.pdf,2024-11,https://www.infoedge.in/pdfs/News_Events_pdfs/Naukri-Jobspeak-November-2024.pdf
exp_8_12,2023-11,2343,Naukri-Jobspeak-November-2024.pdf,2024-11,https://www.infoedge.in/pdfs/News_Events_pdfs/Naukri-Jobspeak-November-2024.pdf
exp_8_12,2023-12,2366,Naukri-Jobspeak-November-2024.pdf,2024-11,https://www.infoedge.in/pdfs/News_Events_pdfs/Naukri-Jobspeak-November-2024.pdf
exp_8_12,2024-01,2374,Naukri-Jobspeak-November-2024.pdf,2024-11,https://www.infoedge.in/pdfs/News_Events_pdfs/Naukri-Jobspeak-November-2024.pdf
exp_8_12,2024-02,2797,Naukri-Jobspeak-November-2024.pdf,2024-11,https://www.infoedge.in/pdfs/News_Events_pdfs/Naukri-Jobspeak-November-2024.pdf
exp_8_12,2024-03,2655,Naukri-Jobspeak-November-2024.pdf,2024-11,https://www.infoedge.in/pdfs/News_Events_pdfs/Naukri-Jobspeak-November-2024.pdf
exp_8_12,2024-04,2619,Naukri-Jobspeak-November-2024.pdf,2024-11,https://www.infoedge.in/pdfs/News_Events_pdfs/Naukri-Jobspeak-November-2024.pdf
exp_8_12,2024-05,2807,Naukri-Jobspeak-November-2024.pdf,2024-11,https://www.infoedge.in/pdfs/News_Events_pdfs/Naukri-Jobspeak-November-2024.pdf
exp_8_12,2024-06,2590,Naukri-Jobspeak-November-2024.pdf,2024-11,https://www.infoedge.in/pdfs/News_Events_pdfs/Naukri-Jobspeak-November-2024.pdf
exp_8_12,2024-07,2920,Naukri-Jobspeak-November-2024.pdf,2024-11,https://www.infoedge.in/pdfs/News_Events_pdfs/Naukri-Jobspeak-November-2024.pdf
exp_8_12,2024-08,2600,Naukri-Jobspeak-November-2024.pdf,2024-11,https://www.infoedge.in/pdfs/News_Events_pdfs/Naukri-Jobspeak-November-2024.pdf
exp_8_12,2024-09,2771,Naukri-Jobspeak-November-2024.pdf,2024-11,https://www.infoedge.in/pdfs/News_Events_pdfs/Naukri-Jobspeak-November-2024.pdf
exp_8_12,2024-10,2785,Naukri-Jobspeak-November-2024.pdf,2024-11,https://www.infoedge.in/pdfs/News_Events_pdfs/Naukri-Jobspeak-November-2024.pdf
exp_8_12,2024-11,2474,Naukri-Jobspeak-November-2024.pdf,2024-11,https://www.infoedge.in/pdfs/News_Events_pdfs/Naukri-Jobspeak-November-2024.pdf
exp_13_16,2023-11,2116,Naukri-Jobspeak-November-2024.pdf,2024-11,https://www.infoedge.in/pdfs/News_Events_pdfs/Naukri-Jobspeak-November-2024.pdf
exp_13_16,2023-12,2195,Naukri-Jobspeak-November-2024.pdf,2024-11,https://www.infoedge.in/pdfs/News_Events_pdfs/Naukri-Jobspeak-November-2024.pdf
exp_13_16,2024-01,2196,Naukri-Jobspeak-November-2024.pdf,2024-11,https://www.infoedge.in/pdfs/News_Events_pdfs/Naukri-Jobspeak-November-2024.pdf
exp_13_16,2024-02,2523,Naukri-Jobspeak-November-2024.pdf,2024-11,https://www.infoedge.in/pdfs/News_Events_pdfs/Naukri-Jobspeak-November-2024.pdf
exp_13_16,2024-03,2412,Naukri-Jobspeak-November-2024.pdf,2024-11,https://www.infoedge.in/pdfs/News_Events_pdfs/Naukri-Jobspeak-November-2024.pdf
exp_13_16,2024-04,2407,Naukri-Jobspeak-November-2024.pdf,2024-11,https://www.infoedge.in/pdfs/News_Events_pdfs/Naukri-Jobspeak-November-2024.pdf
exp_13_16,2024-05,2570,Naukri-Jobspeak-November-2024.pdf,2024-11,https://www.infoedge.in/pdfs/News_Events_pdfs/Naukri-Jobspeak-November-2024.pdf
exp_13_16,2024-06,2379,Naukri-Jobspeak-November-2024.pdf,2024-11,https://www.infoedge.in/pdfs/News_Events_pdfs/Naukri-Jobspeak-November-2024.pdf
exp_13_16,2024-07,2671,Naukri-Jobspeak-November-2024.pdf,2024-11,https://www.infoedge.in/pdfs/News_Events_pdfs/Naukri-Jobspeak-November-2024.pdf
exp_13_16,2024-08,2407,Naukri-Jobspeak-November-2024.pdf,2024-11,https://www.infoedge.in/pdfs/News_Events_pdfs/Naukri-Jobspeak-November-2024.pdf
exp_13_16,2024-09,2548,Naukri-Jobspeak-November-2024.pdf,2024-11,https://www.infoedge.in/pdfs/News_Events_pdfs/Naukri-Jobspeak-November-2024.pdf
exp_13_16,2024-10,2570,Naukri-Jobspeak-November-2024.pdf,2024-11,https://www.infoedge.in/pdfs/News_Events_pdfs/Naukri-Jobspeak-November-2024.pdf
exp_13_16,2024-11,2308,Naukri-Jobspeak-November-2024.pdf,2024-11,https://www.infoedge.in/pdfs/News_Events_pdfs/Naukri-Jobspeak-November-2024.pdf
exp_16plus,2023-11,2247,Naukri-Jobspeak-November-2024.pdf,2024-11,https://www.infoedge.in/pdfs/News_Events_pdfs/Naukri-Jobspeak-November-2024.pdf
exp_16plus,2023-12,2357,Naukri-Jobspeak-November-2024.pdf,2024-11,https://www.infoedge.in/pdfs/News_Events_pdfs/Naukri-Jobspeak-November-2024.pdf
exp_16plus,2024-01,2429,Naukri-Jobspeak-November-2024.pdf,2024-11,https://www.infoedge.in/pdfs/News_Events_pdfs/Naukri-Jobspeak-November-2024.pdf
exp_16plus,2024-02,2744,Naukri-Jobspeak-November-2024.pdf,2024-11,https://www.infoedge.in/pdfs/News_Events_pdfs/Naukri-Jobspeak-November-2024.pdf
exp_16plus,2024-03,2640,Naukri-Jobspeak-November-2024.pdf,2024-11,https://www.infoedge.in/pdfs/News_Events_pdfs/Naukri-Jobspeak-November-2024.pdf
exp_16plus,2024-04,2690,Naukri-Jobspeak-November-2024.pdf,2024-11,https://www.infoedge.in/pdfs/News_Events_pdfs/Naukri-Jobspeak-November-2024.pdf
exp_16plus,2024-05,2893,Naukri-Jobspeak-November-2024.pdf,2024-11,https://www.infoedge.in/pdfs/News_Events_pdfs/Naukri-Jobspeak-November-2024.pdf
exp_16plus,2024-06,2687,Naukri-Jobspeak-November-2024.pdf,2024-11,https://www.infoedge.in/pdfs/News_Events_pdfs/Naukri-Jobspeak-November-2024.pdf
exp_16plus,2024-07,2994,Naukri-Jobspeak-November-2024.pdf,2024-11,https://www.infoedge.in/pdfs/News_Events_pdfs/Naukri-Jobspeak-November-2024.pdf
exp_16plus,2024-08,2729,Naukri-Jobspeak-November-2024.pdf,2024-11,https://www.infoedge.in/pdfs/News_Events_pdfs/Naukri-Jobspeak-November-2024.pdf
exp_16plus,2024-09,2872,Naukri-Jobspeak-November-2024.pdf,2024-11,https://www.infoedge.in/pdfs/News_Events_pdfs/Naukri-Jobspeak-November-2024.pdf
exp_16plus,2024-10,2906,Naukri-Jobspeak-November-2024.pdf,2024-11,https://www.infoedge.in/pdfs/News_Events_pdfs/Naukri-Jobspeak-November-2024.pdf
exp_16plus,2024-11,2552,Naukri-Jobspeak-November-2024.pdf,2024-11,https://www.infoedge.in/pdfs/News_Events_pdfs/Naukri-Jobspeak-November-2024.pdf
it_software,2023-11,3349,Naukri-Jobspeak-November-2024.pdf,2024-11,https://www.infoedge.in/pdfs/News_Events_pdfs/Naukri-Jobspeak-November-2024.pdf
it_software,2023-12,3210,Naukri-Jobspeak-November-2024.pdf,2024-11,https://www.infoedge.in/pdfs/News_Events_pdfs/Naukri-Jobspeak-November-2024.pdf
it_software,2024-01,3233,Naukri-Jobspeak-November-2024.pdf,2024-11,https://www.infoedge.in/pdfs/News_Events_pdfs/Naukri-Jobspeak-November-2024.pdf
it_software,2024-02,3748,Naukri-Jobspeak-November-2024.pdf,2024-11,https://www.infoedge.in/pdfs/News_Events_pdfs/Naukri-Jobspeak-November-2024.pdf
it_software,2024-03,3501,Naukri-Jobspeak-November-2024.pdf,2024-11,https://www.infoedge.in/pdfs/News_Events_pdfs/Naukri-Jobspeak-November-2024.pdf
it_software,2024-04,3456,Naukri-Jobspeak-November-2024.pdf,2024-11,https://www.infoedge.in/pdfs/News_Events_pdfs/Naukri-Jobspeak-November-2024.pdf
it_software,2024-05,3630,Naukri-Jobspeak-November-2024.pdf,2024-11,https://www.infoedge.in/pdfs/News_Events_pdfs/Naukri-Jobspeak-November-2024.pdf
it_software,2024-06,3341,Naukri-Jobspeak-November-2024.pdf,2024-11,https://www.infoedge.in/pdfs/News_Events_pdfs/Naukri-Jobspeak-November-2024.pdf
it_software,2024-07,3713,Naukri-Jobspeak-November-2024.pdf,2024-11,https://www.infoedge.in/pdfs/News_Events_pdfs/Naukri-Jobspeak-November-2024.pdf
it_software,2024-08,3310,Naukri-Jobspeak-November-2024.pdf,2024-11,https://www.infoedge.in/pdfs/News_Events_pdfs/Naukri-Jobspeak-November-2024.pdf
it_software,2024-09,3539,Naukri-Jobspeak-November-2024.pdf,2024-11,https://www.infoedge.in/pdfs/News_Events_pdfs/Naukri-Jobspeak-November-2024.pdf
it_software,2024-10,3487,Naukri-Jobspeak-November-2024.pdf,2024-11,https://www.infoedge.in/pdfs/News_Events_pdfs/Naukri-Jobspeak-November-2024.pdf
it_software,2024-11,3116,Naukri-Jobspeak-November-2024.pdf,2024-11,https://www.infoedge.in/pdfs/News_Events_pdfs/Naukri-Jobspeak-November-2024.pdf
it_software,2021-11,4155,Naukri-Jobspeak-November2022.pdf,2022-11,https://www.infoedge.in/pdfs/News_Events_pdfs/Naukri-Jobspeak-November2022.pdf
it_software,2021-12,3334,Naukri-Jobspeak-November2022.pdf,2022-11,https://www.infoedge.in/pdfs/News_Events_pdfs/Naukri-Jobspeak-November2022.pdf
it_software,2022-01,5370,Naukri-Jobspeak-November2022.pdf,2022-11,https://www.infoedge.in/pdfs/News_Events_pdfs/Naukri-Jobspeak-November2022.pdf
it_software,2022-02,5560,Naukri-Jobspeak-November2022.pdf,2022-11,https://www.infoedge.in/pdfs/News_Events_pdfs/Naukri-Jobspeak-November2022.pdf
it_software,2022-03,4983,Naukri-Jobspeak-November2022.pdf,2022-11,https://www.infoedge.in/pdfs/News_Events_pdfs/Naukri-Jobspeak-November2022.pdf
it_software,2022-04,4656,Naukri-Jobspeak-November2022.pdf,2022-11,https://www.infoedge.in/pdfs/News_Events_pdfs/Naukri-Jobspeak-November2022.pdf
it_software,2022-05,4711,Naukri-Jobspeak-November2022.pdf,2022-11,https://www.infoedge.in/pdfs/News_Events_pdfs/Naukri-Jobspeak-November2022.pdf
it_software,2022-06,5069,Naukri-Jobspeak-November2022.pdf,2022-11,https://www.infoedge.in/pdfs/News_Events_pdfs/Naukri-Jobspeak-November2022.pdf
it_software,2022-07,5872,Naukri-Jobspeak-November2022.pdf,2022-11,https://www.infoedge.in/pdfs/News_Events_pdfs/Naukri-Jobspeak-November2022.pdf
it_software,2022-08,4881,Naukri-Jobspeak-November2022.pdf,2022-11,https://www.infoedge.in/pdfs/News_Events_pdfs/Naukri-Jobspeak-November2022.pdf
it_software,2022-09,5283,Naukri-Jobspeak-November2022.pdf,2022-11,https://www.infoedge.in/pdfs/News_Events_pdfs/Naukri-Jobspeak-November2022.pdf
it_software,2022-10,3825,Naukri-Jobspeak-November2022.pdf,2022-11,https://www.infoedge.in/pdfs/News_Events_pdfs/Naukri-Jobspeak-November2022.pdf
it_software,2022-11,4674,Naukri-Jobspeak-November2022.pdf,2022-11,https://www.infoedge.in/pdfs/News_Events_pdfs/Naukri-Jobspeak-November2022.pdf
bpo_ites,2021-11,1771,Naukri-Jobspeak-November2022.pdf,2022-11,https://www.infoedge.in/pdfs/News_Events_pdfs/Naukri-Jobspeak-November2022.pdf
bpo_ites,2021-12,1567,Naukri-Jobspeak-November2022.pdf,2022-11,https://www.infoedge.in/pdfs/News_Events_pdfs/Naukri-Jobspeak-November2022.pdf
bpo_ites,2022-01,1987,Naukri-Jobspeak-November2022.pdf,2022-11,https://www.infoedge.in/pdfs/News_Events_pdfs/Naukri-Jobspeak-November2022.pdf
bpo_ites,2022-02,2468,Naukri-Jobspeak-November2022.pdf,2022-11,https://www.infoedge.in/pdfs/News_Events_pdfs/Naukri-Jobspeak-November2022.pdf
bpo_ites,2022-03,2458,Naukri-Jobspeak-November2022.pdf,2022-11,https://www.infoedge.in/pdfs/News_Events_pdfs/Naukri-Jobspeak-November2022.pdf
bpo_ites,2022-04,2659,Naukri-Jobspeak-November2022.pdf,2022-11,https://www.infoedge.in/pdfs/News_Events_pdfs/Naukri-Jobspeak-November2022.pdf
bpo_ites,2022-05,2617,Naukri-Jobspeak-November2022.pdf,2022-11,https://www.infoedge.in/pdfs/News_Events_pdfs/Naukri-Jobspeak-November2022.pdf
bpo_ites,2022-06,2600,Naukri-Jobspeak-November2022.pdf,2022-11,https://www.infoedge.in/pdfs/News_Events_pdfs/Naukri-Jobspeak-November2022.pdf
bpo_ites,2022-07,2587,Naukri-Jobspeak-November2022.pdf,2022-11,https://www.infoedge.in/pdfs/News_Events_pdfs/Naukri-Jobspeak-November2022.pdf
bpo_ites,2022-08,2325,Naukri-Jobspeak-November2022.pdf,2022-11,https://www.infoedge.in/pdfs/News_Events_pdfs/Naukri-Jobspeak-November2022.pdf
bpo_ites,2022-09,2619,Naukri-Jobspeak-November2022.pdf,2022-11,https://www.infoedge.in/pdfs/News_Events_pdfs/Naukri-Jobspeak-November2022.pdf
bpo_ites,2022-10,2131,Naukri-Jobspeak-November2022.pdf,2022-11,https://www.infoedge.in/pdfs/News_Events_pdfs/Naukri-Jobspeak-November2022.pdf
bpo_ites,2022-11,2511,Naukri-Jobspeak-November2022.pdf,2022-11,https://www.infoedge.in/pdfs/News_Events_pdfs/Naukri-Jobspeak-November2022.pdf
exp_0_3,2021-11,2444,Naukri-Jobspeak-November2022.pdf,2022-11,https://www.infoedge.in/pdfs/News_Events_pdfs/Naukri-Jobspeak-November2022.pdf
exp_0_3,2021-12,2146,Naukri-Jobspeak-November2022.pdf,2022-11,https://www.infoedge.in/pdfs/News_Events_pdfs/Naukri-Jobspeak-November2022.pdf
exp_0_3,2022-01,2919,Naukri-Jobspeak-November2022.pdf,2022-11,https://www.infoedge.in/pdfs/News_Events_pdfs/Naukri-Jobspeak-November2022.pdf
exp_0_3,2022-02,3335,Naukri-Jobspeak-November2022.pdf,2022-11,https://www.infoedge.in/pdfs/News_Events_pdfs/Naukri-Jobspeak-November2022.pdf
exp_0_3,2022-03,3154,Naukri-Jobspeak-November2022.pdf,2022-11,https://www.infoedge.in/pdfs/News_Events_pdfs/Naukri-Jobspeak-November2022.pdf
exp_0_3,2022-04,3223,Naukri-Jobspeak-November2022.pdf,2022-11,https://www.infoedge.in/pdfs/News_Events_pdfs/Naukri-Jobspeak-November2022.pdf
exp_0_3,2022-05,3170,Naukri-Jobspeak-November2022.pdf,2022-11,https://www.infoedge.in/pdfs/News_Events_pdfs/Naukri-Jobspeak-November2022.pdf
exp_0_3,2022-06,3105,Naukri-Jobspeak-November2022.pdf,2022-11,https://www.infoedge.in/pdfs/News_Events_pdfs/Naukri-Jobspeak-November2022.pdf
exp_0_3,2022-07,3266,Naukri-Jobspeak-November2022.pdf,2022-11,https://www.infoedge.in/pdfs/News_Events_pdfs/Naukri-Jobspeak-November2022.pdf
exp_0_3,2022-08,2999,Naukri-Jobspeak-November2022.pdf,2022-11,https://www.infoedge.in/pdfs/News_Events_pdfs/Naukri-Jobspeak-November2022.pdf
exp_0_3,2022-09,3265,Naukri-Jobspeak-November2022.pdf,2022-11,https://www.infoedge.in/pdfs/News_Events_pdfs/Naukri-Jobspeak-November2022.pdf
exp_0_3,2022-10,2642,Naukri-Jobspeak-November2022.pdf,2022-11,https://www.infoedge.in/pdfs/News_Events_pdfs/Naukri-Jobspeak-November2022.pdf
exp_0_3,2022-11,3253,Naukri-Jobspeak-November2022.pdf,2022-11,https://www.infoedge.in/pdfs/News_Events_pdfs/Naukri-Jobspeak-November2022.pdf
exp_4_7,2021-11,2422,Naukri-Jobspeak-November2022.pdf,2022-11,https://www.infoedge.in/pdfs/News_Events_pdfs/Naukri-Jobspeak-November2022.pdf
exp_4_7,2021-12,2055,Naukri-Jobspeak-November2022.pdf,2022-11,https://www.infoedge.in/pdfs/News_Events_pdfs/Naukri-Jobspeak-November2022.pdf
exp_4_7,2022-01,2925,Naukri-Jobspeak-November2022.pdf,2022-11,https://www.infoedge.in/pdfs/News_Events_pdfs/Naukri-Jobspeak-November2022.pdf
exp_4_7,2022-02,3279,Naukri-Jobspeak-November2022.pdf,2022-11,https://www.infoedge.in/pdfs/News_Events_pdfs/Naukri-Jobspeak-November2022.pdf
exp_4_7,2022-03,3018,Naukri-Jobspeak-November2022.pdf,2022-11,https://www.infoedge.in/pdfs/News_Events_pdfs/Naukri-Jobspeak-November2022.pdf
exp_4_7,2022-04,3067,Naukri-Jobspeak-November2022.pdf,2022-11,https://www.infoedge.in/pdfs/News_Events_pdfs/Naukri-Jobspeak-November2022.pdf
exp_4_7,2022-05,3067,Naukri-Jobspeak-November2022.pdf,2022-11,https://www.infoedge.in/pdfs/News_Events_pdfs/Naukri-Jobspeak-November2022.pdf
exp_4_7,2022-06,3072,Naukri-Jobspeak-November2022.pdf,2022-11,https://www.infoedge.in/pdfs/News_Events_pdfs/Naukri-Jobspeak-November2022.pdf
exp_4_7,2022-07,3386,Naukri-Jobspeak-November2022.pdf,2022-11,https://www.infoedge.in/pdfs/News_Events_pdfs/Naukri-Jobspeak-November2022.pdf
exp_4_7,2022-08,3053,Naukri-Jobspeak-November2022.pdf,2022-11,https://www.infoedge.in/pdfs/News_Events_pdfs/Naukri-Jobspeak-November2022.pdf
exp_4_7,2022-09,3346,Naukri-Jobspeak-November2022.pdf,2022-11,https://www.infoedge.in/pdfs/News_Events_pdfs/Naukri-Jobspeak-November2022.pdf
exp_4_7,2022-10,2632,Naukri-Jobspeak-November2022.pdf,2022-11,https://www.infoedge.in/pdfs/News_Events_pdfs/Naukri-Jobspeak-November2022.pdf
exp_4_7,2022-11,3293,Naukri-Jobspeak-November2022.pdf,2022-11,https://www.infoedge.in/pdfs/News_Events_pdfs/Naukri-Jobspeak-November2022.pdf
exp_8_12,2021-11,2032,Naukri-Jobspeak-November2022.pdf,2022-11,https://www.infoedge.in/pdfs/News_Events_pdfs/Naukri-Jobspeak-November2022.pdf
exp_8_12,2021-12,1676,Naukri-Jobspeak-November2022.pdf,2022-11,https://www.infoedge.in/pdfs/News_Events_pdfs/Naukri-Jobspeak-November2022.pdf
exp_8_12,2022-01,2504,Naukri-Jobspeak-November2022.pdf,2022-11,https://www.infoedge.in/pdfs/News_Events_pdfs/Naukri-Jobspeak-November2022.pdf
exp_8_12,2022-02,2821,Naukri-Jobspeak-November2022.pdf,2022-11,https://www.infoedge.in/pdfs/News_Events_pdfs/Naukri-Jobspeak-November2022.pdf
exp_8_12,2022-03,2505,Naukri-Jobspeak-November2022.pdf,2022-11,https://www.infoedge.in/pdfs/News_Events_pdfs/Naukri-Jobspeak-November2022.pdf
exp_8_12,2022-04,2494,Naukri-Jobspeak-November2022.pdf,2022-11,https://www.infoedge.in/pdfs/News_Events_pdfs/Naukri-Jobspeak-November2022.pdf
exp_8_12,2022-05,2557,Naukri-Jobspeak-November2022.pdf,2022-11,https://www.infoedge.in/pdfs/News_Events_pdfs/Naukri-Jobspeak-November2022.pdf
exp_8_12,2022-06,2663,Naukri-Jobspeak-November2022.pdf,2022-11,https://www.infoedge.in/pdfs/News_Events_pdfs/Naukri-Jobspeak-November2022.pdf
exp_8_12,2022-07,3093,Naukri-Jobspeak-November2022.pdf,2022-11,https://www.infoedge.in/pdfs/News_Events_pdfs/Naukri-Jobspeak-November2022.pdf
exp_8_12,2022-08,2644,Naukri-Jobspeak-November2022.pdf,2022-11,https://www.infoedge.in/pdfs/News_Events_pdfs/Naukri-Jobspeak-November2022.pdf
exp_8_12,2022-09,2914,Naukri-Jobspeak-November2022.pdf,2022-11,https://www.infoedge.in/pdfs/News_Events_pdfs/Naukri-Jobspeak-November2022.pdf
exp_8_12,2022-10,2229,Naukri-Jobspeak-November2022.pdf,2022-11,https://www.infoedge.in/pdfs/News_Events_pdfs/Naukri-Jobspeak-November2022.pdf
exp_8_12,2022-11,2864,Naukri-Jobspeak-November2022.pdf,2022-11,https://www.infoedge.in/pdfs/News_Events_pdfs/Naukri-Jobspeak-November2022.pdf
exp_13_16,2021-11,1479,Naukri-Jobspeak-November2022.pdf,2022-11,https://www.infoedge.in/pdfs/News_Events_pdfs/Naukri-Jobspeak-November2022.pdf
exp_13_16,2021-12,1243,Naukri-Jobspeak-November2022.pdf,2022-11,https://www.infoedge.in/pdfs/News_Events_pdfs/Naukri-Jobspeak-November2022.pdf
exp_13_16,2022-01,1851,Naukri-Jobspeak-November2022.pdf,2022-11,https://www.infoedge.in/pdfs/News_Events_pdfs/Naukri-Jobspeak-November2022.pdf
exp_13_16,2022-02,2124,Naukri-Jobspeak-November2022.pdf,2022-11,https://www.infoedge.in/pdfs/News_Events_pdfs/Naukri-Jobspeak-November2022.pdf
exp_13_16,2022-03,1922,Naukri-Jobspeak-November2022.pdf,2022-11,https://www.infoedge.in/pdfs/News_Events_pdfs/Naukri-Jobspeak-November2022.pdf
exp_13_16,2022-04,1854,Naukri-Jobspeak-November2022.pdf,2022-11,https://www.infoedge.in/pdfs/News_Events_pdfs/Naukri-Jobspeak-November2022.pdf
exp_13_16,2022-05,1885,Naukri-Jobspeak-November2022.pdf,2022-11,https://www.infoedge.in/pdfs/News_Events_pdfs/Naukri-Jobspeak-November2022.pdf
exp_13_16,2022-06,2008,Naukri-Jobspeak-November2022.pdf,2022-11,https://www.infoedge.in/pdfs/News_Events_pdfs/Naukri-Jobspeak-November2022.pdf
exp_13_16,2022-07,2298,Naukri-Jobspeak-November2022.pdf,2022-11,https://www.infoedge.in/pdfs/News_Events_pdfs/Naukri-Jobspeak-November2022.pdf
exp_13_16,2022-08,1928,Naukri-Jobspeak-November2022.pdf,2022-11,https://www.infoedge.in/pdfs/News_Events_pdfs/Naukri-Jobspeak-November2022.pdf
exp_13_16,2022-09,2178,Naukri-Jobspeak-November2022.pdf,2022-11,https://www.infoedge.in/pdfs/News_Events_pdfs/Naukri-Jobspeak-November2022.pdf
exp_13_16,2022-10,1771,Naukri-Jobspeak-November2022.pdf,2022-11,https://www.infoedge.in/pdfs/News_Events_pdfs/Naukri-Jobspeak-November2022.pdf
exp_13_16,2022-11,2342,Naukri-Jobspeak-November2022.pdf,2022-11,https://www.infoedge.in/pdfs/News_Events_pdfs/Naukri-Jobspeak-November2022.pdf
exp_16plus,2021-11,1340,Naukri-Jobspeak-November2022.pdf,2022-11,https://www.infoedge.in/pdfs/News_Events_pdfs/Naukri-Jobspeak-November2022.pdf
exp_16plus,2021-12,1145,Naukri-Jobspeak-November2022.pdf,2022-11,https://www.infoedge.in/pdfs/News_Events_pdfs/Naukri-Jobspeak-November2022.pdf
exp_16plus,2022-01,1585,Naukri-Jobspeak-November2022.pdf,2022-11,https://www.infoedge.in/pdfs/News_Events_pdfs/Naukri-Jobspeak-November2022.pdf
exp_16plus,2022-02,1894,Naukri-Jobspeak-November2022.pdf,2022-11,https://www.infoedge.in/pdfs/News_Events_pdfs/Naukri-Jobspeak-November2022.pdf
exp_16plus,2022-03,1762,Naukri-Jobspeak-November2022.pdf,2022-11,https://www.infoedge.in/pdfs/News_Events_pdfs/Naukri-Jobspeak-November2022.pdf
exp_16plus,2022-04,1713,Naukri-Jobspeak-November2022.pdf,2022-11,https://www.infoedge.in/pdfs/News_Events_pdfs/Naukri-Jobspeak-November2022.pdf
exp_16plus,2022-05,1695,Naukri-Jobspeak-November2022.pdf,2022-11,https://www.infoedge.in/pdfs/News_Events_pdfs/Naukri-Jobspeak-November2022.pdf
exp_16plus,2022-06,1722,Naukri-Jobspeak-November2022.pdf,2022-11,https://www.infoedge.in/pdfs/News_Events_pdfs/Naukri-Jobspeak-November2022.pdf
exp_16plus,2022-07,2013,Naukri-Jobspeak-November2022.pdf,2022-11,https://www.infoedge.in/pdfs/News_Events_pdfs/Naukri-Jobspeak-November2022.pdf
exp_16plus,2022-08,1693,Naukri-Jobspeak-November2022.pdf,2022-11,https://www.infoedge.in/pdfs/News_Events_pdfs/Naukri-Jobspeak-November2022.pdf
exp_16plus,2022-09,1946,Naukri-Jobspeak-November2022.pdf,2022-11,https://www.infoedge.in/pdfs/News_Events_pdfs/Naukri-Jobspeak-November2022.pdf
exp_16plus,2022-10,1613,Naukri-Jobspeak-November2022.pdf,2022-11,https://www.infoedge.in/pdfs/News_Events_pdfs/Naukri-Jobspeak-November2022.pdf
exp_16plus,2022-11,2055,Naukri-Jobspeak-November2022.pdf,2022-11,https://www.infoedge.in/pdfs/News_Events_pdfs/Naukri-Jobspeak-November2022.pdf
bpo_ites,2022-10,2131,Naukri-Jobspeak-October-2023.pdf,2023-10,https://www.infoedge.in/pdfs/News_Events_pdfs/Naukri-Jobspeak-October-2023.pdf
bpo_ites,2022-11,2511,Naukri-Jobspeak-October-2023.pdf,2023-10,https://www.infoedge.in/pdfs/News_Events_pdfs/Naukri-Jobspeak-October-2023.pdf
bpo_ites,2022-12,2249,Naukri-Jobspeak-October-2023.pdf,2023-10,https://www.infoedge.in/pdfs/News_Events_pdfs/Naukri-Jobspeak-October-2023.pdf
bpo_ites,2023-01,2303,Naukri-Jobspeak-October-2023.pdf,2023-10,https://www.infoedge.in/pdfs/News_Events_pdfs/Naukri-Jobspeak-October-2023.pdf
bpo_ites,2023-02,2456,Naukri-Jobspeak-October-2023.pdf,2023-10,https://www.infoedge.in/pdfs/News_Events_pdfs/Naukri-Jobspeak-October-2023.pdf
bpo_ites,2023-03,2415,Naukri-Jobspeak-October-2023.pdf,2023-10,https://www.infoedge.in/pdfs/News_Events_pdfs/Naukri-Jobspeak-October-2023.pdf
bpo_ites,2023-04,2186,Naukri-Jobspeak-October-2023.pdf,2023-10,https://www.infoedge.in/pdfs/News_Events_pdfs/Naukri-Jobspeak-October-2023.pdf
bpo_ites,2023-05,2256,Naukri-Jobspeak-October-2023.pdf,2023-10,https://www.infoedge.in/pdfs/News_Events_pdfs/Naukri-Jobspeak-October-2023.pdf
bpo_ites,2023-06,2163,Naukri-Jobspeak-October-2023.pdf,2023-10,https://www.infoedge.in/pdfs/News_Events_pdfs/Naukri-Jobspeak-October-2023.pdf
bpo_ites,2023-07,2036,Naukri-Jobspeak-October-2023.pdf,2023-10,https://www.infoedge.in/pdfs/News_Events_pdfs/Naukri-Jobspeak-October-2023.pdf
bpo_ites,2023-08,2085,Naukri-Jobspeak-October-2023.pdf,2023-10,https://www.infoedge.in/pdfs/News_Events_pdfs/Naukri-Jobspeak-October-2023.pdf
bpo_ites,2023-09,1952,Naukri-Jobspeak-October-2023.pdf,2023-10,https://www.infoedge.in/pdfs/News_Events_pdfs/Naukri-Jobspeak-October-2023.pdf
bpo_ites,2023-10,2179,Naukri-Jobspeak-October-2023.pdf,2023-10,https://www.infoedge.in/pdfs/News_Events_pdfs/Naukri-Jobspeak-October-2023.pdf
it_software,2022-10,3825,Naukri-Jobspeak-October-2023.pdf,2023-10,https://www.infoedge.in/pdfs/News_Events_pdfs/Naukri-Jobspeak-October-2023.pdf
it_software,2022-11,4674,Naukri-Jobspeak-October-2023.pdf,2023-10,https://www.infoedge.in/pdfs/News_Events_pdfs/Naukri-Jobspeak-October-2023.pdf
it_software,2022-12,4087,Naukri-Jobspeak-October-2023.pdf,2023-10,https://www.infoedge.in/pdfs/News_Events_pdfs/Naukri-Jobspeak-October-2023.pdf
it_software,2023-01,4010,Naukri-Jobspeak-October-2023.pdf,2023-10,https://www.infoedge.in/pdfs/News_Events_pdfs/Naukri-Jobspeak-October-2023.pdf
it_software,2023-02,4428,Naukri-Jobspeak-October-2023.pdf,2023-10,https://www.infoedge.in/pdfs/News_Events_pdfs/Naukri-Jobspeak-October-2023.pdf
it_software,2023-03,4147,Naukri-Jobspeak-October-2023.pdf,2023-10,https://www.infoedge.in/pdfs/News_Events_pdfs/Naukri-Jobspeak-October-2023.pdf
it_software,2023-04,3392,Naukri-Jobspeak-October-2023.pdf,2023-10,https://www.infoedge.in/pdfs/News_Events_pdfs/Naukri-Jobspeak-October-2023.pdf
it_software,2023-05,3618,Naukri-Jobspeak-October-2023.pdf,2023-10,https://www.infoedge.in/pdfs/News_Events_pdfs/Naukri-Jobspeak-October-2023.pdf
it_software,2023-06,3511,Naukri-Jobspeak-October-2023.pdf,2023-10,https://www.infoedge.in/pdfs/News_Events_pdfs/Naukri-Jobspeak-October-2023.pdf
it_software,2023-07,3187,Naukri-Jobspeak-October-2023.pdf,2023-10,https://www.infoedge.in/pdfs/News_Events_pdfs/Naukri-Jobspeak-October-2023.pdf
it_software,2023-08,3278,Naukri-Jobspeak-October-2023.pdf,2023-10,https://www.infoedge.in/pdfs/News_Events_pdfs/Naukri-Jobspeak-October-2023.pdf
it_software,2023-09,2989,Naukri-Jobspeak-October-2023.pdf,2023-10,https://www.infoedge.in/pdfs/News_Events_pdfs/Naukri-Jobspeak-October-2023.pdf
it_software,2023-10,3302,Naukri-Jobspeak-October-2023.pdf,2023-10,https://www.infoedge.in/pdfs/News_Events_pdfs/Naukri-Jobspeak-October-2023.pdf
exp_0_3,2022-10,2642,Naukri-Jobspeak-October-2023.pdf,2023-10,https://www.infoedge.in/pdfs/News_Events_pdfs/Naukri-Jobspeak-October-2023.pdf
exp_0_3,2022-11,3253,Naukri-Jobspeak-October-2023.pdf,2023-10,https://www.infoedge.in/pdfs/News_Events_pdfs/Naukri-Jobspeak-October-2023.pdf
exp_0_3,2022-12,3106,Naukri-Jobspeak-October-2023.pdf,2023-10,https://www.infoedge.in/pdfs/News_Events_pdfs/Naukri-Jobspeak-October-2023.pdf
exp_0_3,2023-01,2926,Naukri-Jobspeak-October-2023.pdf,2023-10,https://www.infoedge.in/pdfs/News_Events_pdfs/Naukri-Jobspeak-October-2023.pdf
exp_0_3,2023-02,3073,Naukri-Jobspeak-October-2023.pdf,2023-10,https://www.infoedge.in/pdfs/News_Events_pdfs/Naukri-Jobspeak-October-2023.pdf
exp_0_3,2023-03,3144,Naukri-Jobspeak-October-2023.pdf,2023-10,https://www.infoedge.in/pdfs/News_Events_pdfs/Naukri-Jobspeak-October-2023.pdf
exp_0_3,2023-04,2834,Naukri-Jobspeak-October-2023.pdf,2023-10,https://www.infoedge.in/pdfs/News_Events_pdfs/Naukri-Jobspeak-October-2023.pdf
exp_0_3,2023-05,2945,Naukri-Jobspeak-October-2023.pdf,2023-10,https://www.infoedge.in/pdfs/News_Events_pdfs/Naukri-Jobspeak-October-2023.pdf
exp_0_3,2023-06,2890,Naukri-Jobspeak-October-2023.pdf,2023-10,https://www.infoedge.in/pdfs/News_Events_pdfs/Naukri-Jobspeak-October-2023.pdf
exp_0_3,2023-07,2672,Naukri-Jobspeak-October-2023.pdf,2023-10,https://www.infoedge.in/pdfs/News_Events_pdfs/Naukri-Jobspeak-October-2023.pdf
exp_0_3,2023-08,2769,Naukri-Jobspeak-October-2023.pdf,2023-10,https://www.infoedge.in/pdfs/News_Events_pdfs/Naukri-Jobspeak-October-2023.pdf
exp_0_3,2023-09,2933,Naukri-Jobspeak-October-2023.pdf,2023-10,https://www.infoedge.in/pdfs/News_Events_pdfs/Naukri-Jobspeak-October-2023.pdf
exp_0_3,2023-10,2642,Naukri-Jobspeak-October-2023.pdf,2023-10,https://www.infoedge.in/pdfs/News_Events_pdfs/Naukri-Jobspeak-October-2023.pdf
exp_4_7,2022-10,2632,Naukri-Jobspeak-October-2023.pdf,2023-10,https://www.infoedge.in/pdfs/News_Events_pdfs/Naukri-Jobspeak-October-2023.pdf
exp_4_7,2022-11,3293,Naukri-Jobspeak-October-2023.pdf,2023-10,https://www.infoedge.in/pdfs/News_Events_pdfs/Naukri-Jobspeak-October-2023.pdf
exp_4_7,2022-12,2998,Naukri-Jobspeak-October-2023.pdf,2023-10,https://www.infoedge.in/pdfs/News_Events_pdfs/Naukri-Jobspeak-October-2023.pdf
exp_4_7,2023-01,2871,Naukri-Jobspeak-October-2023.pdf,2023-10,https://www.infoedge.in/pdfs/News_Events_pdfs/Naukri-Jobspeak-October-2023.pdf
exp_4_7,2023-02,3104,Naukri-Jobspeak-October-2023.pdf,2023-10,https://www.infoedge.in/pdfs/News_Events_pdfs/Naukri-Jobspeak-October-2023.pdf
exp_4_7,2023-03,3010,Naukri-Jobspeak-October-2023.pdf,2023-10,https://www.infoedge.in/pdfs/News_Events_pdfs/Naukri-Jobspeak-October-2023.pdf
exp_4_7,2023-04,2725,Naukri-Jobspeak-October-2023.pdf,2023-10,https://www.infoedge.in/pdfs/News_Events_pdfs/Naukri-Jobspeak-October-2023.pdf
exp_4_7,2023-05,2846,Naukri-Jobspeak-October-2023.pdf,2023-10,https://www.infoedge.in/pdfs/News_Events_pdfs/Naukri-Jobspeak-October-2023.pdf
exp_4_7,2023-06,2770,Naukri-Jobspeak-October-2023.pdf,2023-10,https://www.infoedge.in/pdfs/News_Events_pdfs/Naukri-Jobspeak-October-2023.pdf
exp_4_7,2023-07,2516,Naukri-Jobspeak-October-2023.pdf,2023-10,https://www.infoedge.in/pdfs/News_Events_pdfs/Naukri-Jobspeak-October-2023.pdf
exp_4_7,2023-08,2567,Naukri-Jobspeak-October-2023.pdf,2023-10,https://www.infoedge.in/pdfs/News_Events_pdfs/Naukri-Jobspeak-October-2023.pdf
exp_4_7,2023-09,2717,Naukri-Jobspeak-October-2023.pdf,2023-10,https://www.infoedge.in/pdfs/News_Events_pdfs/Naukri-Jobspeak-October-2023.pdf
exp_4_7,2023-10,2361,Naukri-Jobspeak-October-2023.pdf,2023-10,https://www.infoedge.in/pdfs/News_Events_pdfs/Naukri-Jobspeak-October-2023.pdf
exp_8_12,2022-10,2229,Naukri-Jobspeak-October-2023.pdf,2023-10,https://www.infoedge.in/pdfs/News_Events_pdfs/Naukri-Jobspeak-October-2023.pdf
exp_8_12,2022-11,2864,Naukri-Jobspeak-October-2023.pdf,2023-10,https://www.infoedge.in/pdfs/News_Events_pdfs/Naukri-Jobspeak-October-2023.pdf
exp_8_12,2022-12,2676,Naukri-Jobspeak-October-2023.pdf,2023-10,https://www.infoedge.in/pdfs/News_Events_pdfs/Naukri-Jobspeak-October-2023.pdf
exp_8_12,2023-01,2568,Naukri-Jobspeak-October-2023.pdf,2023-10,https://www.infoedge.in/pdfs/News_Events_pdfs/Naukri-Jobspeak-October-2023.pdf
exp_8_12,2023-02,2885,Naukri-Jobspeak-October-2023.pdf,2023-10,https://www.infoedge.in/pdfs/News_Events_pdfs/Naukri-Jobspeak-October-2023.pdf
exp_8_12,2023-03,2859,Naukri-Jobspeak-October-2023.pdf,2023-10,https://www.infoedge.in/pdfs/News_Events_pdfs/Naukri-Jobspeak-October-2023.pdf
exp_8_12,2023-04,2625,Naukri-Jobspeak-October-2023.pdf,2023-10,https://www.infoedge.in/pdfs/News_Events_pdfs/Naukri-Jobspeak-October-2023.pdf
exp_8_12,2023-05,2774,Naukri-Jobspeak-October-2023.pdf,2023-10,https://www.infoedge.in/pdfs/News_Events_pdfs/Naukri-Jobspeak-October-2023.pdf
exp_8_12,2023-06,2724,Naukri-Jobspeak-October-2023.pdf,2023-10,https://www.infoedge.in/pdfs/News_Events_pdfs/Naukri-Jobspeak-October-2023.pdf
exp_8_12,2023-07,2507,Naukri-Jobspeak-October-2023.pdf,2023-10,https://www.infoedge.in/pdfs/News_Events_pdfs/Naukri-Jobspeak-October-2023.pdf
exp_8_12,2023-08,2633,Naukri-Jobspeak-October-2023.pdf,2023-10,https://www.infoedge.in/pdfs/News_Events_pdfs/Naukri-Jobspeak-October-2023.pdf
exp_8_12,2023-09,2861,Naukri-Jobspeak-October-2023.pdf,2023-10,https://www.infoedge.in/pdfs/News_Events_pdfs/Naukri-Jobspeak-October-2023.pdf
exp_8_12,2023-10,2431,Naukri-Jobspeak-October-2023.pdf,2023-10,https://www.infoedge.in/pdfs/News_Events_pdfs/Naukri-Jobspeak-October-2023.pdf
exp_13_16,2022-10,1771,Naukri-Jobspeak-October-2023.pdf,2023-10,https://www.infoedge.in/pdfs/News_Events_pdfs/Naukri-Jobspeak-October-2023.pdf
exp_13_16,2022-11,2342,Naukri-Jobspeak-October-2023.pdf,2023-10,https://www.infoedge.in/pdfs/News_Events_pdfs/Naukri-Jobspeak-October-2023.pdf
exp_13_16,2022-12,2231,Naukri-Jobspeak-October-2023.pdf,2023-10,https://www.infoedge.in/pdfs/News_Events_pdfs/Naukri-Jobspeak-October-2023.pdf
exp_13_16,2023-01,2159,Naukri-Jobspeak-October-2023.pdf,2023-10,https://www.infoedge.in/pdfs/News_Events_pdfs/Naukri-Jobspeak-October-2023.pdf
exp_13_16,2023-02,2362,Naukri-Jobspeak-October-2023.pdf,2023-10,https://www.infoedge.in/pdfs/News_Events_pdfs/Naukri-Jobspeak-October-2023.pdf
exp_13_16,2023-03,2389,Naukri-Jobspeak-October-2023.pdf,2023-10,https://www.infoedge.in/pdfs/News_Events_pdfs/Naukri-Jobspeak-October-2023.pdf
exp_13_16,2023-04,2217,Naukri-Jobspeak-October-2023.pdf,2023-10,https://www.infoedge.in/pdfs/News_Events_pdfs/Naukri-Jobspeak-October-2023.pdf
exp_13_16,2023-05,2370,Naukri-Jobspeak-October-2023.pdf,2023-10,https://www.infoedge.in/pdfs/News_Events_pdfs/Naukri-Jobspeak-October-2023.pdf
exp_13_16,2023-06,2379,Naukri-Jobspeak-October-2023.pdf,2023-10,https://www.infoedge.in/pdfs/News_Events_pdfs/Naukri-Jobspeak-October-2023.pdf
exp_13_16,2023-07,2271,Naukri-Jobspeak-October-2023.pdf,2023-10,https://www.infoedge.in/pdfs/News_Events_pdfs/Naukri-Jobspeak-October-2023.pdf
exp_13_16,2023-08,2372,Naukri-Jobspeak-October-2023.pdf,2023-10,https://www.infoedge.in/pdfs/News_Events_pdfs/Naukri-Jobspeak-October-2023.pdf
exp_13_16,2023-09,2421,Naukri-Jobspeak-October-2023.pdf,2023-10,https://www.infoedge.in/pdfs/News_Events_pdfs/Naukri-Jobspeak-October-2023.pdf
exp_13_16,2023-10,2227,Naukri-Jobspeak-October-2023.pdf,2023-10,https://www.infoedge.in/pdfs/News_Events_pdfs/Naukri-Jobspeak-October-2023.pdf
exp_16plus,2022-10,1613,Naukri-Jobspeak-October-2023.pdf,2023-10,https://www.infoedge.in/pdfs/News_Events_pdfs/Naukri-Jobspeak-October-2023.pdf
exp_16plus,2022-11,2055,Naukri-Jobspeak-October-2023.pdf,2023-10,https://www.infoedge.in/pdfs/News_Events_pdfs/Naukri-Jobspeak-October-2023.pdf
exp_16plus,2022-12,2184,Naukri-Jobspeak-October-2023.pdf,2023-10,https://www.infoedge.in/pdfs/News_Events_pdfs/Naukri-Jobspeak-October-2023.pdf
exp_16plus,2023-01,2051,Naukri-Jobspeak-October-2023.pdf,2023-10,https://www.infoedge.in/pdfs/News_Events_pdfs/Naukri-Jobspeak-October-2023.pdf
exp_16plus,2023-02,2273,Naukri-Jobspeak-October-2023.pdf,2023-10,https://www.infoedge.in/pdfs/News_Events_pdfs/Naukri-Jobspeak-October-2023.pdf
exp_16plus,2023-03,2373,Naukri-Jobspeak-October-2023.pdf,2023-10,https://www.infoedge.in/pdfs/News_Events_pdfs/Naukri-Jobspeak-October-2023.pdf
exp_16plus,2023-04,2230,Naukri-Jobspeak-October-2023.pdf,2023-10,https://www.infoedge.in/pdfs/News_Events_pdfs/Naukri-Jobspeak-October-2023.pdf
exp_16plus,2023-05,2355,Naukri-Jobspeak-October-2023.pdf,2023-10,https://www.infoedge.in/pdfs/News_Events_pdfs/Naukri-Jobspeak-October-2023.pdf
exp_16plus,2023-06,2370,Naukri-Jobspeak-October-2023.pdf,2023-10,https://www.infoedge.in/pdfs/News_Events_pdfs/Naukri-Jobspeak-October-2023.pdf
exp_16plus,2023-07,2276,Naukri-Jobspeak-October-2023.pdf,2023-10,https://www.infoedge.in/pdfs/News_Events_pdfs/Naukri-Jobspeak-October-2023.pdf
exp_16plus,2023-08,2457,Naukri-Jobspeak-October-2023.pdf,2023-10,https://www.infoedge.in/pdfs/News_Events_pdfs/Naukri-Jobspeak-October-2023.pdf
exp_16plus,2023-09,2522,Naukri-Jobspeak-October-2023.pdf,2023-10,https://www.infoedge.in/pdfs/News_Events_pdfs/Naukri-Jobspeak-October-2023.pdf
exp_16plus,2023-10,2361,Naukri-Jobspeak-October-2023.pdf,2023-10,https://www.infoedge.in/pdfs/News_Events_pdfs/Naukri-Jobspeak-October-2023.pdf
bpo_ites,2023-10,2179,Naukri-Jobspeak-October-2024.pdf,2024-10,https://www.infoedge.in/pdfs/News_Events_pdfs/Naukri-Jobspeak-October-2024.pdf
bpo_ites,2023-11,2054,Naukri-Jobspeak-October-2024.pdf,2024-10,https://www.infoedge.in/pdfs/News_Events_pdfs/Naukri-Jobspeak-October-2024.pdf
bpo_ites,2023-12,1872,Naukri-Jobspeak-October-2024.pdf,2024-10,https://www.infoedge.in/pdfs/News_Events_pdfs/Naukri-Jobspeak-October-2024.pdf
bpo_ites,2024-01,1939,Naukri-Jobspeak-October-2024.pdf,2024-10,https://www.infoedge.in/pdfs/News_Events_pdfs/Naukri-Jobspeak-October-2024.pdf
bpo_ites,2024-02,2157,Naukri-Jobspeak-October-2024.pdf,2024-10,https://www.infoedge.in/pdfs/News_Events_pdfs/Naukri-Jobspeak-October-2024.pdf
bpo_ites,2024-03,2264,Naukri-Jobspeak-October-2024.pdf,2024-10,https://www.infoedge.in/pdfs/News_Events_pdfs/Naukri-Jobspeak-October-2024.pdf
bpo_ites,2024-04,2181,Naukri-Jobspeak-October-2024.pdf,2024-10,https://www.infoedge.in/pdfs/News_Events_pdfs/Naukri-Jobspeak-October-2024.pdf
bpo_ites,2024-05,2195,Naukri-Jobspeak-October-2024.pdf,2024-10,https://www.infoedge.in/pdfs/News_Events_pdfs/Naukri-Jobspeak-October-2024.pdf
bpo_ites,2024-06,1961,Naukri-Jobspeak-October-2024.pdf,2024-10,https://www.infoedge.in/pdfs/News_Events_pdfs/Naukri-Jobspeak-October-2024.pdf
bpo_ites,2024-07,2157,Naukri-Jobspeak-October-2024.pdf,2024-10,https://www.infoedge.in/pdfs/News_Events_pdfs/Naukri-Jobspeak-October-2024.pdf
bpo_ites,2024-08,1995,Naukri-Jobspeak-October-2024.pdf,2024-10,https://www.infoedge.in/pdfs/News_Events_pdfs/Naukri-Jobspeak-October-2024.pdf
bpo_ites,2024-09,2036,Naukri-Jobspeak-October-2024.pdf,2024-10,https://www.infoedge.in/pdfs/News_Events_pdfs/Naukri-Jobspeak-October-2024.pdf
bpo_ites,2024-10,2077,Naukri-Jobspeak-October-2024.pdf,2024-10,https://www.infoedge.in/pdfs/News_Events_pdfs/Naukri-Jobspeak-October-2024.pdf
exp_0_3,2023-10,2642,Naukri-Jobspeak-October-2024.pdf,2024-10,https://www.infoedge.in/pdfs/News_Events_pdfs/Naukri-Jobspeak-October-2024.pdf
exp_0_3,2023-11,2484,Naukri-Jobspeak-October-2024.pdf,2024-10,https://www.infoedge.in/pdfs/News_Events_pdfs/Naukri-Jobspeak-October-2024.pdf
exp_0_3,2023-12,2618,Naukri-Jobspeak-October-2024.pdf,2024-10,https://www.infoedge.in/pdfs/News_Events_pdfs/Naukri-Jobspeak-October-2024.pdf
exp_0_3,2024-01,2621,Naukri-Jobspeak-October-2024.pdf,2024-10,https://www.infoedge.in/pdfs/News_Events_pdfs/Naukri-Jobspeak-October-2024.pdf
exp_0_3,2024-02,2822,Naukri-Jobspeak-October-2024.pdf,2024-10,https://www.infoedge.in/pdfs/News_Events_pdfs/Naukri-Jobspeak-October-2024.pdf
exp_0_3,2024-03,2788,Naukri-Jobspeak-October-2024.pdf,2024-10,https://www.infoedge.in/pdfs/News_Events_pdfs/Naukri-Jobspeak-October-2024.pdf
exp_0_3,2024-04,2783,Naukri-Jobspeak-October-2024.pdf,2024-10,https://www.infoedge.in/pdfs/News_Events_pdfs/Naukri-Jobspeak-October-2024.pdf
exp_0_3,2024-05,2891,Naukri-Jobspeak-October-2024.pdf,2024-10,https://www.infoedge.in/pdfs/News_Events_pdfs/Naukri-Jobspeak-October-2024.pdf
exp_0_3,2024-06,2619,Naukri-Jobspeak-October-2024.pdf,2024-10,https://www.infoedge.in/pdfs/News_Events_pdfs/Naukri-Jobspeak-October-2024.pdf
exp_0_3,2024-07,2869,Naukri-Jobspeak-October-2024.pdf,2024-10,https://www.infoedge.in/pdfs/News_Events_pdfs/Naukri-Jobspeak-October-2024.pdf
exp_0_3,2024-08,2585,Naukri-Jobspeak-October-2024.pdf,2024-10,https://www.infoedge.in/pdfs/News_Events_pdfs/Naukri-Jobspeak-October-2024.pdf
exp_0_3,2024-09,2739,Naukri-Jobspeak-October-2024.pdf,2024-10,https://www.infoedge.in/pdfs/News_Events_pdfs/Naukri-Jobspeak-October-2024.pdf
exp_0_3,2024-10,2789,Naukri-Jobspeak-October-2024.pdf,2024-10,https://www.infoedge.in/pdfs/News_Events_pdfs/Naukri-Jobspeak-October-2024.pdf
exp_4_7,2023-10,2361,Naukri-Jobspeak-October-2024.pdf,2024-10,https://www.infoedge.in/pdfs/News_Events_pdfs/Naukri-Jobspeak-October-2024.pdf
exp_4_7,2023-11,2282,Naukri-Jobspeak-October-2024.pdf,2024-10,https://www.infoedge.in/pdfs/News_Events_pdfs/Naukri-Jobspeak-October-2024.pdf
exp_4_7,2023-12,2316,Naukri-Jobspeak-October-2024.pdf,2024-10,https://www.infoedge.in/pdfs/News_Events_pdfs/Naukri-Jobspeak-October-2024.pdf
exp_4_7,2024-01,2339,Naukri-Jobspeak-October-2024.pdf,2024-10,https://www.infoedge.in/pdfs/News_Events_pdfs/Naukri-Jobspeak-October-2024.pdf
exp_4_7,2024-02,2624,Naukri-Jobspeak-October-2024.pdf,2024-10,https://www.infoedge.in/pdfs/News_Events_pdfs/Naukri-Jobspeak-October-2024.pdf
exp_4_7,2024-03,2482,Naukri-Jobspeak-October-2024.pdf,2024-10,https://www.infoedge.in/pdfs/News_Events_pdfs/Naukri-Jobspeak-October-2024.pdf
exp_4_7,2024-04,2471,Naukri-Jobspeak-October-2024.pdf,2024-10,https://www.infoedge.in/pdfs/News_Events_pdfs/Naukri-Jobspeak-October-2024.pdf
exp_4_7,2024-05,2607,Naukri-Jobspeak-October-2024.pdf,2024-10,https://www.infoedge.in/pdfs/News_Events_pdfs/Naukri-Jobspeak-October-2024.pdf
exp_4_7,2024-06,2420,Naukri-Jobspeak-October-2024.pdf,2024-10,https://www.infoedge.in/pdfs/News_Events_pdfs/Naukri-Jobspeak-October-2024.pdf
exp_4_7,2024-07,2688,Naukri-Jobspeak-October-2024.pdf,2024-10,https://www.infoedge.in/pdfs/News_Events_pdfs/Naukri-Jobspeak-October-2024.pdf
exp_4_7,2024-08,2401,Naukri-Jobspeak-October-2024.pdf,2024-10,https://www.infoedge.in/pdfs/News_Events_pdfs/Naukri-Jobspeak-October-2024.pdf
exp_4_7,2024-09,2529,Naukri-Jobspeak-October-2024.pdf,2024-10,https://www.infoedge.in/pdfs/News_Events_pdfs/Naukri-Jobspeak-October-2024.pdf
exp_4_7,2024-10,2505,Naukri-Jobspeak-October-2024.pdf,2024-10,https://www.infoedge.in/pdfs/News_Events_pdfs/Naukri-Jobspeak-October-2024.pdf
exp_8_12,2023-10,2431,Naukri-Jobspeak-October-2024.pdf,2024-10,https://www.infoedge.in/pdfs/News_Events_pdfs/Naukri-Jobspeak-October-2024.pdf
exp_8_12,2023-11,2343,Naukri-Jobspeak-October-2024.pdf,2024-10,https://www.infoedge.in/pdfs/News_Events_pdfs/Naukri-Jobspeak-October-2024.pdf
exp_8_12,2023-12,2366,Naukri-Jobspeak-October-2024.pdf,2024-10,https://www.infoedge.in/pdfs/News_Events_pdfs/Naukri-Jobspeak-October-2024.pdf
exp_8_12,2024-01,2374,Naukri-Jobspeak-October-2024.pdf,2024-10,https://www.infoedge.in/pdfs/News_Events_pdfs/Naukri-Jobspeak-October-2024.pdf
exp_8_12,2024-02,2797,Naukri-Jobspeak-October-2024.pdf,2024-10,https://www.infoedge.in/pdfs/News_Events_pdfs/Naukri-Jobspeak-October-2024.pdf
exp_8_12,2024-03,2655,Naukri-Jobspeak-October-2024.pdf,2024-10,https://www.infoedge.in/pdfs/News_Events_pdfs/Naukri-Jobspeak-October-2024.pdf
exp_8_12,2024-04,2619,Naukri-Jobspeak-October-2024.pdf,2024-10,https://www.infoedge.in/pdfs/News_Events_pdfs/Naukri-Jobspeak-October-2024.pdf
exp_8_12,2024-05,2807,Naukri-Jobspeak-October-2024.pdf,2024-10,https://www.infoedge.in/pdfs/News_Events_pdfs/Naukri-Jobspeak-October-2024.pdf
exp_8_12,2024-06,2590,Naukri-Jobspeak-October-2024.pdf,2024-10,https://www.infoedge.in/pdfs/News_Events_pdfs/Naukri-Jobspeak-October-2024.pdf
exp_8_12,2024-07,2920,Naukri-Jobspeak-October-2024.pdf,2024-10,https://www.infoedge.in/pdfs/News_Events_pdfs/Naukri-Jobspeak-October-2024.pdf
exp_8_12,2024-08,2600,Naukri-Jobspeak-October-2024.pdf,2024-10,https://www.infoedge.in/pdfs/News_Events_pdfs/Naukri-Jobspeak-October-2024.pdf
exp_8_12,2024-09,2771,Naukri-Jobspeak-October-2024.pdf,2024-10,https://www.infoedge.in/pdfs/News_Events_pdfs/Naukri-Jobspeak-October-2024.pdf
exp_8_12,2024-10,2785,Naukri-Jobspeak-October-2024.pdf,2024-10,https://www.infoedge.in/pdfs/News_Events_pdfs/Naukri-Jobspeak-October-2024.pdf
exp_13_16,2023-10,2227,Naukri-Jobspeak-October-2024.pdf,2024-10,https://www.infoedge.in/pdfs/News_Events_pdfs/Naukri-Jobspeak-October-2024.pdf
exp_13_16,2023-11,2116,Naukri-Jobspeak-October-2024.pdf,2024-10,https://www.infoedge.in/pdfs/News_Events_pdfs/Naukri-Jobspeak-October-2024.pdf
exp_13_16,2023-12,2195,Naukri-Jobspeak-October-2024.pdf,2024-10,https://www.infoedge.in/pdfs/News_Events_pdfs/Naukri-Jobspeak-October-2024.pdf
exp_13_16,2024-01,2196,Naukri-Jobspeak-October-2024.pdf,2024-10,https://www.infoedge.in/pdfs/News_Events_pdfs/Naukri-Jobspeak-October-2024.pdf
exp_13_16,2024-02,2523,Naukri-Jobspeak-October-2024.pdf,2024-10,https://www.infoedge.in/pdfs/News_Events_pdfs/Naukri-Jobspeak-October-2024.pdf
exp_13_16,2024-03,2412,Naukri-Jobspeak-October-2024.pdf,2024-10,https://www.infoedge.in/pdfs/News_Events_pdfs/Naukri-Jobspeak-October-2024.pdf
exp_13_16,2024-04,2407,Naukri-Jobspeak-October-2024.pdf,2024-10,https://www.infoedge.in/pdfs/News_Events_pdfs/Naukri-Jobspeak-October-2024.pdf
exp_13_16,2024-05,2570,Naukri-Jobspeak-October-2024.pdf,2024-10,https://www.infoedge.in/pdfs/News_Events_pdfs/Naukri-Jobspeak-October-2024.pdf
exp_13_16,2024-06,2379,Naukri-Jobspeak-October-2024.pdf,2024-10,https://www.infoedge.in/pdfs/News_Events_pdfs/Naukri-Jobspeak-October-2024.pdf
exp_13_16,2024-07,2671,Naukri-Jobspeak-October-2024.pdf,2024-10,https://www.infoedge.in/pdfs/News_Events_pdfs/Naukri-Jobspeak-October-2024.pdf
exp_13_16,2024-08,2407,Naukri-Jobspeak-October-2024.pdf,2024-10,https://www.infoedge.in/pdfs/News_Events_pdfs/Naukri-Jobspeak-October-2024.pdf
exp_13_16,2024-09,2548,Naukri-Jobspeak-October-2024.pdf,2024-10,https://www.infoedge.in/pdfs/News_Events_pdfs/Naukri-Jobspeak-October-2024.pdf
exp_13_16,2024-10,2570,Naukri-Jobspeak-October-2024.pdf,2024-10,https://www.infoedge.in/pdfs/News_Events_pdfs/Naukri-Jobspeak-October-2024.pdf
exp_16plus,2023-10,2361,Naukri-Jobspeak-October-2024.pdf,2024-10,https://www.infoedge.in/pdfs/News_Events_pdfs/Naukri-Jobspeak-October-2024.pdf
exp_16plus,2023-11,2247,Naukri-Jobspeak-October-2024.pdf,2024-10,https://www.infoedge.in/pdfs/News_Events_pdfs/Naukri-Jobspeak-October-2024.pdf
exp_16plus,2023-12,2357,Naukri-Jobspeak-October-2024.pdf,2024-10,https://www.infoedge.in/pdfs/News_Events_pdfs/Naukri-Jobspeak-October-2024.pdf
exp_16plus,2024-01,2429,Naukri-Jobspeak-October-2024.pdf,2024-10,https://www.infoedge.in/pdfs/News_Events_pdfs/Naukri-Jobspeak-October-2024.pdf
exp_16plus,2024-02,2744,Naukri-Jobspeak-October-2024.pdf,2024-10,https://www.infoedge.in/pdfs/News_Events_pdfs/Naukri-Jobspeak-October-2024.pdf
exp_16plus,2024-03,2640,Naukri-Jobspeak-October-2024.pdf,2024-10,https://www.infoedge.in/pdfs/News_Events_pdfs/Naukri-Jobspeak-October-2024.pdf
exp_16plus,2024-04,2690,Naukri-Jobspeak-October-2024.pdf,2024-10,https://www.infoedge.in/pdfs/News_Events_pdfs/Naukri-Jobspeak-October-2024.pdf
exp_16plus,2024-05,2893,Naukri-Jobspeak-October-2024.pdf,2024-10,https://www.infoedge.in/pdfs/News_Events_pdfs/Naukri-Jobspeak-October-2024.pdf
exp_16plus,2024-06,2687,Naukri-Jobspeak-October-2024.pdf,2024-10,https://www.infoedge.in/pdfs/News_Events_pdfs/Naukri-Jobspeak-October-2024.pdf
exp_16plus,2024-07,2994,Naukri-Jobspeak-October-2024.pdf,2024-10,https://www.infoedge.in/pdfs/News_Events_pdfs/Naukri-Jobspeak-October-2024.pdf
exp_16plus,2024-08,2729,Naukri-Jobspeak-October-2024.pdf,2024-10,https://www.infoedge.in/pdfs/News_Events_pdfs/Naukri-Jobspeak-October-2024.pdf
exp_16plus,2024-09,2872,Naukri-Jobspeak-October-2024.pdf,2024-10,https://www.infoedge.in/pdfs/News_Events_pdfs/Naukri-Jobspeak-October-2024.pdf
exp_16plus,2024-10,2906,Naukri-Jobspeak-October-2024.pdf,2024-10,https://www.infoedge.in/pdfs/News_Events_pdfs/Naukri-Jobspeak-October-2024.pdf
it_software,2023-10,3302,Naukri-Jobspeak-October-2024.pdf,2024-10,https://www.infoedge.in/pdfs/News_Events_pdfs/Naukri-Jobspeak-October-2024.pdf
it_software,2023-11,3349,Naukri-Jobspeak-October-2024.pdf,2024-10,https://www.infoedge.in/pdfs/News_Events_pdfs/Naukri-Jobspeak-October-2024.pdf
it_software,2023-12,3210,Naukri-Jobspeak-October-2024.pdf,2024-10,https://www.infoedge.in/pdfs/News_Events_pdfs/Naukri-Jobspeak-October-2024.pdf
it_software,2024-01,3233,Naukri-Jobspeak-October-2024.pdf,2024-10,https://www.infoedge.in/pdfs/News_Events_pdfs/Naukri-Jobspeak-October-2024.pdf
it_software,2024-02,3748,Naukri-Jobspeak-October-2024.pdf,2024-10,https://www.infoedge.in/pdfs/News_Events_pdfs/Naukri-Jobspeak-October-2024.pdf
it_software,2024-03,3501,Naukri-Jobspeak-October-2024.pdf,2024-10,https://www.infoedge.in/pdfs/News_Events_pdfs/Naukri-Jobspeak-October-2024.pdf
it_software,2024-04,3456,Naukri-Jobspeak-October-2024.pdf,2024-10,https://www.infoedge.in/pdfs/News_Events_pdfs/Naukri-Jobspeak-October-2024.pdf
it_software,2024-05,3630,Naukri-Jobspeak-October-2024.pdf,2024-10,https://www.infoedge.in/pdfs/News_Events_pdfs/Naukri-Jobspeak-October-2024.pdf
it_software,2024-06,3341,Naukri-Jobspeak-October-2024.pdf,2024-10,https://www.infoedge.in/pdfs/News_Events_pdfs/Naukri-Jobspeak-October-2024.pdf
it_software,2024-07,3713,Naukri-Jobspeak-October-2024.pdf,2024-10,https://www.infoedge.in/pdfs/News_Events_pdfs/Naukri-Jobspeak-October-2024.pdf
it_software,2024-08,3310,Naukri-Jobspeak-October-2024.pdf,2024-10,https://www.infoedge.in/pdfs/News_Events_pdfs/Naukri-Jobspeak-October-2024.pdf
it_software,2024-09,3539,Naukri-Jobspeak-October-2024.pdf,2024-10,https://www.infoedge.in/pdfs/News_Events_pdfs/Naukri-Jobspeak-October-2024.pdf
it_software,2024-10,3487,Naukri-Jobspeak-October-2024.pdf,2024-10,https://www.infoedge.in/pdfs/News_Events_pdfs/Naukri-Jobspeak-October-2024.pdf
it_software,2021-09,5648,Naukri-Jobspeak-Sep-2022.pdf,2022-09,https://www.infoedge.in/pdfs/News_Events_pdfs/Naukri-Jobspeak-Sep-2022.pdf
it_software,2021-10,4686,Naukri-Jobspeak-Sep-2022.pdf,2022-09,https://www.infoedge.in/pdfs/News_Events_pdfs/Naukri-Jobspeak-Sep-2022.pdf
it_software,2021-11,4155,Naukri-Jobspeak-Sep-2022.pdf,2022-09,https://www.infoedge.in/pdfs/News_Events_pdfs/Naukri-Jobspeak-Sep-2022.pdf
it_software,2021-12,3334,Naukri-Jobspeak-Sep-2022.pdf,2022-09,https://www.infoedge.in/pdfs/News_Events_pdfs/Naukri-Jobspeak-Sep-2022.pdf
it_software,2022-01,5370,Naukri-Jobspeak-Sep-2022.pdf,2022-09,https://www.infoedge.in/pdfs/News_Events_pdfs/Naukri-Jobspeak-Sep-2022.pdf
it_software,2022-02,5560,Naukri-Jobspeak-Sep-2022.pdf,2022-09,https://www.infoedge.in/pdfs/News_Events_pdfs/Naukri-Jobspeak-Sep-2022.pdf
it_software,2022-03,4983,Naukri-Jobspeak-Sep-2022.pdf,2022-09,https://www.infoedge.in/pdfs/News_Events_pdfs/Naukri-Jobspeak-Sep-2022.pdf
it_software,2022-04,4656,Naukri-Jobspeak-Sep-2022.pdf,2022-09,https://www.infoedge.in/pdfs/News_Events_pdfs/Naukri-Jobspeak-Sep-2022.pdf
it_software,2022-05,4711,Naukri-Jobspeak-Sep-2022.pdf,2022-09,https://www.infoedge.in/pdfs/News_Events_pdfs/Naukri-Jobspeak-Sep-2022.pdf
it_software,2022-06,5069,Naukri-Jobspeak-Sep-2022.pdf,2022-09,https://www.infoedge.in/pdfs/News_Events_pdfs/Naukri-Jobspeak-Sep-2022.pdf
it_software,2022-07,5872,Naukri-Jobspeak-Sep-2022.pdf,2022-09,https://www.infoedge.in/pdfs/News_Events_pdfs/Naukri-Jobspeak-Sep-2022.pdf
it_software,2022-08,4881,Naukri-Jobspeak-Sep-2022.pdf,2022-09,https://www.infoedge.in/pdfs/News_Events_pdfs/Naukri-Jobspeak-Sep-2022.pdf
it_software,2022-09,5283,Naukri-Jobspeak-Sep-2022.pdf,2022-09,https://www.infoedge.in/pdfs/News_Events_pdfs/Naukri-Jobspeak-Sep-2022.pdf
bpo_ites,2021-09,2229,Naukri-Jobspeak-Sep-2022.pdf,2022-09,https://www.infoedge.in/pdfs/News_Events_pdfs/Naukri-Jobspeak-Sep-2022.pdf
bpo_ites,2021-10,2044,Naukri-Jobspeak-Sep-2022.pdf,2022-09,https://www.infoedge.in/pdfs/News_Events_pdfs/Naukri-Jobspeak-Sep-2022.pdf
bpo_ites,2021-11,1771,Naukri-Jobspeak-Sep-2022.pdf,2022-09,https://www.infoedge.in/pdfs/News_Events_pdfs/Naukri-Jobspeak-Sep-2022.pdf
bpo_ites,2021-12,1567,Naukri-Jobspeak-Sep-2022.pdf,2022-09,https://www.infoedge.in/pdfs/News_Events_pdfs/Naukri-Jobspeak-Sep-2022.pdf
bpo_ites,2022-01,1987,Naukri-Jobspeak-Sep-2022.pdf,2022-09,https://www.infoedge.in/pdfs/News_Events_pdfs/Naukri-Jobspeak-Sep-2022.pdf
bpo_ites,2022-02,2468,Naukri-Jobspeak-Sep-2022.pdf,2022-09,https://www.infoedge.in/pdfs/News_Events_pdfs/Naukri-Jobspeak-Sep-2022.pdf
bpo_ites,2022-03,2458,Naukri-Jobspeak-Sep-2022.pdf,2022-09,https://www.infoedge.in/pdfs/News_Events_pdfs/Naukri-Jobspeak-Sep-2022.pdf
bpo_ites,2022-04,2659,Naukri-Jobspeak-Sep-2022.pdf,2022-09,https://www.infoedge.in/pdfs/News_Events_pdfs/Naukri-Jobspeak-Sep-2022.pdf
bpo_ites,2022-05,2617,Naukri-Jobspeak-Sep-2022.pdf,2022-09,https://www.infoedge.in/pdfs/News_Events_pdfs/Naukri-Jobspeak-Sep-2022.pdf
bpo_ites,2022-06,2600,Naukri-Jobspeak-Sep-2022.pdf,2022-09,https://www.infoedge.in/pdfs/News_Events_pdfs/Naukri-Jobspeak-Sep-2022.pdf
bpo_ites,2022-07,2587,Naukri-Jobspeak-Sep-2022.pdf,2022-09,https://www.infoedge.in/pdfs/News_Events_pdfs/Naukri-Jobspeak-Sep-2022.pdf
bpo_ites,2022-08,2325,Naukri-Jobspeak-Sep-2022.pdf,2022-09,https://www.infoedge.in/pdfs/News_Events_pdfs/Naukri-Jobspeak-Sep-2022.pdf
bpo_ites,2022-09,2619,Naukri-Jobspeak-Sep-2022.pdf,2022-09,https://www.infoedge.in/pdfs/News_Events_pdfs/Naukri-Jobspeak-Sep-2022.pdf
bpo_ites,2022-09,2619,Naukri-Jobspeak-September-2023.pdf,2023-09,https://www.infoedge.in/pdfs/News_Events_pdfs/Naukri-Jobspeak-September-2023.pdf
bpo_ites,2022-10,2131,Naukri-Jobspeak-September-2023.pdf,2023-09,https://www.infoedge.in/pdfs/News_Events_pdfs/Naukri-Jobspeak-September-2023.pdf
bpo_ites,2022-11,2511,Naukri-Jobspeak-September-2023.pdf,2023-09,https://www.infoedge.in/pdfs/News_Events_pdfs/Naukri-Jobspeak-September-2023.pdf
bpo_ites,2022-12,2249,Naukri-Jobspeak-September-2023.pdf,2023-09,https://www.infoedge.in/pdfs/News_Events_pdfs/Naukri-Jobspeak-September-2023.pdf
bpo_ites,2023-01,2303,Naukri-Jobspeak-September-2023.pdf,2023-09,https://www.infoedge.in/pdfs/News_Events_pdfs/Naukri-Jobspeak-September-2023.pdf
bpo_ites,2023-02,2456,Naukri-Jobspeak-September-2023.pdf,2023-09,https://www.infoedge.in/pdfs/News_Events_pdfs/Naukri-Jobspeak-September-2023.pdf
bpo_ites,2023-03,2415,Naukri-Jobspeak-September-2023.pdf,2023-09,https://www.infoedge.in/pdfs/News_Events_pdfs/Naukri-Jobspeak-September-2023.pdf
bpo_ites,2023-04,2186,Naukri-Jobspeak-September-2023.pdf,2023-09,https://www.infoedge.in/pdfs/News_Events_pdfs/Naukri-Jobspeak-September-2023.pdf
bpo_ites,2023-05,2256,Naukri-Jobspeak-September-2023.pdf,2023-09,https://www.infoedge.in/pdfs/News_Events_pdfs/Naukri-Jobspeak-September-2023.pdf
bpo_ites,2023-06,2163,Naukri-Jobspeak-September-2023.pdf,2023-09,https://www.infoedge.in/pdfs/News_Events_pdfs/Naukri-Jobspeak-September-2023.pdf
bpo_ites,2023-07,2036,Naukri-Jobspeak-September-2023.pdf,2023-09,https://www.infoedge.in/pdfs/News_Events_pdfs/Naukri-Jobspeak-September-2023.pdf
bpo_ites,2023-08,2085,Naukri-Jobspeak-September-2023.pdf,2023-09,https://www.infoedge.in/pdfs/News_Events_pdfs/Naukri-Jobspeak-September-2023.pdf
bpo_ites,2023-09,1952,Naukri-Jobspeak-September-2023.pdf,2023-09,https://www.infoedge.in/pdfs/News_Events_pdfs/Naukri-Jobspeak-September-2023.pdf
it_software,2022-09,5283,Naukri-Jobspeak-September-2023.pdf,2023-09,https://www.infoedge.in/pdfs/News_Events_pdfs/Naukri-Jobspeak-September-2023.pdf
it_software,2022-10,3825,Naukri-Jobspeak-September-2023.pdf,2023-09,https://www.infoedge.in/pdfs/News_Events_pdfs/Naukri-Jobspeak-September-2023.pdf
it_software,2022-11,4674,Naukri-Jobspeak-September-2023.pdf,2023-09,https://www.infoedge.in/pdfs/News_Events_pdfs/Naukri-Jobspeak-September-2023.pdf
it_software,2022-12,4087,Naukri-Jobspeak-September-2023.pdf,2023-09,https://www.infoedge.in/pdfs/News_Events_pdfs/Naukri-Jobspeak-September-2023.pdf
it_software,2023-01,4010,Naukri-Jobspeak-September-2023.pdf,2023-09,https://www.infoedge.in/pdfs/News_Events_pdfs/Naukri-Jobspeak-September-2023.pdf
it_software,2023-02,4428,Naukri-Jobspeak-September-2023.pdf,2023-09,https://www.infoedge.in/pdfs/News_Events_pdfs/Naukri-Jobspeak-September-2023.pdf
it_software,2023-03,4147,Naukri-Jobspeak-September-2023.pdf,2023-09,https://www.infoedge.in/pdfs/News_Events_pdfs/Naukri-Jobspeak-September-2023.pdf
it_software,2023-04,3392,Naukri-Jobspeak-September-2023.pdf,2023-09,https://www.infoedge.in/pdfs/News_Events_pdfs/Naukri-Jobspeak-September-2023.pdf
it_software,2023-05,3618,Naukri-Jobspeak-September-2023.pdf,2023-09,https://www.infoedge.in/pdfs/News_Events_pdfs/Naukri-Jobspeak-September-2023.pdf
it_software,2023-06,3511,Naukri-Jobspeak-September-2023.pdf,2023-09,https://www.infoedge.in/pdfs/News_Events_pdfs/Naukri-Jobspeak-September-2023.pdf
it_software,2023-07,3187,Naukri-Jobspeak-September-2023.pdf,2023-09,https://www.infoedge.in/pdfs/News_Events_pdfs/Naukri-Jobspeak-September-2023.pdf
it_software,2023-08,3278,Naukri-Jobspeak-September-2023.pdf,2023-09,https://www.infoedge.in/pdfs/News_Events_pdfs/Naukri-Jobspeak-September-2023.pdf
it_software,2023-09,2989,Naukri-Jobspeak-September-2023.pdf,2023-09,https://www.infoedge.in/pdfs/News_Events_pdfs/Naukri-Jobspeak-September-2023.pdf
exp_0_3,2022-09,3265,Naukri-Jobspeak-September-2023.pdf,2023-09,https://www.infoedge.in/pdfs/News_Events_pdfs/Naukri-Jobspeak-September-2023.pdf
exp_0_3,2022-10,2642,Naukri-Jobspeak-September-2023.pdf,2023-09,https://www.infoedge.in/pdfs/News_Events_pdfs/Naukri-Jobspeak-September-2023.pdf
exp_0_3,2022-11,3253,Naukri-Jobspeak-September-2023.pdf,2023-09,https://www.infoedge.in/pdfs/News_Events_pdfs/Naukri-Jobspeak-September-2023.pdf
exp_0_3,2022-12,3106,Naukri-Jobspeak-September-2023.pdf,2023-09,https://www.infoedge.in/pdfs/News_Events_pdfs/Naukri-Jobspeak-September-2023.pdf
exp_0_3,2023-01,2926,Naukri-Jobspeak-September-2023.pdf,2023-09,https://www.infoedge.in/pdfs/News_Events_pdfs/Naukri-Jobspeak-September-2023.pdf
exp_0_3,2023-02,3073,Naukri-Jobspeak-September-2023.pdf,2023-09,https://www.infoedge.in/pdfs/News_Events_pdfs/Naukri-Jobspeak-September-2023.pdf
exp_0_3,2023-03,3144,Naukri-Jobspeak-September-2023.pdf,2023-09,https://www.infoedge.in/pdfs/News_Events_pdfs/Naukri-Jobspeak-September-2023.pdf
exp_0_3,2023-04,2834,Naukri-Jobspeak-September-2023.pdf,2023-09,https://www.infoedge.in/pdfs/News_Events_pdfs/Naukri-Jobspeak-September-2023.pdf
exp_0_3,2023-05,2945,Naukri-Jobspeak-September-2023.pdf,2023-09,https://www.infoedge.in/pdfs/News_Events_pdfs/Naukri-Jobspeak-September-2023.pdf
exp_0_3,2023-06,2890,Naukri-Jobspeak-September-2023.pdf,2023-09,https://www.infoedge.in/pdfs/News_Events_pdfs/Naukri-Jobspeak-September-2023.pdf
exp_0_3,2023-07,2672,Naukri-Jobspeak-September-2023.pdf,2023-09,https://www.infoedge.in/pdfs/News_Events_pdfs/Naukri-Jobspeak-September-2023.pdf
exp_0_3,2023-08,2769,Naukri-Jobspeak-September-2023.pdf,2023-09,https://www.infoedge.in/pdfs/News_Events_pdfs/Naukri-Jobspeak-September-2023.pdf
exp_0_3,2023-09,2933,Naukri-Jobspeak-September-2023.pdf,2023-09,https://www.infoedge.in/pdfs/News_Events_pdfs/Naukri-Jobspeak-September-2023.pdf
exp_4_7,2022-09,3346,Naukri-Jobspeak-September-2023.pdf,2023-09,https://www.infoedge.in/pdfs/News_Events_pdfs/Naukri-Jobspeak-September-2023.pdf
exp_4_7,2022-10,2632,Naukri-Jobspeak-September-2023.pdf,2023-09,https://www.infoedge.in/pdfs/News_Events_pdfs/Naukri-Jobspeak-September-2023.pdf
exp_4_7,2022-11,3293,Naukri-Jobspeak-September-2023.pdf,2023-09,https://www.infoedge.in/pdfs/News_Events_pdfs/Naukri-Jobspeak-September-2023.pdf
exp_4_7,2022-12,2998,Naukri-Jobspeak-September-2023.pdf,2023-09,https://www.infoedge.in/pdfs/News_Events_pdfs/Naukri-Jobspeak-September-2023.pdf
exp_4_7,2023-01,2871,Naukri-Jobspeak-September-2023.pdf,2023-09,https://www.infoedge.in/pdfs/News_Events_pdfs/Naukri-Jobspeak-September-2023.pdf
exp_4_7,2023-02,3104,Naukri-Jobspeak-September-2023.pdf,2023-09,https://www.infoedge.in/pdfs/News_Events_pdfs/Naukri-Jobspeak-September-2023.pdf
exp_4_7,2023-03,3010,Naukri-Jobspeak-September-2023.pdf,2023-09,https://www.infoedge.in/pdfs/News_Events_pdfs/Naukri-Jobspeak-September-2023.pdf
exp_4_7,2023-04,2725,Naukri-Jobspeak-September-2023.pdf,2023-09,https://www.infoedge.in/pdfs/News_Events_pdfs/Naukri-Jobspeak-September-2023.pdf
exp_4_7,2023-05,2846,Naukri-Jobspeak-September-2023.pdf,2023-09,https://www.infoedge.in/pdfs/News_Events_pdfs/Naukri-Jobspeak-September-2023.pdf
exp_4_7,2023-06,2770,Naukri-Jobspeak-September-2023.pdf,2023-09,https://www.infoedge.in/pdfs/News_Events_pdfs/Naukri-Jobspeak-September-2023.pdf
exp_4_7,2023-07,2516,Naukri-Jobspeak-September-2023.pdf,2023-09,https://www.infoedge.in/pdfs/News_Events_pdfs/Naukri-Jobspeak-September-2023.pdf
exp_4_7,2023-08,2567,Naukri-Jobspeak-September-2023.pdf,2023-09,https://www.infoedge.in/pdfs/News_Events_pdfs/Naukri-Jobspeak-September-2023.pdf
exp_4_7,2023-09,2717,Naukri-Jobspeak-September-2023.pdf,2023-09,https://www.infoedge.in/pdfs/News_Events_pdfs/Naukri-Jobspeak-September-2023.pdf
exp_8_12,2022-09,2914,Naukri-Jobspeak-September-2023.pdf,2023-09,https://www.infoedge.in/pdfs/News_Events_pdfs/Naukri-Jobspeak-September-2023.pdf
exp_8_12,2022-10,2229,Naukri-Jobspeak-September-2023.pdf,2023-09,https://www.infoedge.in/pdfs/News_Events_pdfs/Naukri-Jobspeak-September-2023.pdf
exp_8_12,2022-11,2864,Naukri-Jobspeak-September-2023.pdf,2023-09,https://www.infoedge.in/pdfs/News_Events_pdfs/Naukri-Jobspeak-September-2023.pdf
exp_8_12,2022-12,2676,Naukri-Jobspeak-September-2023.pdf,2023-09,https://www.infoedge.in/pdfs/News_Events_pdfs/Naukri-Jobspeak-September-2023.pdf
exp_8_12,2023-01,2568,Naukri-Jobspeak-September-2023.pdf,2023-09,https://www.infoedge.in/pdfs/News_Events_pdfs/Naukri-Jobspeak-September-2023.pdf
exp_8_12,2023-02,2885,Naukri-Jobspeak-September-2023.pdf,2023-09,https://www.infoedge.in/pdfs/News_Events_pdfs/Naukri-Jobspeak-September-2023.pdf
exp_8_12,2023-03,2859,Naukri-Jobspeak-September-2023.pdf,2023-09,https://www.infoedge.in/pdfs/News_Events_pdfs/Naukri-Jobspeak-September-2023.pdf
exp_8_12,2023-04,2625,Naukri-Jobspeak-September-2023.pdf,2023-09,https://www.infoedge.in/pdfs/News_Events_pdfs/Naukri-Jobspeak-September-2023.pdf
exp_8_12,2023-05,2774,Naukri-Jobspeak-September-2023.pdf,2023-09,https://www.infoedge.in/pdfs/News_Events_pdfs/Naukri-Jobspeak-September-2023.pdf
exp_8_12,2023-06,2724,Naukri-Jobspeak-September-2023.pdf,2023-09,https://www.infoedge.in/pdfs/News_Events_pdfs/Naukri-Jobspeak-September-2023.pdf
exp_8_12,2023-07,2507,Naukri-Jobspeak-September-2023.pdf,2023-09,https://www.infoedge.in/pdfs/News_Events_pdfs/Naukri-Jobspeak-September-2023.pdf
exp_8_12,2023-08,2633,Naukri-Jobspeak-September-2023.pdf,2023-09,https://www.infoedge.in/pdfs/News_Events_pdfs/Naukri-Jobspeak-September-2023.pdf
exp_8_12,2023-09,2861,Naukri-Jobspeak-September-2023.pdf,2023-09,https://www.infoedge.in/pdfs/News_Events_pdfs/Naukri-Jobspeak-September-2023.pdf
exp_13_16,2022-09,2178,Naukri-Jobspeak-September-2023.pdf,2023-09,https://www.infoedge.in/pdfs/News_Events_pdfs/Naukri-Jobspeak-September-2023.pdf
exp_13_16,2022-10,1771,Naukri-Jobspeak-September-2023.pdf,2023-09,https://www.infoedge.in/pdfs/News_Events_pdfs/Naukri-Jobspeak-September-2023.pdf
exp_13_16,2022-11,2342,Naukri-Jobspeak-September-2023.pdf,2023-09,https://www.infoedge.in/pdfs/News_Events_pdfs/Naukri-Jobspeak-September-2023.pdf
exp_13_16,2022-12,2231,Naukri-Jobspeak-September-2023.pdf,2023-09,https://www.infoedge.in/pdfs/News_Events_pdfs/Naukri-Jobspeak-September-2023.pdf
exp_13_16,2023-01,2159,Naukri-Jobspeak-September-2023.pdf,2023-09,https://www.infoedge.in/pdfs/News_Events_pdfs/Naukri-Jobspeak-September-2023.pdf
exp_13_16,2023-02,2362,Naukri-Jobspeak-September-2023.pdf,2023-09,https://www.infoedge.in/pdfs/News_Events_pdfs/Naukri-Jobspeak-September-2023.pdf
exp_13_16,2023-03,2389,Naukri-Jobspeak-September-2023.pdf,2023-09,https://www.infoedge.in/pdfs/News_Events_pdfs/Naukri-Jobspeak-September-2023.pdf
exp_13_16,2023-04,2217,Naukri-Jobspeak-September-2023.pdf,2023-09,https://www.infoedge.in/pdfs/News_Events_pdfs/Naukri-Jobspeak-September-2023.pdf
exp_13_16,2023-05,2370,Naukri-Jobspeak-September-2023.pdf,2023-09,https://www.infoedge.in/pdfs/News_Events_pdfs/Naukri-Jobspeak-September-2023.pdf
exp_13_16,2023-06,2379,Naukri-Jobspeak-September-2023.pdf,2023-09,https://www.infoedge.in/pdfs/News_Events_pdfs/Naukri-Jobspeak-September-2023.pdf
exp_13_16,2023-07,2271,Naukri-Jobspeak-September-2023.pdf,2023-09,https://www.infoedge.in/pdfs/News_Events_pdfs/Naukri-Jobspeak-September-2023.pdf
exp_13_16,2023-08,2372,Naukri-Jobspeak-September-2023.pdf,2023-09,https://www.infoedge.in/pdfs/News_Events_pdfs/Naukri-Jobspeak-September-2023.pdf
exp_13_16,2023-09,2421,Naukri-Jobspeak-September-2023.pdf,2023-09,https://www.infoedge.in/pdfs/News_Events_pdfs/Naukri-Jobspeak-September-2023.pdf
exp_16plus,2022-09,1946,Naukri-Jobspeak-September-2023.pdf,2023-09,https://www.infoedge.in/pdfs/News_Events_pdfs/Naukri-Jobspeak-September-2023.pdf
exp_16plus,2022-10,1613,Naukri-Jobspeak-September-2023.pdf,2023-09,https://www.infoedge.in/pdfs/News_Events_pdfs/Naukri-Jobspeak-September-2023.pdf
exp_16plus,2022-11,2055,Naukri-Jobspeak-September-2023.pdf,2023-09,https://www.infoedge.in/pdfs/News_Events_pdfs/Naukri-Jobspeak-September-2023.pdf
exp_16plus,2022-12,2184,Naukri-Jobspeak-September-2023.pdf,2023-09,https://www.infoedge.in/pdfs/News_Events_pdfs/Naukri-Jobspeak-September-2023.pdf
exp_16plus,2023-01,2051,Naukri-Jobspeak-September-2023.pdf,2023-09,https://www.infoedge.in/pdfs/News_Events_pdfs/Naukri-Jobspeak-September-2023.pdf
exp_16plus,2023-02,2273,Naukri-Jobspeak-September-2023.pdf,2023-09,https://www.infoedge.in/pdfs/News_Events_pdfs/Naukri-Jobspeak-September-2023.pdf
exp_16plus,2023-03,2373,Naukri-Jobspeak-September-2023.pdf,2023-09,https://www.infoedge.in/pdfs/News_Events_pdfs/Naukri-Jobspeak-September-2023.pdf
exp_16plus,2023-04,2230,Naukri-Jobspeak-September-2023.pdf,2023-09,https://www.infoedge.in/pdfs/News_Events_pdfs/Naukri-Jobspeak-September-2023.pdf
exp_16plus,2023-05,2355,Naukri-Jobspeak-September-2023.pdf,2023-09,https://www.infoedge.in/pdfs/News_Events_pdfs/Naukri-Jobspeak-September-2023.pdf
exp_16plus,2023-06,2370,Naukri-Jobspeak-September-2023.pdf,2023-09,https://www.infoedge.in/pdfs/News_Events_pdfs/Naukri-Jobspeak-September-2023.pdf
exp_16plus,2023-07,2276,Naukri-Jobspeak-September-2023.pdf,2023-09,https://www.infoedge.in/pdfs/News_Events_pdfs/Naukri-Jobspeak-September-2023.pdf
exp_16plus,2023-08,2457,Naukri-Jobspeak-September-2023.pdf,2023-09,https://www.infoedge.in/pdfs/News_Events_pdfs/Naukri-Jobspeak-September-2023.pdf
exp_16plus,2023-09,2522,Naukri-Jobspeak-September-2023.pdf,2023-09,https://www.infoedge.in/pdfs/News_Events_pdfs/Naukri-Jobspeak-September-2023.pdf
bpo_ites,2023-09,1952,Naukri-Jobspeak-September-2024.pdf,2024-09,https://www.infoedge.in/pdfs/News_Events_pdfs/Naukri-Jobspeak-September-2024.pdf
bpo_ites,2023-10,2179,Naukri-Jobspeak-September-2024.pdf,2024-09,https://www.infoedge.in/pdfs/News_Events_pdfs/Naukri-Jobspeak-September-2024.pdf
bpo_ites,2023-11,2054,Naukri-Jobspeak-September-2024.pdf,2024-09,https://www.infoedge.in/pdfs/News_Events_pdfs/Naukri-Jobspeak-September-2024.pdf
bpo_ites,2023-12,1872,Naukri-Jobspeak-September-2024.pdf,2024-09,https://www.infoedge.in/pdfs/News_Events_pdfs/Naukri-Jobspeak-September-2024.pdf
bpo_ites,2024-01,1939,Naukri-Jobspeak-September-2024.pdf,2024-09,https://www.infoedge.in/pdfs/News_Events_pdfs/Naukri-Jobspeak-September-2024.pdf
bpo_ites,2024-02,2157,Naukri-Jobspeak-September-2024.pdf,2024-09,https://www.infoedge.in/pdfs/News_Events_pdfs/Naukri-Jobspeak-September-2024.pdf
bpo_ites,2024-03,2264,Naukri-Jobspeak-September-2024.pdf,2024-09,https://www.infoedge.in/pdfs/News_Events_pdfs/Naukri-Jobspeak-September-2024.pdf
bpo_ites,2024-04,2181,Naukri-Jobspeak-September-2024.pdf,2024-09,https://www.infoedge.in/pdfs/News_Events_pdfs/Naukri-Jobspeak-September-2024.pdf
bpo_ites,2024-05,2195,Naukri-Jobspeak-September-2024.pdf,2024-09,https://www.infoedge.in/pdfs/News_Events_pdfs/Naukri-Jobspeak-September-2024.pdf
bpo_ites,2024-06,1961,Naukri-Jobspeak-September-2024.pdf,2024-09,https://www.infoedge.in/pdfs/News_Events_pdfs/Naukri-Jobspeak-September-2024.pdf
bpo_ites,2024-07,2157,Naukri-Jobspeak-September-2024.pdf,2024-09,https://www.infoedge.in/pdfs/News_Events_pdfs/Naukri-Jobspeak-September-2024.pdf
bpo_ites,2024-08,1995,Naukri-Jobspeak-September-2024.pdf,2024-09,https://www.infoedge.in/pdfs/News_Events_pdfs/Naukri-Jobspeak-September-2024.pdf
bpo_ites,2024-09,2036,Naukri-Jobspeak-September-2024.pdf,2024-09,https://www.infoedge.in/pdfs/News_Events_pdfs/Naukri-Jobspeak-September-2024.pdf
it_software,2023-09,2989,Naukri-Jobspeak-September-2024.pdf,2024-09,https://www.infoedge.in/pdfs/News_Events_pdfs/Naukri-Jobspeak-September-2024.pdf
it_software,2023-10,3302,Naukri-Jobspeak-September-2024.pdf,2024-09,https://www.infoedge.in/pdfs/News_Events_pdfs/Naukri-Jobspeak-September-2024.pdf
it_software,2023-11,3349,Naukri-Jobspeak-September-2024.pdf,2024-09,https://www.infoedge.in/pdfs/News_Events_pdfs/Naukri-Jobspeak-September-2024.pdf
it_software,2023-12,3210,Naukri-Jobspeak-September-2024.pdf,2024-09,https://www.infoedge.in/pdfs/News_Events_pdfs/Naukri-Jobspeak-September-2024.pdf
it_software,2024-01,3233,Naukri-Jobspeak-September-2024.pdf,2024-09,https://www.infoedge.in/pdfs/News_Events_pdfs/Naukri-Jobspeak-September-2024.pdf
it_software,2024-02,3748,Naukri-Jobspeak-September-2024.pdf,2024-09,https://www.infoedge.in/pdfs/News_Events_pdfs/Naukri-Jobspeak-September-2024.pdf
it_software,2024-03,3501,Naukri-Jobspeak-September-2024.pdf,2024-09,https://www.infoedge.in/pdfs/News_Events_pdfs/Naukri-Jobspeak-September-2024.pdf
it_software,2024-04,3456,Naukri-Jobspeak-September-2024.pdf,2024-09,https://www.infoedge.in/pdfs/News_Events_pdfs/Naukri-Jobspeak-September-2024.pdf
it_software,2024-05,3630,Naukri-Jobspeak-September-2024.pdf,2024-09,https://www.infoedge.in/pdfs/News_Events_pdfs/Naukri-Jobspeak-September-2024.pdf
it_software,2024-06,3341,Naukri-Jobspeak-September-2024.pdf,2024-09,https://www.infoedge.in/pdfs/News_Events_pdfs/Naukri-Jobspeak-September-2024.pdf
it_software,2024-07,3713,Naukri-Jobspeak-September-2024.pdf,2024-09,https://www.infoedge.in/pdfs/News_Events_pdfs/Naukri-Jobspeak-September-2024.pdf
it_software,2024-08,3310,Naukri-Jobspeak-September-2024.pdf,2024-09,https://www.infoedge.in/pdfs/News_Events_pdfs/Naukri-Jobspeak-September-2024.pdf
it_software,2024-09,3539,Naukri-Jobspeak-September-2024.pdf,2024-09,https://www.infoedge.in/pdfs/News_Events_pdfs/Naukri-Jobspeak-September-2024.pdf
exp_0_3,2023-09,2933,Naukri-Jobspeak-September-2024.pdf,2024-09,https://www.infoedge.in/pdfs/News_Events_pdfs/Naukri-Jobspeak-September-2024.pdf
exp_0_3,2023-10,2642,Naukri-Jobspeak-September-2024.pdf,2024-09,https://www.infoedge.in/pdfs/News_Events_pdfs/Naukri-Jobspeak-September-2024.pdf
exp_0_3,2023-11,2484,Naukri-Jobspeak-September-2024.pdf,2024-09,https://www.infoedge.in/pdfs/News_Events_pdfs/Naukri-Jobspeak-September-2024.pdf
exp_0_3,2023-12,2618,Naukri-Jobspeak-September-2024.pdf,2024-09,https://www.infoedge.in/pdfs/News_Events_pdfs/Naukri-Jobspeak-September-2024.pdf
exp_0_3,2024-01,2621,Naukri-Jobspeak-September-2024.pdf,2024-09,https://www.infoedge.in/pdfs/News_Events_pdfs/Naukri-Jobspeak-September-2024.pdf
exp_0_3,2024-02,2822,Naukri-Jobspeak-September-2024.pdf,2024-09,https://www.infoedge.in/pdfs/News_Events_pdfs/Naukri-Jobspeak-September-2024.pdf
exp_0_3,2024-03,2788,Naukri-Jobspeak-September-2024.pdf,2024-09,https://www.infoedge.in/pdfs/News_Events_pdfs/Naukri-Jobspeak-September-2024.pdf
exp_0_3,2024-04,2783,Naukri-Jobspeak-September-2024.pdf,2024-09,https://www.infoedge.in/pdfs/News_Events_pdfs/Naukri-Jobspeak-September-2024.pdf
exp_0_3,2024-05,2891,Naukri-Jobspeak-September-2024.pdf,2024-09,https://www.infoedge.in/pdfs/News_Events_pdfs/Naukri-Jobspeak-September-2024.pdf
exp_0_3,2024-06,2619,Naukri-Jobspeak-September-2024.pdf,2024-09,https://www.infoedge.in/pdfs/News_Events_pdfs/Naukri-Jobspeak-September-2024.pdf
exp_0_3,2024-07,2869,Naukri-Jobspeak-September-2024.pdf,2024-09,https://www.infoedge.in/pdfs/News_Events_pdfs/Naukri-Jobspeak-September-2024.pdf
exp_0_3,2024-08,2585,Naukri-Jobspeak-September-2024.pdf,2024-09,https://www.infoedge.in/pdfs/News_Events_pdfs/Naukri-Jobspeak-September-2024.pdf
exp_0_3,2024-09,2739,Naukri-Jobspeak-September-2024.pdf,2024-09,https://www.infoedge.in/pdfs/News_Events_pdfs/Naukri-Jobspeak-September-2024.pdf
exp_4_7,2023-09,2717,Naukri-Jobspeak-September-2024.pdf,2024-09,https://www.infoedge.in/pdfs/News_Events_pdfs/Naukri-Jobspeak-September-2024.pdf
exp_4_7,2023-10,2361,Naukri-Jobspeak-September-2024.pdf,2024-09,https://www.infoedge.in/pdfs/News_Events_pdfs/Naukri-Jobspeak-September-2024.pdf
exp_4_7,2023-11,2282,Naukri-Jobspeak-September-2024.pdf,2024-09,https://www.infoedge.in/pdfs/News_Events_pdfs/Naukri-Jobspeak-September-2024.pdf
exp_4_7,2023-12,2316,Naukri-Jobspeak-September-2024.pdf,2024-09,https://www.infoedge.in/pdfs/News_Events_pdfs/Naukri-Jobspeak-September-2024.pdf
exp_4_7,2024-01,2339,Naukri-Jobspeak-September-2024.pdf,2024-09,https://www.infoedge.in/pdfs/News_Events_pdfs/Naukri-Jobspeak-September-2024.pdf
exp_4_7,2024-02,2624,Naukri-Jobspeak-September-2024.pdf,2024-09,https://www.infoedge.in/pdfs/News_Events_pdfs/Naukri-Jobspeak-September-2024.pdf
exp_4_7,2024-03,2482,Naukri-Jobspeak-September-2024.pdf,2024-09,https://www.infoedge.in/pdfs/News_Events_pdfs/Naukri-Jobspeak-September-2024.pdf
exp_4_7,2024-04,2471,Naukri-Jobspeak-September-2024.pdf,2024-09,https://www.infoedge.in/pdfs/News_Events_pdfs/Naukri-Jobspeak-September-2024.pdf
exp_4_7,2024-05,2607,Naukri-Jobspeak-September-2024.pdf,2024-09,https://www.infoedge.in/pdfs/News_Events_pdfs/Naukri-Jobspeak-September-2024.pdf
exp_4_7,2024-06,2420,Naukri-Jobspeak-September-2024.pdf,2024-09,https://www.infoedge.in/pdfs/News_Events_pdfs/Naukri-Jobspeak-September-2024.pdf
exp_4_7,2024-07,2688,Naukri-Jobspeak-September-2024.pdf,2024-09,https://www.infoedge.in/pdfs/News_Events_pdfs/Naukri-Jobspeak-September-2024.pdf
exp_4_7,2024-08,2401,Naukri-Jobspeak-September-2024.pdf,2024-09,https://www.infoedge.in/pdfs/News_Events_pdfs/Naukri-Jobspeak-September-2024.pdf
exp_4_7,2024-09,2529,Naukri-Jobspeak-September-2024.pdf,2024-09,https://www.infoedge.in/pdfs/News_Events_pdfs/Naukri-Jobspeak-September-2024.pdf
exp_8_12,2023-09,2861,Naukri-Jobspeak-September-2024.pdf,2024-09,https://www.infoedge.in/pdfs/News_Events_pdfs/Naukri-Jobspeak-September-2024.pdf
exp_8_12,2023-10,2431,Naukri-Jobspeak-September-2024.pdf,2024-09,https://www.infoedge.in/pdfs/News_Events_pdfs/Naukri-Jobspeak-September-2024.pdf
exp_8_12,2023-11,2343,Naukri-Jobspeak-September-2024.pdf,2024-09,https://www.infoedge.in/pdfs/News_Events_pdfs/Naukri-Jobspeak-September-2024.pdf
exp_8_12,2023-12,2366,Naukri-Jobspeak-September-2024.pdf,2024-09,https://www.infoedge.in/pdfs/News_Events_pdfs/Naukri-Jobspeak-September-2024.pdf
exp_8_12,2024-01,2374,Naukri-Jobspeak-September-2024.pdf,2024-09,https://www.infoedge.in/pdfs/News_Events_pdfs/Naukri-Jobspeak-September-2024.pdf
exp_8_12,2024-02,2797,Naukri-Jobspeak-September-2024.pdf,2024-09,https://www.infoedge.in/pdfs/News_Events_pdfs/Naukri-Jobspeak-September-2024.pdf
exp_8_12,2024-03,2655,Naukri-Jobspeak-September-2024.pdf,2024-09,https://www.infoedge.in/pdfs/News_Events_pdfs/Naukri-Jobspeak-September-2024.pdf
exp_8_12,2024-04,2619,Naukri-Jobspeak-September-2024.pdf,2024-09,https://www.infoedge.in/pdfs/News_Events_pdfs/Naukri-Jobspeak-September-2024.pdf
exp_8_12,2024-05,2807,Naukri-Jobspeak-September-2024.pdf,2024-09,https://www.infoedge.in/pdfs/News_Events_pdfs/Naukri-Jobspeak-September-2024.pdf
exp_8_12,2024-06,2590,Naukri-Jobspeak-September-2024.pdf,2024-09,https://www.infoedge.in/pdfs/News_Events_pdfs/Naukri-Jobspeak-September-2024.pdf
exp_8_12,2024-07,2920,Naukri-Jobspeak-September-2024.pdf,2024-09,https://www.infoedge.in/pdfs/News_Events_pdfs/Naukri-Jobspeak-September-2024.pdf
exp_8_12,2024-08,2600,Naukri-Jobspeak-September-2024.pdf,2024-09,https://www.infoedge.in/pdfs/News_Events_pdfs/Naukri-Jobspeak-September-2024.pdf
exp_8_12,2024-09,2771,Naukri-Jobspeak-September-2024.pdf,2024-09,https://www.infoedge.in/pdfs/News_Events_pdfs/Naukri-Jobspeak-September-2024.pdf
exp_13_16,2023-09,2421,Naukri-Jobspeak-September-2024.pdf,2024-09,https://www.infoedge.in/pdfs/News_Events_pdfs/Naukri-Jobspeak-September-2024.pdf
exp_13_16,2023-10,2227,Naukri-Jobspeak-September-2024.pdf,2024-09,https://www.infoedge.in/pdfs/News_Events_pdfs/Naukri-Jobspeak-September-2024.pdf
exp_13_16,2023-11,2116,Naukri-Jobspeak-September-2024.pdf,2024-09,https://www.infoedge.in/pdfs/News_Events_pdfs/Naukri-Jobspeak-September-2024.pdf
exp_13_16,2023-12,2195,Naukri-Jobspeak-September-2024.pdf,2024-09,https://www.infoedge.in/pdfs/News_Events_pdfs/Naukri-Jobspeak-September-2024.pdf
exp_13_16,2024-01,2196,Naukri-Jobspeak-September-2024.pdf,2024-09,https://www.infoedge.in/pdfs/News_Events_pdfs/Naukri-Jobspeak-September-2024.pdf
exp_13_16,2024-02,2523,Naukri-Jobspeak-September-2024.pdf,2024-09,https://www.infoedge.in/pdfs/News_Events_pdfs/Naukri-Jobspeak-September-2024.pdf
exp_13_16,2024-03,2412,Naukri-Jobspeak-September-2024.pdf,2024-09,https://www.infoedge.in/pdfs/News_Events_pdfs/Naukri-Jobspeak-September-2024.pdf
exp_13_16,2024-04,2407,Naukri-Jobspeak-September-2024.pdf,2024-09,https://www.infoedge.in/pdfs/News_Events_pdfs/Naukri-Jobspeak-September-2024.pdf
exp_13_16,2024-05,2570,Naukri-Jobspeak-September-2024.pdf,2024-09,https://www.infoedge.in/pdfs/News_Events_pdfs/Naukri-Jobspeak-September-2024.pdf
exp_13_16,2024-06,2379,Naukri-Jobspeak-September-2024.pdf,2024-09,https://www.infoedge.in/pdfs/News_Events_pdfs/Naukri-Jobspeak-September-2024.pdf
exp_13_16,2024-07,2671,Naukri-Jobspeak-September-2024.pdf,2024-09,https://www.infoedge.in/pdfs/News_Events_pdfs/Naukri-Jobspeak-September-2024.pdf
exp_13_16,2024-08,2407,Naukri-Jobspeak-September-2024.pdf,2024-09,https://www.infoedge.in/pdfs/News_Events_pdfs/Naukri-Jobspeak-September-2024.pdf
exp_13_16,2024-09,2548,Naukri-Jobspeak-September-2024.pdf,2024-09,https://www.infoedge.in/pdfs/News_Events_pdfs/Naukri-Jobspeak-September-2024.pdf
exp_16plus,2023-09,2522,Naukri-Jobspeak-September-2024.pdf,2024-09,https://www.infoedge.in/pdfs/News_Events_pdfs/Naukri-Jobspeak-September-2024.pdf
exp_16plus,2023-10,2361,Naukri-Jobspeak-September-2024.pdf,2024-09,https://www.infoedge.in/pdfs/News_Events_pdfs/Naukri-Jobspeak-September-2024.pdf
exp_16plus,2023-11,2247,Naukri-Jobspeak-September-2024.pdf,2024-09,https://www.infoedge.in/pdfs/News_Events_pdfs/Naukri-Jobspeak-September-2024.pdf
exp_16plus,2023-12,2357,Naukri-Jobspeak-September-2024.pdf,2024-09,https://www.infoedge.in/pdfs/News_Events_pdfs/Naukri-Jobspeak-September-2024.pdf
exp_16plus,2024-01,2429,Naukri-Jobspeak-September-2024.pdf,2024-09,https://www.infoedge.in/pdfs/News_Events_pdfs/Naukri-Jobspeak-September-2024.pdf
exp_16plus,2024-02,2744,Naukri-Jobspeak-September-2024.pdf,2024-09,https://www.infoedge.in/pdfs/News_Events_pdfs/Naukri-Jobspeak-September-2024.pdf
exp_16plus,2024-03,2640,Naukri-Jobspeak-September-2024.pdf,2024-09,https://www.infoedge.in/pdfs/News_Events_pdfs/Naukri-Jobspeak-September-2024.pdf
exp_16plus,2024-04,2690,Naukri-Jobspeak-September-2024.pdf,2024-09,https://www.infoedge.in/pdfs/News_Events_pdfs/Naukri-Jobspeak-September-2024.pdf
exp_16plus,2024-05,2893,Naukri-Jobspeak-September-2024.pdf,2024-09,https://www.infoedge.in/pdfs/News_Events_pdfs/Naukri-Jobspeak-September-2024.pdf
exp_16plus,2024-06,2687,Naukri-Jobspeak-September-2024.pdf,2024-09,https://www.infoedge.in/pdfs/News_Events_pdfs/Naukri-Jobspeak-September-2024.pdf
exp_16plus,2024-07,2994,Naukri-Jobspeak-September-2024.pdf,2024-09,https://www.infoedge.in/pdfs/News_Events_pdfs/Naukri-Jobspeak-September-2024.pdf
exp_16plus,2024-08,2729,Naukri-Jobspeak-September-2024.pdf,2024-09,https://www.infoedge.in/pdfs/News_Events_pdfs/Naukri-Jobspeak-September-2024.pdf
exp_16plus,2024-09,2872,Naukri-Jobspeak-September-2024.pdf,2024-09,https://www.infoedge.in/pdfs/News_Events_pdfs/Naukri-Jobspeak-September-2024.pdf
