firm,cal_q,rev_usd,rev_usd_src,rev_inr,rev_inr_src,rev_cc_yoy,rev_cc_yoy_src,rev_rep_yoy,rev_rep_yoy_src,rev_cc_qoq,rev_cc_qoq_src,headcount,headcount_src,attrition,attrition_src,util0,util0_src,util_incl,util_incl_src,util_excl,util_excl_src,subcon,subcon_src,tcv_q,tcv_q_src,util1,util1_src,tcv_ttm,tcv_ttm_src,subcon_share
accenture,2007Q1,4749.838,https://www.sec.gov/Archives/edgar/data/1134538/000095013707004542/c13605exv99w1.htm,,,10.0,https://www.sec.gov/Archives/edgar/data/1134538/000095013707004542/c13605exv99w1.htm,16.0,https://www.sec.gov/Archives/edgar/data/1134538/000095013707004542/c13605exv99w1.htm,,,,,17.0,https://www.sec.gov/Archives/edgar/data/1134538/000095013707004697/c13586e10vq.htm,,,,,,,,,,,,,,,
accenture,2007Q2,5081.804,https://www.sec.gov/Archives/edgar/data/1134538/000095013707009418/c16323exv99w1.htm,,,9.0,https://www.sec.gov/Archives/edgar/data/1134538/000095013707009418/c16323exv99w1.htm,15.0,https://www.sec.gov/Archives/edgar/data/1134538/000095013707009418/c16323exv99w1.htm,,,,,18.0,https://www.sec.gov/Archives/edgar/data/1134538/000095013707009555/c16238e10vq.htm,,,,,,,,,,,,,,,
accenture,2007Q3,5110.084,https://www.sec.gov/Archives/edgar/data/1134538/000095013707014753/c18901exv99w1.htm,,,23.0,https://www.sec.gov/Archives/edgar/data/1134538/000095013707014753/c18901exv99w1.htm,29.0,https://www.sec.gov/Archives/edgar/data/1134538/000095013707014753/c18901exv99w1.htm,,,170000.0,https://www.sec.gov/Archives/edgar/data/1134538/000095013707015822/c19337e10vk.htm,18.0,https://www.sec.gov/Archives/edgar/data/1134538/000095013707015822/c19337e10vk.htm,,,,,,,,,,,,,,,
accenture,2007Q4,5673.913,https://www.sec.gov/Archives/edgar/data/1134538/000095013707018725/c22371exv99w1.htm,,,12.0,https://www.sec.gov/Archives/edgar/data/1134538/000095013707018725/c22371exv99w1.htm,19.0,https://www.sec.gov/Archives/edgar/data/1134538/000095013707018725/c22371exv99w1.htm,,,,,17.0,https://www.sec.gov/Archives/edgar/data/1134538/000095013707018940/c22357e10vq.htm,,,,,,,,,,,,,,,
accenture,2008Q1,5611.314,https://www.sec.gov/Archives/edgar/data/1134538/000095013708004543/c25139exv99w1.htm,,,11.0,https://www.sec.gov/Archives/edgar/data/1134538/000095013708004543/c25139exv99w1.htm,18.0,https://www.sec.gov/Archives/edgar/data/1134538/000095013708004543/c25139exv99w1.htm,,,,,15.0,https://www.sec.gov/Archives/edgar/data/1134538/000095013708004575/c25047e10vq.htm,83.0,https://www.sec.gov/Archives/edgar/data/1134538/000095013708004575/c25047e10vq.htm,83.0,https://www.sec.gov/Archives/edgar/data/1134538/000095013708004575/c25047e10vq.htm,,,,,,,,,,,
accenture,2008Q2,6102.059,https://www.sec.gov/Archives/edgar/data/1134538/000095013708008793/c27640exv99w1.htm,,,12.0,https://www.sec.gov/Archives/edgar/data/1134538/000095013708008793/c27640exv99w1.htm,20.0,https://www.sec.gov/Archives/edgar/data/1134538/000095013708008793/c27640exv99w1.htm,,,,,16.0,https://www.sec.gov/Archives/edgar/data/1134538/000095013708008852/c27629e10vq.htm,85.0,https://www.sec.gov/Archives/edgar/data/1134538/000095013708008852/c27629e10vq.htm,85.0,https://www.sec.gov/Archives/edgar/data/1134538/000095013708008852/c27629e10vq.htm,,,,,,,,,,,
accenture,2008Q3,5999.516,https://www.sec.gov/Archives/edgar/data/1134538/000095013708012016/c35720exv99w1.htm,,,10.0,https://www.sec.gov/Archives/edgar/data/1134538/000095013708012016/c35720exv99w1.htm,17.0,https://www.sec.gov/Archives/edgar/data/1134538/000095013708012016/c35720exv99w1.htm,,,186000.0,https://www.sec.gov/Archives/edgar/data/1134538/000095013708012835/c46977e10vk.htm,15.0,https://www.sec.gov/Archives/edgar/data/1134538/000095013708012835/c46977e10vk.htm,84.0,https://www.sec.gov/Archives/edgar/data/1134538/000095013708012835/c46977e10vk.htm,84.0,https://www.sec.gov/Archives/edgar/data/1134538/000095013708012835/c46977e10vk.htm,,,,,7670.0,https://www.sec.gov/Archives/edgar/data/1134538/000095013708012016/c35720exv99w1.htm,,,,,
accenture,2008Q4,6019.497,https://www.sec.gov/Archives/edgar/data/1134538/000095012308017845/c48278exv99w1.htm,,,9.0,https://www.sec.gov/Archives/edgar/data/1134538/000095012308017845/c48278exv99w1.htm,6.0,https://www.sec.gov/Archives/edgar/data/1134538/000095012308017845/c48278exv99w1.htm,,,187000.0,https://www.sec.gov/Archives/edgar/data/1134538/000095013708014509/c48220e10vq.htm,13.0,https://www.sec.gov/Archives/edgar/data/1134538/000095013708014509/c48220e10vq.htm,83.0,https://www.sec.gov/Archives/edgar/data/1134538/000095013708014509/c48220e10vq.htm,83.0,https://www.sec.gov/Archives/edgar/data/1134538/000095013708014509/c48220e10vq.htm,,,,,5800.0,https://www.sec.gov/Archives/edgar/data/1134538/000095012308017845/c48278exv99w1.htm,,,,,
accenture,2009Q1,5266.324,https://www.sec.gov/Archives/edgar/data/1134538/000095013709002266/c50241exv99w1.htm,,,3.0,https://www.sec.gov/Archives/edgar/data/1134538/000095013709002266/c50241exv99w1.htm,-6.0,https://www.sec.gov/Archives/edgar/data/1134538/000095013709002266/c50241exv99w1.htm,,,181000.0,https://www.sec.gov/Archives/edgar/data/1134538/000095013709002329/c49999e10vq.htm,9.0,https://www.sec.gov/Archives/edgar/data/1134538/000095013709002329/c49999e10vq.htm,83.0,https://www.sec.gov/Archives/edgar/data/1134538/000095013709002329/c49999e10vq.htm,83.0,https://www.sec.gov/Archives/edgar/data/1134538/000095013709002329/c49999e10vq.htm,,,,,5980.0,https://www.sec.gov/Archives/edgar/data/1134538/000095013709002266/c50241exv99w1.htm,,,,,
accenture,2009Q2,5145.093,https://www.sec.gov/Archives/edgar/data/1134538/000095012309017292/c52061exv99w1.htm,,,-4.0,https://www.sec.gov/Archives/edgar/data/1134538/000095012309017292/c52061exv99w1.htm,-16.0,https://www.sec.gov/Archives/edgar/data/1134538/000095012309017292/c52061exv99w1.htm,,,177000.0,https://www.sec.gov/Archives/edgar/data/1134538/000095012309017559/c51956e10vq.htm,8.0,https://www.sec.gov/Archives/edgar/data/1134538/000095012309017559/c51956e10vq.htm,83.0,https://www.sec.gov/Archives/edgar/data/1134538/000095012309017559/c51956e10vq.htm,83.0,https://www.sec.gov/Archives/edgar/data/1134538/000095012309017559/c51956e10vq.htm,,,,,6570.0,https://www.sec.gov/Archives/edgar/data/1134538/000095012309017292/c52061exv99w1.htm,,,,,
accenture,2009Q3,5145.936,https://www.sec.gov/Archives/edgar/data/1467373/000119312509201992/dex991.htm,,,-7.0,https://www.sec.gov/Archives/edgar/data/1467373/000119312509201992/dex991.htm,-14.0,https://www.sec.gov/Archives/edgar/data/1467373/000119312509201992/dex991.htm,,,177000.0,https://www.sec.gov/Archives/edgar/data/1467373/000119312509209671/d10k.htm,10.0,https://www.sec.gov/Archives/edgar/data/1467373/000119312509201992/dex991.htm,86.0,https://www.sec.gov/Archives/edgar/data/1467373/000119312509209671/d10k.htm,86.0,https://www.sec.gov/Archives/edgar/data/1467373/000119312509209671/d10k.htm,,,,,5540.0,https://www.sec.gov/Archives/edgar/data/1467373/000119312509201992/dex991.htm,,,,,
accenture,2009Q4,5382.532,https://www.sec.gov/Archives/edgar/data/1467373/000119312509254902/dex991.htm,,,-12.0,https://www.sec.gov/Archives/edgar/data/1467373/000119312509254902/dex991.htm,-11.0,https://www.sec.gov/Archives/edgar/data/1467373/000119312509254902/dex991.htm,,,176000.0,https://www.sec.gov/Archives/edgar/data/1467373/000119312509256007/d10q.htm,12.0,https://www.sec.gov/Archives/edgar/data/1467373/000119312509256007/d10q.htm,88.0,https://www.sec.gov/Archives/edgar/data/1467373/000119312509256007/d10q.htm,88.0,https://www.sec.gov/Archives/edgar/data/1467373/000119312509256007/d10q.htm,,,,,5530.0,https://www.sec.gov/Archives/edgar/data/1467373/000119312509254902/dex991.htm,,,,,
accenture,2010Q1,5176.438,https://www.sec.gov/Archives/edgar/data/1467373/000119312510067094/dex991.htm,,,-8.0,https://www.sec.gov/Archives/edgar/data/1467373/000119312510067094/dex991.htm,-2.0,https://www.sec.gov/Archives/edgar/data/1467373/000119312510067094/dex991.htm,,,181000.0,https://www.sec.gov/Archives/edgar/data/1467373/000119312510068566/d10q.htm,15.0,https://www.sec.gov/Archives/edgar/data/1467373/000119312510068566/d10q.htm,88.0,https://www.sec.gov/Archives/edgar/data/1467373/000119312510068566/d10q.htm,88.0,https://www.sec.gov/Archives/edgar/data/1467373/000119312510068566/d10q.htm,,,,,6520.0,https://www.sec.gov/Archives/edgar/data/1467373/000119312510067094/dex991.htm,,,,,
accenture,2010Q2,5571.017,https://www.sec.gov/Archives/edgar/data/1467373/000119312510145994/dex991.htm,,,4.0,https://www.sec.gov/Archives/edgar/data/1467373/000119312510145994/dex991.htm,8.0,https://www.sec.gov/Archives/edgar/data/1467373/000119312510145994/dex991.htm,,,190000.0,https://www.sec.gov/Archives/edgar/data/1467373/000119312510146681/d10q.htm,17.0,https://www.sec.gov/Archives/edgar/data/1467373/000119312510146681/d10q.htm,88.0,https://www.sec.gov/Archives/edgar/data/1467373/000119312510146681/d10q.htm,88.0,https://www.sec.gov/Archives/edgar/data/1467373/000119312510146681/d10q.htm,,,,,6430.0,https://www.sec.gov/Archives/edgar/data/1467373/000119312510145994/dex991.htm,,,,,
accenture,2010Q3,5420.581,https://www.sec.gov/Archives/edgar/data/1467373/000119312510221087/dex991.htm,,,8.0,https://www.sec.gov/Archives/edgar/data/1467373/000119312510221087/dex991.htm,5.0,https://www.sec.gov/Archives/edgar/data/1467373/000119312510221087/dex991.htm,,,204000.0,https://www.sec.gov/Archives/edgar/data/1467373/000119312510235847/d10k.htm,17.0,https://www.sec.gov/Archives/edgar/data/1467373/000119312510235847/d10k.htm,86.0,https://www.sec.gov/Archives/edgar/data/1467373/000119312510235847/d10k.htm,86.0,https://www.sec.gov/Archives/edgar/data/1467373/000119312510235847/d10k.htm,,,,,6500.0,https://www.sec.gov/Archives/edgar/data/1467373/000119312510221087/dex991.htm,,,,,
accenture,2010Q4,6045.65,https://www.sec.gov/Archives/edgar/data/1467373/000119312510282424/dex991.htm,,,14.0,https://www.sec.gov/Archives/edgar/data/1467373/000119312510282424/dex991.htm,12.0,https://www.sec.gov/Archives/edgar/data/1467373/000119312510282424/dex991.htm,,,211000.0,https://www.sec.gov/Archives/edgar/data/1467373/000119312510284423/d10q.htm,15.0,https://www.sec.gov/Archives/edgar/data/1467373/000119312510284423/d10q.htm,87.0,https://www.sec.gov/Archives/edgar/data/1467373/000119312510284423/d10q.htm,87.0,https://www.sec.gov/Archives/edgar/data/1467373/000119312510284423/d10q.htm,,,,,6310.0,https://www.sec.gov/Archives/edgar/data/1467373/000119312510282424/dex991.htm,,,,,
accenture,2011Q1,6053.621,https://www.sec.gov/Archives/edgar/data/1467373/000119312511076477/dex991.htm,,,18.0,https://www.sec.gov/Archives/edgar/data/1467373/000119312511076477/dex991.htm,17.0,https://www.sec.gov/Archives/edgar/data/1467373/000119312511076477/dex991.htm,,,215000.0,https://www.sec.gov/Archives/edgar/data/1467373/000119312511078142/d10q.htm,14.0,https://www.sec.gov/Archives/edgar/data/1467373/000119312511078142/d10q.htm,86.0,https://www.sec.gov/Archives/edgar/data/1467373/000119312511078142/d10q.htm,86.0,https://www.sec.gov/Archives/edgar/data/1467373/000119312511078142/d10q.htm,,,,,6980.0,https://www.sec.gov/Archives/edgar/data/1467373/000119312511076477/dex991.htm,,,,,
accenture,2011Q2,6720.115,https://www.sec.gov/Archives/edgar/data/1467373/000119312511171855/dex991.htm,,,15.0,https://www.sec.gov/Archives/edgar/data/1467373/000119312511171855/dex991.htm,21.0,https://www.sec.gov/Archives/edgar/data/1467373/000119312511171855/dex991.htm,,,223000.0,https://www.sec.gov/Archives/edgar/data/1467373/000119312511173233/d10q.htm,15.0,https://www.sec.gov/Archives/edgar/data/1467373/000119312511173233/d10q.htm,85.0,https://www.sec.gov/Archives/edgar/data/1467373/000119312511173233/d10q.htm,85.0,https://www.sec.gov/Archives/edgar/data/1467373/000119312511173233/d10q.htm,,,,,7100.0,https://www.sec.gov/Archives/edgar/data/1467373/000119312511171855/dex991.htm,,,,,
accenture,2011Q3,6687.65,https://www.sec.gov/Archives/edgar/data/1467373/000119312511257370/d236265dex991.htm,,,14.0,https://www.sec.gov/Archives/edgar/data/1467373/000119312511257370/d236265dex991.htm,23.0,https://www.sec.gov/Archives/edgar/data/1467373/000119312511257370/d236265dex991.htm,,,236000.0,https://www.sec.gov/Archives/edgar/data/1467373/000119312511277309/d222389d10k.htm,14.0,https://www.sec.gov/Archives/edgar/data/1467373/000119312511277309/d222389d10k.htm,85.0,https://www.sec.gov/Archives/edgar/data/1467373/000119312511277309/d222389d10k.htm,85.0,https://www.sec.gov/Archives/edgar/data/1467373/000119312511277309/d222389d10k.htm,,,,,,,,,,,
accenture,2011Q4,7074.497,https://www.sec.gov/Archives/edgar/data/1467373/000119312511342341/d271441dex991.htm,,,14.0,https://www.sec.gov/Archives/edgar/data/1467373/000119312511342341/d271441dex991.htm,17.0,https://www.sec.gov/Archives/edgar/data/1467373/000119312511342341/d271441dex991.htm,,,244000.0,https://www.sec.gov/Archives/edgar/data/1467373/000119312511347254/d257833d10q.htm,12.0,https://www.sec.gov/Archives/edgar/data/1467373/000119312511347254/d257833d10q.htm,87.0,https://www.sec.gov/Archives/edgar/data/1467373/000119312511347254/d257833d10q.htm,87.0,https://www.sec.gov/Archives/edgar/data/1467373/000119312511347254/d257833d10q.htm,,,,,7800.0,https://www.sec.gov/Archives/edgar/data/1467373/000119312511342341/d271441dex991.htm,,,,,
accenture,2012Q1,6797.25,https://www.sec.gov/Archives/edgar/data/1467373/000119312512127421/d319983dex991.htm,,,13.0,https://www.sec.gov/Archives/edgar/data/1467373/000119312512127421/d319983dex991.htm,12.0,https://www.sec.gov/Archives/edgar/data/1467373/000119312512127421/d319983dex991.htm,,,246000.0,https://www.sec.gov/Archives/edgar/data/1467373/000119312512129729/d304608d10q.htm,12.0,https://www.sec.gov/Archives/edgar/data/1467373/000119312512129729/d304608d10q.htm,87.0,https://www.sec.gov/Archives/edgar/data/1467373/000119312512129729/d304608d10q.htm,87.0,https://www.sec.gov/Archives/edgar/data/1467373/000119312512129729/d304608d10q.htm,,,,,7940.0,https://www.sec.gov/Archives/edgar/data/1467373/000119312512127421/d319983dex991.htm,,,,,
accenture,2014Q4,7895.715,https://www.sec.gov/Archives/edgar/data/1467373/000146737315000589/fy16q1earnings8-kexhibit.htm,,,10.0,https://www.sec.gov/Archives/edgar/data/1467373/000146737314000564/fy15q1earnings8-kexhibit.htm,7.0,https://www.sec.gov/Archives/edgar/data/1467373/000146737314000564/fy15q1earnings8-kexhibit.htm,,,318700.0,https://investor.accenture.com/~/media/Files/A/Accenture-IR-V3/quarterly-earnings/2016/q3fy16/Accenture-Supporting-Materials-Q3FY16.pdf,13.0,https://www.sec.gov/Archives/edgar/data/1467373/000146737314000564/fy15q1earnings8-kexhibit.htm,91.0,https://www.sec.gov/Archives/edgar/data/1467373/000146737314000564/fy15q1earnings8-kexhibit.htm,91.0,https://www.sec.gov/Archives/edgar/data/1467373/000146737314000564/fy15q1earnings8-kexhibit.htm,,,,,7700.0,https://www.sec.gov/Archives/edgar/data/1467373/000146737314000564/fy15q1earnings8-kexhibit.htm,,,,,
accenture,2015Q1,7493.329,https://www.sec.gov/Archives/edgar/data/1467373/000146737316000771/fy16q2earnings8-kexhibit.htm,,,12.0,https://www.sec.gov/Archives/edgar/data/1467373/000146737315000154/fy15q2earnings8-kexhibit.htm,5.0,https://www.sec.gov/Archives/edgar/data/1467373/000146737315000154/fy15q2earnings8-kexhibit.htm,,,323278.0,https://investor.accenture.com/~/media/Files/A/Accenture-IR-V3/quarterly-earnings/2016/q3fy16/Accenture-Supporting-Materials-Q3FY16.pdf,14.0,https://www.sec.gov/Archives/edgar/data/1467373/000146737315000154/fy15q2earnings8-kexhibit.htm,91.0,https://www.sec.gov/Archives/edgar/data/1467373/000146737315000154/fy15q2earnings8-kexhibit.htm,91.0,https://www.sec.gov/Archives/edgar/data/1467373/000146737315000154/fy15q2earnings8-kexhibit.htm,,,,,9400.0,https://www.sec.gov/Archives/edgar/data/1467373/000146737315000154/fy15q2earnings8-kexhibit.htm,,,,,
accenture,2015Q2,7770.382,https://www.sec.gov/Archives/edgar/data/1467373/000146737316000912/fy16q3earnings8-kexhibit.htm,,,10.0,https://www.sec.gov/Archives/edgar/data/1467373/000146737315000291/fy15q3earnings8-kexhibit.htm,0.0,https://www.sec.gov/Archives/edgar/data/1467373/000146737315000291/fy15q3earnings8-kexhibit.htm,,,336092.0,https://investor.accenture.com/~/media/Files/A/Accenture-IR-V3/quarterly-earnings/2016/q3fy16/Accenture-Supporting-Materials-Q3FY16.pdf,15.0,https://www.sec.gov/Archives/edgar/data/1467373/000146737315000291/fy15q3earnings8-kexhibit.htm,90.0,https://www.sec.gov/Archives/edgar/data/1467373/000146737315000291/fy15q3earnings8-kexhibit.htm,90.0,https://www.sec.gov/Archives/edgar/data/1467373/000146737315000291/fy15q3earnings8-kexhibit.htm,,,,,8500.0,https://www.sec.gov/Archives/edgar/data/1467373/000146737315000291/fy15q3earnings8-kexhibit.htm,,,,,
accenture,2015Q3,7888.505,https://www.sec.gov/Archives/edgar/data/1467373/000146737316001021/acn-83120168xkexhibit.htm,,,12.0,https://www.sec.gov/Archives/edgar/data/1467373/000146737315000403/acn-83120158xkexhibit.htm,1.0,https://www.sec.gov/Archives/edgar/data/1467373/000146737315000403/acn-83120158xkexhibit.htm,,,358498.0,https://investor.accenture.com/~/media/Files/A/Accenture-IR-V3/quarterly-earnings/2017/q4fy17/accenture-supporting-materials-q4fy17.pdf,14.0,https://investor.accenture.com/~/media/Files/A/Accenture-IR-V3/quarterly-earnings/2017/q4fy17/accenture-supporting-materials-q4fy17.pdf,90.0,https://investor.accenture.com/~/media/Files/A/Accenture-IR-V3/quarterly-earnings/2017/q4fy17/accenture-supporting-materials-q4fy17.pdf,90.0,https://investor.accenture.com/~/media/Files/A/Accenture-IR-V3/quarterly-earnings/2017/q4fy17/accenture-supporting-materials-q4fy17.pdf,,,,,8800.0,https://www.sec.gov/Archives/edgar/data/1467373/000146737315000403/acn-83120158xkexhibit.htm,,,,,
accenture,2015Q4,8013.163,https://www.sec.gov/Archives/edgar/data/1467373/000146737316001176/fy17q1earnings8-kexhibit.htm,,,10.0,https://www.sec.gov/Archives/edgar/data/1467373/000146737315000589/fy16q1earnings8-kexhibit.htm,1.0,https://www.sec.gov/Archives/edgar/data/1467373/000146737315000589/fy16q1earnings8-kexhibit.htm,,,372507.0,https://investor.accenture.com/~/media/Files/A/Accenture-IR-V3/quarterly-earnings/2017/q4fy17/accenture-supporting-materials-q4fy17.pdf,13.0,https://investor.accenture.com/~/media/Files/A/Accenture-IR-V3/quarterly-earnings/2017/q4fy17/accenture-supporting-materials-q4fy17.pdf,90.0,https://investor.accenture.com/~/media/Files/A/Accenture-IR-V3/quarterly-earnings/2017/q4fy17/accenture-supporting-materials-q4fy17.pdf,90.0,https://investor.accenture.com/~/media/Files/A/Accenture-IR-V3/quarterly-earnings/2017/q4fy17/accenture-supporting-materials-q4fy17.pdf,,,,,7700.0,https://www.sec.gov/Archives/edgar/data/1467373/000146737315000589/fy16q1earnings8-kexhibit.htm,,,,,
accenture,2016Q1,7945.565,https://www.sec.gov/Archives/edgar/data/1467373/000146737317000151/fy17q2earnings8-kexhibit.htm,,,12.0,https://www.sec.gov/Archives/edgar/data/1467373/000146737316000771/fy16q2earnings8-kexhibit.htm,6.0,https://www.sec.gov/Archives/edgar/data/1467373/000146737316000771/fy16q2earnings8-kexhibit.htm,,,372579.0,https://investor.accenture.com/~/media/Files/A/Accenture-IR-V3/quarterly-earnings/2017/q4fy17/accenture-supporting-materials-q4fy17.pdf,13.0,https://investor.accenture.com/~/media/Files/A/Accenture-IR-V3/quarterly-earnings/2017/q4fy17/accenture-supporting-materials-q4fy17.pdf,90.0,https://investor.accenture.com/~/media/Files/A/Accenture-IR-V3/quarterly-earnings/2017/q4fy17/accenture-supporting-materials-q4fy17.pdf,90.0,https://investor.accenture.com/~/media/Files/A/Accenture-IR-V3/quarterly-earnings/2017/q4fy17/accenture-supporting-materials-q4fy17.pdf,,,,,9500.0,https://www.sec.gov/Archives/edgar/data/1467373/000146737316000771/fy16q2earnings8-kexhibit.htm,,,,,
accenture,2016Q2,8434.757,https://www.sec.gov/Archives/edgar/data/1467373/000146737317000275/fy17q3earnings8-kexhibit.htm,,,10.0,https://www.sec.gov/Archives/edgar/data/1467373/000146737316000912/fy16q3earnings8-kexhibit.htm,9.0,https://www.sec.gov/Archives/edgar/data/1467373/000146737316000912/fy16q3earnings8-kexhibit.htm,,,375490.0,https://investor.accenture.com/~/media/Files/A/Accenture-IR-V3/quarterly-earnings/2017/q4fy17/accenture-supporting-materials-q4fy17.pdf,15.0,https://investor.accenture.com/~/media/Files/A/Accenture-IR-V3/quarterly-earnings/2017/q4fy17/accenture-supporting-materials-q4fy17.pdf,91.0,https://investor.accenture.com/~/media/Files/A/Accenture-IR-V3/quarterly-earnings/2017/q4fy17/accenture-supporting-materials-q4fy17.pdf,91.0,https://investor.accenture.com/~/media/Files/A/Accenture-IR-V3/quarterly-earnings/2017/q4fy17/accenture-supporting-materials-q4fy17.pdf,,,,,9100.0,https://www.sec.gov/Archives/edgar/data/1467373/000146737316000912/fy16q3earnings8-kexhibit.htm,,,,,
accenture,2016Q3,8489.238,https://www.sec.gov/Archives/edgar/data/1467373/000146737317000386/acn-83120178xkexhibit.htm,,,9.0,https://www.sec.gov/Archives/edgar/data/1467373/000146737316001021/acn-83120168xkexhibit.htm,8.0,https://www.sec.gov/Archives/edgar/data/1467373/000146737316001021/acn-83120168xkexhibit.htm,,,383735.0,https://investor.accenture.com/~/media/Files/A/Accenture-IR-V3/quarterly-earnings/2017/q4fy17/accenture-supporting-materials-q4fy17.pdf,16.0,https://investor.accenture.com/~/media/Files/A/Accenture-IR-V3/quarterly-earnings/2017/q4fy17/accenture-supporting-materials-q4fy17.pdf,92.0,https://investor.accenture.com/~/media/Files/A/Accenture-IR-V3/quarterly-earnings/2017/q4fy17/accenture-supporting-materials-q4fy17.pdf,92.0,https://investor.accenture.com/~/media/Files/A/Accenture-IR-V3/quarterly-earnings/2017/q4fy17/accenture-supporting-materials-q4fy17.pdf,,,,,9000.0,https://www.sec.gov/Archives/edgar/data/1467373/000146737316001021/acn-83120168xkexhibit.htm,,,,,
accenture,2016Q4,8515.517,https://www.sec.gov/Archives/edgar/data/1467373/000146737317000505/fy18q1earnings8-kexhibit.htm,,,7.0,https://www.sec.gov/Archives/edgar/data/1467373/000146737316001176/fy17q1earnings8-kexhibit.htm,6.0,https://www.sec.gov/Archives/edgar/data/1467373/000146737316001176/fy17q1earnings8-kexhibit.htm,,,394083.0,https://investor.accenture.com/~/media/Files/A/Accenture-IR-V3/quarterly-earnings/2017/q4fy17/accenture-supporting-materials-q4fy17.pdf,12.0,https://investor.accenture.com/~/media/Files/A/Accenture-IR-V3/quarterly-earnings/2017/q4fy17/accenture-supporting-materials-q4fy17.pdf,92.0,https://investor.accenture.com/~/media/Files/A/Accenture-IR-V3/quarterly-earnings/2017/q4fy17/accenture-supporting-materials-q4fy17.pdf,92.0,https://investor.accenture.com/~/media/Files/A/Accenture-IR-V3/quarterly-earnings/2017/q4fy17/accenture-supporting-materials-q4fy17.pdf,,,,,8300.0,https://www.sec.gov/Archives/edgar/data/1467373/000146737316001176/fy17q1earnings8-kexhibit.htm,,,,,
accenture,2017Q1,8317.671,https://www.sec.gov/Archives/edgar/data/1467373/000146737318000138/fy18q2earnings8-kexhibit.htm,,,6.0,https://www.sec.gov/Archives/edgar/data/1467373/000146737317000151/fy17q2earnings8-kexhibit.htm,5.0,https://www.sec.gov/Archives/edgar/data/1467373/000146737317000151/fy17q2earnings8-kexhibit.htm,,,400957.0,https://investor.accenture.com/~/media/Files/A/Accenture-IR-V3/quarterly-earnings/2017/q4fy17/accenture-supporting-materials-q4fy17.pdf,12.0,https://investor.accenture.com/~/media/Files/A/Accenture-IR-V3/quarterly-earnings/2017/q4fy17/accenture-supporting-materials-q4fy17.pdf,91.0,https://investor.accenture.com/~/media/Files/A/Accenture-IR-V3/quarterly-earnings/2017/q4fy17/accenture-supporting-materials-q4fy17.pdf,91.0,https://investor.accenture.com/~/media/Files/A/Accenture-IR-V3/quarterly-earnings/2017/q4fy17/accenture-supporting-materials-q4fy17.pdf,,,,,9200.0,https://www.sec.gov/Archives/edgar/data/1467373/000146737317000151/fy17q2earnings8-kexhibit.htm,,,,,
accenture,2017Q2,8867.036,https://www.sec.gov/Archives/edgar/data/1467373/000146737318000225/fy18q3earnings8-kexhibit.htm,,,7.0,https://www.sec.gov/Archives/edgar/data/1467373/000146737317000275/fy17q3earnings8-kexhibit.htm,5.0,https://www.sec.gov/Archives/edgar/data/1467373/000146737317000275/fy17q3earnings8-kexhibit.htm,,,411421.0,https://investor.accenture.com/~/media/Files/A/Accenture-IR-V3/quarterly-earnings/2017/q4fy17/accenture-supporting-materials-q4fy17.pdf,15.0,https://investor.accenture.com/~/media/Files/A/Accenture-IR-V3/quarterly-earnings/2017/q4fy17/accenture-supporting-materials-q4fy17.pdf,91.0,https://investor.accenture.com/~/media/Files/A/Accenture-IR-V3/quarterly-earnings/2017/q4fy17/accenture-supporting-materials-q4fy17.pdf,91.0,https://investor.accenture.com/~/media/Files/A/Accenture-IR-V3/quarterly-earnings/2017/q4fy17/accenture-supporting-materials-q4fy17.pdf,,,,,9800.0,https://www.sec.gov/Archives/edgar/data/1467373/000146737317000275/fy17q3earnings8-kexhibit.htm,,,,,
accenture,2017Q3,9149.958,https://www.sec.gov/Archives/edgar/data/1467373/000146737318000288/acn-83120188xkexhibit.htm,,,8.0,https://www.sec.gov/Archives/edgar/data/1467373/000146737317000386/acn-83120178xkexhibit.htm,8.0,https://www.sec.gov/Archives/edgar/data/1467373/000146737317000386/acn-83120178xkexhibit.htm,,,425000.0,https://www.sec.gov/Archives/edgar/data/1467373/000146737317000430/acn831201710k.htm,15.0,https://investor.accenture.com/~/media/Files/A/Accenture-IR-V3/quarterly-earnings/2017/q4fy17/accenture-supporting-materials-q4fy17.pdf,91.0,https://investor.accenture.com/~/media/Files/A/Accenture-IR-V3/quarterly-earnings/2017/q4fy17/accenture-supporting-materials-q4fy17.pdf,91.0,https://investor.accenture.com/~/media/Files/A/Accenture-IR-V3/quarterly-earnings/2017/q4fy17/accenture-supporting-materials-q4fy17.pdf,,,,,10100.0,https://www.sec.gov/Archives/edgar/data/1467373/000146737317000386/acn-83120178xkexhibit.htm,,,,,
accenture,2017Q4,9884.313,https://www.sec.gov/Archives/edgar/data/1467373/000146737318000420/fy19q1earnings8-kexhibit.htm,,,10.0,https://www.sec.gov/Archives/edgar/data/1467373/000146737317000505/fy18q1earnings8-kexhibit.htm,12.0,https://www.sec.gov/Archives/edgar/data/1467373/000146737317000505/fy18q1earnings8-kexhibit.htm,,,435366.0,https://investor.accenture.com/~/media/Files/A/Accenture-IR-V3/quarterly-earnings/2019/q4fy19/fy19-q4-supporting-materials.pdf,13.0,https://investor.accenture.com/~/media/Files/A/Accenture-IR-V3/quarterly-earnings/2019/q4fy19/fy19-q4-supporting-materials.pdf,92.0,https://investor.accenture.com/~/media/Files/A/Accenture-IR-V3/quarterly-earnings/2019/q4fy19/fy19-q4-supporting-materials.pdf,92.0,https://investor.accenture.com/~/media/Files/A/Accenture-IR-V3/quarterly-earnings/2019/q4fy19/fy19-q4-supporting-materials.pdf,,,,,10000.0,https://www.sec.gov/Archives/edgar/data/1467373/000146737317000505/fy18q1earnings8-kexhibit.htm,,,,,
accenture,2018Q1,9909.238,https://www.sec.gov/Archives/edgar/data/1467373/000146737319000128/fy19q2earnings8-kexhibit.htm,,,10.0,https://www.sec.gov/Archives/edgar/data/1467373/000146737318000138/fy18q2earnings8-kexhibit.htm,15.0,https://www.sec.gov/Archives/edgar/data/1467373/000146737318000138/fy18q2earnings8-kexhibit.htm,,,441592.0,https://investor.accenture.com/~/media/Files/A/Accenture-IR-V3/quarterly-earnings/2019/q4fy19/fy19-q4-supporting-materials.pdf,13.0,https://investor.accenture.com/~/media/Files/A/Accenture-IR-V3/quarterly-earnings/2019/q4fy19/fy19-q4-supporting-materials.pdf,91.0,https://investor.accenture.com/~/media/Files/A/Accenture-IR-V3/quarterly-earnings/2019/q4fy19/fy19-q4-supporting-materials.pdf,91.0,https://investor.accenture.com/~/media/Files/A/Accenture-IR-V3/quarterly-earnings/2019/q4fy19/fy19-q4-supporting-materials.pdf,,,,,10300.0,https://www.sec.gov/Archives/edgar/data/1467373/000146737318000138/fy18q2earnings8-kexhibit.htm,,,,,
accenture,2018Q2,10694.996,https://www.sec.gov/Archives/edgar/data/1467373/000146737319000215/fy19q3earnings8-kexhibit.htm,,,11.0,https://www.sec.gov/Archives/edgar/data/1467373/000146737318000225/fy18q3earnings8-kexhibit.htm,16.0,https://www.sec.gov/Archives/edgar/data/1467373/000146737318000225/fy18q3earnings8-kexhibit.htm,,,448724.0,https://investor.accenture.com/~/media/Files/A/Accenture-IR-V3/quarterly-earnings/2019/q4fy19/fy19-q4-supporting-materials.pdf,17.0,https://investor.accenture.com/~/media/Files/A/Accenture-IR-V3/quarterly-earnings/2019/q4fy19/fy19-q4-supporting-materials.pdf,91.0,https://investor.accenture.com/~/media/Files/A/Accenture-IR-V3/quarterly-earnings/2019/q4fy19/fy19-q4-supporting-materials.pdf,91.0,https://investor.accenture.com/~/media/Files/A/Accenture-IR-V3/quarterly-earnings/2019/q4fy19/fy19-q4-supporting-materials.pdf,,,,,11700.0,https://www.sec.gov/Archives/edgar/data/1467373/000146737318000225/fy18q3earnings8-kexhibit.htm,,,,,
accenture,2018Q3,10503.987,https://www.sec.gov/Archives/edgar/data/1467373/000146737319000274/fy19q4plc8-kexhibit.htm,,,11.0,https://www.sec.gov/Archives/edgar/data/1467373/000146737318000288/acn-83120188xkexhibit.htm,11.0,https://www.sec.gov/Archives/edgar/data/1467373/000146737318000288/acn-83120188xkexhibit.htm,,,459178.0,https://investor.accenture.com/~/media/Files/A/Accenture-IR-V3/quarterly-earnings/2019/q4fy19/fy19-q4-supporting-materials.pdf,18.0,https://investor.accenture.com/~/media/Files/A/Accenture-IR-V3/quarterly-earnings/2019/q4fy19/fy19-q4-supporting-materials.pdf,91.0,https://investor.accenture.com/~/media/Files/A/Accenture-IR-V3/quarterly-earnings/2019/q4fy19/fy19-q4-supporting-materials.pdf,91.0,https://investor.accenture.com/~/media/Files/A/Accenture-IR-V3/quarterly-earnings/2019/q4fy19/fy19-q4-supporting-materials.pdf,,,,,10800.0,https://www.sec.gov/Archives/edgar/data/1467373/000146737318000288/acn-83120188xkexhibit.htm,,,,,
accenture,2018Q4,10605.546,https://www.sec.gov/Archives/edgar/data/1467373/000146737319000394/fy20q1earnings8-kexhib.htm,,,9.5,https://www.sec.gov/Archives/edgar/data/1467373/000146737318000420/fy19q1earnings8-kexhibit.htm,7.0,https://www.sec.gov/Archives/edgar/data/1467373/000146737318000420/fy19q1earnings8-kexhibit.htm,,,468888.0,https://investor.accenture.com/~/media/Files/A/Accenture-IR-V3/quarterly-earnings/2019/q4fy19/fy19-q4-supporting-materials.pdf,15.0,https://investor.accenture.com/~/media/Files/A/Accenture-IR-V3/quarterly-earnings/2019/q4fy19/fy19-q4-supporting-materials.pdf,92.0,https://investor.accenture.com/~/media/Files/A/Accenture-IR-V3/quarterly-earnings/2019/q4fy19/fy19-q4-supporting-materials.pdf,92.0,https://investor.accenture.com/~/media/Files/A/Accenture-IR-V3/quarterly-earnings/2019/q4fy19/fy19-q4-supporting-materials.pdf,,,,,10200.0,https://www.sec.gov/Archives/edgar/data/1467373/000146737318000420/fy19q1earnings8-kexhibit.htm,,,,,
accenture,2019Q1,10454.129,https://www.sec.gov/Archives/edgar/data/1467373/000146737320000157/fy20q2earnings8-kexhib.htm,,,9.0,https://www.sec.gov/Archives/edgar/data/1467373/000146737319000128/fy19q2earnings8-kexhibit.htm,5.0,https://www.sec.gov/Archives/edgar/data/1467373/000146737319000128/fy19q2earnings8-kexhibit.htm,,,476542.0,https://investor.accenture.com/~/media/Files/A/Accenture-IR-V3/quarterly-earnings/2019/q4fy19/fy19-q4-supporting-materials.pdf,15.0,https://investor.accenture.com/~/media/Files/A/Accenture-IR-V3/quarterly-earnings/2019/q4fy19/fy19-q4-supporting-materials.pdf,91.0,https://investor.accenture.com/~/media/Files/A/Accenture-IR-V3/quarterly-earnings/2019/q4fy19/fy19-q4-supporting-materials.pdf,91.0,https://investor.accenture.com/~/media/Files/A/Accenture-IR-V3/quarterly-earnings/2019/q4fy19/fy19-q4-supporting-materials.pdf,,,,,11800.0,https://www.sec.gov/Archives/edgar/data/1467373/000146737319000128/fy19q2earnings8-kexhibit.htm,,,,,
accenture,2019Q2,11099.688,https://www.sec.gov/Archives/edgar/data/1467373/000146737320000249/fy20q3earnings8-kexhibit.htm,,,8.0,https://www.sec.gov/Archives/edgar/data/1467373/000146737319000215/fy19q3earnings8-kexhibit.htm,4.0,https://www.sec.gov/Archives/edgar/data/1467373/000146737319000215/fy19q3earnings8-kexhibit.htm,,,481557.0,https://investor.accenture.com/~/media/Files/A/Accenture-IR-V3/quarterly-earnings/2021/q2fy21/q2-fy21-supporting-materials.pdf,18.0,https://investor.accenture.com/~/media/Files/A/Accenture-IR-V3/quarterly-earnings/2021/q2fy21/q2-fy21-supporting-materials.pdf,91.0,https://investor.accenture.com/~/media/Files/A/Accenture-IR-V3/quarterly-earnings/2021/q2fy21/q2-fy21-supporting-materials.pdf,91.0,https://investor.accenture.com/~/media/Files/A/Accenture-IR-V3/quarterly-earnings/2021/q2fy21/q2-fy21-supporting-materials.pdf,,,,,10600.0,https://www.sec.gov/Archives/edgar/data/1467373/000146737319000215/fy19q3earnings8-kexhibit.htm,,,,,
accenture,2019Q3,11055.65,https://www.sec.gov/Archives/edgar/data/1467373/000146737320000336/fy20q4plc8-kexhibit.htm,,,7.2,https://www.sec.gov/Archives/edgar/data/1467373/000146737319000274/fy19q4plc8-kexhibit.htm,5.0,https://www.sec.gov/Archives/edgar/data/1467373/000146737319000274/fy19q4plc8-kexhibit.htm,,,492292.0,https://investor.accenture.com/~/media/Files/A/Accenture-IR-V3/quarterly-earnings/2021/q2fy21/q2-fy21-supporting-materials.pdf,19.0,https://investor.accenture.com/~/media/Files/A/Accenture-IR-V3/quarterly-earnings/2021/q2fy21/q2-fy21-supporting-materials.pdf,91.0,https://investor.accenture.com/~/media/Files/A/Accenture-IR-V3/quarterly-earnings/2021/q2fy21/q2-fy21-supporting-materials.pdf,91.0,https://investor.accenture.com/~/media/Files/A/Accenture-IR-V3/quarterly-earnings/2021/q2fy21/q2-fy21-supporting-materials.pdf,,,,,12900.0,https://www.sec.gov/Archives/edgar/data/1467373/000146737319000274/fy19q4plc8-kexhibit.htm,,,,,
accenture,2019Q4,11358.958,https://www.sec.gov/Archives/edgar/data/1467373/000146737320000429/fy21q1earnings8-kexhibit.htm,,,9.0,https://www.sec.gov/Archives/edgar/data/1467373/000146737319000394/fy20q1earnings8-kexhib.htm,7.0,https://www.sec.gov/Archives/edgar/data/1467373/000146737319000394/fy20q1earnings8-kexhib.htm,,,504538.0,https://investor.accenture.com/~/media/Files/A/Accenture-IR-V3/quarterly-earnings/2021/q4fy21/q4-fy21-supporting-materials.pdf,14.0,https://investor.accenture.com/~/media/Files/A/Accenture-IR-V3/quarterly-earnings/2021/q4fy21/q4-fy21-supporting-materials.pdf,91.0,https://investor.accenture.com/~/media/Files/A/Accenture-IR-V3/quarterly-earnings/2021/q4fy21/q4-fy21-supporting-materials.pdf,91.0,https://investor.accenture.com/~/media/Files/A/Accenture-IR-V3/quarterly-earnings/2021/q4fy21/q4-fy21-supporting-materials.pdf,,,,,10300.0,https://www.sec.gov/Archives/edgar/data/1467373/000146737319000394/fy20q1earnings8-kexhib.htm,,,,,
accenture,2020Q1,11141.505,https://www.sec.gov/Archives/edgar/data/1467373/000146737321000104/fy21q2earnings8-kexhibit.htm,,,8.0,https://www.sec.gov/Archives/edgar/data/1467373/000146737320000157/fy20q2earnings8-kexhib.htm,7.0,https://www.sec.gov/Archives/edgar/data/1467373/000146737320000157/fy20q2earnings8-kexhib.htm,,,508572.0,https://investor.accenture.com/~/media/Files/A/Accenture-IR-V3/quarterly-earnings/2021/q4fy21/q4-fy21-supporting-materials.pdf,14.0,https://investor.accenture.com/~/media/Files/A/Accenture-IR-V3/quarterly-earnings/2021/q4fy21/q4-fy21-supporting-materials.pdf,91.0,https://investor.accenture.com/~/media/Files/A/Accenture-IR-V3/quarterly-earnings/2021/q4fy21/q4-fy21-supporting-materials.pdf,91.0,https://investor.accenture.com/~/media/Files/A/Accenture-IR-V3/quarterly-earnings/2021/q4fy21/q4-fy21-supporting-materials.pdf,,,,,14200.0,https://www.sec.gov/Archives/edgar/data/1467373/000146737320000157/fy20q2earnings8-kexhib.htm,,,,,
accenture,2020Q2,10991.305,https://www.sec.gov/Archives/edgar/data/1467373/000146737321000159/fy21q3earnings8-kexhibit.htm,,,1.0,https://www.sec.gov/Archives/edgar/data/1467373/000146737320000249/fy20q3earnings8-kexhibit.htm,-1.0,https://www.sec.gov/Archives/edgar/data/1467373/000146737320000249/fy20q3earnings8-kexhibit.htm,,,513229.0,https://investor.accenture.com/~/media/Files/A/Accenture-IR-V3/quarterly-earnings/2021/q4fy21/q4-fy21-supporting-materials.pdf,11.0,https://investor.accenture.com/~/media/Files/A/Accenture-IR-V3/quarterly-earnings/2021/q4fy21/q4-fy21-supporting-materials.pdf,88.0,https://investor.accenture.com/~/media/Files/A/Accenture-IR-V3/quarterly-earnings/2021/q4fy21/q4-fy21-supporting-materials.pdf,88.0,https://investor.accenture.com/~/media/Files/A/Accenture-IR-V3/quarterly-earnings/2021/q4fy21/q4-fy21-supporting-materials.pdf,,,,,11000.0,https://www.sec.gov/Archives/edgar/data/1467373/000146737320000249/fy20q3earnings8-kexhibit.htm,,,,,
accenture,2020Q3,10835.271,https://www.sec.gov/Archives/edgar/data/1467373/000146737321000218/fy21q4plc8-kexhibit.htm,,,-1.0,https://www.sec.gov/Archives/edgar/data/1467373/000146737320000336/fy20q4plc8-kexhibit.htm,-2.0,https://www.sec.gov/Archives/edgar/data/1467373/000146737320000336/fy20q4plc8-kexhibit.htm,,,505733.0,https://investor.accenture.com/~/media/Files/A/Accenture-IR-V3/quarterly-earnings/2021/q4fy21/q4-fy21-supporting-materials.pdf,7.0,https://investor.accenture.com/~/media/Files/A/Accenture-IR-V3/quarterly-earnings/2021/q4fy21/q4-fy21-supporting-materials.pdf,90.0,https://investor.accenture.com/~/media/Files/A/Accenture-IR-V3/quarterly-earnings/2021/q4fy21/q4-fy21-supporting-materials.pdf,90.0,https://investor.accenture.com/~/media/Files/A/Accenture-IR-V3/quarterly-earnings/2021/q4fy21/q4-fy21-supporting-materials.pdf,,,,,14000.0,https://www.sec.gov/Archives/edgar/data/1467373/000146737320000336/fy20q4plc8-kexhibit.htm,,,,,
accenture,2020Q4,11762.185,https://www.sec.gov/Archives/edgar/data/1467373/000146737321000295/fy22q1earnings8-kexhibit.htm,,,2.0,https://www.sec.gov/Archives/edgar/data/1467373/000146737320000429/fy21q1earnings8-kexhibit.htm,4.0,https://www.sec.gov/Archives/edgar/data/1467373/000146737320000429/fy21q1earnings8-kexhibit.htm,,,514288.0,https://investor.accenture.com/~/media/Files/A/Accenture-IR-V3/quarterly-earnings/2022/q4fy22/fourth-quarter-2022-supporting-materials.pdf,9.0,https://investor.accenture.com/~/media/Files/A/Accenture-IR-V3/quarterly-earnings/2022/q4fy22/fourth-quarter-2022-supporting-materials.pdf,93.0,https://investor.accenture.com/~/media/Files/A/Accenture-IR-V3/quarterly-earnings/2022/q4fy22/fourth-quarter-2022-supporting-materials.pdf,93.0,https://investor.accenture.com/~/media/Files/A/Accenture-IR-V3/quarterly-earnings/2022/q4fy22/fourth-quarter-2022-supporting-materials.pdf,,,,,12900.0,https://www.sec.gov/Archives/edgar/data/1467373/000146737320000429/fy21q1earnings8-kexhibit.htm,,,,,
accenture,2021Q1,12088.125,https://www.sec.gov/Archives/edgar/data/1467373/000146737322000143/fy22q2earnings8-kexhibit.htm,,,5.0,https://www.sec.gov/Archives/edgar/data/1467373/000146737321000104/fy21q2earnings8-kexhibit.htm,8.0,https://www.sec.gov/Archives/edgar/data/1467373/000146737321000104/fy21q2earnings8-kexhibit.htm,,,536653.0,https://investor.accenture.com/~/media/Files/A/Accenture-IR-V3/quarterly-earnings/2022/q4fy22/fourth-quarter-2022-supporting-materials.pdf,12.0,https://investor.accenture.com/~/media/Files/A/Accenture-IR-V3/quarterly-earnings/2022/q4fy22/fourth-quarter-2022-supporting-materials.pdf,94.0,https://investor.accenture.com/~/media/Files/A/Accenture-IR-V3/quarterly-earnings/2022/q4fy22/fourth-quarter-2022-supporting-materials.pdf,94.0,https://investor.accenture.com/~/media/Files/A/Accenture-IR-V3/quarterly-earnings/2022/q4fy22/fourth-quarter-2022-supporting-materials.pdf,,,,,16000.0,https://www.sec.gov/Archives/edgar/data/1467373/000146737321000104/fy21q2earnings8-kexhibit.htm,,,,,
accenture,2021Q2,13263.795,https://www.sec.gov/Archives/edgar/data/1467373/000146737322000199/fy22q3earnings8-kexhibit.htm,,,16.0,https://www.sec.gov/Archives/edgar/data/1467373/000146737321000159/fy21q3earnings8-kexhibit.htm,21.0,https://www.sec.gov/Archives/edgar/data/1467373/000146737321000159/fy21q3earnings8-kexhibit.htm,,,568727.0,https://investor.accenture.com/~/media/Files/A/Accenture-IR-V3/quarterly-earnings/2022/q4fy22/fourth-quarter-2022-supporting-materials.pdf,17.0,https://investor.accenture.com/~/media/Files/A/Accenture-IR-V3/quarterly-earnings/2022/q4fy22/fourth-quarter-2022-supporting-materials.pdf,93.0,https://investor.accenture.com/~/media/Files/A/Accenture-IR-V3/quarterly-earnings/2022/q4fy22/fourth-quarter-2022-supporting-materials.pdf,93.0,https://investor.accenture.com/~/media/Files/A/Accenture-IR-V3/quarterly-earnings/2022/q4fy22/fourth-quarter-2022-supporting-materials.pdf,,,,,15400.0,https://www.sec.gov/Archives/edgar/data/1467373/000146737321000159/fy21q3earnings8-kexhibit.htm,,,,,
accenture,2021Q3,13419.284,https://www.sec.gov/Archives/edgar/data/1467373/000146737322000283/fy22q4plc8-kexhibit.htm,,,21.0,https://www.sec.gov/Archives/edgar/data/1467373/000146737321000218/fy21q4plc8-kexhibit.htm,24.0,https://www.sec.gov/Archives/edgar/data/1467373/000146737321000218/fy21q4plc8-kexhibit.htm,,,624268.0,https://investor.accenture.com/~/media/Files/A/Accenture-IR-V3/quarterly-earnings/2022/q4fy22/fourth-quarter-2022-supporting-materials.pdf,19.0,https://investor.accenture.com/~/media/Files/A/Accenture-IR-V3/quarterly-earnings/2022/q4fy22/fourth-quarter-2022-supporting-materials.pdf,92.0,https://investor.accenture.com/~/media/Files/A/Accenture-IR-V3/quarterly-earnings/2022/q4fy22/fourth-quarter-2022-supporting-materials.pdf,92.0,https://investor.accenture.com/~/media/Files/A/Accenture-IR-V3/quarterly-earnings/2022/q4fy22/fourth-quarter-2022-supporting-materials.pdf,,,,,15000.0,https://www.sec.gov/Archives/edgar/data/1467373/000146737321000218/fy21q4plc8-kexhibit.htm,,,,,
accenture,2021Q4,14965.153,https://www.sec.gov/Archives/edgar/data/1467373/000146737322000369/fy23q1earnings8-kexhibit.htm,,,27.0,https://www.sec.gov/Archives/edgar/data/1467373/000146737321000295/fy22q1earnings8-kexhibit.htm,27.0,https://www.sec.gov/Archives/edgar/data/1467373/000146737321000295/fy22q1earnings8-kexhibit.htm,,,674325.0,https://investor.accenture.com/~/media/Files/A/Accenture-IR-V3/quarterly-earnings/2023/q4fy23/supporting-materials-q4fy23-final.pdf,17.0,https://investor.accenture.com/~/media/Files/A/Accenture-IR-V3/quarterly-earnings/2023/q4fy23/supporting-materials-q4fy23-final.pdf,92.0,https://investor.accenture.com/~/media/Files/A/Accenture-IR-V3/quarterly-earnings/2023/q4fy23/supporting-materials-q4fy23-final.pdf,92.0,https://investor.accenture.com/~/media/Files/A/Accenture-IR-V3/quarterly-earnings/2023/q4fy23/supporting-materials-q4fy23-final.pdf,,,,,16800.0,https://www.sec.gov/Archives/edgar/data/1467373/000146737321000295/fy22q1earnings8-kexhibit.htm,,,,,
accenture,2022Q1,15046.693,https://www.sec.gov/Archives/edgar/data/1467373/000146737323000123/fy23q2earnings8-kexhibit.htm,,,28.0,https://www.sec.gov/Archives/edgar/data/1467373/000146737322000143/fy22q2earnings8-kexhibit.htm,24.0,https://www.sec.gov/Archives/edgar/data/1467373/000146737322000143/fy22q2earnings8-kexhibit.htm,,,698504.0,https://investor.accenture.com/~/media/Files/A/Accenture-IR-V3/quarterly-earnings/2023/q4fy23/supporting-materials-q4fy23-final.pdf,18.0,https://investor.accenture.com/~/media/Files/A/Accenture-IR-V3/quarterly-earnings/2023/q4fy23/supporting-materials-q4fy23-final.pdf,92.0,https://investor.accenture.com/~/media/Files/A/Accenture-IR-V3/quarterly-earnings/2023/q4fy23/supporting-materials-q4fy23-final.pdf,92.0,https://investor.accenture.com/~/media/Files/A/Accenture-IR-V3/quarterly-earnings/2023/q4fy23/supporting-materials-q4fy23-final.pdf,,,,,19600.0,https://www.sec.gov/Archives/edgar/data/1467373/000146737322000143/fy22q2earnings8-kexhibit.htm,,,,,
accenture,2022Q2,16158.803,https://www.sec.gov/Archives/edgar/data/1467373/000146737323000220/fy23q3earnings8-kexhibit.htm,,,27.0,https://www.sec.gov/Archives/edgar/data/1467373/000146737322000199/fy22q3earnings8-kexhibit.htm,22.0,https://www.sec.gov/Archives/edgar/data/1467373/000146737322000199/fy22q3earnings8-kexhibit.htm,,,710432.0,https://investor.accenture.com/~/media/Files/A/Accenture-IR-V3/quarterly-earnings/2023/q4fy23/supporting-materials-q4fy23-final.pdf,20.0,https://investor.accenture.com/~/media/Files/A/Accenture-IR-V3/quarterly-earnings/2023/q4fy23/supporting-materials-q4fy23-final.pdf,91.0,https://investor.accenture.com/~/media/Files/A/Accenture-IR-V3/quarterly-earnings/2023/q4fy23/supporting-materials-q4fy23-final.pdf,91.0,https://investor.accenture.com/~/media/Files/A/Accenture-IR-V3/quarterly-earnings/2023/q4fy23/supporting-materials-q4fy23-final.pdf,,,,,17000.0,https://www.sec.gov/Archives/edgar/data/1467373/000146737322000199/fy22q3earnings8-kexhibit.htm,,,,,
accenture,2022Q3,15423.656,https://www.sec.gov/Archives/edgar/data/1467373/000146737323000303/fy23q4plc8-kexhibit.htm,,,22.0,https://www.sec.gov/Archives/edgar/data/1467373/000146737322000283/fy22q4plc8-kexhibit.htm,15.0,https://www.sec.gov/Archives/edgar/data/1467373/000146737322000283/fy22q4plc8-kexhibit.htm,,,721379.0,https://investor.accenture.com/~/media/Files/A/Accenture-IR-V3/quarterly-earnings/2023/q4fy23/supporting-materials-q4fy23-final.pdf,20.0,https://investor.accenture.com/~/media/Files/A/Accenture-IR-V3/quarterly-earnings/2023/q4fy23/supporting-materials-q4fy23-final.pdf,91.0,https://investor.accenture.com/~/media/Files/A/Accenture-IR-V3/quarterly-earnings/2023/q4fy23/supporting-materials-q4fy23-final.pdf,91.0,https://investor.accenture.com/~/media/Files/A/Accenture-IR-V3/quarterly-earnings/2023/q4fy23/supporting-materials-q4fy23-final.pdf,,,,,18400.0,https://www.sec.gov/Archives/edgar/data/1467373/000146737322000283/fy22q4plc8-kexhibit.htm,,,,,
accenture,2022Q4,15747.802,https://www.sec.gov/Archives/edgar/data/1467373/000146737323000401/fy24q1earnings8-kexhibit.htm,,,15.0,https://www.sec.gov/Archives/edgar/data/1467373/000146737322000369/fy23q1earnings8-kexhibit.htm,5.0,https://www.sec.gov/Archives/edgar/data/1467373/000146737322000369/fy23q1earnings8-kexhibit.htm,,,737719.0,https://investor.accenture.com/~/media/Files/A/Accenture-IR-V3/quarterly-earnings/2024/q4fy24/accentures-fourth-quarter-fiscal-2024-supporting-materials--.pdf,13.0,https://investor.accenture.com/~/media/Files/A/Accenture-IR-V3/quarterly-earnings/2024/q4fy24/accentures-fourth-quarter-fiscal-2024-supporting-materials--.pdf,91.0,https://investor.accenture.com/~/media/Files/A/Accenture-IR-V3/quarterly-earnings/2024/q4fy24/accentures-fourth-quarter-fiscal-2024-supporting-materials--.pdf,91.0,https://investor.accenture.com/~/media/Files/A/Accenture-IR-V3/quarterly-earnings/2024/q4fy24/accentures-fourth-quarter-fiscal-2024-supporting-materials--.pdf,,,,,16200.0,https://www.sec.gov/Archives/edgar/data/1467373/000146737322000369/fy23q1earnings8-kexhibit.htm,,,,,
accenture,2023Q1,15814.158,https://www.sec.gov/Archives/edgar/data/1467373/000146737324000106/fy24q2earnings8-kexhibit.htm,,,9.0,https://www.sec.gov/Archives/edgar/data/1467373/000146737323000123/fy23q2earnings8-kexhibit.htm,5.0,https://www.sec.gov/Archives/edgar/data/1467373/000146737323000123/fy23q2earnings8-kexhibit.htm,,,738143.0,https://investor.accenture.com/~/media/Files/A/Accenture-IR-V3/quarterly-earnings/2024/q4fy24/accentures-fourth-quarter-fiscal-2024-supporting-materials--.pdf,12.0,https://investor.accenture.com/~/media/Files/A/Accenture-IR-V3/quarterly-earnings/2024/q4fy24/accentures-fourth-quarter-fiscal-2024-supporting-materials--.pdf,91.0,https://investor.accenture.com/~/media/Files/A/Accenture-IR-V3/quarterly-earnings/2024/q4fy24/accentures-fourth-quarter-fiscal-2024-supporting-materials--.pdf,91.0,https://investor.accenture.com/~/media/Files/A/Accenture-IR-V3/quarterly-earnings/2024/q4fy24/accentures-fourth-quarter-fiscal-2024-supporting-materials--.pdf,,,,,22100.0,https://www.sec.gov/Archives/edgar/data/1467373/000146737323000123/fy23q2earnings8-kexhibit.htm,,,,,
accenture,2023Q2,16564.585,https://www.sec.gov/Archives/edgar/data/1467373/000146737324000195/fy24q3earnings8-kexhibit.htm,,,5.0,https://www.sec.gov/Archives/edgar/data/1467373/000146737323000220/fy23q3earnings8-kexhibit.htm,3.0,https://www.sec.gov/Archives/edgar/data/1467373/000146737323000220/fy23q3earnings8-kexhibit.htm,,,731868.0,https://investor.accenture.com/~/media/Files/A/Accenture-IR-V3/quarterly-earnings/2024/q4fy24/accentures-fourth-quarter-fiscal-2024-supporting-materials--.pdf,13.0,https://investor.accenture.com/~/media/Files/A/Accenture-IR-V3/quarterly-earnings/2024/q4fy24/accentures-fourth-quarter-fiscal-2024-supporting-materials--.pdf,91.0,https://investor.accenture.com/~/media/Files/A/Accenture-IR-V3/quarterly-earnings/2024/q4fy24/accentures-fourth-quarter-fiscal-2024-supporting-materials--.pdf,91.0,https://investor.accenture.com/~/media/Files/A/Accenture-IR-V3/quarterly-earnings/2024/q4fy24/accentures-fourth-quarter-fiscal-2024-supporting-materials--.pdf,,,,,17200.0,https://www.sec.gov/Archives/edgar/data/1467373/000146737323000220/fy23q3earnings8-kexhibit.htm,,,,,
accenture,2023Q3,15985.2,https://www.sec.gov/Archives/edgar/data/1467373/000146737324000266/fy24q4plc8-kexhibit.htm,,,4.0,https://www.sec.gov/Archives/edgar/data/1467373/000146737323000303/fy23q4plc8-kexhibit.htm,4.0,https://www.sec.gov/Archives/edgar/data/1467373/000146737323000303/fy23q4plc8-kexhibit.htm,,,732819.0,https://investor.accenture.com/~/media/Files/A/Accenture-IR-V3/quarterly-earnings/2024/q4fy24/accentures-fourth-quarter-fiscal-2024-supporting-materials--.pdf,14.0,https://investor.accenture.com/~/media/Files/A/Accenture-IR-V3/quarterly-earnings/2024/q4fy24/accentures-fourth-quarter-fiscal-2024-supporting-materials--.pdf,91.0,https://investor.accenture.com/~/media/Files/A/Accenture-IR-V3/quarterly-earnings/2024/q4fy24/accentures-fourth-quarter-fiscal-2024-supporting-materials--.pdf,91.0,https://investor.accenture.com/~/media/Files/A/Accenture-IR-V3/quarterly-earnings/2024/q4fy24/accentures-fourth-quarter-fiscal-2024-supporting-materials--.pdf,,,,,16600.0,https://www.sec.gov/Archives/edgar/data/1467373/000146737323000303/fy23q4plc8-kexhibit.htm,,,,,
accenture,2023Q4,16224.303,https://www.sec.gov/Archives/edgar/data/1467373/000146737324000351/fy25q1earnings8-kexhibit.htm,,,1.0,https://www.sec.gov/Archives/edgar/data/1467373/000146737323000401/fy24q1earnings8-kexhibit.htm,3.0,https://www.sec.gov/Archives/edgar/data/1467373/000146737323000401/fy24q1earnings8-kexhibit.htm,,,743041.0,https://investor.accenture.com/~/media/Files/A/Accenture-IR-V3/quarterly-earnings/2025/q4-fy-25/acn-fourth-quarter-fiscal-2025-earnings-presentation.pdf,11.0,https://investor.accenture.com/~/media/Files/A/Accenture-IR-V3/quarterly-earnings/2025/q4-fy-25/acn-fourth-quarter-fiscal-2025-earnings-presentation.pdf,91.0,https://investor.accenture.com/~/media/Files/A/Accenture-IR-V3/quarterly-earnings/2025/q4-fy-25/acn-fourth-quarter-fiscal-2025-earnings-presentation.pdf,91.0,https://investor.accenture.com/~/media/Files/A/Accenture-IR-V3/quarterly-earnings/2025/q4-fy-25/acn-fourth-quarter-fiscal-2025-earnings-presentation.pdf,,,,,18400.0,https://www.sec.gov/Archives/edgar/data/1467373/000146737323000401/fy24q1earnings8-kexhibit.htm,,,,,
accenture,2024Q1,15799.514,https://www.sec.gov/Archives/edgar/data/1467373/000146737325000099/q2fy25earnings8-kexhibit.htm,,,0.0,https://www.sec.gov/Archives/edgar/data/1467373/000146737324000106/fy24q2earnings8-kexhibit.htm,0.0,https://www.sec.gov/Archives/edgar/data/1467373/000146737324000106/fy24q2earnings8-kexhibit.htm,,,742318.0,https://investor.accenture.com/~/media/Files/A/Accenture-IR-V3/quarterly-earnings/2025/q4-fy-25/acn-fourth-quarter-fiscal-2025-earnings-presentation.pdf,13.0,https://investor.accenture.com/~/media/Files/A/Accenture-IR-V3/quarterly-earnings/2025/q4-fy-25/acn-fourth-quarter-fiscal-2025-earnings-presentation.pdf,92.0,https://investor.accenture.com/~/media/Files/A/Accenture-IR-V3/quarterly-earnings/2025/q4-fy-25/acn-fourth-quarter-fiscal-2025-earnings-presentation.pdf,92.0,https://investor.accenture.com/~/media/Files/A/Accenture-IR-V3/quarterly-earnings/2025/q4-fy-25/acn-fourth-quarter-fiscal-2025-earnings-presentation.pdf,,,,,21600.0,https://www.sec.gov/Archives/edgar/data/1467373/000146737324000106/fy24q2earnings8-kexhibit.htm,,,,,
accenture,2024Q2,16466.828,https://www.sec.gov/Archives/edgar/data/1467373/000146737325000168/q3fy25earnings8-kexhibit.htm,,,1.0,https://www.sec.gov/Archives/edgar/data/1467373/000146737324000195/fy24q3earnings8-kexhibit.htm,-1.0,https://www.sec.gov/Archives/edgar/data/1467373/000146737324000195/fy24q3earnings8-kexhibit.htm,,,750200.0,https://investor.accenture.com/~/media/Files/A/Accenture-IR-V3/quarterly-earnings/2025/q4-fy-25/acn-fourth-quarter-fiscal-2025-earnings-presentation.pdf,14.0,https://investor.accenture.com/~/media/Files/A/Accenture-IR-V3/quarterly-earnings/2025/q4-fy-25/acn-fourth-quarter-fiscal-2025-earnings-presentation.pdf,92.0,https://investor.accenture.com/~/media/Files/A/Accenture-IR-V3/quarterly-earnings/2025/q4-fy-25/acn-fourth-quarter-fiscal-2025-earnings-presentation.pdf,92.0,https://investor.accenture.com/~/media/Files/A/Accenture-IR-V3/quarterly-earnings/2025/q4-fy-25/acn-fourth-quarter-fiscal-2025-earnings-presentation.pdf,,,,,21100.0,https://www.sec.gov/Archives/edgar/data/1467373/000146737324000195/fy24q3earnings8-kexhibit.htm,,,,,
accenture,2024Q3,16405.819,https://www.sec.gov/Archives/edgar/data/1467373/000146737325000213/q4fy25earnings8-kexhibit.htm,,,5.0,https://www.sec.gov/Archives/edgar/data/1467373/000146737324000266/fy24q4plc8-kexhibit.htm,3.0,https://www.sec.gov/Archives/edgar/data/1467373/000146737324000266/fy24q4plc8-kexhibit.htm,,,774303.0,https://investor.accenture.com/~/media/Files/A/accenture-v4/investors/earnings-reports/2026/accenture-3q-fy26-earnings-presentation.pdf,14.0,https://investor.accenture.com/~/media/Files/A/accenture-v4/investors/earnings-reports/2026/accenture-3q-fy26-earnings-presentation.pdf,92.0,https://investor.accenture.com/~/media/Files/A/accenture-v4/investors/earnings-reports/2026/accenture-3q-fy26-earnings-presentation.pdf,92.0,https://investor.accenture.com/~/media/Files/A/accenture-v4/investors/earnings-reports/2026/accenture-3q-fy26-earnings-presentation.pdf,,,,,20100.0,https://www.sec.gov/Archives/edgar/data/1467373/000146737324000266/fy24q4plc8-kexhibit.htm,,,,,
accenture,2024Q4,17689.545,https://www.sec.gov/Archives/edgar/data/1467373/000146737325000221/q1fy26earnings8-kexhibit.htm,,,8.0,https://www.sec.gov/Archives/edgar/data/1467373/000146737324000351/fy25q1earnings8-kexhibit.htm,9.0,https://www.sec.gov/Archives/edgar/data/1467373/000146737324000351/fy25q1earnings8-kexhibit.htm,,,798781.0,https://investor.accenture.com/~/media/Files/A/accenture-v4/investors/earnings-reports/2026/accenture-3q-fy26-earnings-presentation.pdf,12.0,https://investor.accenture.com/~/media/Files/A/accenture-v4/investors/earnings-reports/2026/accenture-3q-fy26-earnings-presentation.pdf,91.0,https://investor.accenture.com/~/media/Files/A/accenture-v4/investors/earnings-reports/2026/accenture-3q-fy26-earnings-presentation.pdf,91.0,https://investor.accenture.com/~/media/Files/A/accenture-v4/investors/earnings-reports/2026/accenture-3q-fy26-earnings-presentation.pdf,,,,,18700.0,https://www.sec.gov/Archives/edgar/data/1467373/000146737324000351/fy25q1earnings8-kexhibit.htm,,,,,
accenture,2025Q1,16659.301,https://www.sec.gov/Archives/edgar/data/1467373/000146737326000013/q2fy26earnings8-kexhibit.htm,,,8.5,https://www.sec.gov/Archives/edgar/data/1467373/000146737325000099/q2fy25earnings8-kexhibit.htm,5.0,https://www.sec.gov/Archives/edgar/data/1467373/000146737325000099/q2fy25earnings8-kexhibit.htm,,,801099.0,https://investor.accenture.com/~/media/Files/A/accenture-v4/investors/earnings-reports/2026/accenture-3q-fy26-earnings-presentation.pdf,13.0,https://investor.accenture.com/~/media/Files/A/accenture-v4/investors/earnings-reports/2026/accenture-3q-fy26-earnings-presentation.pdf,91.0,https://investor.accenture.com/~/media/Files/A/accenture-v4/investors/earnings-reports/2026/accenture-3q-fy26-earnings-presentation.pdf,91.0,https://investor.accenture.com/~/media/Files/A/accenture-v4/investors/earnings-reports/2026/accenture-3q-fy26-earnings-presentation.pdf,,,,,20910.0,https://www.sec.gov/Archives/edgar/data/1467373/000146737325000099/q2fy25earnings8-kexhibit.htm,,,,,
accenture,2025Q2,17727.871,https://www.sec.gov/Archives/edgar/data/1467373/000146737326000031/q3fy26earnings8-kexhibit.htm,,,7.0,https://www.sec.gov/Archives/edgar/data/1467373/000146737325000168/q3fy25earnings8-kexhibit.htm,8.0,https://www.sec.gov/Archives/edgar/data/1467373/000146737325000168/q3fy25earnings8-kexhibit.htm,,,790692.0,https://investor.accenture.com/~/media/Files/A/accenture-v4/investors/earnings-reports/2026/accenture-3q-fy26-earnings-presentation.pdf,16.0,https://investor.accenture.com/~/media/Files/A/accenture-v4/investors/earnings-reports/2026/accenture-3q-fy26-earnings-presentation.pdf,92.0,https://investor.accenture.com/~/media/Files/A/accenture-v4/investors/earnings-reports/2026/accenture-3q-fy26-earnings-presentation.pdf,92.0,https://investor.accenture.com/~/media/Files/A/accenture-v4/investors/earnings-reports/2026/accenture-3q-fy26-earnings-presentation.pdf,,,,,19700.0,https://www.sec.gov/Archives/edgar/data/1467373/000146737325000168/q3fy25earnings8-kexhibit.htm,,,,,
accenture,2025Q3,17596.26,https://www.sec.gov/Archives/edgar/data/1467373/000146737325000213/q4fy25earnings8-kexhibit.htm,,,4.5,https://www.sec.gov/Archives/edgar/data/1467373/000146737325000213/q4fy25earnings8-kexhibit.htm,7.0,https://www.sec.gov/Archives/edgar/data/1467373/000146737325000213/q4fy25earnings8-kexhibit.htm,,,779273.0,https://investor.accenture.com/~/media/Files/A/accenture-v4/investors/earnings-reports/2026/accenture-3q-fy26-earnings-presentation.pdf,15.0,https://investor.accenture.com/~/media/Files/A/accenture-v4/investors/earnings-reports/2026/accenture-3q-fy26-earnings-presentation.pdf,93.0,https://investor.accenture.com/~/media/Files/A/accenture-v4/investors/earnings-reports/2026/accenture-3q-fy26-earnings-presentation.pdf,93.0,https://investor.accenture.com/~/media/Files/A/accenture-v4/investors/earnings-reports/2026/accenture-3q-fy26-earnings-presentation.pdf,,,,,21310.0,https://www.sec.gov/Archives/edgar/data/1467373/000146737325000213/q4fy25earnings8-kexhibit.htm,,,,,
accenture,2025Q4,18742.125,https://www.sec.gov/Archives/edgar/data/1467373/000146737325000221/q1fy26earnings8-kexhibit.htm,,,5.0,https://www.sec.gov/Archives/edgar/data/1467373/000146737325000221/q1fy26earnings8-kexhibit.htm,6.0,https://www.sec.gov/Archives/edgar/data/1467373/000146737325000221/q1fy26earnings8-kexhibit.htm,,,783691.0,https://investor.accenture.com/~/media/Files/A/accenture-v4/investors/earnings-reports/2026/accenture-3q-fy26-earnings-presentation.pdf,13.0,https://investor.accenture.com/~/media/Files/A/accenture-v4/investors/earnings-reports/2026/accenture-3q-fy26-earnings-presentation.pdf,93.0,https://investor.accenture.com/~/media/Files/A/accenture-v4/investors/earnings-reports/2026/accenture-3q-fy26-earnings-presentation.pdf,93.0,https://investor.accenture.com/~/media/Files/A/accenture-v4/investors/earnings-reports/2026/accenture-3q-fy26-earnings-presentation.pdf,,,,,20940.0,https://www.sec.gov/Archives/edgar/data/1467373/000146737325000221/q1fy26earnings8-kexhibit.htm,,,,,
accenture,2026Q1,18044.066,https://www.sec.gov/Archives/edgar/data/1467373/000146737326000013/q2fy26earnings8-kexhibit.htm,,,4.0,https://www.sec.gov/Archives/edgar/data/1467373/000146737326000013/q2fy26earnings8-kexhibit.htm,8.0,https://www.sec.gov/Archives/edgar/data/1467373/000146737326000013/q2fy26earnings8-kexhibit.htm,,,786432.0,https://investor.accenture.com/~/media/Files/A/accenture-v4/investors/earnings-reports/2026/accenture-3q-fy26-earnings-presentation.pdf,13.0,https://investor.accenture.com/~/media/Files/A/accenture-v4/investors/earnings-reports/2026/accenture-3q-fy26-earnings-presentation.pdf,93.0,https://investor.accenture.com/~/media/Files/A/accenture-v4/investors/earnings-reports/2026/accenture-3q-fy26-earnings-presentation.pdf,93.0,https://investor.accenture.com/~/media/Files/A/accenture-v4/investors/earnings-reports/2026/accenture-3q-fy26-earnings-presentation.pdf,,,,,22110.0,https://www.sec.gov/Archives/edgar/data/1467373/000146737326000013/q2fy26earnings8-kexhibit.htm,,,,,
accenture,2026Q2,18718.144,https://www.sec.gov/Archives/edgar/data/1467373/000146737326000031/q3fy26earnings8-kexhibit.htm,,,3.0,https://www.sec.gov/Archives/edgar/data/1467373/000146737326000031/q3fy26earnings8-kexhibit.htm,6.0,https://www.sec.gov/Archives/edgar/data/1467373/000146737326000031/q3fy26earnings8-kexhibit.htm,,,799000.0,https://www.sec.gov/Archives/edgar/data/1467373/000146737326000032/acn-20260531.htm,14.0,https://www.sec.gov/Archives/edgar/data/1467373/000146737326000032/acn-20260531.htm,93.0,https://www.sec.gov/Archives/edgar/data/1467373/000146737326000032/acn-20260531.htm,93.0,https://www.sec.gov/Archives/edgar/data/1467373/000146737326000032/acn-20260531.htm,,,,,19320.0,https://www.sec.gov/Archives/edgar/data/1467373/000146737326000031/q3fy26earnings8-kexhibit.htm,,,,,
accenture,2026Q3,18679.11,https://www.sec.gov/Archives/edgar/data/1467373/000146737326000037/q4fy26earnings8-kexhibit.htm,,,7.0,https://www.sec.gov/Archives/edgar/data/1467373/000146737326000037/q4fy26earnings8-kexhibit.htm,6.0,https://www.sec.gov/Archives/edgar/data/1467373/000146737326000037/q4fy26earnings8-kexhibit.htm,,,814000.0,https://www.sec.gov/Archives/edgar/data/1467373/000146737326000037/q4fy26earnings8-kexhibit.htm,,,,,,,,,,,22170.0,https://www.sec.gov/Archives/edgar/data/1467373/000146737326000037/q4fy26earnings8-kexhibit.htm,,,,,
cognizant,2007Q1,460.27,https://www.sec.gov/Archives/edgar/data/1058290/000119312509042103/d10k.htm,,,,,61.0,https://www.sec.gov/Archives/edgar/data/1058290/000119312507098602/dex991.htm,,,,,15.0,https://www.sec.gov/Archives/edgar/data/1058290/000119312507109850/d10q.htm,,,,,,,,,,,,,,,
cognizant,2007Q2,516.514,https://www.sec.gov/Archives/edgar/data/1058290/000119312509042103/d10k.htm,,,,,53.0,https://www.sec.gov/Archives/edgar/data/1058290/000119312507167410/dex991.htm,,,,,17.0,https://www.sec.gov/Archives/edgar/data/1058290/000119312507175752/d10q.htm,,,,,,,,,,,,,,,
cognizant,2007Q3,558.837,https://www.sec.gov/Archives/edgar/data/1058290/000119312509042103/d10k.htm,,,,,48.0,https://www.sec.gov/Archives/edgar/data/1058290/000119312507236048/dex991.htm,,,,,16.6,https://www.sec.gov/Archives/edgar/data/1058290/000119312507242060/d10q.htm,,,,,,,,,,,,,,,
cognizant,2007Q4,599.956,https://www.sec.gov/Archives/edgar/data/1058290/000119312509042103/d10k.htm,,,,,41.0,https://www.sec.gov/Archives/edgar/data/1058290/000119312508022981/dex991.htm,,,55400.0,https://www.sec.gov/Archives/edgar/data/1058290/000119312508042031/d10k.htm,,,,,,,,,,,,,,,,,
cognizant,2008Q1,643.106,https://www.sec.gov/Archives/edgar/data/1058290/000119312510040500/d10k.htm,,,,,40.0,https://www.sec.gov/Archives/edgar/data/1058290/000119312508104963/dex991.htm,,,58000.0,https://www.sec.gov/Archives/edgar/data/1058290/000119312508104963/dex991.htm,12.3,https://www.sec.gov/Archives/edgar/data/1058290/000119312508111149/d10q.htm,,,,,,,,,,,,,,,
cognizant,2008Q2,685.427,https://www.sec.gov/Archives/edgar/data/1058290/000119312510040500/d10k.htm,,,,,33.0,https://www.sec.gov/Archives/edgar/data/1058290/000119312508162589/dex991.htm,,,59000.0,https://www.sec.gov/Archives/edgar/data/1058290/000119312508162589/dex991.htm,15.0,https://www.sec.gov/Archives/edgar/data/1058290/000119312508171888/d10q.htm,,,,,,,,,,,,,,,
cognizant,2008Q3,734.726,https://www.sec.gov/Archives/edgar/data/1058290/000119312510040500/d10k.htm,,,,,31.0,https://www.sec.gov/Archives/edgar/data/1058290/000119312508225008/dex991.htm,,,59500.0,https://www.sec.gov/Archives/edgar/data/1058290/000119312508225008/dex991.htm,17.6,https://www.sec.gov/Archives/edgar/data/1058290/000119312508229956/d10q.htm,,,,,,,,,,,,,,,
cognizant,2008Q4,753.045,https://www.sec.gov/Archives/edgar/data/1058290/000119312510040500/d10k.htm,,,,,26.0,https://www.sec.gov/Archives/edgar/data/1058290/000119312509028164/dex991.htm,,,61700.0,https://www.sec.gov/Archives/edgar/data/1058290/000119312509028164/dex991.htm,,,,,,,,,,,,,,,,,
cognizant,2009Q1,745.862,https://www.sec.gov/Archives/edgar/data/1058290/000119312511043696/d10k.htm,,,,,16.0,https://www.sec.gov/Archives/edgar/data/1058290/000119312509098780/dex991.htm,,,63700.0,https://www.sec.gov/Archives/edgar/data/1058290/000119312509098780/dex991.htm,8.3,https://www.sec.gov/Archives/edgar/data/1058290/000119312509105357/d10q.htm,,,,,,,,,,,,,,,
cognizant,2009Q2,776.592,https://www.sec.gov/Archives/edgar/data/1058290/000119312511043696/d10k.htm,,,,,13.0,https://www.sec.gov/Archives/edgar/data/1058290/000119312509162944/dex991.htm,,,64000.0,https://www.sec.gov/Archives/edgar/data/1058290/000119312509162944/dex991.htm,11.3,https://www.sec.gov/Archives/edgar/data/1058290/000119312509168966/d10q.htm,,,,,,,,,,,,,,,
cognizant,2009Q3,853.488,https://www.sec.gov/Archives/edgar/data/1058290/000119312511043696/d10k.htm,,,,,16.0,https://www.sec.gov/Archives/edgar/data/1058290/000119312509221171/dex991.htm,,,68000.0,https://www.sec.gov/Archives/edgar/data/1058290/000119312509221171/dex991.htm,12.3,https://www.sec.gov/Archives/edgar/data/1058290/000119312509227443/d10q.htm,,,,,,,,,,,,,,,
cognizant,2009Q4,902.721,https://www.sec.gov/Archives/edgar/data/1058290/000119312511043696/d10k.htm,,,,,20.0,https://www.sec.gov/Archives/edgar/data/1058290/000119312510024999/dex991.htm,,,78400.0,https://www.sec.gov/Archives/edgar/data/1058290/000119312510024999/dex991.htm,,,,,,,,,,,,,,,,,
cognizant,2010Q1,959.72,https://www.sec.gov/Archives/edgar/data/1058290/000119312512081638/d255156d10k.htm,,,,,28.7,https://www.sec.gov/Archives/edgar/data/1058290/000119312510105309/dex991.htm,,,85500.0,https://www.sec.gov/Archives/edgar/data/1058290/000119312510105309/dex991.htm,16.4,https://www.sec.gov/Archives/edgar/data/1058290/000119312510112855/d10q.htm,,,,,,,,,,,,,,,
cognizant,2010Q2,1105.154,https://www.sec.gov/Archives/edgar/data/1058290/000119312512081638/d255156d10k.htm,,,,,42.0,https://www.sec.gov/Archives/edgar/data/1058290/000119312510174405/dex991.htm,,,88700.0,https://www.sec.gov/Archives/edgar/data/1058290/000119312510174405/dex991.htm,20.7,https://www.sec.gov/Archives/edgar/data/1058290/000119312510181401/d10q.htm,,,,,,,,,,,,,,,
cognizant,2010Q3,1216.913,https://www.sec.gov/Archives/edgar/data/1058290/000119312512081638/d255156d10k.htm,,,,,43.0,https://www.sec.gov/Archives/edgar/data/1058290/000119312510241835/dex991.htm,,,95600.0,https://www.sec.gov/Archives/edgar/data/1058290/000119312510241835/dex991.htm,21.8,https://www.sec.gov/Archives/edgar/data/1058290/000119312510246295/d10q.htm,,,,,,,,,,,,,,,
cognizant,2010Q4,1310.602,https://www.sec.gov/Archives/edgar/data/1058290/000119312512081638/d255156d10k.htm,,,,,45.2,https://www.sec.gov/Archives/edgar/data/1058290/000119312511025043/dex991.htm,,,104000.0,https://www.sec.gov/Archives/edgar/data/1058290/000119312511025043/dex991.htm,,,,,,,,,,,,,,,,,
cognizant,2011Q1,1371.253,https://www.sec.gov/Archives/edgar/data/1058290/000119312512222218/d327228d10q.htm,,,,,42.9,https://www.sec.gov/Archives/edgar/data/1058290/000119312511122740/dex991.htm,,,111000.0,https://www.sec.gov/Archives/edgar/data/1058290/000119312511122740/dex991.htm,15.1,https://www.sec.gov/Archives/edgar/data/1058290/000119312511128426/d10q.htm,,,,,,,,,,,,,,,
cognizant,2011Q2,1485.242,https://www.sec.gov/Archives/edgar/data/1058290/000119312512337988/d391375d10q.htm,,,,,34.4,https://www.sec.gov/Archives/edgar/data/1058290/000119312511205377/dex991.htm,,,118000.0,https://www.sec.gov/Archives/edgar/data/1058290/000119312511205377/dex991.htm,15.2,https://www.sec.gov/Archives/edgar/data/1058290/000119312511210323/d10q.htm,,,,,,,,,,,,,,,
cognizant,2011Q3,1600.954,https://www.sec.gov/Archives/edgar/data/1058290/000119312512081638/d255156d10k.htm,,,,,31.6,https://www.sec.gov/Archives/edgar/data/1058290/000119312511291669/d249814dex991.htm,,,130000.0,https://www.sec.gov/Archives/edgar/data/1058290/000119312511291669/d249814dex991.htm,13.4,https://www.sec.gov/Archives/edgar/data/1058290/000119312511297691/d234454d10q.htm,,,,,,,,,,,,,,,
cognizant,2011Q4,1663.707,https://www.sec.gov/Archives/edgar/data/1058290/000119312512081638/d255156d10k.htm,,,,,26.9,https://www.sec.gov/Archives/edgar/data/1058290/000119312512044965/d296893dex991.htm,,,137700.0,https://www.sec.gov/Archives/edgar/data/1058290/000119312512044965/d296893dex991.htm,10.0,https://www.sec.gov/Archives/edgar/data/1058290/000119312512044965/d296893dex991.htm,,,,,,,,,,,,,,,
cognizant,2012Q1,1711.349,https://www.sec.gov/Archives/edgar/data/1058290/000119312512222218/d327228d10q.htm,,,,,24.8,https://www.sec.gov/Archives/edgar/data/1058290/000119312512213391/d348298dex991.htm,,,140500.0,https://www.sec.gov/Archives/edgar/data/1058290/000119312512213391/d348298dex991.htm,10.6,https://www.sec.gov/Archives/edgar/data/1058290/000119312512222218/d327228d10q.htm,,,,,,,,,,,,,,,
cognizant,2013Q4,2355.488,https://www.sec.gov/Archives/edgar/data/1058290/000119312514035839/d671017dex991.htm,,,,,20.9,https://www.sec.gov/Archives/edgar/data/1058290/000119312514035839/d671017dex991.htm,,,171400.0,https://www.sec.gov/Archives/edgar/data/1058290/000119312514035839/d671017dex991.htm,,,,,,,,,,,,,,,,,
cognizant,2014Q1,2422.348,https://www.sec.gov/Archives/edgar/data/1058290/000119312514186047/d722718dex991.htm,,,,,19.9,https://www.sec.gov/Archives/edgar/data/1058290/000119312514186047/d722718dex991.htm,,,178600.0,https://www.sec.gov/Archives/edgar/data/1058290/000119312514186047/d722718dex991.htm,,,,,,,,,,,,,,,,,
cognizant,2014Q2,2517.094,https://www.sec.gov/Archives/edgar/data/1058290/000119312514296811/d771851dex991.htm,,,,,16.5,https://www.sec.gov/Archives/edgar/data/1058290/000119312514296811/d771851dex991.htm,,,187400.0,https://www.sec.gov/Archives/edgar/data/1058290/000119312514296811/d771851dex991.htm,,,,,,,,,,,,,,,,,
cognizant,2014Q3,2581.009,https://www.sec.gov/Archives/edgar/data/1058290/000119312514397233/d817433dex991.htm,,,,,11.9,https://www.sec.gov/Archives/edgar/data/1058290/000119312514397233/d817433dex991.htm,,,199700.0,https://www.sec.gov/Archives/edgar/data/1058290/000119312514397233/d817433dex991.htm,,,,,,,,,,,,,,,,,
cognizant,2014Q4,2742.23,https://www.sec.gov/Archives/edgar/data/1058290/000119312515032539/d865331dex991.htm,,,,,16.4,https://www.sec.gov/Archives/edgar/data/1058290/000119312515032539/d865331dex991.htm,,,211500.0,https://www.sec.gov/Archives/edgar/data/1058290/000105829015000006/ctsh20141231-10k.htm,,,,,,,,,,,,,,,,,
cognizant,2015Q1,2911.4,https://www.sec.gov/Archives/edgar/data/1058290/000105829015000009/exhibit99103312015.htm,,,,,20.2,https://www.sec.gov/Archives/edgar/data/1058290/000105829015000009/exhibit99103312015.htm,,,217700.0,https://www.sec.gov/Archives/edgar/data/1058290/000105829015000009/exhibit99103312015.htm,,,,,,,,,,,,,,,,,
cognizant,2015Q2,3085.1,https://www.sec.gov/Archives/edgar/data/1058290/000105829015000018/exhibit99106302015.htm,,,,,22.6,https://www.sec.gov/Archives/edgar/data/1058290/000105829015000018/exhibit99106302015.htm,,,218000.0,https://www.sec.gov/Archives/edgar/data/1058290/000105829015000018/exhibit99106302015.htm,,,,,,,,,,,,,,,,,
cognizant,2015Q3,3187.0,https://www.sec.gov/Archives/edgar/data/1058290/000105829015000030/exhibit991093015.htm,,,,,23.5,https://www.sec.gov/Archives/edgar/data/1058290/000105829015000030/exhibit991093015.htm,,,219300.0,https://www.sec.gov/Archives/edgar/data/1058290/000105829015000030/exhibit991093015.htm,,,,,,,,,,,,,,,,,
cognizant,2015Q4,3232.5,https://www.sec.gov/Archives/edgar/data/1058290/000105829016000045/exhibit991123115.htm,,,,,17.9,https://www.sec.gov/Archives/edgar/data/1058290/000105829016000045/exhibit991123115.htm,,,221700.0,https://www.sec.gov/Archives/edgar/data/1058290/000105829016000049/ctsh20151231-10k.htm,,,,,,,,,,,,,,,,,
cognizant,2016Q1,3202.0,https://www.sec.gov/Archives/edgar/data/1058290/000105829016000058/exhibit99133116.htm,,,,,10.0,https://www.sec.gov/Archives/edgar/data/1058290/000105829016000058/exhibit99133116.htm,,,233000.0,https://www.sec.gov/Archives/edgar/data/1058290/000105829017000016/exhibit99133117.htm,,,,,,,,,,,,,,,,,
cognizant,2016Q2,3369.9,https://www.sec.gov/Archives/edgar/data/1058290/000105829016000072/exhibit99163016.htm,,,,,9.2,https://www.sec.gov/Archives/edgar/data/1058290/000105829016000072/exhibit99163016.htm,,,244300.0,https://www.sec.gov/Archives/edgar/data/1058290/000105829017000027/exhibit99163017.htm,,,,,,,,,,,,,,,,,
cognizant,2016Q3,3453.2,https://www.sec.gov/Archives/edgar/data/1058290/000105829016000078/exhibit99193016.htm,,,,,8.4,https://www.sec.gov/Archives/edgar/data/1058290/000105829016000078/exhibit99193016.htm,,,255800.0,https://www.sec.gov/Archives/edgar/data/1058290/000105829017000041/exhibit99193017.htm,,,,,,,,,,,,,,,,,
cognizant,2016Q4,3462.0,https://www.sec.gov/Archives/edgar/data/1058290/000105829017000004/exhibit992123116.htm,,,,,7.1,https://www.sec.gov/Archives/edgar/data/1058290/000105829017000004/exhibit992123116.htm,,,260200.0,https://www.sec.gov/Archives/edgar/data/1058290/000105829018000003/exhibit991123117.htm,,,,,,,,,,,,,,,,,
cognizant,2017Q1,3546.0,https://www.sec.gov/Archives/edgar/data/1058290/000105829017000016/exhibit99133117.htm,,,11.8,https://www.sec.gov/Archives/edgar/data/1058290/000105829020000004/exhibit99212312019.htm,10.7,https://www.sec.gov/Archives/edgar/data/1058290/000105829020000004/exhibit99212312019.htm,,,261200.0,https://www.sec.gov/Archives/edgar/data/1058290/000105829020000004/exhibit99212312019.htm,,,79.0,https://www.sec.gov/Archives/edgar/data/1058290/000105829020000004/exhibit99212312019.htm,,,,,,,,,,,,,
cognizant,2017Q2,3670.0,https://www.sec.gov/Archives/edgar/data/1058290/000105829017000027/exhibit99163017.htm,,,9.9,https://www.sec.gov/Archives/edgar/data/1058290/000105829020000004/exhibit99212312019.htm,8.9,https://www.sec.gov/Archives/edgar/data/1058290/000105829020000004/exhibit99212312019.htm,,,256800.0,https://www.sec.gov/Archives/edgar/data/1058290/000105829020000004/exhibit99212312019.htm,,,80.0,https://www.sec.gov/Archives/edgar/data/1058290/000105829020000004/exhibit99212312019.htm,,,,,,,,,,,,,
cognizant,2017Q3,3766.0,https://www.sec.gov/Archives/edgar/data/1058290/000105829017000041/exhibit99193017.htm,,,8.5,https://www.sec.gov/Archives/edgar/data/1058290/000105829020000004/exhibit99212312019.htm,9.1,https://www.sec.gov/Archives/edgar/data/1058290/000105829020000004/exhibit99212312019.htm,,,256100.0,https://www.sec.gov/Archives/edgar/data/1058290/000105829020000004/exhibit99212312019.htm,,,82.0,https://www.sec.gov/Archives/edgar/data/1058290/000105829020000004/exhibit99212312019.htm,,,,,,,,,,,,,
cognizant,2017Q4,3828.0,https://www.sec.gov/Archives/edgar/data/1058290/000105829018000003/exhibit991123117.htm,,,9.4,https://www.sec.gov/Archives/edgar/data/1058290/000105829020000004/exhibit99212312019.htm,10.6,https://www.sec.gov/Archives/edgar/data/1058290/000105829020000004/exhibit99212312019.htm,,,260000.0,https://www.sec.gov/Archives/edgar/data/1058290/000105829020000004/exhibit99212312019.htm,,,83.0,https://www.sec.gov/Archives/edgar/data/1058290/000105829020000004/exhibit99212312019.htm,,,,,,,,,,,,,
cognizant,2018Q1,3912.0,https://www.sec.gov/Archives/edgar/data/1058290/000105829018000013/exhibit99133118.htm,,,8.2,https://www.sec.gov/Archives/edgar/data/1058290/000105829021000022/exhibit993123120.htm,10.3,https://www.sec.gov/Archives/edgar/data/1058290/000105829021000022/exhibit993123120.htm,,,261400.0,https://www.sec.gov/Archives/edgar/data/1058290/000105829021000022/exhibit993123120.htm,,,83.0,https://www.sec.gov/Archives/edgar/data/1058290/000105829021000022/exhibit993123120.htm,,,,,,,,,,,,,
cognizant,2018Q2,4006.0,https://www.sec.gov/Archives/edgar/data/1058290/000105829018000026/exhibit99163018.htm,,,8.2,https://www.sec.gov/Archives/edgar/data/1058290/000105829021000022/exhibit993123120.htm,9.2,https://www.sec.gov/Archives/edgar/data/1058290/000105829021000022/exhibit993123120.htm,,,268900.0,https://www.sec.gov/Archives/edgar/data/1058290/000105829021000022/exhibit993123120.htm,,,83.0,https://www.sec.gov/Archives/edgar/data/1058290/000105829021000022/exhibit993123120.htm,,,,,,,,,,,,,
cognizant,2018Q3,4078.0,https://www.sec.gov/Archives/edgar/data/1058290/000105829018000038/exhibit99193018.htm,,,9.0,https://www.sec.gov/Archives/edgar/data/1058290/000105829021000022/exhibit993123120.htm,8.3,https://www.sec.gov/Archives/edgar/data/1058290/000105829021000022/exhibit993123120.htm,,,274200.0,https://www.sec.gov/Archives/edgar/data/1058290/000105829021000022/exhibit993123120.htm,,,83.0,https://www.sec.gov/Archives/edgar/data/1058290/000105829021000022/exhibit993123120.htm,,,,,,,,,,,,,
cognizant,2018Q4,4129.0,https://www.sec.gov/Archives/edgar/data/1058290/000105829019000006/exhibit991123118.htm,,,8.8,https://www.sec.gov/Archives/edgar/data/1058290/000105829021000022/exhibit993123120.htm,7.9,https://www.sec.gov/Archives/edgar/data/1058290/000105829021000022/exhibit993123120.htm,,,281600.0,https://www.sec.gov/Archives/edgar/data/1058290/000105829021000022/exhibit993123120.htm,,,83.0,https://www.sec.gov/Archives/edgar/data/1058290/000105829021000022/exhibit993123120.htm,,,,,,,,,,,,,
cognizant,2019Q1,4110.0,https://www.sec.gov/Archives/edgar/data/1058290/000105829019000014/exhibit9913312019.htm,,,6.8,https://www.sec.gov/Archives/edgar/data/1058290/000105829022000015/exhibit99312312021.htm,5.1,https://www.sec.gov/Archives/edgar/data/1058290/000105829022000015/exhibit99312312021.htm,,,285800.0,https://www.sec.gov/Archives/edgar/data/1058290/000105829022000015/exhibit99312312021.htm,16.0,https://www.sec.gov/Archives/edgar/data/1058290/000105829022000015/exhibit99312312021.htm,83.0,https://www.sec.gov/Archives/edgar/data/1058290/000105829022000015/exhibit99312312021.htm,,,,,,,,,,,,,
cognizant,2019Q2,4141.0,https://www.sec.gov/Archives/edgar/data/1058290/000105829019000024/exhibit9916302019.htm,,,4.7,https://www.sec.gov/Archives/edgar/data/1058290/000105829022000015/exhibit99312312021.htm,3.4,https://www.sec.gov/Archives/edgar/data/1058290/000105829022000015/exhibit99312312021.htm,,,288200.0,https://www.sec.gov/Archives/edgar/data/1058290/000105829022000015/exhibit99312312021.htm,19.0,https://www.sec.gov/Archives/edgar/data/1058290/000105829022000015/exhibit99312312021.htm,83.0,https://www.sec.gov/Archives/edgar/data/1058290/000105829022000015/exhibit99312312021.htm,,,,,,,,,,,,,
cognizant,2019Q3,4248.0,https://www.sec.gov/Archives/edgar/data/1058290/000105829019000034/exhibit9919302019.htm,,,5.1,https://www.sec.gov/Archives/edgar/data/1058290/000105829022000015/exhibit99312312021.htm,4.2,https://www.sec.gov/Archives/edgar/data/1058290/000105829022000015/exhibit99312312021.htm,,,289900.0,https://www.sec.gov/Archives/edgar/data/1058290/000105829022000015/exhibit99312312021.htm,18.0,https://www.sec.gov/Archives/edgar/data/1058290/000105829022000015/exhibit99312312021.htm,84.0,https://www.sec.gov/Archives/edgar/data/1058290/000105829022000015/exhibit99312312021.htm,,,,,,,,,,,,,
cognizant,2019Q4,4284.0,https://www.sec.gov/Archives/edgar/data/1058290/000105829020000004/exhibit99112312019.htm,,,4.2,https://www.sec.gov/Archives/edgar/data/1058290/000105829022000015/exhibit99312312021.htm,3.8,https://www.sec.gov/Archives/edgar/data/1058290/000105829022000015/exhibit99312312021.htm,,,292500.0,https://www.sec.gov/Archives/edgar/data/1058290/000105829022000015/exhibit99312312021.htm,16.0,https://www.sec.gov/Archives/edgar/data/1058290/000105829022000015/exhibit99312312021.htm,85.0,https://www.sec.gov/Archives/edgar/data/1058290/000105829022000015/exhibit99312312021.htm,,,,,,,,,,,,,
cognizant,2020Q1,4225.0,https://www.sec.gov/Archives/edgar/data/1058290/000105829020000029/exhibit9913312020.htm,,,3.5,https://www.sec.gov/Archives/edgar/data/1058290/000105829023000019/exhibit99312312022.htm,2.8,https://www.sec.gov/Archives/edgar/data/1058290/000105829023000019/exhibit99312312022.htm,,,291700.0,https://www.sec.gov/Archives/edgar/data/1058290/000105829023000019/exhibit99312312022.htm,17.0,https://www.sec.gov/Archives/edgar/data/1058290/000105829023000019/exhibit99312312022.htm,83.0,https://www.sec.gov/Archives/edgar/data/1058290/000105829023000019/exhibit99312312022.htm,,,,,,,,,,,,,
cognizant,2020Q2,4000.0,https://www.sec.gov/Archives/edgar/data/1058290/000105829020000047/exhibit9916302020.htm,,,-2.5,https://www.sec.gov/Archives/edgar/data/1058290/000105829023000019/exhibit99312312022.htm,-3.4,https://www.sec.gov/Archives/edgar/data/1058290/000105829023000019/exhibit99312312022.htm,,,281200.0,https://www.sec.gov/Archives/edgar/data/1058290/000105829023000019/exhibit99312312022.htm,15.0,https://www.sec.gov/Archives/edgar/data/1058290/000105829023000019/exhibit99312312022.htm,80.0,https://www.sec.gov/Archives/edgar/data/1058290/000105829023000019/exhibit99312312022.htm,,,,,,,,,,,,,
cognizant,2020Q3,4243.0,https://www.sec.gov/Archives/edgar/data/1058290/000105829020000135/exhibit9919302020.htm,,,-0.7,https://www.sec.gov/Archives/edgar/data/1058290/000105829023000019/exhibit99312312022.htm,-0.1,https://www.sec.gov/Archives/edgar/data/1058290/000105829023000019/exhibit99312312022.htm,,,283100.0,https://www.sec.gov/Archives/edgar/data/1058290/000105829023000019/exhibit99312312022.htm,13.0,https://www.sec.gov/Archives/edgar/data/1058290/000105829023000019/exhibit99312312022.htm,85.0,https://www.sec.gov/Archives/edgar/data/1058290/000105829023000019/exhibit99312312022.htm,,,,,,,,,,,,,
cognizant,2020Q4,4184.0,https://www.sec.gov/Archives/edgar/data/1058290/000105829021000022/exhibit99112312020.htm,,,-3.0,https://www.sec.gov/Archives/edgar/data/1058290/000105829023000019/exhibit99312312022.htm,-2.3,https://www.sec.gov/Archives/edgar/data/1058290/000105829023000019/exhibit99312312022.htm,,,289500.0,https://www.sec.gov/Archives/edgar/data/1058290/000105829023000019/exhibit99312312022.htm,12.0,https://www.sec.gov/Archives/edgar/data/1058290/000105829023000019/exhibit99312312022.htm,87.0,https://www.sec.gov/Archives/edgar/data/1058290/000105829023000019/exhibit99312312022.htm,,,,,,,,,,,19800.0,https://www.sec.gov/Archives/edgar/data/1058290/000105829022000015/exhibit99312312021.htm,
cognizant,2021Q1,4401.0,https://www.sec.gov/Archives/edgar/data/1058290/000105829021000102/exhibit9913312021.htm,,,2.4,https://www.sec.gov/Archives/edgar/data/1058290/000105829023000019/exhibit99312312022.htm,4.2,https://www.sec.gov/Archives/edgar/data/1058290/000105829023000019/exhibit99312312022.htm,,,296500.0,https://www.sec.gov/Archives/edgar/data/1058290/000105829023000019/exhibit99312312022.htm,13.0,https://www.sec.gov/Archives/edgar/data/1058290/000105829023000019/exhibit99312312022.htm,85.0,https://www.sec.gov/Archives/edgar/data/1058290/000105829023000019/exhibit99312312022.htm,,,,,,,,,,,20000.0,https://www.sec.gov/Archives/edgar/data/1058290/000105829022000111/exhibit99333122.htm,
cognizant,2021Q2,4585.0,https://www.sec.gov/Archives/edgar/data/1058290/000105829021000211/exhibit9916302021.htm,,,12.0,https://www.sec.gov/Archives/edgar/data/1058290/000105829023000019/exhibit99312312022.htm,14.6,https://www.sec.gov/Archives/edgar/data/1058290/000105829023000019/exhibit99312312022.htm,,,301200.0,https://www.sec.gov/Archives/edgar/data/1058290/000105829023000019/exhibit99312312022.htm,18.0,https://www.sec.gov/Archives/edgar/data/1058290/000105829023000019/exhibit99312312022.htm,84.0,https://www.sec.gov/Archives/edgar/data/1058290/000105829023000019/exhibit99312312022.htm,,,,,,,,,,,20500.0,https://www.sec.gov/Archives/edgar/data/1058290/000105829022000238/exhibit99363022.htm,
cognizant,2021Q3,4744.0,https://www.sec.gov/Archives/edgar/data/1058290/000105829021000278/exhibit9919302021.htm,,,11.0,https://www.sec.gov/Archives/edgar/data/1058290/000105829023000019/exhibit99312312022.htm,11.8,https://www.sec.gov/Archives/edgar/data/1058290/000105829023000019/exhibit99312312022.htm,,,318400.0,https://www.sec.gov/Archives/edgar/data/1058290/000105829023000019/exhibit99312312022.htm,24.0,https://www.sec.gov/Archives/edgar/data/1058290/000105829023000019/exhibit99312312022.htm,84.0,https://www.sec.gov/Archives/edgar/data/1058290/000105829023000019/exhibit99312312022.htm,,,,,,,,,,,21700.0,https://www.sec.gov/Archives/edgar/data/1058290/000105829022000320/exhibit9939302022.htm,
cognizant,2021Q4,4777.0,https://www.sec.gov/Archives/edgar/data/1058290/000105829022000015/exhibit99112312021.htm,,,14.5,https://www.sec.gov/Archives/edgar/data/1058290/000105829023000019/exhibit99312312022.htm,14.2,https://www.sec.gov/Archives/edgar/data/1058290/000105829023000019/exhibit99312312022.htm,,,330600.0,https://www.sec.gov/Archives/edgar/data/1058290/000105829023000019/exhibit99312312022.htm,28.0,https://www.sec.gov/Archives/edgar/data/1058290/000105829023000019/exhibit99312312022.htm,83.0,https://www.sec.gov/Archives/edgar/data/1058290/000105829023000019/exhibit99312312022.htm,,,,,,,,,,,23100.0,https://www.sec.gov/Archives/edgar/data/1058290/000105829023000019/exhibit99312312022.htm,
cognizant,2022Q1,4826.0,https://www.sec.gov/Archives/edgar/data/1058290/000105829022000111/exhibit9913312022.htm,,,10.9,https://www.sec.gov/Archives/edgar/data/1058290/000105829024000013/exhibit993123123.htm,9.7,https://www.sec.gov/Archives/edgar/data/1058290/000105829024000013/exhibit993123123.htm,,,340400.0,https://www.sec.gov/Archives/edgar/data/1058290/000105829024000013/exhibit993123123.htm,29.8,https://www.sec.gov/Archives/edgar/data/1058290/000105829024000013/exhibit993123123.htm,82.0,https://www.sec.gov/Archives/edgar/data/1058290/000105829024000013/exhibit993123123.htm,,,,,,,,,,,23400.0,https://www.sec.gov/Archives/edgar/data/1058290/000105829023000132/exhibit9933312023.htm,
cognizant,2022Q2,4906.0,https://www.sec.gov/Archives/edgar/data/1058290/000105829022000238/exhibit9916302022.htm,,,9.5,https://www.sec.gov/Archives/edgar/data/1058290/000105829024000013/exhibit993123123.htm,7.0,https://www.sec.gov/Archives/edgar/data/1058290/000105829024000013/exhibit993123123.htm,,,341300.0,https://www.sec.gov/Archives/edgar/data/1058290/000105829024000013/exhibit993123123.htm,31.1,https://www.sec.gov/Archives/edgar/data/1058290/000105829024000013/exhibit993123123.htm,83.0,https://www.sec.gov/Archives/edgar/data/1058290/000105829024000013/exhibit993123123.htm,,,,,,,,,,,23200.0,https://www.sec.gov/Archives/edgar/data/1058290/000105829023000255/exhibit9936302023.htm,
cognizant,2022Q3,4857.0,https://www.sec.gov/Archives/edgar/data/1058290/000105829022000320/exhibit9919302022.htm,,,5.6,https://www.sec.gov/Archives/edgar/data/1058290/000105829024000013/exhibit993123123.htm,2.4,https://www.sec.gov/Archives/edgar/data/1058290/000105829024000013/exhibit993123123.htm,,,349400.0,https://www.sec.gov/Archives/edgar/data/1058290/000105829024000013/exhibit993123123.htm,29.2,https://www.sec.gov/Archives/edgar/data/1058290/000105829024000013/exhibit993123123.htm,83.0,https://www.sec.gov/Archives/edgar/data/1058290/000105829024000013/exhibit993123123.htm,,,,,,,,,,,23100.0,https://www.sec.gov/Archives/edgar/data/1058290/000105829023000329/exhibit9939302023.htm,
cognizant,2022Q4,4839.0,https://www.sec.gov/Archives/edgar/data/1058290/000105829023000019/exhibit99112312022.htm,,,4.1,https://www.sec.gov/Archives/edgar/data/1058290/000105829024000013/exhibit993123123.htm,1.3,https://www.sec.gov/Archives/edgar/data/1058290/000105829024000013/exhibit993123123.htm,,,355300.0,https://www.sec.gov/Archives/edgar/data/1058290/000105829024000013/exhibit993123123.htm,25.6,https://www.sec.gov/Archives/edgar/data/1058290/000105829024000013/exhibit993123123.htm,81.0,https://www.sec.gov/Archives/edgar/data/1058290/000105829024000013/exhibit993123123.htm,,,,,,,,,,,24100.0,https://www.sec.gov/Archives/edgar/data/1058290/000105829024000013/exhibit993123123.htm,
cognizant,2023Q1,4812.0,https://www.sec.gov/Archives/edgar/data/1058290/000105829023000132/exhibit9913312023.htm,,,1.5,https://www.sec.gov/Archives/edgar/data/1058290/000105829025000007/exhibit99312312024.htm,-0.3,https://www.sec.gov/Archives/edgar/data/1058290/000105829025000007/exhibit99312312024.htm,,,351500.0,https://www.sec.gov/Archives/edgar/data/1058290/000105829025000007/exhibit99312312024.htm,23.1,https://www.sec.gov/Archives/edgar/data/1058290/000105829025000007/exhibit99312312024.htm,79.0,https://www.sec.gov/Archives/edgar/data/1058290/000105829024000013/exhibit993123123.htm,,,84.0,https://www.sec.gov/Archives/edgar/data/1058290/000105829025000007/exhibit99312312024.htm,,,,,84.0,https://www.sec.gov/Archives/edgar/data/1058290/000105829025000007/exhibit99312312024.htm,25600.0,https://www.sec.gov/Archives/edgar/data/1058290/000105829024000115/exhibit993033124.htm,
cognizant,2023Q2,4886.0,https://www.sec.gov/Archives/edgar/data/1058290/000105829023000255/exhibit9916302023.htm,,,-0.1,https://www.sec.gov/Archives/edgar/data/1058290/000105829025000007/exhibit99312312024.htm,-0.4,https://www.sec.gov/Archives/edgar/data/1058290/000105829025000007/exhibit99312312024.htm,,,345600.0,https://www.sec.gov/Archives/edgar/data/1058290/000105829025000007/exhibit99312312024.htm,19.9,https://www.sec.gov/Archives/edgar/data/1058290/000105829025000007/exhibit99312312024.htm,80.0,https://www.sec.gov/Archives/edgar/data/1058290/000105829024000013/exhibit993123123.htm,,,84.0,https://www.sec.gov/Archives/edgar/data/1058290/000105829025000007/exhibit99312312024.htm,,,,,84.0,https://www.sec.gov/Archives/edgar/data/1058290/000105829025000007/exhibit99312312024.htm,26400.0,https://www.sec.gov/Archives/edgar/data/1058290/000105829024000241/exhibit9936302024.htm,
cognizant,2023Q3,4897.0,https://www.sec.gov/Archives/edgar/data/1058290/000105829023000329/exhibit9919302023.htm,,,-0.2,https://www.sec.gov/Archives/edgar/data/1058290/000105829025000007/exhibit99312312024.htm,0.8,https://www.sec.gov/Archives/edgar/data/1058290/000105829025000007/exhibit99312312024.htm,,,346600.0,https://www.sec.gov/Archives/edgar/data/1058290/000105829025000007/exhibit99312312024.htm,16.2,https://www.sec.gov/Archives/edgar/data/1058290/000105829025000007/exhibit99312312024.htm,80.0,https://www.sec.gov/Archives/edgar/data/1058290/000105829024000013/exhibit993123123.htm,,,84.0,https://www.sec.gov/Archives/edgar/data/1058290/000105829025000007/exhibit99312312024.htm,,,,,84.0,https://www.sec.gov/Archives/edgar/data/1058290/000105829025000007/exhibit99312312024.htm,26900.0,https://www.sec.gov/Archives/edgar/data/1058290/000105829024000325/exhibit9939302024.htm,
cognizant,2023Q4,4758.0,https://www.sec.gov/Archives/edgar/data/1058290/000105829024000013/exhibit99112312023.htm,,,-2.4,https://www.sec.gov/Archives/edgar/data/1058290/000105829025000007/exhibit99312312024.htm,-1.7,https://www.sec.gov/Archives/edgar/data/1058290/000105829025000007/exhibit99312312024.htm,,,347700.0,https://www.sec.gov/Archives/edgar/data/1058290/000105829025000007/exhibit99312312024.htm,13.8,https://www.sec.gov/Archives/edgar/data/1058290/000105829025000007/exhibit99312312024.htm,79.0,https://www.sec.gov/Archives/edgar/data/1058290/000105829024000013/exhibit993123123.htm,,,81.0,https://www.sec.gov/Archives/edgar/data/1058290/000105829025000007/exhibit99312312024.htm,,,,,81.0,https://www.sec.gov/Archives/edgar/data/1058290/000105829025000007/exhibit99312312024.htm,26300.0,https://www.sec.gov/Archives/edgar/data/1058290/000105829025000007/exhibit99312312024.htm,
cognizant,2024Q1,4760.0,https://www.sec.gov/Archives/edgar/data/1058290/000105829024000115/exhibit9913312024.htm,,,-1.2,https://www.sec.gov/Archives/edgar/data/1058290/000105829026000003/exhibit99312312025.htm,-1.1,https://www.sec.gov/Archives/edgar/data/1058290/000105829026000003/exhibit99312312025.htm,,,344400.0,https://www.sec.gov/Archives/edgar/data/1058290/000105829026000003/exhibit99312312025.htm,13.1,https://www.sec.gov/Archives/edgar/data/1058290/000105829026000003/exhibit99312312025.htm,,,,,82.0,https://www.sec.gov/Archives/edgar/data/1058290/000105829026000003/exhibit99312312025.htm,,,,,82.0,https://www.sec.gov/Archives/edgar/data/1058290/000105829026000003/exhibit99312312025.htm,25900.0,https://www.sec.gov/Archives/edgar/data/1058290/000105829025000124/exhibit9933312025.htm,
cognizant,2024Q2,4850.0,https://www.sec.gov/Archives/edgar/data/1058290/000105829024000241/exhibit9916302024.htm,,,-0.5,https://www.sec.gov/Archives/edgar/data/1058290/000105829026000003/exhibit99312312025.htm,-0.7,https://www.sec.gov/Archives/edgar/data/1058290/000105829026000003/exhibit99312312025.htm,,,336300.0,https://www.sec.gov/Archives/edgar/data/1058290/000105829026000003/exhibit99312312025.htm,13.6,https://www.sec.gov/Archives/edgar/data/1058290/000105829026000003/exhibit99312312025.htm,,,,,83.0,https://www.sec.gov/Archives/edgar/data/1058290/000105829026000003/exhibit99312312025.htm,,,,,83.0,https://www.sec.gov/Archives/edgar/data/1058290/000105829026000003/exhibit99312312025.htm,26200.0,https://www.sec.gov/Archives/edgar/data/1058290/000105829025000266/exhibit9936302025.htm,
cognizant,2024Q3,5044.0,https://www.sec.gov/Archives/edgar/data/1058290/000105829024000325/exhibit9919302024.htm,,,2.7,https://www.sec.gov/Archives/edgar/data/1058290/000105829026000003/exhibit99312312025.htm,3.0,https://www.sec.gov/Archives/edgar/data/1058290/000105829026000003/exhibit99312312025.htm,,,340100.0,https://www.sec.gov/Archives/edgar/data/1058290/000105829026000003/exhibit99312312025.htm,14.6,https://www.sec.gov/Archives/edgar/data/1058290/000105829026000003/exhibit99312312025.htm,,,,,84.0,https://www.sec.gov/Archives/edgar/data/1058290/000105829026000003/exhibit99312312025.htm,,,,,84.0,https://www.sec.gov/Archives/edgar/data/1058290/000105829026000003/exhibit99312312025.htm,26200.0,https://www.sec.gov/Archives/edgar/data/1058290/000105829025000338/exhibit9939302025.htm,
cognizant,2024Q4,5082.0,https://www.sec.gov/Archives/edgar/data/1058290/000105829025000007/exhibit99112312024.htm,,,6.7,https://www.sec.gov/Archives/edgar/data/1058290/000105829026000003/exhibit99312312025.htm,6.8,https://www.sec.gov/Archives/edgar/data/1058290/000105829026000003/exhibit99312312025.htm,,,336800.0,https://www.sec.gov/Archives/edgar/data/1058290/000105829026000003/exhibit99312312025.htm,15.9,https://www.sec.gov/Archives/edgar/data/1058290/000105829026000003/exhibit99312312025.htm,,,,,82.0,https://www.sec.gov/Archives/edgar/data/1058290/000105829026000003/exhibit99312312025.htm,,,,,82.0,https://www.sec.gov/Archives/edgar/data/1058290/000105829026000003/exhibit99312312025.htm,27100.0,https://www.sec.gov/Archives/edgar/data/1058290/000105829026000003/exhibit99312312025.htm,
cognizant,2025Q1,5115.0,https://www.sec.gov/Archives/edgar/data/1058290/000105829025000124/exhibit9913312025.htm,,,8.2,https://www.sec.gov/Archives/edgar/data/1058290/000105829026000030/exhibit9936302026.htm,7.5,https://www.sec.gov/Archives/edgar/data/1058290/000105829026000030/exhibit9936302026.htm,,,336300.0,https://www.sec.gov/Archives/edgar/data/1058290/000105829026000030/exhibit9936302026.htm,12.0,https://www.sec.gov/Archives/edgar/data/1058290/000105829026000030/exhibit9936302026.htm,,,,,85.0,https://www.sec.gov/Archives/edgar/data/1058290/000105829026000030/exhibit9936302026.htm,,,,,85.0,https://www.sec.gov/Archives/edgar/data/1058290/000105829026000030/exhibit9936302026.htm,26700.0,https://www.sec.gov/Archives/edgar/data/1058290/000105829026000015/exhibit9933312026.htm,
cognizant,2025Q2,5245.0,https://www.sec.gov/Archives/edgar/data/1058290/000105829025000266/exhibit9916302025.htm,,,7.2,https://www.sec.gov/Archives/edgar/data/1058290/000105829026000030/exhibit9936302026.htm,8.1,https://www.sec.gov/Archives/edgar/data/1058290/000105829026000030/exhibit9936302026.htm,,,343800.0,https://www.sec.gov/Archives/edgar/data/1058290/000105829026000030/exhibit9936302026.htm,12.6,https://www.sec.gov/Archives/edgar/data/1058290/000105829026000030/exhibit9936302026.htm,,,,,85.0,https://www.sec.gov/Archives/edgar/data/1058290/000105829026000030/exhibit9936302026.htm,,,,,85.0,https://www.sec.gov/Archives/edgar/data/1058290/000105829026000030/exhibit9936302026.htm,27800.0,https://www.sec.gov/Archives/edgar/data/1058290/000105829026000030/exhibit9936302026.htm,
cognizant,2025Q3,5415.0,https://www.sec.gov/Archives/edgar/data/1058290/000105829025000338/exhibit9919302025.htm,,,6.5,https://www.sec.gov/Archives/edgar/data/1058290/000105829026000030/exhibit9936302026.htm,7.4,https://www.sec.gov/Archives/edgar/data/1058290/000105829026000030/exhibit9936302026.htm,,,349800.0,https://www.sec.gov/Archives/edgar/data/1058290/000105829026000030/exhibit9936302026.htm,12.6,https://www.sec.gov/Archives/edgar/data/1058290/000105829026000030/exhibit9936302026.htm,,,,,85.0,https://www.sec.gov/Archives/edgar/data/1058290/000105829026000030/exhibit9936302026.htm,,,,,85.0,https://www.sec.gov/Archives/edgar/data/1058290/000105829026000030/exhibit9936302026.htm,27500.0,https://www.sec.gov/Archives/edgar/data/1058290/000105829026000030/exhibit9936302026.htm,
cognizant,2025Q4,5333.0,https://www.sec.gov/Archives/edgar/data/1058290/000105829026000003/exhibit99112312025.htm,,,3.8,https://www.sec.gov/Archives/edgar/data/1058290/000105829026000030/exhibit9936302026.htm,4.9,https://www.sec.gov/Archives/edgar/data/1058290/000105829026000030/exhibit9936302026.htm,,,351600.0,https://www.sec.gov/Archives/edgar/data/1058290/000105829026000030/exhibit9936302026.htm,12.3,https://www.sec.gov/Archives/edgar/data/1058290/000105829026000030/exhibit9936302026.htm,,,,,83.0,https://www.sec.gov/Archives/edgar/data/1058290/000105829026000030/exhibit9936302026.htm,,,,,83.0,https://www.sec.gov/Archives/edgar/data/1058290/000105829026000030/exhibit9936302026.htm,28400.0,https://www.sec.gov/Archives/edgar/data/1058290/000105829026000030/exhibit9936302026.htm,
cognizant,2026Q1,5413.0,https://www.sec.gov/Archives/edgar/data/1058290/000105829026000015/exhibit9913312026.htm,,,3.9,https://www.sec.gov/Archives/edgar/data/1058290/000105829026000030/exhibit9936302026.htm,5.8,https://www.sec.gov/Archives/edgar/data/1058290/000105829026000030/exhibit9936302026.htm,,,357600.0,https://www.sec.gov/Archives/edgar/data/1058290/000105829026000030/exhibit9936302026.htm,12.3,https://www.sec.gov/Archives/edgar/data/1058290/000105829026000030/exhibit9936302026.htm,,,,,85.0,https://www.sec.gov/Archives/edgar/data/1058290/000105829026000030/exhibit9936302026.htm,,,,,85.0,https://www.sec.gov/Archives/edgar/data/1058290/000105829026000030/exhibit9936302026.htm,29600.0,https://www.sec.gov/Archives/edgar/data/1058290/000105829026000030/exhibit9936302026.htm,
cognizant,2026Q2,5481.0,https://www.sec.gov/Archives/edgar/data/1058290/000105829026000030/exhibit9916302026.htm,,,4.1,https://www.sec.gov/Archives/edgar/data/1058290/000105829026000030/exhibit9916302026.htm,4.5,https://www.sec.gov/Archives/edgar/data/1058290/000105829026000030/exhibit9916302026.htm,,,356700.0,https://www.sec.gov/Archives/edgar/data/1058290/000105829026000030/exhibit9916302026.htm,13.0,https://www.sec.gov/Archives/edgar/data/1058290/000105829026000030/exhibit9916302026.htm,,,,,85.0,https://www.sec.gov/Archives/edgar/data/1058290/000105829026000030/exhibit9936302026.htm,,,,,85.0,https://www.sec.gov/Archives/edgar/data/1058290/000105829026000030/exhibit9936302026.htm,29100.0,https://www.sec.gov/Archives/edgar/data/1058290/000105829026000030/exhibit9916302026.htm,
hcltech,2007Q1,362.4,https://web.archive.org/web/20111203113904/http://www.hcltech.com:80/investors/Downloads/FR/Q3_FY08.pdf,,,,,,,,,40149.0,https://web.archive.org/web/20111203113904/http://www.hcltech.com:80/investors/Downloads/FR/Q3_FY08.pdf,17.4,https://web.archive.org/web/20111203113904/http://www.hcltech.com:80/investors/Downloads/FR/Q3_FY08.pdf,,,,,,,,,,,,,,,
hcltech,2007Q2,395.7,https://web.archive.org/web/20111203113913/http://www.hcltech.com:80/investors/Downloads/FR/Q4%20FY08.pdf,,,,,45.3,https://web.archive.org/web/20070927213245/http://www.hcl.in/attachment/Q4FY07.pdf,,,42017.0,https://web.archive.org/web/20111203113913/http://www.hcltech.com:80/investors/Downloads/FR/Q4%20FY08.pdf,17.2,https://web.archive.org/web/20111203113913/http://www.hcltech.com:80/investors/Downloads/FR/Q4%20FY08.pdf,,,,,,,,,,,,,,,
hcltech,2007Q3,429.0,https://web.archive.org/web/20091122191529/http://www.hcltech.com:80/investors/Downloads/FR/Q1%20FY09.pdf,,,,,,,,,45642.0,https://web.archive.org/web/20091122191529/http://www.hcltech.com:80/investors/Downloads/FR/Q1%20FY09.pdf,16.4,https://web.archive.org/web/20091122191529/http://www.hcltech.com:80/investors/Downloads/FR/Q1%20FY09.pdf,,,,,,,,,,,,,,,
hcltech,2007Q4,453.9,https://web.archive.org/web/20090711023646/http://www.hcltech.com:80/investors/Downloads/FR/Q3-FY09.pdf,,,31.7,https://web.archive.org/web/20090711023646/http://www.hcltech.com:80/investors/Downloads/FR/Q3-FY09.pdf,37.1,https://web.archive.org/web/20090711023646/http://www.hcltech.com:80/investors/Downloads/FR/Q3-FY09.pdf,5.0,https://web.archive.org/web/20090711023646/http://www.hcltech.com:80/investors/Downloads/FR/Q3-FY09.pdf,47954.0,https://web.archive.org/web/20111203113904/http://www.hcltech.com:80/investors/Downloads/FR/Q3_FY08.pdf,15.5,https://web.archive.org/web/20111203113904/http://www.hcltech.com:80/investors/Downloads/FR/Q3_FY08.pdf,,,,,,,,,,,,,,,
hcltech,2008Q1,477.5,https://web.archive.org/web/20090711023646/http://www.hcltech.com:80/investors/Downloads/FR/Q3-FY09.pdf,,,27.5,https://web.archive.org/web/20090711023646/http://www.hcltech.com:80/investors/Downloads/FR/Q3-FY09.pdf,31.8,https://web.archive.org/web/20090711023646/http://www.hcltech.com:80/investors/Downloads/FR/Q3-FY09.pdf,5.0,https://web.archive.org/web/20090711023646/http://www.hcltech.com:80/investors/Downloads/FR/Q3-FY09.pdf,49802.0,https://web.archive.org/web/20090711023646/http://www.hcltech.com:80/investors/Downloads/FR/Q3-FY09.pdf,15.5,https://web.archive.org/web/20090711023646/http://www.hcltech.com:80/investors/Downloads/FR/Q3-FY09.pdf,,,,,,,,,,,,,,,
hcltech,2008Q2,501.7,https://web.archive.org/web/20090711023646/http://www.hcltech.com:80/investors/Downloads/FR/Q3-FY09.pdf,,,24.3,https://web.archive.org/web/20090711023646/http://www.hcltech.com:80/investors/Downloads/FR/Q3-FY09.pdf,26.8,https://web.archive.org/web/20090711023646/http://www.hcltech.com:80/investors/Downloads/FR/Q3-FY09.pdf,5.1,https://web.archive.org/web/20090711023646/http://www.hcltech.com:80/investors/Downloads/FR/Q3-FY09.pdf,50741.0,https://web.archive.org/web/20091122191529/http://www.hcltech.com:80/investors/Downloads/FR/Q1%20FY09.pdf,14.8,https://web.archive.org/web/20091122191529/http://www.hcltech.com:80/investors/Downloads/FR/Q1%20FY09.pdf,,,,,,,,,,,,,,,
hcltech,2008Q3,500.9,https://web.archive.org/web/20111019175624/http://www.hcltech.com/investors/Downloads/FR/Q1_FY10.pdf,,,18.8,https://web.archive.org/web/20111019175624/http://www.hcltech.com/investors/Downloads/FR/Q1_FY10.pdf,17.2,https://web.archive.org/web/20111019175624/http://www.hcltech.com/investors/Downloads/FR/Q1_FY10.pdf,2.1,https://web.archive.org/web/20111019175624/http://www.hcltech.com/investors/Downloads/FR/Q1_FY10.pdf,52714.0,https://web.archive.org/web/20111019175624/http://www.hcltech.com/investors/Downloads/FR/Q1_FY10.pdf,14.2,https://web.archive.org/web/20111019175624/http://www.hcltech.com/investors/Downloads/FR/Q1_FY10.pdf,,,,,,,,,,,,,,,
hcltech,2008Q4,507.0,https://web.archive.org/web/20111020011820/http://www.hcltech.com/investors/Downloads/FR/Q2_FY10.pdf,,,22.4,https://web.archive.org/web/20111020011820/http://www.hcltech.com/investors/Downloads/FR/Q2_FY10.pdf,11.7,https://web.archive.org/web/20111020011820/http://www.hcltech.com/investors/Downloads/FR/Q2_FY10.pdf,8.0,https://web.archive.org/web/20111020011820/http://www.hcltech.com/investors/Downloads/FR/Q2_FY10.pdf,55018.0,https://web.archive.org/web/20111020011820/http://www.hcltech.com/investors/Downloads/FR/Q2_FY10.pdf,13.4,https://web.archive.org/web/20111020011820/http://www.hcltech.com/investors/Downloads/FR/Q2_FY10.pdf,,,,,,,,,,,,,,,
hcltech,2009Q1,564.4,https://web.archive.org/web/20100820234028/http://www.hcltech.com:80/investors/Downloads/FR/Q3_FY10.pdf,,,27.5,https://web.archive.org/web/20100820234028/http://www.hcltech.com:80/investors/Downloads/FR/Q3_FY10.pdf,18.2,https://web.archive.org/web/20100820234028/http://www.hcltech.com:80/investors/Downloads/FR/Q3_FY10.pdf,12.9,https://web.archive.org/web/20100820234028/http://www.hcltech.com:80/investors/Downloads/FR/Q3_FY10.pdf,54026.0,https://web.archive.org/web/20100820234028/http://www.hcltech.com:80/investors/Downloads/FR/Q3_FY10.pdf,13.2,https://web.archive.org/web/20100820234028/http://www.hcltech.com:80/investors/Downloads/FR/Q3_FY10.pdf,,,,,,,,,,,,,,,
hcltech,2009Q2,607.2,https://web.archive.org/web/20100818050047/http://www.hcltech.com/investors/Downloads/FR/HCLT-Q4-2010-AMJ'10_&_FY'09-10-IR_Release.pdf,,,28.6,https://web.archive.org/web/20100818050047/http://www.hcltech.com/investors/Downloads/FR/HCLT-Q4-2010-AMJ'10_&_FY'09-10-IR_Release.pdf,21.0,https://web.archive.org/web/20100818050047/http://www.hcltech.com/investors/Downloads/FR/HCLT-Q4-2010-AMJ'10_&_FY'09-10-IR_Release.pdf,3.9,https://web.archive.org/web/20100818050047/http://www.hcltech.com/investors/Downloads/FR/HCLT-Q4-2010-AMJ'10_&_FY'09-10-IR_Release.pdf,54216.0,https://web.archive.org/web/20100818050047/http://www.hcltech.com/investors/Downloads/FR/HCLT-Q4-2010-AMJ'10_&_FY'09-10-IR_Release.pdf,13.0,https://web.archive.org/web/20100818050047/http://www.hcltech.com/investors/Downloads/FR/HCLT-Q4-2010-AMJ'10_&_FY'09-10-IR_Release.pdf,,,,,,,,,,,,,,,
hcltech,2009Q3,630.1,https://web.archive.org/web/20101122114217/http://www.hcltech.com:80/investors/Downloads/FR/HCLT-Q1-2011-JAS'10-IR_Release.pdf,,,29.1,https://web.archive.org/web/20101122114217/http://www.hcltech.com:80/investors/Downloads/FR/HCLT-Q1-2011-JAS'10-IR_Release.pdf,25.8,https://web.archive.org/web/20101122114217/http://www.hcltech.com:80/investors/Downloads/FR/HCLT-Q1-2011-JAS'10-IR_Release.pdf,2.3,https://web.archive.org/web/20101122114217/http://www.hcltech.com:80/investors/Downloads/FR/HCLT-Q1-2011-JAS'10-IR_Release.pdf,54443.0,https://web.archive.org/web/20101122114217/http://www.hcltech.com:80/investors/Downloads/FR/HCLT-Q1-2011-JAS'10-IR_Release.pdf,12.8,https://web.archive.org/web/20101122114217/http://www.hcltech.com:80/investors/Downloads/FR/HCLT-Q1-2011-JAS'10-IR_Release.pdf,,,,,,,,,,,,,,,
hcltech,2009Q4,651.7,https://web.archive.org/web/20110304090413/http://www.hcltech.com:80/investors/Downloads/FR/HCLT-Q2-2011-OND'10-IR_Release.pdf,,,22.8,https://web.archive.org/web/20110304090413/http://www.hcltech.com:80/investors/Downloads/FR/HCLT-Q2-2011-OND'10-IR_Release.pdf,28.5,https://web.archive.org/web/20110304090413/http://www.hcltech.com:80/investors/Downloads/FR/HCLT-Q2-2011-OND'10-IR_Release.pdf,2.4,https://web.archive.org/web/20110304090413/http://www.hcltech.com:80/investors/Downloads/FR/HCLT-Q2-2011-OND'10-IR_Release.pdf,55688.0,https://web.archive.org/web/20110304090413/http://www.hcltech.com:80/investors/Downloads/FR/HCLT-Q2-2011-OND'10-IR_Release.pdf,12.8,https://web.archive.org/web/20110304090413/http://www.hcltech.com:80/investors/Downloads/FR/HCLT-Q2-2011-OND'10-IR_Release.pdf,,,,,,,,,,,,,,,
hcltech,2010Q1,685.2,https://web.archive.org/web/20110516004030/http://www.hcltech.com:80/investors/Downloads/FR/HCLT-Q3-2011-JFM'11-IR_Release.pdf,,,16.2,https://web.archive.org/web/20110516004030/http://www.hcltech.com:80/investors/Downloads/FR/HCLT-Q3-2011-JFM'11-IR_Release.pdf,21.4,https://web.archive.org/web/20110516004030/http://www.hcltech.com:80/investors/Downloads/FR/HCLT-Q3-2011-JFM'11-IR_Release.pdf,6.9,https://web.archive.org/web/20110516004030/http://www.hcltech.com:80/investors/Downloads/FR/HCLT-Q3-2011-JFM'11-IR_Release.pdf,58129.0,https://web.archive.org/web/20110516004030/http://www.hcltech.com:80/investors/Downloads/FR/HCLT-Q3-2011-JFM'11-IR_Release.pdf,13.9,https://web.archive.org/web/20110516004030/http://www.hcltech.com:80/investors/Downloads/FR/HCLT-Q3-2011-JFM'11-IR_Release.pdf,,,,,,,,,,,,,,,
hcltech,2010Q2,737.6,https://web.archive.org/web/20111005055730/http://www.hcltech.com:80/investors/Downloads/FR/HCLT-Q4-2011-AMJ%2711-IR_Release.pdf,,,21.6,https://web.archive.org/web/20111005055730/http://www.hcltech.com:80/investors/Downloads/FR/HCLT-Q4-2011-AMJ%2711-IR_Release.pdf,21.5,https://web.archive.org/web/20111005055730/http://www.hcltech.com:80/investors/Downloads/FR/HCLT-Q4-2011-AMJ%2711-IR_Release.pdf,9.1,https://web.archive.org/web/20111005055730/http://www.hcltech.com:80/investors/Downloads/FR/HCLT-Q4-2011-AMJ%2711-IR_Release.pdf,64557.0,https://web.archive.org/web/20111005055730/http://www.hcltech.com:80/investors/Downloads/FR/HCLT-Q4-2011-AMJ%2711-IR_Release.pdf,15.7,https://web.archive.org/web/20111005055730/http://www.hcltech.com:80/investors/Downloads/FR/HCLT-Q4-2011-AMJ%2711-IR_Release.pdf,,,,,,,,,,,,,,,
hcltech,2010Q3,803.8,https://web.archive.org/web/20111027035345/http://www.hcltech.com:80/investors/Downloads/FR/HCLT-Q1-2012-JAS'11-IR_Release.pdf,,,28.5,https://web.archive.org/web/20111027035345/http://www.hcltech.com:80/investors/Downloads/FR/HCLT-Q1-2012-JAS'11-IR_Release.pdf,27.6,https://web.archive.org/web/20111027035345/http://www.hcltech.com:80/investors/Downloads/FR/HCLT-Q1-2012-JAS'11-IR_Release.pdf,7.4,https://web.archive.org/web/20111027035345/http://www.hcltech.com:80/investors/Downloads/FR/HCLT-Q1-2012-JAS'11-IR_Release.pdf,70218.0,https://web.archive.org/web/20111027035345/http://www.hcltech.com:80/investors/Downloads/FR/HCLT-Q1-2012-JAS'11-IR_Release.pdf,16.7,https://web.archive.org/web/20111027035345/http://www.hcltech.com:80/investors/Downloads/FR/HCLT-Q1-2012-JAS'11-IR_Release.pdf,,,,,,,,,,,,,,,
hcltech,2010Q4,864.1,https://web.archive.org/web/20120131012430/http://www.hcltech.com:80/investors/Downloads/FR/HCLT-Q2-2012-OND'11-IR_Release.pdf,,,33.4,https://web.archive.org/web/20120131012430/http://www.hcltech.com:80/investors/Downloads/FR/HCLT-Q2-2012-OND'11-IR_Release.pdf,32.6,https://web.archive.org/web/20120131012430/http://www.hcltech.com:80/investors/Downloads/FR/HCLT-Q2-2012-OND'11-IR_Release.pdf,6.5,https://web.archive.org/web/20120131012430/http://www.hcltech.com:80/investors/Downloads/FR/HCLT-Q2-2012-OND'11-IR_Release.pdf,72267.0,https://web.archive.org/web/20120131012430/http://www.hcltech.com:80/investors/Downloads/FR/HCLT-Q2-2012-OND'11-IR_Release.pdf,17.2,https://web.archive.org/web/20120131012430/http://www.hcltech.com:80/investors/Downloads/FR/HCLT-Q2-2012-OND'11-IR_Release.pdf,,,,,,,,,,,,,,,
hcltech,2011Q1,914.5,https://web.archive.org/web/20120515072720/http://www.hcltech.com/sites/default/files/hclt-q3-2012-jfm12-ir_release.pdf,,,30.9,https://web.archive.org/web/20120515072720/http://www.hcltech.com/sites/default/files/hclt-q3-2012-jfm12-ir_release.pdf,33.5,https://web.archive.org/web/20120515072720/http://www.hcltech.com/sites/default/files/hclt-q3-2012-jfm12-ir_release.pdf,4.8,https://web.archive.org/web/20120515072720/http://www.hcltech.com/sites/default/files/hclt-q3-2012-jfm12-ir_release.pdf,73420.0,https://web.archive.org/web/20120515072720/http://www.hcltech.com/sites/default/files/hclt-q3-2012-jfm12-ir_release.pdf,17.0,https://web.archive.org/web/20120515072720/http://www.hcltech.com/sites/default/files/hclt-q3-2012-jfm12-ir_release.pdf,,,,,,,,,,,,,,,
hcltech,2011Q2,962.9,https://web.archive.org/web/20120803053316/http://www.hcltech.com:80/sites/default/files/hclt-q4-2012-amj12-ir_release.pdf,,,24.7,https://web.archive.org/web/20120803053316/http://www.hcltech.com:80/sites/default/files/hclt-q4-2012-amj12-ir_release.pdf,30.5,https://web.archive.org/web/20120803053316/http://www.hcltech.com:80/sites/default/files/hclt-q4-2012-amj12-ir_release.pdf,3.9,https://web.archive.org/web/20120803053316/http://www.hcltech.com:80/sites/default/files/hclt-q4-2012-amj12-ir_release.pdf,77046.0,https://web.archive.org/web/20120803053316/http://www.hcltech.com:80/sites/default/files/hclt-q4-2012-amj12-ir_release.pdf,16.5,https://web.archive.org/web/20120803053316/http://www.hcltech.com:80/sites/default/files/hclt-q4-2012-amj12-ir_release.pdf,,,,,,,,,,,,,,,
hcltech,2011Q3,1002.2,https://web.archive.org/web/20120803053316/http://www.hcltech.com:80/sites/default/files/hclt-q4-2012-amj12-ir_release.pdf,,,21.9,https://web.archive.org/web/20120803053316/http://www.hcltech.com:80/sites/default/files/hclt-q4-2012-amj12-ir_release.pdf,24.7,https://web.archive.org/web/20120803053316/http://www.hcltech.com:80/sites/default/files/hclt-q4-2012-amj12-ir_release.pdf,5.1,https://web.archive.org/web/20120803053316/http://www.hcltech.com:80/sites/default/files/hclt-q4-2012-amj12-ir_release.pdf,80520.0,https://web.archive.org/web/20120131012430/http://www.hcltech.com:80/investors/Downloads/FR/HCLT-Q2-2012-OND'11-IR_Release.pdf,15.9,https://web.archive.org/web/20120131012430/http://www.hcltech.com:80/investors/Downloads/FR/HCLT-Q2-2012-OND'11-IR_Release.pdf,,,,,,,,,,,,,,,
hcltech,2011Q4,1021.9,https://web.archive.org/web/20120803053316/http://www.hcltech.com:80/sites/default/files/hclt-q4-2012-amj12-ir_release.pdf,,,18.7,https://web.archive.org/web/20120803053316/http://www.hcltech.com:80/sites/default/files/hclt-q4-2012-amj12-ir_release.pdf,18.3,https://web.archive.org/web/20120803053316/http://www.hcltech.com:80/sites/default/files/hclt-q4-2012-amj12-ir_release.pdf,3.7,https://web.archive.org/web/20120803053316/http://www.hcltech.com:80/sites/default/files/hclt-q4-2012-amj12-ir_release.pdf,83076.0,https://web.archive.org/web/20120515072720/http://www.hcltech.com/sites/default/files/hclt-q3-2012-jfm12-ir_release.pdf,15.7,https://web.archive.org/web/20120515072720/http://www.hcltech.com/sites/default/files/hclt-q3-2012-jfm12-ir_release.pdf,,,,,,,,,,,,,,,
hcltech,2012Q1,1047.9,https://web.archive.org/web/20120803053316/http://www.hcltech.com:80/sites/default/files/hclt-q4-2012-amj12-ir_release.pdf,,,15.4,https://web.archive.org/web/20120803053316/http://www.hcltech.com:80/sites/default/files/hclt-q4-2012-amj12-ir_release.pdf,14.6,https://web.archive.org/web/20120803053316/http://www.hcltech.com:80/sites/default/files/hclt-q4-2012-amj12-ir_release.pdf,1.9,https://web.archive.org/web/20120803053316/http://www.hcltech.com:80/sites/default/files/hclt-q4-2012-amj12-ir_release.pdf,82464.0,https://web.archive.org/web/20120803053316/http://www.hcltech.com:80/sites/default/files/hclt-q4-2012-amj12-ir_release.pdf,15.0,https://web.archive.org/web/20120803053316/http://www.hcltech.com:80/sites/default/files/hclt-q4-2012-amj12-ir_release.pdf,,,,,,,,,,,,,,,
hcltech,2013Q3,1270.3,https://www.hcltech.com/sites/default/files/documents/investor-reports/hclt-q1-2015-jas14-ir_release.pdf,79610.0,https://www.hcltech.com/sites/default/files/documents/investor-reports/hclt-q1-2015-jas14-ir_release.pdf,15.0,https://www.hcltech.com/sites/default/files/documents/investor-reports/hclt-q1-2015-jas14-ir_release.pdf,14.1,https://www.hcltech.com/sites/default/files/documents/investor-reports/hclt-q1-2015-jas14-ir_release.pdf,3.6,https://www.hcltech.com/sites/default/files/documents/investor-reports/hclt-q1-2015-jas14-ir_release.pdf,87196.0,https://www.hcltech.com/sites/default/files/documents/investor-reports/hclt-q1-2015-jas14-ir_release.pdf,16.1,https://www.hcltech.com/sites/default/files/documents/investor-reports/hclt-q1-2015-jas14-ir_release.pdf,84.9,https://www.hcltech.com/sites/default/files/documents/investor-reports/hclt-q1-2015-jas14-ir_release.pdf,84.9,https://www.hcltech.com/sites/default/files/documents/investor-reports/hclt-q1-2015-jas14-ir_release.pdf,,,,,,,,,,,
hcltech,2013Q4,1321.3,https://www.hcltech.com/sites/default/files/documents/investor-reports/hcl_tech_q2_2015_dec_2014_investor_release.pdf,81840.0,https://www.hcltech.com/sites/default/files/documents/investor-reports/hcl_tech_q2_2015_dec_2014_investor_release.pdf,15.1,https://www.hcltech.com/sites/default/files/documents/investor-reports/hcl_tech_q2_2015_dec_2014_investor_release.pdf,14.5,https://www.hcltech.com/sites/default/files/documents/investor-reports/hcl_tech_q2_2015_dec_2014_investor_release.pdf,3.0,https://www.hcltech.com/sites/default/files/documents/investor-reports/hcl_tech_q2_2015_dec_2014_investor_release.pdf,88332.0,https://www.hcltech.com/sites/default/files/documents/investor-reports/hcl_tech_q2_2015_dec_2014_investor_release.pdf,16.6,https://www.hcltech.com/sites/default/files/documents/investor-reports/hcl_tech_q2_2015_dec_2014_investor_release.pdf,84.1,https://www.hcltech.com/sites/default/files/documents/investor-reports/hcl_tech_q2_2015_dec_2014_investor_release.pdf,84.1,https://www.hcltech.com/sites/default/files/documents/investor-reports/hcl_tech_q2_2015_dec_2014_investor_release.pdf,,,,,,,,,,,
hcltech,2014Q1,1361.2,https://www.hcltech.com/sites/default/files/documents/investor-reports/hcl_tech_q3_2015_mar_2015_investor_release_0.pdf,83490.0,https://www.hcltech.com/sites/default/files/documents/investor-reports/hcl_tech_q3_2015_mar_2015_investor_release_0.pdf,14.7,https://www.hcltech.com/sites/default/files/documents/investor-reports/hcl_tech_q3_2015_mar_2015_investor_release_0.pdf,14.3,https://www.hcltech.com/sites/default/files/documents/investor-reports/hcl_tech_q3_2015_mar_2015_investor_release_0.pdf,2.9,https://www.hcltech.com/sites/default/files/documents/investor-reports/hcl_tech_q3_2015_mar_2015_investor_release_0.pdf,90190.0,https://www.hcltech.com/sites/default/files/documents/investor-reports/hcl_tech_q3_2015_mar_2015_investor_release_0.pdf,16.9,https://www.hcltech.com/sites/default/files/documents/investor-reports/hcl_tech_q3_2015_mar_2015_investor_release_0.pdf,84.2,https://www.hcltech.com/sites/default/files/documents/investor-reports/hcl_tech_q3_2015_mar_2015_investor_release_0.pdf,84.2,https://www.hcltech.com/sites/default/files/documents/investor-reports/hcl_tech_q3_2015_mar_2015_investor_release_0.pdf,,,,,,,,,,,
hcltech,2014Q2,1406.9,https://www.hcltech.com/sites/default/files/documents/investor-reports/hcl-q4_2015-investor_release.pdf,84240.0,https://www.hcltech.com/sites/default/files/documents/investor-reports/hcl-q4_2015-investor_release.pdf,13.1,https://www.hcltech.com/sites/default/files/documents/investor-reports/hcl-q4_2015-investor_release.pdf,14.6,https://www.hcltech.com/sites/default/files/documents/investor-reports/hcl-q4_2015-investor_release.pdf,2.8,https://www.hcltech.com/sites/default/files/documents/investor-reports/hcl-q4_2015-investor_release.pdf,91691.0,https://www.hcltech.com/sites/default/files/documents/investor-reports/hcl-q4_2015-investor_release.pdf,16.9,https://www.hcltech.com/sites/default/files/documents/investor-reports/hcl-q4_2015-investor_release.pdf,84.5,https://www.hcltech.com/sites/default/files/documents/investor-reports/hcl-q4_2015-investor_release.pdf,84.5,https://www.hcltech.com/sites/default/files/documents/investor-reports/hcl-q4_2015-investor_release.pdf,,,,,,,,,,,
hcltech,2014Q3,1433.5,https://www.hcltech.com/sites/default/files/documents/investor-reports/hcl_tech_q1_2016_investor_release.pdf,87350.0,https://www.hcltech.com/sites/default/files/documents/investor-reports/hcl_tech_q1_2016_investor_release.pdf,12.7,https://www.hcltech.com/sites/default/files/documents/investor-reports/hcl_tech_q1_2016_investor_release.pdf,12.8,https://www.hcltech.com/sites/default/files/documents/investor-reports/hcl_tech_q1_2016_investor_release.pdf,3.2,https://www.hcltech.com/sites/default/files/documents/investor-reports/hcl_tech_q1_2016_investor_release.pdf,95522.0,https://www.hcltech.com/sites/default/files/documents/investor-reports/hcl_tech_q1_2016_investor_release.pdf,16.6,https://www.hcltech.com/sites/default/files/documents/investor-reports/hcl_tech_q1_2016_investor_release.pdf,82.7,https://www.hcltech.com/sites/default/files/documents/investor-reports/hcl_tech_q1_2016_investor_release.pdf,82.7,https://www.hcltech.com/sites/default/files/documents/investor-reports/hcl_tech_q1_2016_investor_release.pdf,,,,,,,,,,,
hcltech,2014Q4,1490.8,https://www.hcltech.com/sites/default/files/documents/investor-reports/hcl_tech_q2_2016_investor_release_0.pdf,92830.0,https://www.hcltech.com/sites/default/files/documents/investor-reports/hcl_tech_q2_2016_investor_release_0.pdf,16.2,https://www.hcltech.com/sites/default/files/documents/investor-reports/hcl_tech_q2_2016_investor_release_0.pdf,12.8,https://www.hcltech.com/sites/default/files/documents/investor-reports/hcl_tech_q2_2016_investor_release_0.pdf,6.2,https://www.hcltech.com/sites/default/files/documents/investor-reports/hcl_tech_q2_2016_investor_release_0.pdf,100240.0,https://www.hcltech.com/sites/default/files/documents/investor-reports/hcl_tech_q2_2016_investor_release_0.pdf,16.4,https://www.hcltech.com/sites/default/files/documents/investor-reports/hcl_tech_q2_2016_investor_release_0.pdf,82.9,https://www.hcltech.com/sites/default/files/documents/investor-reports/hcl_tech_q2_2016_investor_release_0.pdf,82.9,https://www.hcltech.com/sites/default/files/documents/investor-reports/hcl_tech_q2_2016_investor_release_0.pdf,,,,,,,,,,,
hcltech,2015Q1,1490.5,https://www.hcltech.com/sites/default/files/documents/investor-reports/hcl_tech_q3_2016_investor_release_0_1.pdf,92670.0,https://www.hcltech.com/sites/default/files/documents/investor-reports/hcl_tech_q3_2016_investor_release_0_1.pdf,15.4,https://www.hcltech.com/sites/default/files/documents/investor-reports/hcl_tech_q3_2016_investor_release_0_1.pdf,9.5,https://www.hcltech.com/sites/default/files/documents/investor-reports/hcl_tech_q3_2016_investor_release_0_1.pdf,2.7,https://www.hcltech.com/sites/default/files/documents/investor-reports/hcl_tech_q3_2016_investor_release_0_1.pdf,104184.0,https://www.hcltech.com/sites/default/files/documents/investor-reports/hcl_tech_q3_2016_investor_release_0_1.pdf,16.2,https://www.hcltech.com/sites/default/files/documents/investor-reports/hcl_tech_q3_2016_investor_release_0_1.pdf,81.9,https://www.hcltech.com/sites/default/files/documents/investor-reports/hcl_tech_q3_2016_investor_release_0_1.pdf,81.9,https://www.hcltech.com/sites/default/files/documents/investor-reports/hcl_tech_q3_2016_investor_release_0_1.pdf,,,,,,,,,,,
hcltech,2015Q2,1537.5,https://www.hcltech.com/sites/default/files/documents/investor-reports/hcl_tech_q1_2017_investor_release.pdf,97770.0,https://www.hcltech.com/sites/default/files/documents/investor-reports/hcl_tech_q1_2017_investor_release.pdf,16.0,https://www.hcltech.com/sites/default/files/documents/investor-reports/hcl_tech_q1_2017_investor_release.pdf,9.3,https://www.hcltech.com/sites/default/files/documents/investor-reports/hcl_tech_q1_2017_investor_release.pdf,2.9,https://www.hcltech.com/sites/default/files/documents/investor-reports/hcl_tech_q1_2017_investor_release.pdf,106107.0,https://www.hcltech.com/sites/default/files/documents/investor-reports/hcl_tech_q1_2017_investor_release.pdf,16.5,https://www.hcltech.com/sites/default/files/documents/investor-reports/hcl_tech_q1_2017_investor_release.pdf,83.5,https://www.hcltech.com/sites/default/files/documents/investor-reports/hcl_tech_q1_2017_investor_release.pdf,83.5,https://www.hcltech.com/sites/default/files/documents/investor-reports/hcl_tech_q1_2017_investor_release.pdf,,,,,,,,,,,
hcltech,2015Q3,1544.5,https://www.hcltech.com/sites/default/files/documents/investor-reports/hcl_tech_q2_2017_investor_release.pdf,100970.0,https://www.hcltech.com/sites/default/files/documents/investor-reports/hcl_tech_q2_2017_investor_release.pdf,13.5,https://www.hcltech.com/sites/default/files/documents/investor-reports/hcl_tech_q2_2017_investor_release.pdf,7.7,https://www.hcltech.com/sites/default/files/documents/investor-reports/hcl_tech_q2_2017_investor_release.pdf,1.2,https://www.hcltech.com/sites/default/files/documents/investor-reports/hcl_tech_q2_2017_investor_release.pdf,105571.0,https://www.hcltech.com/sites/default/files/documents/investor-reports/hcl_tech_q2_2017_investor_release.pdf,16.3,https://www.hcltech.com/sites/default/files/documents/investor-reports/hcl_tech_q2_2017_investor_release.pdf,83.6,https://www.hcltech.com/sites/default/files/documents/investor-reports/hcl_tech_q2_2017_investor_release.pdf,83.6,https://www.hcltech.com/sites/default/files/documents/investor-reports/hcl_tech_q2_2017_investor_release.pdf,,,,,,,,,,,
hcltech,2015Q4,1566.1,https://www.hcltech.com/sites/default/files/documents/investor-reports/hcl_tech_q3_2017_investor_release.pdf,103410.0,https://www.hcltech.com/sites/default/files/documents/investor-reports/hcl_tech_q3_2017_investor_release.pdf,9.3,https://www.hcltech.com/sites/default/files/documents/investor-reports/hcl_tech_q3_2017_investor_release.pdf,5.1,https://www.hcltech.com/sites/default/files/documents/investor-reports/hcl_tech_q3_2017_investor_release.pdf,2.1,https://www.hcltech.com/sites/default/files/documents/investor-reports/hcl_tech_q3_2017_investor_release.pdf,103696.0,https://www.hcltech.com/sites/default/files/documents/investor-reports/hcl_tech_q3_2017_investor_release.pdf,16.7,https://www.hcltech.com/sites/default/files/documents/investor-reports/hcl_tech_q3_2017_investor_release.pdf,84.7,https://www.hcltech.com/sites/default/files/documents/investor-reports/hcl_tech_q3_2017_investor_release.pdf,84.7,https://www.hcltech.com/sites/default/files/documents/investor-reports/hcl_tech_q3_2017_investor_release.pdf,,,,,,,,,,,
hcltech,2016Q1,1587.2,https://www.hcltech.com/sites/default/files/documents/investor-reports/hcl_tech_q4_2017_investor_release.pdf,106980.0,https://www.hcltech.com/sites/default/files/documents/investor-reports/hcl_tech_q4_2017_investor_release.pdf,8.1,https://www.hcltech.com/sites/default/files/documents/investor-reports/hcl_tech_q4_2017_investor_release.pdf,6.5,https://www.hcltech.com/sites/default/files/documents/investor-reports/hcl_tech_q4_2017_investor_release.pdf,1.7,https://www.hcltech.com/sites/default/files/documents/investor-reports/hcl_tech_q4_2017_investor_release.pdf,104896.0,https://www.hcltech.com/sites/default/files/documents/investor-reports/hcl_tech_q4_2017_investor_release.pdf,17.3,https://www.hcltech.com/sites/default/files/documents/investor-reports/hcl_tech_q4_2017_investor_release.pdf,85.6,https://www.hcltech.com/sites/default/files/documents/investor-reports/hcl_tech_q4_2017_investor_release.pdf,85.6,https://www.hcltech.com/sites/default/files/documents/investor-reports/hcl_tech_q4_2017_investor_release.pdf,,,16843.3,https://www.hcltech.com/sites/default/files/documents/investor-reports/full_financial_results-_qtr._and_year_ended_march_31_2017.pdf,,,,,,,15.744344737334082
hcltech,2016Q2,1690.7,https://www.hcltech.com/sites/default/files/documents/investor-reports/hcl_tech_q1_2018_investor_release.pdf,113360.0,https://www.hcltech.com/sites/default/files/documents/investor-reports/hcl_tech_q1_2018_investor_release.pdf,11.2,https://www.hcltech.com/sites/default/files/documents/investor-reports/hcl_tech_q1_2018_investor_release.pdf,10.0,https://www.hcltech.com/sites/default/files/documents/investor-reports/hcl_tech_q1_2018_investor_release.pdf,6.0,https://www.hcltech.com/sites/default/files/documents/investor-reports/hcl_tech_q1_2018_investor_release.pdf,107968.0,https://www.hcltech.com/sites/default/files/documents/investor-reports/hcl_tech_q1_2018_investor_release.pdf,17.8,https://www.hcltech.com/sites/default/files/documents/investor-reports/hcl_tech_q1_2018_investor_release.pdf,85.8,https://www.hcltech.com/sites/default/files/documents/investor-reports/hcl_tech_q1_2018_investor_release.pdf,85.8,https://www.hcltech.com/sites/default/files/documents/investor-reports/hcl_tech_q1_2018_investor_release.pdf,,,19940.0,https://www.hcltech.com/sites/default/files/documents/investor-reports/full_financial_results_-_qtr._ended_june_30_2017.pdf,,,,,,,17.58997882851094
hcltech,2016Q3,1722.4,https://www.hcltech.com/sites/default/files/documents/investor-reports/hcl_tech_q2_2018_investor_release.pdf,115190.0,https://www.hcltech.com/sites/default/files/documents/investor-reports/hcl_tech_q2_2018_investor_release.pdf,12.8,https://www.hcltech.com/sites/default/files/documents/investor-reports/hcl_tech_q2_2018_investor_release.pdf,11.5,https://www.hcltech.com/sites/default/files/documents/investor-reports/hcl_tech_q2_2018_investor_release.pdf,2.8,https://www.hcltech.com/sites/default/files/documents/investor-reports/hcl_tech_q2_2018_investor_release.pdf,109795.0,https://www.hcltech.com/sites/default/files/documents/investor-reports/hcl_tech_q2_2018_investor_release.pdf,18.6,https://www.hcltech.com/sites/default/files/documents/investor-reports/hcl_tech_q2_2018_investor_release.pdf,85.3,https://www.hcltech.com/sites/default/files/documents/investor-reports/hcl_tech_q2_2018_investor_release.pdf,85.3,https://www.hcltech.com/sites/default/files/documents/investor-reports/hcl_tech_q2_2018_investor_release.pdf,,,22110.0,https://www.hcltech.com/sites/default/files/documents/investor-reports/full_financial_results-_qtr._ended_sep_30_2017_0.pdf,,,,,,,19.19437451167636
hcltech,2016Q4,1745.3,https://www.hcltech.com/sites/default/files/documents/investor-reports/hcl_tech_q3_2018_investor_release.pdf,118140.0,https://www.hcltech.com/sites/default/files/documents/investor-reports/hcl_tech_q3_2018_investor_release.pdf,13.8,https://www.hcltech.com/sites/default/files/documents/investor-reports/hcl_tech_q3_2018_investor_release.pdf,11.4,https://www.hcltech.com/sites/default/files/documents/investor-reports/hcl_tech_q3_2018_investor_release.pdf,3.0,https://www.hcltech.com/sites/default/files/documents/investor-reports/hcl_tech_q3_2018_investor_release.pdf,111092.0,https://www.hcltech.com/sites/default/files/documents/investor-reports/hcl_tech_q3_2018_investor_release.pdf,17.9,https://www.hcltech.com/sites/default/files/documents/investor-reports/hcl_tech_q3_2018_investor_release.pdf,84.6,https://www.hcltech.com/sites/default/files/documents/investor-reports/hcl_tech_q3_2018_investor_release.pdf,84.6,https://www.hcltech.com/sites/default/files/documents/investor-reports/hcl_tech_q3_2018_investor_release.pdf,,,23210.0,https://www.hcltech.com/sites/default/files/documents/investor-reports/full_financial_results_-_qtr._ended_dec_31_2017_0.pdf,,,,,,,19.646182495344508
hcltech,2017Q1,1816.8,https://www.hcltech.com/sites/default/files/documents/investor-reports/hcl_tech_q4_2018_investor_release.pdf,120530.0,https://www.hcltech.com/sites/default/files/documents/investor-reports/hcl_tech_q4_2018_investor_release.pdf,16.1,https://www.hcltech.com/sites/default/files/documents/investor-reports/hcl_tech_q4_2018_investor_release.pdf,14.5,https://www.hcltech.com/sites/default/files/documents/investor-reports/hcl_tech_q4_2018_investor_release.pdf,3.8,https://www.hcltech.com/sites/default/files/documents/investor-reports/hcl_tech_q4_2018_investor_release.pdf,115973.0,https://www.hcltech.com/sites/default/files/documents/investor-reports/hcl_tech_q4_2018_investor_release.pdf,16.9,https://www.hcltech.com/sites/default/files/documents/investor-reports/hcl_tech_q4_2018_investor_release.pdf,85.7,https://www.hcltech.com/sites/default/files/documents/investor-reports/hcl_tech_q4_2018_investor_release.pdf,85.7,https://www.hcltech.com/sites/default/files/documents/investor-reports/hcl_tech_q4_2018_investor_release.pdf,,,21400.0,https://www.hcltech.com/sites/default/files/documents/investor-reports/full_financial_results-_year_ended_march_31_2018.pdf,,,,,,,17.75491578860035
hcltech,2017Q2,1884.2,https://www.hcltech.com/sites/default/files/documents/investor-reports/hcl_tech_q1_2019_investor_release.pdf,121490.0,https://www.hcltech.com/sites/default/files/documents/investor-reports/hcl_tech_q1_2019_investor_release.pdf,12.2,https://www.hcltech.com/sites/default/files/documents/investor-reports/hcl_tech_q1_2019_investor_release.pdf,11.4,https://www.hcltech.com/sites/default/files/documents/investor-reports/hcl_tech_q1_2019_investor_release.pdf,2.6,https://www.hcltech.com/sites/default/files/documents/investor-reports/hcl_tech_q1_2019_investor_release.pdf,117781.0,https://www.hcltech.com/sites/default/files/documents/investor-reports/hcl_tech_q1_2019_investor_release.pdf,16.2,https://www.hcltech.com/sites/default/files/documents/investor-reports/hcl_tech_q1_2019_investor_release.pdf,86.0,https://www.hcltech.com/sites/default/files/documents/investor-reports/hcl_tech_q1_2019_investor_release.pdf,86.0,https://www.hcltech.com/sites/default/files/documents/investor-reports/hcl_tech_q1_2019_investor_release.pdf,,,20890.0,https://www.hcltech.com/sites/default/files/documents/investor-reports/full_financial_results_-_qtr._ended_june_30_2018.pdf,,,,,,,17.194830850275743
hcltech,2017Q3,1928.0,https://www.hcltech.com/sites/default/files/documents/investor-reports/hcl_tech_q2_2019_investor_release.pdf,124340.0,https://www.hcltech.com/sites/default/files/documents/investor-reports/hcl_tech_q2_2019_investor_release.pdf,10.6,https://www.hcltech.com/sites/default/files/documents/investor-reports/hcl_tech_q2_2019_investor_release.pdf,11.9,https://www.hcltech.com/sites/default/files/documents/investor-reports/hcl_tech_q2_2019_investor_release.pdf,0.9,https://www.hcltech.com/sites/default/files/documents/investor-reports/hcl_tech_q2_2019_investor_release.pdf,119040.0,https://www.hcltech.com/sites/default/files/documents/investor-reports/hcl_tech_q2_2019_investor_release.pdf,15.7,https://www.hcltech.com/sites/default/files/documents/investor-reports/hcl_tech_q2_2019_investor_release.pdf,86.0,https://www.hcltech.com/sites/default/files/documents/investor-reports/hcl_tech_q2_2019_investor_release.pdf,86.0,https://www.hcltech.com/sites/default/files/documents/investor-reports/hcl_tech_q2_2019_investor_release.pdf,,,20970.0,https://www.hcltech.com/sites/default/files/documents/investor-reports/full_financial_results.pdf,,,,,,,16.865047450538846
hcltech,2017Q4,1987.5,https://www.hcltech.com/sites/default/files/documents/investor-reports/hcl_tech_q3_2019_investor_release.pdf,128080.0,https://www.hcltech.com/sites/default/files/documents/investor-reports/hcl_tech_q3_2019_investor_release.pdf,11.2,https://www.hcltech.com/sites/default/files/documents/investor-reports/hcl_tech_q3_2019_investor_release.pdf,13.9,https://www.hcltech.com/sites/default/files/documents/investor-reports/hcl_tech_q3_2019_investor_release.pdf,3.3,https://www.hcltech.com/sites/default/files/documents/investor-reports/hcl_tech_q3_2019_investor_release.pdf,119291.0,https://www.hcltech.com/sites/default/files/documents/investor-reports/hcl_tech_q3_2019_investor_release.pdf,15.2,https://www.hcltech.com/sites/default/files/documents/investor-reports/hcl_tech_q3_2019_investor_release.pdf,85.8,https://www.hcltech.com/sites/default/files/documents/investor-reports/hcl_tech_q3_2019_investor_release.pdf,85.8,https://www.hcltech.com/sites/default/files/documents/investor-reports/hcl_tech_q3_2019_investor_release.pdf,,,22880.0,https://www.hcltech.com/sites/default/files/documents/investor-reports/full_financial_results_-_qtr._ended_december_31_2018.pdf,,,,,,,17.863835103060588
hcltech,2018Q1,2038.0,https://www.hcltech.com/sites/default/files/documents/investor-reports/hcl_tech_q4_2019_investor_release.pdf,131790.0,https://www.hcltech.com/sites/default/files/documents/investor-reports/hcl_tech_q4_2019_investor_release.pdf,8.2,https://www.hcltech.com/sites/default/files/documents/investor-reports/hcl_tech_q4_2019_investor_release.pdf,12.2,https://www.hcltech.com/sites/default/files/documents/investor-reports/hcl_tech_q4_2019_investor_release.pdf,1.2,https://www.hcltech.com/sites/default/files/documents/investor-reports/hcl_tech_q4_2019_investor_release.pdf,120081.0,https://www.hcltech.com/sites/default/files/documents/investor-reports/hcl_tech_q4_2019_investor_release.pdf,15.5,https://www.hcltech.com/sites/default/files/documents/investor-reports/hcl_tech_q4_2019_investor_release.pdf,85.9,https://www.hcltech.com/sites/default/files/documents/investor-reports/hcl_tech_q4_2019_investor_release.pdf,85.9,https://www.hcltech.com/sites/default/files/documents/investor-reports/hcl_tech_q4_2019_investor_release.pdf,,,21460.0,https://www.hcltech.com/sites/default/files/documents/investor-reports/full_financial_results_-_qtr._ended_june_30_2018.pdf,,,,,,,16.283481296001213
hcltech,2018Q2,2054.5,https://www.hcltech.com/sites/default/files/documents/investor-reports/hcl_tech_q1_2020_investor_release.pdf,138780.0,https://www.hcltech.com/sites/default/files/documents/investor-reports/hcl_tech_q1_2020_investor_release.pdf,8.5,https://www.hcltech.com/sites/default/files/documents/investor-reports/hcl_tech_q1_2020_investor_release.pdf,9.0,https://www.hcltech.com/sites/default/files/documents/investor-reports/hcl_tech_q1_2020_investor_release.pdf,2.7,https://www.hcltech.com/sites/default/files/documents/investor-reports/hcl_tech_q1_2020_investor_release.pdf,124121.0,https://www.hcltech.com/sites/default/files/documents/investor-reports/hcl_tech_q1_2020_investor_release.pdf,16.3,https://www.hcltech.com/sites/default/files/documents/investor-reports/hcl_tech_q1_2020_investor_release.pdf,85.5,https://www.hcltech.com/sites/default/files/documents/investor-reports/hcl_tech_q2_2019_investor_release.pdf,85.5,https://www.hcltech.com/sites/default/files/documents/investor-reports/hcl_tech_q2_2019_investor_release.pdf,,,22000.0,https://www.hcltech.com/sites/default/files/documents/investor-reports/full_financial_results_qtr_ended_june_30_2019.pdf,,,,,,,15.852428303790171
hcltech,2018Q3,2098.6,https://www.hcltech.com/sites/default/files/documents/investor-reports/hcl_tech_q2_2020_investor_release.pdf,148610.0,https://www.hcltech.com/sites/default/files/documents/investor-reports/hcl_tech_q2_2020_investor_release.pdf,10.5,https://www.hcltech.com/sites/default/files/documents/investor-reports/hcl_tech_q2_2020_investor_release.pdf,8.9,https://www.hcltech.com/sites/default/files/documents/investor-reports/hcl_tech_q2_2020_investor_release.pdf,3.0,https://www.hcltech.com/sites/default/files/documents/investor-reports/hcl_tech_q2_2020_investor_release.pdf,127875.0,https://www.hcltech.com/sites/default/files/documents/investor-reports/hcl_tech_q2_2020_investor_release.pdf,17.1,https://www.hcltech.com/sites/default/files/documents/investor-reports/hcl_tech_q2_2020_investor_release.pdf,86.7,https://www.hcltech.com/sites/default/files/documents/investor-reports/hcl_tech_q3_2019_investor_release.pdf,86.7,https://www.hcltech.com/sites/default/files/documents/investor-reports/hcl_tech_q3_2019_investor_release.pdf,,,23870.0,https://www.hcltech.com/sites/default/files/documents/investor-reports/full_financial_results_qtr._ended_september_30_2019.pdf,,,,,,,16.06217616580311
hcltech,2018Q4,2201.5,https://www.hcltech.com/sites/default/files/documents/investor-reports/hcl_tech_q3_2020_investor_release.pdf,156990.0,https://www.hcltech.com/sites/default/files/documents/investor-reports/hcl_tech_q3_2020_investor_release.pdf,13.0,https://www.hcltech.com/sites/default/files/documents/investor-reports/hcl_tech_q3_2020_investor_release.pdf,10.8,https://www.hcltech.com/sites/default/files/documents/investor-reports/hcl_tech_q3_2020_investor_release.pdf,5.6,https://www.hcltech.com/sites/default/files/documents/investor-reports/hcl_tech_q3_2020_investor_release.pdf,132328.0,https://www.hcltech.com/sites/default/files/documents/investor-reports/hcl_tech_q3_2020_investor_release.pdf,17.8,https://www.hcltech.com/sites/default/files/documents/investor-reports/hcl_tech_q3_2020_investor_release.pdf,86.6,https://www.hcltech.com/sites/default/files/documents/investor-reports/hcl_tech_q4_2019_investor_release.pdf,86.6,https://www.hcltech.com/sites/default/files/documents/investor-reports/hcl_tech_q4_2019_investor_release.pdf,,,25520.0,https://www.hcltech.com/sites/default/files/documents/investor-reports/full_financial_results_qtr._ended_december_31_2019_1.pdf,,,,,,,16.255812472131982
hcltech,2019Q1,2277.8,https://www.hcltech.com/sites/default/files/documents/investor-reports/hcl_tech_q4_2020_investor_release_0.pdf,159900.0,https://www.hcltech.com/sites/default/files/documents/investor-reports/hcl_tech_q4_2020_investor_release_0.pdf,15.3,https://www.hcltech.com/sites/default/files/documents/investor-reports/hcl_tech_q4_2020_investor_release_0.pdf,11.8,https://www.hcltech.com/sites/default/files/documents/investor-reports/hcl_tech_q4_2020_investor_release_0.pdf,3.3,https://www.hcltech.com/sites/default/files/documents/investor-reports/hcl_tech_q4_2020_investor_release_0.pdf,137965.0,https://www.hcltech.com/sites/default/files/documents/investor-reports/hcl_tech_q4_2020_investor_release_0.pdf,17.7,https://www.hcltech.com/sites/default/files/documents/investor-reports/hcl_tech_q4_2020_investor_release_0.pdf,85.4,https://www.hcltech.com/sites/default/files/documents/investor-reports/hcl_tech_q4_2019_investor_release.pdf,85.4,https://www.hcltech.com/sites/default/files/documents/investor-reports/hcl_tech_q4_2019_investor_release.pdf,,,26220.0,https://www.hcltech.com/sites/default/files/documents/investor-reports/financialresults.pdf,,,,,,,16.397748592870546
hcltech,2019Q2,2363.6,https://www.hcltech.com/sites/default/files/documents/investor-reports/hcl_tech_q1_2021_investor_release.pdf,164250.0,https://www.hcltech.com/sites/default/files/documents/investor-reports/hcl_tech_q1_2021_investor_release.pdf,17.0,https://www.hcltech.com/sites/default/files/documents/investor-reports/hcl_tech_q1_2021_investor_release.pdf,15.0,https://www.hcltech.com/sites/default/files/documents/investor-reports/hcl_tech_q1_2021_investor_release.pdf,4.2,https://www.hcltech.com/sites/default/files/documents/investor-reports/hcl_tech_q1_2021_investor_release.pdf,143900.0,https://www.hcltech.com/sites/default/files/documents/investor-reports/hcl_tech_q1_2021_investor_release.pdf,17.3,https://www.hcltech.com/sites/default/files/documents/investor-reports/hcl_tech_q1_2021_investor_release.pdf,,,,,,,27060.0,https://www.hcltech.com/sites/default/files/documents/investor-reports/financialresults-q12020_0.pdf,,,,,,,16.474885844748858
hcltech,2019Q3,2485.6,https://www.hcltech.com/sites/default/files/documents/investor-reports/hcl_tech_q2_2021_investor_release.pdf,175280.0,https://www.hcltech.com/sites/default/files/documents/investor-reports/hcl_tech_q2_2021_investor_release.pdf,20.5,https://www.hcltech.com/sites/default/files/documents/investor-reports/hcl_tech_q2_2021_investor_release.pdf,18.4,https://www.hcltech.com/sites/default/files/documents/investor-reports/hcl_tech_q2_2021_investor_release.pdf,6.0,https://www.hcltech.com/sites/default/files/documents/investor-reports/hcl_tech_q2_2021_investor_release.pdf,147123.0,https://www.hcltech.com/sites/default/files/documents/investor-reports/hcl_tech_q2_2021_investor_release.pdf,16.9,https://www.hcltech.com/sites/default/files/documents/investor-reports/hcl_tech_q2_2021_investor_release.pdf,,,,,,,28220.0,https://www.hcltech.com/sites/default/files/documents/investor-reports/full_financial_results_0.pdf,,,,,,,16.099954358740302
hcltech,2019Q4,2543.4,https://www.hcltech.com/sites/default/files/documents/investor-reports/hcl_tech_q3_2021_investor_release.pdf,181350.0,https://www.hcltech.com/sites/default/files/documents/investor-reports/hcl_tech_q3_2021_investor_release.pdf,16.4,https://www.hcltech.com/sites/default/files/documents/investor-reports/hcl_tech_q3_2021_investor_release.pdf,15.5,https://www.hcltech.com/sites/default/files/documents/investor-reports/hcl_tech_q3_2021_investor_release.pdf,2.1,https://www.hcltech.com/sites/default/files/documents/investor-reports/hcl_tech_q3_2021_investor_release.pdf,149173.0,https://www.hcltech.com/sites/default/files/documents/investor-reports/hcl_tech_q3_2021_investor_release.pdf,16.8,https://www.hcltech.com/sites/default/files/documents/investor-reports/hcl_tech_q3_2021_investor_release.pdf,,,,,,,26750.0,https://www.hcltech.com/sites/default/files/documents/investor-reports/FinancialResults_0.pdf,,,,,,,14.750482492417976
hcltech,2020Q1,2543.4,https://www.hcltech.com/sites/default/files/documents/investor-reports/irdraft_q4_jfm21_23_april_v9.pdf,185900.0,https://www.hcltech.com/sites/default/files/documents/investor-reports/irdraft_q4_jfm21_23_april_v9.pdf,13.5,https://www.hcltech.com/sites/default/files/documents/investor-reports/irdraft_q4_jfm21_23_april_v9.pdf,11.7,https://www.hcltech.com/sites/default/files/documents/investor-reports/irdraft_q4_jfm21_23_april_v9.pdf,0.8,https://www.hcltech.com/sites/default/files/documents/investor-reports/irdraft_q4_jfm21_23_april_v9.pdf,150423.0,https://www.hcltech.com/sites/default/files/documents/investor-reports/irdraft_q4_jfm21_23_april_v9.pdf,16.3,https://www.hcltech.com/sites/default/files/documents/investor-reports/irdraft_q4_jfm21_23_april_v9.pdf,,,,,,,24970.0,https://www.hcltech.com/sites/default/files/documents/investor-reports/financialresultsmarch2021.pdf,,,,,,,13.431952662721894
hcltech,2020Q2,2355.5,https://www.hcltech.com/sites/default/files/documents/investor-reports/hcl_tech_q1_fy22_investor_release.pdf,178410.0,https://www.hcltech.com/sites/default/files/documents/investor-reports/hcl_tech_q1_fy22_investor_release.pdf,1.0,https://www.hcltech.com/sites/default/files/documents/investor-reports/hcl_tech_q1_fy22_investor_release.pdf,-0.3,https://www.hcltech.com/sites/default/files/documents/investor-reports/hcl_tech_q1_fy22_investor_release.pdf,-7.2,https://www.hcltech.com/sites/default/files/documents/investor-reports/hcl_tech_q1_fy22_investor_release.pdf,150287.0,https://www.hcltech.com/sites/default/files/documents/investor-reports/hcl_tech_q1_fy22_investor_release.pdf,14.6,https://www.hcltech.com/sites/default/files/documents/investor-reports/hcl_tech_q1_fy22_investor_release.pdf,,,,,,,24240.0,https://www.hcltech.com/sites/default/files/documents/investor-reports/financial_resultsq12021.pdf,,,,,,,13.586682360854212
hcltech,2020Q3,2506.6,https://www.hcltech.com/sites/default/files/documents/investor-reports/hcl_tech_q2_fy22_investor_release_0.pdf,185940.0,https://www.hcltech.com/sites/default/files/documents/investor-reports/hcl_tech_q2_fy22_investor_release_0.pdf,-0.4,https://www.hcltech.com/sites/default/files/documents/investor-reports/hcl_tech_q2_fy22_investor_release_0.pdf,0.8,https://www.hcltech.com/sites/default/files/documents/investor-reports/hcl_tech_q2_fy22_investor_release_0.pdf,4.5,https://www.hcltech.com/sites/default/files/documents/investor-reports/hcl_tech_q2_fy22_investor_release_0.pdf,153085.0,https://www.hcltech.com/sites/default/files/documents/investor-reports/hcl_tech_q2_fy22_investor_release_0.pdf,12.2,https://www.hcltech.com/sites/default/files/documents/investor-reports/hcl_tech_q2_fy22_investor_release_0.pdf,,,,,,,24740.0,https://www.hcltech.com/sites/default/files/documents/investor-reports/FinancialResults_0.pdf,,,,,,,13.305367322792298
hcltech,2020Q4,2616.6,https://www.hcltech.com/sites/default/files/documents/investor-reports/HCL_Tech_Q3_FY22_Investor_Release.pdf,193020.0,https://www.hcltech.com/sites/default/files/documents/investor-reports/HCL_Tech_Q3_FY22_Investor_Release.pdf,1.1,https://www.hcltech.com/sites/default/files/documents/investor-reports/HCL_Tech_Q3_FY22_Investor_Release.pdf,2.9,https://www.hcltech.com/sites/default/files/documents/investor-reports/HCL_Tech_Q3_FY22_Investor_Release.pdf,3.5,https://www.hcltech.com/sites/default/files/documents/investor-reports/HCL_Tech_Q3_FY22_Investor_Release.pdf,159682.0,https://www.hcltech.com/sites/default/files/documents/investor-reports/HCL_Tech_Q3_FY22_Investor_Release.pdf,10.2,https://www.hcltech.com/sites/default/files/documents/investor-reports/HCL_Tech_Q3_FY22_Investor_Release.pdf,,,,,,,26160.0,https://www.hcltech.com/sites/default/files/documents/investor-reports/fullfinanicalResultsec2021.pdf,,,,,,,13.552999689151383
hcltech,2021Q1,2695.9,https://www.hcltech.com/sites/default/files/documents/investor-reports/HCL_Tech_Q4_FY22_Investor_Release.pdf,196410.0,https://www.hcltech.com/sites/default/files/documents/investor-reports/HCL_Tech_Q4_FY22_Investor_Release.pdf,2.6,https://www.hcltech.com/sites/default/files/documents/investor-reports/HCL_Tech_Q4_FY22_Investor_Release.pdf,6.0,https://www.hcltech.com/sites/default/files/documents/investor-reports/HCL_Tech_Q4_FY22_Investor_Release.pdf,2.5,https://www.hcltech.com/sites/default/files/documents/investor-reports/HCL_Tech_Q4_FY22_Investor_Release.pdf,168977.0,https://www.hcltech.com/sites/default/files/documents/investor-reports/HCL_Tech_Q4_FY22_Investor_Release.pdf,9.9,https://www.hcltech.com/sites/default/files/documents/investor-reports/HCL_Tech_Q4_FY22_Investor_Release.pdf,,,,,,,26440.0,https://www.hcltech.com/sites/default/files/documents/investor-reports/Financial%20Results.pdf,3100.0,https://www.hcltech.com/sites/default/files/documents/investor-reports/irdraft_q4_jfm21_23_april_v9.pdf,,,,,13.461636372893437
hcltech,2021Q2,2719.6,https://www.hcltech.com/sites/default/files/documents/investor-reports/HCL_Tech_Q1_FY23_Investor_Release.pdf,200680.0,https://www.hcltech.com/sites/default/files/documents/investor-reports/HCL_Tech_Q1_FY23_Investor_Release.pdf,11.7,https://www.hcltech.com/sites/default/files/documents/investor-reports/HCL_Tech_Q1_FY23_Investor_Release.pdf,15.5,https://www.hcltech.com/sites/default/files/documents/investor-reports/HCL_Tech_Q1_FY23_Investor_Release.pdf,0.7,https://www.hcltech.com/sites/default/files/documents/investor-reports/HCL_Tech_Q1_FY23_Investor_Release.pdf,176499.0,https://www.hcltech.com/sites/default/files/documents/investor-reports/HCL_Tech_Q1_FY23_Investor_Release.pdf,11.8,https://www.hcltech.com/sites/default/files/documents/investor-reports/HCL_Tech_Q1_FY23_Investor_Release.pdf,,,,,,,28860.0,https://www.hcltech.com/sites/default/files/documents/investor-reports/financial_resultsq12021.pdf,1664.0,https://www.hcltech.com/sites/default/files/documents/investor-reports/hcl_tech_q1_fy22_investor_release.pdf,,,,,14.381104245565078
hcltech,2021Q3,2790.7,https://www.hcltech.com/sites/default/files/documents/investor-reports/HCLTech_Q2_FY23_Investor_Release.pdf,206550.0,https://www.hcltech.com/sites/default/files/documents/investor-reports/HCLTech_Q2_FY23_Investor_Release.pdf,10.5,https://www.hcltech.com/sites/default/files/documents/investor-reports/HCLTech_Q2_FY23_Investor_Release.pdf,11.3,https://www.hcltech.com/sites/default/files/documents/investor-reports/HCL_Tech_Q1_FY23_Investor_Release.pdf,3.5,https://www.hcltech.com/sites/default/files/documents/investor-reports/HCLTech_Q2_FY23_Investor_Release.pdf,187634.0,https://www.hcltech.com/sites/default/files/documents/investor-reports/HCLTech_Q2_FY23_Investor_Release.pdf,15.7,https://www.hcltech.com/sites/default/files/documents/investor-reports/HCLTech_Q2_FY23_Investor_Release.pdf,,,,,,,30810.0,https://www.hcltech.com/sites/default/files/documents/investor-reports/fullfinanicalResultsec2021.pdf,2245.0,https://www.hcltech.com/sites/default/files/documents/investor-reports/hcl_tech_q2_fy22_investor_release_0.pdf,,,,,14.916485112563544
hcltech,2021Q4,2977.5,https://www.hcltech.com/sites/default/files/documents/investor-reports/HCLTech_Q3_FY23_Investor_Release.pdf,223310.0,https://www.hcltech.com/sites/default/files/documents/investor-reports/HCLTech_Q3_FY23_Investor_Release.pdf,15.0,https://www.hcltech.com/sites/default/files/documents/investor-reports/HCLTech_Q3_FY23_Investor_Release.pdf,13.8,https://www.hcltech.com/sites/default/files/documents/investor-reports/HCL_Tech_Q1_FY23_Investor_Release.pdf,7.6,https://www.hcltech.com/sites/default/files/documents/investor-reports/HCLTech_Q3_FY23_Investor_Release.pdf,197777.0,https://www.hcltech.com/sites/default/files/documents/investor-reports/HCLTech_Q3_FY23_Investor_Release.pdf,19.8,https://www.hcltech.com/sites/default/files/documents/investor-reports/HCLTech_Q3_FY23_Investor_Release.pdf,,,,,,,33380.0,https://www.hcltech.com/sites/default/files/documents/investor-reports/Financial%20Results.pdf,2135.0,https://www.hcltech.com/sites/default/files/documents/investor-reports/HCL_Tech_Q3_FY22_Investor_Release.pdf,,,,,14.947830370337199
hcltech,2022Q1,2993.1,https://www.hcltech.com/sites/default/files/documents/investor-reports/HCLTech_Q4_FY23_Investor_Release.pdf,225970.0,https://www.hcltech.com/sites/default/files/documents/investor-reports/HCLTech_Q4_FY23_Investor_Release.pdf,13.3,https://www.hcltech.com/sites/default/files/documents/investor-reports/HCLTech_Q4_FY23_Investor_Release.pdf,11.0,https://www.hcltech.com/sites/default/files/documents/investor-reports/HCL_Tech_Q1_FY23_Investor_Release.pdf,1.1,https://www.hcltech.com/sites/default/files/documents/investor-reports/HCLTech_Q3_FY23_Investor_Release.pdf,208877.0,https://www.hcltech.com/sites/default/files/documents/investor-reports/HCLTech_Q4_FY23_Investor_Release.pdf,21.9,https://www.hcltech.com/sites/default/files/documents/investor-reports/HCLTech_Q4_FY23_Investor_Release.pdf,,,,,,,32100.0,https://www.hcltech.com/sites/default/files/documents/investor-reports/HCLTech_Q4_FY23_Investor_Release.pdf,2260.0,https://www.hcltech.com/sites/default/files/documents/investor-reports/HCL_Tech_Q4_FY22_Investor_Release.pdf,,,,,14.20542549896004
hcltech,2022Q2,3024.9,https://www.hcltech.com/sites/default/files/documents/investor-reports/HCL_Tech_Q1_FY24_Investor_Release.pdf,234640.0,https://www.hcltech.com/sites/default/files/documents/investor-reports/HCL_Tech_Q1_FY24_Investor_Release.pdf,15.6,https://www.hcltech.com/sites/default/files/documents/investor-reports/HCL_Tech_Q1_FY24_Investor_Release.pdf,11.2,https://www.hcltech.com/sites/default/files/documents/investor-reports/HCL_Tech_Q1_FY23_Investor_Release.pdf,2.7,https://www.hcltech.com/sites/default/files/documents/investor-reports/HCL_Tech_Q1_FY24_Investor_Release.pdf,210966.0,https://www.hcltech.com/sites/default/files/documents/investor-reports/HCL_Tech_Q1_FY24_Investor_Release.pdf,23.8,https://www.hcltech.com/sites/default/files/documents/investor-reports/HCL_Tech_Q1_FY24_Investor_Release.pdf,,,,,,,35930.0,https://www.hcltech.com/sites/default/files/documents/investor-reports/Financial-Results_0.pdf,2054.0,https://www.hcltech.com/sites/default/files/documents/investor-reports/HCL_Tech_Q1_FY23_Investor_Release.pdf,,,,,15.312819638595295
hcltech,2022Q3,3082.1,https://www.hcltech.com/sites/default/files/documents/investor-reports/HCLTech_Q2_FY24_Investor_Release.pdf,246860.0,https://www.hcltech.com/sites/default/files/documents/investor-reports/HCLTech_Q2_FY24_Investor_Release.pdf,15.8,https://www.hcltech.com/sites/default/files/documents/investor-reports/HCLTech_Q2_FY24_Investor_Release.pdf,,,3.8,https://www.hcltech.com/sites/default/files/documents/investor-reports/HCLTech_Q2_FY24_Investor_Release.pdf,219325.0,https://www.hcltech.com/sites/default/files/documents/investor-reports/HCLTech_Q2_FY24_Investor_Release.pdf,23.8,https://www.hcltech.com/sites/default/files/documents/investor-reports/HCLTech_Q2_FY24_Investor_Release.pdf,,,,,,,37060.0,https://www.hcltech.com/sites/default/files/documents/investor-reports/FinancialResults_2.pdf,2384.0,https://www.hcltech.com/sites/default/files/documents/investor-reports/HCLTech_Q2_FY23_Investor_Release.pdf,,,,,15.012557725026332
hcltech,2022Q4,3244.0,https://www.hcltech.com/sites/default/files/documents/investor-reports/HCLTech_Q3_FY24_Investor_Release_0.pdf,267000.0,https://www.hcltech.com/sites/default/files/documents/investor-reports/HCLTech_Q3_FY24_Investor_Release_0.pdf,13.1,https://www.hcltech.com/sites/default/files/documents/investor-reports/HCLTech_Q3_FY24_Investor_Release_0.pdf,,,5.0,https://www.hcltech.com/sites/default/files/documents/investor-reports/HCLTech_Q3_FY24_Investor_Release_0.pdf,222270.0,https://www.hcltech.com/sites/default/files/documents/investor-reports/HCLTech_Q3_FY24_Investor_Release_0.pdf,21.7,https://www.hcltech.com/sites/default/files/documents/investor-reports/HCLTech_Q3_FY24_Investor_Release_0.pdf,,,,,,,38650.0,https://www.hcltech.com/sites/default/files/documents/investor-reports/HCLTech_Q4_FY23_Investor_Release.pdf,2347.0,https://www.hcltech.com/sites/default/files/documents/investor-reports/HCLTech_Q3_FY23_Investor_Release.pdf,,,,,14.47565543071161
hcltech,2023Q1,3234.6,https://www.hcltech.com/sites/default/files/documents/investor-reports/HCLTech_Q4_FY24_Investor_Release.pdf,266060.0,https://www.hcltech.com/sites/default/files/documents/investor-reports/HCLTech_Q4_FY24_Investor_Release.pdf,10.5,https://www.hcltech.com/sites/default/files/documents/investor-reports/HCLTech_Q4_FY24_Investor_Release.pdf,,,-1.2,https://www.hcltech.com/sites/default/files/documents/investor-reports/HCLTech_Q4_FY24_Investor_Release.pdf,225944.0,https://www.hcltech.com/sites/default/files/documents/investor-reports/HCLTech_Q4_FY24_Investor_Release.pdf,19.5,https://www.hcltech.com/sites/default/files/documents/investor-reports/HCLTech_Q4_FY24_Investor_Release.pdf,,,,,,,37860.0,https://www.hcltech.com/sites/default/files/documents/investor-reports/HCLTech_Q4_FY24_Investor_Release.pdf,2074.0,https://www.hcltech.com/sites/default/files/documents/investor-reports/HCLTech_Q4_FY23_Investor_Release.pdf,,,,,14.229872960986244
hcltech,2023Q2,3200.0,https://www.hcltech.com/sites/default/files/documents/investor-reports/HCLTech_Q1_FY25_Investor_Release.pdf,262960.0,https://www.hcltech.com/sites/default/files/documents/investor-reports/HCLTech_Q1_FY25_Investor_Release.pdf,6.3,https://www.hcltech.com/sites/default/files/documents/investor-reports/HCLTech_Q1_FY25_Investor_Release.pdf,,,-1.3,https://www.hcltech.com/sites/default/files/documents/investor-reports/HCLTech_Q1_FY25_Investor_Release.pdf,223438.0,https://www.hcltech.com/sites/default/files/documents/investor-reports/HCLTech_Q1_FY25_Investor_Release.pdf,16.3,https://www.hcltech.com/sites/default/files/documents/investor-reports/HCLTech_Q1_FY25_Investor_Release.pdf,,,,,,,36280.0,https://www.hcltech.com/sites/default/files/documents/investor-reports/HCLTech_Q1_FY25_Investor_Release.pdf,1565.0,https://www.hcltech.com/sites/default/files/documents/investor-reports/HCL_Tech_Q1_FY24_Investor_Release.pdf,,,,,13.796775174931549
hcltech,2023Q3,3224.7,https://www.hcltech.com/sites/default/files/documents/investor-reports/hcl-tech-q2-fy25-investor-release.pdf,266720.0,https://www.hcltech.com/sites/default/files/documents/investor-reports/hcl-tech-q2-fy25-investor-release.pdf,3.4,https://www.hcltech.com/sites/default/files/documents/investor-reports/hcl-tech-q2-fy25-investor-release.pdf,,,1.0,https://www.hcltech.com/sites/default/files/documents/investor-reports/hcl-tech-q2-fy25-investor-release.pdf,221139.0,https://www.hcltech.com/sites/default/files/documents/investor-reports/hcl-tech-q2-fy25-investor-release.pdf,14.2,https://www.hcltech.com/sites/default/files/documents/investor-reports/hcl-tech-q2-fy25-investor-release.pdf,,,,,,,35080.0,https://www.hcltech.com/sites/default/files/documents/investor-reports/hcl-tech-q2-fy25-investor-release.pdf,3969.0,https://www.hcltech.com/sites/default/files/documents/investor-reports/HCLTech_Q2_FY24_Investor_Release.pdf,,,,,13.15236952609478
hcltech,2023Q4,3415.0,https://www.hcltech.com/sites/default/files/documents/investor-reports/HCL_Tech_Q3_FY25_Investor_Release_0.pdf,284460.0,https://www.hcltech.com/sites/default/files/documents/investor-reports/HCL_Tech_Q3_FY25_Investor_Release_0.pdf,4.3,https://www.hcltech.com/sites/default/files/documents/investor-reports/HCL_Tech_Q3_FY25_Investor_Release_0.pdf,,,6.0,https://www.hcltech.com/sites/default/files/documents/investor-reports/HCL_Tech_Q3_FY25_Investor_Release_0.pdf,224756.0,https://www.hcltech.com/sites/default/files/documents/investor-reports/HCL_Tech_Q3_FY25_Investor_Release_0.pdf,12.8,https://www.hcltech.com/sites/default/files/documents/investor-reports/HCL_Tech_Q3_FY25_Investor_Release_0.pdf,,,,,,,37320.0,https://www.hcltech.com/sites/default/files/documents/investor-reports/HCL_Tech_Q3_FY25_Investor_Release_0.pdf,1927.0,https://www.hcltech.com/sites/default/files/documents/investor-reports/HCLTech_Q3_FY24_Investor_Release_0.pdf,,,,,13.119595022147227
hcltech,2024Q1,3429.9,https://www.hcltech.com/sites/default/files/documents/investor-reports/HCLTech_Q4_FY25_Investor_Release.pdf,284990.0,https://www.hcltech.com/sites/default/files/documents/investor-reports/HCLTech_Q4_FY25_Investor_Release.pdf,6.0,https://www.hcltech.com/sites/default/files/documents/investor-reports/HCLTech_Q4_FY25_Investor_Release.pdf,,,0.3,https://www.hcltech.com/sites/default/files/documents/investor-reports/HCLTech_Q4_FY25_Investor_Release.pdf,227481.0,https://www.hcltech.com/sites/default/files/documents/investor-reports/HCLTech_Q4_FY25_Investor_Release.pdf,12.4,https://www.hcltech.com/sites/default/files/documents/investor-reports/HCLTech_Q4_FY25_Investor_Release.pdf,,,,,,,37100.0,https://www.hcltech.com/sites/default/files/documents/investor-reports/HCLTech_Q4_FY25_Investor_Release.pdf,2290.0,https://www.hcltech.com/sites/default/files/documents/investor-reports/HCLTech_Q4_FY24_Investor_Release.pdf,,,,,13.018000631601108
hcltech,2024Q2,3364.0,https://www.hcltech.com/sites/default/files/documents/investor-reports/hcltech-q1-fy26-investor-release.pdf,280570.0,https://www.hcltech.com/sites/default/files/documents/investor-reports/hcltech-q1-fy26-investor-release.pdf,5.6,https://www.hcltech.com/sites/default/files/documents/investor-reports/hcltech-q1-fy26-investor-release.pdf,,,-1.6,https://www.hcltech.com/sites/default/files/documents/investor-reports/hcltech-q1-fy26-investor-release.pdf,219401.0,https://www.hcltech.com/sites/default/files/documents/investor-reports/hcltech-q1-fy26-investor-release.pdf,12.8,https://www.hcltech.com/sites/default/files/documents/investor-reports/hcltech-q1-fy26-investor-release.pdf,,,,,,,35410.0,https://www.hcltech.com/sites/default/files/documents/investor-reports/hcltech-q1-fy26-investor-release.pdf,1960.0,https://www.hcltech.com/sites/default/files/documents/investor-reports/HCLTech_Q1_FY25_Investor_Release.pdf,,,,,12.620736358128097
hcltech,2024Q3,3445.0,https://www.hcltech.com/sites/default/files/documents/investor-reports/HCLTech_Q2-FY26-Investor.pdf,288620.0,https://www.hcltech.com/sites/default/files/documents/investor-reports/HCLTech_Q2-FY26-Investor.pdf,6.2,https://www.hcltech.com/sites/default/files/documents/investor-reports/HCLTech_Q2-FY26-Investor.pdf,,,1.6,https://www.hcltech.com/sites/default/files/documents/investor-reports/HCLTech_Q2-FY26-Investor.pdf,218621.0,https://www.hcltech.com/sites/default/files/documents/investor-reports/HCLTech_Q2-FY26-Investor.pdf,12.9,https://www.hcltech.com/sites/default/files/documents/investor-reports/HCLTech_Q2-FY26-Investor.pdf,,,,,,,37480.0,https://www.hcltech.com/sites/default/files/documents/investor-reports/HCLTech_Q2-FY26-Investor.pdf,2218.0,https://www.hcltech.com/sites/default/files/documents/investor-reports/hcl-tech-q2-fy25-investor-release.pdf,,,,,12.985933060771949
hcltech,2024Q4,3533.0,https://www.hcltech.com/sites/default/files/documents/investor-reports/HCLTech_Q3_FY26_Investor_Release.pdf,298900.0,https://www.hcltech.com/sites/default/files/documents/investor-reports/HCLTech_Q3_FY26_Investor_Release.pdf,4.1,https://www.hcltech.com/sites/default/files/documents/investor-reports/HCLTech_Q3_FY26_Investor_Release.pdf,,,3.8,https://www.hcltech.com/sites/default/files/documents/investor-reports/HCLTech_Q3_FY26_Investor_Release.pdf,220755.0,https://www.hcltech.com/sites/default/files/documents/investor-reports/HCLTech_Q3_FY26_Investor_Release.pdf,13.2,https://www.hcltech.com/sites/default/files/documents/investor-reports/HCLTech_Q3_FY26_Investor_Release.pdf,,,,,,,38740.0,https://www.hcltech.com/sites/default/files/documents/investor-reports/HCLTech_Q3_FY26_Investor_Release.pdf,2095.0,https://www.hcltech.com/sites/default/files/documents/investor-reports/HCL_Tech_Q3_FY25_Investor_Release_0.pdf,,,,,12.960856473737035
hcltech,2025Q1,3498.0,https://www.hcltech.com/sites/default/files/documents/investor-reports/hcltech-q4-fy26-investor-release.pdf,302460.0,https://www.hcltech.com/sites/default/files/documents/investor-reports/hcltech-q4-fy26-investor-release.pdf,2.9,https://www.hcltech.com/sites/default/files/documents/investor-reports/hcltech-q4-fy26-investor-release.pdf,,,-0.8,https://www.hcltech.com/sites/default/files/documents/investor-reports/hcltech-q4-fy26-investor-release.pdf,223420.0,https://www.hcltech.com/sites/default/files/documents/investor-reports/hcltech-q4-fy26-investor-release.pdf,13.0,https://www.hcltech.com/sites/default/files/documents/investor-reports/hcltech-q4-fy26-investor-release.pdf,,,,,,,39990.0,https://www.hcltech.com/sites/default/files/documents/investor-reports/hcltech-q4-fy26-investor-release.pdf,2995.0,https://www.hcltech.com/sites/default/files/documents/investor-reports/HCLTech_Q4_FY25_Investor_Release.pdf,,,,,13.221583019242214
hcltech,2025Q2,3545.0,https://www.hcltech.com/sites/default/files/documents/investor-reports/HCLTech_Q1_FY27_Investor_Release.pdf,303490.0,https://www.hcltech.com/sites/default/files/documents/investor-reports/HCLTech_Q1_FY27_Investor_Release.pdf,3.7,https://www.hcltech.com/sites/default/files/documents/investor-reports/HCLTech_Q1_FY27_Investor_Release.pdf,,,-0.8,https://www.hcltech.com/sites/default/files/documents/investor-reports/HCLTech_Q1_FY27_Investor_Release.pdf,223151.0,https://www.hcltech.com/sites/default/files/documents/investor-reports/HCLTech_Q1_FY27_Investor_Release.pdf,12.8,https://www.hcltech.com/sites/default/files/documents/investor-reports/HCLTech_Q1_FY27_Investor_Release.pdf,,,,,,,41380.0,https://www.hcltech.com/sites/default/files/documents/investor-reports/HCLTech_Q1_FY27_Investor_Release.pdf,1812.0,https://www.hcltech.com/sites/default/files/documents/investor-reports/hcltech-q1-fy26-investor-release.pdf,,,,,13.634716135622261
hcltech,2025Q3,3644.0,https://www.hcltech.com/sites/default/files/documents/investor-reports/HCLTech_Q1_FY27_Investor_Release.pdf,319420.0,https://www.hcltech.com/sites/default/files/documents/investor-reports/HCLTech_Q3_FY26_Investor_Release.pdf,4.6,https://www.hcltech.com/sites/default/files/documents/investor-reports/HCLTech_Q1_FY27_Investor_Release.pdf,,,2.4,https://www.hcltech.com/sites/default/files/documents/investor-reports/HCLTech_Q1_FY27_Investor_Release.pdf,226640.0,https://www.hcltech.com/sites/default/files/documents/investor-reports/HCLTech_Q1_FY27_Investor_Release.pdf,12.6,https://www.hcltech.com/sites/default/files/documents/investor-reports/HCLTech_Q1_FY27_Investor_Release.pdf,,,,,,,44750.0,https://www.hcltech.com/sites/default/files/documents/investor-reports/HCLTech_Q3_FY26_Investor_Release.pdf,2569.0,https://www.hcltech.com/sites/default/files/documents/investor-reports/HCLTech_Q2-FY26-Investor.pdf,,,,,14.009767703963433
hcltech,2025Q4,3793.0,https://www.hcltech.com/sites/default/files/documents/investor-reports/HCLTech_Q1_FY27_Investor_Release.pdf,338720.0,https://www.hcltech.com/sites/default/files/documents/investor-reports/hcltech-q4-fy26-investor-release.pdf,4.8,https://www.hcltech.com/sites/default/files/documents/investor-reports/HCLTech_Q1_FY27_Investor_Release.pdf,,,4.2,https://www.hcltech.com/sites/default/files/documents/investor-reports/HCLTech_Q1_FY27_Investor_Release.pdf,226379.0,https://www.hcltech.com/sites/default/files/documents/investor-reports/HCLTech_Q1_FY27_Investor_Release.pdf,12.4,https://www.hcltech.com/sites/default/files/documents/investor-reports/HCLTech_Q1_FY27_Investor_Release.pdf,,,,,,,47750.0,https://www.hcltech.com/sites/default/files/documents/investor-reports/hcltech-q4-fy26-investor-release.pdf,3006.0,https://www.hcltech.com/sites/default/files/documents/investor-reports/HCLTech_Q3_FY26_Investor_Release.pdf,,,,,14.097189418989135
hcltech,2026Q1,3682.0,https://www.hcltech.com/sites/default/files/documents/investor-reports/HCLTech_Q1_FY27_Investor_Release.pdf,339810.0,https://www.hcltech.com/sites/default/files/documents/investor-reports/HCLTech_Q1_FY27_Investor_Release.pdf,2.4,https://www.hcltech.com/sites/default/files/documents/investor-reports/HCLTech_Q1_FY27_Investor_Release.pdf,,,-3.3,https://www.hcltech.com/sites/default/files/documents/investor-reports/HCLTech_Q1_FY27_Investor_Release.pdf,227181.0,https://www.hcltech.com/sites/default/files/documents/investor-reports/HCLTech_Q1_FY27_Investor_Release.pdf,12.5,https://www.hcltech.com/sites/default/files/documents/investor-reports/HCLTech_Q1_FY27_Investor_Release.pdf,,,,,,,50340.0,https://www.hcltech.com/sites/default/files/documents/investor-reports/HCLTech_Q1_FY27_Investor_Release.pdf,1936.0,https://www.hcltech.com/sites/default/files/documents/investor-reports/hcltech-q4-fy26-investor-release.pdf,,,,,14.814160854595215
hcltech,2026Q2,3650.0,https://www.hcltech.com/sites/default/files/documents/investor-reports/HCLTech_Q1_FY27_Investor_Release.pdf,345790.0,https://www.hcltech.com/sites/default/files/documents/investor-reports/HCLTech_Q1_FY27_Investor_Release.pdf,2.6,https://www.hcltech.com/sites/default/files/documents/investor-reports/HCLTech_Q1_FY27_Investor_Release.pdf,,,-0.5,https://www.hcltech.com/sites/default/files/documents/investor-reports/HCLTech_Q1_FY27_Investor_Release.pdf,223889.0,https://www.hcltech.com/sites/default/files/documents/investor-reports/HCLTech_Q1_FY27_Investor_Release.pdf,12.7,https://www.hcltech.com/sites/default/files/documents/investor-reports/HCLTech_Q1_FY27_Investor_Release.pdf,,,,,,,51080.0,https://www.hcltech.com/sites/default/files/documents/investor-reports/HCLTech_Q1_FY27_Investor_Release.pdf,2407.0,https://www.hcltech.com/sites/default/files/documents/investor-reports/HCLTech_Q1_FY27_Investor_Release.pdf,,,,,14.771971427745163
infosys,2007Q1,863.0,https://www.sec.gov/Archives/edgar/data/1067491/000106749107000010/exv99w01.htm,,,,,45.5,https://www.sec.gov/Archives/edgar/data/1067491/000106749107000010/exv99w01.htm,,,72241.0,https://www.sec.gov/Archives/edgar/data/1067491/000106749108000012/exv99w05.htm,,,73.0,https://www.sec.gov/Archives/edgar/data/1067491/000106749108000012/exv99w05.htm,67.9,https://www.sec.gov/Archives/edgar/data/1067491/000106749108000012/exv99w05.htm,73.0,https://www.sec.gov/Archives/edgar/data/1067491/000106749108000012/exv99w05.htm,,,,,,,,,
infosys,2007Q2,928.0,https://www.sec.gov/Archives/edgar/data/1067491/000106749107000019/exv99w01.htm,,,37.9,https://www.sec.gov/Archives/edgar/data/1067491/000106749108000033/exv99w05.htm,40.6,https://www.sec.gov/Archives/edgar/data/1067491/000106749108000033/exv99w05.htm,6.5,https://www.sec.gov/Archives/edgar/data/1067491/000106749108000033/exv99w05.htm,75971.0,https://www.sec.gov/Archives/edgar/data/1067491/000106749108000024/exv99w05.htm,,,73.9,https://www.sec.gov/Archives/edgar/data/1067491/000106749108000024/exv99w05.htm,70.5,https://www.sec.gov/Archives/edgar/data/1067491/000106749108000024/exv99w05.htm,73.9,https://www.sec.gov/Archives/edgar/data/1067491/000106749108000024/exv99w05.htm,,,,,,,,,
infosys,2007Q3,1022.0,https://www.sec.gov/Archives/edgar/data/1067491/000106749107000030/exv99w01.htm,,,34.1,https://www.sec.gov/Archives/edgar/data/1067491/000106749109000010/exv99w05.htm,36.9,https://www.sec.gov/Archives/edgar/data/1067491/000106749109000010/exv99w05.htm,9.7,https://www.sec.gov/Archives/edgar/data/1067491/000106749109000010/exv99w05.htm,80501.0,https://www.sec.gov/Archives/edgar/data/1067491/000106749108000033/exv99w05.htm,,,77.8,https://www.sec.gov/Archives/edgar/data/1067491/000106749108000033/exv99w05.htm,70.3,https://www.sec.gov/Archives/edgar/data/1067491/000106749108000033/exv99w05.htm,77.8,https://www.sec.gov/Archives/edgar/data/1067491/000106749108000033/exv99w05.htm,,,,,,,,,
infosys,2007Q4,1084.0,https://www.sec.gov/Archives/edgar/data/1067491/000106749108000002/exv99w01.htm,,,29.4,https://www.sec.gov/Archives/edgar/data/1067491/000106749109000010/exv99w05.htm,32.1,https://www.sec.gov/Archives/edgar/data/1067491/000106749109000010/exv99w05.htm,5.4,https://www.sec.gov/Archives/edgar/data/1067491/000106749109000010/exv99w05.htm,88601.0,https://www.sec.gov/Archives/edgar/data/1067491/000106749109000004/exv99w05.htm,,,76.3,https://www.sec.gov/Archives/edgar/data/1067491/000106749109000004/exv99w05.htm,69.4,https://www.sec.gov/Archives/edgar/data/1067491/000106749109000004/exv99w05.htm,76.3,https://www.sec.gov/Archives/edgar/data/1067491/000106749109000004/exv99w05.htm,,,,,,,,,
infosys,2008Q1,1142.0,https://www.sec.gov/Archives/edgar/data/1067491/000106749108000010/exv99w01.htm,,,29.5,https://www.sec.gov/Archives/edgar/data/1067491/000106749109000010/exv99w05.htm,32.3,https://www.sec.gov/Archives/edgar/data/1067491/000106749109000010/exv99w05.htm,5.3,https://www.sec.gov/Archives/edgar/data/1067491/000106749109000010/exv99w05.htm,91187.0,https://www.sec.gov/Archives/edgar/data/1067491/000106749109000010/exv99w05.htm,,,75.4,https://www.sec.gov/Archives/edgar/data/1067491/000106749109000010/exv99w05.htm,69.8,https://www.sec.gov/Archives/edgar/data/1067491/000106749109000010/exv99w05.htm,75.4,https://www.sec.gov/Archives/edgar/data/1067491/000106749109000010/exv99w05.htm,,,,,,,,,
infosys,2008Q2,1155.0,https://www.sec.gov/Archives/edgar/data/1067491/000106749108000022/exv99w01.htm,,,22.2,https://www.sec.gov/Archives/edgar/data/1067491/000106749110000013/exv99w05.htm,24.4,https://www.sec.gov/Archives/edgar/data/1067491/000106749110000013/exv99w05.htm,0.8,https://www.sec.gov/Archives/edgar/data/1067491/000106749110000013/exv99w05.htm,94379.0,https://www.sec.gov/Archives/edgar/data/1067491/000106749109000026/exv99w05.htm,,,72.2,https://www.sec.gov/Archives/edgar/data/1067491/000106749109000026/exv99w05.htm,68.9,https://www.sec.gov/Archives/edgar/data/1067491/000106749109000026/exv99w05.htm,72.2,https://www.sec.gov/Archives/edgar/data/1067491/000106749109000026/exv99w05.htm,,,,,,,,,
infosys,2008Q3,1216.0,https://www.sec.gov/Archives/edgar/data/1067491/000106749108000030/exv99w01.htm,,,19.3,https://www.sec.gov/Archives/edgar/data/1067491/000106749110000013/exv99w05.htm,19.0,https://www.sec.gov/Archives/edgar/data/1067491/000106749110000013/exv99w05.htm,7.1,https://www.sec.gov/Archives/edgar/data/1067491/000106749110000013/exv99w05.htm,100306.0,https://www.sec.gov/Archives/edgar/data/1067491/000106749109000034/exv99w05.htm,,,73.7,https://www.sec.gov/Archives/edgar/data/1067491/000106749109000034/exv99w05.htm,69.4,https://www.sec.gov/Archives/edgar/data/1067491/000106749109000034/exv99w05.htm,73.7,https://www.sec.gov/Archives/edgar/data/1067491/000106749109000034/exv99w05.htm,,,,,,,,,
infosys,2008Q4,1171.0,https://www.sec.gov/Archives/edgar/data/1067491/000106749109000002/evx99w01.htm,,,14.6,https://www.sec.gov/Archives/edgar/data/1067491/000106749110000013/exv99w05.htm,8.0,https://www.sec.gov/Archives/edgar/data/1067491/000106749110000013/exv99w05.htm,1.0,https://www.sec.gov/Archives/edgar/data/1067491/000106749110000013/exv99w05.htm,103078.0,https://www.sec.gov/Archives/edgar/data/1067491/000106749110000005/exv99w05.htm,,,74.5,https://www.sec.gov/Archives/edgar/data/1067491/000106749110000005/exv99w05.htm,68.5,https://www.sec.gov/Archives/edgar/data/1067491/000106749110000005/exv99w05.htm,74.5,https://www.sec.gov/Archives/edgar/data/1067491/000106749110000005/exv99w05.htm,,,,,,,,,
infosys,2009Q1,1121.0,https://www.sec.gov/Archives/edgar/data/1067491/000106749109000008/exv99w01.htm,,,5.9,https://www.sec.gov/Archives/edgar/data/1067491/000106749110000013/exv99w05.htm,-1.8,https://www.sec.gov/Archives/edgar/data/1067491/000106749110000013/exv99w05.htm,-3.2,https://www.sec.gov/Archives/edgar/data/1067491/000106749110000013/exv99w05.htm,104850.0,https://www.sec.gov/Archives/edgar/data/1067491/000106749110000013/exv99w05.htm,,,74.5,https://www.sec.gov/Archives/edgar/data/1067491/000106749110000013/exv99w05.htm,67.6,https://www.sec.gov/Archives/edgar/data/1067491/000106749110000013/exv99w05.htm,74.5,https://www.sec.gov/Archives/edgar/data/1067491/000106749110000013/exv99w05.htm,,,,,,,,,
infosys,2009Q2,1122.0,https://www.sec.gov/Archives/edgar/data/1067491/000106749109000024/exv99w01.htm,,,2.6,https://www.sec.gov/Archives/edgar/data/1067491/000106749111000014/exv99w05.htm,-2.9,https://www.sec.gov/Archives/edgar/data/1067491/000106749111000014/exv99w05.htm,-1.9,https://www.sec.gov/Archives/edgar/data/1067491/000106749111000014/exv99w05.htm,103905.0,https://www.sec.gov/Archives/edgar/data/1067491/000106749110000028/exv99w05.htm,,,70.9,https://www.sec.gov/Archives/edgar/data/1067491/000106749110000028/exv99w05.htm,67.0,https://www.sec.gov/Archives/edgar/data/1067491/000106749110000028/exv99w05.htm,70.9,https://www.sec.gov/Archives/edgar/data/1067491/000106749110000028/exv99w05.htm,,,,,,,,,
infosys,2009Q3,1154.0,https://www.sec.gov/Archives/edgar/data/1067491/000106749109000032/exv99w01.htm,,,-3.2,https://www.sec.gov/Archives/edgar/data/1067491/000106749110000046/exv99w05.htm,-5.1,https://www.sec.gov/Archives/edgar/data/1067491/000106749111000014/exv99w05.htm,1.2,https://www.sec.gov/Archives/edgar/data/1067491/000106749111000014/exv99w05.htm,105453.0,https://www.sec.gov/Archives/edgar/data/1067491/000106749110000046/exv99w05.htm,,,73.2,https://www.sec.gov/Archives/edgar/data/1067491/000106749110000046/exv99w05.htm,67.3,https://www.sec.gov/Archives/edgar/data/1067491/000106749110000046/exv99w05.htm,73.2,https://www.sec.gov/Archives/edgar/data/1067491/000106749110000046/exv99w05.htm,,,,,,,,,
infosys,2009Q4,1232.0,https://www.sec.gov/Archives/edgar/data/1067491/000106749110000002/exv99w01.htm,,,1.9,https://www.sec.gov/Archives/edgar/data/1067491/000106749111000014/exv99w05.htm,5.2,https://www.sec.gov/Archives/edgar/data/1067491/000106749111000014/exv99w05.htm,5.8,https://www.sec.gov/Archives/edgar/data/1067491/000106749111000014/exv99w05.htm,109882.0,https://www.sec.gov/Archives/edgar/data/1067491/000106749111000006/exv99w05.htm,,,76.2,https://www.sec.gov/Archives/edgar/data/1067491/000106749111000006/exv99w05.htm,68.8,https://www.sec.gov/Archives/edgar/data/1067491/000106749111000006/exv99w05.htm,76.2,https://www.sec.gov/Archives/edgar/data/1067491/000106749111000006/exv99w05.htm,820.0,https://www.sec.gov/Archives/edgar/data/1067491/000106749111000006/exv99w11.htm,,,,,,,
infosys,2010Q1,1296.0,https://www.sec.gov/Archives/edgar/data/1067491/000106749110000009/exv99w01.htm,,,11.8,https://www.sec.gov/Archives/edgar/data/1067491/000106749111000014/exv99w05.htm,15.6,https://www.sec.gov/Archives/edgar/data/1067491/000106749111000014/exv99w05.htm,6.1,https://www.sec.gov/Archives/edgar/data/1067491/000106749111000014/exv99w05.htm,113796.0,https://www.sec.gov/Archives/edgar/data/1067491/000106749111000014/exv99w05.htm,,,77.1,https://www.sec.gov/Archives/edgar/data/1067491/000106749111000014/exv99w05.htm,69.3,https://www.sec.gov/Archives/edgar/data/1067491/000106749111000014/exv99w05.htm,77.1,https://www.sec.gov/Archives/edgar/data/1067491/000106749111000014/exv99w05.htm,,,,,,,,,
infosys,2010Q2,1358.0,https://www.infosys.com/investors/reports-filings/quarterly-results/2011-2012/Q4/Documents/fact-sheet.pdf,61980.0,https://www.infosys.com/investors/reports-filings/quarterly-results/2011-2012/Q1/Documents/fact-sheet.pdf,20.7,https://www.infosys.com/investors/reports-filings/quarterly-results/2011-2012/Q4/Documents/fact-sheet.pdf,21.0,https://www.infosys.com/investors/reports-filings/quarterly-results/2011-2012/Q4/Documents/fact-sheet.pdf,6.0,https://www.infosys.com/investors/reports-filings/quarterly-results/2011-2012/Q4/Documents/fact-sheet.pdf,114822.0,https://www.infosys.com/investors/reports-filings/quarterly-results/2011-2012/Q1/Documents/fact-sheet.pdf,15.8,https://www.infosys.com/investors/reports-filings/quarterly-results/2011-2012/Q1/Documents/fact-sheet.pdf,78.7,https://www.infosys.com/investors/reports-filings/quarterly-results/2011-2012/Q1/Documents/fact-sheet.pdf,73.0,https://www.infosys.com/investors/reports-filings/quarterly-results/2011-2012/Q1/Documents/fact-sheet.pdf,78.7,https://www.infosys.com/investors/reports-filings/quarterly-results/2011-2012/Q1/Documents/fact-sheet.pdf,1200.0,https://www.sec.gov/Archives/edgar/data/1067491/000106749111000039/exv99w11.htm,,,,,,,1.936108422071636
infosys,2010Q3,1496.0,https://www.infosys.com/investors/reports-filings/quarterly-results/2011-2012/Q4/Documents/fact-sheet.pdf,69470.0,https://www.infosys.com/investors/reports-filings/quarterly-results/2011-2012/Q2/Documents/fact-sheet.pdf,30.1,https://www.infosys.com/investors/reports-filings/quarterly-results/2011-2012/Q4/Documents/fact-sheet.pdf,29.6,https://www.infosys.com/investors/reports-filings/quarterly-results/2011-2012/Q4/Documents/fact-sheet.pdf,9.4,https://www.infosys.com/investors/reports-filings/quarterly-results/2011-2012/Q4/Documents/fact-sheet.pdf,122468.0,https://www.infosys.com/investors/reports-filings/quarterly-results/2011-2012/Q2/Documents/fact-sheet.pdf,17.1,https://www.infosys.com/investors/reports-filings/quarterly-results/2011-2012/Q2/Documents/fact-sheet.pdf,81.2,https://www.infosys.com/investors/reports-filings/quarterly-results/2011-2012/Q2/Documents/fact-sheet.pdf,74.3,https://www.infosys.com/investors/reports-filings/quarterly-results/2011-2012/Q2/Documents/fact-sheet.pdf,81.2,https://www.infosys.com/investors/reports-filings/quarterly-results/2011-2012/Q2/Documents/fact-sheet.pdf,1780.0,https://www.sec.gov/Archives/edgar/data/1067491/000106749111000088/exv99w11.htm,,,,,,,2.562257089391104
infosys,2010Q4,1585.0,https://www.infosys.com/investors/reports-filings/quarterly-results/2011-2012/Q4/Documents/fact-sheet.pdf,71060.0,https://www.infosys.com/investors/reports-filings/quarterly-results/2011-2012/Q3/Documents/fact-sheet.pdf,28.9,https://www.infosys.com/investors/reports-filings/quarterly-results/2011-2012/Q4/Documents/fact-sheet.pdf,28.7,https://www.infosys.com/investors/reports-filings/quarterly-results/2011-2012/Q4/Documents/fact-sheet.pdf,4.7,https://www.infosys.com/investors/reports-filings/quarterly-results/2011-2012/Q4/Documents/fact-sheet.pdf,127779.0,https://www.infosys.com/investors/reports-filings/quarterly-results/2011-2012/Q3/Documents/fact-sheet.pdf,17.5,https://www.infosys.com/investors/reports-filings/quarterly-results/2011-2012/Q3/Documents/fact-sheet.pdf,80.7,https://www.infosys.com/investors/reports-filings/quarterly-results/2011-2012/Q3/Documents/fact-sheet.pdf,72.6,https://www.infosys.com/investors/reports-filings/quarterly-results/2011-2012/Q3/Documents/fact-sheet.pdf,80.7,https://www.infosys.com/investors/reports-filings/quarterly-results/2011-2012/Q3/Documents/fact-sheet.pdf,1580.0,https://www.sec.gov/Archives/edgar/data/1067491/000106749112000005/exv99w11.htm,,,,,,,2.2234731213059384
infosys,2011Q1,1602.0,https://www.infosys.com/investors/reports-filings/quarterly-results/2011-2012/Q4/Documents/fact-sheet.pdf,72500.0,https://www.infosys.com/investors/reports-filings/quarterly-results/2011-2012/Q4/Documents/fact-sheet.pdf,22.3,https://www.infosys.com/investors/reports-filings/quarterly-results/2011-2012/Q4/Documents/fact-sheet.pdf,23.6,https://www.infosys.com/investors/reports-filings/quarterly-results/2011-2012/Q4/Documents/fact-sheet.pdf,0.8,https://www.infosys.com/investors/reports-filings/quarterly-results/2011-2012/Q4/Documents/fact-sheet.pdf,130820.0,https://www.infosys.com/investors/reports-filings/quarterly-results/2011-2012/Q4/Documents/fact-sheet.pdf,17.0,https://www.infosys.com/investors/reports-filings/quarterly-results/2011-2012/Q4/Documents/fact-sheet.pdf,75.2,https://www.infosys.com/investors/reports-filings/quarterly-results/2011-2012/Q4/Documents/fact-sheet.pdf,68.4,https://www.infosys.com/investors/reports-filings/quarterly-results/2011-2012/Q4/Documents/fact-sheet.pdf,75.2,https://www.infosys.com/investors/reports-filings/quarterly-results/2011-2012/Q4/Documents/fact-sheet.pdf,1470.0,https://www.sec.gov/Archives/edgar/data/1067491/000106749112000011/exv99w10.htm,,,,,,,2.027586206896552
infosys,2011Q2,1671.0,https://www.infosys.com/investors/reports-filings/quarterly-results/2012-2013/Q1/Documents/fact-sheet.pdf,74850.0,https://www.infosys.com/investors/reports-filings/quarterly-results/2012-2013/Q1/Documents/fact-sheet.pdf,18.9,https://www.infosys.com/investors/reports-filings/quarterly-results/2012-2013/Q1/Documents/fact-sheet.pdf,23.0,https://www.infosys.com/investors/reports-filings/quarterly-results/2012-2013/Q1/Documents/fact-sheet.pdf,3.1,https://www.infosys.com/investors/reports-filings/quarterly-results/2012-2013/Q1/Documents/fact-sheet.pdf,133560.0,https://www.infosys.com/investors/reports-filings/quarterly-results/2012-2013/Q1/Documents/fact-sheet.pdf,15.8,https://www.infosys.com/investors/reports-filings/quarterly-results/2012-2013/Q1/Documents/fact-sheet.pdf,74.9,https://www.infosys.com/investors/reports-filings/quarterly-results/2012-2013/Q1/Documents/fact-sheet.pdf,69.6,https://www.infosys.com/investors/reports-filings/quarterly-results/2012-2013/Q1/Documents/fact-sheet.pdf,74.9,https://www.infosys.com/investors/reports-filings/quarterly-results/2012-2013/Q1/Documents/fact-sheet.pdf,1630.0,https://www.sec.gov/Archives/edgar/data/1067491/000106749112000025/exv99w10.htm,,,,,,,2.177688710754843
infosys,2011Q3,1746.0,https://www.infosys.com/investors/reports-filings/quarterly-results/2012-2013/Q2/Documents/fact-sheet.pdf,80990.0,https://www.infosys.com/investors/reports-filings/quarterly-results/2012-2013/Q2/Documents/fact-sheet.pdf,14.1,https://www.infosys.com/investors/reports-filings/quarterly-results/2012-2013/Q2/Documents/fact-sheet.pdf,16.7,https://www.infosys.com/investors/reports-filings/quarterly-results/2012-2013/Q2/Documents/fact-sheet.pdf,5.0,https://www.infosys.com/investors/reports-filings/quarterly-results/2012-2013/Q2/Documents/fact-sheet.pdf,141822.0,https://www.infosys.com/investors/reports-filings/quarterly-results/2012-2013/Q2/Documents/fact-sheet.pdf,15.6,https://www.infosys.com/investors/reports-filings/quarterly-results/2012-2013/Q2/Documents/fact-sheet.pdf,77.3,https://www.infosys.com/investors/reports-filings/quarterly-results/2012-2013/Q2/Documents/fact-sheet.pdf,70.2,https://www.infosys.com/investors/reports-filings/quarterly-results/2012-2013/Q2/Documents/fact-sheet.pdf,77.3,https://www.infosys.com/investors/reports-filings/quarterly-results/2012-2013/Q2/Documents/fact-sheet.pdf,1620.0,https://www.sec.gov/Archives/edgar/data/1067491/000106749112000038/exv99w10.htm,,,,,,,2.0002469440671686
infosys,2011Q4,1806.0,https://www.infosys.com/investors/reports-filings/quarterly-results/2012-2013/Q3/Documents/fact-sheet.pdf,92980.0,https://www.infosys.com/investors/reports-filings/quarterly-results/2012-2013/Q3/Documents/fact-sheet.pdf,13.8,https://www.infosys.com/investors/reports-filings/quarterly-results/2012-2013/Q3/Documents/fact-sheet.pdf,13.9,https://www.infosys.com/investors/reports-filings/quarterly-results/2012-2013/Q3/Documents/fact-sheet.pdf,4.4,https://www.infosys.com/investors/reports-filings/quarterly-results/2012-2013/Q3/Documents/fact-sheet.pdf,145088.0,https://www.infosys.com/investors/reports-filings/quarterly-results/2012-2013/Q3/Documents/fact-sheet.pdf,15.4,https://www.infosys.com/investors/reports-filings/quarterly-results/2012-2013/Q3/Documents/fact-sheet.pdf,77.4,https://www.infosys.com/investors/reports-filings/quarterly-results/2012-2013/Q3/Documents/fact-sheet.pdf,69.9,https://www.infosys.com/investors/reports-filings/quarterly-results/2012-2013/Q3/Documents/fact-sheet.pdf,77.4,https://www.infosys.com/investors/reports-filings/quarterly-results/2012-2013/Q3/Documents/fact-sheet.pdf,2160.0,https://www.sec.gov/Archives/edgar/data/1067491/000106749113000004/exv99w10.htm,,,,,,,2.323080232308023
infosys,2012Q1,1771.0,https://www.infosys.com/investors/reports-filings/quarterly-results/2012-2013/q4/Documents/fact-sheet.pdf,88520.0,https://www.infosys.com/investors/reports-filings/quarterly-results/2012-2013/q4/Documents/fact-sheet.pdf,10.5,https://www.infosys.com/investors/reports-filings/quarterly-results/2012-2013/q4/Documents/fact-sheet.pdf,10.5,https://www.infosys.com/investors/reports-filings/quarterly-results/2012-2013/q4/Documents/fact-sheet.pdf,-2.1,https://www.infosys.com/investors/reports-filings/quarterly-results/2012-2013/q4/Documents/fact-sheet.pdf,149994.0,https://www.infosys.com/investors/reports-filings/quarterly-results/2012-2013/q4/Documents/fact-sheet.pdf,14.7,https://www.infosys.com/investors/reports-filings/quarterly-results/2012-2013/q4/Documents/fact-sheet.pdf,73.0,https://www.infosys.com/investors/reports-filings/quarterly-results/2012-2013/q4/Documents/fact-sheet.pdf,67.2,https://www.infosys.com/investors/reports-filings/quarterly-results/2012-2013/q4/Documents/fact-sheet.pdf,73.0,https://www.infosys.com/investors/reports-filings/quarterly-results/2012-2013/q4/Documents/fact-sheet.pdf,2360.0,https://www.sec.gov/Archives/edgar/data/1067491/000106749113000020/exv99w11.htm,,,,,,,2.666064166290104
infosys,2012Q2,1752.0,https://www.infosys.com/investors/reports-filings/quarterly-results/2013-2014/q1/Documents/fact-sheet.pdf,96160.0,https://www.infosys.com/investors/reports-filings/quarterly-results/2013-2014/q1/Documents/fact-sheet.pdf,6.8,https://www.infosys.com/investors/reports-filings/quarterly-results/2013-2014/q1/Documents/fact-sheet.pdf,4.8,https://www.infosys.com/investors/reports-filings/quarterly-results/2013-2014/q1/Documents/fact-sheet.pdf,-0.4,https://www.infosys.com/investors/reports-filings/quarterly-results/2013-2014/q1/Documents/fact-sheet.pdf,151151.0,https://www.infosys.com/investors/reports-filings/quarterly-results/2013-2014/q1/Documents/fact-sheet.pdf,14.9,https://www.infosys.com/investors/reports-filings/quarterly-results/2013-2014/q1/Documents/fact-sheet.pdf,71.6,https://www.infosys.com/investors/reports-filings/quarterly-results/2013-2014/q1/Documents/fact-sheet.pdf,67.2,https://www.infosys.com/investors/reports-filings/quarterly-results/2013-2014/q1/Documents/fact-sheet.pdf,71.6,https://www.infosys.com/investors/reports-filings/quarterly-results/2013-2014/q1/Documents/fact-sheet.pdf,2890.0,https://www.sec.gov/Archives/edgar/data/1067491/000106749113000042/exv99w11.htm,,,,,,,3.00540765391015
infosys,2012Q3,1797.0,https://www.infosys.com/investors/reports-filings/quarterly-results/2013-2014/q2/Documents/fact-sheet.pdf,98580.0,https://www.infosys.com/investors/reports-filings/quarterly-results/2013-2014/q2/Documents/fact-sheet.pdf,4.2,https://www.infosys.com/investors/reports-filings/quarterly-results/2013-2014/q2/Documents/fact-sheet.pdf,2.9,https://www.infosys.com/investors/reports-filings/quarterly-results/2013-2014/q2/Documents/fact-sheet.pdf,2.4,https://www.infosys.com/investors/reports-filings/quarterly-results/2013-2014/q2/Documents/fact-sheet.pdf,153761.0,https://www.infosys.com/investors/reports-filings/quarterly-results/2013-2014/q2/Documents/fact-sheet.pdf,15.0,https://www.infosys.com/investors/reports-filings/quarterly-results/2013-2014/q2/Documents/fact-sheet.pdf,73.3,https://www.infosys.com/investors/reports-filings/quarterly-results/2013-2014/q2/Documents/fact-sheet.pdf,69.6,https://www.infosys.com/investors/reports-filings/quarterly-results/2013-2014/q2/Documents/fact-sheet.pdf,73.3,https://www.infosys.com/investors/reports-filings/quarterly-results/2013-2014/q2/Documents/fact-sheet.pdf,3420.0,https://www.sec.gov/Archives/edgar/data/1067491/000106749113000057/exv99w11.htm,,,,,,,3.4692635423006695
infosys,2012Q4,1911.0,https://www.infosys.com/investors/reports-filings/quarterly-results/2013-2014/q3/Documents/fact-sheet.pdf,104240.0,https://www.infosys.com/investors/reports-filings/quarterly-results/2013-2014/q3/Documents/fact-sheet.pdf,5.8,https://www.infosys.com/investors/reports-filings/quarterly-results/2013-2014/q3/Documents/fact-sheet.pdf,5.8,https://www.infosys.com/investors/reports-filings/quarterly-results/2013-2014/q3/Documents/fact-sheet.pdf,5.8,https://www.infosys.com/investors/reports-filings/quarterly-results/2013-2014/q3/Documents/fact-sheet.pdf,155629.0,https://www.infosys.com/investors/reports-filings/quarterly-results/2013-2014/q3/Documents/fact-sheet.pdf,15.1,https://www.infosys.com/investors/reports-filings/quarterly-results/2013-2014/q3/Documents/fact-sheet.pdf,73.2,https://www.infosys.com/investors/reports-filings/quarterly-results/2013-2014/q3/Documents/fact-sheet.pdf,70.1,https://www.infosys.com/investors/reports-filings/quarterly-results/2013-2014/q3/Documents/fact-sheet.pdf,73.2,https://www.infosys.com/investors/reports-filings/quarterly-results/2013-2014/q3/Documents/fact-sheet.pdf,4060.0,https://www.sec.gov/Archives/edgar/data/1067491/000106749114000007/exv99w11.htm,,,,,,,3.8948580199539524
infosys,2013Q1,1938.0,https://www.infosys.com/investors/reports-filings/quarterly-results/2013-2014/Q4/Documents/fact-sheet.pdf,104540.0,https://www.infosys.com/investors/reports-filings/quarterly-results/2013-2014/Q4/Documents/fact-sheet.pdf,9.9,https://www.infosys.com/investors/reports-filings/quarterly-results/2013-2014/Q4/Documents/fact-sheet.pdf,9.4,https://www.infosys.com/investors/reports-filings/quarterly-results/2013-2014/Q4/Documents/fact-sheet.pdf,1.7,https://www.infosys.com/investors/reports-filings/quarterly-results/2013-2014/Q4/Documents/fact-sheet.pdf,156688.0,https://www.infosys.com/investors/reports-filings/quarterly-results/2013-2014/Q4/Documents/fact-sheet.pdf,16.3,https://www.infosys.com/investors/reports-filings/quarterly-results/2013-2014/Q4/Documents/fact-sheet.pdf,73.9,https://www.infosys.com/investors/reports-filings/quarterly-results/2013-2014/Q4/Documents/fact-sheet.pdf,70.9,https://www.infosys.com/investors/reports-filings/quarterly-results/2013-2014/Q4/Documents/fact-sheet.pdf,73.9,https://www.infosys.com/investors/reports-filings/quarterly-results/2013-2014/Q4/Documents/fact-sheet.pdf,4240.0,https://www.sec.gov/Archives/edgar/data/1067491/000106749114000022/exv99w11.htm,,,,,,,4.055863784197436
infosys,2013Q2,1991.0,https://www.infosys.com/investors/reports-filings/quarterly-results/2014-2015/q1/Documents/fact-sheet.pdf,112670.0,https://www.infosys.com/investors/reports-filings/quarterly-results/2014-2015/q1/Documents/fact-sheet.pdf,14.1,https://www.infosys.com/investors/reports-filings/quarterly-results/2014-2015/q1/Documents/fact-sheet.pdf,13.6,https://www.infosys.com/investors/reports-filings/quarterly-results/2014-2015/q1/Documents/fact-sheet.pdf,3.4,https://www.infosys.com/investors/reports-filings/quarterly-results/2014-2015/q1/Documents/fact-sheet.pdf,157263.0,https://www.infosys.com/investors/reports-filings/quarterly-results/2014-2015/q1/Documents/fact-sheet.pdf,16.9,https://www.infosys.com/investors/reports-filings/quarterly-results/2014-2015/q1/Documents/fact-sheet.pdf,74.3,https://www.infosys.com/investors/reports-filings/quarterly-results/2014-2015/q1/Documents/fact-sheet.pdf,70.7,https://www.infosys.com/investors/reports-filings/quarterly-results/2014-2015/q1/Documents/fact-sheet.pdf,74.3,https://www.infosys.com/investors/reports-filings/quarterly-results/2014-2015/q1/Documents/fact-sheet.pdf,4760.0,https://www.sec.gov/Archives/edgar/data/1067491/000106749114000050/exv99w11.htm,,,,,,,4.224727079080501
infosys,2013Q3,2066.0,https://www.infosys.com/investors/reports-filings/quarterly-results/2014-2015/q2/Documents/fact-sheet.pdf,129650.0,https://www.infosys.com/investors/reports-filings/quarterly-results/2014-2015/q2/Documents/fact-sheet.pdf,16.1,https://www.infosys.com/investors/reports-filings/quarterly-results/2014-2015/q2/Documents/fact-sheet.pdf,15.0,https://www.infosys.com/investors/reports-filings/quarterly-results/2014-2015/q2/Documents/fact-sheet.pdf,4.2,https://www.infosys.com/investors/reports-filings/quarterly-results/2014-2015/q2/Documents/fact-sheet.pdf,160227.0,https://www.infosys.com/investors/reports-filings/quarterly-results/2014-2015/q2/Documents/fact-sheet.pdf,17.3,https://www.infosys.com/investors/reports-filings/quarterly-results/2014-2015/q2/Documents/fact-sheet.pdf,77.5,https://www.infosys.com/investors/reports-filings/quarterly-results/2014-2015/q2/Documents/fact-sheet.pdf,73.1,https://www.infosys.com/investors/reports-filings/quarterly-results/2014-2015/q2/Documents/fact-sheet.pdf,77.5,https://www.infosys.com/investors/reports-filings/quarterly-results/2014-2015/q2/Documents/fact-sheet.pdf,5270.0,https://www.sec.gov/Archives/edgar/data/1067491/000106749113000057/exv99w11.htm,,,,,,,4.064789818742769
infosys,2013Q4,2100.0,https://www.infosys.com/investors/reports-filings/quarterly-results/2014-2015/q3/Documents/fact-sheet.pdf,130260.0,https://www.infosys.com/investors/reports-filings/quarterly-results/2014-2015/q3/Documents/fact-sheet.pdf,11.0,https://www.infosys.com/investors/reports-filings/quarterly-results/2014-2015/q3/Documents/fact-sheet.pdf,9.9,https://www.infosys.com/investors/reports-filings/quarterly-results/2014-2015/q3/Documents/fact-sheet.pdf,1.2,https://www.infosys.com/investors/reports-filings/quarterly-results/2014-2015/q3/Documents/fact-sheet.pdf,158404.0,https://www.infosys.com/investors/reports-filings/quarterly-results/2014-2015/q3/Documents/fact-sheet.pdf,18.1,https://www.infosys.com/investors/reports-filings/quarterly-results/2014-2015/q3/Documents/fact-sheet.pdf,76.9,https://www.infosys.com/investors/reports-filings/quarterly-results/2014-2015/q3/Documents/fact-sheet.pdf,72.5,https://www.infosys.com/investors/reports-filings/quarterly-results/2014-2015/q3/Documents/fact-sheet.pdf,76.9,https://www.infosys.com/investors/reports-filings/quarterly-results/2014-2015/q3/Documents/fact-sheet.pdf,5320.0,https://www.sec.gov/Archives/edgar/data/1067491/000106749115000004/exv99w11.htm,,,,,,,4.084139413480731
infosys,2014Q1,2092.0,https://www.infosys.com/investors/reports-filings/quarterly-results/2014-2015/q4/Documents/fact-sheet.pdf,128750.0,https://www.infosys.com/investors/reports-filings/quarterly-results/2014-2015/q4/Documents/fact-sheet.pdf,8.8,https://www.infosys.com/investors/reports-filings/quarterly-results/2014-2015/q4/Documents/fact-sheet.pdf,7.9,https://www.infosys.com/investors/reports-filings/quarterly-results/2014-2015/q4/Documents/fact-sheet.pdf,-0.4,https://www.infosys.com/investors/reports-filings/quarterly-results/2014-2015/q4/Documents/fact-sheet.pdf,160405.0,https://www.infosys.com/investors/reports-filings/quarterly-results/2014-2015/q4/Documents/fact-sheet.pdf,18.7,https://www.infosys.com/investors/reports-filings/quarterly-results/2014-2015/q4/Documents/fact-sheet.pdf,76.7,https://www.infosys.com/investors/reports-filings/quarterly-results/2014-2015/q4/Documents/fact-sheet.pdf,72.9,https://www.infosys.com/investors/reports-filings/quarterly-results/2014-2015/q4/Documents/fact-sheet.pdf,76.7,https://www.infosys.com/investors/reports-filings/quarterly-results/2014-2015/q4/Documents/fact-sheet.pdf,4160.0,https://www.sec.gov/Archives/edgar/data/1067491/000106749115000022/exv99w09.htm,,,,,,,3.2310679611650484
infosys,2014Q2,2133.0,https://www.infosys.com/investors/reports-filings/quarterly-results/2015-2016/q1/Documents/fact-sheet.pdf,127700.0,https://www.infosys.com/investors/reports-filings/quarterly-results/2015-2016/q1/Documents/fact-sheet.pdf,6.6,https://www.infosys.com/investors/reports-filings/quarterly-results/2015-2016/q1/Documents/fact-sheet.pdf,7.1,https://www.infosys.com/investors/reports-filings/quarterly-results/2015-2016/q1/Documents/fact-sheet.pdf,1.5,https://www.infosys.com/investors/reports-filings/quarterly-results/2015-2016/q1/Documents/fact-sheet.pdf,161284.0,https://www.infosys.com/investors/reports-filings/quarterly-results/2015-2016/q1/Documents/fact-sheet.pdf,19.5,https://www.infosys.com/investors/reports-filings/quarterly-results/2014-2015/q2/Documents/fact-sheet.pdf,80.1,https://www.infosys.com/investors/reports-filings/quarterly-results/2015-2016/q1/Documents/fact-sheet.pdf,74.8,https://www.infosys.com/investors/reports-filings/quarterly-results/2015-2016/q1/Documents/fact-sheet.pdf,80.1,https://www.infosys.com/investors/reports-filings/quarterly-results/2015-2016/q1/Documents/fact-sheet.pdf,4480.0,https://www.sec.gov/Archives/edgar/data/1067491/000106749115000046/exv99w10.htm,,,,,,,3.5082223962411905
infosys,2014Q3,2201.0,https://www.infosys.com/investors/reports-filings/quarterly-results/2015-2016/q2/Documents/fact-sheet.pdf,133420.0,https://www.infosys.com/investors/reports-filings/quarterly-results/2015-2016/q2/Documents/fact-sheet.pdf,6.3,https://www.infosys.com/investors/reports-filings/quarterly-results/2015-2016/q2/Documents/fact-sheet.pdf,6.5,https://www.infosys.com/investors/reports-filings/quarterly-results/2015-2016/q2/Documents/fact-sheet.pdf,3.9,https://www.infosys.com/investors/reports-filings/quarterly-results/2015-2016/q2/Documents/fact-sheet.pdf,165411.0,https://www.infosys.com/investors/reports-filings/quarterly-results/2015-2016/q2/Documents/fact-sheet.pdf,20.1,https://www.infosys.com/investors/reports-filings/quarterly-results/2014-2015/q3/Documents/fact-sheet.pdf,82.3,https://www.infosys.com/investors/reports-filings/quarterly-results/2015-2016/q2/Documents/fact-sheet.pdf,75.2,https://www.infosys.com/investors/reports-filings/quarterly-results/2015-2016/q2/Documents/fact-sheet.pdf,82.3,https://www.infosys.com/investors/reports-filings/quarterly-results/2015-2016/q2/Documents/fact-sheet.pdf,5080.0,https://www.sec.gov/Archives/edgar/data/1067491/000106749115000050/exv99w10.htm,,,,,,,3.8075251086793584
infosys,2014Q4,2218.0,https://www.infosys.com/investors/reports-filings/quarterly-results/2015-2016/q3/Documents/fact-sheet.pdf,137960.0,https://www.infosys.com/investors/reports-filings/quarterly-results/2015-2016/q3/Documents/fact-sheet.pdf,7.9,https://www.infosys.com/investors/reports-filings/quarterly-results/2015-2016/q3/Documents/fact-sheet.pdf,5.6,https://www.infosys.com/investors/reports-filings/quarterly-results/2015-2016/q3/Documents/fact-sheet.pdf,2.6,https://www.infosys.com/investors/reports-filings/quarterly-results/2015-2016/q3/Documents/fact-sheet.pdf,169638.0,https://www.infosys.com/investors/reports-filings/quarterly-results/2015-2016/q3/Documents/fact-sheet.pdf,20.4,https://www.infosys.com/investors/reports-filings/quarterly-results/2014-2015/q4/Documents/fact-sheet.pdf,82.7,https://www.infosys.com/investors/reports-filings/quarterly-results/2015-2016/q3/Documents/fact-sheet.pdf,75.7,https://www.infosys.com/investors/reports-filings/quarterly-results/2015-2016/q3/Documents/fact-sheet.pdf,82.7,https://www.infosys.com/investors/reports-filings/quarterly-results/2015-2016/q3/Documents/fact-sheet.pdf,5850.0,https://www.sec.gov/Archives/edgar/data/1067491/000106749116000061/exv99w10.htm,,,,,,,4.240359524499855
infosys,2015Q1,2159.0,https://www.infosys.com/investors/reports-filings/quarterly-results/2015-2016/q4/documents/fact-sheet.pdf,134110.0,https://www.infosys.com/investors/reports-filings/quarterly-results/2015-2016/q4/documents/fact-sheet.pdf,7.8,https://www.infosys.com/investors/reports-filings/quarterly-results/2015-2016/q4/documents/fact-sheet.pdf,3.2,https://www.infosys.com/investors/reports-filings/quarterly-results/2015-2016/q4/documents/fact-sheet.pdf,-0.4,https://www.infosys.com/investors/reports-filings/quarterly-results/2015-2016/q4/documents/fact-sheet.pdf,176187.0,https://www.infosys.com/investors/reports-filings/quarterly-results/2015-2016/q4/documents/fact-sheet.pdf,18.9,https://www.infosys.com/investors/reports-filings/quarterly-results/2014-2015/q4/Documents/fact-sheet.pdf,78.6,https://www.infosys.com/investors/reports-filings/quarterly-results/2015-2016/q4/documents/fact-sheet.pdf,72.8,https://www.infosys.com/investors/reports-filings/quarterly-results/2015-2016/q4/documents/fact-sheet.pdf,78.6,https://www.infosys.com/investors/reports-filings/quarterly-results/2015-2016/q4/documents/fact-sheet.pdf,6290.0,https://www.sec.gov/Archives/edgar/data/1067491/000106749116000074/exv99w10.htm,,,,,,,4.690179703228693
infosys,2015Q2,2256.0,https://www.infosys.com/investors/reports-filings/quarterly-results/2016-2017/q1/Documents/fact-sheet.pdf,143540.0,https://www.infosys.com/investors/reports-filings/quarterly-results/2016-2017/q1/Documents/fact-sheet.pdf,10.9,https://www.infosys.com/investors/reports-filings/quarterly-results/2016-2017/q1/Documents/fact-sheet.pdf,5.7,https://www.infosys.com/investors/reports-filings/quarterly-results/2016-2017/q1/Documents/fact-sheet.pdf,4.4,https://www.infosys.com/investors/reports-filings/quarterly-results/2016-2017/q1/Documents/fact-sheet.pdf,179523.0,https://www.infosys.com/investors/reports-filings/quarterly-results/2016-2017/q1/Documents/fact-sheet.pdf,19.2,https://www.infosys.com/investors/reports-filings/quarterly-results/2016-2017/q1/Documents/fact-sheet.pdf,80.2,https://www.infosys.com/investors/reports-filings/quarterly-results/2016-2017/q1/Documents/fact-sheet.pdf,75.7,https://www.infosys.com/investors/reports-filings/quarterly-results/2016-2017/q1/Documents/fact-sheet.pdf,80.2,https://www.infosys.com/investors/reports-filings/quarterly-results/2016-2017/q1/Documents/fact-sheet.pdf,7490.0,https://www.sec.gov/Archives/edgar/data/1067491/000106749116000084/exv99w10.htm,688.0,https://www.sec.gov/Archives/edgar/data/1067491/000106749115000046/exv99w01.htm,,,,,5.218057684269193
infosys,2015Q3,2392.0,https://www.infosys.com/investors/reports-filings/quarterly-results/2016-2017/q2/Documents/fact-sheet.pdf,156350.0,https://www.infosys.com/investors/reports-filings/quarterly-results/2016-2017/q2/Documents/fact-sheet.pdf,14.2,https://www.infosys.com/investors/reports-filings/quarterly-results/2016-2017/q2/Documents/fact-sheet.pdf,8.7,https://www.infosys.com/investors/reports-filings/quarterly-results/2016-2017/q2/Documents/fact-sheet.pdf,6.9,https://www.infosys.com/investors/reports-filings/quarterly-results/2016-2017/q2/Documents/fact-sheet.pdf,187976.0,https://www.infosys.com/investors/reports-filings/quarterly-results/2016-2017/q2/Documents/fact-sheet.pdf,19.9,https://www.infosys.com/investors/reports-filings/quarterly-results/2016-2017/q2/Documents/fact-sheet.pdf,81.3,https://www.infosys.com/investors/reports-filings/quarterly-results/2016-2017/q2/Documents/fact-sheet.pdf,75.4,https://www.infosys.com/investors/reports-filings/quarterly-results/2016-2017/q2/Documents/fact-sheet.pdf,81.3,https://www.infosys.com/investors/reports-filings/quarterly-results/2016-2017/q2/Documents/fact-sheet.pdf,8580.0,https://www.sec.gov/Archives/edgar/data/1067491/000106749116000090/exv99w09.htm,983.0,https://www.sec.gov/Archives/edgar/data/1067491/000106749115000050/exv99w01.htm,,,,,5.4876878797569555
infosys,2015Q4,2407.0,https://www.infosys.com/investors/reports-filings/quarterly-results/2016-2017/q3/documents/fact-sheet.pdf,159020.0,https://www.infosys.com/investors/reports-filings/quarterly-results/2016-2017/q3/documents/fact-sheet.pdf,12.5,https://www.infosys.com/investors/reports-filings/quarterly-results/2016-2017/q3/documents/fact-sheet.pdf,8.5,https://www.infosys.com/investors/reports-filings/quarterly-results/2016-2017/q3/documents/fact-sheet.pdf,1.1,https://www.infosys.com/investors/reports-filings/quarterly-results/2016-2017/q3/documents/fact-sheet.pdf,193383.0,https://www.infosys.com/investors/reports-filings/quarterly-results/2016-2017/q3/documents/fact-sheet.pdf,18.1,https://www.infosys.com/investors/reports-filings/quarterly-results/2016-2017/q3/documents/fact-sheet.pdf,80.6,https://www.infosys.com/investors/reports-filings/quarterly-results/2016-2017/q3/documents/fact-sheet.pdf,74.2,https://www.infosys.com/investors/reports-filings/quarterly-results/2016-2017/q3/documents/fact-sheet.pdf,80.6,https://www.infosys.com/investors/reports-filings/quarterly-results/2016-2017/q3/documents/fact-sheet.pdf,9980.0,https://www.sec.gov/Archives/edgar/data/1067491/000106749117000008/exv99w10.htm,362.0,https://www.sec.gov/Archives/edgar/data/1067491/000106749116000061/exv99w03.htm,,,,,6.275940133316564
infosys,2016Q1,2446.0,https://www.infosys.com/investors/reports-filings/quarterly-results/2016-2017/q4/Documents/fact-sheet.pdf,165500.0,https://www.infosys.com/investors/reports-filings/quarterly-results/2016-2017/q4/Documents/fact-sheet.pdf,15.0,https://www.infosys.com/investors/reports-filings/quarterly-results/2016-2017/q4/Documents/fact-sheet.pdf,13.3,https://www.infosys.com/investors/reports-filings/quarterly-results/2016-2017/q4/Documents/fact-sheet.pdf,1.9,https://www.infosys.com/investors/reports-filings/quarterly-results/2016-2017/q4/Documents/fact-sheet.pdf,194044.0,https://www.infosys.com/investors/reports-filings/quarterly-results/2016-2017/q4/Documents/fact-sheet.pdf,17.3,https://www.infosys.com/investors/reports-filings/quarterly-results/2016-2017/q4/Documents/fact-sheet.pdf,80.1,https://www.infosys.com/investors/reports-filings/quarterly-results/2016-2017/q4/Documents/fact-sheet.pdf,74.7,https://www.infosys.com/investors/reports-filings/quarterly-results/2016-2017/q4/Documents/fact-sheet.pdf,80.1,https://www.infosys.com/investors/reports-filings/quarterly-results/2016-2017/q4/Documents/fact-sheet.pdf,9250.0,https://www.sec.gov/Archives/edgar/data/1067491/000106749117000018/exv99w10.htm,757.0,https://www.sec.gov/Archives/edgar/data/1067491/000106749116000074/exv99w06.htm,,,,,5.589123867069486
infosys,2016Q2,2501.0,https://www.infosys.com/investors/reports-filings/quarterly-results/2017-2018/q1/Documents/fact-sheet.pdf,167820.0,https://www.infosys.com/investors/reports-filings/quarterly-results/2017-2018/q1/Documents/fact-sheet.pdf,12.1,https://www.infosys.com/investors/reports-filings/quarterly-results/2017-2018/q1/Documents/fact-sheet.pdf,10.9,https://www.infosys.com/investors/reports-filings/quarterly-results/2017-2018/q1/Documents/fact-sheet.pdf,1.7,https://www.infosys.com/investors/reports-filings/quarterly-results/2017-2018/q1/Documents/fact-sheet.pdf,197050.0,https://www.infosys.com/investors/reports-filings/quarterly-results/2017-2018/q1/Documents/fact-sheet.pdf,21.0,https://www.infosys.com/investors/reports-filings/quarterly-results/2017-2018/q1/Documents/fact-sheet.pdf,80.5,https://www.infosys.com/investors/reports-filings/quarterly-results/2017-2018/q1/Documents/fact-sheet.pdf,76.5,https://www.infosys.com/investors/reports-filings/quarterly-results/2017-2018/q1/Documents/fact-sheet.pdf,80.5,https://www.infosys.com/investors/reports-filings/quarterly-results/2017-2018/q1/Documents/fact-sheet.pdf,9170.0,https://www.sec.gov/Archives/edgar/data/1067491/000106749117000036/exv99w10.htm,809.0,https://www.sec.gov/Archives/edgar/data/1067491/000106749116000084/exv99w06.htm,,,,,5.464187820283637
infosys,2016Q3,2587.0,https://www.infosys.com/investors/reports-filings/quarterly-results/2017-2018/q2/Documents/fact-sheet.pdf,173100.0,https://www.infosys.com/investors/reports-filings/quarterly-results/2017-2018/q2/Documents/fact-sheet.pdf,8.9,https://www.infosys.com/investors/reports-filings/quarterly-results/2017-2018/q2/Documents/fact-sheet.pdf,8.2,https://www.infosys.com/investors/reports-filings/quarterly-results/2017-2018/q2/Documents/fact-sheet.pdf,3.9,https://www.infosys.com/investors/reports-filings/quarterly-results/2017-2018/q2/Documents/fact-sheet.pdf,199829.0,https://www.infosys.com/investors/reports-filings/quarterly-results/2017-2018/q2/Documents/fact-sheet.pdf,20.0,https://www.infosys.com/investors/reports-filings/quarterly-results/2017-2018/q2/Documents/fact-sheet.pdf,82.5,https://www.infosys.com/investors/reports-filings/quarterly-results/2017-2018/q2/Documents/fact-sheet.pdf,77.7,https://www.infosys.com/investors/reports-filings/quarterly-results/2017-2018/q2/Documents/fact-sheet.pdf,82.5,https://www.infosys.com/investors/reports-filings/quarterly-results/2017-2018/q2/Documents/fact-sheet.pdf,9400.0,https://www.sec.gov/Archives/edgar/data/1067491/000106749117000054/exv99w09.htm,1209.0,https://www.sec.gov/Archives/edgar/data/1067491/000106749116000090/exv99w06.htm,,,,,5.430387059503177
infosys,2016Q4,2551.0,https://www.infosys.com/investors/reports-filings/quarterly-results/2017-2018/q3/documents/fact-sheet.pdf,172730.0,https://www.infosys.com/investors/reports-filings/quarterly-results/2017-2018/q3/documents/fact-sheet.pdf,7.3,https://www.infosys.com/investors/reports-filings/quarterly-results/2017-2018/q3/documents/fact-sheet.pdf,6.0,https://www.infosys.com/investors/reports-filings/quarterly-results/2017-2018/q3/documents/fact-sheet.pdf,-0.3,https://www.infosys.com/investors/reports-filings/quarterly-results/2017-2018/q3/documents/fact-sheet.pdf,199763.0,https://www.infosys.com/investors/reports-filings/quarterly-results/2017-2018/q3/documents/fact-sheet.pdf,18.4,https://www.infosys.com/investors/reports-filings/quarterly-results/2017-2018/q3/documents/fact-sheet.pdf,81.9,https://www.infosys.com/investors/reports-filings/quarterly-results/2017-2018/q3/documents/fact-sheet.pdf,77.8,https://www.infosys.com/investors/reports-filings/quarterly-results/2017-2018/q3/documents/fact-sheet.pdf,81.9,https://www.infosys.com/investors/reports-filings/quarterly-results/2017-2018/q3/documents/fact-sheet.pdf,9750.0,https://www.sec.gov/Archives/edgar/data/1067491/000106749118000008/exv99w09.htm,664.0,https://www.sec.gov/Archives/edgar/data/1067491/000106749117000008/exv99w06.htm,,,,,5.644647716088693
infosys,2017Q1,2569.0,https://www.infosys.com/investors/reports-filings/quarterly-results/2017-2018/q4/documents/fact-sheet.pdf,171200.0,https://www.infosys.com/investors/reports-filings/quarterly-results/2017-2018/q4/documents/fact-sheet.pdf,5.3,https://www.infosys.com/investors/reports-filings/quarterly-results/2017-2018/q4/documents/fact-sheet.pdf,5.0,https://www.infosys.com/investors/reports-filings/quarterly-results/2017-2018/q4/documents/fact-sheet.pdf,0.0,https://www.infosys.com/investors/reports-filings/quarterly-results/2017-2018/q4/documents/fact-sheet.pdf,200364.0,https://www.infosys.com/investors/reports-filings/quarterly-results/2017-2018/q4/documents/fact-sheet.pdf,17.1,https://www.infosys.com/investors/reports-filings/quarterly-results/2017-2018/q4/documents/fact-sheet.pdf,82.0,https://www.infosys.com/investors/reports-filings/quarterly-results/2017-2018/q4/documents/fact-sheet.pdf,78.2,https://www.infosys.com/investors/reports-filings/quarterly-results/2017-2018/q4/documents/fact-sheet.pdf,82.0,https://www.infosys.com/investors/reports-filings/quarterly-results/2017-2018/q4/documents/fact-sheet.pdf,10000.0,https://www.sec.gov/Archives/edgar/data/1067491/000106749118000014/exv99w09.htm,806.0,https://www.sec.gov/Archives/edgar/data/1067491/000106749117000018/exv99w06.htm,,,,,5.841121495327103
infosys,2017Q2,2651.0,https://www.infosys.com/investors/reports-filings/quarterly-results/2018-2019/q1/documents/fact-sheet.pdf,170780.0,https://www.infosys.com/investors/reports-filings/quarterly-results/2018-2019/q1/documents/fact-sheet.pdf,6.3,https://www.infosys.com/investors/reports-filings/quarterly-results/2018-2019/q1/documents/fact-sheet.pdf,6.0,https://www.infosys.com/investors/reports-filings/quarterly-results/2018-2019/q1/documents/fact-sheet.pdf,2.7,https://www.infosys.com/investors/reports-filings/quarterly-results/2018-2019/q1/documents/fact-sheet.pdf,198553.0,https://www.infosys.com/investors/reports-filings/quarterly-results/2018-2019/q1/documents/fact-sheet.pdf,21.0,https://www.infosys.com/investors/reports-filings/quarterly-results/2018-2019/q1/documents/fact-sheet.pdf,84.0,https://www.infosys.com/investors/reports-filings/quarterly-results/2018-2019/q1/documents/fact-sheet.pdf,80.2,https://www.infosys.com/investors/reports-filings/quarterly-results/2018-2019/q1/documents/fact-sheet.pdf,84.0,https://www.infosys.com/investors/reports-filings/quarterly-results/2018-2019/q1/documents/fact-sheet.pdf,10610.0,https://www.sec.gov/Archives/edgar/data/1067491/000106749118000028/exv99w09.htm,657.0,https://www.sec.gov/Archives/edgar/data/1067491/000106749117000036/exv99w07.htm,,,,,6.212671272982785
infosys,2017Q3,2728.0,https://www.infosys.com/investors/reports-filings/quarterly-results/2018-2019/q2/Documents/fact-sheet.pdf,175670.0,https://www.infosys.com/investors/reports-filings/quarterly-results/2018-2019/q2/Documents/fact-sheet.pdf,4.6,https://www.infosys.com/investors/reports-filings/quarterly-results/2018-2019/q1/documents/fact-sheet.pdf,5.4,https://www.infosys.com/investors/reports-filings/quarterly-results/2018-2019/q1/documents/fact-sheet.pdf,2.2,https://www.infosys.com/investors/reports-filings/quarterly-results/2018-2019/q1/documents/fact-sheet.pdf,198440.0,https://www.infosys.com/investors/reports-filings/quarterly-results/2018-2019/q2/Documents/fact-sheet.pdf,21.4,https://www.infosys.com/investors/reports-filings/quarterly-results/2018-2019/q2/Documents/fact-sheet.pdf,84.7,https://www.infosys.com/investors/reports-filings/quarterly-results/2018-2019/q2/Documents/fact-sheet.pdf,81.8,https://www.infosys.com/investors/reports-filings/quarterly-results/2018-2019/q2/Documents/fact-sheet.pdf,84.7,https://www.infosys.com/investors/reports-filings/quarterly-results/2018-2019/q2/Documents/fact-sheet.pdf,10900.0,https://www.sec.gov/Archives/edgar/data/1067491/000106749118000046/exv99w09.htm,731.0,https://www.sec.gov/Archives/edgar/data/1067491/000106749117000054/exv99w06.htm,,,,,6.204815847896624
infosys,2017Q4,2755.0,https://www.infosys.com/investors/reports-filings/quarterly-results/2018-2019/Q3/Documents/fact-sheet.pdf,177940.0,https://www.infosys.com/investors/reports-filings/quarterly-results/2018-2019/Q3/Documents/fact-sheet.pdf,5.8,https://www.infosys.com/investors/reports-filings/quarterly-results/2018-2019/q1/documents/fact-sheet.pdf,8.0,https://www.infosys.com/investors/reports-filings/quarterly-results/2018-2019/q1/documents/fact-sheet.pdf,0.8,https://www.infosys.com/investors/reports-filings/quarterly-results/2018-2019/q1/documents/fact-sheet.pdf,201691.0,https://www.infosys.com/investors/reports-filings/quarterly-results/2018-2019/Q3/Documents/fact-sheet.pdf,18.7,https://www.infosys.com/investors/reports-filings/quarterly-results/2018-2019/Q3/Documents/fact-sheet.pdf,84.9,https://www.infosys.com/investors/reports-filings/quarterly-results/2018-2019/Q3/Documents/fact-sheet.pdf,82.1,https://www.infosys.com/investors/reports-filings/quarterly-results/2018-2019/Q3/Documents/fact-sheet.pdf,84.9,https://www.infosys.com/investors/reports-filings/quarterly-results/2018-2019/Q3/Documents/fact-sheet.pdf,10410.0,https://www.sec.gov/Archives/edgar/data/1067491/000106749119000004/exv99w08.htm,779.0,https://www.sec.gov/Archives/edgar/data/1067491/000106749118000008/exv99w06.htm,,,,,5.850286613465213
infosys,2018Q1,2805.0,https://www.infosys.com/investors/reports-filings/quarterly-results/2018-2019/Q4/Documents/fact-sheet.pdf,180830.0,https://www.infosys.com/investors/reports-filings/quarterly-results/2018-2019/Q4/Documents/fact-sheet.pdf,6.4,https://www.infosys.com/investors/reports-filings/quarterly-results/2018-2019/q1/documents/fact-sheet.pdf,9.2,https://www.infosys.com/investors/reports-filings/quarterly-results/2018-2019/q1/documents/fact-sheet.pdf,0.6,https://www.infosys.com/investors/reports-filings/quarterly-results/2018-2019/q1/documents/fact-sheet.pdf,204107.0,https://www.infosys.com/investors/reports-filings/quarterly-results/2018-2019/Q4/Documents/fact-sheet.pdf,19.5,https://www.infosys.com/investors/reports-filings/quarterly-results/2018-2019/Q4/Documents/fact-sheet.pdf,84.7,https://www.infosys.com/investors/reports-filings/quarterly-results/2018-2019/Q4/Documents/fact-sheet.pdf,80.8,https://www.infosys.com/investors/reports-filings/quarterly-results/2018-2019/Q4/Documents/fact-sheet.pdf,84.7,https://www.infosys.com/investors/reports-filings/quarterly-results/2018-2019/Q4/Documents/fact-sheet.pdf,11060.0,https://www.sec.gov/Archives/edgar/data/1067491/000106749119000020/exv99w08.htm,905.0,https://www.sec.gov/Archives/edgar/data/1067491/000106749118000014/exv99w06.htm,,,,,6.116241774041918
infosys,2018Q2,2831.0,https://www.infosys.com/investors/reports-filings/quarterly-results/2019-2020/q1/Documents/fact-sheet.pdf,191280.0,https://www.infosys.com/investors/reports-filings/quarterly-results/2019-2020/q1/Documents/fact-sheet.pdf,6.0,https://www.infosys.com/investors/reports-filings/quarterly-results/2018-2019/q1/documents/fact-sheet.pdf,6.8,https://www.infosys.com/investors/reports-filings/quarterly-results/2018-2019/q1/documents/fact-sheet.pdf,2.3,https://www.infosys.com/investors/reports-filings/quarterly-results/2018-2019/q1/documents/fact-sheet.pdf,209905.0,https://www.infosys.com/investors/reports-filings/quarterly-results/2019-2020/q1/Documents/fact-sheet.pdf,23.0,https://www.infosys.com/investors/reports-filings/quarterly-results/2019-2020/q1/Documents/fact-sheet.pdf,85.7,https://www.infosys.com/investors/reports-filings/quarterly-results/2019-2020/q1/Documents/fact-sheet.pdf,81.5,https://www.infosys.com/investors/reports-filings/quarterly-results/2019-2020/q1/Documents/fact-sheet.pdf,85.7,https://www.infosys.com/investors/reports-filings/quarterly-results/2019-2020/q1/Documents/fact-sheet.pdf,12910.0,https://www.sec.gov/Archives/edgar/data/1067491/000106749119000044/exv99w08.htm,1100.0,https://www.sec.gov/Archives/edgar/data/1067491/000106749118000028/exv99w06.htm,,,,,6.74926808866583
infosys,2018Q3,2921.0,https://www.infosys.com/investors/reports-filings/quarterly-results/2019-2020/q2/Documents/fact-sheet.pdf,206090.0,https://www.infosys.com/investors/reports-filings/quarterly-results/2019-2020/q2/Documents/fact-sheet.pdf,8.1,https://www.infosys.com/investors/reports-filings/quarterly-results/2018-2019/q2/Documents/fact-sheet.pdf,7.1,https://www.infosys.com/investors/reports-filings/quarterly-results/2018-2019/q2/Documents/fact-sheet.pdf,4.2,https://www.infosys.com/investors/reports-filings/quarterly-results/2018-2019/q2/Documents/fact-sheet.pdf,217739.0,https://www.infosys.com/investors/reports-filings/quarterly-results/2019-2020/q2/Documents/fact-sheet.pdf,22.2,https://www.infosys.com/investors/reports-filings/quarterly-results/2019-2020/q2/Documents/fact-sheet.pdf,85.6,https://www.infosys.com/investors/reports-filings/quarterly-results/2019-2020/q2/Documents/fact-sheet.pdf,80.2,https://www.infosys.com/investors/reports-filings/quarterly-results/2019-2020/q2/Documents/fact-sheet.pdf,85.6,https://www.infosys.com/investors/reports-filings/quarterly-results/2019-2020/q2/Documents/fact-sheet.pdf,15230.0,https://www.sec.gov/Archives/edgar/data/1067491/000106749119000054/exv99w08.htm,2030.0,https://www.sec.gov/Archives/edgar/data/1067491/000106749118000046/exv99w06.htm,,,,,7.389975253530011
infosys,2018Q4,2987.0,https://www.infosys.com/investors/reports-filings/quarterly-results/2019-2020/q3/documents/fact-sheet.pdf,214000.0,https://www.infosys.com/investors/reports-filings/quarterly-results/2019-2020/q3/documents/fact-sheet.pdf,10.1,https://www.infosys.com/investors/reports-filings/quarterly-results/2018-2019/Q3/Documents/fact-sheet.pdf,8.4,https://www.infosys.com/investors/reports-filings/quarterly-results/2018-2019/Q3/Documents/fact-sheet.pdf,2.7,https://www.infosys.com/investors/reports-filings/quarterly-results/2018-2019/Q3/Documents/fact-sheet.pdf,225501.0,https://www.infosys.com/investors/reports-filings/quarterly-results/2019-2020/q3/documents/fact-sheet.pdf,19.9,https://www.infosys.com/investors/reports-filings/quarterly-results/2019-2020/q3/documents/fact-sheet.pdf,83.8,https://www.infosys.com/investors/reports-filings/quarterly-results/2019-2020/q3/documents/fact-sheet.pdf,79.8,https://www.infosys.com/investors/reports-filings/quarterly-results/2019-2020/q3/documents/fact-sheet.pdf,83.8,https://www.infosys.com/investors/reports-filings/quarterly-results/2019-2020/q3/documents/fact-sheet.pdf,16190.0,https://www.sec.gov/Archives/edgar/data/1067491/000106749120000006/exv99w08.htm,1570.0,https://www.sec.gov/Archives/edgar/data/1067491/000106749119000004/exv99w01.htm,,,,,7.565420560747664
infosys,2019Q1,3060.0,https://www.infosys.com/investors/reports-filings/quarterly-results/2019-2020/q4/documents/fact-sheet.pdf,215390.0,https://www.infosys.com/investors/reports-filings/quarterly-results/2019-2020/q4/documents/fact-sheet.pdf,11.7,https://www.infosys.com/investors/reports-filings/quarterly-results/2018-2019/Q4/Documents/fact-sheet.pdf,9.1,https://www.infosys.com/investors/reports-filings/quarterly-results/2018-2019/Q4/Documents/fact-sheet.pdf,2.1,https://www.infosys.com/investors/reports-filings/quarterly-results/2018-2019/Q4/Documents/fact-sheet.pdf,228123.0,https://www.infosys.com/investors/reports-filings/quarterly-results/2019-2020/q4/documents/fact-sheet.pdf,20.4,https://www.infosys.com/investors/reports-filings/quarterly-results/2019-2020/q4/documents/fact-sheet.pdf,82.3,https://www.infosys.com/investors/reports-filings/quarterly-results/2019-2020/q4/documents/fact-sheet.pdf,78.9,https://www.infosys.com/investors/reports-filings/quarterly-results/2019-2020/q4/documents/fact-sheet.pdf,82.3,https://www.infosys.com/investors/reports-filings/quarterly-results/2019-2020/q4/documents/fact-sheet.pdf,15980.0,https://www.sec.gov/Archives/edgar/data/1067491/000106749120000029/exv99w08.htm,1570.0,https://www.infosys.com/investors/reports-filings/quarterly-results/2018-2019/Q4/Documents/fact-sheet.pdf,,,,,7.419100236779795
infosys,2019Q2,3131.0,https://www.infosys.com/investors/reports-filings/quarterly-results/2020-2021/q1/documents/fact-sheet.pdf,218030.0,https://www.infosys.com/investors/reports-filings/quarterly-results/2020-2021/q1/documents/fact-sheet.pdf,12.4,https://www.infosys.com/investors/reports-filings/quarterly-results/2019-2020/q1/Documents/fact-sheet.pdf,10.6,https://www.infosys.com/investors/reports-filings/quarterly-results/2019-2020/q1/Documents/fact-sheet.pdf,2.8,https://www.infosys.com/investors/reports-filings/quarterly-results/2019-2020/q1/Documents/fact-sheet.pdf,229029.0,https://www.infosys.com/investors/reports-filings/quarterly-results/2020-2021/q1/documents/fact-sheet.pdf,23.4,https://www.infosys.com/investors/reports-filings/quarterly-results/2019-2020/q2/Documents/fact-sheet.pdf,83.1,https://www.infosys.com/investors/reports-filings/quarterly-results/2020-2021/q1/documents/fact-sheet.pdf,80.3,https://www.infosys.com/investors/reports-filings/quarterly-results/2020-2021/q1/documents/fact-sheet.pdf,83.1,https://www.infosys.com/investors/reports-filings/quarterly-results/2020-2021/q1/documents/fact-sheet.pdf,16400.0,https://www.sec.gov/Archives/edgar/data/1067491/000106749120000054/exv99w08.htm,2700.0,https://www.sec.gov/Archives/edgar/data/1067491/000106749119000044/exv99w01.htm,,,,,7.521900655873045
infosys,2019Q3,3210.0,https://www.infosys.com/investors/reports-filings/quarterly-results/2020-2021/q2/documents/fact-sheet.pdf,226290.0,https://www.infosys.com/investors/reports-filings/quarterly-results/2020-2021/q2/documents/fact-sheet.pdf,11.4,https://www.infosys.com/investors/reports-filings/quarterly-results/2019-2020/q2/Documents/fact-sheet.pdf,9.9,https://www.infosys.com/investors/reports-filings/quarterly-results/2019-2020/q2/Documents/fact-sheet.pdf,3.3,https://www.infosys.com/investors/reports-filings/quarterly-results/2019-2020/q2/Documents/fact-sheet.pdf,236486.0,https://www.infosys.com/investors/reports-filings/quarterly-results/2020-2021/q2/documents/fact-sheet.pdf,21.7,https://www.infosys.com/investors/reports-filings/quarterly-results/2019-2020/q3/documents/fact-sheet.pdf,84.9,https://www.infosys.com/investors/reports-filings/quarterly-results/2020-2021/q2/documents/fact-sheet.pdf,81.6,https://www.infosys.com/investors/reports-filings/quarterly-results/2020-2021/q2/documents/fact-sheet.pdf,84.9,https://www.infosys.com/investors/reports-filings/quarterly-results/2020-2021/q2/documents/fact-sheet.pdf,16510.0,https://www.sec.gov/Archives/edgar/data/1067491/000106749120000072/exv99w08.htm,2800.0,https://www.sec.gov/Archives/edgar/data/1067491/000106749119000054/exv99w01.htm,,,,,7.295947677758629
infosys,2019Q4,3243.0,https://www.infosys.com/investors/reports-filings/quarterly-results/2020-2021/q3/documents/fact-sheet.pdf,230920.0,https://www.infosys.com/investors/reports-filings/quarterly-results/2020-2021/q3/documents/fact-sheet.pdf,9.5,https://www.infosys.com/investors/reports-filings/quarterly-results/2019-2020/q3/documents/fact-sheet.pdf,8.6,https://www.infosys.com/investors/reports-filings/quarterly-results/2019-2020/q3/documents/fact-sheet.pdf,1.0,https://www.infosys.com/investors/reports-filings/quarterly-results/2019-2020/q3/documents/fact-sheet.pdf,243454.0,https://www.infosys.com/investors/reports-filings/quarterly-results/2020-2021/q3/documents/fact-sheet.pdf,19.6,https://www.infosys.com/investors/reports-filings/quarterly-results/2019-2020/q4/documents/fact-sheet.pdf,84.4,https://www.infosys.com/investors/reports-filings/quarterly-results/2020-2021/q3/documents/fact-sheet.pdf,80.4,https://www.infosys.com/investors/reports-filings/quarterly-results/2020-2021/q3/documents/fact-sheet.pdf,84.4,https://www.infosys.com/investors/reports-filings/quarterly-results/2020-2021/q3/documents/fact-sheet.pdf,17190.0,https://www.sec.gov/Archives/edgar/data/1067491/000106749121000004/exv99w08.htm,1800.0,https://www.infosys.com/investors/reports-filings/quarterly-results/2019-2020/q3/documents/fact-sheet.pdf,,,,,7.444136497488308
infosys,2020Q1,3197.0,https://www.infosys.com/investors/reports-filings/quarterly-results/2020-2021/q4/documents/fact-sheet.pdf,232670.0,https://www.infosys.com/investors/reports-filings/quarterly-results/2020-2021/q4/documents/fact-sheet.pdf,6.4,https://www.infosys.com/investors/reports-filings/quarterly-results/2019-2020/q4/documents/fact-sheet.pdf,4.5,https://www.infosys.com/investors/reports-filings/quarterly-results/2019-2020/q4/documents/fact-sheet.pdf,-0.8,https://www.infosys.com/investors/reports-filings/quarterly-results/2019-2020/q4/documents/fact-sheet.pdf,242371.0,https://www.infosys.com/investors/reports-filings/quarterly-results/2020-2021/q4/documents/fact-sheet.pdf,20.7,https://www.infosys.com/investors/reports-filings/quarterly-results/2019-2020/q4/documents/fact-sheet.pdf,83.5,https://www.infosys.com/investors/reports-filings/quarterly-results/2020-2021/q4/documents/fact-sheet.pdf,79.0,https://www.infosys.com/investors/reports-filings/quarterly-results/2020-2021/q4/documents/fact-sheet.pdf,83.5,https://www.infosys.com/investors/reports-filings/quarterly-results/2020-2021/q4/documents/fact-sheet.pdf,17010.0,https://www.sec.gov/Archives/edgar/data/1067491/000106749121000030/exv99w08.htm,1650.0,https://www.infosys.com/investors/reports-filings/quarterly-results/2019-2020/q4/documents/fact-sheet.pdf,,,,,7.310783513130184
infosys,2020Q2,3121.0,https://www.infosys.com/investors/reports-filings/quarterly-results/2021-2022/q1/documents/fact-sheet.pdf,236650.0,https://www.infosys.com/investors/reports-filings/quarterly-results/2021-2022/q1/documents/fact-sheet.pdf,1.5,https://www.infosys.com/investors/reports-filings/quarterly-results/2020-2021/q1/documents/fact-sheet.pdf,-0.3,https://www.infosys.com/investors/reports-filings/quarterly-results/2020-2021/q1/documents/fact-sheet.pdf,-2.0,https://www.infosys.com/investors/reports-filings/quarterly-results/2020-2021/q1/documents/fact-sheet.pdf,239233.0,https://www.infosys.com/investors/reports-filings/quarterly-results/2021-2022/q1/documents/fact-sheet.pdf,15.6,https://www.infosys.com/investors/reports-filings/quarterly-results/2021-2022/q1/documents/fact-sheet.pdf,81.2,https://www.infosys.com/investors/reports-filings/quarterly-results/2021-2022/q1/documents/fact-sheet.pdf,78.2,https://www.infosys.com/investors/reports-filings/quarterly-results/2021-2022/q1/documents/fact-sheet.pdf,81.2,https://www.infosys.com/investors/reports-filings/quarterly-results/2021-2022/q1/documents/fact-sheet.pdf,16250.0,https://www.sec.gov/Archives/edgar/data/1067491/000106749121000054/exv99w08.htm,1740.0,https://www.infosys.com/investors/reports-filings/quarterly-results/2020-2021/q1/documents/fact-sheet.pdf,,,,,6.866680752165646
infosys,2020Q3,3312.0,https://www.infosys.com/investors/reports-filings/quarterly-results/2021-2022/q2/documents/fact-sheet.pdf,245700.0,https://www.infosys.com/investors/reports-filings/quarterly-results/2021-2022/q2/documents/fact-sheet.pdf,2.2,https://www.infosys.com/investors/reports-filings/quarterly-results/2020-2021/q2/documents/fact-sheet.pdf,3.2,https://www.infosys.com/investors/reports-filings/quarterly-results/2020-2021/q2/documents/fact-sheet.pdf,4.0,https://www.infosys.com/investors/reports-filings/quarterly-results/2020-2021/q2/documents/fact-sheet.pdf,240208.0,https://www.infosys.com/investors/reports-filings/quarterly-results/2021-2022/q2/documents/fact-sheet.pdf,12.8,https://www.infosys.com/investors/reports-filings/quarterly-results/2021-2022/q2/documents/fact-sheet.pdf,83.6,https://www.infosys.com/investors/reports-filings/quarterly-results/2021-2022/q2/documents/fact-sheet.pdf,80.6,https://www.infosys.com/investors/reports-filings/quarterly-results/2021-2022/q2/documents/fact-sheet.pdf,83.6,https://www.infosys.com/investors/reports-filings/quarterly-results/2021-2022/q2/documents/fact-sheet.pdf,16340.0,https://www.sec.gov/Archives/edgar/data/1067491/000106749121000068/exv99w08.htm,3150.0,https://www.sec.gov/Archives/edgar/data/1067491/000106749120000072/exv99w01.htm,,,,,6.6503866503866504
infosys,2020Q4,3516.0,https://www.infosys.com/investors/reports-filings/quarterly-results/2021-2022/q3/documents/fact-sheet.pdf,259270.0,https://www.infosys.com/investors/reports-filings/quarterly-results/2021-2022/q3/documents/fact-sheet.pdf,6.6,https://www.infosys.com/investors/reports-filings/quarterly-results/2020-2021/q3/documents/fact-sheet.pdf,8.4,https://www.infosys.com/investors/reports-filings/quarterly-results/2020-2021/q3/documents/fact-sheet.pdf,5.3,https://www.infosys.com/investors/reports-filings/quarterly-results/2020-2021/q3/documents/fact-sheet.pdf,249312.0,https://www.infosys.com/investors/reports-filings/quarterly-results/2021-2022/q3/documents/fact-sheet.pdf,11.0,https://www.infosys.com/investors/reports-filings/quarterly-results/2021-2022/q3/documents/fact-sheet.pdf,86.3,https://www.infosys.com/investors/reports-filings/quarterly-results/2021-2022/q3/documents/fact-sheet.pdf,82.3,https://www.infosys.com/investors/reports-filings/quarterly-results/2021-2022/q3/documents/fact-sheet.pdf,86.3,https://www.infosys.com/investors/reports-filings/quarterly-results/2021-2022/q3/documents/fact-sheet.pdf,18390.0,https://www.sec.gov/Archives/edgar/data/1067491/000106749122000004/exv99w08.htm,7130.0,https://www.sec.gov/Archives/edgar/data/1067491/000106749121000004/exv99w01.htm,,,,,7.092991861765727
infosys,2021Q1,3613.0,https://www.infosys.com/investors/reports-filings/quarterly-results/2021-2022/q4/documents/fact-sheet.pdf,263110.0,https://www.infosys.com/investors/reports-filings/quarterly-results/2021-2022/q4/documents/fact-sheet.pdf,9.6,https://www.infosys.com/investors/reports-filings/quarterly-results/2020-2021/q4/documents/fact-sheet.pdf,13.0,https://www.infosys.com/investors/reports-filings/quarterly-results/2020-2021/q4/documents/fact-sheet.pdf,2.0,https://www.infosys.com/investors/reports-filings/quarterly-results/2020-2021/q4/documents/fact-sheet.pdf,259619.0,https://www.infosys.com/investors/reports-filings/quarterly-results/2021-2022/q4/documents/fact-sheet.pdf,10.9,https://www.infosys.com/investors/reports-filings/quarterly-results/2021-2022/q4/documents/fact-sheet.pdf,87.7,https://www.infosys.com/investors/reports-filings/quarterly-results/2021-2022/q4/documents/fact-sheet.pdf,82.2,https://www.infosys.com/investors/reports-filings/quarterly-results/2021-2022/q4/documents/fact-sheet.pdf,87.7,https://www.infosys.com/investors/reports-filings/quarterly-results/2021-2022/q4/documents/fact-sheet.pdf,19850.0,https://www.sec.gov/Archives/edgar/data/1067491/000106749122000020/exv99w08.htm,2100.0,https://www.infosys.com/investors/reports-filings/quarterly-results/2020-2021/q4/documents/fact-sheet.pdf,,,,,7.544373075899814
infosys,2021Q2,3782.0,https://www.infosys.com/investors/reports-filings/quarterly-results/2022-2023/q1/documents/fact-sheet.pdf,278960.0,https://www.infosys.com/investors/reports-filings/quarterly-results/2022-2023/q1/documents/fact-sheet.pdf,16.9,https://www.infosys.com/investors/reports-filings/quarterly-results/2021-2022/q1/documents/fact-sheet.pdf,21.2,https://www.infosys.com/investors/reports-filings/quarterly-results/2021-2022/q1/documents/fact-sheet.pdf,4.8,https://www.infosys.com/investors/reports-filings/quarterly-results/2021-2022/q1/documents/fact-sheet.pdf,267953.0,https://www.infosys.com/investors/reports-filings/quarterly-results/2022-2023/q1/documents/fact-sheet.pdf,13.9,https://www.infosys.com/investors/reports-filings/quarterly-results/2022-2023/q1/documents/fact-sheet.pdf,88.5,https://www.infosys.com/investors/reports-filings/quarterly-results/2022-2023/q1/documents/fact-sheet.pdf,83.3,https://www.infosys.com/investors/reports-filings/quarterly-results/2022-2023/q1/documents/fact-sheet.pdf,88.5,https://www.infosys.com/investors/reports-filings/quarterly-results/2022-2023/q1/documents/fact-sheet.pdf,24540.0,https://www.sec.gov/Archives/edgar/data/1067491/000106749122000036/exv99w08.htm,2600.0,https://www.sec.gov/Archives/edgar/data/1067491/000106749121000054/exv99w01.htm,,,,,8.796960137654144
infosys,2021Q3,3998.0,https://www.infosys.com/investors/reports-filings/quarterly-results/2022-2023/q2/documents/fact-sheet.pdf,296020.0,https://www.infosys.com/investors/reports-filings/quarterly-results/2022-2023/q2/documents/fact-sheet.pdf,19.4,https://www.infosys.com/investors/reports-filings/quarterly-results/2021-2022/q2/documents/fact-sheet.pdf,20.7,https://www.infosys.com/investors/reports-filings/quarterly-results/2021-2022/q2/documents/fact-sheet.pdf,6.3,https://www.infosys.com/investors/reports-filings/quarterly-results/2021-2022/q2/documents/fact-sheet.pdf,279617.0,https://www.infosys.com/investors/reports-filings/quarterly-results/2022-2023/q2/documents/fact-sheet.pdf,20.1,https://www.infosys.com/investors/reports-filings/quarterly-results/2022-2023/q2/documents/fact-sheet.pdf,89.2,https://www.infosys.com/investors/reports-filings/quarterly-results/2022-2023/q2/documents/fact-sheet.pdf,84.1,https://www.infosys.com/investors/reports-filings/quarterly-results/2022-2023/q2/documents/fact-sheet.pdf,89.2,https://www.infosys.com/investors/reports-filings/quarterly-results/2022-2023/q2/documents/fact-sheet.pdf,30540.0,https://www.sec.gov/Archives/edgar/data/1067491/000106749122000046/exv99w08.htm,2150.0,https://www.sec.gov/Archives/edgar/data/1067491/000106749121000068/exv99w01.htm,,,,,10.316870481724207
infosys,2021Q4,4250.0,https://www.infosys.com/investors/reports-filings/quarterly-results/2022-2023/q3/documents/fact-sheet.pdf,318670.0,https://www.infosys.com/investors/reports-filings/quarterly-results/2022-2023/q3/documents/fact-sheet.pdf,21.5,https://www.infosys.com/investors/reports-filings/quarterly-results/2021-2022/q3/documents/fact-sheet.pdf,20.9,https://www.infosys.com/investors/reports-filings/quarterly-results/2021-2022/q3/documents/fact-sheet.pdf,7.0,https://www.infosys.com/investors/reports-filings/quarterly-results/2021-2022/q3/documents/fact-sheet.pdf,292067.0,https://www.infosys.com/investors/reports-filings/quarterly-results/2022-2023/q3/documents/fact-sheet.pdf,25.5,https://www.infosys.com/investors/reports-filings/quarterly-results/2022-2023/q3/documents/fact-sheet.pdf,88.5,https://www.infosys.com/investors/reports-filings/quarterly-results/2022-2023/q3/documents/fact-sheet.pdf,82.7,https://www.infosys.com/investors/reports-filings/quarterly-results/2022-2023/q3/documents/fact-sheet.pdf,88.5,https://www.infosys.com/investors/reports-filings/quarterly-results/2022-2023/q3/documents/fact-sheet.pdf,35110.0,https://www.sec.gov/Archives/edgar/data/1067491/000106749123000006/exv99w08.htm,2530.0,https://www.sec.gov/Archives/edgar/data/1067491/000106749122000004/exv99w01.htm,,,,,11.017667179213607
infosys,2022Q1,4280.0,https://www.infosys.com/investors/reports-filings/quarterly-results/2022-2023/q4/documents/fact-sheet.pdf,322760.0,https://www.infosys.com/investors/reports-filings/quarterly-results/2022-2023/q4/documents/fact-sheet.pdf,20.6,https://www.infosys.com/investors/reports-filings/quarterly-results/2021-2022/q4/documents/fact-sheet.pdf,18.5,https://www.infosys.com/investors/reports-filings/quarterly-results/2021-2022/q4/documents/fact-sheet.pdf,1.2,https://www.infosys.com/investors/reports-filings/quarterly-results/2021-2022/q4/documents/fact-sheet.pdf,314015.0,https://www.infosys.com/investors/reports-filings/quarterly-results/2022-2023/q4/documents/fact-sheet.pdf,27.7,https://www.infosys.com/investors/reports-filings/quarterly-results/2022-2023/q4/documents/fact-sheet.pdf,87.0,https://www.infosys.com/investors/reports-filings/quarterly-results/2022-2023/q4/documents/fact-sheet.pdf,80.0,https://www.infosys.com/investors/reports-filings/quarterly-results/2022-2023/q4/documents/fact-sheet.pdf,87.0,https://www.infosys.com/investors/reports-filings/quarterly-results/2022-2023/q4/documents/fact-sheet.pdf,35880.0,https://www.sec.gov/Archives/edgar/data/1067491/000106749123000027/exv99w08.htm,2300.0,https://www.sec.gov/Archives/edgar/data/1067491/000106749122000020/exv99w01.htm,,,,,11.11661915974718
infosys,2022Q2,4444.0,https://www.infosys.com/investors/reports-filings/quarterly-results/2023-2024/q1/documents/fact-sheet.pdf,344700.0,https://www.infosys.com/investors/reports-filings/quarterly-results/2023-2024/q1/documents/fact-sheet.pdf,21.4,https://www.infosys.com/investors/reports-filings/quarterly-results/2022-2023/q1/documents/fact-sheet.pdf,17.5,https://www.infosys.com/investors/reports-filings/quarterly-results/2022-2023/q1/documents/fact-sheet.pdf,5.5,https://www.infosys.com/investors/reports-filings/quarterly-results/2022-2023/q1/documents/fact-sheet.pdf,335186.0,https://www.infosys.com/investors/reports-filings/quarterly-results/2023-2024/q1/documents/fact-sheet.pdf,28.4,https://www.infosys.com/investors/reports-filings/quarterly-results/2023-2024/q1/documents/fact-sheet.pdf,84.7,https://www.infosys.com/investors/reports-filings/quarterly-results/2023-2024/q1/documents/fact-sheet.pdf,77.6,https://www.infosys.com/investors/reports-filings/quarterly-results/2023-2024/q1/documents/fact-sheet.pdf,84.7,https://www.infosys.com/investors/reports-filings/quarterly-results/2023-2024/q1/documents/fact-sheet.pdf,39090.0,https://www.sec.gov/Archives/edgar/data/1067491/000106749123000049/exv99w08.htm,1690.0,https://www.sec.gov/Archives/edgar/data/1067491/000106749122000036/exv99w05.htm,,,,,11.34029590948651
infosys,2022Q3,4555.0,https://www.infosys.com/investors/reports-filings/quarterly-results/2023-2024/q2/documents/fact-sheet.pdf,365380.0,https://www.infosys.com/investors/reports-filings/quarterly-results/2023-2024/q2/documents/fact-sheet.pdf,18.8,https://www.infosys.com/investors/reports-filings/quarterly-results/2022-2023/q2/documents/fact-sheet.pdf,13.9,https://www.infosys.com/investors/reports-filings/quarterly-results/2022-2023/q2/documents/fact-sheet.pdf,4.0,https://www.infosys.com/investors/reports-filings/quarterly-results/2022-2023/q2/documents/fact-sheet.pdf,345218.0,https://www.infosys.com/investors/reports-filings/quarterly-results/2023-2024/q2/documents/fact-sheet.pdf,27.1,https://www.infosys.com/investors/reports-filings/quarterly-results/2023-2024/q2/documents/fact-sheet.pdf,83.6,https://www.infosys.com/investors/reports-filings/quarterly-results/2023-2024/q2/documents/fact-sheet.pdf,76.6,https://www.infosys.com/investors/reports-filings/quarterly-results/2023-2024/q2/documents/fact-sheet.pdf,83.6,https://www.infosys.com/investors/reports-filings/quarterly-results/2023-2024/q2/documents/fact-sheet.pdf,36930.0,https://www.sec.gov/Archives/edgar/data/1067491/000106749123000057/exv99w08.htm,2700.0,https://www.sec.gov/Archives/edgar/data/1067491/000106749122000046/exv99w01.htm,,,,,10.10728556571241
infosys,2022Q4,4659.0,https://www.infosys.com/investors/reports-filings/quarterly-results/2023-2024/q3/documents/fact-sheet.pdf,383180.0,https://www.infosys.com/investors/reports-filings/quarterly-results/2023-2024/q3/documents/fact-sheet.pdf,13.7,https://www.infosys.com/investors/reports-filings/quarterly-results/2022-2023/q3/documents/fact-sheet.pdf,9.6,https://www.infosys.com/investors/reports-filings/quarterly-results/2022-2023/q3/documents/fact-sheet.pdf,2.4,https://www.infosys.com/investors/reports-filings/quarterly-results/2022-2023/q3/documents/fact-sheet.pdf,346845.0,https://www.infosys.com/investors/reports-filings/quarterly-results/2023-2024/q3/documents/fact-sheet.pdf,24.3,https://www.infosys.com/investors/reports-filings/quarterly-results/2023-2024/q3/documents/fact-sheet.pdf,81.7,https://www.infosys.com/investors/reports-filings/quarterly-results/2023-2024/q3/documents/fact-sheet.pdf,77.1,https://www.infosys.com/investors/reports-filings/quarterly-results/2023-2024/q3/documents/fact-sheet.pdf,81.7,https://www.infosys.com/investors/reports-filings/quarterly-results/2023-2024/q3/documents/fact-sheet.pdf,33430.0,https://www.sec.gov/Archives/edgar/data/1067491/000106749124000004/exv99w08.htm,3300.0,https://www.sec.gov/Archives/edgar/data/1067491/000106749123000006/exv99w01.htm,,,,,8.724359308940969
infosys,2023Q1,4554.0,https://www.infosys.com/investors/reports-filings/quarterly-results/2023-2024/q4/documents/fact-sheet.pdf,374410.0,https://www.infosys.com/investors/reports-filings/quarterly-results/2023-2024/q4/documents/fact-sheet.pdf,8.8,https://www.infosys.com/investors/reports-filings/quarterly-results/2022-2023/q4/documents/fact-sheet.pdf,6.4,https://www.infosys.com/investors/reports-filings/quarterly-results/2022-2023/q4/documents/fact-sheet.pdf,-3.2,https://www.infosys.com/investors/reports-filings/quarterly-results/2022-2023/q4/documents/fact-sheet.pdf,343234.0,https://www.infosys.com/investors/reports-filings/quarterly-results/2023-2024/q4/documents/fact-sheet.pdf,20.9,https://www.infosys.com/investors/reports-filings/quarterly-results/2023-2024/q4/documents/fact-sheet.pdf,80.0,https://www.infosys.com/investors/reports-filings/quarterly-results/2023-2024/q4/documents/fact-sheet.pdf,76.9,https://www.infosys.com/investors/reports-filings/quarterly-results/2023-2024/q4/documents/fact-sheet.pdf,80.0,https://www.infosys.com/investors/reports-filings/quarterly-results/2023-2024/q4/documents/fact-sheet.pdf,31150.0,https://www.sec.gov/Archives/edgar/data/1067491/000106749124000016/exv99w08.htm,2100.0,https://www.sec.gov/Archives/edgar/data/1067491/000106749123000027/exv99w05.htm,,,,,8.319756416762372
infosys,2023Q2,4617.0,https://www.infosys.com/investors/reports-filings/quarterly-results/2024-2025/q1/documents/fact-sheet.pdf,379330.0,https://www.infosys.com/investors/reports-filings/quarterly-results/2024-2025/q1/documents/fact-sheet.pdf,4.2,https://www.infosys.com/investors/reports-filings/quarterly-results/2023-2024/q1/documents/fact-sheet.pdf,3.9,https://www.infosys.com/investors/reports-filings/quarterly-results/2023-2024/q1/documents/fact-sheet.pdf,1.0,https://www.infosys.com/investors/reports-filings/quarterly-results/2023-2024/q1/documents/fact-sheet.pdf,336294.0,https://www.infosys.com/investors/reports-filings/quarterly-results/2024-2025/q1/documents/fact-sheet.pdf,17.3,https://www.infosys.com/investors/reports-filings/quarterly-results/2024-2025/q1/documents/fact-sheet.pdf,81.1,https://www.infosys.com/investors/reports-filings/quarterly-results/2024-2025/q1/documents/fact-sheet.pdf,78.9,https://www.infosys.com/investors/reports-filings/quarterly-results/2024-2025/q1/documents/fact-sheet.pdf,81.1,https://www.infosys.com/investors/reports-filings/quarterly-results/2024-2025/q1/documents/fact-sheet.pdf,31230.0,https://www.sec.gov/Archives/edgar/data/1067491/000106749124000026/exv99w08.htm,2300.0,https://www.sec.gov/Archives/edgar/data/1067491/000106749123000049/exv99w01.htm,,,,,8.232937020536209
infosys,2023Q3,4718.0,https://www.infosys.com/investors/reports-filings/quarterly-results/2024-2025/q2/documents/fact-sheet.pdf,389940.0,https://www.infosys.com/investors/reports-filings/quarterly-results/2024-2025/q2/documents/fact-sheet.pdf,2.5,https://www.infosys.com/investors/reports-filings/quarterly-results/2023-2024/q2/documents/fact-sheet.pdf,3.6,https://www.infosys.com/investors/reports-filings/quarterly-results/2023-2024/q2/documents/fact-sheet.pdf,2.3,https://www.infosys.com/investors/reports-filings/quarterly-results/2023-2024/q2/documents/fact-sheet.pdf,328764.0,https://www.infosys.com/investors/reports-filings/quarterly-results/2024-2025/q2/documents/fact-sheet.pdf,14.6,https://www.infosys.com/investors/reports-filings/quarterly-results/2024-2025/q2/documents/fact-sheet.pdf,81.8,https://www.infosys.com/investors/reports-filings/quarterly-results/2024-2025/q2/documents/fact-sheet.pdf,80.4,https://www.infosys.com/investors/reports-filings/quarterly-results/2024-2025/q2/documents/fact-sheet.pdf,81.8,https://www.infosys.com/investors/reports-filings/quarterly-results/2024-2025/q2/documents/fact-sheet.pdf,30740.0,https://www.sec.gov/Archives/edgar/data/1067491/000106749124000034/exv99w08.htm,7700.0,https://www.sec.gov/Archives/edgar/data/1067491/000106749123000057/exv99w01.htm,,,,,7.883264091911576
infosys,2023Q4,4663.0,https://www.infosys.com/investors/reports-filings/quarterly-results/2024-2025/q3/documents/fact-sheet.pdf,388210.0,https://www.infosys.com/investors/reports-filings/quarterly-results/2024-2025/q3/documents/fact-sheet.pdf,-1.0,https://www.infosys.com/investors/reports-filings/quarterly-results/2023-2024/q3/documents/fact-sheet.pdf,0.1,https://www.infosys.com/investors/reports-filings/quarterly-results/2023-2024/q3/documents/fact-sheet.pdf,-1.0,https://www.infosys.com/investors/reports-filings/quarterly-results/2023-2024/q3/documents/fact-sheet.pdf,322663.0,https://www.infosys.com/investors/reports-filings/quarterly-results/2024-2025/q3/documents/fact-sheet.pdf,12.9,https://www.infosys.com/investors/reports-filings/quarterly-results/2024-2025/q3/documents/fact-sheet.pdf,82.7,https://www.infosys.com/investors/reports-filings/quarterly-results/2024-2025/q3/documents/fact-sheet.pdf,81.7,https://www.infosys.com/investors/reports-filings/quarterly-results/2024-2025/q3/documents/fact-sheet.pdf,82.7,https://www.infosys.com/investors/reports-filings/quarterly-results/2024-2025/q3/documents/fact-sheet.pdf,30640.0,https://www.sec.gov/Archives/edgar/data/1067491/000106749125000004/exv99w08.htm,3200.0,https://www.sec.gov/Archives/edgar/data/1067491/000106749124000004/exv99w01.htm,,,,,7.892635429277968
infosys,2024Q1,4564.0,https://www.infosys.com/investors/reports-filings/quarterly-results/2024-2025/q4/documents/fact-sheet.pdf,379230.0,https://www.infosys.com/investors/reports-filings/quarterly-results/2024-2025/q4/documents/fact-sheet.pdf,0.0,https://www.infosys.com/investors/reports-filings/quarterly-results/2023-2024/q4/documents/fact-sheet.pdf,0.2,https://www.infosys.com/investors/reports-filings/quarterly-results/2023-2024/q4/documents/fact-sheet.pdf,-2.2,https://www.infosys.com/investors/reports-filings/quarterly-results/2023-2024/q4/documents/fact-sheet.pdf,317240.0,https://www.infosys.com/investors/reports-filings/quarterly-results/2024-2025/q4/documents/fact-sheet.pdf,12.6,https://www.infosys.com/investors/reports-filings/quarterly-results/2024-2025/q4/documents/fact-sheet.pdf,83.5,https://www.infosys.com/investors/reports-filings/quarterly-results/2024-2025/q4/documents/fact-sheet.pdf,82.0,https://www.infosys.com/investors/reports-filings/quarterly-results/2024-2025/q4/documents/fact-sheet.pdf,83.5,https://www.infosys.com/investors/reports-filings/quarterly-results/2024-2025/q4/documents/fact-sheet.pdf,29660.0,https://www.sec.gov/Archives/edgar/data/1067491/000106749125000010/exv99w08.htm,4500.0,https://www.sec.gov/Archives/edgar/data/1067491/000106749124000016/exv99w01.htm,,,,,7.821111199008517
infosys,2024Q2,4714.0,https://www.infosys.com/investors/reports-filings/quarterly-results/2025-2026/q1/documents/fact-sheet.pdf,393150.0,https://www.infosys.com/investors/reports-filings/quarterly-results/2025-2026/q1/documents/fact-sheet.pdf,2.5,https://www.infosys.com/investors/reports-filings/quarterly-results/2024-2025/q1/documents/fact-sheet.pdf,2.1,https://www.infosys.com/investors/reports-filings/quarterly-results/2024-2025/q1/documents/fact-sheet.pdf,3.6,https://www.infosys.com/investors/reports-filings/quarterly-results/2024-2025/q1/documents/fact-sheet.pdf,315332.0,https://www.infosys.com/investors/reports-filings/quarterly-results/2025-2026/q1/documents/fact-sheet.pdf,12.7,https://www.infosys.com/investors/reports-filings/quarterly-results/2025-2026/q1/documents/fact-sheet.pdf,85.3,https://www.infosys.com/investors/reports-filings/quarterly-results/2025-2026/q1/documents/fact-sheet.pdf,83.9,https://www.infosys.com/investors/reports-filings/quarterly-results/2025-2026/q1/documents/fact-sheet.pdf,85.3,https://www.infosys.com/investors/reports-filings/quarterly-results/2025-2026/q1/documents/fact-sheet.pdf,31680.0,https://www.sec.gov/Archives/edgar/data/1067491/000106749125000022/exv99w08.htm,4100.0,https://www.sec.gov/Archives/edgar/data/1067491/000106749124000026/exv99w01.htm,,,,,8.057993132392216
infosys,2024Q3,4894.0,https://www.infosys.com/investors/reports-filings/quarterly-results/2025-2026/q2/documents/fact-sheet.pdf,409860.0,https://www.infosys.com/investors/reports-filings/quarterly-results/2025-2026/q2/documents/fact-sheet.pdf,3.3,https://www.infosys.com/investors/reports-filings/quarterly-results/2024-2025/q2/documents/fact-sheet.pdf,3.7,https://www.infosys.com/investors/reports-filings/quarterly-results/2024-2025/q2/documents/fact-sheet.pdf,3.1,https://www.infosys.com/investors/reports-filings/quarterly-results/2024-2025/q2/documents/fact-sheet.pdf,317788.0,https://www.infosys.com/investors/reports-filings/quarterly-results/2025-2026/q2/documents/fact-sheet.pdf,12.9,https://www.infosys.com/investors/reports-filings/quarterly-results/2025-2026/q2/documents/fact-sheet.pdf,85.9,https://www.infosys.com/investors/reports-filings/quarterly-results/2025-2026/q2/documents/fact-sheet.pdf,84.3,https://www.infosys.com/investors/reports-filings/quarterly-results/2025-2026/q2/documents/fact-sheet.pdf,85.9,https://www.infosys.com/investors/reports-filings/quarterly-results/2025-2026/q2/documents/fact-sheet.pdf,31900.0,https://www.sec.gov/Archives/edgar/data/1067491/000106749125000036/exv99w08.htm,2400.0,https://www.sec.gov/Archives/edgar/data/1067491/000106749124000034/exv99w01.htm,,,,,7.7831454643048845
infosys,2024Q4,4939.0,https://www.infosys.com/investors/reports-filings/quarterly-results/2025-2026/q3/documents/fact-sheet.pdf,417640.0,https://www.infosys.com/investors/reports-filings/quarterly-results/2025-2026/q3/documents/fact-sheet.pdf,6.1,https://www.infosys.com/investors/reports-filings/quarterly-results/2024-2025/q3/documents/fact-sheet.pdf,5.9,https://www.infosys.com/investors/reports-filings/quarterly-results/2024-2025/q3/documents/fact-sheet.pdf,1.7,https://www.infosys.com/investors/reports-filings/quarterly-results/2024-2025/q3/documents/fact-sheet.pdf,323379.0,https://www.infosys.com/investors/reports-filings/quarterly-results/2025-2026/q3/documents/fact-sheet.pdf,13.7,https://www.infosys.com/investors/reports-filings/quarterly-results/2025-2026/q3/documents/fact-sheet.pdf,86.0,https://www.infosys.com/investors/reports-filings/quarterly-results/2025-2026/q3/documents/fact-sheet.pdf,83.4,https://www.infosys.com/investors/reports-filings/quarterly-results/2025-2026/q3/documents/fact-sheet.pdf,86.0,https://www.infosys.com/investors/reports-filings/quarterly-results/2025-2026/q3/documents/fact-sheet.pdf,33000.0,https://www.sec.gov/Archives/edgar/data/1067491/000106749126000004/exv99w08.htm,2500.0,https://www.sec.gov/Archives/edgar/data/1067491/000106749125000004/exv99w01.htm,,,,,7.901541997892922
infosys,2025Q1,4730.0,https://www.infosys.com/investors/reports-filings/quarterly-results/2025-2026/q4/documents/fact-sheet.pdf,409250.0,https://www.infosys.com/investors/reports-filings/quarterly-results/2025-2026/q4/documents/fact-sheet.pdf,4.8,https://www.infosys.com/investors/reports-filings/quarterly-results/2024-2025/q4/documents/fact-sheet.pdf,3.6,https://www.infosys.com/investors/reports-filings/quarterly-results/2024-2025/q4/documents/fact-sheet.pdf,-3.5,https://www.infosys.com/investors/reports-filings/quarterly-results/2024-2025/q4/documents/fact-sheet.pdf,323578.0,https://www.infosys.com/investors/reports-filings/quarterly-results/2025-2026/q4/documents/fact-sheet.pdf,14.1,https://www.infosys.com/investors/reports-filings/quarterly-results/2025-2026/q4/documents/fact-sheet.pdf,84.9,https://www.infosys.com/investors/reports-filings/quarterly-results/2025-2026/q4/documents/fact-sheet.pdf,81.9,https://www.infosys.com/investors/reports-filings/quarterly-results/2025-2026/q4/documents/fact-sheet.pdf,84.9,https://www.infosys.com/investors/reports-filings/quarterly-results/2025-2026/q4/documents/fact-sheet.pdf,32760.0,https://www.sec.gov/Archives/edgar/data/1067491/000106749126000018/exv99w08.htm,2600.0,https://www.sec.gov/Archives/edgar/data/1067491/000106749125000010/exv99w05.htm,,,,,8.004886988393402
infosys,2025Q2,4941.0,https://www.infosys.com/investors/reports-filings/quarterly-results/2026-2027/q1/documents/fact-sheet.pdf,422790.0,https://www.infosys.com/investors/reports-filings/quarterly-results/2026-2027/q1/documents/fact-sheet.pdf,3.8,https://www.infosys.com/investors/reports-filings/quarterly-results/2025-2026/q1/documents/fact-sheet.pdf,4.8,https://www.infosys.com/investors/reports-filings/quarterly-results/2025-2026/q1/documents/fact-sheet.pdf,2.6,https://www.infosys.com/investors/reports-filings/quarterly-results/2025-2026/q1/documents/fact-sheet.pdf,323788.0,https://www.infosys.com/investors/reports-filings/quarterly-results/2026-2027/q1/documents/fact-sheet.pdf,14.4,https://www.infosys.com/investors/reports-filings/quarterly-results/2026-2027/q1/documents/fact-sheet.pdf,85.2,https://www.infosys.com/investors/reports-filings/quarterly-results/2026-2027/q1/documents/fact-sheet.pdf,82.7,https://www.infosys.com/investors/reports-filings/quarterly-results/2026-2027/q1/documents/fact-sheet.pdf,85.2,https://www.infosys.com/investors/reports-filings/quarterly-results/2026-2027/q1/documents/fact-sheet.pdf,34970.0,https://www.sec.gov/Archives/edgar/data/1067491/000106749126000038/exv99w08.htm,3800.0,https://www.sec.gov/Archives/edgar/data/1067491/000106749125000022/exv99w01.htm,,,,,8.271245772132737
infosys,2025Q3,5076.0,https://www.infosys.com/investors/reports-filings/quarterly-results/2025-2026/q3/documents/fact-sheet.pdf,444900.0,https://www.infosys.com/investors/reports-filings/quarterly-results/2025-2026/q3/documents/fact-sheet.pdf,2.9,https://www.infosys.com/investors/reports-filings/quarterly-results/2025-2026/q2/documents/fact-sheet.pdf,3.7,https://www.infosys.com/investors/reports-filings/quarterly-results/2025-2026/q2/documents/fact-sheet.pdf,2.2,https://www.infosys.com/investors/reports-filings/quarterly-results/2025-2026/q2/documents/fact-sheet.pdf,331991.0,https://www.infosys.com/investors/reports-filings/quarterly-results/2025-2026/q3/documents/fact-sheet.pdf,14.3,https://www.infosys.com/investors/reports-filings/quarterly-results/2025-2026/q3/documents/fact-sheet.pdf,85.1,https://www.infosys.com/investors/reports-filings/quarterly-results/2025-2026/q3/documents/fact-sheet.pdf,82.2,https://www.infosys.com/investors/reports-filings/quarterly-results/2025-2026/q3/documents/fact-sheet.pdf,85.1,https://www.infosys.com/investors/reports-filings/quarterly-results/2025-2026/q3/documents/fact-sheet.pdf,38790.0,https://www.sec.gov/Archives/edgar/data/1067491/000106749125000036/exv99w08.htm,3100.0,https://www.sec.gov/Archives/edgar/data/1067491/000106749125000036/exv99w01.htm,,,,,8.718813216453135
infosys,2025Q4,5099.0,https://www.infosys.com/investors/reports-filings/quarterly-results/2025-2026/q4/documents/fact-sheet.pdf,454790.0,https://www.infosys.com/investors/reports-filings/quarterly-results/2025-2026/q4/documents/fact-sheet.pdf,1.7,https://www.infosys.com/investors/reports-filings/quarterly-results/2025-2026/q3/documents/fact-sheet.pdf,3.2,https://www.infosys.com/investors/reports-filings/quarterly-results/2025-2026/q3/documents/fact-sheet.pdf,0.6,https://www.infosys.com/investors/reports-filings/quarterly-results/2025-2026/q3/documents/fact-sheet.pdf,337034.0,https://www.infosys.com/investors/reports-filings/quarterly-results/2025-2026/q4/documents/fact-sheet.pdf,12.3,https://www.infosys.com/investors/reports-filings/quarterly-results/2025-2026/q4/documents/fact-sheet.pdf,84.1,https://www.infosys.com/investors/reports-filings/quarterly-results/2025-2026/q4/documents/fact-sheet.pdf,80.0,https://www.infosys.com/investors/reports-filings/quarterly-results/2025-2026/q4/documents/fact-sheet.pdf,84.1,https://www.infosys.com/investors/reports-filings/quarterly-results/2025-2026/q4/documents/fact-sheet.pdf,40920.0,https://www.sec.gov/Archives/edgar/data/1067491/000106749126000004/exv99w08.htm,4800.0,https://www.sec.gov/Archives/edgar/data/1067491/000106749126000004/exv99w01.htm,,,,,8.997559313089559
infosys,2026Q1,5040.0,https://www.infosys.com/investors/reports-filings/quarterly-results/2026-2027/q1/documents/fact-sheet.pdf,464020.0,https://www.infosys.com/investors/reports-filings/quarterly-results/2026-2027/q1/documents/fact-sheet.pdf,4.1,https://www.infosys.com/investors/reports-filings/quarterly-results/2025-2026/q4/documents/fact-sheet.pdf,6.6,https://www.infosys.com/investors/reports-filings/quarterly-results/2025-2026/q4/documents/fact-sheet.pdf,-1.3,https://www.infosys.com/investors/reports-filings/quarterly-results/2025-2026/q4/documents/fact-sheet.pdf,328594.0,https://www.infosys.com/investors/reports-filings/quarterly-results/2026-2027/q1/documents/fact-sheet.pdf,12.6,https://www.infosys.com/investors/reports-filings/quarterly-results/2026-2027/q1/documents/fact-sheet.pdf,83.0,https://www.infosys.com/investors/reports-filings/quarterly-results/2026-2027/q1/documents/fact-sheet.pdf,79.7,https://www.infosys.com/investors/reports-filings/quarterly-results/2026-2027/q1/documents/fact-sheet.pdf,83.0,https://www.infosys.com/investors/reports-filings/quarterly-results/2026-2027/q1/documents/fact-sheet.pdf,39520.0,https://www.sec.gov/Archives/edgar/data/1067491/000106749126000018/exv99w08.htm,3200.0,https://www.sec.gov/Archives/edgar/data/1067491/000106749126000018/exv99w05.htm,,,,,8.516874272660662
infosys,2026Q2,5082.0,https://www.infosys.com/investors/reports-filings/quarterly-results/2026-2027/q1/documents/fact-sheet.pdf,482110.0,https://www.infosys.com/investors/reports-filings/quarterly-results/2026-2027/q1/documents/fact-sheet.pdf,2.4,https://www.infosys.com/investors/reports-filings/quarterly-results/2026-2027/q1/documents/fact-sheet.pdf,2.8,https://www.infosys.com/investors/reports-filings/quarterly-results/2026-2027/q1/documents/fact-sheet.pdf,1.0,https://www.infosys.com/investors/reports-filings/quarterly-results/2026-2027/q1/documents/fact-sheet.pdf,328062.0,https://www.infosys.com/investors/reports-filings/quarterly-results/2026-2027/q1/documents/fact-sheet.pdf,13.0,https://www.infosys.com/investors/reports-filings/quarterly-results/2026-2027/q1/documents/fact-sheet.pdf,84.9,https://www.infosys.com/investors/reports-filings/quarterly-results/2026-2027/q1/documents/fact-sheet.pdf,82.1,https://www.infosys.com/investors/reports-filings/quarterly-results/2026-2027/q1/documents/fact-sheet.pdf,84.9,https://www.infosys.com/investors/reports-filings/quarterly-results/2026-2027/q1/documents/fact-sheet.pdf,41810.0,https://www.sec.gov/Archives/edgar/data/1067491/000106749126000038/exv99w08.htm,3600.0,https://www.sec.gov/Archives/edgar/data/1067491/000106749126000038/exv99w01.htm,,,,,8.672294704528012
lti,2015Q2,208.6,https://www.ltm.com/content/dam/ltimcorporatewebsite/uploads/investors/2017/04/PressRelease-1.pdf,13332.0,https://www.ltm.com/content/dam/ltimcorporatewebsite/uploads/investors/2017/04/PressRelease-1.pdf,,,,,,,20331.0,https://www.ltm.com/content/dam/ltimcorporatewebsite/uploads/investors/2017/04/PressRelease-1.pdf,20.1,https://www.ltm.com/content/dam/ltimcorporatewebsite/uploads/investors/2017/04/PressRelease-1.pdf,75.2,https://www.ltm.com/content/dam/ltimcorporatewebsite/uploads/investors/2017/04/PressRelease-1.pdf,73.8,https://www.ltm.com/content/dam/ltimcorporatewebsite/uploads/investors/2017/04/PressRelease-1.pdf,75.2,https://www.ltm.com/content/dam/ltimcorporatewebsite/uploads/investors/2017/04/PressRelease-1.pdf,,,,,,,,,
lti,2015Q3,223.9,https://www.ltm.com/content/dam/ltimcorporatewebsite/uploads/investors/2017/04/LTI-Q2FY17-Earnings-Release-and-Factsheet-2.pdf,14682.0,https://www.ltm.com/content/dam/ltimcorporatewebsite/uploads/investors/2017/04/LTI-Q2FY17-Earnings-Release-and-Factsheet-2.pdf,,,,,,,21171.0,https://www.ltm.com/content/dam/ltimcorporatewebsite/uploads/investors/2017/04/LTI-Q2FY17-Earnings-Release-and-Factsheet-2.pdf,19.7,https://www.ltm.com/content/dam/ltimcorporatewebsite/uploads/investors/2017/04/LTI-Q2FY17-Earnings-Release-and-Factsheet-2.pdf,75.5,https://www.ltm.com/content/dam/ltimcorporatewebsite/uploads/investors/2017/04/LTI-Q2FY17-Earnings-Release-and-Factsheet-2.pdf,72.8,https://www.ltm.com/content/dam/ltimcorporatewebsite/uploads/investors/2017/04/LTI-Q2FY17-Earnings-Release-and-Factsheet-2.pdf,75.5,https://www.ltm.com/content/dam/ltimcorporatewebsite/uploads/investors/2017/04/LTI-Q2FY17-Earnings-Release-and-Factsheet-2.pdf,,,,,,,,,
lti,2015Q4,225.0,https://www.ltm.com/content/dam/ltimcorporatewebsite/uploads/investors/2017/04/LTI-Q3Y17-2.pdf,14870.0,https://www.ltm.com/content/dam/ltimcorporatewebsite/uploads/investors/2017/04/LTI-Q3Y17-2.pdf,,,,,,,21073.0,https://www.ltm.com/content/dam/ltimcorporatewebsite/uploads/investors/2017/04/LTI-Q3Y17-2.pdf,18.5,https://www.ltm.com/content/dam/ltimcorporatewebsite/uploads/investors/2017/04/LTI-Q3Y17-2.pdf,76.5,https://www.ltm.com/content/dam/ltimcorporatewebsite/uploads/investors/2017/04/LTI-Q3Y17-2.pdf,74.0,https://www.ltm.com/content/dam/ltimcorporatewebsite/uploads/investors/2017/04/LTI-Q3Y17-2.pdf,76.5,https://www.ltm.com/content/dam/ltimcorporatewebsite/uploads/investors/2017/04/LTI-Q3Y17-2.pdf,,,,,,,,,
lti,2016Q1,229.7,https://nsearchives.nseindia.com/corporate/LTI_Results_04052017164048.zip,15579.0,https://nsearchives.nseindia.com/corporate/LTI_Results_04052017164048.zip,,,,,,,20072.0,https://nsearchives.nseindia.com/corporate/LTI_Results_04052017164048.zip,18.4,https://nsearchives.nseindia.com/corporate/LTI_Results_04052017164048.zip,77.1,https://nsearchives.nseindia.com/corporate/LTI_Results_04052017164048.zip,75.9,https://nsearchives.nseindia.com/corporate/LTI_Results_04052017164048.zip,77.1,https://nsearchives.nseindia.com/corporate/LTI_Results_04052017164048.zip,,,,,,,,,
lti,2016Q2,231.1,https://www.ltm.com/content/dam/ltimcorporatewebsite/uploads/investors/2017/07/LTI-Q1Y18-Earnings-Release-and-Factsheet_Final-Upload-4-20-PM.pdf,15550.0,https://www.ltm.com/content/dam/ltimcorporatewebsite/uploads/investors/2017/07/LTI-Q1Y18-Earnings-Release-and-Factsheet_Final-Upload-4-20-PM.pdf,12.1,https://www.ltm.com/content/dam/ltimcorporatewebsite/uploads/investors/2017/04/PressRelease-1.pdf,10.8,https://www.ltm.com/content/dam/ltimcorporatewebsite/uploads/investors/2017/04/PressRelease-1.pdf,-0.3,https://www.ltm.com/content/dam/ltimcorporatewebsite/uploads/investors/2017/04/PressRelease-1.pdf,19292.0,https://www.ltm.com/content/dam/ltimcorporatewebsite/uploads/investors/2017/07/LTI-Q1Y18-Earnings-Release-and-Factsheet_Final-Upload-4-20-PM.pdf,19.5,https://www.ltm.com/content/dam/ltimcorporatewebsite/uploads/investors/2017/07/LTI-Q1Y18-Earnings-Release-and-Factsheet_Final-Upload-4-20-PM.pdf,78.0,https://www.ltm.com/content/dam/ltimcorporatewebsite/uploads/investors/2017/07/LTI-Q1Y18-Earnings-Release-and-Factsheet_Final-Upload-4-20-PM.pdf,77.4,https://www.ltm.com/content/dam/ltimcorporatewebsite/uploads/investors/2017/07/LTI-Q1Y18-Earnings-Release-and-Factsheet_Final-Upload-4-20-PM.pdf,78.0,https://www.ltm.com/content/dam/ltimcorporatewebsite/uploads/investors/2017/07/LTI-Q1Y18-Earnings-Release-and-Factsheet_Final-Upload-4-20-PM.pdf,,,,,,,,,
lti,2016Q3,239.7,https://www.ltm.com/content/dam/ltimcorporatewebsite/uploads/investors/2018/01/Q2FY18-Earning-Release-Factsheet.pdf,16020.0,https://www.ltm.com/content/dam/ltimcorporatewebsite/uploads/investors/2018/01/Q2FY18-Earning-Release-Factsheet.pdf,7.2,https://www.ltm.com/content/dam/ltimcorporatewebsite/uploads/investors/2017/04/LTI-Q2FY17-Earnings-Release-and-Factsheet-2.pdf,7.0,https://www.ltm.com/content/dam/ltimcorporatewebsite/uploads/investors/2017/04/LTI-Q2FY17-Earnings-Release-and-Factsheet-2.pdf,3.6,https://www.ltm.com/content/dam/ltimcorporatewebsite/uploads/investors/2017/04/LTI-Q2FY17-Earnings-Release-and-Factsheet-2.pdf,19751.0,https://www.ltm.com/content/dam/ltimcorporatewebsite/uploads/investors/2018/01/Q2FY18-Earning-Release-Factsheet.pdf,18.5,https://www.ltm.com/content/dam/ltimcorporatewebsite/uploads/investors/2018/01/Q2FY18-Earning-Release-Factsheet.pdf,80.6,https://www.ltm.com/content/dam/ltimcorporatewebsite/uploads/investors/2018/01/Q2FY18-Earning-Release-Factsheet.pdf,78.7,https://www.ltm.com/content/dam/ltimcorporatewebsite/uploads/investors/2018/01/Q2FY18-Earning-Release-Factsheet.pdf,80.6,https://www.ltm.com/content/dam/ltimcorporatewebsite/uploads/investors/2018/01/Q2FY18-Earning-Release-Factsheet.pdf,,,,,,,,,
lti,2016Q4,245.1,https://www.ltm.com/content/dam/ltimcorporatewebsite/uploads/investors/2018/07/LTI_Q3FY18-Factsheet-1.pdf,16667.0,https://www.ltm.com/content/dam/ltimcorporatewebsite/uploads/investors/2018/07/LTI_Q3FY18-Factsheet-1.pdf,10.3,https://www.ltm.com/content/dam/ltimcorporatewebsite/uploads/investors/2017/04/LTI-Q3Y17-2.pdf,9.0,https://www.ltm.com/content/dam/ltimcorporatewebsite/uploads/investors/2017/04/LTI-Q3Y17-2.pdf,3.8,https://www.ltm.com/content/dam/ltimcorporatewebsite/uploads/investors/2017/04/LTI-Q3Y17-2.pdf,20605.0,https://www.ltm.com/content/dam/ltimcorporatewebsite/uploads/investors/2018/07/LTI_Q3FY18-Factsheet-1.pdf,18.1,https://nsearchives.nseindia.com/corporate/LTI_Results_04052017164048.zip,80.5,https://www.ltm.com/content/dam/ltimcorporatewebsite/uploads/investors/2018/07/LTI_Q3FY18-Factsheet-1.pdf,78.1,https://www.ltm.com/content/dam/ltimcorporatewebsite/uploads/investors/2018/07/LTI_Q3FY18-Factsheet-1.pdf,80.5,https://www.ltm.com/content/dam/ltimcorporatewebsite/uploads/investors/2018/07/LTI_Q3FY18-Factsheet-1.pdf,,,,,,,,,
lti,2017Q1,254.1,https://www.ltm.com/content/dam/ltimcorporatewebsite/uploads/investors/2018/05/LTI_Q4FY18_Factsheet.pdf,16772.0,https://www.ltm.com/content/dam/ltimcorporatewebsite/uploads/investors/2018/05/LTI_Q4FY18_Factsheet.pdf,10.2,https://nsearchives.nseindia.com/corporate/LTI_Results_04052017164048.zip,10.6,https://nsearchives.nseindia.com/corporate/LTI_Results_04052017164048.zip,2.4,https://nsearchives.nseindia.com/corporate/LTI_Results_04052017164048.zip,21023.0,https://www.ltm.com/content/dam/ltimcorporatewebsite/uploads/investors/2018/05/LTI_Q4FY18_Factsheet.pdf,16.9,https://www.ltm.com/content/dam/ltimcorporatewebsite/uploads/investors/2018/05/LTI_Q4FY18_Factsheet.pdf,79.3,https://www.ltm.com/content/dam/ltimcorporatewebsite/uploads/investors/2018/05/LTI_Q4FY18_Factsheet.pdf,78.3,https://www.ltm.com/content/dam/ltimcorporatewebsite/uploads/investors/2018/05/LTI_Q4FY18_Factsheet.pdf,79.3,https://www.ltm.com/content/dam/ltimcorporatewebsite/uploads/investors/2018/05/LTI_Q4FY18_Factsheet.pdf,,,,,,,,,
lti,2017Q2,259.2,https://www.ltm.com/content/dam/ltimcorporatewebsite/uploads/investors/2018/07/Q1FY19-Earnings-Release-Fact-Sheet.pdf,16707.0,https://www.ltm.com/content/dam/ltimcorporatewebsite/uploads/investors/2018/07/Q1FY19-Earnings-Release-Fact-Sheet.pdf,11.8,https://www.ltm.com/content/dam/ltimcorporatewebsite/uploads/investors/2017/07/LTI-Q1Y18-Earnings-Release-and-Factsheet_Final-Upload-4-20-PM.pdf,12.2,https://www.ltm.com/content/dam/ltimcorporatewebsite/uploads/investors/2017/07/LTI-Q1Y18-Earnings-Release-and-Factsheet_Final-Upload-4-20-PM.pdf,1.5,https://www.ltm.com/content/dam/ltimcorporatewebsite/uploads/investors/2017/07/LTI-Q1Y18-Earnings-Release-and-Factsheet_Final-Upload-4-20-PM.pdf,22321.0,https://www.ltm.com/content/dam/ltimcorporatewebsite/uploads/investors/2018/07/Q1FY19-Earnings-Release-Fact-Sheet.pdf,14.7,https://www.ltm.com/content/dam/ltimcorporatewebsite/uploads/investors/2018/07/Q1FY19-Earnings-Release-Fact-Sheet.pdf,78.2,https://www.ltm.com/content/dam/ltimcorporatewebsite/uploads/investors/2018/07/Q1FY19-Earnings-Release-Fact-Sheet.pdf,77.7,https://www.ltm.com/content/dam/ltimcorporatewebsite/uploads/investors/2018/07/Q1FY19-Earnings-Release-Fact-Sheet.pdf,78.2,https://www.ltm.com/content/dam/ltimcorporatewebsite/uploads/investors/2018/07/Q1FY19-Earnings-Release-Fact-Sheet.pdf,,,,,,,,,
lti,2017Q3,270.6,https://www.ltm.com/content/dam/ltimcorporatewebsite/uploads/investors/2018/10/Q2FY19-Earnings-Release-Factsheet.pdf,17508.0,https://www.ltm.com/content/dam/ltimcorporatewebsite/uploads/investors/2018/10/Q2FY19-Earnings-Release-Factsheet.pdf,11.7,https://www.ltm.com/content/dam/ltimcorporatewebsite/uploads/investors/2018/01/Q2FY18-Earning-Release-Factsheet.pdf,12.9,https://www.ltm.com/content/dam/ltimcorporatewebsite/uploads/investors/2018/01/Q2FY18-Earning-Release-Factsheet.pdf,3.5,https://www.ltm.com/content/dam/ltimcorporatewebsite/uploads/investors/2018/01/Q2FY18-Earning-Release-Factsheet.pdf,22554.0,https://www.ltm.com/content/dam/ltimcorporatewebsite/uploads/investors/2018/10/Q2FY19-Earnings-Release-Factsheet.pdf,15.0,https://www.ltm.com/content/dam/ltimcorporatewebsite/uploads/investors/2018/10/Q2FY19-Earnings-Release-Factsheet.pdf,80.7,https://www.ltm.com/content/dam/ltimcorporatewebsite/uploads/investors/2018/10/Q2FY19-Earnings-Release-Factsheet.pdf,79.6,https://www.ltm.com/content/dam/ltimcorporatewebsite/uploads/investors/2018/10/Q2FY19-Earnings-Release-Factsheet.pdf,80.7,https://www.ltm.com/content/dam/ltimcorporatewebsite/uploads/investors/2018/10/Q2FY19-Earnings-Release-Factsheet.pdf,,,,,,,,,
lti,2017Q4,293.5,https://www.ltm.com/content/dam/ltimcorporatewebsite/uploads/investors/2019/01/Earnings-Release-Factsheet_Q3FY19.pdf,18838.0,https://www.ltm.com/content/dam/ltimcorporatewebsite/uploads/investors/2019/01/Earnings-Release-Factsheet_Q3FY19.pdf,16.4,https://www.ltm.com/content/dam/ltimcorporatewebsite/uploads/investors/2018/07/LTI_Q3FY18-Factsheet-1.pdf,19.7,https://www.ltm.com/content/dam/ltimcorporatewebsite/uploads/investors/2018/07/LTI_Q3FY18-Factsheet-1.pdf,8.3,https://www.ltm.com/content/dam/ltimcorporatewebsite/uploads/investors/2018/07/LTI_Q3FY18-Factsheet-1.pdf,23394.0,https://www.ltm.com/content/dam/ltimcorporatewebsite/uploads/investors/2019/01/Earnings-Release-Factsheet_Q3FY19.pdf,14.6,https://www.ltm.com/content/dam/ltimcorporatewebsite/uploads/investors/2019/01/Earnings-Release-Factsheet_Q3FY19.pdf,81.5,https://www.ltm.com/content/dam/ltimcorporatewebsite/uploads/investors/2019/01/Earnings-Release-Factsheet_Q3FY19.pdf,80.3,https://www.ltm.com/content/dam/ltimcorporatewebsite/uploads/investors/2019/01/Earnings-Release-Factsheet_Q3FY19.pdf,81.5,https://www.ltm.com/content/dam/ltimcorporatewebsite/uploads/investors/2019/01/Earnings-Release-Factsheet_Q3FY19.pdf,,,,,,,,,
lti,2018Q1,309.0,https://www.ltm.com/content/dam/ltimcorporatewebsite/uploads/investors/2019/05/Earnings-Release-Factsheet.pdf,20012.0,https://www.ltm.com/content/dam/ltimcorporatewebsite/uploads/investors/2019/05/Earnings-Release-Factsheet.pdf,18.7,https://www.ltm.com/content/dam/ltimcorporatewebsite/uploads/investors/2018/05/LTI_Q4FY18_Factsheet.pdf,21.6,https://www.ltm.com/content/dam/ltimcorporatewebsite/uploads/investors/2018/05/LTI_Q4FY18_Factsheet.pdf,4.5,https://www.ltm.com/content/dam/ltimcorporatewebsite/uploads/investors/2018/05/LTI_Q4FY18_Factsheet.pdf,24139.0,https://www.ltm.com/content/dam/ltimcorporatewebsite/uploads/investors/2019/05/Earnings-Release-Factsheet.pdf,14.8,https://www.ltm.com/content/dam/ltimcorporatewebsite/uploads/investors/2019/05/Earnings-Release-Factsheet.pdf,81.1,https://www.ltm.com/content/dam/ltimcorporatewebsite/uploads/investors/2019/05/Earnings-Release-Factsheet.pdf,79.9,https://www.ltm.com/content/dam/ltimcorporatewebsite/uploads/investors/2019/05/Earnings-Release-Factsheet.pdf,81.1,https://www.ltm.com/content/dam/ltimcorporatewebsite/uploads/investors/2019/05/Earnings-Release-Factsheet.pdf,,,,,,,,,
lti,2018Q2,319.9,https://nsearchives.nseindia.com/corporate/listcontract3_18072019191541_larsen_outcome_387.pdf,21557.0,https://nsearchives.nseindia.com/corporate/listcontract3_18072019191541_larsen_outcome_387.pdf,22.9,https://www.ltm.com/content/dam/ltimcorporatewebsite/uploads/investors/2018/07/Q1FY19-Earnings-Release-Fact-Sheet.pdf,23.4,https://www.ltm.com/content/dam/ltimcorporatewebsite/uploads/investors/2018/07/Q1FY19-Earnings-Release-Fact-Sheet.pdf,5.1,https://www.ltm.com/content/dam/ltimcorporatewebsite/uploads/investors/2018/07/Q1FY19-Earnings-Release-Fact-Sheet.pdf,25150.0,https://nsearchives.nseindia.com/corporate/listcontract3_18072019191541_larsen_outcome_387.pdf,15.1,https://nsearchives.nseindia.com/corporate/listcontract3_18072019191541_larsen_outcome_387.pdf,81.2,https://nsearchives.nseindia.com/corporate/listcontract3_18072019191541_larsen_outcome_387.pdf,79.7,https://nsearchives.nseindia.com/corporate/listcontract3_18072019191541_larsen_outcome_387.pdf,81.2,https://nsearchives.nseindia.com/corporate/listcontract3_18072019191541_larsen_outcome_387.pdf,,,,,,,,,
lti,2018Q3,328.5,https://www.ltm.com/content/dam/ltimcorporatewebsite/uploads/investors/2019/10/Earnings-Call-Factsheet.pdf,23312.0,https://www.ltm.com/content/dam/ltimcorporatewebsite/uploads/investors/2019/10/Earnings-Call-Factsheet.pdf,22.9,https://www.ltm.com/content/dam/ltimcorporatewebsite/uploads/investors/2018/10/Q2FY19-Earnings-Release-Factsheet.pdf,21.4,https://www.ltm.com/content/dam/ltimcorporatewebsite/uploads/investors/2018/10/Q2FY19-Earnings-Release-Factsheet.pdf,3.5,https://www.ltm.com/content/dam/ltimcorporatewebsite/uploads/investors/2018/10/Q2FY19-Earnings-Release-Factsheet.pdf,26414.0,https://www.ltm.com/content/dam/ltimcorporatewebsite/uploads/investors/2019/10/Earnings-Call-Factsheet.pdf,15.3,https://www.ltm.com/content/dam/ltimcorporatewebsite/uploads/investors/2019/10/Earnings-Call-Factsheet.pdf,82.3,https://www.ltm.com/content/dam/ltimcorporatewebsite/uploads/investors/2019/10/Earnings-Call-Factsheet.pdf,80.4,https://www.ltm.com/content/dam/ltimcorporatewebsite/uploads/investors/2019/10/Earnings-Call-Factsheet.pdf,82.3,https://www.ltm.com/content/dam/ltimcorporatewebsite/uploads/investors/2019/10/Earnings-Call-Factsheet.pdf,,,,,,,,,
lti,2018Q4,346.9,https://www.ltm.com/content/dam/ltimcorporatewebsite/uploads/investors/2020/01/Earnings-Release-and-Factsheet.pdf,24729.0,https://www.ltm.com/content/dam/ltimcorporatewebsite/uploads/investors/2020/01/Earnings-Release-and-Factsheet.pdf,20.6,https://www.ltm.com/content/dam/ltimcorporatewebsite/uploads/investors/2019/01/Earnings-Release-Factsheet_Q3FY19.pdf,18.2,https://www.ltm.com/content/dam/ltimcorporatewebsite/uploads/investors/2019/01/Earnings-Release-Factsheet_Q3FY19.pdf,6.1,https://www.ltm.com/content/dam/ltimcorporatewebsite/uploads/investors/2019/01/Earnings-Release-Factsheet_Q3FY19.pdf,27513.0,https://www.ltm.com/content/dam/ltimcorporatewebsite/uploads/investors/2020/01/Earnings-Release-and-Factsheet.pdf,16.5,https://www.ltm.com/content/dam/ltimcorporatewebsite/uploads/investors/2020/01/Earnings-Release-and-Factsheet.pdf,83.0,https://www.ltm.com/content/dam/ltimcorporatewebsite/uploads/investors/2020/01/Earnings-Release-and-Factsheet.pdf,82.1,https://www.ltm.com/content/dam/ltimcorporatewebsite/uploads/investors/2020/01/Earnings-Release-and-Factsheet.pdf,83.0,https://www.ltm.com/content/dam/ltimcorporatewebsite/uploads/investors/2020/01/Earnings-Release-and-Factsheet.pdf,,,,,,,,,
lti,2019Q1,353.8,https://www.ltm.com/content/dam/ltimcorporatewebsite/uploads/investors/2020/05/Earnings-Release-and-Factsheet.pdf,24860.0,https://www.ltm.com/content/dam/ltimcorporatewebsite/uploads/investors/2020/05/Earnings-Release-and-Factsheet.pdf,17.5,https://www.ltm.com/content/dam/ltimcorporatewebsite/uploads/investors/2019/05/Earnings-Release-Factsheet.pdf,14.5,https://www.ltm.com/content/dam/ltimcorporatewebsite/uploads/investors/2019/05/Earnings-Release-Factsheet.pdf,1.9,https://www.ltm.com/content/dam/ltimcorporatewebsite/uploads/investors/2019/05/Earnings-Release-Factsheet.pdf,28169.0,https://www.ltm.com/content/dam/ltimcorporatewebsite/uploads/investors/2020/05/Earnings-Release-and-Factsheet.pdf,17.5,https://www.ltm.com/content/dam/ltimcorporatewebsite/uploads/investors/2020/05/Earnings-Release-and-Factsheet.pdf,81.1,https://www.ltm.com/content/dam/ltimcorporatewebsite/uploads/investors/2020/05/Earnings-Release-and-Factsheet.pdf,80.1,https://www.ltm.com/content/dam/ltimcorporatewebsite/uploads/investors/2020/05/Earnings-Release-and-Factsheet.pdf,81.1,https://www.ltm.com/content/dam/ltimcorporatewebsite/uploads/investors/2020/05/Earnings-Release-and-Factsheet.pdf,,,,,,,,,
lti,2019Q2,356.5,https://www.ltm.com/content/dam/ltimcorporatewebsite/uploads/investors/2020/07/Earnings-Release-Factsheet.pdf,24849.0,https://www.ltm.com/content/dam/ltimcorporatewebsite/uploads/investors/2020/07/Earnings-Release-Factsheet.pdf,12.9,https://nsearchives.nseindia.com/corporate/listcontract3_18072019191541_larsen_outcome_387.pdf,11.5,https://nsearchives.nseindia.com/corporate/listcontract3_18072019191541_larsen_outcome_387.pdf,1.0,https://nsearchives.nseindia.com/corporate/listcontract3_18072019191541_larsen_outcome_387.pdf,29347.0,https://www.ltm.com/content/dam/ltimcorporatewebsite/uploads/investors/2020/07/Earnings-Release-Factsheet.pdf,18.3,https://www.ltm.com/content/dam/ltimcorporatewebsite/uploads/investors/2020/07/Earnings-Release-Factsheet.pdf,81.3,https://www.ltm.com/content/dam/ltimcorporatewebsite/uploads/investors/2020/07/Earnings-Release-Factsheet.pdf,80.5,https://www.ltm.com/content/dam/ltimcorporatewebsite/uploads/investors/2020/07/Earnings-Release-Factsheet.pdf,81.3,https://www.ltm.com/content/dam/ltimcorporatewebsite/uploads/investors/2020/07/Earnings-Release-Factsheet.pdf,,,,,,,,,
lti,2019Q3,363.8,https://www.ltm.com/content/dam/ltimcorporatewebsite/uploads/investors/2020/10/Earnings-Factsheet.pdf,25707.0,https://www.ltm.com/content/dam/ltimcorporatewebsite/uploads/investors/2020/10/Earnings-Factsheet.pdf,11.9,https://www.ltm.com/content/dam/ltimcorporatewebsite/uploads/investors/2019/10/Earnings-Call-Factsheet.pdf,10.8,https://www.ltm.com/content/dam/ltimcorporatewebsite/uploads/investors/2019/10/Earnings-Call-Factsheet.pdf,2.4,https://www.ltm.com/content/dam/ltimcorporatewebsite/uploads/investors/2019/10/Earnings-Call-Factsheet.pdf,30979.0,https://www.ltm.com/content/dam/ltimcorporatewebsite/uploads/investors/2020/10/Earnings-Factsheet.pdf,18.4,https://www.ltm.com/content/dam/ltimcorporatewebsite/uploads/investors/2020/10/Earnings-Factsheet.pdf,80.6,https://www.ltm.com/content/dam/ltimcorporatewebsite/uploads/investors/2020/10/Earnings-Factsheet.pdf,78.9,https://www.ltm.com/content/dam/ltimcorporatewebsite/uploads/investors/2020/10/Earnings-Factsheet.pdf,80.6,https://www.ltm.com/content/dam/ltimcorporatewebsite/uploads/investors/2020/10/Earnings-Factsheet.pdf,,,,,,,,,
lti,2019Q4,394.4,https://www.ltm.com/content/dam/ltimcorporatewebsite/uploads/investors/2021/01/Factsheet.pdf,28111.0,https://www.ltm.com/content/dam/ltimcorporatewebsite/uploads/investors/2021/01/Factsheet.pdf,14.2,https://www.ltm.com/content/dam/ltimcorporatewebsite/uploads/investors/2020/01/Earnings-Release-and-Factsheet.pdf,13.7,https://www.ltm.com/content/dam/ltimcorporatewebsite/uploads/investors/2020/01/Earnings-Release-and-Factsheet.pdf,8.3,https://www.ltm.com/content/dam/ltimcorporatewebsite/uploads/investors/2020/01/Earnings-Release-and-Factsheet.pdf,31419.0,https://www.ltm.com/content/dam/ltimcorporatewebsite/uploads/investors/2021/01/Factsheet.pdf,17.7,https://www.ltm.com/content/dam/ltimcorporatewebsite/uploads/investors/2021/01/Factsheet.pdf,81.3,https://www.ltm.com/content/dam/ltimcorporatewebsite/uploads/investors/2021/01/Factsheet.pdf,79.2,https://www.ltm.com/content/dam/ltimcorporatewebsite/uploads/investors/2021/01/Factsheet.pdf,81.3,https://www.ltm.com/content/dam/ltimcorporatewebsite/uploads/investors/2021/01/Factsheet.pdf,,,,,,,,,
lti,2020Q1,409.9,https://www.ltm.com/content/dam/ltimcorporatewebsite/uploads/investors/2021/05/Earnings-Release-and-Factsheet.pdf,30119.0,https://www.ltm.com/content/dam/ltimcorporatewebsite/uploads/investors/2021/05/Earnings-Release-and-Factsheet.pdf,17.4,https://www.ltm.com/content/dam/ltimcorporatewebsite/uploads/investors/2020/05/Earnings-Release-and-Factsheet.pdf,15.9,https://www.ltm.com/content/dam/ltimcorporatewebsite/uploads/investors/2020/05/Earnings-Release-and-Factsheet.pdf,4.7,https://www.ltm.com/content/dam/ltimcorporatewebsite/uploads/investors/2020/05/Earnings-Release-and-Factsheet.pdf,31437.0,https://www.ltm.com/content/dam/ltimcorporatewebsite/uploads/investors/2021/05/Earnings-Release-and-Factsheet.pdf,16.5,https://www.ltm.com/content/dam/ltimcorporatewebsite/uploads/investors/2021/05/Earnings-Release-and-Factsheet.pdf,80.6,https://www.ltm.com/content/dam/ltimcorporatewebsite/uploads/investors/2021/05/Earnings-Release-and-Factsheet.pdf,79.3,https://www.ltm.com/content/dam/ltimcorporatewebsite/uploads/investors/2021/05/Earnings-Release-and-Factsheet.pdf,80.6,https://www.ltm.com/content/dam/ltimcorporatewebsite/uploads/investors/2021/05/Earnings-Release-and-Factsheet.pdf,,,,,,,,,
lti,2020Q2,390.3,https://www.ltm.com/content/dam/ltimcorporatewebsite/uploads/investors/2021/07/Earnings-release-and-Factsheet-FY2022-Q1.pdf,29492.0,https://www.ltm.com/content/dam/ltimcorporatewebsite/uploads/investors/2021/07/Earnings-release-and-Factsheet-FY2022-Q1.pdf,10.6,https://www.ltm.com/content/dam/ltimcorporatewebsite/uploads/investors/2020/07/Earnings-Release-Factsheet.pdf,9.5,https://www.ltm.com/content/dam/ltimcorporatewebsite/uploads/investors/2020/07/Earnings-Release-Factsheet.pdf,-4.7,https://www.ltm.com/content/dam/ltimcorporatewebsite/uploads/investors/2020/07/Earnings-Release-Factsheet.pdf,31477.0,https://www.ltm.com/content/dam/ltimcorporatewebsite/uploads/investors/2021/07/Earnings-release-and-Factsheet-FY2022-Q1.pdf,15.2,https://www.ltm.com/content/dam/ltimcorporatewebsite/uploads/investors/2021/07/Earnings-release-and-Factsheet-FY2022-Q1.pdf,79.6,https://www.ltm.com/content/dam/ltimcorporatewebsite/uploads/investors/2021/07/Earnings-release-and-Factsheet-FY2022-Q1.pdf,79.4,https://www.ltm.com/content/dam/ltimcorporatewebsite/uploads/investors/2021/07/Earnings-release-and-Factsheet-FY2022-Q1.pdf,79.6,https://www.ltm.com/content/dam/ltimcorporatewebsite/uploads/investors/2021/07/Earnings-release-and-Factsheet-FY2022-Q1.pdf,,,,,,,,,
lti,2020Q3,404.5,https://www.ltm.com/content/dam/ltimcorporatewebsite/uploads/investors/2021/10/Earnings-release-and-Factsheet-Q2FY2022.pdf,29984.0,https://www.ltm.com/content/dam/ltimcorporatewebsite/uploads/investors/2021/10/Earnings-release-and-Factsheet-Q2FY2022.pdf,10.5,https://www.ltm.com/content/dam/ltimcorporatewebsite/uploads/investors/2020/10/Earnings-Factsheet.pdf,11.2,https://www.ltm.com/content/dam/ltimcorporatewebsite/uploads/investors/2020/10/Earnings-Factsheet.pdf,2.3,https://www.ltm.com/content/dam/ltimcorporatewebsite/uploads/investors/2020/10/Earnings-Factsheet.pdf,32455.0,https://www.ltm.com/content/dam/ltimcorporatewebsite/uploads/investors/2021/10/Earnings-release-and-Factsheet-Q2FY2022.pdf,13.5,https://www.ltm.com/content/dam/ltimcorporatewebsite/uploads/investors/2021/10/Earnings-release-and-Factsheet-Q2FY2022.pdf,82.0,https://www.ltm.com/content/dam/ltimcorporatewebsite/uploads/investors/2021/10/Earnings-release-and-Factsheet-Q2FY2022.pdf,80.5,https://www.ltm.com/content/dam/ltimcorporatewebsite/uploads/investors/2021/10/Earnings-release-and-Factsheet-Q2FY2022.pdf,82.0,https://www.ltm.com/content/dam/ltimcorporatewebsite/uploads/investors/2021/10/Earnings-release-and-Factsheet-Q2FY2022.pdf,,,,,,,,,
lti,2020Q4,427.8,https://www.ltm.com/content/dam/ltimcorporatewebsite/uploads/investors/2022/01/Earnings-Factsheet.pdf,31528.0,https://www.ltm.com/content/dam/ltimcorporatewebsite/uploads/investors/2022/01/Earnings-Factsheet.pdf,7.4,https://www.ltm.com/content/dam/ltimcorporatewebsite/uploads/investors/2021/01/Factsheet.pdf,8.5,https://www.ltm.com/content/dam/ltimcorporatewebsite/uploads/investors/2021/01/Factsheet.pdf,5.3,https://www.ltm.com/content/dam/ltimcorporatewebsite/uploads/investors/2021/01/Factsheet.pdf,33983.0,https://www.ltm.com/content/dam/ltimcorporatewebsite/uploads/investors/2022/01/Earnings-Factsheet.pdf,12.4,https://www.ltm.com/content/dam/ltimcorporatewebsite/uploads/investors/2022/01/Earnings-Factsheet.pdf,84.1,https://www.ltm.com/content/dam/ltimcorporatewebsite/uploads/investors/2022/01/Earnings-Factsheet.pdf,81.1,https://www.ltm.com/content/dam/ltimcorporatewebsite/uploads/investors/2022/01/Earnings-Factsheet.pdf,84.1,https://www.ltm.com/content/dam/ltimcorporatewebsite/uploads/investors/2022/01/Earnings-Factsheet.pdf,,,,,,,,,
lti,2021Q1,447.4,https://www.ltm.com/content/dam/ltimcorporatewebsite/uploads/investors/2022/04/LTI-Earnings-Release-Fact-Sheet-Q4FY2022.pdf,32694.0,https://www.ltm.com/content/dam/ltimcorporatewebsite/uploads/investors/2022/04/LTI-Earnings-Release-Fact-Sheet-Q4FY2022.pdf,7.1,https://www.ltm.com/content/dam/ltimcorporatewebsite/uploads/investors/2021/05/Earnings-Release-and-Factsheet.pdf,9.1,https://www.ltm.com/content/dam/ltimcorporatewebsite/uploads/investors/2021/05/Earnings-Release-and-Factsheet.pdf,4.4,https://www.ltm.com/content/dam/ltimcorporatewebsite/uploads/investors/2021/05/Earnings-Release-and-Factsheet.pdf,35991.0,https://www.ltm.com/content/dam/ltimcorporatewebsite/uploads/investors/2022/04/LTI-Earnings-Release-Fact-Sheet-Q4FY2022.pdf,12.3,https://www.ltm.com/content/dam/ltimcorporatewebsite/uploads/investors/2022/04/LTI-Earnings-Release-Fact-Sheet-Q4FY2022.pdf,82.2,https://www.ltm.com/content/dam/ltimcorporatewebsite/uploads/investors/2022/04/LTI-Earnings-Release-Fact-Sheet-Q4FY2022.pdf,80.8,https://www.ltm.com/content/dam/ltimcorporatewebsite/uploads/investors/2022/04/LTI-Earnings-Release-Fact-Sheet-Q4FY2022.pdf,82.2,https://www.ltm.com/content/dam/ltimcorporatewebsite/uploads/investors/2022/04/LTI-Earnings-Release-Fact-Sheet-Q4FY2022.pdf,,,,,,,,,
lti,2021Q2,470.2,https://nsearchives.nseindia.com/corporate/LTI_14072022152621_OutcomeofBoardmeeting.pdf,34625.0,https://nsearchives.nseindia.com/corporate/LTI_14072022152621_OutcomeofBoardmeeting.pdf,17.8,https://www.ltm.com/content/dam/ltimcorporatewebsite/uploads/investors/2021/07/Earnings-release-and-Factsheet-FY2022-Q1.pdf,20.4,https://www.ltm.com/content/dam/ltimcorporatewebsite/uploads/investors/2021/07/Earnings-release-and-Factsheet-FY2022-Q1.pdf,4.8,https://www.ltm.com/content/dam/ltimcorporatewebsite/uploads/investors/2021/07/Earnings-release-and-Factsheet-FY2022-Q1.pdf,38298.0,https://nsearchives.nseindia.com/corporate/LTI_14072022152621_OutcomeofBoardmeeting.pdf,15.2,https://nsearchives.nseindia.com/corporate/LTI_14072022152621_OutcomeofBoardmeeting.pdf,84.1,https://nsearchives.nseindia.com/corporate/LTI_14072022152621_OutcomeofBoardmeeting.pdf,83.7,https://nsearchives.nseindia.com/corporate/LTI_14072022152621_OutcomeofBoardmeeting.pdf,84.1,https://nsearchives.nseindia.com/corporate/LTI_14072022152621_OutcomeofBoardmeeting.pdf,,,,,,,,,
lti,2021Q3,509.0,https://www.ltm.com/content/dam/ltimcorporatewebsite/uploads/investors/2022/10/Earnings-release-and-Factsheet-Q2FY2023.pdf,37670.0,https://www.ltm.com/content/dam/ltimcorporatewebsite/uploads/investors/2022/10/Earnings-release-and-Factsheet-Q2FY2023.pdf,25.5,https://www.ltm.com/content/dam/ltimcorporatewebsite/uploads/investors/2021/10/Earnings-release-and-Factsheet-Q2FY2022.pdf,25.8,https://www.ltm.com/content/dam/ltimcorporatewebsite/uploads/investors/2021/10/Earnings-release-and-Factsheet-Q2FY2022.pdf,8.9,https://www.ltm.com/content/dam/ltimcorporatewebsite/uploads/investors/2021/10/Earnings-release-and-Factsheet-Q2FY2022.pdf,42382.0,https://www.ltm.com/content/dam/ltimcorporatewebsite/uploads/investors/2022/10/Earnings-release-and-Factsheet-Q2FY2023.pdf,19.6,https://www.ltm.com/content/dam/ltimcorporatewebsite/uploads/investors/2022/10/Earnings-release-and-Factsheet-Q2FY2023.pdf,83.7,https://www.ltm.com/content/dam/ltimcorporatewebsite/uploads/investors/2022/10/Earnings-release-and-Factsheet-Q2FY2023.pdf,81.6,https://www.ltm.com/content/dam/ltimcorporatewebsite/uploads/investors/2022/10/Earnings-release-and-Factsheet-Q2FY2023.pdf,83.7,https://www.ltm.com/content/dam/ltimcorporatewebsite/uploads/investors/2022/10/Earnings-release-and-Factsheet-Q2FY2023.pdf,,,,,,,,,
lti,2021Q4,553.0,https://www.ltm.com/content/dam/ltimcorporatewebsite/uploads/investors/2022/04/LTI-Earnings-Release-Fact-Sheet-Q4FY2022.pdf,41376.0,https://www.ltm.com/content/dam/ltimcorporatewebsite/uploads/investors/2022/04/LTI-Earnings-Release-Fact-Sheet-Q4FY2022.pdf,30.1,https://www.ltm.com/content/dam/ltimcorporatewebsite/uploads/investors/2022/01/Earnings-Factsheet.pdf,29.3,https://www.ltm.com/content/dam/ltimcorporatewebsite/uploads/investors/2022/01/Earnings-Factsheet.pdf,9.2,https://www.ltm.com/content/dam/ltimcorporatewebsite/uploads/investors/2022/01/Earnings-Factsheet.pdf,44200.0,https://www.ltm.com/content/dam/ltimcorporatewebsite/uploads/investors/2022/04/LTI-Earnings-Release-Fact-Sheet-Q4FY2022.pdf,22.5,https://www.ltm.com/content/dam/ltimcorporatewebsite/uploads/investors/2022/04/LTI-Earnings-Release-Fact-Sheet-Q4FY2022.pdf,81.4,https://www.ltm.com/content/dam/ltimcorporatewebsite/uploads/investors/2022/04/LTI-Earnings-Release-Fact-Sheet-Q4FY2022.pdf,80.3,https://www.ltm.com/content/dam/ltimcorporatewebsite/uploads/investors/2022/04/LTI-Earnings-Release-Fact-Sheet-Q4FY2022.pdf,81.4,https://www.ltm.com/content/dam/ltimcorporatewebsite/uploads/investors/2022/04/LTI-Earnings-Release-Fact-Sheet-Q4FY2022.pdf,,,,,,,,,
lti,2022Q1,570.4,https://nsearchives.nseindia.com/corporate/LTI_14072022152621_OutcomeofBoardmeeting.pdf,43016.0,https://nsearchives.nseindia.com/corporate/LTI_14072022152621_OutcomeofBoardmeeting.pdf,29.0,https://www.ltm.com/content/dam/ltimcorporatewebsite/uploads/investors/2022/04/LTI-Earnings-Release-Fact-Sheet-Q4FY2022.pdf,27.5,https://www.ltm.com/content/dam/ltimcorporatewebsite/uploads/investors/2022/04/LTI-Earnings-Release-Fact-Sheet-Q4FY2022.pdf,3.6,https://www.ltm.com/content/dam/ltimcorporatewebsite/uploads/investors/2022/04/LTI-Earnings-Release-Fact-Sheet-Q4FY2022.pdf,46648.0,https://nsearchives.nseindia.com/corporate/LTI_14072022152621_OutcomeofBoardmeeting.pdf,24.0,https://nsearchives.nseindia.com/corporate/LTI_14072022152621_OutcomeofBoardmeeting.pdf,81.5,https://nsearchives.nseindia.com/corporate/LTI_14072022152621_OutcomeofBoardmeeting.pdf,80.1,https://nsearchives.nseindia.com/corporate/LTI_14072022152621_OutcomeofBoardmeeting.pdf,81.5,https://nsearchives.nseindia.com/corporate/LTI_14072022152621_OutcomeofBoardmeeting.pdf,,,,,,,,,
lti,2022Q2,580.2,https://www.ltm.com/content/dam/ltimcorporatewebsite/uploads/investors/2022/10/Earnings-release-and-Factsheet-Q2FY2023.pdf,45228.0,https://www.ltm.com/content/dam/ltimcorporatewebsite/uploads/investors/2022/10/Earnings-release-and-Factsheet-Q2FY2023.pdf,26.6,https://nsearchives.nseindia.com/corporate/LTI_14072022152621_OutcomeofBoardmeeting.pdf,23.4,https://nsearchives.nseindia.com/corporate/LTI_14072022152621_OutcomeofBoardmeeting.pdf,2.9,https://nsearchives.nseindia.com/corporate/LTI_14072022152621_OutcomeofBoardmeeting.pdf,48766.0,https://www.ltm.com/content/dam/ltimcorporatewebsite/uploads/investors/2022/10/Earnings-release-and-Factsheet-Q2FY2023.pdf,23.8,https://www.ltm.com/content/dam/ltimcorporatewebsite/uploads/investors/2022/10/Earnings-release-and-Factsheet-Q2FY2023.pdf,81.8,https://www.ltm.com/content/dam/ltimcorporatewebsite/uploads/investors/2022/10/Earnings-release-and-Factsheet-Q2FY2023.pdf,81.3,https://www.ltm.com/content/dam/ltimcorporatewebsite/uploads/investors/2022/10/Earnings-release-and-Factsheet-Q2FY2023.pdf,81.8,https://www.ltm.com/content/dam/ltimcorporatewebsite/uploads/investors/2022/10/Earnings-release-and-Factsheet-Q2FY2023.pdf,,,,,,,,,
lti,2022Q3,601.0,https://www.ltm.com/content/dam/ltimcorporatewebsite/uploads/investors/2022/10/Earnings-release-and-Factsheet-Q2FY2023.pdf,48367.0,https://www.ltm.com/content/dam/ltimcorporatewebsite/uploads/investors/2022/10/Earnings-release-and-Factsheet-Q2FY2023.pdf,21.6,https://www.ltm.com/content/dam/ltimcorporatewebsite/uploads/investors/2022/10/Earnings-release-and-Factsheet-Q2FY2023.pdf,18.1,https://www.ltm.com/content/dam/ltimcorporatewebsite/uploads/investors/2022/10/Earnings-release-and-Factsheet-Q2FY2023.pdf,4.6,https://www.ltm.com/content/dam/ltimcorporatewebsite/uploads/investors/2022/10/Earnings-release-and-Factsheet-Q2FY2023.pdf,50981.0,https://www.ltm.com/content/dam/ltimcorporatewebsite/uploads/investors/2022/10/Earnings-release-and-Factsheet-Q2FY2023.pdf,24.3,https://www.ltm.com/content/dam/ltimcorporatewebsite/uploads/investors/2022/10/Earnings-release-and-Factsheet-Q2FY2023.pdf,82.1,https://www.ltm.com/content/dam/ltimcorporatewebsite/uploads/investors/2022/10/Earnings-release-and-Factsheet-Q2FY2023.pdf,80.3,https://www.ltm.com/content/dam/ltimcorporatewebsite/uploads/investors/2022/10/Earnings-release-and-Factsheet-Q2FY2023.pdf,82.1,https://www.ltm.com/content/dam/ltimcorporatewebsite/uploads/investors/2022/10/Earnings-release-and-Factsheet-Q2FY2023.pdf,,,,,,,,,
ltim,2021Q2,780.3,https://www.ltm.com/content/dam/ltimcorporatewebsite/uploads/investors/2023/01/Earnings-release-and-Factsheet-Q3FY2023.pdf,57516.0,https://www.ltm.com/content/dam/ltimcorporatewebsite/uploads/investors/2023/04/LTIM-EARNINGS-RELEASE-FACTSHEET-Q4FY2023.pdf,,,,,5.9,https://www.ltm.com/content/dam/ltimcorporatewebsite/uploads/investors/2023/01/Earnings-release-and-Factsheet-Q3FY2023.pdf,63696.0,https://www.ltm.com/content/dam/ltimcorporatewebsite/uploads/investors/2023/01/Earnings-release-and-Factsheet-Q3FY2023.pdf,14.5,https://www.ltm.com/content/dam/ltimcorporatewebsite/uploads/investors/2023/01/Earnings-release-and-Factsheet-Q3FY2023.pdf,86.1,https://www.ltm.com/content/dam/ltimcorporatewebsite/uploads/investors/2023/01/Earnings-release-and-Factsheet-Q3FY2023.pdf,,,86.1,https://www.ltm.com/content/dam/ltimcorporatewebsite/uploads/investors/2023/01/Earnings-release-and-Factsheet-Q3FY2023.pdf,,,,,,,,,
ltim,2021Q3,858.3,https://www.ltm.com/content/dam/ltimcorporatewebsite/uploads/investors/2023/01/Earnings-release-and-Factsheet-Q3FY2023.pdf,63477.0,https://www.ltm.com/content/dam/ltimcorporatewebsite/uploads/investors/2023/04/LTIM-EARNINGS-RELEASE-FACTSHEET-Q4FY2023.pdf,,,,,10.6,https://www.ltm.com/content/dam/ltimcorporatewebsite/uploads/investors/2023/01/Earnings-release-and-Factsheet-Q3FY2023.pdf,70133.0,https://www.ltm.com/content/dam/ltimcorporatewebsite/uploads/investors/2023/01/Earnings-release-and-Factsheet-Q3FY2023.pdf,18.6,https://www.ltm.com/content/dam/ltimcorporatewebsite/uploads/investors/2023/01/Earnings-release-and-Factsheet-Q3FY2023.pdf,85.2,https://www.ltm.com/content/dam/ltimcorporatewebsite/uploads/investors/2023/01/Earnings-release-and-Factsheet-Q3FY2023.pdf,,,85.2,https://www.ltm.com/content/dam/ltimcorporatewebsite/uploads/investors/2023/01/Earnings-release-and-Factsheet-Q3FY2023.pdf,,,,,,,,,
ltim,2021Q4,918.4,https://www.ltm.com/content/dam/ltimcorporatewebsite/uploads/investors/2023/01/Earnings-release-and-Factsheet-Q3FY2023.pdf,68807.0,https://www.ltm.com/content/dam/ltimcorporatewebsite/uploads/investors/2023/04/LTIM-EARNINGS-RELEASE-FACTSHEET-Q4FY2023.pdf,,,,,7.5,https://www.ltm.com/content/dam/ltimcorporatewebsite/uploads/investors/2023/01/Earnings-release-and-Factsheet-Q3FY2023.pdf,74173.0,https://www.ltm.com/content/dam/ltimcorporatewebsite/uploads/investors/2023/01/Earnings-release-and-Factsheet-Q3FY2023.pdf,22.1,https://www.ltm.com/content/dam/ltimcorporatewebsite/uploads/investors/2023/01/Earnings-release-and-Factsheet-Q3FY2023.pdf,84.0,https://www.ltm.com/content/dam/ltimcorporatewebsite/uploads/investors/2023/01/Earnings-release-and-Factsheet-Q3FY2023.pdf,,,84.0,https://www.ltm.com/content/dam/ltimcorporatewebsite/uploads/investors/2023/01/Earnings-release-and-Factsheet-Q3FY2023.pdf,,,,,,,,,
ltim,2022Q1,944.7,https://www.ltm.com/content/dam/ltimcorporatewebsite/uploads/investors/2023/04/LTIM-EARNINGS-RELEASE-FACTSHEET-Q4FY2023.pdf,71286.0,https://www.ltm.com/content/dam/ltimcorporatewebsite/uploads/investors/2023/04/LTIM-EARNINGS-RELEASE-FACTSHEET-Q4FY2023.pdf,,,,,3.2,https://www.ltm.com/content/dam/ltimcorporatewebsite/uploads/investors/2023/01/Earnings-release-and-Factsheet-Q3FY2023.pdf,79594.0,https://www.ltm.com/content/dam/ltimcorporatewebsite/uploads/investors/2023/04/LTIM-EARNINGS-RELEASE-FACTSHEET-Q4FY2023.pdf,23.8,https://www.ltm.com/content/dam/ltimcorporatewebsite/uploads/investors/2023/04/LTIM-EARNINGS-RELEASE-FACTSHEET-Q4FY2023.pdf,83.2,https://www.ltm.com/content/dam/ltimcorporatewebsite/uploads/investors/2023/04/LTIM-EARNINGS-RELEASE-FACTSHEET-Q4FY2023.pdf,,,83.2,https://www.ltm.com/content/dam/ltimcorporatewebsite/uploads/investors/2023/04/LTIM-EARNINGS-RELEASE-FACTSHEET-Q4FY2023.pdf,,,,,,,,,
ltim,2022Q2,979.5,https://www.ltm.com/content/dam/ltimcorporatewebsite/uploads/investors/2023/07/Earnings-release-and-Factsheet-Q1FY2024.pdf,76442.0,https://www.ltm.com/content/dam/ltimcorporatewebsite/uploads/investors/2023/07/Earnings-release-and-Factsheet-Q1FY2024.pdf,,,,,5.0,https://www.ltm.com/content/dam/ltimcorporatewebsite/uploads/investors/2023/01/Earnings-release-and-Factsheet-Q3FY2023.pdf,84030.0,https://www.ltm.com/content/dam/ltimcorporatewebsite/uploads/investors/2023/07/Earnings-release-and-Factsheet-Q1FY2024.pdf,24.0,https://www.ltm.com/content/dam/ltimcorporatewebsite/uploads/investors/2023/07/Earnings-release-and-Factsheet-Q1FY2024.pdf,83.5,https://www.ltm.com/content/dam/ltimcorporatewebsite/uploads/investors/2023/07/Earnings-release-and-Factsheet-Q1FY2024.pdf,,,83.5,https://www.ltm.com/content/dam/ltimcorporatewebsite/uploads/investors/2023/07/Earnings-release-and-Factsheet-Q1FY2024.pdf,,,,,,,,,
ltim,2022Q3,1021.9,https://www.ltm.com/content/dam/ltimcorporatewebsite/uploads/investors/2023/10/Earnings-release-and-fact-sheet-Q2FY2024.pdf,82278.0,https://www.ltm.com/content/dam/ltimcorporatewebsite/uploads/investors/2023/10/Earnings-release-and-fact-sheet-Q2FY2024.pdf,,,,,5.5,https://www.ltm.com/content/dam/ltimcorporatewebsite/uploads/investors/2023/01/Earnings-release-and-Factsheet-Q3FY2023.pdf,86936.0,https://www.ltm.com/content/dam/ltimcorporatewebsite/uploads/investors/2023/10/Earnings-release-and-fact-sheet-Q2FY2024.pdf,24.1,https://www.ltm.com/content/dam/ltimcorporatewebsite/uploads/investors/2023/10/Earnings-release-and-fact-sheet-Q2FY2024.pdf,83.5,https://www.ltm.com/content/dam/ltimcorporatewebsite/uploads/investors/2023/10/Earnings-release-and-fact-sheet-Q2FY2024.pdf,,,83.5,https://www.ltm.com/content/dam/ltimcorporatewebsite/uploads/investors/2023/10/Earnings-release-and-fact-sheet-Q2FY2024.pdf,,,,,,,,,
ltim,2022Q4,1046.7,https://www.ltm.com/content/dam/ltimcorporatewebsite/uploads/investors/2024/01/earnings-release-and-factsheet-q3fy24.pdf,86200.0,https://www.ltm.com/content/dam/ltimcorporatewebsite/uploads/investors/2024/01/earnings-release-and-factsheet-q3fy24.pdf,16.3,https://www.ltm.com/content/dam/ltimcorporatewebsite/uploads/investors/2023/01/Earnings-release-and-Factsheet-Q3FY2023.pdf,14.0,https://www.ltm.com/content/dam/ltimcorporatewebsite/uploads/investors/2023/01/Earnings-release-and-Factsheet-Q3FY2023.pdf,1.9,https://www.ltm.com/content/dam/ltimcorporatewebsite/uploads/investors/2023/01/Earnings-release-and-Factsheet-Q3FY2023.pdf,86462.0,https://www.ltm.com/content/dam/ltimcorporatewebsite/uploads/investors/2024/01/earnings-release-and-factsheet-q3fy24.pdf,22.3,https://www.ltm.com/content/dam/ltimcorporatewebsite/uploads/investors/2024/01/earnings-release-and-factsheet-q3fy24.pdf,82.9,https://www.ltm.com/content/dam/ltimcorporatewebsite/uploads/investors/2024/01/earnings-release-and-factsheet-q3fy24.pdf,,,82.9,https://www.ltm.com/content/dam/ltimcorporatewebsite/uploads/investors/2024/01/earnings-release-and-factsheet-q3fy24.pdf,,,1250.0,https://www.ltm.com/content/dam/ltimcorporatewebsite/uploads/investors/2023/01/Earnings-release-and-Factsheet-Q3FY2023.pdf,,,,,
ltim,2023Q1,1057.5,https://www.ltm.com/content/dam/ltimcorporatewebsite/uploads/investors/2024/04/Earnings-Release-and-Factsheet-Q4FY24.pdf,86910.0,https://www.ltm.com/content/dam/ltimcorporatewebsite/uploads/investors/2024/04/Earnings-Release-and-Factsheet-Q4FY24.pdf,13.5,https://www.ltm.com/content/dam/ltimcorporatewebsite/uploads/investors/2023/04/LTIM-EARNINGS-RELEASE-FACTSHEET-Q4FY2023.pdf,11.9,https://www.ltm.com/content/dam/ltimcorporatewebsite/uploads/investors/2023/04/LTIM-EARNINGS-RELEASE-FACTSHEET-Q4FY2023.pdf,0.7,https://www.ltm.com/content/dam/ltimcorporatewebsite/uploads/investors/2023/04/LTIM-EARNINGS-RELEASE-FACTSHEET-Q4FY2023.pdf,84546.0,https://www.ltm.com/content/dam/ltimcorporatewebsite/uploads/investors/2024/04/Earnings-Release-and-Factsheet-Q4FY24.pdf,20.2,https://www.ltm.com/content/dam/ltimcorporatewebsite/uploads/investors/2024/04/Earnings-Release-and-Factsheet-Q4FY24.pdf,81.7,https://www.ltm.com/content/dam/ltimcorporatewebsite/uploads/investors/2024/04/Earnings-Release-and-Factsheet-Q4FY24.pdf,,,81.7,https://www.ltm.com/content/dam/ltimcorporatewebsite/uploads/investors/2024/04/Earnings-Release-and-Factsheet-Q4FY24.pdf,,,1350.0,https://www.ltm.com/content/dam/ltimcorporatewebsite/uploads/investors/2023/04/LTIM-EARNINGS-RELEASE-FACTSHEET-Q4FY2023.pdf,,,,,
ltim,2023Q2,1058.7,https://www.ltm.com/content/dam/ltimcorporatewebsite/uploads/investors/2024/07/Earnings-Release-and-Factsheet-Q1FY25.pdf,87021.0,https://www.ltm.com/content/dam/ltimcorporatewebsite/uploads/investors/2024/07/Earnings-Release-and-Factsheet-Q1FY25.pdf,8.2,https://www.ltm.com/content/dam/ltimcorporatewebsite/uploads/investors/2023/07/Earnings-release-and-Factsheet-Q1FY2024.pdf,8.1,https://www.ltm.com/content/dam/ltimcorporatewebsite/uploads/investors/2023/07/Earnings-release-and-Factsheet-Q1FY2024.pdf,0.1,https://www.ltm.com/content/dam/ltimcorporatewebsite/uploads/investors/2023/07/Earnings-release-and-Factsheet-Q1FY2024.pdf,82738.0,https://www.ltm.com/content/dam/ltimcorporatewebsite/uploads/investors/2024/07/Earnings-Release-and-Factsheet-Q1FY25.pdf,17.8,https://www.ltm.com/content/dam/ltimcorporatewebsite/uploads/investors/2024/07/Earnings-Release-and-Factsheet-Q1FY25.pdf,84.8,https://www.ltm.com/content/dam/ltimcorporatewebsite/uploads/investors/2024/07/Earnings-Release-and-Factsheet-Q1FY25.pdf,,,84.8,https://www.ltm.com/content/dam/ltimcorporatewebsite/uploads/investors/2024/07/Earnings-Release-and-Factsheet-Q1FY25.pdf,,,1410.0,https://www.ltm.com/content/dam/ltimcorporatewebsite/uploads/investors/2023/07/Earnings-release-and-Factsheet-Q1FY2024.pdf,,,,,
ltim,2023Q3,1075.5,https://www.ltm.com/content/dam/ltimcorporatewebsite/uploads/investors/2024/10/earnings-release-factsheet-q2fy25.pdf,89054.0,https://www.ltm.com/content/dam/ltimcorporatewebsite/uploads/investors/2024/10/earnings-release-factsheet-q2fy25.pdf,4.4,https://www.ltm.com/content/dam/ltimcorporatewebsite/uploads/investors/2023/10/Earnings-release-and-fact-sheet-Q2FY2024.pdf,5.2,https://www.ltm.com/content/dam/ltimcorporatewebsite/uploads/investors/2023/10/Earnings-release-and-fact-sheet-Q2FY2024.pdf,1.7,https://www.ltm.com/content/dam/ltimcorporatewebsite/uploads/investors/2023/10/Earnings-release-and-fact-sheet-Q2FY2024.pdf,83532.0,https://www.ltm.com/content/dam/ltimcorporatewebsite/uploads/investors/2024/10/earnings-release-factsheet-q2fy25.pdf,15.2,https://www.ltm.com/content/dam/ltimcorporatewebsite/uploads/investors/2024/10/earnings-release-factsheet-q2fy25.pdf,86.6,https://www.ltm.com/content/dam/ltimcorporatewebsite/uploads/investors/2024/10/earnings-release-factsheet-q2fy25.pdf,,,86.6,https://www.ltm.com/content/dam/ltimcorporatewebsite/uploads/investors/2024/10/earnings-release-factsheet-q2fy25.pdf,,,1300.0,https://www.ltm.com/content/dam/ltimcorporatewebsite/uploads/investors/2023/10/Earnings-release-and-fact-sheet-Q2FY2024.pdf,,,,,
ltim,2023Q4,1083.7,https://www.ltm.com/content/dam/ltimcorporatewebsite/uploads/investors/2025/01/earnings-release-factsheet-q3fy25.pdf,90166.0,https://www.ltm.com/content/dam/ltimcorporatewebsite/uploads/investors/2025/01/earnings-release-factsheet-q3fy25.pdf,3.1,https://www.ltm.com/content/dam/ltimcorporatewebsite/uploads/investors/2024/01/earnings-release-and-factsheet-q3fy24.pdf,3.5,https://www.ltm.com/content/dam/ltimcorporatewebsite/uploads/investors/2024/01/earnings-release-and-factsheet-q3fy24.pdf,0.7,https://www.ltm.com/content/dam/ltimcorporatewebsite/uploads/investors/2024/01/earnings-release-and-factsheet-q3fy24.pdf,82471.0,https://www.ltm.com/content/dam/ltimcorporatewebsite/uploads/investors/2025/01/earnings-release-factsheet-q3fy25.pdf,14.2,https://www.ltm.com/content/dam/ltimcorporatewebsite/uploads/investors/2025/01/earnings-release-factsheet-q3fy25.pdf,87.4,https://www.ltm.com/content/dam/ltimcorporatewebsite/uploads/investors/2025/01/earnings-release-factsheet-q3fy25.pdf,,,87.4,https://www.ltm.com/content/dam/ltimcorporatewebsite/uploads/investors/2025/01/earnings-release-factsheet-q3fy25.pdf,,,1500.0,https://www.ltm.com/content/dam/ltimcorporatewebsite/uploads/investors/2025/01/earnings-release-factsheet-q3fy25.pdf,,,,,
ltim,2024Q1,1069.4,https://www.ltm.com/content/dam/ltimcorporatewebsite/uploads/investors/2025/04/earnings-release-factsheet-q4fy25.pdf,88929.0,https://www.ltm.com/content/dam/ltimcorporatewebsite/uploads/investors/2025/04/earnings-release-factsheet-q4fy25.pdf,1.2,https://www.ltm.com/content/dam/ltimcorporatewebsite/uploads/investors/2024/04/Earnings-Release-and-Factsheet-Q4FY24.pdf,1.1,https://www.ltm.com/content/dam/ltimcorporatewebsite/uploads/investors/2024/04/Earnings-Release-and-Factsheet-Q4FY24.pdf,-1.3,https://www.ltm.com/content/dam/ltimcorporatewebsite/uploads/investors/2024/04/Earnings-Release-and-Factsheet-Q4FY24.pdf,81650.0,https://www.ltm.com/content/dam/ltimcorporatewebsite/uploads/investors/2025/04/earnings-release-factsheet-q4fy25.pdf,14.4,https://www.ltm.com/content/dam/ltimcorporatewebsite/uploads/investors/2025/04/earnings-release-factsheet-q4fy25.pdf,86.9,https://www.ltm.com/content/dam/ltimcorporatewebsite/uploads/investors/2025/04/earnings-release-factsheet-q4fy25.pdf,,,86.9,https://www.ltm.com/content/dam/ltimcorporatewebsite/uploads/investors/2025/04/earnings-release-factsheet-q4fy25.pdf,,,1430.0,https://www.ltm.com/content/dam/ltimcorporatewebsite/uploads/investors/2025/04/earnings-release-factsheet-q4fy25.pdf,,,,,
ltim,2024Q2,1096.2,https://www.ltm.com/content/dam/ltimcorporatewebsite/uploads/2025/07/earnings-release-factsheet-q1fy26.pdf,91426.0,https://www.ltm.com/content/dam/ltimcorporatewebsite/uploads/2025/07/earnings-release-factsheet-q1fy26.pdf,3.7,https://www.ltm.com/content/dam/ltimcorporatewebsite/uploads/investors/2024/07/Earnings-Release-and-Factsheet-Q1FY25.pdf,3.5,https://www.ltm.com/content/dam/ltimcorporatewebsite/uploads/investors/2024/07/Earnings-Release-and-Factsheet-Q1FY25.pdf,2.6,https://www.ltm.com/content/dam/ltimcorporatewebsite/uploads/investors/2024/07/Earnings-Release-and-Factsheet-Q1FY25.pdf,81934.0,https://www.ltm.com/content/dam/ltimcorporatewebsite/uploads/2025/07/earnings-release-factsheet-q1fy26.pdf,14.4,https://www.ltm.com/content/dam/ltimcorporatewebsite/uploads/2025/07/earnings-release-factsheet-q1fy26.pdf,88.3,https://www.ltm.com/content/dam/ltimcorporatewebsite/uploads/2025/07/earnings-release-factsheet-q1fy26.pdf,,,88.3,https://www.ltm.com/content/dam/ltimcorporatewebsite/uploads/2025/07/earnings-release-factsheet-q1fy26.pdf,,,1400.0,https://www.ltm.com/content/dam/ltimcorporatewebsite/uploads/2025/07/earnings-release-factsheet-q1fy26.pdf,,,,,
ltim,2024Q3,1126.6,https://www.ltm.com/content/dam/ltimcorporatewebsite/uploads/investors/2025/10/earnings-release-factsheet-q2fy26.pdf,94329.0,https://www.ltm.com/content/dam/ltimcorporatewebsite/uploads/investors/2025/10/earnings-release-factsheet-q2fy26.pdf,4.4,https://www.ltm.com/content/dam/ltimcorporatewebsite/uploads/investors/2024/10/earnings-release-factsheet-q2fy25.pdf,4.7,https://www.ltm.com/content/dam/ltimcorporatewebsite/uploads/investors/2024/10/earnings-release-factsheet-q2fy25.pdf,2.3,https://www.ltm.com/content/dam/ltimcorporatewebsite/uploads/investors/2024/10/earnings-release-factsheet-q2fy25.pdf,84438.0,https://www.ltm.com/content/dam/ltimcorporatewebsite/uploads/investors/2025/10/earnings-release-factsheet-q2fy26.pdf,14.5,https://www.ltm.com/content/dam/ltimcorporatewebsite/uploads/investors/2025/10/earnings-release-factsheet-q2fy26.pdf,87.7,https://www.ltm.com/content/dam/ltimcorporatewebsite/uploads/investors/2025/10/earnings-release-factsheet-q2fy26.pdf,,,87.7,https://www.ltm.com/content/dam/ltimcorporatewebsite/uploads/investors/2025/10/earnings-release-factsheet-q2fy26.pdf,,,1300.0,https://www.ltm.com/content/dam/ltimcorporatewebsite/uploads/investors/2025/10/earnings-release-factsheet-q2fy26.pdf,,,,,
ltim,2024Q4,1138.7,https://www.ltm.com/content/dam/ltimcorporatewebsite/uploads/2026/01/earnings-release-factsheet-q3fy26.pdf,96609.0,https://www.ltm.com/content/dam/ltimcorporatewebsite/uploads/2026/01/earnings-release-factsheet-q3fy26.pdf,5.6,https://www.ltm.com/content/dam/ltimcorporatewebsite/uploads/investors/2025/01/earnings-release-factsheet-q3fy25.pdf,5.1,https://www.ltm.com/content/dam/ltimcorporatewebsite/uploads/investors/2025/01/earnings-release-factsheet-q3fy25.pdf,1.8,https://www.ltm.com/content/dam/ltimcorporatewebsite/uploads/investors/2025/01/earnings-release-factsheet-q3fy25.pdf,86800.0,https://www.ltm.com/content/dam/ltimcorporatewebsite/uploads/2026/01/earnings-release-factsheet-q3fy26.pdf,14.3,https://www.ltm.com/content/dam/ltimcorporatewebsite/uploads/2026/01/earnings-release-factsheet-q3fy26.pdf,85.4,https://www.ltm.com/content/dam/ltimcorporatewebsite/uploads/2026/01/earnings-release-factsheet-q3fy26.pdf,,,85.4,https://www.ltm.com/content/dam/ltimcorporatewebsite/uploads/2026/01/earnings-release-factsheet-q3fy26.pdf,,,1680.0,https://www.ltm.com/content/dam/ltimcorporatewebsite/uploads/2026/01/earnings-release-factsheet-q3fy26.pdf,,,,,
ltim,2025Q1,1131.0,https://www.ltm.com/content/dam/ltimcorporatewebsite/uploads/news-and-events/2026/04/earnings-release-factsheet-q4fy26.pdf,97717.0,https://www.ltm.com/content/dam/ltimcorporatewebsite/uploads/news-and-events/2026/04/earnings-release-factsheet-q4fy26.pdf,6.3,https://www.ltm.com/content/dam/ltimcorporatewebsite/uploads/news-and-events/2026/04/earnings-release-factsheet-q4fy26.pdf,5.8,https://www.ltm.com/content/dam/ltimcorporatewebsite/uploads/news-and-events/2026/04/earnings-release-factsheet-q4fy26.pdf,-0.6,https://www.ltm.com/content/dam/ltimcorporatewebsite/uploads/news-and-events/2026/04/earnings-release-factsheet-q4fy26.pdf,84307.0,https://www.ltm.com/content/dam/ltimcorporatewebsite/uploads/news-and-events/2026/04/earnings-release-factsheet-q4fy26.pdf,14.4,https://www.ltm.com/content/dam/ltimcorporatewebsite/uploads/news-and-events/2026/04/earnings-release-factsheet-q4fy26.pdf,85.8,https://www.ltm.com/content/dam/ltimcorporatewebsite/uploads/news-and-events/2026/04/earnings-release-factsheet-q4fy26.pdf,,,85.8,https://www.ltm.com/content/dam/ltimcorporatewebsite/uploads/news-and-events/2026/04/earnings-release-factsheet-q4fy26.pdf,,,1600.0,https://www.ltm.com/content/dam/ltimcorporatewebsite/uploads/news-and-events/2026/04/earnings-release-factsheet-q4fy26.pdf,,,,,
ltim,2025Q2,1153.3,https://www.ltm.com/content/dam/ltimcorporatewebsite/uploads/news-and-events/2026/07/earnings-release-factsheet-q1fy27.pdf,98406.0,https://www.ltm.com/content/dam/ltimcorporatewebsite/uploads/news-and-events/2026/07/earnings-release-factsheet-q1fy27.pdf,4.4,https://www.ltm.com/content/dam/ltimcorporatewebsite/uploads/news-and-events/2026/07/earnings-release-factsheet-q1fy27.pdf,5.2,https://www.ltm.com/content/dam/ltimcorporatewebsite/uploads/news-and-events/2026/07/earnings-release-factsheet-q1fy27.pdf,0.8,https://www.ltm.com/content/dam/ltimcorporatewebsite/uploads/news-and-events/2026/07/earnings-release-factsheet-q1fy27.pdf,83889.0,https://www.ltm.com/content/dam/ltimcorporatewebsite/uploads/news-and-events/2026/07/earnings-release-factsheet-q1fy27.pdf,14.4,https://www.ltm.com/content/dam/ltimcorporatewebsite/uploads/news-and-events/2026/07/earnings-release-factsheet-q1fy27.pdf,88.1,https://www.ltm.com/content/dam/ltimcorporatewebsite/uploads/news-and-events/2026/07/earnings-release-factsheet-q1fy27.pdf,,,88.1,https://www.ltm.com/content/dam/ltimcorporatewebsite/uploads/news-and-events/2026/07/earnings-release-factsheet-q1fy27.pdf,,,1630.0,https://www.ltm.com/content/dam/ltimcorporatewebsite/uploads/news-and-events/2026/07/earnings-release-factsheet-q1fy27.pdf,,,,,
ltim,2025Q3,1180.1,https://www.ltm.com/content/dam/ltimcorporatewebsite/uploads/news-and-events/2026/07/earnings-release-factsheet-q1fy27.pdf,103943.0,https://www.ltm.com/content/dam/ltimcorporatewebsite/uploads/news-and-events/2026/07/earnings-release-factsheet-q1fy27.pdf,4.4,https://www.ltm.com/content/dam/ltimcorporatewebsite/uploads/news-and-events/2026/07/earnings-release-factsheet-q1fy27.pdf,4.8,https://www.ltm.com/content/dam/ltimcorporatewebsite/uploads/news-and-events/2026/07/earnings-release-factsheet-q1fy27.pdf,2.4,https://www.ltm.com/content/dam/ltimcorporatewebsite/uploads/news-and-events/2026/07/earnings-release-factsheet-q1fy27.pdf,86447.0,https://www.ltm.com/content/dam/ltimcorporatewebsite/uploads/news-and-events/2026/07/earnings-release-factsheet-q1fy27.pdf,14.2,https://www.ltm.com/content/dam/ltimcorporatewebsite/uploads/news-and-events/2026/07/earnings-release-factsheet-q1fy27.pdf,88.1,https://www.ltm.com/content/dam/ltimcorporatewebsite/uploads/news-and-events/2026/07/earnings-release-factsheet-q1fy27.pdf,,,88.1,https://www.ltm.com/content/dam/ltimcorporatewebsite/uploads/news-and-events/2026/07/earnings-release-factsheet-q1fy27.pdf,,,1590.0,https://www.ltm.com/content/dam/ltimcorporatewebsite/uploads/news-and-events/2026/07/earnings-release-factsheet-q1fy27.pdf,,,,,
ltim,2025Q4,1208.0,https://www.ltm.com/content/dam/ltimcorporatewebsite/uploads/news-and-events/2026/07/earnings-release-factsheet-q1fy27.pdf,107810.0,https://www.ltm.com/content/dam/ltimcorporatewebsite/uploads/news-and-events/2026/07/earnings-release-factsheet-q1fy27.pdf,5.2,https://www.ltm.com/content/dam/ltimcorporatewebsite/uploads/news-and-events/2026/07/earnings-release-factsheet-q1fy27.pdf,6.1,https://www.ltm.com/content/dam/ltimcorporatewebsite/uploads/news-and-events/2026/07/earnings-release-factsheet-q1fy27.pdf,2.4,https://www.ltm.com/content/dam/ltimcorporatewebsite/uploads/news-and-events/2026/07/earnings-release-factsheet-q1fy27.pdf,87958.0,https://www.ltm.com/content/dam/ltimcorporatewebsite/uploads/news-and-events/2026/07/earnings-release-factsheet-q1fy27.pdf,13.8,https://www.ltm.com/content/dam/ltimcorporatewebsite/uploads/news-and-events/2026/07/earnings-release-factsheet-q1fy27.pdf,86.9,https://www.ltm.com/content/dam/ltimcorporatewebsite/uploads/news-and-events/2026/07/earnings-release-factsheet-q1fy27.pdf,,,86.9,https://www.ltm.com/content/dam/ltimcorporatewebsite/uploads/news-and-events/2026/07/earnings-release-factsheet-q1fy27.pdf,,,1690.0,https://www.ltm.com/content/dam/ltimcorporatewebsite/uploads/news-and-events/2026/07/earnings-release-factsheet-q1fy27.pdf,,,,,
ltim,2026Q1,1222.4,https://www.ltm.com/content/dam/ltimcorporatewebsite/uploads/news-and-events/2026/07/earnings-release-factsheet-q1fy27.pdf,112917.0,https://www.ltm.com/content/dam/ltimcorporatewebsite/uploads/news-and-events/2026/07/earnings-release-factsheet-q1fy27.pdf,7.0,https://www.ltm.com/content/dam/ltimcorporatewebsite/uploads/news-and-events/2026/07/earnings-release-factsheet-q1fy27.pdf,8.1,https://www.ltm.com/content/dam/ltimcorporatewebsite/uploads/news-and-events/2026/07/earnings-release-factsheet-q1fy27.pdf,1.2,https://www.ltm.com/content/dam/ltimcorporatewebsite/uploads/news-and-events/2026/07/earnings-release-factsheet-q1fy27.pdf,87950.0,https://www.ltm.com/content/dam/ltimcorporatewebsite/uploads/news-and-events/2026/07/earnings-release-factsheet-q1fy27.pdf,13.3,https://www.ltm.com/content/dam/ltimcorporatewebsite/uploads/news-and-events/2026/07/earnings-release-factsheet-q1fy27.pdf,85.7,https://www.ltm.com/content/dam/ltimcorporatewebsite/uploads/news-and-events/2026/07/earnings-release-factsheet-q1fy27.pdf,,,85.7,https://www.ltm.com/content/dam/ltimcorporatewebsite/uploads/news-and-events/2026/07/earnings-release-factsheet-q1fy27.pdf,,,1690.0,https://www.ltm.com/content/dam/ltimcorporatewebsite/uploads/news-and-events/2026/07/earnings-release-factsheet-q1fy27.pdf,,,,,
ltim,2026Q2,1223.5,https://www.ltm.com/content/dam/ltimcorporatewebsite/uploads/news-and-events/2026/07/earnings-release-factsheet-q1fy27.pdf,116080.0,https://www.ltm.com/content/dam/ltimcorporatewebsite/uploads/news-and-events/2026/07/earnings-release-factsheet-q1fy27.pdf,6.4,https://www.ltm.com/content/dam/ltimcorporatewebsite/uploads/news-and-events/2026/07/earnings-release-factsheet-q1fy27.pdf,6.1,https://www.ltm.com/content/dam/ltimcorporatewebsite/uploads/news-and-events/2026/07/earnings-release-factsheet-q1fy27.pdf,0.3,https://www.ltm.com/content/dam/ltimcorporatewebsite/uploads/news-and-events/2026/07/earnings-release-factsheet-q1fy27.pdf,87886.0,https://www.ltm.com/content/dam/ltimcorporatewebsite/uploads/news-and-events/2026/07/earnings-release-factsheet-q1fy27.pdf,13.3,https://www.ltm.com/content/dam/ltimcorporatewebsite/uploads/news-and-events/2026/07/earnings-release-factsheet-q1fy27.pdf,86.4,https://www.ltm.com/content/dam/ltimcorporatewebsite/uploads/news-and-events/2026/07/earnings-release-factsheet-q1fy27.pdf,,,86.4,https://www.ltm.com/content/dam/ltimcorporatewebsite/uploads/news-and-events/2026/07/earnings-release-factsheet-q1fy27.pdf,,,1680.0,https://www.ltm.com/content/dam/ltimcorporatewebsite/uploads/news-and-events/2026/07/earnings-release-factsheet-q1fy27.pdf,,,,,
mindtree,2015Q2,154.9,https://nsearchives.nseindia.com/corporate/Mindtree_pr_16072015154101.zip,9816.0,https://nsearchives.nseindia.com/corporate/Mindtree_pr_16072015154101.zip,13.3,https://nsearchives.nseindia.com/corporate/Mindtree_pr_16072015154101.zip,9.7,https://nsearchives.nseindia.com/corporate/Mindtree_pr_16072015154101.zip,5.2,https://nsearchives.nseindia.com/corporate/Mindtree_pr_16072015154101.zip,14427.0,https://nsearchives.nseindia.com/corporate/Mindtree_pr_16072015154101.zip,18.4,https://nsearchives.nseindia.com/corporate/Mindtree_pr_16072015154101.zip,,,,,,,,,,,,,,,
mindtree,2015Q3,179.7,https://nsearchives.nseindia.com/corporate/118LettertoSEsonQtr2resultsintimationasperRegulation33ofLODR_21102016163303.zip,11693.0,https://nsearchives.nseindia.com/corporate/MINDTREE_pres_15102015155247.zip,,,22.6,https://nsearchives.nseindia.com/corporate/MINDTREE_pres_15102015155247.zip,,,15582.0,https://nsearchives.nseindia.com/corporate/118LettertoSEsonQtr2resultsintimationasperRegulation33ofLODR_21102016163303.zip,17.1,https://nsearchives.nseindia.com/corporate/118LettertoSEsonQtr2resultsintimationasperRegulation33ofLODR_21102016163303.zip,71.4,https://nsearchives.nseindia.com/corporate/118LettertoSEsonQtr2resultsintimationasperRegulation33ofLODR_21102016163303.zip,71.4,https://nsearchives.nseindia.com/corporate/118LettertoSEsonQtr2resultsintimationasperRegulation33ofLODR_21102016163303.zip,73.3,https://nsearchives.nseindia.com/corporate/118LettertoSEsonQtr2resultsintimationasperRegulation33ofLODR_21102016163303.zip,,,193.0,https://nsearchives.nseindia.com/corporate/118LettertoSEsonQtr2resultsintimationasperRegulation33ofLODR_21102016163303.zip,,,,,
mindtree,2015Q4,183.6,https://nsearchives.nseindia.com/corporate/164reg33Q3_19012017160733.zip,12145.0,https://nsearchives.nseindia.com/corporate/MINDTREE_press_18012016155131.zip,,,24.8,https://nsearchives.nseindia.com/corporate/MINDTREE_press_18012016155131.zip,3.0,https://nsearchives.nseindia.com/corporate/MINDTREE_press_18012016155131.zip,16243.0,https://nsearchives.nseindia.com/corporate/164reg33Q3_19012017160733.zip,16.0,https://nsearchives.nseindia.com/corporate/164reg33Q3_19012017160733.zip,68.5,https://nsearchives.nseindia.com/corporate/164reg33Q3_19012017160733.zip,68.5,https://nsearchives.nseindia.com/corporate/164reg33Q3_19012017160733.zip,69.9,https://nsearchives.nseindia.com/corporate/164reg33Q3_19012017160733.zip,,,204.0,https://nsearchives.nseindia.com/corporate/164reg33Q3_19012017160733.zip,,,,,
mindtree,2016Q1,195.0,https://nsearchives.nseindia.com/corporate/14LettertoSEsonQtr4results_20042017160001.zip,13242.0,https://nsearchives.nseindia.com/corporate/MINTREE_18042016161342.zip,,,32.3,https://nsearchives.nseindia.com/corporate/MINTREE_18042016161342.zip,7.1,https://nsearchives.nseindia.com/corporate/MINTREE_18042016161342.zip,16623.0,https://nsearchives.nseindia.com/corporate/14LettertoSEsonQtr4results_20042017160001.zip,15.7,https://nsearchives.nseindia.com/corporate/14LettertoSEsonQtr4results_20042017160001.zip,69.4,https://nsearchives.nseindia.com/corporate/14LettertoSEsonQtr4results_20042017160001.zip,69.4,https://nsearchives.nseindia.com/corporate/14LettertoSEsonQtr4results_20042017160001.zip,70.6,https://nsearchives.nseindia.com/corporate/14LettertoSEsonQtr4results_20042017160001.zip,,,281.0,https://nsearchives.nseindia.com/corporate/14LettertoSEsonQtr4results_20042017160001.zip,,,,,
mindtree,2016Q2,199.0,https://nsearchives.nseindia.com/corporate/71_ResultQ1_19072017162541.zip,13276.0,https://nsearchives.nseindia.com/corporate/71_ResultQ1_19072017162541.zip,,,,,,,16110.0,https://nsearchives.nseindia.com/corporate/71_ResultQ1_19072017162541.zip,16.5,https://nsearchives.nseindia.com/corporate/71_ResultQ1_19072017162541.zip,71.4,https://nsearchives.nseindia.com/corporate/71_ResultQ1_19072017162541.zip,71.4,https://nsearchives.nseindia.com/corporate/71_ResultQ1_19072017162541.zip,72.0,https://nsearchives.nseindia.com/corporate/71_ResultQ1_19072017162541.zip,,,220.0,https://nsearchives.nseindia.com/corporate/71_ResultQ1_19072017162541.zip,,,,,
mindtree,2016Q3,193.0,https://nsearchives.nseindia.com/corporate/121LettertoSEQtr2results_25102017160302.zip,12954.0,https://nsearchives.nseindia.com/corporate/121LettertoSEQtr2results_25102017160302.zip,,,7.4,https://nsearchives.nseindia.com/corporate/118LettertoSEsonQtr2resultsintimationasperRegulation33ofLODR_21102016163303.zip,,,16219.0,https://nsearchives.nseindia.com/corporate/121LettertoSEQtr2results_25102017160302.zip,16.4,https://nsearchives.nseindia.com/corporate/121LettertoSEQtr2results_25102017160302.zip,71.4,https://nsearchives.nseindia.com/corporate/121LettertoSEQtr2results_25102017160302.zip,71.4,https://nsearchives.nseindia.com/corporate/121LettertoSEQtr2results_25102017160302.zip,73.1,https://nsearchives.nseindia.com/corporate/121LettertoSEQtr2results_25102017160302.zip,,,183.0,https://nsearchives.nseindia.com/corporate/121LettertoSEQtr2results_25102017160302.zip,,,,,
mindtree,2016Q4,192.2,https://nsearchives.nseindia.com/corporate/157LetteronSEsQtr3resultsRegulation33_17012018153601.zip,12953.0,https://nsearchives.nseindia.com/corporate/157LetteronSEsQtr3resultsRegulation33_17012018153601.zip,,,4.7,https://nsearchives.nseindia.com/corporate/164reg33Q3_19012017160733.zip,,,16099.0,https://nsearchives.nseindia.com/corporate/157LetteronSEsQtr3resultsRegulation33_17012018153601.zip,16.1,https://nsearchives.nseindia.com/corporate/157LetteronSEsQtr3resultsRegulation33_17012018153601.zip,71.3,https://nsearchives.nseindia.com/corporate/157LetteronSEsQtr3resultsRegulation33_17012018153601.zip,71.3,https://nsearchives.nseindia.com/corporate/157LetteronSEsQtr3resultsRegulation33_17012018153601.zip,72.3,https://nsearchives.nseindia.com/corporate/157LetteronSEsQtr3resultsRegulation33_17012018153601.zip,,,314.0,https://nsearchives.nseindia.com/corporate/157LetteronSEsQtr3resultsRegulation33_17012018153601.zip,,,,,
mindtree,2017Q1,195.6,https://nsearchives.nseindia.com/corporate/13LetterQtr4resultsRegulation33_24042018095335.zip,13181.0,https://nsearchives.nseindia.com/corporate/13LetterQtr4resultsRegulation33_24042018095335.zip,,,0.3,https://nsearchives.nseindia.com/corporate/14LettertoSEsonQtr4results_20042017160001.zip,2.0,https://nsearchives.nseindia.com/corporate/14LettertoSEsonQtr4results_20042017160001.zip,16470.0,https://nsearchives.nseindia.com/corporate/13LetterQtr4resultsRegulation33_24042018095335.zip,15.1,https://nsearchives.nseindia.com/corporate/13LetterQtr4resultsRegulation33_24042018095335.zip,70.9,https://nsearchives.nseindia.com/corporate/13LetterQtr4resultsRegulation33_24042018095335.zip,70.9,https://nsearchives.nseindia.com/corporate/13LetterQtr4resultsRegulation33_24042018095335.zip,72.7,https://nsearchives.nseindia.com/corporate/13LetterQtr4resultsRegulation33_24042018095335.zip,,,209.0,https://nsearchives.nseindia.com/corporate/13LetterQtr4resultsRegulation33_24042018095335.zip,,,,,
mindtree,2017Q2,200.1,https://nsearchives.nseindia.com/corporate/75Qtr1resultsintimationRegulation33LODR_18072018160344.zip,12895.0,https://nsearchives.nseindia.com/corporate/75Qtr1resultsintimationRegulation33LODR_18072018160344.zip,,,0.6,https://nsearchives.nseindia.com/corporate/71_ResultQ1_19072017162541.zip,1.2,https://nsearchives.nseindia.com/corporate/71_ResultQ1_19072017162541.zip,16561.0,https://nsearchives.nseindia.com/corporate/75Qtr1resultsintimationRegulation33LODR_18072018160344.zip,14.0,https://nsearchives.nseindia.com/corporate/75Qtr1resultsintimationRegulation33LODR_18072018160344.zip,73.2,https://nsearchives.nseindia.com/corporate/75Qtr1resultsintimationRegulation33LODR_18072018160344.zip,73.2,https://nsearchives.nseindia.com/corporate/75Qtr1resultsintimationRegulation33LODR_18072018160344.zip,73.8,https://nsearchives.nseindia.com/corporate/75Qtr1resultsintimationRegulation33LODR_18072018160344.zip,,,262.0,https://nsearchives.nseindia.com/corporate/75Qtr1resultsintimationRegulation33LODR_18072018160344.zip,,,,,
mindtree,2017Q3,206.2,https://nsearchives.nseindia.com/corporate/127Q2resultsSept302018_17102018153750.zip,13316.0,https://nsearchives.nseindia.com/corporate/127Q2resultsSept302018_17102018153750.zip,,,6.9,https://nsearchives.nseindia.com/corporate/121LettertoSEQtr2results_25102017160302.zip,,,16910.0,https://nsearchives.nseindia.com/corporate/127Q2resultsSept302018_17102018153750.zip,13.0,https://nsearchives.nseindia.com/corporate/127Q2resultsSept302018_17102018153750.zip,73.2,https://nsearchives.nseindia.com/corporate/127Q2resultsSept302018_17102018153750.zip,73.2,https://nsearchives.nseindia.com/corporate/127Q2resultsSept302018_17102018153750.zip,74.6,https://nsearchives.nseindia.com/corporate/127Q2resultsSept302018_17102018153750.zip,,,207.0,https://nsearchives.nseindia.com/corporate/127Q2resultsSept302018_17102018153750.zip,,,,,
mindtree,2017Q4,214.3,https://nsearchives.nseindia.com/corporate/167Reg33onQtr3results_16012019161641.zip,13777.0,https://nsearchives.nseindia.com/corporate/167Reg33onQtr3results_16012019161641.zip,,,11.5,https://nsearchives.nseindia.com/corporate/157LetteronSEsQtr3resultsRegulation33_17012018153601.zip,,,17200.0,https://nsearchives.nseindia.com/corporate/167Reg33onQtr3results_16012019161641.zip,12.6,https://nsearchives.nseindia.com/corporate/167Reg33onQtr3results_16012019161641.zip,72.8,https://nsearchives.nseindia.com/corporate/167Reg33onQtr3results_16012019161641.zip,72.8,https://nsearchives.nseindia.com/corporate/167Reg33onQtr3results_16012019161641.zip,74.3,https://nsearchives.nseindia.com/corporate/167Reg33onQtr3results_16012019161641.zip,,,244.0,https://nsearchives.nseindia.com/corporate/167Reg33onQtr3results_16012019161641.zip,,,,,
mindtree,2018Q1,226.2,https://nsearchives.nseindia.com/corporate/12LetterSEsQtr4resultsReg33_17042019134402.zip,14640.0,https://nsearchives.nseindia.com/corporate/12LetterSEsQtr4resultsReg33_17042019134402.zip,,,15.6,https://nsearchives.nseindia.com/corporate/13LetterQtr4resultsRegulation33_24042018095335.zip,,,17723.0,https://nsearchives.nseindia.com/corporate/12LetterSEsQtr4resultsReg33_17042019134402.zip,12.5,https://nsearchives.nseindia.com/corporate/12LetterSEsQtr4resultsReg33_17042019134402.zip,73.8,https://nsearchives.nseindia.com/corporate/12LetterSEsQtr4resultsReg33_17042019134402.zip,73.8,https://nsearchives.nseindia.com/corporate/12LetterSEsQtr4resultsReg33_17042019134402.zip,75.2,https://nsearchives.nseindia.com/corporate/12LetterSEsQtr4resultsReg33_17042019134402.zip,,,298.0,https://nsearchives.nseindia.com/corporate/12LetterSEsQtr4resultsReg33_17042019134402.zip,,,,,
mindtree,2018Q2,241.5,https://nsearchives.nseindia.com/corporate/84LetteronQtr1results_17072019164624.zip,16395.0,https://nsearchives.nseindia.com/corporate/127Q2resultsSept302018_17102018153750.zip,,,20.7,https://nsearchives.nseindia.com/corporate/75Qtr1resultsintimationRegulation33LODR_18072018160344.zip,8.2,https://nsearchives.nseindia.com/corporate/75Qtr1resultsintimationRegulation33LODR_18072018160344.zip,18990.0,https://nsearchives.nseindia.com/corporate/84LetteronQtr1results_17072019164624.zip,12.2,https://nsearchives.nseindia.com/corporate/84LetteronQtr1results_17072019164624.zip,75.4,https://nsearchives.nseindia.com/corporate/84LetteronQtr1results_17072019164624.zip,75.4,https://nsearchives.nseindia.com/corporate/84LetteronQtr1results_17072019164624.zip,76.3,https://nsearchives.nseindia.com/corporate/84LetteronQtr1results_17072019164624.zip,,,306.0,https://nsearchives.nseindia.com/corporate/84LetteronQtr1results_17072019164624.zip,,,,,
mindtree,2018Q3,246.4,https://nsearchives.nseindia.com/corporate/157Q2LetterReg33Financialresults_16102019154659.zip,17554.0,https://nsearchives.nseindia.com/corporate/167Reg33onQtr3results_16012019161641.zip,,,19.5,https://nsearchives.nseindia.com/corporate/127Q2resultsSept302018_17102018153750.zip,2.4,https://nsearchives.nseindia.com/corporate/127Q2resultsSept302018_17102018153750.zip,19402.0,https://nsearchives.nseindia.com/corporate/157Q2LetterReg33Financialresults_16102019154659.zip,13.0,https://nsearchives.nseindia.com/corporate/157Q2LetterReg33Financialresults_16102019154659.zip,74.5,https://nsearchives.nseindia.com/corporate/157Q2LetterReg33Financialresults_16102019154659.zip,74.5,https://nsearchives.nseindia.com/corporate/157Q2LetterReg33Financialresults_16102019154659.zip,76.5,https://nsearchives.nseindia.com/corporate/157Q2LetterReg33Financialresults_16102019154659.zip,,,271.0,https://nsearchives.nseindia.com/corporate/157Q2LetterReg33Financialresults_16102019154659.zip,,,,,
mindtree,2018Q4,251.5,https://nsearchives.nseindia.com/corporate/206LetterQ3results_14012020161650.zip,17872.0,https://nsearchives.nseindia.com/corporate/12LetterSEsQtr4resultsReg33_17042019134402.zip,,,17.4,https://nsearchives.nseindia.com/corporate/167Reg33onQtr3results_16012019161641.zip,2.4,https://nsearchives.nseindia.com/corporate/167Reg33onQtr3results_16012019161641.zip,19908.0,https://nsearchives.nseindia.com/corporate/206LetterQ3results_14012020161650.zip,13.4,https://nsearchives.nseindia.com/corporate/206LetterQ3results_14012020161650.zip,74.6,https://nsearchives.nseindia.com/corporate/206LetterQ3results_14012020161650.zip,74.6,https://nsearchives.nseindia.com/corporate/206LetterQ3results_14012020161650.zip,76.4,https://nsearchives.nseindia.com/corporate/206LetterQ3results_14012020161650.zip,,,256.0,https://nsearchives.nseindia.com/corporate/206LetterQ3results_14012020161650.zip,,,,,
mindtree,2019Q1,262.0,https://nsearchives.nseindia.com/corporate/8LetterQtr4resultsRegulation33LODR_24042020165708.zip,18394.0,https://nsearchives.nseindia.com/corporate/12LetterSEsQtr4resultsReg33_17042019134402.zip,,,15.8,https://nsearchives.nseindia.com/corporate/12LetterSEsQtr4resultsReg33_17042019134402.zip,3.9,https://nsearchives.nseindia.com/corporate/12LetterSEsQtr4resultsReg33_17042019134402.zip,20204.0,https://nsearchives.nseindia.com/corporate/8LetterQtr4resultsRegulation33LODR_24042020165708.zip,14.2,https://nsearchives.nseindia.com/corporate/8LetterQtr4resultsRegulation33LODR_24042020165708.zip,75.3,https://nsearchives.nseindia.com/corporate/8LetterQtr4resultsRegulation33LODR_24042020165708.zip,75.3,https://nsearchives.nseindia.com/corporate/8LetterQtr4resultsRegulation33LODR_24042020165708.zip,77.1,https://nsearchives.nseindia.com/corporate/8LetterQtr4resultsRegulation33LODR_24042020165708.zip,,,242.0,https://nsearchives.nseindia.com/corporate/8LetterQtr4resultsRegulation33LODR_24042020165708.zip,,,,,
mindtree,2019Q2,264.2,https://nsearchives.nseindia.com/corporate/157Q2LetterReg33Financialresults_16102019154659.zip,,,,,9.4,https://nsearchives.nseindia.com/corporate/84LetteronQtr1results_17072019164624.zip,1.1,https://nsearchives.nseindia.com/corporate/84LetteronQtr1results_17072019164624.zip,20935.0,https://nsearchives.nseindia.com/corporate/157Q2LetterReg33Financialresults_16102019154659.zip,15.1,https://nsearchives.nseindia.com/corporate/157Q2LetterReg33Financialresults_16102019154659.zip,77.2,https://nsearchives.nseindia.com/corporate/157Q2LetterReg33Financialresults_16102019154659.zip,77.2,https://nsearchives.nseindia.com/corporate/157Q2LetterReg33Financialresults_16102019154659.zip,77.9,https://nsearchives.nseindia.com/corporate/157Q2LetterReg33Financialresults_16102019154659.zip,,,324.0,https://nsearchives.nseindia.com/corporate/157Q2LetterReg33Financialresults_16102019154659.zip,,,,,
mindtree,2019Q3,271.0,https://nsearchives.nseindia.com/corporate/201LetteronQtr2resultsOct152020_15102020163206.zip,19143.0,https://nsearchives.nseindia.com/corporate/201LetteronQtr2resultsOct152020_15102020163206.zip,,,10.0,https://nsearchives.nseindia.com/corporate/157Q2LetterReg33Financialresults_16102019154659.zip,3.2,https://nsearchives.nseindia.com/corporate/157Q2LetterReg33Financialresults_16102019154659.zip,21267.0,https://nsearchives.nseindia.com/corporate/201LetteronQtr2resultsOct152020_15102020163206.zip,16.5,https://nsearchives.nseindia.com/corporate/201LetteronQtr2resultsOct152020_15102020163206.zip,77.0,https://nsearchives.nseindia.com/corporate/201LetteronQtr2resultsOct152020_15102020163206.zip,77.0,https://nsearchives.nseindia.com/corporate/201LetteronQtr2resultsOct152020_15102020163206.zip,79.0,https://nsearchives.nseindia.com/corporate/206LetterQ3results_14012020161650.zip,,,307.0,https://nsearchives.nseindia.com/corporate/201LetteronQtr2resultsOct152020_15102020163206.zip,,,,,
mindtree,2019Q4,275.2,https://nsearchives.nseindia.com/corporate/247LettertoSEsonQtr3resultsintimationasperRegulatio33ofLODR_18012021154325.zip,19653.0,https://nsearchives.nseindia.com/corporate/247LettertoSEsonQtr3resultsintimationasperRegulatio33ofLODR_18012021154325.zip,,,9.4,https://nsearchives.nseindia.com/corporate/206LetterQ3results_14012020161650.zip,,,21561.0,https://nsearchives.nseindia.com/corporate/247LettertoSEsonQtr3resultsintimationasperRegulatio33ofLODR_18012021154325.zip,17.2,https://nsearchives.nseindia.com/corporate/247LettertoSEsonQtr3resultsintimationasperRegulatio33ofLODR_18012021154325.zip,75.9,https://nsearchives.nseindia.com/corporate/247LettertoSEsonQtr3resultsintimationasperRegulatio33ofLODR_18012021154325.zip,75.9,https://nsearchives.nseindia.com/corporate/247LettertoSEsonQtr3resultsintimationasperRegulatio33ofLODR_18012021154325.zip,78.0,https://nsearchives.nseindia.com/corporate/8LetterQtr4resultsRegulation33LODR_24042020165708.zip,,,207.0,https://nsearchives.nseindia.com/corporate/247LettertoSEsonQtr3resultsintimationasperRegulatio33ofLODR_18012021154325.zip,,,,,
mindtree,2020Q1,278.4,https://nsearchives.nseindia.com/corporate/9LetterQtr4resultsRegulation33LODR.pdf,20505.0,https://nsearchives.nseindia.com/corporate/9LetterQtr4resultsRegulation33LODR.pdf,,,6.3,https://nsearchives.nseindia.com/corporate/8LetterQtr4resultsRegulation33LODR_24042020165708.zip,,,21991.0,https://nsearchives.nseindia.com/corporate/9LetterQtr4resultsRegulation33LODR.pdf,17.4,https://nsearchives.nseindia.com/corporate/9LetterQtr4resultsRegulation33LODR.pdf,76.5,https://nsearchives.nseindia.com/corporate/9LetterQtr4resultsRegulation33LODR.pdf,76.5,https://nsearchives.nseindia.com/corporate/9LetterQtr4resultsRegulation33LODR.pdf,78.8,https://nsearchives.nseindia.com/corporate/8LetterQtr4resultsRegulation33LODR_24042020165708.zip,,,393.0,https://nsearchives.nseindia.com/corporate/9LetterQtr4resultsRegulation33LODR.pdf,,,,,
mindtree,2020Q2,253.2,https://nsearchives.nseindia.com/corporate/59LetterQ1Results_13072021153603.pdf,19088.0,https://nsearchives.nseindia.com/corporate/59LetterQ1Results_13072021153603.pdf,,,,,,,21955.0,https://nsearchives.nseindia.com/corporate/59LetterQ1Results_13072021153603.pdf,16.6,https://nsearchives.nseindia.com/corporate/59LetterQ1Results_13072021153603.pdf,75.5,https://nsearchives.nseindia.com/corporate/59LetterQ1Results_13072021153603.pdf,75.5,https://nsearchives.nseindia.com/corporate/59LetterQ1Results_13072021153603.pdf,,,,,391.0,https://nsearchives.nseindia.com/corporate/59LetterQ1Results_13072021153603.pdf,,,,,
mindtree,2020Q3,261.0,https://nsearchives.nseindia.com/corporate/98LetterQ2Results_13102021154757.pdf,19260.0,https://nsearchives.nseindia.com/corporate/98LetterQ2Results_13102021154757.pdf,,,-3.7,https://nsearchives.nseindia.com/corporate/201LetteronQtr2resultsOct152020_15102020163206.zip,,,21827.0,https://nsearchives.nseindia.com/corporate/98LetterQ2Results_13102021154757.pdf,13.8,https://nsearchives.nseindia.com/corporate/98LetterQ2Results_13102021154757.pdf,78.8,https://nsearchives.nseindia.com/corporate/98LetterQ2Results_13102021154757.pdf,78.8,https://nsearchives.nseindia.com/corporate/98LetterQ2Results_13102021154757.pdf,,,,,303.0,https://nsearchives.nseindia.com/corporate/98LetterQ2Results_13102021154757.pdf,,,,,
mindtree,2020Q4,274.1,https://nsearchives.nseindia.com/corporate/129LetterQ3Results_13012022155113.pdf,20237.0,https://nsearchives.nseindia.com/corporate/129LetterQ3Results_13012022155113.pdf,,,-0.4,https://nsearchives.nseindia.com/corporate/247LettertoSEsonQtr3resultsintimationasperRegulatio33ofLODR_18012021154325.zip,,,22195.0,https://nsearchives.nseindia.com/corporate/129LetterQ3Results_13012022155113.pdf,12.5,https://nsearchives.nseindia.com/corporate/129LetterQ3Results_13012022155113.pdf,83.1,https://nsearchives.nseindia.com/corporate/129LetterQ3Results_13012022155113.pdf,83.1,https://nsearchives.nseindia.com/corporate/129LetterQ3Results_13012022155113.pdf,,,,,312.0,https://nsearchives.nseindia.com/corporate/129LetterQ3Results_13012022155113.pdf,,,,,
mindtree,2021Q1,288.2,https://nsearchives.nseindia.com/corporate/10LetterQ4Results_18042022163758.pdf,21093.0,https://nsearchives.nseindia.com/corporate/10LetterQ4Results_18042022163758.pdf,,,3.5,https://nsearchives.nseindia.com/corporate/9LetterQtr4resultsRegulation33LODR.pdf,,,23814.0,https://nsearchives.nseindia.com/corporate/10LetterQ4Results_18042022163758.pdf,12.1,https://nsearchives.nseindia.com/corporate/10LetterQ4Results_18042022163758.pdf,84.3,https://nsearchives.nseindia.com/corporate/10LetterQ4Results_18042022163758.pdf,84.3,https://nsearchives.nseindia.com/corporate/10LetterQ4Results_18042022163758.pdf,,,1673.0,https://nsearchives.nseindia.com/corporate/10LetterQ4Results_18042022163758.pdf,375.0,https://nsearchives.nseindia.com/corporate/10LetterQ4Results_18042022163758.pdf,,,,,7.931541269615512
mindtree,2021Q2,310.5,https://nsearchives.nseindia.com/corporate/MINDTREE_13072022155715_50LetterQ1Results.pdf,22917.0,https://nsearchives.nseindia.com/corporate/MINDTREE_13072022155715_50LetterQ1Results.pdf,,,22.6,https://nsearchives.nseindia.com/corporate/59LetterQ1Results_13072021153603.pdf,,,27256.0,https://nsearchives.nseindia.com/corporate/MINDTREE_13072022155715_50LetterQ1Results.pdf,13.7,https://nsearchives.nseindia.com/corporate/MINDTREE_13072022155715_50LetterQ1Results.pdf,83.2,https://nsearchives.nseindia.com/corporate/MINDTREE_13072022155715_50LetterQ1Results.pdf,83.2,https://nsearchives.nseindia.com/corporate/MINDTREE_13072022155715_50LetterQ1Results.pdf,,,2588.0,https://nsearchives.nseindia.com/corporate/MINDTREE_13072022155715_50LetterQ1Results.pdf,504.0,https://nsearchives.nseindia.com/corporate/MINDTREE_13072022155715_50LetterQ1Results.pdf,,,,,11.29292664833966
mindtree,2021Q3,350.1,https://nsearchives.nseindia.com/corporate/MINDTREE_13102022161548_98LetterQ2results.pdf,25862.0,https://nsearchives.nseindia.com/corporate/MINDTREE_13102022161548_98LetterQ2results.pdf,,,34.1,https://nsearchives.nseindia.com/corporate/98LetterQ2Results_13102021154757.pdf,13.4,https://nsearchives.nseindia.com/corporate/98LetterQ2Results_13102021154757.pdf,29732.0,https://nsearchives.nseindia.com/corporate/MINDTREE_13102022161548_98LetterQ2results.pdf,17.7,https://nsearchives.nseindia.com/corporate/MINDTREE_13102022161548_98LetterQ2results.pdf,82.9,https://nsearchives.nseindia.com/corporate/MINDTREE_13102022161548_98LetterQ2results.pdf,82.9,https://nsearchives.nseindia.com/corporate/MINDTREE_13102022161548_98LetterQ2results.pdf,,,2747.0,https://nsearchives.nseindia.com/corporate/MINDTREE_13102022161548_98LetterQ2results.pdf,360.0,https://nsearchives.nseindia.com/corporate/MINDTREE_13102022161548_98LetterQ2results.pdf,,,,,10.621761658031089
mindtree,2021Q4,366.4,https://nsearchives.nseindia.com/corporate/10LetterQ4Results_18042022163758.pdf,27500.0,https://nsearchives.nseindia.com/corporate/10LetterQ4Results_18042022163758.pdf,,,33.7,https://nsearchives.nseindia.com/corporate/129LetterQ3Results_13012022155113.pdf,,,31959.0,https://nsearchives.nseindia.com/corporate/10LetterQ4Results_18042022163758.pdf,21.9,https://nsearchives.nseindia.com/corporate/10LetterQ4Results_18042022163758.pdf,81.5,https://nsearchives.nseindia.com/corporate/10LetterQ4Results_18042022163758.pdf,81.5,https://nsearchives.nseindia.com/corporate/10LetterQ4Results_18042022163758.pdf,,,2689.0,https://nsearchives.nseindia.com/corporate/10LetterQ4Results_18042022163758.pdf,358.0,https://nsearchives.nseindia.com/corporate/10LetterQ4Results_18042022163758.pdf,,,,,9.778181818181817
mindtree,2022Q1,383.8,https://nsearchives.nseindia.com/corporate/MINDTREE_13072022155715_50LetterQ1Results.pdf,28974.0,https://nsearchives.nseindia.com/corporate/MINDTREE_13072022155715_50LetterQ1Results.pdf,,,33.2,https://nsearchives.nseindia.com/corporate/10LetterQ4Results_18042022163758.pdf,,,35071.0,https://nsearchives.nseindia.com/corporate/MINDTREE_13072022155715_50LetterQ1Results.pdf,23.8,https://nsearchives.nseindia.com/corporate/MINDTREE_13072022155715_50LetterQ1Results.pdf,83.1,https://nsearchives.nseindia.com/corporate/MINDTREE_13072022155715_50LetterQ1Results.pdf,83.1,https://nsearchives.nseindia.com/corporate/MINDTREE_13072022155715_50LetterQ1Results.pdf,,,2764.0,https://nsearchives.nseindia.com/corporate/MINDTREE_13072022155715_50LetterQ1Results.pdf,390.0,https://nsearchives.nseindia.com/corporate/MINDTREE_13072022155715_50LetterQ1Results.pdf,,,,,9.5395872161248
mindtree,2022Q2,399.3,https://nsearchives.nseindia.com/corporate/MINDTREE_13102022161548_98LetterQ2results.pdf,31211.0,https://nsearchives.nseindia.com/corporate/MINDTREE_13102022161548_98LetterQ2results.pdf,,,28.6,https://nsearchives.nseindia.com/corporate/MINDTREE_13072022155715_50LetterQ1Results.pdf,,,37455.0,https://nsearchives.nseindia.com/corporate/MINDTREE_13102022161548_98LetterQ2results.pdf,24.5,https://nsearchives.nseindia.com/corporate/MINDTREE_13102022161548_98LetterQ2results.pdf,81.2,https://nsearchives.nseindia.com/corporate/MINDTREE_13102022161548_98LetterQ2results.pdf,81.2,https://nsearchives.nseindia.com/corporate/MINDTREE_13102022161548_98LetterQ2results.pdf,,,2995.0,https://nsearchives.nseindia.com/corporate/MINDTREE_13102022161548_98LetterQ2results.pdf,570.0,https://nsearchives.nseindia.com/corporate/MINDTREE_13102022161548_98LetterQ2results.pdf,,,,,9.595975777770658
mindtree,2022Q3,422.1,https://nsearchives.nseindia.com/corporate/MINDTREE_13102022161548_98LetterQ2results.pdf,34004.0,https://nsearchives.nseindia.com/corporate/MINDTREE_13102022161548_98LetterQ2results.pdf,,,20.6,https://nsearchives.nseindia.com/corporate/MINDTREE_13102022161548_98LetterQ2results.pdf,,,38290.0,https://nsearchives.nseindia.com/corporate/MINDTREE_13102022161548_98LetterQ2results.pdf,24.1,https://nsearchives.nseindia.com/corporate/MINDTREE_13102022161548_98LetterQ2results.pdf,80.7,https://nsearchives.nseindia.com/corporate/MINDTREE_13102022161548_98LetterQ2results.pdf,80.7,https://nsearchives.nseindia.com/corporate/MINDTREE_13102022161548_98LetterQ2results.pdf,,,3418.0,https://nsearchives.nseindia.com/corporate/MINDTREE_13102022161548_98LetterQ2results.pdf,518.0,https://nsearchives.nseindia.com/corporate/MINDTREE_13102022161548_98LetterQ2results.pdf,,,,,10.051758616633338
tcs,2007Q1,,,51464.0,https://web.archive.org/web/20110304162702/http://www.tcs.com:80/investors/Documents/Presentations/TCS_Analysts_Q4_2008.PDF,,,38.22,https://web.archive.org/web/20140123005927/http://www.tcs.com/investors/Documents/Presentations/TCS_Analysts_Q4_07.PDF,,,89419.0,https://web.archive.org/web/20140123005927/http://www.tcs.com/investors/Documents/Presentations/TCS_Analysts_Q4_07.PDF,10.6,https://web.archive.org/web/20140123005927/http://www.tcs.com/investors/Documents/Presentations/TCS_Analysts_Q4_07.PDF,79.64,https://web.archive.org/web/20140123005927/http://www.tcs.com/investors/Documents/Presentations/TCS_Analysts_Q4_07.PDF,74.72,https://web.archive.org/web/20140123005927/http://www.tcs.com/investors/Documents/Presentations/TCS_Analysts_Q4_07.PDF,79.64,https://web.archive.org/web/20140123005927/http://www.tcs.com/investors/Documents/Presentations/TCS_Analysts_Q4_07.PDF,,,,,,,,,
tcs,2007Q2,1262.0,https://web.archive.org/web/20080910041147/http://www.tcs.com/investors/Documents/Presentations/TCS_Analysts_Q1_09.pdf,51572.0,https://web.archive.org/web/20080910041147/http://www.tcs.com/investors/Documents/Presentations/TCS_Analysts_Q1_09.pdf,,,25.55,https://web.archive.org/web/20140123005819/http://www.tcs.com/investors/Documents/Presentations/TCS_Analysts_Q1_08.PDF,,,94902.0,https://web.archive.org/web/20140123005819/http://www.tcs.com/investors/Documents/Presentations/TCS_Analysts_Q1_08.PDF,11.0,https://web.archive.org/web/20140123005819/http://www.tcs.com/investors/Documents/Presentations/TCS_Analysts_Q1_08.PDF,79.1,https://web.archive.org/web/20140123005819/http://www.tcs.com/investors/Documents/Presentations/TCS_Analysts_Q1_08.PDF,76.0,https://web.archive.org/web/20140123005819/http://www.tcs.com/investors/Documents/Presentations/TCS_Analysts_Q1_08.PDF,79.1,https://web.archive.org/web/20140123005819/http://www.tcs.com/investors/Documents/Presentations/TCS_Analysts_Q1_08.PDF,,,,,,,,,
tcs,2007Q3,1372.0,https://web.archive.org/web/20090206045020/http://www.tcs.com:80/investors/Documents/Presentations/TCS_Analysts_Q2_09.pdf,55497.0,https://web.archive.org/web/20090206045020/http://www.tcs.com:80/investors/Documents/Presentations/TCS_Analysts_Q2_09.pdf,,,25.83,https://web.archive.org/web/20140123005828/http://www.tcs.com/investors/Documents/Presentations/TCS_Analysts_Q2_08.PDF,,,104347.0,https://web.archive.org/web/20140123005828/http://www.tcs.com/investors/Documents/Presentations/TCS_Analysts_Q2_08.PDF,10.9,https://web.archive.org/web/20140123005828/http://www.tcs.com/investors/Documents/Presentations/TCS_Analysts_Q2_08.PDF,78.9,https://web.archive.org/web/20140123005828/http://www.tcs.com/investors/Documents/Presentations/TCS_Analysts_Q2_08.PDF,73.7,https://web.archive.org/web/20140123005828/http://www.tcs.com/investors/Documents/Presentations/TCS_Analysts_Q2_08.PDF,78.9,https://web.archive.org/web/20140123005828/http://www.tcs.com/investors/Documents/Presentations/TCS_Analysts_Q2_08.PDF,,,,,,,,,
tcs,2007Q4,1484.0,https://web.archive.org/web/20090126153439/http://www.tcs.com:80/investors/Documents/presentations/TCS_Analysts_Q3_08-09.pdf,58637.0,https://web.archive.org/web/20090126153439/http://www.tcs.com:80/investors/Documents/presentations/TCS_Analysts_Q3_08-09.pdf,,,21.88,https://web.archive.org/web/20140123005843/http://www.tcs.com/investors/Documents/Presentations/TCS_Analysts_Q3_08.PDF,,,108229.0,https://web.archive.org/web/20090411073308/http://www.tcs.com:80/investors/Documents/financial%20statements/TCS_OperatingMetrics_Q3_09.pdf,11.5,https://web.archive.org/web/20140123005843/http://www.tcs.com/investors/Documents/Presentations/TCS_Analysts_Q3_08.PDF,77.7,https://web.archive.org/web/20090411073308/http://www.tcs.com:80/investors/Documents/financial%20statements/TCS_OperatingMetrics_Q3_09.pdf,72.6,https://web.archive.org/web/20090411073308/http://www.tcs.com:80/investors/Documents/financial%20statements/TCS_OperatingMetrics_Q3_09.pdf,77.7,https://web.archive.org/web/20090411073308/http://www.tcs.com:80/investors/Documents/financial%20statements/TCS_OperatingMetrics_Q3_09.pdf,,,,,,,,,
tcs,2008Q1,1517.0,https://web.archive.org/web/20090521050525/http://www.tcs.com:80/sitecollectiondocuments/investors/presentations/TCS_Analysts_Q4_09.pdf,60469.0,https://web.archive.org/web/20090521050525/http://www.tcs.com:80/sitecollectiondocuments/investors/presentations/TCS_Analysts_Q4_09.pdf,,,18.43,https://web.archive.org/web/20110304162702/http://www.tcs.com:80/investors/Documents/Presentations/TCS_Analysts_Q4_2008.PDF,,,111407.0,https://web.archive.org/web/20110304162702/http://www.tcs.com:80/investors/Documents/Presentations/TCS_Analysts_Q4_2008.PDF,12.0,https://web.archive.org/web/20110304162702/http://www.tcs.com:80/investors/Documents/Presentations/TCS_Analysts_Q4_2008.PDF,79.1,https://web.archive.org/web/20110304162702/http://www.tcs.com:80/investors/Documents/Presentations/TCS_Analysts_Q4_2008.PDF,75.8,https://web.archive.org/web/20110304162702/http://www.tcs.com:80/investors/Documents/Presentations/TCS_Analysts_Q4_2008.PDF,79.1,https://web.archive.org/web/20110304162702/http://www.tcs.com:80/investors/Documents/Presentations/TCS_Analysts_Q4_2008.PDF,,,,,,,,,
tcs,2008Q2,1525.0,https://web.archive.org/web/20090824095509/http://www.tcs.com:80/investors/Documents/Presentations/TCS_Analysts_Q1_10.pdf,64107.0,https://web.archive.org/web/20090824095509/http://www.tcs.com:80/investors/Documents/Presentations/TCS_Analysts_Q1_10.pdf,,,24.3,https://web.archive.org/web/20080910041147/http://www.tcs.com/investors/Documents/Presentations/TCS_Analysts_Q1_09.pdf,,,116308.0,https://web.archive.org/web/20090824095421/http://www.tcs.com:80/investors/Documents/Financial%20Statements/TCS_OperatingMetrics_Q1_10.pdf,12.1,https://web.archive.org/web/20080910041147/http://www.tcs.com/investors/Documents/Presentations/TCS_Analysts_Q1_09.pdf,78.3,https://web.archive.org/web/20090824095421/http://www.tcs.com:80/investors/Documents/Financial%20Statements/TCS_OperatingMetrics_Q1_10.pdf,74.6,https://web.archive.org/web/20090824095421/http://www.tcs.com:80/investors/Documents/Financial%20Statements/TCS_OperatingMetrics_Q1_10.pdf,78.3,https://web.archive.org/web/20090824095421/http://www.tcs.com:80/investors/Documents/Financial%20Statements/TCS_OperatingMetrics_Q1_10.pdf,,,,,,,,,
tcs,2008Q3,1574.0,https://web.archive.org/web/20091229184223/http://www.tcs.com:80/investors/Documents/Presentations/TCS_Analysts_Q2_10.pdf,69534.0,https://web.archive.org/web/20091229184223/http://www.tcs.com:80/investors/Documents/Presentations/TCS_Analysts_Q2_10.pdf,,,25.29,https://web.archive.org/web/20090206045020/http://www.tcs.com:80/investors/Documents/Presentations/TCS_Analysts_Q2_09.pdf,,,121610.0,https://web.archive.org/web/20090411073308/http://www.tcs.com:80/investors/Documents/financial%20statements/TCS_OperatingMetrics_Q3_09.pdf,12.4,https://web.archive.org/web/20090206045020/http://www.tcs.com:80/investors/Documents/Presentations/TCS_Analysts_Q2_09.pdf,81.1,https://web.archive.org/web/20090411073308/http://www.tcs.com:80/investors/Documents/financial%20statements/TCS_OperatingMetrics_Q3_09.pdf,74.7,https://web.archive.org/web/20090411073308/http://www.tcs.com:80/investors/Documents/financial%20statements/TCS_OperatingMetrics_Q3_09.pdf,81.1,https://web.archive.org/web/20090411073308/http://www.tcs.com:80/investors/Documents/financial%20statements/TCS_OperatingMetrics_Q3_09.pdf,,,,,,,,,
tcs,2008Q4,1483.0,https://web.archive.org/web/20100215050728/http://www.tcs.com:80/SiteCollectionDocuments/Investors/Presentations/TCS_Analysts_Q3_10.pdf,72770.0,https://web.archive.org/web/20100215050728/http://www.tcs.com:80/SiteCollectionDocuments/Investors/Presentations/TCS_Analysts_Q3_10.pdf,,,24.1,https://web.archive.org/web/20090126153439/http://www.tcs.com:80/investors/Documents/presentations/TCS_Analysts_Q3_08-09.pdf,,,130343.0,https://web.archive.org/web/20090126153439/http://www.tcs.com:80/investors/Documents/presentations/TCS_Analysts_Q3_08-09.pdf,11.2,https://web.archive.org/web/20090126153439/http://www.tcs.com:80/investors/Documents/presentations/TCS_Analysts_Q3_08-09.pdf,79.9,https://web.archive.org/web/20090126153439/http://www.tcs.com:80/investors/Documents/presentations/TCS_Analysts_Q3_08-09.pdf,71.8,https://web.archive.org/web/20090126153439/http://www.tcs.com:80/investors/Documents/presentations/TCS_Analysts_Q3_08-09.pdf,79.9,https://web.archive.org/web/20090126153439/http://www.tcs.com:80/investors/Documents/presentations/TCS_Analysts_Q3_08-09.pdf,,,,,,,,,
tcs,2009Q1,1433.0,https://web.archive.org/web/20100601164656/http://www.tcs.com:80/SiteCollectionDocuments/Investors/Presentations/TCS_Analysts_Q4_10.pdf,71718.0,https://web.archive.org/web/20100601164656/http://www.tcs.com:80/SiteCollectionDocuments/Investors/Presentations/TCS_Analysts_Q4_10.pdf,,,18.6,https://web.archive.org/web/20090521050525/http://www.tcs.com:80/sitecollectiondocuments/investors/presentations/TCS_Analysts_Q4_09.pdf,,,143761.0,https://web.archive.org/web/20090824095421/http://www.tcs.com:80/investors/Documents/Financial%20Statements/TCS_OperatingMetrics_Q1_10.pdf,10.5,https://web.archive.org/web/20090521050525/http://www.tcs.com:80/sitecollectiondocuments/investors/presentations/TCS_Analysts_Q4_09.pdf,79.7,https://web.archive.org/web/20090824095421/http://www.tcs.com:80/investors/Documents/Financial%20Statements/TCS_OperatingMetrics_Q1_10.pdf,69.4,https://web.archive.org/web/20090824095421/http://www.tcs.com:80/investors/Documents/Financial%20Statements/TCS_OperatingMetrics_Q1_10.pdf,79.7,https://web.archive.org/web/20090824095421/http://www.tcs.com:80/investors/Documents/Financial%20Statements/TCS_OperatingMetrics_Q1_10.pdf,,,,,,,,,
tcs,2009Q2,1480.0,https://web.archive.org/web/20140123005635/http://www.tcs.com/investors/Documents/Presentations/TCS_Analysts_Q1_11.PDF,72070.0,https://web.archive.org/web/20140123005635/http://www.tcs.com/investors/Documents/Presentations/TCS_Analysts_Q1_11.PDF,,,12.42,https://web.archive.org/web/20090824095509/http://www.tcs.com:80/investors/Documents/Presentations/TCS_Analysts_Q1_10.pdf,,,141642.0,https://web.archive.org/web/20090824095509/http://www.tcs.com:80/investors/Documents/Presentations/TCS_Analysts_Q1_10.pdf,10.7,https://web.archive.org/web/20090824095509/http://www.tcs.com:80/investors/Documents/Presentations/TCS_Analysts_Q1_10.pdf,79.2,https://web.archive.org/web/20090824095509/http://www.tcs.com:80/investors/Documents/Presentations/TCS_Analysts_Q1_10.pdf,71.3,https://web.archive.org/web/20090824095509/http://www.tcs.com:80/investors/Documents/Presentations/TCS_Analysts_Q1_10.pdf,79.2,https://web.archive.org/web/20090824095509/http://www.tcs.com:80/investors/Documents/Presentations/TCS_Analysts_Q1_10.pdf,,,,,,,,,
tcs,2009Q3,1538.0,https://web.archive.org/web/20101129014115/http://www.tcs.com:80/investors/Documents/Presentations/TCS_Analysts_Q2_11.pdf,74351.0,https://web.archive.org/web/20101129014115/http://www.tcs.com:80/investors/Documents/Presentations/TCS_Analysts_Q2_11.pdf,,,6.93,https://web.archive.org/web/20091229184223/http://www.tcs.com:80/investors/Documents/Presentations/TCS_Analysts_Q2_10.pdf,,,141962.0,https://web.archive.org/web/20091229184223/http://www.tcs.com:80/investors/Documents/Presentations/TCS_Analysts_Q2_10.pdf,10.8,https://web.archive.org/web/20091229184223/http://www.tcs.com:80/investors/Documents/Presentations/TCS_Analysts_Q2_10.pdf,79.5,https://web.archive.org/web/20091229184223/http://www.tcs.com:80/investors/Documents/Presentations/TCS_Analysts_Q2_10.pdf,73.6,https://web.archive.org/web/20091229184223/http://www.tcs.com:80/investors/Documents/Presentations/TCS_Analysts_Q2_10.pdf,79.5,https://web.archive.org/web/20091229184223/http://www.tcs.com:80/investors/Documents/Presentations/TCS_Analysts_Q2_10.pdf,,,,,,,,,
tcs,2009Q4,1635.0,https://web.archive.org/web/20110125042130/http://www.tcs.com:80/SiteCollectionDocuments/Investors/Presentations/TCS_Analysts_Q3_11.pdf,76503.0,https://web.archive.org/web/20110125042130/http://www.tcs.com:80/SiteCollectionDocuments/Investors/Presentations/TCS_Analysts_Q3_11.pdf,,,5.13,https://web.archive.org/web/20100215050728/http://www.tcs.com:80/SiteCollectionDocuments/Investors/Presentations/TCS_Analysts_Q3_10.pdf,,,149654.0,https://web.archive.org/web/20100215050728/http://www.tcs.com:80/SiteCollectionDocuments/Investors/Presentations/TCS_Analysts_Q3_10.pdf,10.8,https://web.archive.org/web/20100215050728/http://www.tcs.com:80/SiteCollectionDocuments/Investors/Presentations/TCS_Analysts_Q3_10.pdf,81.1,https://web.archive.org/web/20100215050728/http://www.tcs.com:80/SiteCollectionDocuments/Investors/Presentations/TCS_Analysts_Q3_10.pdf,77.2,https://web.archive.org/web/20100215050728/http://www.tcs.com:80/SiteCollectionDocuments/Investors/Presentations/TCS_Analysts_Q3_10.pdf,81.1,https://web.archive.org/web/20100215050728/http://www.tcs.com:80/SiteCollectionDocuments/Investors/Presentations/TCS_Analysts_Q3_10.pdf,,,,,,,,,
tcs,2010Q1,1686.0,https://web.archive.org/web/20111027120950/http://www.tcs.com/investors/Documents/Presentations/TCS_Analysts_Q4_11.pdf,77365.0,https://web.archive.org/web/20111027120950/http://www.tcs.com/investors/Documents/Presentations/TCS_Analysts_Q4_11.pdf,,,7.87,https://web.archive.org/web/20100601164656/http://www.tcs.com:80/SiteCollectionDocuments/Investors/Presentations/TCS_Analysts_Q4_10.pdf,,,160429.0,https://web.archive.org/web/20100601164656/http://www.tcs.com:80/SiteCollectionDocuments/Investors/Presentations/TCS_Analysts_Q4_10.pdf,11.0,https://web.archive.org/web/20100601164656/http://www.tcs.com:80/SiteCollectionDocuments/Investors/Presentations/TCS_Analysts_Q4_10.pdf,81.8,https://web.archive.org/web/20100601164656/http://www.tcs.com:80/SiteCollectionDocuments/Investors/Presentations/TCS_Analysts_Q4_10.pdf,74.3,https://web.archive.org/web/20100601164656/http://www.tcs.com:80/SiteCollectionDocuments/Investors/Presentations/TCS_Analysts_Q4_10.pdf,81.8,https://web.archive.org/web/20100601164656/http://www.tcs.com:80/SiteCollectionDocuments/Investors/Presentations/TCS_Analysts_Q4_10.pdf,,,,,,,,,
tcs,2010Q2,1794.0,https://web.archive.org/web/20110812184123/http://www.tcs.com:80/SiteCollectionDocuments/Investors/Presentations/TCS_Analysts_Q1_12.pdf,82173.0,https://web.archive.org/web/20110812184123/http://www.tcs.com:80/SiteCollectionDocuments/Investors/Presentations/TCS_Analysts_Q1_12.pdf,,,14.02,https://web.archive.org/web/20140123005635/http://www.tcs.com/investors/Documents/Presentations/TCS_Analysts_Q1_11.PDF,,,163700.0,https://web.archive.org/web/20110812183926/http://www.tcs.com:80/SiteCollectionDocuments/Investors/Presentations/TCS_OperatingMetrics_Q1_12.pdf,12.3,https://web.archive.org/web/20140123005635/http://www.tcs.com/investors/Documents/Presentations/TCS_Analysts_Q1_11.PDF,82.6,https://web.archive.org/web/20110812183926/http://www.tcs.com:80/SiteCollectionDocuments/Investors/Presentations/TCS_OperatingMetrics_Q1_12.pdf,74.8,https://web.archive.org/web/20110812183926/http://www.tcs.com:80/SiteCollectionDocuments/Investors/Presentations/TCS_OperatingMetrics_Q1_12.pdf,82.6,https://web.archive.org/web/20110812183926/http://www.tcs.com:80/SiteCollectionDocuments/Investors/Presentations/TCS_OperatingMetrics_Q1_12.pdf,,,,,,,,,
tcs,2010Q3,2004.0,https://web.archive.org/web/20111216004635/http://www.tcs.com:80/investors/Documents/Presentations/TCS_Analysts_Q2_12.PDF,92864.0,https://web.archive.org/web/20111216004635/http://www.tcs.com:80/investors/Documents/Presentations/TCS_Analysts_Q2_12.PDF,,,30.0,https://web.archive.org/web/20101129014128/http://www.tcs.com:80/investors/Documents/Press%20Releases/TCS_PressRelease_USGAAP_Q2_11.pdf,,,174417.0,https://web.archive.org/web/20101129014115/http://www.tcs.com:80/investors/Documents/Presentations/TCS_Analysts_Q2_11.pdf,13.07,https://web.archive.org/web/20101129014115/http://www.tcs.com:80/investors/Documents/Presentations/TCS_Analysts_Q2_11.pdf,83.8,https://web.archive.org/web/20101129014115/http://www.tcs.com:80/investors/Documents/Presentations/TCS_Analysts_Q2_11.pdf,77.7,https://web.archive.org/web/20101129014115/http://www.tcs.com:80/investors/Documents/Presentations/TCS_Analysts_Q2_11.pdf,83.8,https://web.archive.org/web/20101129014115/http://www.tcs.com:80/investors/Documents/Presentations/TCS_Analysts_Q2_11.pdf,,,,,,,,,
tcs,2010Q4,2144.0,https://web.archive.org/web/20120131144553/http://www.tcs.com:80/SiteCollectionDocuments/Investors/Presentations/TCS_Analysts_Q3_12.pdf,96633.0,https://web.archive.org/web/20120131144553/http://www.tcs.com:80/SiteCollectionDocuments/Investors/Presentations/TCS_Analysts_Q3_12.pdf,,,31.1,https://web.archive.org/web/20110125042511/http://www.tcs.com:80/investors/Documents/Press%20Releases/TCS_PressRelease_USGAAP_Q3_11.pdf,,,186914.0,https://web.archive.org/web/20110125042130/http://www.tcs.com:80/SiteCollectionDocuments/Investors/Presentations/TCS_Analysts_Q3_11.pdf,13.21,https://web.archive.org/web/20110125042130/http://www.tcs.com:80/SiteCollectionDocuments/Investors/Presentations/TCS_Analysts_Q3_11.pdf,83.8,https://web.archive.org/web/20110125042130/http://www.tcs.com:80/SiteCollectionDocuments/Investors/Presentations/TCS_Analysts_Q3_11.pdf,77.1,https://web.archive.org/web/20110125042130/http://www.tcs.com:80/SiteCollectionDocuments/Investors/Presentations/TCS_Analysts_Q3_11.pdf,83.8,https://web.archive.org/web/20110125042130/http://www.tcs.com:80/SiteCollectionDocuments/Investors/Presentations/TCS_Analysts_Q3_11.pdf,,,,,,,,,
tcs,2011Q1,2245.0,https://web.archive.org/web/20140123005626/http://www.tcs.com/investors/Documents/Presentations/TCS_Analysts_Q4_12.PDF,101575.0,https://web.archive.org/web/20140123005626/http://www.tcs.com/investors/Documents/Presentations/TCS_Analysts_Q4_12.PDF,,,33.2,https://web.archive.org/web/20110516175334/http://www.tcs.com:80/SiteCollectionDocuments/Investors/Presentations/TCS_PressRelease_USGAAP_Q4_11.pdf,,,198614.0,https://web.archive.org/web/20110812183926/http://www.tcs.com:80/SiteCollectionDocuments/Investors/Presentations/TCS_OperatingMetrics_Q1_12.pdf,13.13,https://web.archive.org/web/20111027120950/http://www.tcs.com/investors/Documents/Presentations/TCS_Analysts_Q4_11.pdf,82.4,https://web.archive.org/web/20110812183926/http://www.tcs.com:80/SiteCollectionDocuments/Investors/Presentations/TCS_OperatingMetrics_Q1_12.pdf,75.1,https://web.archive.org/web/20110812183926/http://www.tcs.com:80/SiteCollectionDocuments/Investors/Presentations/TCS_OperatingMetrics_Q1_12.pdf,82.4,https://web.archive.org/web/20110812183926/http://www.tcs.com:80/SiteCollectionDocuments/Investors/Presentations/TCS_OperatingMetrics_Q1_12.pdf,99.0,https://www.tcs.com/content/dam/tcs/investor-relations/financial-statements/2011-12/q4/Presentations/Q4%202011-12%20Analysts%20Presentation.pdf,,,,,,,4.409799554565701
tcs,2011Q2,2412.0,https://web.archive.org/web/20111216004635/http://www.tcs.com:80/investors/Documents/Presentations/TCS_Analysts_Q2_12.PDF,107970.0,https://web.archive.org/web/20111216004635/http://www.tcs.com:80/investors/Documents/Presentations/TCS_Analysts_Q2_12.PDF,,,34.4,https://web.archive.org/web/20110812184040/http://www.tcs.com:80/SiteCollectionDocuments/Investors/Presentations/TCS_PressRelease_IFRS_Q1_12.pdf,,,202190.0,https://web.archive.org/web/20110812184123/http://www.tcs.com:80/SiteCollectionDocuments/Investors/Presentations/TCS_Analysts_Q1_12.pdf,13.56,https://www.tcs.com/content/dam/tcs/investor-relations/financial-statements/2011-12/q1/Presentations/Q1%202011-12%20Analysts%20Presentation.pdf,83.2,https://web.archive.org/web/20110812184123/http://www.tcs.com:80/SiteCollectionDocuments/Investors/Presentations/TCS_Analysts_Q1_12.pdf,76.2,https://web.archive.org/web/20110812184123/http://www.tcs.com:80/SiteCollectionDocuments/Investors/Presentations/TCS_Analysts_Q1_12.pdf,83.2,https://web.archive.org/web/20110812184123/http://www.tcs.com:80/SiteCollectionDocuments/Investors/Presentations/TCS_Analysts_Q1_12.pdf,111.0,https://www.tcs.com/content/dam/tcs/investor-relations/financial-statements/2012-13/q1/Presentations/Q1%202012-13%20Analysts%20Presentation.pdf,,,,,,,4.601990049751244
tcs,2011Q3,2525.0,https://www.tcs.com/content/dam/tcs/investor-relations/financial-statements/2012-13/q1/Presentations/Q1%202012-13%20Analysts%20Presentation.pdf,116335.0,https://web.archive.org/web/20120131144553/http://www.tcs.com:80/SiteCollectionDocuments/Investors/Presentations/TCS_Analysts_Q3_12.pdf,,,26.0,https://www.tcs.com/content/dam/tcs/investor-relations/financial-statements/2011-12/q2/Presentations/Q2%202011-12%20Analysts%20Presentation.pdf,,,214770.0,https://www.tcs.com/content/dam/tcs/investor-relations/financial-statements/2011-12/q2/Presentations/Q2%202011-12%20Analysts%20Presentation.pdf,12.51,https://www.tcs.com/content/dam/tcs/investor-relations/financial-statements/2011-12/q2/Presentations/Q2%202011-12%20Analysts%20Presentation.pdf,83.1,https://www.tcs.com/content/dam/tcs/investor-relations/financial-statements/2011-12/q2/Presentations/Q2%202011-12%20Analysts%20Presentation.pdf,76.4,https://www.tcs.com/content/dam/tcs/investor-relations/financial-statements/2011-12/q2/Presentations/Q2%202011-12%20Analysts%20Presentation.pdf,83.1,https://www.tcs.com/content/dam/tcs/investor-relations/financial-statements/2011-12/q2/Presentations/Q2%202011-12%20Analysts%20Presentation.pdf,127.0,https://www.tcs.com/content/dam/tcs/investor-relations/financial-statements/2012-13/q2/Presentations/Q2%202012-13%20Analysts%20Presentation.pdf,,,,,,,5.02970297029703
tcs,2011Q4,2586.0,https://www.tcs.com/content/dam/tcs/investor-relations/financial-statements/2012-13/q1/Presentations/Q1%202012-13%20Analysts%20Presentation.pdf,132040.0,https://web.archive.org/web/20140123005626/http://www.tcs.com/investors/Documents/Presentations/TCS_Analysts_Q4_12.PDF,,,20.6,https://www.tcs.com/content/dam/tcs/investor-relations/financial-statements/2011-12/q3/Presentations/Q3%202011-12%20Analysts%20Presentation.pdf,4.5,https://web.archive.org/web/20120131144553/http://www.tcs.com:80/SiteCollectionDocuments/Investors/Presentations/TCS_Analysts_Q3_12.pdf,226751.0,https://www.tcs.com/content/dam/tcs/investor-relations/financial-statements/2011-12/q3/Presentations/Q3%202011-12%20Analysts%20Presentation.pdf,11.7,https://www.tcs.com/content/dam/tcs/investor-relations/financial-statements/2011-12/q3/Presentations/Q3%202011-12%20Analysts%20Presentation.pdf,82.0,https://www.tcs.com/content/dam/tcs/investor-relations/financial-statements/2011-12/q3/Presentations/Q3%202011-12%20Analysts%20Presentation.pdf,74.0,https://www.tcs.com/content/dam/tcs/investor-relations/financial-statements/2011-12/q3/Presentations/Q3%202011-12%20Analysts%20Presentation.pdf,82.0,https://www.tcs.com/content/dam/tcs/investor-relations/financial-statements/2011-12/q3/Presentations/Q3%202011-12%20Analysts%20Presentation.pdf,125.0,https://www.tcs.com/content/dam/tcs/investor-relations/financial-statements/2012-13/q3/Presentations/Q3%202012-13%20Analysts%20Presentation.pdf,,,,,,,4.833720030935808
tcs,2012Q1,2648.0,https://www.tcs.com/content/dam/tcs/investor-relations/financial-statements/2012-13/q1/Presentations/Q1%202012-13%20Analysts%20Presentation.pdf,132593.0,https://www.tcs.com/content/dam/tcs/investor-relations/financial-statements/2011-12/q4/Presentations/Q4%202011-12%20Analysts%20Presentation.pdf,,,18.0,https://www.tcs.com/content/dam/tcs/investor-relations/financial-statements/2011-12/q4/Presentations/Q4%202011-12%20Analysts%20Presentation.pdf,2.3,https://web.archive.org/web/20140123005626/http://www.tcs.com/investors/Documents/Presentations/TCS_Analysts_Q4_12.PDF,238583.0,https://www.tcs.com/content/dam/tcs/investor-relations/financial-statements/2011-12/q4/Presentations/Q4%202011-12%20Analysts%20Presentation.pdf,11.05,https://www.tcs.com/content/dam/tcs/investor-relations/financial-statements/2011-12/q4/Presentations/Q4%202011-12%20Analysts%20Presentation.pdf,80.6,https://www.tcs.com/content/dam/tcs/investor-relations/financial-statements/2011-12/q4/Presentations/Q4%202011-12%20Analysts%20Presentation.pdf,71.3,https://www.tcs.com/content/dam/tcs/investor-relations/financial-statements/2011-12/q4/Presentations/Q4%202011-12%20Analysts%20Presentation.pdf,80.6,https://www.tcs.com/content/dam/tcs/investor-relations/financial-statements/2011-12/q4/Presentations/Q4%202011-12%20Analysts%20Presentation.pdf,149.0,https://www.tcs.com/content/dam/tcs/investor-relations/financial-statements/2012-13/q4/Presentations/Q4%202012-13%20Analysts%20Presentation.pdf,,,,,,,5.626888217522659
tcs,2012Q2,2728.0,https://www.tcs.com/content/dam/tcs/investor-relations/financial-statements/2012-13/q1/Presentations/Q1%202012-13%20Analysts%20Presentation.pdf,148687.0,https://www.tcs.com/content/dam/tcs/investor-relations/financial-statements/2012-13/q1/Presentations/Q1%202012-13%20Analysts%20Presentation.pdf,,,13.1,https://www.tcs.com/content/dam/tcs/investor-relations/financial-statements/2012-13/q1/Presentations/Q1%202012-13%20Analysts%20Presentation.pdf,,,243545.0,https://www.tcs.com/content/dam/tcs/investor-relations/financial-statements/2012-13/q1/Presentations/Q1%202012-13%20Analysts%20Presentation.pdf,10.9,https://www.tcs.com/content/dam/tcs/investor-relations/financial-statements/2012-13/q1/Presentations/Q1%202012-13%20Analysts%20Presentation.pdf,81.3,https://www.tcs.com/content/dam/tcs/investor-relations/financial-statements/2012-13/q1/Presentations/Q1%202012-13%20Analysts%20Presentation.pdf,72.3,https://www.tcs.com/content/dam/tcs/investor-relations/financial-statements/2012-13/q1/Presentations/Q1%202012-13%20Analysts%20Presentation.pdf,81.3,https://www.tcs.com/content/dam/tcs/investor-relations/financial-statements/2012-13/q1/Presentations/Q1%202012-13%20Analysts%20Presentation.pdf,158.0,https://www.tcs.com/content/dam/tcs/investor-relations/financial-statements/2013-14/q1/Presentations/Q1%202013-14%20Analysts%20Presentation.pdf,,,,,,,5.7917888563049855
tcs,2012Q3,2853.0,https://www.tcs.com/content/dam/tcs/investor-relations/financial-statements/2012-13/q2/Presentations/Q2%202012-13%20Analysts%20Presentation.pdf,156208.0,https://www.tcs.com/content/dam/tcs/investor-relations/financial-statements/2012-13/q2/Presentations/Q2%202012-13%20Analysts%20Presentation.pdf,,,13.0,https://www.tcs.com/content/dam/tcs/investor-relations/financial-statements/2012-13/q2/Presentations/Q2%202012-13%20Analysts%20Presentation.pdf,,,254076.0,https://www.tcs.com/content/dam/tcs/investor-relations/financial-statements/2012-13/q2/Presentations/Q2%202012-13%20Analysts%20Presentation.pdf,10.2,https://www.tcs.com/content/dam/tcs/investor-relations/financial-statements/2012-13/q2/Presentations/Q2%202012-13%20Analysts%20Presentation.pdf,81.6,https://www.tcs.com/content/dam/tcs/investor-relations/financial-statements/2012-13/q2/Presentations/Q2%202012-13%20Analysts%20Presentation.pdf,72.8,https://www.tcs.com/content/dam/tcs/investor-relations/financial-statements/2012-13/q2/Presentations/Q2%202012-13%20Analysts%20Presentation.pdf,81.6,https://www.tcs.com/content/dam/tcs/investor-relations/financial-statements/2012-13/q2/Presentations/Q2%202012-13%20Analysts%20Presentation.pdf,169.0,https://www.tcs.com/content/dam/tcs/investor-relations/financial-statements/2013-14/q2/Presentations/Q2%202013-14%20Analysts%20Presentation.pdf,,,,,,,5.923589204346302
tcs,2012Q4,2948.0,https://www.tcs.com/content/dam/tcs/investor-relations/financial-statements/2013-14/q3/Presentations/Q3%202013-14%20Analysts%20Presentation.pdf,160699.0,https://www.tcs.com/content/dam/tcs/investor-relations/financial-statements/2012-13/q3/Presentations/Q3%202012-13%20Analysts%20Presentation.pdf,,,14.0,https://www.tcs.com/content/dam/tcs/investor-relations/financial-statements/2012-13/q3/Presentations/Q3%202012-13%20Analysts%20Presentation.pdf,,,263637.0,https://www.tcs.com/content/dam/tcs/investor-relations/financial-statements/2012-13/q3/Presentations/Q3%202012-13%20Analysts%20Presentation.pdf,9.8,https://www.tcs.com/content/dam/tcs/investor-relations/financial-statements/2012-13/q3/Presentations/Q3%202012-13%20Analysts%20Presentation.pdf,81.7,https://www.tcs.com/content/dam/tcs/investor-relations/financial-statements/2012-13/q3/Presentations/Q3%202012-13%20Analysts%20Presentation.pdf,72.1,https://www.tcs.com/content/dam/tcs/investor-relations/financial-statements/2012-13/q3/Presentations/Q3%202012-13%20Analysts%20Presentation.pdf,81.7,https://www.tcs.com/content/dam/tcs/investor-relations/financial-statements/2012-13/q3/Presentations/Q3%202012-13%20Analysts%20Presentation.pdf,179.0,https://www.tcs.com/content/dam/tcs/investor-relations/financial-statements/2013-14/q3/Presentations/Q3%202013-14%20Analysts%20Presentation.pdf,,,,,,,6.0719131614654005
tcs,2013Q1,3040.0,https://www.tcs.com/content/dam/tcs/investor-relations/financial-statements/2013-14/q4/Presentations/Q4%202013-14%20Fact%20Sheet.pdf,164301.0,https://www.tcs.com/content/dam/tcs/investor-relations/financial-statements/2012-13/q4/Presentations/Q4%202012-13%20Analysts%20Presentation.pdf,,,14.8,https://www.tcs.com/content/dam/tcs/investor-relations/financial-statements/2012-13/q4/Presentations/Q4%202012-13%20Analysts%20Presentation.pdf,,,276196.0,https://www.tcs.com/content/dam/tcs/investor-relations/financial-statements/2012-13/q4/Presentations/Q4%202012-13%20Analysts%20Presentation.pdf,9.4,https://www.tcs.com/content/dam/tcs/investor-relations/financial-statements/2012-13/q4/Presentations/Q4%202012-13%20Analysts%20Presentation.pdf,82.0,https://www.tcs.com/content/dam/tcs/investor-relations/financial-statements/2012-13/q4/Presentations/Q4%202012-13%20Analysts%20Presentation.pdf,72.2,https://www.tcs.com/content/dam/tcs/investor-relations/financial-statements/2012-13/q4/Presentations/Q4%202012-13%20Analysts%20Presentation.pdf,82.0,https://www.tcs.com/content/dam/tcs/investor-relations/financial-statements/2012-13/q4/Presentations/Q4%202012-13%20Analysts%20Presentation.pdf,191.0,https://www.tcs.com/content/dam/tcs/investor-relations/financial-statements/2013-14/q4/Presentations/Q4%202013-14%20Fact%20Sheet.pdf,,,,,,,6.282894736842105
tcs,2013Q2,3165.0,https://www.tcs.com/content/dam/tcs/investor-relations/financial-statements/2014-15/q1/Presentations/Q1%202014-15%20Fact%20Sheet.pdf,179871.0,https://www.tcs.com/content/dam/tcs/investor-relations/financial-statements/2013-14/q1/Presentations/Q1%202013-14%20Analysts%20Presentation.pdf,,,16.0,https://www.tcs.com/content/dam/tcs/investor-relations/financial-statements/2013-14/q1/Presentations/Q1%202013-14%20Analysts%20Presentation.pdf,,,277586.0,https://www.tcs.com/content/dam/tcs/investor-relations/financial-statements/2013-14/q1/Presentations/Q1%202013-14%20Analysts%20Presentation.pdf,9.55,https://www.tcs.com/content/dam/tcs/investor-relations/financial-statements/2013-14/q1/Presentations/Q1%202013-14%20Analysts%20Presentation.pdf,82.68,https://www.tcs.com/content/dam/tcs/investor-relations/financial-statements/2013-14/q1/Presentations/Q1%202013-14%20Analysts%20Presentation.pdf,72.49,https://www.tcs.com/content/dam/tcs/investor-relations/financial-statements/2013-14/q1/Presentations/Q1%202013-14%20Analysts%20Presentation.pdf,82.68,https://www.tcs.com/content/dam/tcs/investor-relations/financial-statements/2013-14/q1/Presentations/Q1%202013-14%20Analysts%20Presentation.pdf,207.0,https://www.tcs.com/content/dam/tcs/investor-relations/financial-statements/2014-15/q1/Presentations/Q1%202014-15%20Fact%20Sheet.pdf,,,,,,,6.540284360189573
tcs,2013Q3,3337.0,https://www.tcs.com/content/dam/tcs/investor-relations/financial-statements/2014-15/q2/Presentations/Q2%202014-15%20Fact%20Sheet.pdf,209772.0,https://www.tcs.com/content/dam/tcs/investor-relations/financial-statements/2013-14/q2/Presentations/Q2%202013-14%20Analysts%20Presentation.pdf,,,17.0,https://www.tcs.com/content/dam/tcs/investor-relations/financial-statements/2013-14/q2/Presentations/Q2%202013-14%20Analysts%20Presentation.pdf,,,285250.0,https://www.tcs.com/content/dam/tcs/investor-relations/financial-statements/2013-14/q2/Presentations/Q2%202013-14%20Analysts%20Presentation.pdf,9.9,https://www.tcs.com/content/dam/tcs/investor-relations/financial-statements/2013-14/q2/Presentations/Q2%202013-14%20Analysts%20Presentation.pdf,83.4,https://www.tcs.com/content/dam/tcs/investor-relations/financial-statements/2013-14/q2/Presentations/Q2%202013-14%20Analysts%20Presentation.pdf,75.0,https://www.tcs.com/content/dam/tcs/investor-relations/financial-statements/2013-14/q2/Presentations/Q2%202013-14%20Analysts%20Presentation.pdf,83.4,https://www.tcs.com/content/dam/tcs/investor-relations/financial-statements/2013-14/q2/Presentations/Q2%202013-14%20Analysts%20Presentation.pdf,223.0,https://www.tcs.com/content/dam/tcs/investor-relations/financial-statements/2014-15/q2/Presentations/Q2%202014-15%20Fact%20Sheet.pdf,,,,,,,6.682649086005394
tcs,2013Q4,3438.0,https://www.tcs.com/content/dam/tcs/investor-relations/financial-statements/2014-15/q3/Presentations/Q3%202014-15%20Fact%20Sheet.pdf,212940.0,https://www.tcs.com/content/dam/tcs/investor-relations/financial-statements/2013-14/q3/Presentations/Q3%202013-14%20Analysts%20Presentation.pdf,,,16.6,https://www.tcs.com/content/dam/tcs/investor-relations/financial-statements/2013-14/q3/Presentations/Q3%202013-14%20Analysts%20Presentation.pdf,,,290713.0,https://www.tcs.com/content/dam/tcs/investor-relations/financial-statements/2013-14/q3/Presentations/Q3%202013-14%20Analysts%20Presentation.pdf,10.3,https://www.tcs.com/content/dam/tcs/investor-relations/financial-statements/2013-14/q3/Presentations/Q3%202013-14%20Analysts%20Presentation.pdf,84.3,https://www.tcs.com/content/dam/tcs/investor-relations/financial-statements/2013-14/q3/Presentations/Q3%202013-14%20Analysts%20Presentation.pdf,77.5,https://www.tcs.com/content/dam/tcs/investor-relations/financial-statements/2013-14/q3/Presentations/Q3%202013-14%20Analysts%20Presentation.pdf,84.3,https://www.tcs.com/content/dam/tcs/investor-relations/financial-statements/2013-14/q3/Presentations/Q3%202013-14%20Analysts%20Presentation.pdf,224.0,https://www.tcs.com/content/dam/tcs/investor-relations/financial-statements/2014-15/q3/Presentations/Q3%202014-15%20Fact%20Sheet.pdf,,,,,,,6.515415939499709
tcs,2014Q1,3503.0,https://www.tcs.com/content/dam/tcs/investor-relations/financial-statements/2014-15/q4/Presentations/Q4%202014-15%20Fact%20Sheet.pdf,215511.0,https://www.tcs.com/content/dam/tcs/investor-relations/financial-statements/2013-14/q4/Presentations/Q4%202013-14%20Fact%20Sheet.pdf,,,15.2,https://www.tcs.com/content/dam/tcs/investor-relations/financial-statements/2013-14/q4/Presentations/Q4%202013-14%20Fact%20Sheet.pdf,,,300464.0,https://www.tcs.com/content/dam/tcs/investor-relations/financial-statements/2013-14/q4/Presentations/Q4%202013-14%20Fact%20Sheet.pdf,10.4,https://www.tcs.com/content/dam/tcs/investor-relations/financial-statements/2013-14/q4/Presentations/Q4%202013-14%20Fact%20Sheet.pdf,83.8,https://www.tcs.com/content/dam/tcs/investor-relations/financial-statements/2013-14/q4/Presentations/Q4%202013-14%20Fact%20Sheet.pdf,77.9,https://www.tcs.com/content/dam/tcs/investor-relations/financial-statements/2013-14/q4/Presentations/Q4%202013-14%20Fact%20Sheet.pdf,83.8,https://www.tcs.com/content/dam/tcs/investor-relations/financial-statements/2013-14/q4/Presentations/Q4%202013-14%20Fact%20Sheet.pdf,229.0,https://www.tcs.com/content/dam/tcs/investor-relations/financial-statements/2014-15/q1/Presentations/Q1%202014-15%20Fact%20Sheet.pdf,,,,,,,6.537253782472167
tcs,2014Q2,3694.0,https://www.tcs.com/content/dam/tcs/investor-relations/financial-statements/2015-16/q1/Presentations/Q1%202015-16%20Fact%20Sheet.PDF,221110.0,https://www.tcs.com/content/dam/tcs/investor-relations/financial-statements/2014-15/q1/Presentations/Q1%202014-15%20Fact%20Sheet.pdf,,,16.7,https://www.tcs.com/content/dam/tcs/investor-relations/financial-statements/2014-15/q1/Presentations/Q1%202014-15%20Fact%20Sheet.pdf,,,305431.0,https://www.tcs.com/content/dam/tcs/investor-relations/financial-statements/2014-15/q1/Presentations/Q1%202014-15%20Fact%20Sheet.pdf,,,85.3,https://www.tcs.com/content/dam/tcs/investor-relations/financial-statements/2014-15/q1/Presentations/Q1%202014-15%20Fact%20Sheet.pdf,79.8,https://www.tcs.com/content/dam/tcs/investor-relations/financial-statements/2014-15/q1/Presentations/Q1%202014-15%20Fact%20Sheet.pdf,85.3,https://www.tcs.com/content/dam/tcs/investor-relations/financial-statements/2014-15/q1/Presentations/Q1%202014-15%20Fact%20Sheet.pdf,242.0,https://www.tcs.com/content/dam/tcs/investor-relations/financial-statements/2014-15/q2/Presentations/Q2%202014-15%20Fact%20Sheet.pdf,,,,,,,6.551164049810503
tcs,2014Q3,3929.0,https://www.tcs.com/content/dam/tcs/investor-relations/financial-statements/2015-16/q2/Presentations/Q2%202015-16%20Fact%20Sheet.PDF,238165.0,https://www.tcs.com/content/dam/tcs/investor-relations/financial-statements/2014-15/q2/Presentations/Q2%202014-15%20Fact%20Sheet.pdf,,,17.7,https://www.tcs.com/content/dam/tcs/investor-relations/financial-statements/2014-15/q2/Presentations/Q2%202014-15%20Fact%20Sheet.pdf,,,313757.0,https://www.tcs.com/content/dam/tcs/investor-relations/financial-statements/2014-15/q2/Presentations/Q2%202014-15%20Fact%20Sheet.pdf,,,86.2,https://www.tcs.com/content/dam/tcs/investor-relations/financial-statements/2014-15/q2/Presentations/Q2%202014-15%20Fact%20Sheet.pdf,81.3,https://www.tcs.com/content/dam/tcs/investor-relations/financial-statements/2014-15/q2/Presentations/Q2%202014-15%20Fact%20Sheet.pdf,86.2,https://www.tcs.com/content/dam/tcs/investor-relations/financial-statements/2014-15/q2/Presentations/Q2%202014-15%20Fact%20Sheet.pdf,287.0,https://www.tcs.com/content/dam/tcs/investor-relations/financial-statements/2015-16/q2/Presentations/Q2%202015-16%20Fact%20Sheet.PDF,,,,,,,7.304657673708323
tcs,2014Q4,3931.0,https://www.tcs.com/content/dam/tcs/investor-relations/financial-statements/2015-16/q3/Presentations/Q3%202015-16%20Fact%20Sheet.PDF,245011.0,https://www.tcs.com/content/dam/tcs/investor-relations/financial-statements/2014-15/q3/Presentations/Q3%202014-15%20Fact%20Sheet.pdf,,,14.3,https://www.tcs.com/content/dam/tcs/investor-relations/financial-statements/2014-15/q3/Presentations/Q3%202014-15%20Fact%20Sheet.pdf,,,318625.0,https://www.tcs.com/content/dam/tcs/investor-relations/financial-statements/2014-15/q3/Presentations/Q3%202014-15%20Fact%20Sheet.pdf,,,86.7,https://www.tcs.com/content/dam/tcs/investor-relations/financial-statements/2014-15/q3/Presentations/Q3%202014-15%20Fact%20Sheet.pdf,82.1,https://www.tcs.com/content/dam/tcs/investor-relations/financial-statements/2014-15/q3/Presentations/Q3%202014-15%20Fact%20Sheet.pdf,86.7,https://www.tcs.com/content/dam/tcs/investor-relations/financial-statements/2014-15/q3/Presentations/Q3%202014-15%20Fact%20Sheet.pdf,285.0,https://www.tcs.com/content/dam/tcs/investor-relations/financial-statements/2015-16/q3/Presentations/Q3%202015-16%20Fact%20Sheet.PDF,,,,,,,7.250063597049097
tcs,2015Q1,3900.0,https://www.tcs.com/content/dam/tcs/investor-relations/financial-statements/2015-16/q4/Presentations/Q4%202015-16%20Fact%20Sheet.PDF,242198.0,https://www.tcs.com/content/dam/tcs/investor-relations/financial-statements/2014-15/q4/Presentations/Q4%202014-15%20Fact%20Sheet.pdf,,,11.4,https://www.tcs.com/content/dam/tcs/investor-relations/financial-statements/2014-15/q4/Presentations/Q4%202014-15%20Fact%20Sheet.pdf,,,319656.0,https://www.tcs.com/content/dam/tcs/investor-relations/financial-statements/2014-15/q4/Presentations/Q4%202014-15%20Fact%20Sheet.pdf,13.8,https://www.tcs.com/content/dam/tcs/investor-relations/financial-statements/2014-15/q4/Presentations/Q4%202014-15%20Fact%20Sheet.pdf,85.4,https://www.tcs.com/content/dam/tcs/investor-relations/financial-statements/2014-15/q4/Presentations/Q4%202014-15%20Fact%20Sheet.pdf,81.5,https://www.tcs.com/content/dam/tcs/investor-relations/financial-statements/2014-15/q4/Presentations/Q4%202014-15%20Fact%20Sheet.pdf,85.4,https://www.tcs.com/content/dam/tcs/investor-relations/financial-statements/2014-15/q4/Presentations/Q4%202014-15%20Fact%20Sheet.pdf,271.0,https://www.tcs.com/content/dam/tcs/investor-relations/financial-statements/2014-15/q4/Presentations/Q4%202014-15%20Fact%20Sheet.pdf,,,,,,,6.948717948717949
tcs,2015Q2,4036.0,https://www.tcs.com/content/dam/tcs/investor-relations/financial-statements/2016-17/q1/Presentations/Q1%202016-17%20Fact%20Sheet.PDF,256681.0,https://www.tcs.com/content/dam/tcs/investor-relations/financial-statements/2015-16/q1/Presentations/Q1%202015-16%20Fact%20Sheet.PDF,15.8,https://www.tcs.com/content/dam/tcs/investor-relations/financial-statements/2015-16/q1/Presentations/Q1%202015-16%20Fact%20Sheet.PDF,9.3,https://www.tcs.com/content/dam/tcs/investor-relations/financial-statements/2015-16/q1/Presentations/Q1%202015-16%20Fact%20Sheet.PDF,3.5,https://www.tcs.com/content/dam/tcs/investor-relations/financial-statements/2015-16/q1/Presentations/Q1%202015-16%20Fact%20Sheet.PDF,324935.0,https://www.tcs.com/content/dam/tcs/investor-relations/financial-statements/2015-16/q1/Presentations/Q1%202015-16%20Fact%20Sheet.PDF,15.1,https://www.tcs.com/content/dam/tcs/investor-relations/financial-statements/2015-16/q1/Presentations/Q1%202015-16%20Fact%20Sheet.PDF,86.3,https://www.tcs.com/content/dam/tcs/investor-relations/financial-statements/2015-16/q1/Presentations/Q1%202015-16%20Fact%20Sheet.PDF,82.9,https://www.tcs.com/content/dam/tcs/investor-relations/financial-statements/2015-16/q1/Presentations/Q1%202015-16%20Fact%20Sheet.PDF,86.3,https://www.tcs.com/content/dam/tcs/investor-relations/financial-statements/2015-16/q1/Presentations/Q1%202015-16%20Fact%20Sheet.PDF,290.0,https://www.tcs.com/content/dam/tcs/investor-relations/financial-statements/2016-17/q1/Presentations/Q1%202016-17%20Fact%20Sheet.PDF,,,,,,,7.185332011892963
tcs,2015Q3,4156.0,https://www.tcs.com/content/dam/tcs/investor-relations/financial-statements/2016-17/q2/Presentations/Q2%202016-17%20Fact%20Sheet.PDF,271655.0,https://www.tcs.com/content/dam/tcs/investor-relations/financial-statements/2015-16/q2/Presentations/Q2%202015-16%20Fact%20Sheet.PDF,12.0,https://www.tcs.com/content/dam/tcs/investor-relations/financial-statements/2015-16/q2/Presentations/Q2%202015-16%20Fact%20Sheet.PDF,5.8,https://www.tcs.com/content/dam/tcs/investor-relations/financial-statements/2015-16/q2/Presentations/Q2%202015-16%20Fact%20Sheet.PDF,3.9,https://www.tcs.com/content/dam/tcs/investor-relations/financial-statements/2015-16/q2/Presentations/Q2%202015-16%20Fact%20Sheet.PDF,335620.0,https://www.tcs.com/content/dam/tcs/investor-relations/financial-statements/2015-16/q2/Presentations/Q2%202015-16%20Fact%20Sheet.PDF,15.5,https://www.tcs.com/content/dam/tcs/investor-relations/financial-statements/2015-16/q2/Presentations/Q2%202015-16%20Fact%20Sheet.PDF,86.0,https://www.tcs.com/content/dam/tcs/investor-relations/financial-statements/2015-16/q2/Presentations/Q2%202015-16%20Fact%20Sheet.PDF,82.3,https://www.tcs.com/content/dam/tcs/investor-relations/financial-statements/2015-16/q2/Presentations/Q2%202015-16%20Fact%20Sheet.PDF,86.0,https://www.tcs.com/content/dam/tcs/investor-relations/financial-statements/2015-16/q2/Presentations/Q2%202015-16%20Fact%20Sheet.PDF,330.0,https://www.tcs.com/content/dam/tcs/investor-relations/financial-statements/2016-17/q2/Presentations/Q2%202016-17%20Fact%20Sheet.PDF,,,,,,,7.940327237728585
tcs,2015Q4,4145.0,https://www.tcs.com/content/dam/tcs/investor-relations/financial-statements/2016-17/q3/Presentations/Q3%202016-17%20Fact%20Sheet.PDF,273640.0,https://www.tcs.com/content/dam/tcs/investor-relations/financial-statements/2015-16/q3/Presentations/Q3%202015-16%20Fact%20Sheet.PDF,9.9,https://www.tcs.com/content/dam/tcs/investor-relations/financial-statements/2015-16/q3/Presentations/Q3%202015-16%20Fact%20Sheet.PDF,5.5,https://www.tcs.com/content/dam/tcs/investor-relations/financial-statements/2015-16/q3/Presentations/Q3%202015-16%20Fact%20Sheet.PDF,0.5,https://www.tcs.com/content/dam/tcs/investor-relations/financial-statements/2015-16/q3/Presentations/Q3%202015-16%20Fact%20Sheet.PDF,344691.0,https://www.tcs.com/content/dam/tcs/investor-relations/financial-statements/2015-16/q3/Presentations/Q3%202015-16%20Fact%20Sheet.PDF,15.3,https://www.tcs.com/content/dam/tcs/investor-relations/financial-statements/2015-16/q3/Presentations/Q3%202015-16%20Fact%20Sheet.PDF,84.9,https://www.tcs.com/content/dam/tcs/investor-relations/financial-statements/2015-16/q3/Presentations/Q3%202015-16%20Fact%20Sheet.PDF,80.9,https://www.tcs.com/content/dam/tcs/investor-relations/financial-statements/2015-16/q3/Presentations/Q3%202015-16%20Fact%20Sheet.PDF,84.9,https://www.tcs.com/content/dam/tcs/investor-relations/financial-statements/2015-16/q3/Presentations/Q3%202015-16%20Fact%20Sheet.PDF,319.0,https://www.tcs.com/content/dam/tcs/investor-relations/financial-statements/2016-17/q3/Presentations/Q3%202016-17%20Fact%20Sheet.PDF,,,,,,,7.696019300361882
tcs,2016Q1,4207.0,https://www.tcs.com/content/dam/tcs/investor-relations/financial-statements/2016-17/q4/Presentations/Q4%202016-17%20Fact%20Sheet.PDF,284486.0,https://www.tcs.com/content/dam/tcs/investor-relations/financial-statements/2015-16/q4/Presentations/Q4%202015-16%20Fact%20Sheet.PDF,10.4,https://www.tcs.com/content/dam/tcs/investor-relations/financial-statements/2015-16/q4/Presentations/Q4%202015-16%20Fact%20Sheet.PDF,7.9,https://www.tcs.com/content/dam/tcs/investor-relations/financial-statements/2015-16/q4/Presentations/Q4%202015-16%20Fact%20Sheet.PDF,2.1,https://www.tcs.com/content/dam/tcs/investor-relations/financial-statements/2015-16/q4/Presentations/Q4%202015-16%20Fact%20Sheet.PDF,353843.0,https://www.tcs.com/content/dam/tcs/investor-relations/financial-statements/2015-16/q4/Presentations/Q4%202015-16%20Fact%20Sheet.PDF,14.7,https://www.tcs.com/content/dam/tcs/investor-relations/financial-statements/2015-16/q4/Presentations/Q4%202015-16%20Fact%20Sheet.PDF,,,,,,,341.0,https://www.tcs.com/content/dam/tcs/investor-relations/financial-statements/2016-17/q4/Presentations/Q4%202016-17%20Fact%20Sheet.PDF,,,,,,,8.105538388400285
tcs,2016Q2,4362.0,https://www.tcs.com/content/dam/tcs/investor-relations/financial-statements/2016-17/q4/Presentations/Q4%202016-17%20Fact%20Sheet.PDF,293050.0,https://www.tcs.com/content/dam/tcs/investor-relations/financial-statements/2016-17/q1/Presentations/Q1%202016-17%20Fact%20Sheet.PDF,10.1,https://www.tcs.com/content/dam/tcs/investor-relations/financial-statements/2016-17/q1/Presentations/Q1%202016-17%20Fact%20Sheet.PDF,8.1,https://www.tcs.com/content/dam/tcs/investor-relations/financial-statements/2016-17/q1/Presentations/Q1%202016-17%20Fact%20Sheet.PDF,3.1,https://www.tcs.com/content/dam/tcs/investor-relations/financial-statements/2017-18/q1/Presentations/Q1%202017-18%20Fact%20Sheet.PDF,362079.0,https://www.tcs.com/content/dam/tcs/investor-relations/financial-statements/2016-17/q1/Presentations/Q1%202016-17%20Fact%20Sheet.PDF,12.5,https://www.tcs.com/content/dam/tcs/investor-relations/financial-statements/2016-17/q1/Presentations/Q1%202016-17%20Fact%20Sheet.PDF,,,,,,,342.0,https://www.tcs.com/content/dam/tcs/investor-relations/financial-statements/2017-18/q1/Presentations/Q1%202017-18%20Fact%20Sheet.PDF,,,,,,,7.8404401650618984
tcs,2016Q3,4374.0,https://www.tcs.com/content/dam/tcs/investor-relations/financial-statements/2016-17/q4/Presentations/Q4%202016-17%20Fact%20Sheet.PDF,292840.0,https://www.tcs.com/content/dam/tcs/investor-relations/financial-statements/2016-17/q2/Presentations/Q2%202016-17%20Fact%20Sheet.PDF,7.0,https://www.tcs.com/content/dam/tcs/investor-relations/financial-statements/2016-17/q2/Presentations/Q2%202016-17%20Fact%20Sheet.PDF,5.2,https://www.tcs.com/content/dam/tcs/investor-relations/financial-statements/2016-17/q2/Presentations/Q2%202016-17%20Fact%20Sheet.PDF,1.0,https://www.tcs.com/content/dam/tcs/investor-relations/financial-statements/2017-18/q1/Presentations/Q1%202017-18%20Fact%20Sheet.PDF,371519.0,https://www.tcs.com/content/dam/tcs/investor-relations/financial-statements/2016-17/q2/Presentations/Q2%202016-17%20Fact%20Sheet.PDF,11.9,https://www.tcs.com/content/dam/tcs/investor-relations/financial-statements/2016-17/q2/Presentations/Q2%202016-17%20Fact%20Sheet.PDF,,,,,,,336.0,https://www.tcs.com/content/dam/tcs/investor-relations/financial-statements/2017-18/q2/Presentations/Q2%202017-18%20Fact%20Sheet.PDF,,,,,,,7.681755829903978
tcs,2016Q4,4387.0,https://www.tcs.com/content/dam/tcs/investor-relations/financial-statements/2016-17/q4/Presentations/Q4%202016-17%20Fact%20Sheet.PDF,297350.0,https://www.tcs.com/content/dam/tcs/investor-relations/financial-statements/2016-17/q3/Presentations/Q3%202016-17%20Fact%20Sheet.PDF,8.6,https://www.tcs.com/content/dam/tcs/investor-relations/financial-statements/2016-17/q3/Presentations/Q3%202016-17%20Fact%20Sheet.PDF,5.8,https://www.tcs.com/content/dam/tcs/investor-relations/financial-statements/2016-17/q3/Presentations/Q3%202016-17%20Fact%20Sheet.PDF,2.0,https://www.tcs.com/content/dam/tcs/investor-relations/financial-statements/2017-18/q1/Presentations/Q1%202017-18%20Fact%20Sheet.PDF,378497.0,https://www.tcs.com/content/dam/tcs/investor-relations/financial-statements/2016-17/q3/Presentations/Q3%202016-17%20Fact%20Sheet.PDF,11.3,https://www.tcs.com/content/dam/tcs/investor-relations/financial-statements/2016-17/q3/Presentations/Q3%202016-17%20Fact%20Sheet.PDF,,,,,,,330.0,https://www.tcs.com/content/dam/tcs/investor-relations/financial-statements/2017-18/q3/Presentations/Q3%202017-18%20Fact%20Sheet.PDF,,,,,,,7.52222475495783
tcs,2017Q1,4452.0,https://www.tcs.com/content/dam/tcs/investor-relations/financial-statements/2017-18/q4/Presentations/Q4%202017-18%20Fact%20Sheet.pdf,296420.0,https://www.tcs.com/content/dam/tcs/investor-relations/financial-statements/2016-17/q4/Presentations/Q4%202016-17%20Fact%20Sheet.PDF,7.5,https://www.tcs.com/content/dam/tcs/investor-relations/financial-statements/2016-17/q4/Presentations/Q4%202016-17%20Fact%20Sheet.PDF,5.8,https://www.tcs.com/content/dam/tcs/investor-relations/financial-statements/2016-17/q4/Presentations/Q4%202016-17%20Fact%20Sheet.PDF,1.0,https://www.tcs.com/content/dam/tcs/investor-relations/financial-statements/2017-18/q1/Presentations/Q1%202017-18%20Fact%20Sheet.PDF,387223.0,https://www.tcs.com/content/dam/tcs/investor-relations/financial-statements/2016-17/q4/Presentations/Q4%202016-17%20Fact%20Sheet.PDF,10.5,https://www.tcs.com/content/dam/tcs/investor-relations/financial-statements/2016-17/q4/Presentations/Q4%202016-17%20Fact%20Sheet.PDF,,,,,,,310.0,https://www.tcs.com/content/dam/tcs/investor-relations/financial-statements/2017-18/q4/Presentations/Q4%202017-18%20Fact%20Sheet.pdf,,,,,,,6.963162623539982
tcs,2017Q2,4591.0,https://www.tcs.com/content/dam/tcs/investor-relations/financial-statements/2018-19/q1/Presentations/Q1%202018-19%20Fact%20Sheet.pdf,295840.0,https://www.tcs.com/content/dam/tcs/investor-relations/financial-statements/2017-18/q1/Presentations/Q1%202017-18%20Fact%20Sheet.PDF,6.3,https://www.tcs.com/content/dam/tcs/investor-relations/financial-statements/2017-18/q1/Presentations/Q1%202017-18%20Fact%20Sheet.PDF,5.2,https://www.tcs.com/content/dam/tcs/investor-relations/financial-statements/2017-18/q1/Presentations/Q1%202017-18%20Fact%20Sheet.PDF,2.0,https://www.tcs.com/content/dam/tcs/investor-relations/financial-statements/2017-18/q1/Presentations/Q1%202017-18%20Fact%20Sheet.PDF,385809.0,https://www.tcs.com/content/dam/tcs/investor-relations/financial-statements/2017-18/q1/Presentations/Q1%202017-18%20Fact%20Sheet.PDF,11.6,https://www.tcs.com/content/dam/tcs/investor-relations/financial-statements/2017-18/q1/Presentations/Q1%202017-18%20Fact%20Sheet.PDF,,,,,,,328.0,https://www.tcs.com/content/dam/tcs/investor-relations/financial-statements/2018-19/q1/Presentations/Q1%202018-19%20Fact%20Sheet.pdf,,,,,,,7.14441298192115
tcs,2017Q3,4739.0,https://www.tcs.com/content/dam/tcs/investor-relations/financial-statements/2018-19/q2/Presentations/Q2%202018-19%20Fact%20Sheet.pdf,305410.0,https://www.tcs.com/content/dam/tcs/investor-relations/financial-statements/2017-18/q2/Presentations/Q2%202017-18%20Fact%20Sheet.PDF,7.1,https://www.tcs.com/content/dam/tcs/investor-relations/financial-statements/2017-18/q2/Presentations/Q2%202017-18%20Fact%20Sheet.PDF,8.3,https://www.tcs.com/content/dam/tcs/investor-relations/financial-statements/2017-18/q2/Presentations/Q2%202017-18%20Fact%20Sheet.PDF,1.7,https://www.tcs.com/content/dam/tcs/investor-relations/financial-statements/2017-18/q2/Presentations/Q2%202017-18%20Fact%20Sheet.PDF,389213.0,https://www.tcs.com/content/dam/tcs/investor-relations/financial-statements/2017-18/q2/Presentations/Q2%202017-18%20Fact%20Sheet.PDF,11.3,https://www.tcs.com/content/dam/tcs/investor-relations/financial-statements/2017-18/q2/Presentations/Q2%202017-18%20Fact%20Sheet.PDF,,,,,,,347.0,https://www.tcs.com/content/dam/tcs/investor-relations/financial-statements/2018-19/q2/Presentations/Q2%202018-19%20Fact%20Sheet.pdf,,,,,,,7.32221987761131
tcs,2017Q4,4787.0,https://www.tcs.com/content/dam/tcs/investor-relations/financial-statements/2018-19/q3/Presentations/Q3%202018-19%20Fact%20Sheet.pdf,309040.0,https://www.tcs.com/content/dam/tcs/investor-relations/financial-statements/2017-18/q3/Presentations/Q3%202017-18%20Fact%20Sheet.PDF,6.2,https://www.tcs.com/content/dam/tcs/investor-relations/financial-statements/2017-18/q3/Presentations/Q3%202017-18%20Fact%20Sheet.PDF,9.1,https://www.tcs.com/content/dam/tcs/investor-relations/financial-statements/2017-18/q3/Presentations/Q3%202017-18%20Fact%20Sheet.PDF,1.3,https://www.tcs.com/content/dam/tcs/investor-relations/financial-statements/2017-18/q3/Presentations/Q3%202017-18%20Fact%20Sheet.PDF,390880.0,https://www.tcs.com/content/dam/tcs/investor-relations/financial-statements/2017-18/q3/Presentations/Q3%202017-18%20Fact%20Sheet.PDF,11.1,https://www.tcs.com/content/dam/tcs/investor-relations/financial-statements/2017-18/q3/Presentations/Q3%202017-18%20Fact%20Sheet.PDF,,,,,,,346.0,https://www.tcs.com/content/dam/tcs/investor-relations/financial-statements/2018-19/q3/Presentations/Q3%202018-19%20Fact%20Sheet.pdf,,,,,,,7.227908919991644
tcs,2018Q1,4972.0,https://www.tcs.com/content/dam/tcs/investor-relations/financial-statements/2018-19/q4/Presentations/Q4%202018-19%20Fact%20Sheet.pdf,320750.0,https://www.tcs.com/content/dam/tcs/investor-relations/financial-statements/2017-18/q4/Presentations/Q4%202017-18%20Fact%20Sheet.pdf,7.2,https://www.tcs.com/content/dam/tcs/investor-relations/financial-statements/2017-18/q4/Presentations/Q4%202017-18%20Fact%20Sheet.pdf,11.7,https://www.tcs.com/content/dam/tcs/investor-relations/financial-statements/2017-18/q4/Presentations/Q4%202017-18%20Fact%20Sheet.pdf,2.0,https://www.tcs.com/content/dam/tcs/investor-relations/financial-statements/2017-18/q4/Presentations/Q4%202017-18%20Fact%20Sheet.pdf,394998.0,https://www.tcs.com/content/dam/tcs/investor-relations/financial-statements/2017-18/q4/Presentations/Q4%202017-18%20Fact%20Sheet.pdf,11.0,https://www.tcs.com/content/dam/tcs/investor-relations/financial-statements/2017-18/q4/Presentations/Q4%202017-18%20Fact%20Sheet.pdf,,,,,,,373.0,https://www.tcs.com/content/dam/tcs/investor-relations/financial-statements/2018-19/q4/Presentations/Q4%202018-19%20Fact%20Sheet.pdf,,,,,,,7.50201126307321
tcs,2018Q2,5051.0,https://www.tcs.com/content/dam/tcs/investor-relations/financial-statements/2019-20/q1/Presentations/Q1%202019-20%20Fact%20Sheet.pdf,342610.0,https://www.tcs.com/content/dam/tcs/investor-relations/financial-statements/2018-19/q1/Presentations/Q1%202018-19%20Fact%20Sheet.pdf,9.3,https://www.tcs.com/content/dam/tcs/investor-relations/financial-statements/2018-19/q1/Presentations/Q1%202018-19%20Fact%20Sheet.pdf,10.0,https://www.tcs.com/content/dam/tcs/investor-relations/financial-statements/2018-19/q1/Presentations/Q1%202018-19%20Fact%20Sheet.pdf,4.1,https://www.tcs.com/content/dam/tcs/investor-relations/financial-statements/2018-19/q1/Presentations/Q1%202018-19%20Fact%20Sheet.pdf,400875.0,https://www.tcs.com/content/dam/tcs/investor-relations/financial-statements/2018-19/q1/Presentations/Q1%202018-19%20Fact%20Sheet.pdf,10.9,https://www.tcs.com/content/dam/tcs/investor-relations/financial-statements/2018-19/q1/Presentations/Q1%202018-19%20Fact%20Sheet.pdf,,,,,,,375.0,https://www.tcs.com/content/dam/tcs/investor-relations/financial-statements/2019-20/q1/Presentations/Q1%202019-20%20Fact%20Sheet.pdf,4900.0,"https://www.tcs.com/content/dam/tcs/investor-relations/financial-statements/2018-19/q1/Management%20Commentary/Transcript%20of%20the%20Q1%202018-19%20Earnings%20Conference%20Call%20held%20at%2019%2000%20hrs%20IST%20on%20July%2010,%202018.pdf",,,,,7.424272421302712
tcs,2018Q3,5215.0,https://www.tcs.com/content/dam/tcs/investor-relations/financial-statements/2019-20/q2/Presentations/Q2%202019-20%20Fact%20Sheet.pdf,368540.0,https://www.tcs.com/content/dam/tcs/investor-relations/financial-statements/2018-19/q2/Presentations/Q2%202018-19%20Fact%20Sheet.pdf,11.5,https://www.tcs.com/content/dam/tcs/investor-relations/financial-statements/2018-19/q2/Presentations/Q2%202018-19%20Fact%20Sheet.pdf,10.0,https://www.tcs.com/content/dam/tcs/investor-relations/financial-statements/2018-19/q2/Presentations/Q2%202018-19%20Fact%20Sheet.pdf,3.7,https://www.tcs.com/content/dam/tcs/investor-relations/financial-statements/2018-19/q2/Presentations/Q2%202018-19%20Fact%20Sheet.pdf,411102.0,https://www.tcs.com/content/dam/tcs/investor-relations/financial-statements/2018-19/q2/Presentations/Q2%202018-19%20Fact%20Sheet.pdf,10.9,https://www.tcs.com/content/dam/tcs/investor-relations/financial-statements/2018-19/q2/Presentations/Q2%202018-19%20Fact%20Sheet.pdf,,,,,,,391.0,https://www.tcs.com/content/dam/tcs/investor-relations/financial-statements/2019-20/q2/Presentations/Q2%202019-20%20Fact%20Sheet.pdf,4900.0,"https://www.tcs.com/content/dam/tcs/investor-relations/financial-statements/2018-19/q2/Management%20Commentary/Transcript%20of%20the%20Q2%202018-19%20Earnings%20Conference%20Call%20held%20at%2019%2000%20hrs%20IST%20on%20October%2011,%202018.pdf",,,,,7.497603068072867
tcs,2018Q4,5250.0,https://www.tcs.com/content/dam/tcs/investor-relations/financial-statements/2019-20/q3/Presentations/Q3%202019-20%20Fact%20Sheet.pdf,373380.0,https://www.tcs.com/content/dam/tcs/investor-relations/financial-statements/2018-19/q3/Presentations/Q3%202018-19%20Fact%20Sheet.pdf,12.1,https://www.tcs.com/content/dam/tcs/investor-relations/financial-statements/2018-19/q3/Presentations/Q3%202018-19%20Fact%20Sheet.pdf,9.7,https://www.tcs.com/content/dam/tcs/investor-relations/financial-statements/2018-19/q3/Presentations/Q3%202018-19%20Fact%20Sheet.pdf,1.8,https://www.tcs.com/content/dam/tcs/investor-relations/financial-statements/2018-19/q3/Presentations/Q3%202018-19%20Fact%20Sheet.pdf,417929.0,https://www.tcs.com/content/dam/tcs/investor-relations/financial-statements/2018-19/q3/Presentations/Q3%202018-19%20Fact%20Sheet.pdf,11.2,https://www.tcs.com/content/dam/tcs/investor-relations/financial-statements/2018-19/q3/Presentations/Q3%202018-19%20Fact%20Sheet.pdf,,,,,,,417.0,https://www.tcs.com/content/dam/tcs/investor-relations/financial-statements/2019-20/q3/Presentations/Q3%202019-20%20Fact%20Sheet.pdf,5900.0,"https://www.tcs.com/content/dam/tcs/investor-relations/financial-statements/2018-19/q3/Management%20Commentary/Transcript%20of%20the%20Q3%202018-19%20Earnings%20Conference%20Call%20held%20at%201900%20hrs%20IST%20on%20January%2010,%202019.pdf",,,,,7.942857142857143
tcs,2019Q1,5397.0,https://www.tcs.com/content/dam/tcs/investor-relations/financial-statements/2019-20/q4/Presentations/Q4%202019-20%20Fact%20Sheet.pdf,380100.0,https://www.tcs.com/content/dam/tcs/investor-relations/financial-statements/2018-19/q4/Presentations/Q4%202018-19%20Fact%20Sheet.pdf,12.7,https://www.tcs.com/content/dam/tcs/investor-relations/financial-statements/2018-19/q4/Presentations/Q4%202018-19%20Fact%20Sheet.pdf,8.5,https://www.tcs.com/content/dam/tcs/investor-relations/financial-statements/2018-19/q4/Presentations/Q4%202018-19%20Fact%20Sheet.pdf,2.4,https://www.tcs.com/content/dam/tcs/investor-relations/financial-statements/2018-19/q4/Presentations/Q4%202018-19%20Fact%20Sheet.pdf,424285.0,https://www.tcs.com/content/dam/tcs/investor-relations/financial-statements/2018-19/q4/Presentations/Q4%202018-19%20Fact%20Sheet.pdf,11.3,https://www.tcs.com/content/dam/tcs/investor-relations/financial-statements/2018-19/q4/Presentations/Q4%202018-19%20Fact%20Sheet.pdf,,,,,,,435.0,https://www.tcs.com/content/dam/tcs/investor-relations/financial-statements/2019-20/q4/Presentations/Q4%202019-20%20Fact%20Sheet.pdf,6200.0,"https://www.tcs.com/content/dam/tcs/investor-relations/financial-statements/2018-19/q4/Management%20Commentary/Transcript%20of%20the%20Q4%202018-19%20Earnings%20Conference%20Call%20held%20at%201930%20hrs%20IST%20on%20April%2012,%202019.pdf",,,,,8.060033351862145
tcs,2019Q2,5485.0,https://www.tcs.com/content/dam/tcs/investor-relations/financial-statements/2020-21/q1/Presentations/Q1%202020-21%20Fact%20Sheet.pdf,381720.0,https://www.tcs.com/content/dam/tcs/investor-relations/financial-statements/2019-20/q1/Presentations/Q1%202019-20%20Fact%20Sheet.pdf,10.6,https://www.tcs.com/content/dam/tcs/investor-relations/financial-statements/2019-20/q1/Presentations/Q1%202019-20%20Fact%20Sheet.pdf,8.6,https://www.tcs.com/content/dam/tcs/investor-relations/financial-statements/2019-20/q1/Presentations/Q1%202019-20%20Fact%20Sheet.pdf,,,436641.0,https://www.tcs.com/content/dam/tcs/investor-relations/financial-statements/2019-20/q1/Presentations/Q1%202019-20%20Fact%20Sheet.pdf,11.5,https://www.tcs.com/content/dam/tcs/investor-relations/financial-statements/2019-20/q1/Presentations/Q1%202019-20%20Fact%20Sheet.pdf,,,,,,,459.0,https://www.tcs.com/content/dam/tcs/investor-relations/financial-statements/2020-21/q1/Presentations/Q1%202020-21%20Fact%20Sheet.pdf,5700.0,"https://www.tcs.com/content/dam/tcs/investor-relations/financial-statements/2019-20/q1/Management%20Commentary/Transcript%20of%20the%20Q1%202019-20%20Earnings%20Conference%20Call%20held%20at%201900%20hrs%20IST%20on%20July%209,%202019.pdf",,,,,8.368277119416591
tcs,2019Q3,5517.0,https://www.tcs.com/content/dam/tcs/investor-relations/financial-statements/2020-21/q2/Presentations/Q2%202020-21%20Fact%20Sheet.pdf,389770.0,https://www.tcs.com/content/dam/tcs/investor-relations/financial-statements/2019-20/q2/Presentations/Q2%202019-20%20Fact%20Sheet.pdf,8.4,https://www.tcs.com/content/dam/tcs/investor-relations/financial-statements/2019-20/q2/Presentations/Q2%202019-20%20Fact%20Sheet.pdf,5.8,https://www.tcs.com/content/dam/tcs/investor-relations/financial-statements/2019-20/q2/Presentations/Q2%202019-20%20Fact%20Sheet.pdf,,,450738.0,https://www.tcs.com/content/dam/tcs/investor-relations/financial-statements/2019-20/q2/Presentations/Q2%202019-20%20Fact%20Sheet.pdf,11.6,https://www.tcs.com/content/dam/tcs/investor-relations/financial-statements/2019-20/q2/Presentations/Q2%202019-20%20Fact%20Sheet.pdf,,,,,,,464.0,https://www.tcs.com/content/dam/tcs/investor-relations/financial-statements/2019-20/q2/Presentations/Q2%202019-20%20Fact%20Sheet.pdf,6400.0,"https://www.tcs.com/content/dam/tcs/investor-relations/financial-statements/2019-20/q2/Management%20Commentary/Transcript%20of%20the%20Q2%202019-20%20Earnings%20Conference%20Call%20held%20at%201900%20hrs%20IST%20on%20October%2010,%202019.pdf",,,,,8.41036795359797
tcs,2019Q4,5586.0,https://www.tcs.com/content/dam/tcs/investor-relations/financial-statements/2020-21/q3/Presentations/Q3%202020-21%20Fact%20Sheet.pdf,398540.0,https://www.tcs.com/content/dam/tcs/investor-relations/financial-statements/2019-20/q3/Presentations/Q3%202019-20%20Fact%20Sheet.pdf,6.8,https://www.tcs.com/content/dam/tcs/investor-relations/financial-statements/2019-20/q3/Presentations/Q3%202019-20%20Fact%20Sheet.pdf,6.4,https://www.tcs.com/content/dam/tcs/investor-relations/financial-statements/2019-20/q3/Presentations/Q3%202019-20%20Fact%20Sheet.pdf,,,446675.0,https://www.tcs.com/content/dam/tcs/investor-relations/financial-statements/2019-20/q3/Presentations/Q3%202019-20%20Fact%20Sheet.pdf,12.2,https://www.tcs.com/content/dam/tcs/investor-relations/financial-statements/2019-20/q3/Presentations/Q3%202019-20%20Fact%20Sheet.pdf,,,,,,,458.0,https://www.tcs.com/content/dam/tcs/investor-relations/financial-statements/2020-21/q3/Presentations/Q3%202020-21%20Fact%20Sheet.pdf,6000.0,"https://www.tcs.com/content/dam/tcs/investor-relations/financial-statements/2019-20/q3/Management%20Commentary/Transcript%20of%20the%20Q3%202019-20%20Earnings%20Conference%20Call%20held%20at%201730%20hrs%20IST%20on%20January%2017,%202020.pdf",,,,,8.19906910132474
tcs,2020Q1,5444.0,https://www.tcs.com/content/dam/tcs/investor-relations/financial-statements/2020-21/q4/Presentations/Q4%202020-21%20Fact%20Sheet.pdf,399460.0,https://www.tcs.com/content/dam/tcs/investor-relations/financial-statements/2019-20/q4/Presentations/Q4%202019-20%20Fact%20Sheet.pdf,3.0,https://www.tcs.com/content/dam/tcs/investor-relations/financial-statements/2019-20/q4/Presentations/Q4%202019-20%20Fact%20Sheet.pdf,0.9,https://www.tcs.com/content/dam/tcs/investor-relations/financial-statements/2019-20/q4/Presentations/Q4%202019-20%20Fact%20Sheet.pdf,,,448464.0,https://www.tcs.com/content/dam/tcs/investor-relations/financial-statements/2019-20/q4/Presentations/Q4%202019-20%20Fact%20Sheet.pdf,12.1,https://www.tcs.com/content/dam/tcs/investor-relations/financial-statements/2019-20/q4/Presentations/Q4%202019-20%20Fact%20Sheet.pdf,,,,,,,436.0,https://www.tcs.com/content/dam/tcs/investor-relations/financial-statements/2020-21/q4/Presentations/Q4%202020-21%20Fact%20Sheet.pdf,8900.0,"https://www.tcs.com/content/dam/tcs/investor-relations/financial-statements/2019-20/q4/Management%20Commentary/Transcript%20of%20the%20Q4%202019-20%20Earnings%20Conference%20Call%20held%20at%202000%20hrs%20IST%20on%20April%2016,%202020.pdf",,,,,8.008817046289494
tcs,2020Q2,5059.0,https://www.tcs.com/content/dam/tcs/investor-relations/financial-statements/2021-22/q1/Presentations/Q1%202021-22%20Fact%20Sheet.pdf,383220.0,https://www.tcs.com/content/dam/tcs/investor-relations/financial-statements/2020-21/q1/Presentations/Q1%202020-21%20Fact%20Sheet.pdf,-6.3,https://www.tcs.com/content/dam/tcs/investor-relations/financial-statements/2020-21/q1/Presentations/Q1%202020-21%20Fact%20Sheet.pdf,-7.8,https://www.tcs.com/content/dam/tcs/investor-relations/financial-statements/2020-21/q1/Presentations/Q1%202020-21%20Fact%20Sheet.pdf,,,443676.0,https://www.tcs.com/content/dam/tcs/investor-relations/financial-statements/2020-21/q1/Presentations/Q1%202020-21%20Fact%20Sheet.pdf,11.1,https://www.tcs.com/content/dam/tcs/investor-relations/financial-statements/2020-21/q1/Presentations/Q1%202020-21%20Fact%20Sheet.pdf,,,,,,,404.0,https://www.tcs.com/content/dam/tcs/investor-relations/financial-statements/2021-22/q1/Presentations/Q1%202021-22%20Fact%20Sheet.pdf,6900.0,"https://www.tcs.com/content/dam/tcs/investor-relations/financial-statements/2020-21/q1/Management%20Commentary/Transcript%20of%20the%20Q1%202020-21%20Earnings%20Conference%20Call%20held%20at%202000%20hrs%20IST%20on%20July%209,%202020.pdf",,,,,7.985767938327733
tcs,2020Q3,5424.0,https://www.tcs.com/content/dam/tcs/investor-relations/financial-statements/2021-22/q2/Presentations/Q2%202021-22%20Fact%20Sheet.pdf,401350.0,https://www.tcs.com/content/dam/tcs/investor-relations/financial-statements/2020-21/q2/Presentations/Q2%202020-21%20Fact%20Sheet.pdf,-3.2,https://www.tcs.com/content/dam/tcs/investor-relations/financial-statements/2020-21/q2/Presentations/Q2%202020-21%20Fact%20Sheet.pdf,-1.7,https://www.tcs.com/content/dam/tcs/investor-relations/financial-statements/2020-21/q2/Presentations/Q2%202020-21%20Fact%20Sheet.pdf,4.8,https://www.tcs.com/content/dam/tcs/investor-relations/financial-statements/2020-21/q2/Presentations/Q2%202020-21%20Fact%20Sheet.pdf,453540.0,https://www.tcs.com/content/dam/tcs/investor-relations/financial-statements/2020-21/q2/Presentations/Q2%202020-21%20Fact%20Sheet.pdf,8.9,https://www.tcs.com/content/dam/tcs/investor-relations/financial-statements/2020-21/q2/Presentations/Q2%202020-21%20Fact%20Sheet.pdf,,,,,,,411.0,https://www.tcs.com/content/dam/tcs/investor-relations/financial-statements/2020-21/q2/Presentations/Q2%202020-21%20Fact%20Sheet.pdf,8600.0,"https://www.tcs.com/content/dam/tcs/investor-relations/financial-statements/2020-21/q2/Management%20Commentary/Transcript%20of%20the%20Q2%202020-21%20Earnings%20Conference%20Call%20held%20at%202000%20hrs%20IST%20on%20Oct%20%207,%202020.pdf",,,,,7.577433628318584
tcs,2020Q4,5702.0,https://www.tcs.com/content/dam/tcs/investor-relations/financial-statements/2021-22/q3/Presentations/Q3%202021-22%20Fact%20Sheet.pdf,420150.0,https://www.tcs.com/content/dam/tcs/investor-relations/financial-statements/2020-21/q3/Presentations/Q3%202020-21%20Fact%20Sheet.pdf,0.4,https://www.tcs.com/content/dam/tcs/investor-relations/financial-statements/2020-21/q3/Presentations/Q3%202020-21%20Fact%20Sheet.pdf,2.1,https://www.tcs.com/content/dam/tcs/investor-relations/financial-statements/2020-21/q3/Presentations/Q3%202020-21%20Fact%20Sheet.pdf,4.1,https://www.tcs.com/content/dam/tcs/investor-relations/financial-statements/2020-21/q3/Presentations/Q3%202020-21%20Fact%20Sheet.pdf,469261.0,https://www.tcs.com/content/dam/tcs/investor-relations/financial-statements/2020-21/q3/Presentations/Q3%202020-21%20Fact%20Sheet.pdf,7.6,https://www.tcs.com/content/dam/tcs/investor-relations/financial-statements/2020-21/q3/Presentations/Q3%202020-21%20Fact%20Sheet.pdf,,,,,,,439.0,https://www.tcs.com/content/dam/tcs/investor-relations/financial-statements/2021-22/q3/Presentations/Q3%202021-22%20Fact%20Sheet.pdf,6800.0,"https://www.tcs.com/content/dam/tcs/investor-relations/financial-statements/2020-21/q3/Management%20Commentary/Transcript%20of%20the%20Q3%202020-21%20Earnings%20Conference%20Call%20held%20at%202000%20hrs%20IST%20on%20Jan%208,%202021.pdf",,,,,7.699052963872325
tcs,2021Q1,5989.0,https://www.tcs.com/content/dam/tcs/investor-relations/financial-statements/2021-22/q4/Presentations/Q4%202021-22%20Fact%20Sheet.pdf,437050.0,https://www.tcs.com/content/dam/tcs/investor-relations/financial-statements/2020-21/q4/Presentations/Q4%202020-21%20Fact%20Sheet.pdf,5.9,https://www.tcs.com/content/dam/tcs/investor-relations/financial-statements/2020-21/q4/Presentations/Q4%202020-21%20Fact%20Sheet.pdf,10.0,https://www.tcs.com/content/dam/tcs/investor-relations/financial-statements/2020-21/q4/Presentations/Q4%202020-21%20Fact%20Sheet.pdf,4.2,https://www.tcs.com/content/dam/tcs/investor-relations/financial-statements/2020-21/q4/Presentations/Q4%202020-21%20Fact%20Sheet.pdf,488649.0,https://www.tcs.com/content/dam/tcs/investor-relations/financial-statements/2020-21/q4/Presentations/Q4%202020-21%20Fact%20Sheet.pdf,7.2,https://www.tcs.com/content/dam/tcs/investor-relations/financial-statements/2020-21/q4/Presentations/Q4%202020-21%20Fact%20Sheet.pdf,,,,,,,530.0,https://www.tcs.com/content/dam/tcs/investor-relations/financial-statements/2021-22/q4/Presentations/Q4%202021-22%20Fact%20Sheet.pdf,9200.0,https://www.tcs.com/content/dam/tcs/investor-relations/financial-statements/2020-21/q4/IFRS/Press%20Release%20-%20USD.pdf,,,,,8.849557522123893
tcs,2021Q2,6154.0,https://www.tcs.com/content/dam/tcs/investor-relations/financial-statements/2022-23/q1/Presentations/Q1%20FY%202022-23%20Fact%20sheet.pdf,454110.0,https://www.tcs.com/content/dam/tcs/investor-relations/financial-statements/2021-22/q1/Presentations/Q1%202021-22%20Fact%20Sheet.pdf,16.4,https://www.tcs.com/content/dam/tcs/investor-relations/financial-statements/2021-22/q1/Presentations/Q1%202021-22%20Fact%20Sheet.pdf,21.6,https://www.tcs.com/content/dam/tcs/investor-relations/financial-statements/2021-22/q1/Presentations/Q1%202021-22%20Fact%20Sheet.pdf,2.4,https://www.tcs.com/content/dam/tcs/investor-relations/financial-statements/2021-22/q1/Presentations/Q1%202021-22%20Fact%20Sheet.pdf,509058.0,https://www.tcs.com/content/dam/tcs/investor-relations/financial-statements/2021-22/q1/Presentations/Q1%202021-22%20Fact%20Sheet.pdf,8.6,https://www.tcs.com/content/dam/tcs/investor-relations/financial-statements/2021-22/q1/Presentations/Q1%202021-22%20Fact%20Sheet.pdf,,,,,,,529.0,https://www.tcs.com/content/dam/tcs/investor-relations/financial-statements/2022-23/q1/Presentations/Q1%20FY%202022-23%20Fact%20sheet.pdf,8100.0,https://www.tcs.com/content/dam/tcs/investor-relations/financial-statements/2021-22/q1/IFRS/Press%20Release%20-%20USD.pdf,,,,,8.596035099122522
tcs,2021Q3,6333.0,https://www.tcs.com/content/dam/tcs/investor-relations/financial-statements/2022-23/q2/Presentations/Q2%20FY%202022-23%20Fact%20sheet.pdf,468670.0,https://www.tcs.com/content/dam/tcs/investor-relations/financial-statements/2021-22/q2/Presentations/Q2%202021-22%20Fact%20Sheet.pdf,15.5,https://www.tcs.com/content/dam/tcs/investor-relations/financial-statements/2021-22/q2/Presentations/Q2%202021-22%20Fact%20Sheet.pdf,16.8,https://www.tcs.com/content/dam/tcs/investor-relations/financial-statements/2021-22/q2/Presentations/Q2%202021-22%20Fact%20Sheet.pdf,,,528748.0,https://www.tcs.com/content/dam/tcs/investor-relations/financial-statements/2021-22/q2/Presentations/Q2%202021-22%20Fact%20Sheet.pdf,11.9,https://www.tcs.com/content/dam/tcs/investor-relations/financial-statements/2021-22/q2/Presentations/Q2%202021-22%20Fact%20Sheet.pdf,,,,,,,566.0,https://www.tcs.com/content/dam/tcs/investor-relations/financial-statements/2022-23/q2/Presentations/Q2%20FY%202022-23%20Fact%20sheet.pdf,7600.0,"https://www.tcs.com/content/dam/tcs/investor-relations/financial-statements/2021-22/q2/Management%20Commentary/Transcript%20of%20the%20Q2%202021-22%20Earnings%20Conference%20Call%20held%20at%202000%20hrs%20IST%20on%20Oct%208,%202021.pdf",,,,,8.93731249013106
tcs,2021Q4,6524.0,https://www.tcs.com/content/dam/tcs/investor-relations/financial-statements/2022-23/q3/Presentations/Q3%20FY%202022-23%20Fact%20sheet.pdf,488850.0,https://www.tcs.com/content/dam/tcs/investor-relations/financial-statements/2021-22/q3/Presentations/Q3%202021-22%20Fact%20Sheet.pdf,15.4,https://www.tcs.com/content/dam/tcs/investor-relations/financial-statements/2021-22/q3/Presentations/Q3%202021-22%20Fact%20Sheet.pdf,14.4,https://www.tcs.com/content/dam/tcs/investor-relations/financial-statements/2021-22/q3/Presentations/Q3%202021-22%20Fact%20Sheet.pdf,,,556986.0,https://www.tcs.com/content/dam/tcs/investor-relations/financial-statements/2021-22/q3/Presentations/Q3%202021-22%20Fact%20Sheet.pdf,15.3,https://www.tcs.com/content/dam/tcs/investor-relations/financial-statements/2021-22/q3/Presentations/Q3%202021-22%20Fact%20Sheet.pdf,,,,,,,603.0,https://www.tcs.com/content/dam/tcs/investor-relations/financial-statements/2022-23/q3/Presentations/Q3%20FY%202022-23%20Fact%20sheet.pdf,7600.0,"https://www.tcs.com/content/dam/tcs/investor-relations/financial-statements/2021-22/q3/Management%20Commentary/Transcript%20of%20the%20Q3%202021-22%20Earnings%20Conference%20Call%20held%20at%202000%20hrs%20IST%20on%20Jan%2012,%202022.pdf",,,,,9.242795830778663
tcs,2022Q1,6696.0,https://www.tcs.com/content/dam/tcs/investor-relations/financial-statements/2022-23/q4/Presentations/Q4%20FY%202022-23%20Fact%20sheet.pdf,505910.0,https://www.tcs.com/content/dam/tcs/investor-relations/financial-statements/2021-22/q4/Presentations/Q4%202021-22%20Fact%20Sheet.pdf,14.3,https://www.tcs.com/content/dam/tcs/investor-relations/financial-statements/2021-22/q4/Presentations/Q4%202021-22%20Fact%20Sheet.pdf,11.8,https://www.tcs.com/content/dam/tcs/investor-relations/financial-statements/2021-22/q4/Presentations/Q4%202021-22%20Fact%20Sheet.pdf,,,592195.0,https://www.tcs.com/content/dam/tcs/investor-relations/financial-statements/2021-22/q4/Presentations/Q4%202021-22%20Fact%20Sheet.pdf,17.4,https://www.tcs.com/content/dam/tcs/investor-relations/financial-statements/2021-22/q4/Presentations/Q4%202021-22%20Fact%20Sheet.pdf,,,,,,,636.0,https://www.tcs.com/content/dam/tcs/investor-relations/financial-statements/2022-23/q4/Presentations/Q4%20FY%202022-23%20Fact%20sheet.pdf,11300.0,https://www.tcs.com/content/dam/tcs/investor-relations/financial-statements/2021-22/q4/IFRS/Press%20Release%20-%20USD.pdf,,,,,9.498207885304659
tcs,2022Q2,6780.0,https://www.tcs.com/content/dam/tcs/investor-relations/financial-statements/2023-24/q1/Presentations/Q1%202023-24%20Fact%20Sheet.pdf,527580.0,https://www.tcs.com/content/dam/tcs/investor-relations/financial-statements/2022-23/q1/Presentations/Q1%20FY%202022-23%20Fact%20sheet.pdf,15.5,https://www.tcs.com/content/dam/tcs/investor-relations/financial-statements/2022-23/q1/Presentations/Q1%20FY%202022-23%20Fact%20sheet.pdf,10.2,https://www.tcs.com/content/dam/tcs/investor-relations/financial-statements/2022-23/q1/Presentations/Q1%20FY%202022-23%20Fact%20sheet.pdf,,,606331.0,https://www.tcs.com/content/dam/tcs/investor-relations/financial-statements/2022-23/q1/Presentations/Q1%20FY%202022-23%20Fact%20sheet.pdf,19.7,https://www.tcs.com/content/dam/tcs/investor-relations/financial-statements/2022-23/q1/Presentations/Q1%20FY%202022-23%20Fact%20sheet.pdf,,,,,,,679.0,https://www.tcs.com/content/dam/tcs/investor-relations/financial-statements/2023-24/q1/Presentations/Q1%202023-24%20Fact%20Sheet.pdf,8200.0,https://www.tcs.com/content/dam/tcs/investor-relations/financial-statements/2022-23/q1/IFRS/Press%20Release%20-%20USD.pdf,,,,,10.014749262536872
tcs,2022Q3,6877.0,https://www.tcs.com/content/dam/tcs/investor-relations/financial-statements/2023-24/q2/Presentations/Q2%202023-24%20Fact%20Sheet.pdf,553090.0,https://www.tcs.com/content/dam/tcs/investor-relations/financial-statements/2022-23/q2/Presentations/Q2%20FY%202022-23%20Fact%20sheet.pdf,15.4,https://www.tcs.com/content/dam/tcs/investor-relations/financial-statements/2022-23/q2/Presentations/Q2%20FY%202022-23%20Fact%20sheet.pdf,8.6,https://www.tcs.com/content/dam/tcs/investor-relations/financial-statements/2022-23/q2/Presentations/Q2%20FY%202022-23%20Fact%20sheet.pdf,,,616171.0,https://www.tcs.com/content/dam/tcs/investor-relations/financial-statements/2022-23/q2/Presentations/Q2%20FY%202022-23%20Fact%20sheet.pdf,21.5,https://www.tcs.com/content/dam/tcs/investor-relations/financial-statements/2022-23/q2/Presentations/Q2%20FY%202022-23%20Fact%20sheet.pdf,,,,,,,686.0,https://www.tcs.com/content/dam/tcs/investor-relations/financial-statements/2023-24/q2/Presentations/Q2%202023-24%20Fact%20Sheet.pdf,8100.0,https://www.tcs.com/content/dam/tcs/investor-relations/financial-statements/2022-23/q2/IFRS/Press%20Release%20-%20USD.pdf,,,,,9.975279918569143
tcs,2022Q4,7075.0,https://www.tcs.com/content/dam/tcs/investor-relations/financial-statements/2023-24/q3/Presentations/Q3%202023-24%20Fact%20Sheet.pdf,582290.0,https://www.tcs.com/content/dam/tcs/investor-relations/financial-statements/2022-23/q3/Presentations/Q3%20FY%202022-23%20Fact%20sheet.pdf,13.5,https://www.tcs.com/content/dam/tcs/investor-relations/financial-statements/2022-23/q3/Presentations/Q3%20FY%202022-23%20Fact%20sheet.pdf,8.4,https://www.tcs.com/content/dam/tcs/investor-relations/financial-statements/2022-23/q3/Presentations/Q3%20FY%202022-23%20Fact%20sheet.pdf,,,613974.0,https://www.tcs.com/content/dam/tcs/investor-relations/financial-statements/2022-23/q3/Presentations/Q3%20FY%202022-23%20Fact%20sheet.pdf,21.3,https://www.tcs.com/content/dam/tcs/investor-relations/financial-statements/2022-23/q3/Presentations/Q3%20FY%202022-23%20Fact%20sheet.pdf,,,,,,,666.0,https://www.tcs.com/content/dam/tcs/investor-relations/financial-statements/2022-23/q3/Presentations/Q3%20FY%202022-23%20Fact%20sheet.pdf,7800.0,https://www.tcs.com/content/dam/tcs/investor-relations/financial-statements/2022-23/q3/IFRS/Press%20Release%20-%20USD.pdf,,,,,9.413427561837455
tcs,2023Q1,7195.0,https://www.tcs.com/content/dam/tcs/investor-relations/financial-statements/2023-24/q4/Presentations/Q4%202023-24%20Fact%20Sheet.pdf,591620.0,https://www.tcs.com/content/dam/tcs/investor-relations/financial-statements/2022-23/q4/Presentations/Q4%20FY%202022-23%20Fact%20sheet.pdf,10.7,https://www.tcs.com/content/dam/tcs/investor-relations/financial-statements/2022-23/q4/Presentations/Q4%20FY%202022-23%20Fact%20sheet.pdf,7.4,https://www.tcs.com/content/dam/tcs/investor-relations/financial-statements/2022-23/q4/Presentations/Q4%20FY%202022-23%20Fact%20sheet.pdf,,,614795.0,https://www.tcs.com/content/dam/tcs/investor-relations/financial-statements/2022-23/q4/Presentations/Q4%20FY%202022-23%20Fact%20sheet.pdf,20.1,https://www.tcs.com/content/dam/tcs/investor-relations/financial-statements/2022-23/q4/Presentations/Q4%20FY%202022-23%20Fact%20sheet.pdf,,,,,,,616.0,https://www.tcs.com/content/dam/tcs/investor-relations/financial-statements/2023-24/q4/Presentations/Q4%202023-24%20Fact%20Sheet.pdf,10000.0,https://www.tcs.com/content/dam/tcs/investor-relations/financial-statements/2022-23/q4/Presentations/Q4%20FY%202022-23%20Fact%20sheet.pdf,,,,,8.56150104239055
tcs,2023Q2,7226.0,https://www.tcs.com/content/dam/tcs/investor-relations/financial-statements/2024-25/q1/Presentations/Q1%202024-25%20Fact%20Sheet.pdf,593810.0,https://www.tcs.com/content/dam/tcs/investor-relations/financial-statements/2023-24/q1/Presentations/Q1%202023-24%20Fact%20Sheet.pdf,7.0,https://www.tcs.com/content/dam/tcs/investor-relations/financial-statements/2023-24/q1/Presentations/Q1%202023-24%20Fact%20Sheet.pdf,6.6,https://www.tcs.com/content/dam/tcs/investor-relations/financial-statements/2023-24/q1/Presentations/Q1%202023-24%20Fact%20Sheet.pdf,,,615318.0,https://www.tcs.com/content/dam/tcs/investor-relations/financial-statements/2023-24/q1/Presentations/Q1%202023-24%20Fact%20Sheet.pdf,17.8,https://www.tcs.com/content/dam/tcs/investor-relations/financial-statements/2023-24/q1/Presentations/Q1%202023-24%20Fact%20Sheet.pdf,,,,,,,558.0,https://www.tcs.com/content/dam/tcs/investor-relations/financial-statements/2024-25/q1/Presentations/Q1%202024-25%20Fact%20Sheet.pdf,10200.0,https://www.tcs.com/content/dam/tcs/investor-relations/financial-statements/2023-24/q1/Presentations/Q1%202023-24%20Fact%20Sheet.pdf,,,,,7.72211458621644
tcs,2023Q3,7210.0,https://www.tcs.com/content/dam/tcs/investor-relations/financial-statements/2024-25/q2/Presentations/Q2%202024-25%20Fact%20Sheet.pdf,596920.0,https://www.tcs.com/content/dam/tcs/investor-relations/financial-statements/2023-24/q2/Presentations/Q2%202023-24%20Fact%20Sheet.pdf,2.8,https://www.tcs.com/content/dam/tcs/investor-relations/financial-statements/2023-24/q2/Presentations/Q2%202023-24%20Fact%20Sheet.pdf,4.8,https://www.tcs.com/content/dam/tcs/investor-relations/financial-statements/2023-24/q2/Presentations/Q2%202023-24%20Fact%20Sheet.pdf,,,608985.0,https://www.tcs.com/content/dam/tcs/investor-relations/financial-statements/2023-24/q2/Presentations/Q2%202023-24%20Fact%20Sheet.pdf,14.9,https://www.tcs.com/content/dam/tcs/investor-relations/financial-statements/2023-24/q2/Presentations/Q2%202023-24%20Fact%20Sheet.pdf,,,,,,,519.0,https://www.tcs.com/content/dam/tcs/investor-relations/financial-statements/2024-25/q2/Presentations/Q2%202024-25%20Fact%20Sheet.pdf,11200.0,https://www.tcs.com/content/dam/tcs/investor-relations/financial-statements/2023-24/q2/Presentations/Q2%202023-24%20Fact%20Sheet.pdf,,,,,7.198335644937587
tcs,2023Q4,7281.0,https://www.tcs.com/content/dam/tcs/investor-relations/financial-statements/2024-25/q3/Presentations/Q3%202024-25%20Fact%20Sheet.pdf,605830.0,https://www.tcs.com/content/dam/tcs/investor-relations/financial-statements/2023-24/q3/Presentations/Q3%202023-24%20Fact%20Sheet.pdf,1.7,https://www.tcs.com/content/dam/tcs/investor-relations/financial-statements/2023-24/q3/Presentations/Q3%202023-24%20Fact%20Sheet.pdf,2.9,https://www.tcs.com/content/dam/tcs/investor-relations/financial-statements/2023-24/q3/Presentations/Q3%202023-24%20Fact%20Sheet.pdf,,,603305.0,https://www.tcs.com/content/dam/tcs/investor-relations/financial-statements/2023-24/q3/Presentations/Q3%202023-24%20Fact%20Sheet.pdf,13.3,https://www.tcs.com/content/dam/tcs/investor-relations/financial-statements/2023-24/q3/Presentations/Q3%202023-24%20Fact%20Sheet.pdf,,,,,,,477.0,https://www.tcs.com/content/dam/tcs/investor-relations/financial-statements/2023-24/q3/Presentations/Q3%202023-24%20Fact%20Sheet.pdf,8100.0,https://www.tcs.com/content/dam/tcs/investor-relations/financial-statements/2023-24/q3/Presentations/Q3%202023-24%20Fact%20Sheet.pdf,,,,,6.551297898640296
tcs,2024Q1,7363.0,https://www.tcs.com/content/dam/tcs/investor-relations/financial-statements/2024-25/q4/Presentations/Q4%202024-25%20Fact%20Sheet.pdf,612370.0,https://www.tcs.com/content/dam/tcs/investor-relations/financial-statements/2023-24/q4/Presentations/Q4%202023-24%20Fact%20Sheet.pdf,2.2,https://www.tcs.com/content/dam/tcs/investor-relations/financial-statements/2023-24/q4/Presentations/Q4%202023-24%20Fact%20Sheet.pdf,2.3,https://www.tcs.com/content/dam/tcs/investor-relations/financial-statements/2023-24/q4/Presentations/Q4%202023-24%20Fact%20Sheet.pdf,,,601546.0,https://www.tcs.com/content/dam/tcs/investor-relations/financial-statements/2023-24/q4/Presentations/Q4%202023-24%20Fact%20Sheet.pdf,12.5,https://www.tcs.com/content/dam/tcs/investor-relations/financial-statements/2023-24/q4/Presentations/Q4%202023-24%20Fact%20Sheet.pdf,,,,,,,358.0,https://www.tcs.com/content/dam/tcs/investor-relations/financial-statements/2024-25/q4/Presentations/Q4%202024-25%20Fact%20Sheet.pdf,13200.0,https://www.tcs.com/content/dam/tcs/investor-relations/financial-statements/2023-24/q4/Presentations/Q4%202023-24%20Fact%20Sheet.pdf,,,,,4.862148580741546
tcs,2024Q2,7505.0,https://www.tcs.com/content/dam/tcs/investor-relations/financial-statements/2025-26/q1/Presentations/Q1%202025-26%20Fact%20Sheet.pdf,626130.0,https://www.tcs.com/content/dam/tcs/investor-relations/financial-statements/2024-25/q1/Presentations/Q1%202024-25%20Fact%20Sheet.pdf,4.4,https://www.tcs.com/content/dam/tcs/investor-relations/financial-statements/2024-25/q1/Presentations/Q1%202024-25%20Fact%20Sheet.pdf,3.9,https://www.tcs.com/content/dam/tcs/investor-relations/financial-statements/2024-25/q1/Presentations/Q1%202024-25%20Fact%20Sheet.pdf,,,606998.0,https://www.tcs.com/content/dam/tcs/investor-relations/financial-statements/2024-25/q1/Presentations/Q1%202024-25%20Fact%20Sheet.pdf,12.1,https://www.tcs.com/content/dam/tcs/investor-relations/financial-statements/2024-25/q1/Presentations/Q1%202024-25%20Fact%20Sheet.pdf,,,,,,,319.0,https://www.tcs.com/content/dam/tcs/investor-relations/financial-statements/2025-26/q1/Presentations/Q1%202025-26%20Fact%20Sheet.pdf,8300.0,https://www.tcs.com/content/dam/tcs/investor-relations/financial-statements/2024-25/q1/Presentations/Q1%202024-25%20Fact%20Sheet.pdf,,,,,4.250499666888741
tcs,2024Q3,7670.0,https://www.tcs.com/content/dam/tcs/investor-relations/financial-statements/2025-26/q2/Presentations/Q2%202025-26%20Fact%20Sheet.pdf,642590.0,https://www.tcs.com/content/dam/tcs/investor-relations/financial-statements/2024-25/q2/Presentations/Q2%202024-25%20Fact%20Sheet.pdf,5.5,https://www.tcs.com/content/dam/tcs/investor-relations/financial-statements/2024-25/q2/Presentations/Q2%202024-25%20Fact%20Sheet.pdf,6.4,https://www.tcs.com/content/dam/tcs/investor-relations/financial-statements/2024-25/q2/Presentations/Q2%202024-25%20Fact%20Sheet.pdf,,,612724.0,https://www.tcs.com/content/dam/tcs/investor-relations/financial-statements/2024-25/q2/Presentations/Q2%202024-25%20Fact%20Sheet.pdf,12.3,https://www.tcs.com/content/dam/tcs/investor-relations/financial-statements/2024-25/q2/Presentations/Q2%202024-25%20Fact%20Sheet.pdf,,,,,,,357.0,https://www.tcs.com/content/dam/tcs/investor-relations/financial-statements/2025-26/q2/Presentations/Q2%202025-26%20Fact%20Sheet.pdf,8600.0,https://www.tcs.com/content/dam/tcs/investor-relations/financial-statements/2024-25/q2/Presentations/Q2%202024-25%20Fact%20Sheet.pdf,,,,,4.654498044328553
tcs,2024Q4,7539.0,https://www.tcs.com/content/dam/tcs/investor-relations/financial-statements/2025-26/q3/Presentations/Q3%202025-26%20Fact%20Sheet.pdf,639730.0,https://www.tcs.com/content/dam/tcs/investor-relations/financial-statements/2024-25/q3/Presentations/Q3%202024-25%20Fact%20Sheet.pdf,4.5,https://www.tcs.com/content/dam/tcs/investor-relations/financial-statements/2024-25/q3/Presentations/Q3%202024-25%20Fact%20Sheet.pdf,3.6,https://www.tcs.com/content/dam/tcs/investor-relations/financial-statements/2024-25/q3/Presentations/Q3%202024-25%20Fact%20Sheet.pdf,,,607354.0,https://www.tcs.com/content/dam/tcs/investor-relations/financial-statements/2024-25/q3/Presentations/Q3%202024-25%20Fact%20Sheet.pdf,13.0,https://www.tcs.com/content/dam/tcs/investor-relations/financial-statements/2024-25/q3/Presentations/Q3%202024-25%20Fact%20Sheet.pdf,,,,,,,350.0,https://www.tcs.com/content/dam/tcs/investor-relations/financial-statements/2025-26/q3/Presentations/Q3%202025-26%20Fact%20Sheet.pdf,10200.0,https://www.tcs.com/content/dam/tcs/investor-relations/financial-statements/2024-25/q3/Presentations/Q3%202024-25%20Fact%20Sheet.pdf,,,,,4.642525533890437
tcs,2025Q1,7465.0,https://www.tcs.com/content/dam/tcs/investor-relations/financial-statements/2025-26/q4/Presentations/Q4%202025-26%20Fact%20Sheet.pdf,644790.0,https://www.tcs.com/content/dam/tcs/investor-relations/financial-statements/2024-25/q4/Presentations/Q4%202024-25%20Fact%20Sheet.pdf,2.5,https://www.tcs.com/content/dam/tcs/investor-relations/financial-statements/2024-25/q4/Presentations/Q4%202024-25%20Fact%20Sheet.pdf,1.4,https://www.tcs.com/content/dam/tcs/investor-relations/financial-statements/2024-25/q4/Presentations/Q4%202024-25%20Fact%20Sheet.pdf,,,607979.0,https://www.tcs.com/content/dam/tcs/investor-relations/financial-statements/2024-25/q4/Presentations/Q4%202024-25%20Fact%20Sheet.pdf,13.3,https://www.tcs.com/content/dam/tcs/investor-relations/financial-statements/2024-25/q4/Presentations/Q4%202024-25%20Fact%20Sheet.pdf,,,,,,,355.0,https://www.tcs.com/content/dam/tcs/investor-relations/financial-statements/2025-26/q4/Presentations/Q4%202025-26%20Fact%20Sheet.pdf,12200.0,https://www.tcs.com/content/dam/tcs/investor-relations/financial-statements/2024-25/q4/Presentations/Q4%202024-25%20Fact%20Sheet.pdf,,,,,4.755525787006028
tcs,2025Q2,7421.0,https://www.tcs.com/content/dam/tcs/investor-relations/financial-statements/2026-27/q1/Presentations/Q1%202026-27%20Fact%20Sheet.pdf,634370.0,https://www.tcs.com/content/dam/tcs/investor-relations/financial-statements/2025-26/q1/Presentations/Q1%202025-26%20Fact%20Sheet.pdf,-3.1,https://www.tcs.com/content/dam/tcs/investor-relations/financial-statements/2025-26/q1/Presentations/Q1%202025-26%20Fact%20Sheet.pdf,-1.1,https://www.tcs.com/content/dam/tcs/investor-relations/financial-statements/2025-26/q1/Presentations/Q1%202025-26%20Fact%20Sheet.pdf,,,613069.0,https://www.tcs.com/content/dam/tcs/investor-relations/financial-statements/2025-26/q1/Presentations/Q1%202025-26%20Fact%20Sheet.pdf,13.8,https://www.tcs.com/content/dam/tcs/investor-relations/financial-statements/2025-26/q1/Presentations/Q1%202025-26%20Fact%20Sheet.pdf,,,,,,,379.0,https://www.tcs.com/content/dam/tcs/investor-relations/financial-statements/2025-26/q2/Presentations/Q2%202025-26%20Fact%20Sheet.pdf,9400.0,https://www.tcs.com/content/dam/tcs/investor-relations/financial-statements/2025-26/q1/Presentations/Q1%202025-26%20Fact%20Sheet.pdf,,,,,5.1071284193504916
tcs,2025Q3,7466.0,https://www.tcs.com/content/dam/tcs/investor-relations/financial-statements/2026-27/q1/Presentations/Q1%202026-27%20Fact%20Sheet.pdf,657990.0,https://www.tcs.com/content/dam/tcs/investor-relations/financial-statements/2025-26/q2/Presentations/Q2%202025-26%20Fact%20Sheet.pdf,-3.3,https://www.tcs.com/content/dam/tcs/investor-relations/financial-statements/2025-26/q2/Presentations/Q2%202025-26%20Fact%20Sheet.pdf,-2.7,https://www.tcs.com/content/dam/tcs/investor-relations/financial-statements/2025-26/q2/Presentations/Q2%202025-26%20Fact%20Sheet.pdf,0.8,https://www.tcs.com/content/dam/tcs/investor-relations/financial-statements/2025-26/q2/Presentations/Q2%202025-26%20Fact%20Sheet.pdf,593314.0,https://www.tcs.com/content/dam/tcs/investor-relations/financial-statements/2025-26/q2/Presentations/Q2%202025-26%20Fact%20Sheet.pdf,13.3,https://www.tcs.com/content/dam/tcs/investor-relations/financial-statements/2025-26/q2/Presentations/Q2%202025-26%20Fact%20Sheet.pdf,,,,,,,395.0,https://www.tcs.com/content/dam/tcs/investor-relations/financial-statements/2025-26/q3/Presentations/Q3%202025-26%20Fact%20Sheet.pdf,10000.0,https://www.tcs.com/content/dam/tcs/investor-relations/financial-statements/2025-26/q2/Presentations/Q2%202025-26%20Fact%20Sheet.pdf,,,,,5.290650950977766
tcs,2025Q4,7509.0,https://www.tcs.com/content/dam/tcs/investor-relations/financial-statements/2026-27/q1/Presentations/Q1%202026-27%20Fact%20Sheet.pdf,670870.0,https://www.tcs.com/content/dam/tcs/investor-relations/financial-statements/2025-26/q3/Presentations/Q3%202025-26%20Fact%20Sheet.pdf,-2.6,https://www.tcs.com/content/dam/tcs/investor-relations/financial-statements/2025-26/q3/Presentations/Q3%202025-26%20Fact%20Sheet.pdf,-0.4,https://www.tcs.com/content/dam/tcs/investor-relations/financial-statements/2025-26/q3/Presentations/Q3%202025-26%20Fact%20Sheet.pdf,0.8,https://www.tcs.com/content/dam/tcs/investor-relations/financial-statements/2025-26/q3/Presentations/Q3%202025-26%20Fact%20Sheet.pdf,582163.0,https://www.tcs.com/content/dam/tcs/investor-relations/financial-statements/2025-26/q3/Presentations/Q3%202025-26%20Fact%20Sheet.pdf,13.5,https://www.tcs.com/content/dam/tcs/investor-relations/financial-statements/2025-26/q3/Presentations/Q3%202025-26%20Fact%20Sheet.pdf,,,,,,,419.0,https://www.tcs.com/content/dam/tcs/investor-relations/financial-statements/2025-26/q4/Presentations/Q4%202025-26%20Fact%20Sheet.pdf,9300.0,https://www.tcs.com/content/dam/tcs/investor-relations/financial-statements/2025-26/q3/Presentations/Q3%202025-26%20Fact%20Sheet.pdf,,,,,5.579970701824477
tcs,2026Q1,7621.0,https://www.tcs.com/content/dam/tcs/investor-relations/financial-statements/2026-27/q1/Presentations/Q1%202026-27%20Fact%20Sheet.pdf,706980.0,https://www.tcs.com/content/dam/tcs/investor-relations/financial-statements/2025-26/q4/Presentations/Q4%202025-26%20Fact%20Sheet.pdf,-0.6,https://www.tcs.com/content/dam/tcs/investor-relations/financial-statements/2025-26/q4/Presentations/Q4%202025-26%20Fact%20Sheet.pdf,2.1,https://www.tcs.com/content/dam/tcs/investor-relations/financial-statements/2025-26/q4/Presentations/Q4%202025-26%20Fact%20Sheet.pdf,1.2,https://www.tcs.com/content/dam/tcs/investor-relations/financial-statements/2025-26/q4/Presentations/Q4%202025-26%20Fact%20Sheet.pdf,584519.0,https://www.tcs.com/content/dam/tcs/investor-relations/financial-statements/2025-26/q4/Presentations/Q4%202025-26%20Fact%20Sheet.pdf,13.7,https://www.tcs.com/content/dam/tcs/investor-relations/financial-statements/2025-26/q4/Presentations/Q4%202025-26%20Fact%20Sheet.pdf,,,,,,,456.0,https://www.tcs.com/content/dam/tcs/investor-relations/financial-statements/2025-26/q4/Presentations/Q4%202025-26%20Fact%20Sheet.pdf,12000.0,https://www.tcs.com/content/dam/tcs/investor-relations/financial-statements/2025-26/q4/Presentations/Q4%202025-26%20Fact%20Sheet.pdf,,,,,5.983466736648734
tcs,2026Q2,7624.0,https://www.tcs.com/content/dam/tcs/investor-relations/financial-statements/2026-27/q1/Presentations/Q1%202026-27%20Fact%20Sheet.pdf,722750.0,https://www.tcs.com/content/dam/tcs/investor-relations/financial-statements/2026-27/q1/Presentations/Q1%202026-27%20Fact%20Sheet.pdf,3.2,https://www.tcs.com/content/dam/tcs/investor-relations/financial-statements/2026-27/q1/Presentations/Q1%202026-27%20Fact%20Sheet.pdf,2.7,https://www.tcs.com/content/dam/tcs/investor-relations/financial-statements/2026-27/q1/Presentations/Q1%202026-27%20Fact%20Sheet.pdf,0.4,https://www.tcs.com/content/dam/tcs/investor-relations/financial-statements/2026-27/q1/Presentations/Q1%202026-27%20Fact%20Sheet.pdf,593798.0,https://www.tcs.com/content/dam/tcs/investor-relations/financial-statements/2026-27/q1/Presentations/Q1%202026-27%20Fact%20Sheet.pdf,13.6,https://www.tcs.com/content/dam/tcs/investor-relations/financial-statements/2026-27/q1/Presentations/Q1%202026-27%20Fact%20Sheet.pdf,,,,,,,,,9500.0,https://www.tcs.com/content/dam/tcs/investor-relations/financial-statements/2026-27/q1/Presentations/Q1%202026-27%20Fact%20Sheet.pdf,,,,,
techm,2007Q1,197.7,https://web.archive.org/web/20120327045821/http://techmahindra.com/Documents/Financials/financialchart/2009/TechM_Q4_F09_Factsheet.pdf,8745.0,https://web.archive.org/web/20120327045821/http://techmahindra.com/Documents/Financials/financialchart/2009/TechM_Q4_F09_Factsheet.pdf,,,108.0,https://web.archive.org/web/20120327030045/http://techmahindra.com/Documents/Financials/financialchart/2006-07/TechM_Q4_F07_Consolidated.pdf,,,19749.0,https://web.archive.org/web/20120327045821/http://techmahindra.com/Documents/Financials/financialchart/2009/TechM_Q4_F09_Factsheet.pdf,,,67.0,https://web.archive.org/web/20120327045821/http://techmahindra.com/Documents/Financials/financialchart/2009/TechM_Q4_F09_Factsheet.pdf,67.0,https://web.archive.org/web/20120327045821/http://techmahindra.com/Documents/Financials/financialchart/2009/TechM_Q4_F09_Factsheet.pdf,,,,,,,,,,,
techm,2007Q2,210.9,https://web.archive.org/web/20120327220747/http://techmahindra.com/Documents/Financials/financialchart/2009-10/TechM_Q4_F10_Factsheet.pdf,8763.0,https://web.archive.org/web/20120327220747/http://techmahindra.com/Documents/Financials/financialchart/2009-10/TechM_Q4_F10_Factsheet.pdf,,,49.0,https://web.archive.org/web/20110919192247/http://www.techmahindra.com:80/Documents/Financials/financialchart/08_q1/TechM_Q1_F08_Consolidated.pdf,,,21146.0,https://web.archive.org/web/20120327220747/http://techmahindra.com/Documents/Financials/financialchart/2009-10/TechM_Q4_F10_Factsheet.pdf,18.0,https://web.archive.org/web/20120327135210/http://techmahindra.com/Documents/Financials/financialchart/08_q1/TechM_Q1_F08_Calltranscripts.pdf,67.0,https://web.archive.org/web/20120327220747/http://techmahindra.com/Documents/Financials/financialchart/2009-10/TechM_Q4_F10_Factsheet.pdf,67.0,https://web.archive.org/web/20120327220747/http://techmahindra.com/Documents/Financials/financialchart/2009-10/TechM_Q4_F10_Factsheet.pdf,,,,,,,,,,,
techm,2007Q3,220.8,https://web.archive.org/web/20120327220747/http://techmahindra.com/Documents/Financials/financialchart/2009-10/TechM_Q4_F10_Factsheet.pdf,8975.0,https://web.archive.org/web/20120327220747/http://techmahindra.com/Documents/Financials/financialchart/2009-10/TechM_Q4_F10_Factsheet.pdf,,,29.0,https://web.archive.org/web/20120327221953/http://techmahindra.com/Documents/Financials/financialchart/08_q2/TechM_Q2_F08_Consolidated.pdf,,,23100.0,https://web.archive.org/web/20120327220747/http://techmahindra.com/Documents/Financials/financialchart/2009-10/TechM_Q4_F10_Factsheet.pdf,31.0,https://web.archive.org/web/20120327085926/http://techmahindra.com/Documents/Financials/financialchart/08_q2/TechM_Q2_F08_Calltranscripts.pdf,63.0,https://web.archive.org/web/20120327220747/http://techmahindra.com/Documents/Financials/financialchart/2009-10/TechM_Q4_F10_Factsheet.pdf,63.0,https://web.archive.org/web/20120327220747/http://techmahindra.com/Documents/Financials/financialchart/2009-10/TechM_Q4_F10_Factsheet.pdf,,,,,,,,,,,
techm,2007Q4,245.2,https://web.archive.org/web/20120327220747/http://techmahindra.com/Documents/Financials/financialchart/2009-10/TechM_Q4_F10_Factsheet.pdf,9704.0,https://web.archive.org/web/20120327220747/http://techmahindra.com/Documents/Financials/financialchart/2009-10/TechM_Q4_F10_Factsheet.pdf,,,26.0,https://web.archive.org/web/20120327031336/http://techmahindra.com/Documents/Financials/financialchart/08_q3/TechM_Q3_F08_Consolidated.pdf,,,23155.0,https://web.archive.org/web/20120327220747/http://techmahindra.com/Documents/Financials/financialchart/2009-10/TechM_Q4_F10_Factsheet.pdf,20.0,https://web.archive.org/web/20120327022456/http://techmahindra.com/Documents/Financials/financialchart/08_q3/TechM_Q3_F08_Calltranscripts.pdf,69.0,https://web.archive.org/web/20120327220747/http://techmahindra.com/Documents/Financials/financialchart/2009-10/TechM_Q4_F10_Factsheet.pdf,69.0,https://web.archive.org/web/20120327220747/http://techmahindra.com/Documents/Financials/financialchart/2009-10/TechM_Q4_F10_Factsheet.pdf,,,,,,,,,,,
techm,2008Q1,257.8,https://web.archive.org/web/20120327220747/http://techmahindra.com/Documents/Financials/financialchart/2009-10/TechM_Q4_F10_Factsheet.pdf,10218.0,https://web.archive.org/web/20120327220747/http://techmahindra.com/Documents/Financials/financialchart/2009-10/TechM_Q4_F10_Factsheet.pdf,,,,,,,22884.0,https://web.archive.org/web/20120327220747/http://techmahindra.com/Documents/Financials/financialchart/2009-10/TechM_Q4_F10_Factsheet.pdf,18.0,https://web.archive.org/web/20120327220553/http://techmahindra.com/Documents/Financials/financialchart/08_q4/TechM_Q4_F08_Calltranscripts.pdf,73.0,https://web.archive.org/web/20120327220747/http://techmahindra.com/Documents/Financials/financialchart/2009-10/TechM_Q4_F10_Factsheet.pdf,73.0,https://web.archive.org/web/20120327220747/http://techmahindra.com/Documents/Financials/financialchart/2009-10/TechM_Q4_F10_Factsheet.pdf,,,,,,,,,,,
techm,2008Q2,271.9,https://web.archive.org/web/20120327220540/http://techmahindra.com/Documents/Financials/financialchart/2010-2011/TechM_Q4_F11_Factsheet.pdf,11163.0,https://web.archive.org/web/20120327220540/http://techmahindra.com/Documents/Financials/financialchart/2010-2011/TechM_Q4_F11_Factsheet.pdf,,,27.0,https://web.archive.org/web/20120327035211/http://techmahindra.com/Documents/Financials/financialchart/09/TechM_Q1_F09_Consolidated.pdf,,,24369.0,https://web.archive.org/web/20120327220540/http://techmahindra.com/Documents/Financials/financialchart/2010-2011/TechM_Q4_F11_Factsheet.pdf,,,74.0,https://web.archive.org/web/20120327220540/http://techmahindra.com/Documents/Financials/financialchart/2010-2011/TechM_Q4_F11_Factsheet.pdf,74.0,https://web.archive.org/web/20120327220540/http://techmahindra.com/Documents/Financials/financialchart/2010-2011/TechM_Q4_F11_Factsheet.pdf,,,,,,,,,,,
techm,2008Q3,269.6,https://web.archive.org/web/20120327220540/http://techmahindra.com/Documents/Financials/financialchart/2010-2011/TechM_Q4_F11_Factsheet.pdf,11648.0,https://web.archive.org/web/20120327220540/http://techmahindra.com/Documents/Financials/financialchart/2010-2011/TechM_Q4_F11_Factsheet.pdf,,,30.0,https://web.archive.org/web/20120327221228/http://techmahindra.com/Documents/Financials/financialchart/09_q2/TechM_Q2_F09_Consolidated.pdf,,,25135.0,https://web.archive.org/web/20120327220540/http://techmahindra.com/Documents/Financials/financialchart/2010-2011/TechM_Q4_F11_Factsheet.pdf,,,69.0,https://web.archive.org/web/20120327220540/http://techmahindra.com/Documents/Financials/financialchart/2010-2011/TechM_Q4_F11_Factsheet.pdf,69.0,https://web.archive.org/web/20120327220540/http://techmahindra.com/Documents/Financials/financialchart/2010-2011/TechM_Q4_F11_Factsheet.pdf,,,,,,,,,,,
techm,2008Q4,231.9,https://web.archive.org/web/20120327220540/http://techmahindra.com/Documents/Financials/financialchart/2010-2011/TechM_Q4_F11_Factsheet.pdf,11322.0,https://web.archive.org/web/20120327220540/http://techmahindra.com/Documents/Financials/financialchart/2010-2011/TechM_Q4_F11_Factsheet.pdf,,,17.0,https://web.archive.org/web/20120327144710/http://techmahindra.com/Documents/Financials/financialchart/09_q3/TechM_Q3_F09_Consolidated.pdf,,,25429.0,https://web.archive.org/web/20120327220540/http://techmahindra.com/Documents/Financials/financialchart/2010-2011/TechM_Q4_F11_Factsheet.pdf,,,67.0,https://web.archive.org/web/20120327220540/http://techmahindra.com/Documents/Financials/financialchart/2010-2011/TechM_Q4_F11_Factsheet.pdf,67.0,https://web.archive.org/web/20120327220540/http://techmahindra.com/Documents/Financials/financialchart/2010-2011/TechM_Q4_F11_Factsheet.pdf,,,,,,,,,,,
techm,2009Q1,211.5,https://web.archive.org/web/20120327220540/http://techmahindra.com/Documents/Financials/financialchart/2010-2011/TechM_Q4_F11_Factsheet.pdf,10513.0,https://web.archive.org/web/20120327220540/http://techmahindra.com/Documents/Financials/financialchart/2010-2011/TechM_Q4_F11_Factsheet.pdf,,,,,,,24972.0,https://web.archive.org/web/20120327220540/http://techmahindra.com/Documents/Financials/financialchart/2010-2011/TechM_Q4_F11_Factsheet.pdf,11.0,https://web.archive.org/web/20110919193155/http://www.techmahindra.com:80/Documents/Financials/financialchart/2009/TechM_Q4_F09_Calltranscripts.pdf,70.0,https://web.archive.org/web/20120327220540/http://techmahindra.com/Documents/Financials/financialchart/2010-2011/TechM_Q4_F11_Factsheet.pdf,70.0,https://web.archive.org/web/20120327220540/http://techmahindra.com/Documents/Financials/financialchart/2010-2011/TechM_Q4_F11_Factsheet.pdf,,,,,,,,,,,
techm,2009Q2,227.7,https://web.archive.org/web/20130828234144/http://www.techmahindra.com:80/Documents/Financials/financialchart/2011-2012/Factsheet_Q4F12.pdf,11130.0,https://web.archive.org/web/20130828234144/http://www.techmahindra.com:80/Documents/Financials/financialchart/2011-2012/Factsheet_Q4F12.pdf,,,,,,,25482.0,https://web.archive.org/web/20130828234144/http://www.techmahindra.com:80/Documents/Financials/financialchart/2011-2012/Factsheet_Q4F12.pdf,,,71.0,https://web.archive.org/web/20130828234144/http://www.techmahindra.com:80/Documents/Financials/financialchart/2011-2012/Factsheet_Q4F12.pdf,71.0,https://web.archive.org/web/20130828234144/http://www.techmahindra.com:80/Documents/Financials/financialchart/2011-2012/Factsheet_Q4F12.pdf,,,,,,,,,,,
techm,2009Q3,236.5,https://web.archive.org/web/20130828234144/http://www.techmahindra.com:80/Documents/Financials/financialchart/2011-2012/Factsheet_Q4F12.pdf,11418.0,https://web.archive.org/web/20130828234144/http://www.techmahindra.com:80/Documents/Financials/financialchart/2011-2012/Factsheet_Q4F12.pdf,,,,,,,26515.0,https://web.archive.org/web/20130828234144/http://www.techmahindra.com:80/Documents/Financials/financialchart/2011-2012/Factsheet_Q4F12.pdf,,,75.0,https://web.archive.org/web/20130828234144/http://www.techmahindra.com:80/Documents/Financials/financialchart/2011-2012/Factsheet_Q4F12.pdf,75.0,https://web.archive.org/web/20130828234144/http://www.techmahindra.com:80/Documents/Financials/financialchart/2011-2012/Factsheet_Q4F12.pdf,,,,,,,,,,,
techm,2009Q4,253.8,https://web.archive.org/web/20130828234144/http://www.techmahindra.com:80/Documents/Financials/financialchart/2011-2012/Factsheet_Q4F12.pdf,11873.0,https://web.archive.org/web/20130828234144/http://www.techmahindra.com:80/Documents/Financials/financialchart/2011-2012/Factsheet_Q4F12.pdf,,,,,,,30404.0,https://web.archive.org/web/20130828234144/http://www.techmahindra.com:80/Documents/Financials/financialchart/2011-2012/Factsheet_Q4F12.pdf,,,73.0,https://web.archive.org/web/20130828234144/http://www.techmahindra.com:80/Documents/Financials/financialchart/2011-2012/Factsheet_Q4F12.pdf,73.0,https://web.archive.org/web/20130828234144/http://www.techmahindra.com:80/Documents/Financials/financialchart/2011-2012/Factsheet_Q4F12.pdf,,,,,,,,,,,
techm,2010Q1,258.6,https://web.archive.org/web/20130828234144/http://www.techmahindra.com:80/Documents/Financials/financialchart/2011-2012/Factsheet_Q4F12.pdf,11833.0,https://web.archive.org/web/20130828234144/http://www.techmahindra.com:80/Documents/Financials/financialchart/2011-2012/Factsheet_Q4F12.pdf,,,13.0,https://web.archive.org/web/20120327124245/http://techmahindra.com/Documents/Financials/financialchart/2009-10/TechM_Q4_F10_Consolidated.pdf,,,33524.0,https://web.archive.org/web/20130828234144/http://www.techmahindra.com:80/Documents/Financials/financialchart/2011-2012/Factsheet_Q4F12.pdf,22.0,https://web.archive.org/web/20120327074455/http://techmahindra.com/Documents/Financials/financialchart/2009-10/TechM_Q4_F10_Calltranscripts.pdf,73.0,https://web.archive.org/web/20130828234144/http://www.techmahindra.com:80/Documents/Financials/financialchart/2011-2012/Factsheet_Q4F12.pdf,73.0,https://web.archive.org/web/20130828234144/http://www.techmahindra.com:80/Documents/Financials/financialchart/2011-2012/Factsheet_Q4F12.pdf,,,,,,,,,,,
techm,2010Q2,251.1,https://web.archive.org/web/20130828234144/http://www.techmahindra.com:80/Documents/Financials/financialchart/2011-2012/Factsheet_Q4F12.pdf,11337.0,https://web.archive.org/web/20130828234144/http://www.techmahindra.com:80/Documents/Financials/financialchart/2011-2012/Factsheet_Q4F12.pdf,,,2.0,https://web.archive.org/web/20110919214209/http://www.techmahindra.com:80/Documents/Financials/financialchart/2010-2011/TechM_Q1_F11_Consolidated.pdf,,,35267.0,https://web.archive.org/web/20130828234144/http://www.techmahindra.com:80/Documents/Financials/financialchart/2011-2012/Factsheet_Q4F12.pdf,27.0,https://web.archive.org/web/20120327101802/http://techmahindra.com/Documents/Financials/financialchart/2010-2011/TechM_Q1_F11_Calltranscripts.pdf,69.0,https://web.archive.org/web/20130828234144/http://www.techmahindra.com:80/Documents/Financials/financialchart/2011-2012/Factsheet_Q4F12.pdf,69.0,https://web.archive.org/web/20130828234144/http://www.techmahindra.com:80/Documents/Financials/financialchart/2011-2012/Factsheet_Q4F12.pdf,,,,,,,,,,,
techm,2010Q3,328.2,https://web.archive.org/web/20130828234144/http://www.techmahindra.com:80/Documents/Financials/financialchart/2011-2012/Factsheet_Q4F12.pdf,15339.0,https://web.archive.org/web/20130828234144/http://www.techmahindra.com:80/Documents/Financials/financialchart/2011-2012/Factsheet_Q4F12.pdf,,,,,,,34007.0,https://web.archive.org/web/20130828234144/http://www.techmahindra.com:80/Documents/Financials/financialchart/2011-2012/Factsheet_Q4F12.pdf,30.0,https://web.archive.org/web/20120327221902/http://techmahindra.com/Documents/Financials/financialchart/2010-2011/TechM_Q2_F11_Calltranscripts.pdf,75.0,https://web.archive.org/web/20130828234144/http://www.techmahindra.com:80/Documents/Financials/financialchart/2011-2012/Factsheet_Q4F12.pdf,75.0,https://web.archive.org/web/20130828234144/http://www.techmahindra.com:80/Documents/Financials/financialchart/2011-2012/Factsheet_Q4F12.pdf,,,,,,,,,,,
techm,2010Q4,268.9,https://web.archive.org/web/20130828234144/http://www.techmahindra.com:80/Documents/Financials/financialchart/2011-2012/Factsheet_Q4F12.pdf,12111.0,https://web.archive.org/web/20130828234144/http://www.techmahindra.com:80/Documents/Financials/financialchart/2011-2012/Factsheet_Q4F12.pdf,,,,,,,34208.0,https://web.archive.org/web/20130828234144/http://www.techmahindra.com:80/Documents/Financials/financialchart/2011-2012/Factsheet_Q4F12.pdf,,,76.0,https://web.archive.org/web/20130828234144/http://www.techmahindra.com:80/Documents/Financials/financialchart/2011-2012/Factsheet_Q4F12.pdf,76.0,https://web.archive.org/web/20130828234144/http://www.techmahindra.com:80/Documents/Financials/financialchart/2011-2012/Factsheet_Q4F12.pdf,,,,,,,,,,,
techm,2011Q1,278.5,https://web.archive.org/web/20130828234144/http://www.techmahindra.com:80/Documents/Financials/financialchart/2011-2012/Factsheet_Q4F12.pdf,12615.0,https://web.archive.org/web/20130828234144/http://www.techmahindra.com:80/Documents/Financials/financialchart/2011-2012/Factsheet_Q4F12.pdf,,,,,,,38333.0,https://web.archive.org/web/20130828234144/http://www.techmahindra.com:80/Documents/Financials/financialchart/2011-2012/Factsheet_Q4F12.pdf,25.0,https://web.archive.org/web/20111216071548/http://www.techmahindra.com:80/Documents/Financials/AnnualReports/TML_Annual_Report_2010_2011.pdf,74.0,https://web.archive.org/web/20130828234144/http://www.techmahindra.com:80/Documents/Financials/financialchart/2011-2012/Factsheet_Q4F12.pdf,74.0,https://web.archive.org/web/20130828234144/http://www.techmahindra.com:80/Documents/Financials/financialchart/2011-2012/Factsheet_Q4F12.pdf,,,,,,,,,,,
techm,2011Q2,289.8,https://web.archive.org/web/20130828234144/http://www.techmahindra.com:80/Documents/Financials/financialchart/2011-2012/Factsheet_Q4F12.pdf,12925.0,https://web.archive.org/web/20130828234144/http://www.techmahindra.com:80/Documents/Financials/financialchart/2011-2012/Factsheet_Q4F12.pdf,,,14.0,https://web.archive.org/web/20120327221042/http://techmahindra.com/Documents/Financials/financialchart/2011-2012/TechM_Q1_F12_Consolidated.pdf,,,42850.0,https://web.archive.org/web/20130828234144/http://www.techmahindra.com:80/Documents/Financials/financialchart/2011-2012/Factsheet_Q4F12.pdf,,,71.0,https://web.archive.org/web/20130828234144/http://www.techmahindra.com:80/Documents/Financials/financialchart/2011-2012/Factsheet_Q4F12.pdf,71.0,https://web.archive.org/web/20130828234144/http://www.techmahindra.com:80/Documents/Financials/financialchart/2011-2012/Factsheet_Q4F12.pdf,,,,,,,,,,,
techm,2011Q3,296.2,https://web.archive.org/web/20130828234144/http://www.techmahindra.com:80/Documents/Financials/financialchart/2011-2012/Factsheet_Q4F12.pdf,13333.0,https://web.archive.org/web/20130828234144/http://www.techmahindra.com:80/Documents/Financials/financialchart/2011-2012/Factsheet_Q4F12.pdf,,,,,,,43657.0,https://web.archive.org/web/20130828234144/http://www.techmahindra.com:80/Documents/Financials/financialchart/2011-2012/Factsheet_Q4F12.pdf,,,72.0,https://web.archive.org/web/20130828234144/http://www.techmahindra.com:80/Documents/Financials/financialchart/2011-2012/Factsheet_Q4F12.pdf,72.0,https://web.archive.org/web/20130828234144/http://www.techmahindra.com:80/Documents/Financials/financialchart/2011-2012/Factsheet_Q4F12.pdf,,,,,,,,,,,
techm,2011Q4,288.7,https://web.archive.org/web/20130828234144/http://www.techmahindra.com:80/Documents/Financials/financialchart/2011-2012/Factsheet_Q4F12.pdf,14449.0,https://web.archive.org/web/20130828234144/http://www.techmahindra.com:80/Documents/Financials/financialchart/2011-2012/Factsheet_Q4F12.pdf,,,19.0,https://web.archive.org/web/20130828234208/http://www.techmahindra.com:80/Documents/Financials/financialchart/2011-2012/Consolidated_Q3F12.pdf,,,42746.0,https://web.archive.org/web/20130828234144/http://www.techmahindra.com:80/Documents/Financials/financialchart/2011-2012/Factsheet_Q4F12.pdf,20.0,https://web.archive.org/web/20130828234123/http://www.techmahindra.com:80/Documents/Financials/financialchart/2011-2012/Calltranscripts_Q3F12.pdf,73.0,https://web.archive.org/web/20130828234144/http://www.techmahindra.com:80/Documents/Financials/financialchart/2011-2012/Factsheet_Q4F12.pdf,73.0,https://web.archive.org/web/20130828234144/http://www.techmahindra.com:80/Documents/Financials/financialchart/2011-2012/Factsheet_Q4F12.pdf,,,,,,,,,,,
techm,2012Q1,281.6,https://web.archive.org/web/20130828234144/http://www.techmahindra.com:80/Documents/Financials/financialchart/2011-2012/Factsheet_Q4F12.pdf,14190.0,https://web.archive.org/web/20130828234144/http://www.techmahindra.com:80/Documents/Financials/financialchart/2011-2012/Factsheet_Q4F12.pdf,,,12.0,https://web.archive.org/web/20130828234219/http://www.techmahindra.com:80/Documents/Financials/financialchart/2011-2012/Consolidated_Q4F12.pdf,,,40763.0,https://web.archive.org/web/20130828234144/http://www.techmahindra.com:80/Documents/Financials/financialchart/2011-2012/Factsheet_Q4F12.pdf,19.0,https://web.archive.org/web/20130828234132/http://www.techmahindra.com:80/Documents/Financials/financialchart/2011-2012/Calltranscripts_Q4F12.pdf,74.0,https://web.archive.org/web/20130828234144/http://www.techmahindra.com:80/Documents/Financials/financialchart/2011-2012/Factsheet_Q4F12.pdf,74.0,https://web.archive.org/web/20130828234144/http://www.techmahindra.com:80/Documents/Financials/financialchart/2011-2012/Factsheet_Q4F12.pdf,,,,,,,,,,,
techm,2015Q2,989.1,https://insights.techmahindra.com/investors/Tech-Mahindra-FactSheet-Q4-FY17.pdf,62938.0,https://insights.techmahindra.com/investors/Tech-Mahindra-FactSheet-Q4-FY17.pdf,,,,,,,103673.0,https://insights.techmahindra.com/investors/Tech-Mahindra-FactSheet-Q4-FY17.pdf,19.0,https://insights.techmahindra.com/investors/Tech-Mahindra-FactSheet-Q4-FY17.pdf,74.0,https://insights.techmahindra.com/investors/Tech-Mahindra-FactSheet-Q4-FY17.pdf,74.0,https://insights.techmahindra.com/investors/Tech-Mahindra-FactSheet-Q4-FY17.pdf,75.0,https://insights.techmahindra.com/investors/Tech-Mahindra-FactSheet-Q4-FY17.pdf,9135.6,https://insights.techmahindra.com/investors/Tech_Mahindra_Consolidated_Q117.pdf,,,,,,,14.515237217579205
techm,2015Q3,1011.0,https://insights.techmahindra.com/investors/Tech-Mahindra-FactSheet-Q4-FY17.pdf,66155.0,https://insights.techmahindra.com/investors/Tech-Mahindra-FactSheet-Q4-FY17.pdf,,,,,,,105235.0,https://insights.techmahindra.com/investors/Tech-Mahindra-FactSheet-Q4-FY17.pdf,20.0,https://insights.techmahindra.com/investors/Tech-Mahindra-FactSheet-Q4-FY17.pdf,77.0,https://insights.techmahindra.com/investors/Tech-Mahindra-FactSheet-Q4-FY17.pdf,77.0,https://insights.techmahindra.com/investors/Tech-Mahindra-FactSheet-Q4-FY17.pdf,79.0,https://insights.techmahindra.com/investors/Tech-Mahindra-FactSheet-Q4-FY17.pdf,9051.9,https://insights.techmahindra.com/investors/Tech-Mahindra-Consolidated-Q2-FY17.pdf,,,,,,,13.682865996523317
techm,2015Q4,1014.7,https://insights.techmahindra.com/investors/Tech-Mahindra-FactSheet-Q4-FY17.pdf,67011.0,https://insights.techmahindra.com/investors/Tech-Mahindra-FactSheet-Q4-FY17.pdf,,,,,,,107137.0,https://insights.techmahindra.com/investors/Tech-Mahindra-FactSheet-Q4-FY17.pdf,20.0,https://insights.techmahindra.com/investors/Tech-Mahindra-FactSheet-Q4-FY17.pdf,77.0,https://insights.techmahindra.com/investors/Tech-Mahindra-FactSheet-Q4-FY17.pdf,77.0,https://insights.techmahindra.com/investors/Tech-Mahindra-FactSheet-Q4-FY17.pdf,80.0,https://insights.techmahindra.com/investors/Tech-Mahindra-FactSheet-Q4-FY17.pdf,9144.4,https://insights.techmahindra.com/investors/Tech-Mahindra-Consolidated-Q3-FY17.pdf,,,,,,,13.646117801554968
techm,2016Q1,1022.6,https://insights.techmahindra.com/investors/Tech-Mahindra-FactSheet-Q4-FY17.pdf,68837.3,https://insights.techmahindra.com/investors/Tech-Mahindra-Consolidated-Q4-FY17.pdf,,,,,,,105432.0,https://insights.techmahindra.com/investors/Tech-Mahindra-FactSheet-Q4-FY17.pdf,21.0,https://insights.techmahindra.com/investors/Tech-Mahindra-FactSheet-Q4-FY17.pdf,77.0,https://insights.techmahindra.com/investors/Tech-Mahindra-FactSheet-Q4-FY17.pdf,77.0,https://insights.techmahindra.com/investors/Tech-Mahindra-FactSheet-Q4-FY17.pdf,80.0,https://insights.techmahindra.com/investors/Tech-Mahindra-FactSheet-Q4-FY17.pdf,8394.8,https://insights.techmahindra.com/investors/Tech-Mahindra-Consolidated-Q4-FY17.pdf,,,,,,,12.195132580737475
techm,2016Q2,1031.47,https://insights.techmahindra.com/investors/tml-q1-fy-27-datasheet.xlsx,69209.34,https://insights.techmahindra.com/investors/tml-q1-fy-27-datasheet.xlsx,,,4.3,https://insights.techmahindra.com/investors/Tech_Mahindra_PressRelease_Q117.pdf,,,107216.0,https://insights.techmahindra.com/investors/tml-q1-fy-27-datasheet.xlsx,20.693,https://insights.techmahindra.com/investors/tml-q1-fy-27-datasheet.xlsx,78.0,https://insights.techmahindra.com/investors/tml-q1-fy-27-datasheet.xlsx,78.0,https://insights.techmahindra.com/investors/tml-q1-fy-27-datasheet.xlsx,80.0,https://insights.techmahindra.com/investors/tml-q1-fy-27-datasheet.xlsx,8719.2,https://insights.techmahindra.com/investors/Tech-Mahindra-Consolidated-Q1-FY18.pdf,,,,,,,12.598299593667562
techm,2016Q3,1072.38,https://insights.techmahindra.com/investors/tml-q1-fy-27-datasheet.xlsx,71674.1,https://insights.techmahindra.com/investors/tml-q1-fy-27-datasheet.xlsx,7.5,https://insights.techmahindra.com/investors/Tech-Mahindra-Press-Release-Q2-FY17.pdf,6.1,https://insights.techmahindra.com/investors/Tech-Mahindra-Press-Release-Q2-FY17.pdf,5.0,https://insights.techmahindra.com/investors/Tech-Mahindra-Press-Release-Q2-FY17.pdf,112886.0,https://insights.techmahindra.com/investors/tml-q1-fy-27-datasheet.xlsx,19.037,https://insights.techmahindra.com/investors/tml-q1-fy-27-datasheet.xlsx,78.4,https://insights.techmahindra.com/investors/tml-q1-fy-27-datasheet.xlsx,78.4,https://insights.techmahindra.com/investors/tml-q1-fy-27-datasheet.xlsx,82.3,https://insights.techmahindra.com/investors/tml-q1-fy-27-datasheet.xlsx,8743.6,https://insights.techmahindra.com/investors/Tech-Mahindra-Consolidated-Q2-FY18.pdf,,,,,,,12.199106790318957
techm,2016Q4,1116.09,https://insights.techmahindra.com/investors/tml-q1-fy-27-datasheet.xlsx,75575.03,https://insights.techmahindra.com/investors/tml-q1-fy-27-datasheet.xlsx,12.0,https://insights.techmahindra.com/investors/Tech-Mahindra-Press-Release-Q3-FY17.pdf,10.0,https://insights.techmahindra.com/investors/Tech-Mahindra-Press-Release-Q3-FY17.pdf,5.4,https://insights.techmahindra.com/investors/Tech-Mahindra-Press-Release-Q3-FY17.pdf,117095.0,https://insights.techmahindra.com/investors/tml-q1-fy-27-datasheet.xlsx,17.742,https://insights.techmahindra.com/investors/tml-q1-fy-27-datasheet.xlsx,77.0,https://insights.techmahindra.com/investors/tml-q1-fy-27-datasheet.xlsx,77.0,https://insights.techmahindra.com/investors/tml-q1-fy-27-datasheet.xlsx,83.0,https://insights.techmahindra.com/investors/tml-q1-fy-27-datasheet.xlsx,8946.4,https://insights.techmahindra.com/investors/Q3-FY18-Consol-Results.pdf,,,,,,,11.837772343590204
techm,2017Q1,1131.16,https://insights.techmahindra.com/investors/tml-q1-fy-27-datasheet.xlsx,74949.94,https://insights.techmahindra.com/investors/tml-q1-fy-27-datasheet.xlsx,12.1,https://insights.techmahindra.com/investors/Tech-Mahindra-Press-Release-Q4-FY17.PDF,10.6,https://insights.techmahindra.com/investors/Tech-Mahindra-Press-Release-Q4-FY17.PDF,0.9,https://insights.techmahindra.com/investors/Tech-Mahindra-Press-Release-Q4-FY17.PDF,117693.0,https://insights.techmahindra.com/investors/tml-q1-fy-27-datasheet.xlsx,16.516,https://insights.techmahindra.com/investors/tml-q1-fy-27-datasheet.xlsx,76.865,https://insights.techmahindra.com/investors/tml-q1-fy-27-datasheet.xlsx,76.865,https://insights.techmahindra.com/investors/tml-q1-fy-27-datasheet.xlsx,80.616,https://insights.techmahindra.com/investors/tml-q1-fy-27-datasheet.xlsx,9702.5,https://insights.techmahindra.com/investors/Q4-FY18-Consol-Results.pdf,,,,,,,12.945307227730936
techm,2017Q2,1138.14,https://insights.techmahindra.com/investors/tml-q1-fy-27-datasheet.xlsx,73361.02,https://insights.techmahindra.com/investors/tml-q1-fy-27-datasheet.xlsx,,,10.3,https://insights.techmahindra.com/investors/Tech-Mahindra-Press-Release-Q1-FY18.PDF,,,115980.0,https://insights.techmahindra.com/investors/tml-q1-fy-27-datasheet.xlsx,16.517,https://insights.techmahindra.com/investors/tml-q1-fy-27-datasheet.xlsx,77.0,https://insights.techmahindra.com/investors/tml-q1-fy-27-datasheet.xlsx,77.0,https://insights.techmahindra.com/investors/tml-q1-fy-27-datasheet.xlsx,80.7,https://insights.techmahindra.com/investors/tml-q1-fy-27-datasheet.xlsx,9089.4,https://insights.techmahindra.com/investors/Q1-FY19-Consol-Results.pdf,,,,,,,12.389958591088291
techm,2017Q3,1179.16,https://insights.techmahindra.com/investors/tml-q1-fy-27-datasheet.xlsx,76063.32,https://insights.techmahindra.com/investors/tml-q1-fy-27-datasheet.xlsx,,,10.0,https://insights.techmahindra.com/investors/Tech-Mahindra-Press-Release-Q2-FY18.pdf,2.3,https://insights.techmahindra.com/investors/Earnings-Call-Transcript-Q2-FY18.pdf,117225.0,https://insights.techmahindra.com/investors/tml-q1-fy-27-datasheet.xlsx,16.407,https://insights.techmahindra.com/investors/tml-q1-fy-27-datasheet.xlsx,80.622,https://insights.techmahindra.com/investors/tml-q1-fy-27-datasheet.xlsx,80.622,https://insights.techmahindra.com/investors/tml-q1-fy-27-datasheet.xlsx,80.637,https://insights.techmahindra.com/investors/tml-q1-fy-27-datasheet.xlsx,9371.8,https://insights.techmahindra.com/investors/Q2-F19-Consolidated-Results.pdf,,,,,,,12.321050409053928
techm,2017Q4,1209.12,https://insights.techmahindra.com/investors/tml-q1-fy-27-datasheet.xlsx,77759.56,https://insights.techmahindra.com/investors/tml-q1-fy-27-datasheet.xlsx,,,8.3,https://insights.techmahindra.com/investors/Q3-fy18-pr.pdf,,,115241.0,https://insights.techmahindra.com/investors/tml-q1-fy-27-datasheet.xlsx,16.914,https://insights.techmahindra.com/investors/tml-q1-fy-27-datasheet.xlsx,83.0,https://insights.techmahindra.com/investors/tml-q1-fy-27-datasheet.xlsx,83.0,https://insights.techmahindra.com/investors/tml-q1-fy-27-datasheet.xlsx,83.0,https://insights.techmahindra.com/investors/tml-q1-fy-27-datasheet.xlsx,9779.0,https://insights.techmahindra.com/investors/Q3-Fy19-Consolidated-Results.pdf,,,,,,,12.575945645782976
techm,2018Q1,1244.34,https://insights.techmahindra.com/investors/tml-q1-fy-27-datasheet.xlsx,80544.92,https://insights.techmahindra.com/investors/tml-q1-fy-27-datasheet.xlsx,,,10.0,https://insights.techmahindra.com/investors/Q4-fy18-pr.pdf,1.7,https://insights.techmahindra.com/investors/Q4-FY18-call-transcript.pdf,112807.0,https://insights.techmahindra.com/investors/tml-q1-fy-27-datasheet.xlsx,18.085,https://insights.techmahindra.com/investors/tml-q1-fy-27-datasheet.xlsx,83.822,https://insights.techmahindra.com/investors/tml-q1-fy-27-datasheet.xlsx,83.822,https://insights.techmahindra.com/investors/tml-q1-fy-27-datasheet.xlsx,83.973,https://insights.techmahindra.com/investors/tml-q1-fy-27-datasheet.xlsx,10639.0,https://insights.techmahindra.com/investors/Q4-Fy19-Consolidated-Results.pdf,,,,,,,13.208778405888292
techm,2018Q2,1224.06,https://insights.techmahindra.com/investors/tml-q1-fy-27-datasheet.xlsx,82762.77,https://insights.techmahindra.com/investors/tml-q1-fy-27-datasheet.xlsx,,,7.5,https://insights.techmahindra.com/investors/Q1-fy19-pr.pdf,0.3,https://insights.techmahindra.com/investors/Q1-fy19-pr.pdf,113552.0,https://insights.techmahindra.com/investors/tml-q1-fy-27-datasheet.xlsx,19.0,https://insights.techmahindra.com/investors/tml-q1-fy-27-datasheet.xlsx,81.3,https://insights.techmahindra.com/investors/tml-q1-fy-27-datasheet.xlsx,81.3,https://insights.techmahindra.com/investors/tml-q1-fy-27-datasheet.xlsx,83.807,https://insights.techmahindra.com/investors/tml-q1-fy-27-datasheet.xlsx,9704.0,https://insights.techmahindra.com/investors/Q1-FY20-Consol-Results.pdf,264.7,https://insights.techmahindra.com/investors/tml-q1-fy-27-datasheet.xlsx,,,,,11.725078800528305
techm,2018Q3,1218.19,https://insights.techmahindra.com/investors/tml-q1-fy-27-datasheet.xlsx,86298.49,https://insights.techmahindra.com/investors/tml-q1-fy-27-datasheet.xlsx,,,3.3,https://insights.techmahindra.com/investors/Q2-fy19-pr.pdf,0.4,https://insights.techmahindra.com/investors/Q2-fy19-pr.pdf,118391.0,https://insights.techmahindra.com/investors/tml-q1-fy-27-datasheet.xlsx,20.021,https://insights.techmahindra.com/investors/tml-q1-fy-27-datasheet.xlsx,81.1,https://insights.techmahindra.com/investors/tml-q1-fy-27-datasheet.xlsx,81.1,https://insights.techmahindra.com/investors/tml-q1-fy-27-datasheet.xlsx,82.7,https://insights.techmahindra.com/investors/tml-q1-fy-27-datasheet.xlsx,11154.0,https://insights.techmahindra.com/investors/Q2-FY20-Consol-Results.pdf,554.3,https://insights.techmahindra.com/investors/tml-q1-fy-27-datasheet.xlsx,,,,,12.924907492587645
techm,2018Q4,1260.75,https://insights.techmahindra.com/investors/tml-q1-fy-27-datasheet.xlsx,89437.14,https://insights.techmahindra.com/investors/tml-q1-fy-27-datasheet.xlsx,,,4.3,https://insights.techmahindra.com/investors/Q3-FY19-earnings-PR.pdf,4.3,https://insights.techmahindra.com/investors/Q3-FY19-earnings-PR.pdf,121842.0,https://insights.techmahindra.com/investors/tml-q1-fy-27-datasheet.xlsx,20.835,https://insights.techmahindra.com/investors/tml-q1-fy-27-datasheet.xlsx,82.462,https://insights.techmahindra.com/investors/tml-q1-fy-27-datasheet.xlsx,82.462,https://insights.techmahindra.com/investors/tml-q1-fy-27-datasheet.xlsx,83.234,https://insights.techmahindra.com/investors/tml-q1-fy-27-datasheet.xlsx,10900.0,https://insights.techmahindra.com/investors/TML-Q3-FY-20-Consolidated-Results.pdf,440.0,https://insights.techmahindra.com/investors/tml-q1-fy-27-datasheet.xlsx,,,,,12.187330677166107
techm,2019Q1,1267.52,https://insights.techmahindra.com/investors/tml-q1-fy-27-datasheet.xlsx,88922.93,https://insights.techmahindra.com/investors/tml-q1-fy-27-datasheet.xlsx,,,1.9,https://insights.techmahindra.com/investors/Q4-FY19-earnings-PR.pdf,,,121082.0,https://insights.techmahindra.com/investors/tml-q1-fy-27-datasheet.xlsx,20.8,https://insights.techmahindra.com/investors/tml-q1-fy-27-datasheet.xlsx,81.8,https://insights.techmahindra.com/investors/tml-q1-fy-27-datasheet.xlsx,81.8,https://insights.techmahindra.com/investors/tml-q1-fy-27-datasheet.xlsx,81.9,https://insights.techmahindra.com/investors/tml-q1-fy-27-datasheet.xlsx,11739.0,https://insights.techmahindra.com/investors/TML-Q4-FY-20-Consolidated-Results.pdf,407.9,https://insights.techmahindra.com/investors/tml-q1-fy-27-datasheet.xlsx,,,,,13.201319389723214
techm,2019Q2,1247.12,https://insights.techmahindra.com/investors/tml-q1-fy-27-datasheet.xlsx,86530.29,https://insights.techmahindra.com/investors/tml-q1-fy-27-datasheet.xlsx,3.7,https://insights.techmahindra.com/investors/Q1-fy20-pr.pdf,1.9,https://insights.techmahindra.com/investors/Q1-fy20-pr.pdf,,,125773.0,https://insights.techmahindra.com/investors/tml-q1-fy-27-datasheet.xlsx,20.794,https://insights.techmahindra.com/investors/tml-q1-fy-27-datasheet.xlsx,80.0,https://insights.techmahindra.com/investors/tml-q1-fy-27-datasheet.xlsx,80.0,https://insights.techmahindra.com/investors/tml-q1-fy-27-datasheet.xlsx,81.554,https://insights.techmahindra.com/investors/tml-q1-fy-27-datasheet.xlsx,12197.0,https://insights.techmahindra.com/investors/tml-q1-fy-21-consolidated-results.pdf,475.0,https://insights.techmahindra.com/investors/tml-q1-fy-27-datasheet.xlsx,,,,,14.095642115610616
techm,2019Q3,1287.22,https://insights.techmahindra.com/investors/tml-q1-fy-27-datasheet.xlsx,90698.86,https://insights.techmahindra.com/investors/tml-q1-fy-27-datasheet.xlsx,7.3,https://insights.techmahindra.com/investors/Q2-FY20-call-transcript.pdf,,,4.1,https://insights.techmahindra.com/investors/Q2-fy20-pr.pdf,131522.0,https://insights.techmahindra.com/investors/tml-q1-fy-27-datasheet.xlsx,20.857,https://insights.techmahindra.com/investors/tml-q1-fy-27-datasheet.xlsx,81.9,https://insights.techmahindra.com/investors/tml-q1-fy-27-datasheet.xlsx,81.9,https://insights.techmahindra.com/investors/tml-q1-fy-27-datasheet.xlsx,82.785,https://insights.techmahindra.com/investors/tml-q1-fy-27-datasheet.xlsx,13687.0,https://insights.techmahindra.com/investors/tml-q2-fy-21-consolidated-results.pdf,1493.0,https://insights.techmahindra.com/investors/tml-q1-fy-27-datasheet.xlsx,,,,,15.090597610598413
techm,2019Q4,1352.98,https://insights.techmahindra.com/investors/tml-q1-fy-27-datasheet.xlsx,96545.97,https://insights.techmahindra.com/investors/tml-q1-fy-27-datasheet.xlsx,,,,,4.3,https://insights.techmahindra.com/investors/TML-Q3-FY-20-Press-Release.pdf,130839.0,https://insights.techmahindra.com/investors/tml-q1-fy-27-datasheet.xlsx,19.7,https://insights.techmahindra.com/investors/tml-q1-fy-27-datasheet.xlsx,84.124,https://insights.techmahindra.com/investors/tml-q1-fy-27-datasheet.xlsx,84.124,https://insights.techmahindra.com/investors/tml-q1-fy-27-datasheet.xlsx,85.402,https://insights.techmahindra.com/investors/tml-q1-fy-27-datasheet.xlsx,15766.0,https://insights.techmahindra.com/investors/tml-q3-fy-21-consolidated-results.pdf,1231.0,https://insights.techmahindra.com/investors/tml-q1-fy-27-datasheet.xlsx,,,,,16.33004464091044
techm,2020Q1,1294.55,https://insights.techmahindra.com/investors/tml-q1-fy-27-datasheet.xlsx,94901.67,https://insights.techmahindra.com/investors/tml-q1-fy-27-datasheet.xlsx,,,,,-3.3,https://insights.techmahindra.com/investors/TML-Q4-FY-20-Press-Release.pdf,125236.0,https://insights.techmahindra.com/investors/tml-q1-fy-27-datasheet.xlsx,19.1,https://insights.techmahindra.com/investors/tml-q1-fy-27-datasheet.xlsx,83.161,https://insights.techmahindra.com/investors/tml-q1-fy-27-datasheet.xlsx,83.161,https://insights.techmahindra.com/investors/tml-q1-fy-27-datasheet.xlsx,83.515,https://insights.techmahindra.com/investors/tml-q1-fy-27-datasheet.xlsx,12758.0,https://insights.techmahindra.com/investors/tml-q4-fy-21-consolidated-results.pdf,513.0,https://insights.techmahindra.com/investors/tml-q1-fy-27-datasheet.xlsx,,,,,13.443388298646378
techm,2020Q2,1207.47,https://insights.techmahindra.com/investors/tml-q1-fy-27-datasheet.xlsx,91063.49,https://insights.techmahindra.com/investors/tml-q1-fy-27-datasheet.xlsx,-1.8,https://insights.techmahindra.com/investors/tml-q1-fy-21-fact-sheet.pdf,-3.2,https://insights.techmahindra.com/investors/tml-q1-fy-21-fact-sheet.pdf,-6.3,https://insights.techmahindra.com/investors/tml-q1-fy-21-fact-sheet.pdf,123416.0,https://insights.techmahindra.com/investors/tml-q1-fy-27-datasheet.xlsx,16.6,https://insights.techmahindra.com/investors/tml-q1-fy-27-datasheet.xlsx,81.7,https://insights.techmahindra.com/investors/tml-q1-fy-27-datasheet.xlsx,81.7,https://insights.techmahindra.com/investors/tml-q1-fy-27-datasheet.xlsx,81.8,https://insights.techmahindra.com/investors/tml-q1-fy-27-datasheet.xlsx,13161.0,https://insights.techmahindra.com/investors/tml-q1-fy-22-consolidated-results.pdf,290.0,https://insights.techmahindra.com/investors/tml-q1-fy-27-datasheet.xlsx,,,,,14.45255392693603
techm,2020Q3,1265.38,https://insights.techmahindra.com/investors/tml-q1-fy-27-datasheet.xlsx,93717.58,https://insights.techmahindra.com/investors/tml-q1-fy-27-datasheet.xlsx,-3.0,https://insights.techmahindra.com/investors/tml-q2-fy-21-fact-sheet.pdf,-1.7,https://insights.techmahindra.com/investors/tml-q2-fy-21-fact-sheet.pdf,2.9,https://insights.techmahindra.com/investors/tml-q2-fy-21-fact-sheet.pdf,124258.0,https://insights.techmahindra.com/investors/tml-q1-fy-27-datasheet.xlsx,13.5,https://insights.techmahindra.com/investors/tml-q1-fy-27-datasheet.xlsx,85.0,https://insights.techmahindra.com/investors/tml-q1-fy-27-datasheet.xlsx,85.0,https://insights.techmahindra.com/investors/tml-q1-fy-27-datasheet.xlsx,85.0,https://insights.techmahindra.com/investors/tml-q1-fy-27-datasheet.xlsx,12218.0,https://insights.techmahindra.com/investors/tml-q2-fy-22-consolidated-results.pdf,421.2,https://insights.techmahindra.com/investors/tml-q1-fy-27-datasheet.xlsx,,,,,13.037041716186014
techm,2020Q4,1308.65,https://insights.techmahindra.com/investors/tml-q1-fy-27-datasheet.xlsx,96470.62,https://insights.techmahindra.com/investors/tml-q1-fy-27-datasheet.xlsx,-4.6,https://insights.techmahindra.com/investors/tml-q3-fy-21-fact-sheet.pdf,-3.3,https://insights.techmahindra.com/investors/tml-q3-fy-21-fact-sheet.pdf,2.8,https://insights.techmahindra.com/investors/tml-q3-fy-21-fact-sheet.pdf,121901.0,https://insights.techmahindra.com/investors/tml-q1-fy-27-datasheet.xlsx,12.4,https://insights.techmahindra.com/investors/tml-q1-fy-27-datasheet.xlsx,87.0,https://insights.techmahindra.com/investors/tml-q1-fy-27-datasheet.xlsx,87.0,https://insights.techmahindra.com/investors/tml-q1-fy-27-datasheet.xlsx,87.0,https://insights.techmahindra.com/investors/tml-q1-fy-27-datasheet.xlsx,11997.0,https://insights.techmahindra.com/investors/tml-q3-fy-22-consolidated-results.pdf,455.49,https://insights.techmahindra.com/investors/tml-q1-fy-27-datasheet.xlsx,,,,,12.43591053939531
techm,2021Q1,1329.57,https://insights.techmahindra.com/investors/tml-q1-fy-27-datasheet.xlsx,97299.12,https://insights.techmahindra.com/investors/tml-q1-fy-27-datasheet.xlsx,-0.5,https://insights.techmahindra.com/investors/tml-q4-fy-21-fact-sheet.pdf,2.7,https://insights.techmahindra.com/investors/tml-q4-fy-21-fact-sheet.pdf,0.7,https://insights.techmahindra.com/investors/tml-q4-fy-21-fact-sheet.pdf,121054.0,https://insights.techmahindra.com/investors/tml-q1-fy-27-datasheet.xlsx,13.3,https://insights.techmahindra.com/investors/tml-q1-fy-27-datasheet.xlsx,87.4,https://insights.techmahindra.com/investors/tml-q1-fy-27-datasheet.xlsx,87.4,https://insights.techmahindra.com/investors/tml-q1-fy-27-datasheet.xlsx,87.4,https://insights.techmahindra.com/investors/tml-q1-fy-27-datasheet.xlsx,12367.0,https://insights.techmahindra.com/investors/tml-q4-fy-22-consolidated-results.pdf,1043.0,https://insights.techmahindra.com/investors/tml-q1-fy-27-datasheet.xlsx,,,,,12.710289671684595
techm,2021Q2,1383.6,https://insights.techmahindra.com/investors/tml-q1-fy-27-datasheet.xlsx,101975.69,https://insights.techmahindra.com/investors/tml-q1-fy-27-datasheet.xlsx,10.8,https://insights.techmahindra.com/investors/tml-q1-fy-22-fact-sheet.pdf,14.6,https://insights.techmahindra.com/investors/tml-q1-fy-22-fact-sheet.pdf,3.9,https://insights.techmahindra.com/investors/tml-q1-fy-22-fact-sheet.pdf,126263.0,https://insights.techmahindra.com/investors/tml-q1-fy-27-datasheet.xlsx,17.2,https://insights.techmahindra.com/investors/tml-q1-fy-27-datasheet.xlsx,87.994,https://insights.techmahindra.com/investors/tml-q1-fy-27-datasheet.xlsx,87.994,https://insights.techmahindra.com/investors/tml-q1-fy-27-datasheet.xlsx,88.6,https://insights.techmahindra.com/investors/tml-q1-fy-27-datasheet.xlsx,15092.0,https://insights.techmahindra.com/investors/tml-q1-fy-23-consolidated-results.pdf,815.0,https://insights.techmahindra.com/investors/tml-q1-fy-27-datasheet.xlsx,,,,,14.799605670724072
techm,2021Q3,1472.58,https://insights.techmahindra.com/investors/tml-q1-fy-27-datasheet.xlsx,108813.29,https://insights.techmahindra.com/investors/tml-q1-fy-27-datasheet.xlsx,15.5,https://insights.techmahindra.com/investors/tml-q2-fy-22-fact-sheet.pdf,16.4,https://insights.techmahindra.com/investors/tml-q2-fy-22-fact-sheet.pdf,7.2,https://insights.techmahindra.com/investors/tml-q2-fy-22-fact-sheet.pdf,141193.0,https://insights.techmahindra.com/investors/tml-q1-fy-27-datasheet.xlsx,21.2,https://insights.techmahindra.com/investors/tml-q1-fy-27-datasheet.xlsx,86.869,https://insights.techmahindra.com/investors/tml-q1-fy-27-datasheet.xlsx,86.869,https://insights.techmahindra.com/investors/tml-q1-fy-27-datasheet.xlsx,89.264,https://insights.techmahindra.com/investors/tml-q1-fy-27-datasheet.xlsx,16672.0,https://insights.techmahindra.com/investors/tml-q2-fy-23-consolidated-results.pdf,750.0,https://insights.techmahindra.com/investors/tml-q1-fy-27-datasheet.xlsx,,,,,15.321657859991184
techm,2021Q4,1533.48,https://insights.techmahindra.com/investors/tml-q1-fy-27-datasheet.xlsx,114507.9,https://insights.techmahindra.com/investors/tml-q1-fy-27-datasheet.xlsx,17.5,https://insights.techmahindra.com/investors/tml-q3-fy-22-fact-sheet.pdf,17.2,https://insights.techmahindra.com/investors/tml-q3-fy-22-fact-sheet.pdf,4.7,https://insights.techmahindra.com/investors/tml-q3-fy-22-fact-sheet.pdf,145067.0,https://insights.techmahindra.com/investors/tml-q1-fy-27-datasheet.xlsx,23.5,https://insights.techmahindra.com/investors/tml-q1-fy-27-datasheet.xlsx,84.0,https://insights.techmahindra.com/investors/tml-q1-fy-27-datasheet.xlsx,84.0,https://insights.techmahindra.com/investors/tml-q1-fy-27-datasheet.xlsx,86.0,https://insights.techmahindra.com/investors/tml-q1-fy-27-datasheet.xlsx,18742.0,https://insights.techmahindra.com/investors/tml-q3-fy-23-consolidated-results.pdf,704.0,https://insights.techmahindra.com/investors/tml-q1-fy-27-datasheet.xlsx,,,,,16.367429670791275
techm,2022Q1,1608.14,https://insights.techmahindra.com/investors/tml-q1-fy-27-datasheet.xlsx,121162.76,https://insights.techmahindra.com/investors/tml-q1-fy-27-datasheet.xlsx,22.6,https://insights.techmahindra.com/investors/tml-q4-fy-22-fact-sheet.pdf,21.0,https://insights.techmahindra.com/investors/tml-q4-fy-22-fact-sheet.pdf,5.4,https://insights.techmahindra.com/investors/tml-q4-fy-22-fact-sheet.pdf,151173.0,https://insights.techmahindra.com/investors/tml-q1-fy-27-datasheet.xlsx,23.5,https://insights.techmahindra.com/investors/tml-q1-fy-27-datasheet.xlsx,83.1,https://insights.techmahindra.com/investors/tml-q1-fy-27-datasheet.xlsx,83.1,https://insights.techmahindra.com/investors/tml-q1-fy-27-datasheet.xlsx,84.2,https://insights.techmahindra.com/investors/tml-q1-fy-27-datasheet.xlsx,19065.0,https://insights.techmahindra.com/investors/tml-q4-fy-23-consolidated-results.pdf,1011.0,https://insights.techmahindra.com/investors/tml-q1-fy-27-datasheet.xlsx,,,,,15.73503277739794
techm,2022Q2,1632.45,https://insights.techmahindra.com/investors/tml-q1-fy-27-datasheet.xlsx,127079.48,https://insights.techmahindra.com/investors/tml-q1-fy-27-datasheet.xlsx,21.2,https://insights.techmahindra.com/investors/tml-q1-fy-23-fact-sheet.pdf,18.0,https://insights.techmahindra.com/investors/tml-q1-fy-23-fact-sheet.pdf,3.5,https://insights.techmahindra.com/investors/tml-q1-fy-23-fact-sheet.pdf,158035.0,https://insights.techmahindra.com/investors/tml-q1-fy-27-datasheet.xlsx,22.2,https://insights.techmahindra.com/investors/tml-q1-fy-27-datasheet.xlsx,82.839,https://insights.techmahindra.com/investors/tml-q1-fy-27-datasheet.xlsx,82.839,https://insights.techmahindra.com/investors/tml-q1-fy-27-datasheet.xlsx,83.332,https://insights.techmahindra.com/investors/tml-q1-fy-27-datasheet.xlsx,20657.0,https://insights.techmahindra.com/investors/tml-q1-fy-24-consolidated-results.pdf,802.0,https://insights.techmahindra.com/investors/tml-q1-fy-27-datasheet.xlsx,,,,,16.255181403008574
techm,2022Q3,1638.14,https://insights.techmahindra.com/investors/tml-q1-fy-27-datasheet.xlsx,131294.68,https://insights.techmahindra.com/investors/tml-q1-fy-27-datasheet.xlsx,16.8,https://insights.techmahindra.com/investors/tml-q2-fy-23-fact-sheet.pdf,11.2,https://insights.techmahindra.com/investors/tml-q2-fy-23-fact-sheet.pdf,2.9,https://insights.techmahindra.com/investors/tml-q2-fy-23-fact-sheet.pdf,163912.0,https://insights.techmahindra.com/investors/tml-q1-fy-27-datasheet.xlsx,19.6,https://insights.techmahindra.com/investors/tml-q1-fy-27-datasheet.xlsx,84.896,https://insights.techmahindra.com/investors/tml-q1-fy-27-datasheet.xlsx,84.896,https://insights.techmahindra.com/investors/tml-q1-fy-27-datasheet.xlsx,84.9,https://insights.techmahindra.com/investors/tml-q1-fy-27-datasheet.xlsx,20246.0,https://insights.techmahindra.com/investors/tml-q2-fy-24-consolidated-results.pdf,716.0,https://insights.techmahindra.com/investors/tml-q1-fy-27-datasheet.xlsx,,,,,15.420274454380026
techm,2022Q4,1668.29,https://insights.techmahindra.com/investors/tml-q1-fy-27-datasheet.xlsx,137345.61,https://insights.techmahindra.com/investors/tml-q1-fy-27-datasheet.xlsx,12.7,https://insights.techmahindra.com/investors/tml-q3-fy-23-fact-sheet.pdf,8.8,https://insights.techmahindra.com/investors/tml-q3-fy-23-fact-sheet.pdf,0.2,https://insights.techmahindra.com/investors/tml-q3-fy-23-fact-sheet.pdf,157068.0,https://insights.techmahindra.com/investors/tml-q1-fy-27-datasheet.xlsx,17.3,https://insights.techmahindra.com/investors/tml-q1-fy-27-datasheet.xlsx,86.38,https://insights.techmahindra.com/investors/tml-q1-fy-27-datasheet.xlsx,86.38,https://insights.techmahindra.com/investors/tml-q1-fy-27-datasheet.xlsx,86.385,https://insights.techmahindra.com/investors/tml-q1-fy-27-datasheet.xlsx,19741.0,https://insights.techmahindra.com/investors/tml-q3-fy-24-consolidated-results.pdf,795.0,https://insights.techmahindra.com/investors/tml-q1-fy-27-datasheet.xlsx,,,,,14.373229694054293
techm,2023Q1,1667.64,https://insights.techmahindra.com/investors/tml-q1-fy-27-datasheet.xlsx,137181.91,https://insights.techmahindra.com/investors/tml-q1-fy-27-datasheet.xlsx,6.3,https://insights.techmahindra.com/investors/tml-q4-fy-23-fact-sheet.pdf,3.7,https://insights.techmahindra.com/investors/tml-q4-fy-23-fact-sheet.pdf,0.3,https://insights.techmahindra.com/investors/tml-q4-fy-23-fact-sheet.pdf,152400.0,https://insights.techmahindra.com/investors/tml-q1-fy-27-datasheet.xlsx,14.8,https://insights.techmahindra.com/investors/tml-q1-fy-27-datasheet.xlsx,86.481,https://insights.techmahindra.com/investors/tml-q1-fy-27-datasheet.xlsx,86.481,https://insights.techmahindra.com/investors/tml-q1-fy-27-datasheet.xlsx,86.481,https://insights.techmahindra.com/investors/tml-q1-fy-27-datasheet.xlsx,19358.0,https://insights.techmahindra.com/investors/tml-q4-fy-24-consolidated-results.pdf,592.0,https://insights.techmahindra.com/investors/tml-q1-fy-27-datasheet.xlsx,,,,,14.111190024982157
techm,2023Q2,1600.74,https://insights.techmahindra.com/investors/tml-q1-fy-27-datasheet.xlsx,131589.77,https://insights.techmahindra.com/investors/tml-q1-fy-27-datasheet.xlsx,-0.9,https://insights.techmahindra.com/investors/tml-q1-Fy-24-fact-sheet.pdf,-1.9,https://insights.techmahindra.com/investors/tml-q1-Fy-24-fact-sheet.pdf,-4.2,https://insights.techmahindra.com/investors/tml-q1-Fy-24-fact-sheet.pdf,148297.0,https://insights.techmahindra.com/investors/tml-q1-fy-27-datasheet.xlsx,12.8,https://insights.techmahindra.com/investors/tml-q1-fy-27-datasheet.xlsx,87.16,https://insights.techmahindra.com/investors/tml-q1-fy-27-datasheet.xlsx,87.16,https://insights.techmahindra.com/investors/tml-q1-fy-27-datasheet.xlsx,87.17,https://insights.techmahindra.com/investors/tml-q1-fy-27-datasheet.xlsx,18425.0,https://insights.techmahindra.com/investors/tml-q1-fy-25-consolidated-results.pdf,359.185,https://insights.techmahindra.com/investors/tml-q1-fy-27-datasheet.xlsx,,,,,14.001848319971987
techm,2023Q3,1555.15,https://insights.techmahindra.com/investors/tml-q1-fy-27-datasheet.xlsx,128639.17,https://insights.techmahindra.com/investors/tml-q1-fy-27-datasheet.xlsx,-5.9,https://insights.techmahindra.com/investors/tml-q2-fy-24-fact-sheet.pdf,-5.1,https://insights.techmahindra.com/investors/tml-q2-fy-24-fact-sheet.pdf,-2.4,https://insights.techmahindra.com/investors/tml-q2-fy-24-fact-sheet.pdf,150604.0,https://insights.techmahindra.com/investors/tml-q1-fy-27-datasheet.xlsx,11.4,https://insights.techmahindra.com/investors/tml-q1-fy-27-datasheet.xlsx,86.14,https://insights.techmahindra.com/investors/tml-q1-fy-27-datasheet.xlsx,86.14,https://insights.techmahindra.com/investors/tml-q1-fy-27-datasheet.xlsx,86.18,https://insights.techmahindra.com/investors/tml-q1-fy-27-datasheet.xlsx,15921.0,https://insights.techmahindra.com/investors/tml-q2-fy-25-consolidated-results.pdf,640.0,https://insights.techmahindra.com/investors/tml-q1-fy-27-datasheet.xlsx,,,,,12.376479108190763
techm,2023Q4,1573.02,https://insights.techmahindra.com/investors/tml-q1-fy-27-datasheet.xlsx,131013.37,https://insights.techmahindra.com/investors/tml-q1-fy-27-datasheet.xlsx,-5.4,https://insights.techmahindra.com/investors/tml-q3-fy-24-fact-sheet.pdf,-5.7,https://insights.techmahindra.com/investors/tml-q3-fy-24-fact-sheet.pdf,1.1,https://insights.techmahindra.com/investors/tml-q3-fy-24-fact-sheet.pdf,146250.0,https://insights.techmahindra.com/investors/tml-q1-fy-27-datasheet.xlsx,10.3,https://insights.techmahindra.com/investors/tml-q1-fy-27-datasheet.xlsx,87.56,https://insights.techmahindra.com/investors/tml-q1-fy-27-datasheet.xlsx,87.56,https://insights.techmahindra.com/investors/tml-q1-fy-27-datasheet.xlsx,87.57,https://insights.techmahindra.com/investors/tml-q1-fy-27-datasheet.xlsx,15094.0,https://insights.techmahindra.com/investors/tml-q3-fy-25-consolidated-results.pdf,381.0,https://insights.techmahindra.com/investors/tml-q1-fy-27-datasheet.xlsx,,,,,11.520961562930562
techm,2024Q1,1548.19,https://insights.techmahindra.com/investors/tml-q1-fy-27-datasheet.xlsx,128713.21,https://insights.techmahindra.com/investors/tml-q1-fy-27-datasheet.xlsx,-6.4,https://insights.techmahindra.com/investors/tml-q4-fy-24-fact-sheet.pdf,-7.2,https://insights.techmahindra.com/investors/tml-q4-fy-24-fact-sheet.pdf,-0.8,https://insights.techmahindra.com/investors/tml-q4-fy-24-fact-sheet.pdf,145455.0,https://insights.techmahindra.com/investors/tml-q1-fy-27-datasheet.xlsx,10.0,https://insights.techmahindra.com/investors/tml-q1-fy-27-datasheet.xlsx,86.42,https://insights.techmahindra.com/investors/tml-q1-fy-27-datasheet.xlsx,86.42,https://insights.techmahindra.com/investors/tml-q1-fy-27-datasheet.xlsx,86.41,https://insights.techmahindra.com/investors/tml-q1-fy-27-datasheet.xlsx,17449.0,https://insights.techmahindra.com/investors/tml-q4-fy-25-consolidated-results.pdf,500.0,https://insights.techmahindra.com/investors/tml-q1-fy-27-datasheet.xlsx,,,,,13.556495094792522
techm,2024Q2,1558.92,https://insights.techmahindra.com/investors/tml-q1-fy-27-datasheet.xlsx,130054.74,https://insights.techmahindra.com/investors/tml-q1-fy-27-datasheet.xlsx,-1.2,https://insights.techmahindra.com/investors/tml-q1-fy-25-fact-sheet.pdf,-2.6,https://insights.techmahindra.com/investors/tml-q1-fy-25-fact-sheet.pdf,0.7,https://insights.techmahindra.com/investors/tml-q1-fy-25-fact-sheet.pdf,147620.0,https://insights.techmahindra.com/investors/tml-q1-fy-27-datasheet.xlsx,10.1,https://insights.techmahindra.com/investors/tml-q1-fy-27-datasheet.xlsx,86.13,https://insights.techmahindra.com/investors/tml-q1-fy-27-datasheet.xlsx,86.13,https://insights.techmahindra.com/investors/tml-q1-fy-27-datasheet.xlsx,86.14,https://insights.techmahindra.com/investors/tml-q1-fy-27-datasheet.xlsx,15065.0,https://insights.techmahindra.com/investors/tml-q1-fy-26-consolidated-results.pdf,534.0,https://insights.techmahindra.com/investors/tml-q1-fy-27-datasheet.xlsx,,,,,11.58358395857006
techm,2024Q3,1588.72,https://insights.techmahindra.com/investors/tml-q1-fy-27-datasheet.xlsx,133132.22,https://insights.techmahindra.com/investors/tml-q1-fy-27-datasheet.xlsx,1.2,https://insights.techmahindra.com/investors/tml-q2-fy-25-fact-sheet.pdf,2.2,https://insights.techmahindra.com/investors/tml-q2-fy-25-fact-sheet.pdf,0.7,https://insights.techmahindra.com/investors/tml-q2-fy-25-fact-sheet.pdf,154273.0,https://insights.techmahindra.com/investors/tml-q1-fy-27-datasheet.xlsx,10.6,https://insights.techmahindra.com/investors/tml-q1-fy-27-datasheet.xlsx,86.26,https://insights.techmahindra.com/investors/tml-q1-fy-27-datasheet.xlsx,86.26,https://insights.techmahindra.com/investors/tml-q1-fy-27-datasheet.xlsx,86.13,https://insights.techmahindra.com/investors/tml-q1-fy-27-datasheet.xlsx,15188.0,https://insights.techmahindra.com/investors/tml-q2-fy-26-consolidated-results.pdf,603.0,https://insights.techmahindra.com/investors/tml-q1-fy-27-datasheet.xlsx,,,,,11.40820756988804
techm,2024Q4,1567.47,https://insights.techmahindra.com/investors/tml-q1-fy-27-datasheet.xlsx,132856.03,https://insights.techmahindra.com/investors/tml-q1-fy-27-datasheet.xlsx,1.3,https://insights.techmahindra.com/investors/tml-q3-fy-25-fact-sheet.pdf,-0.4,https://insights.techmahindra.com/investors/tml-q3-fy-25-fact-sheet.pdf,1.2,https://insights.techmahindra.com/investors/tml-q3-fy-25-fact-sheet.pdf,150488.0,https://insights.techmahindra.com/investors/tml-q1-fy-27-datasheet.xlsx,11.2,https://insights.techmahindra.com/investors/tml-q1-fy-27-datasheet.xlsx,85.61,https://insights.techmahindra.com/investors/tml-q1-fy-27-datasheet.xlsx,85.61,https://insights.techmahindra.com/investors/tml-q1-fy-27-datasheet.xlsx,85.99,https://insights.techmahindra.com/investors/tml-q1-fy-27-datasheet.xlsx,14585.0,https://insights.techmahindra.com/investors/tml-q3-fy-26-consolidated-results.pdf,745.0,https://insights.techmahindra.com/investors/tml-q1-fy-27-datasheet.xlsx,,,,,10.97804894516267
techm,2025Q1,1548.76,https://insights.techmahindra.com/investors/tml-q1-fy-27-datasheet.xlsx,133840.01,https://insights.techmahindra.com/investors/tml-q1-fy-27-datasheet.xlsx,0.3,https://insights.techmahindra.com/investors/tml-q4-fy-25-fact-sheet.pdf,0.0,https://insights.techmahindra.com/investors/tml-q4-fy-25-fact-sheet.pdf,-1.5,https://insights.techmahindra.com/investors/tml-q4-fy-25-fact-sheet.pdf,148731.0,https://insights.techmahindra.com/investors/tml-q1-fy-27-datasheet.xlsx,11.8,https://insights.techmahindra.com/investors/tml-q1-fy-27-datasheet.xlsx,86.35,https://insights.techmahindra.com/investors/tml-q1-fy-27-datasheet.xlsx,86.35,https://insights.techmahindra.com/investors/tml-q1-fy-27-datasheet.xlsx,86.27,https://insights.techmahindra.com/investors/tml-q1-fy-27-datasheet.xlsx,13539.0,https://insights.techmahindra.com/investors/tml-q4-fy26-consolidated-results.pdf,798.0,https://insights.techmahindra.com/investors/tml-q1-fy-27-datasheet.xlsx,,,,,10.115809166481682
techm,2025Q2,1564.41,https://insights.techmahindra.com/investors/tml-q1-fy-27-datasheet.xlsx,133512.0,https://insights.techmahindra.com/investors/tml-q1-fy-27-consolidated-results.pdf,-1.0,https://insights.techmahindra.com/investors/tml-q1-fy-26-earnings-presentation.pdf,0.4,https://insights.techmahindra.com/investors/tml-q1-fy-26-earnings-presentation.pdf,-1.4,https://insights.techmahindra.com/investors/tml-q1-fy-26-earnings-presentation.pdf,148517.0,https://insights.techmahindra.com/investors/tml-q1-fy-27-datasheet.xlsx,12.6,https://insights.techmahindra.com/investors/tml-q1-fy-27-datasheet.xlsx,84.97,https://insights.techmahindra.com/investors/tml-q1-fy-27-datasheet.xlsx,84.97,https://insights.techmahindra.com/investors/tml-q1-fy-27-datasheet.xlsx,,,13108.0,https://insights.techmahindra.com/investors/tml-q1-fy-27-consolidated-results.pdf,809.0,https://insights.techmahindra.com/investors/tml-q1-fy-27-datasheet.xlsx,,,,,9.817844088920847
techm,2025Q3,1585.92,https://insights.techmahindra.com/investors/tml-q1-fy-27-datasheet.xlsx,139949.0,https://insights.techmahindra.com/investors/tml-q1-fy-27-datasheet.xlsx,-0.3,https://insights.techmahindra.com/investors/tml-q2-fy-26-press-release.pdf,-0.2,https://insights.techmahindra.com/investors/tml-q2-fy-26-press-release.pdf,1.6,https://insights.techmahindra.com/investors/tml-q2-fy-26-press-release.pdf,152714.0,https://insights.techmahindra.com/investors/tml-q1-fy-27-datasheet.xlsx,12.8,https://insights.techmahindra.com/investors/tml-q1-fy-27-datasheet.xlsx,84.43,https://insights.techmahindra.com/investors/tml-q1-fy-27-datasheet.xlsx,84.43,https://insights.techmahindra.com/investors/tml-q1-fy-27-datasheet.xlsx,,,14436.0,https://insights.techmahindra.com/investors/tml-q3-fy-26-consolidated-results.pdf,815.7,https://insights.techmahindra.com/investors/tml-q1-fy-27-datasheet.xlsx,,,,,10.315186246418339
techm,2025Q4,1609.86,https://insights.techmahindra.com/investors/tml-q1-fy-27-datasheet.xlsx,143932.0,https://insights.techmahindra.com/investors/tml-q1-fy-27-datasheet.xlsx,1.3,https://insights.techmahindra.com/investors/tml-q3-fy-26-press-release.pdf,2.7,https://insights.techmahindra.com/investors/tml-q3-fy-26-press-release.pdf,1.7,https://insights.techmahindra.com/investors/tml-q3-fy-26-press-release.pdf,149616.0,https://insights.techmahindra.com/investors/tml-q1-fy-27-datasheet.xlsx,12.3,https://insights.techmahindra.com/investors/tml-q1-fy-27-datasheet.xlsx,86.55,https://insights.techmahindra.com/investors/tml-q1-fy-27-datasheet.xlsx,86.55,https://insights.techmahindra.com/investors/tml-q1-fy-27-datasheet.xlsx,,,15416.0,https://insights.techmahindra.com/investors/tml-q4-fy26-consolidated-results.pdf,1095.54,https://insights.techmahindra.com/investors/tml-q1-fy-27-datasheet.xlsx,,,,,10.710613345190785
techm,2026Q1,1624.67,https://insights.techmahindra.com/investors/tml-q1-fy-27-datasheet.xlsx,150761.0,https://insights.techmahindra.com/investors/tml-q1-fy-27-consolidated-results.pdf,2.4,https://insights.techmahindra.com/investors/tml-q4-fy-26-press-release.pdf,4.9,https://insights.techmahindra.com/investors/tml-q4-fy-26-press-release.pdf,0.6,https://insights.techmahindra.com/investors/tml-q4-fy-26-press-release.pdf,147623.0,https://insights.techmahindra.com/investors/tml-q1-fy-27-datasheet.xlsx,12.1,https://insights.techmahindra.com/investors/tml-q1-fy-27-datasheet.xlsx,86.12,https://insights.techmahindra.com/investors/tml-q1-fy-27-datasheet.xlsx,86.12,https://insights.techmahindra.com/investors/tml-q1-fy-27-datasheet.xlsx,,,18037.0,https://insights.techmahindra.com/investors/tml-q1-fy-27-consolidated-results.pdf,1073.38,https://insights.techmahindra.com/investors/tml-q1-fy-27-datasheet.xlsx,,,,,11.96396946159816
techm,2026Q2,1660.4,https://insights.techmahindra.com/investors/tml-q1-fy-27-datasheet.xlsx,157119.0,https://insights.techmahindra.com/investors/tml-q1-fy-27-consolidated-results.pdf,6.6,https://insights.techmahindra.com/investors/tml-q1-fy-27-press-release.pdf,6.1,https://insights.techmahindra.com/investors/tml-q1-fy-27-press-release.pdf,2.6,https://insights.techmahindra.com/investors/tml-q1-fy-27-press-release.pdf,146760.0,https://insights.techmahindra.com/investors/tml-q1-fy-27-datasheet.xlsx,11.8,https://insights.techmahindra.com/investors/tml-q1-fy-27-datasheet.xlsx,87.04,https://insights.techmahindra.com/investors/tml-q1-fy-27-datasheet.xlsx,87.04,https://insights.techmahindra.com/investors/tml-q1-fy-27-datasheet.xlsx,,,17909.0,https://insights.techmahindra.com/investors/tml-q1-fy-27-consolidated-results.pdf,1078.0,https://insights.techmahindra.com/investors/tml-q1-fy-27-datasheet.xlsx,,,,,11.39836684296616
wipro,2007Q1,,,,,,,,,,,,,,,,,,,,,,,,,,,,,
wipro,2007Q2,,,,,,,,,,,82565.0,https://www.sec.gov/Archives/edgar/data/1123799/000095013408013325/f42331exv99w3.htm,,,74.0,https://www.sec.gov/Archives/edgar/data/1123799/000095013407015826/f32110exv99w3.htm,67.0,https://www.sec.gov/Archives/edgar/data/1123799/000095013407015826/f32110exv99w3.htm,74.0,https://www.sec.gov/Archives/edgar/data/1123799/000095013407015826/f32110exv99w3.htm,,,,,,,,,
wipro,2007Q3,,,,,,,,,,,88661.0,https://www.sec.gov/Archives/edgar/data/1123799/000095013408018764/f50269exv99w3.htm,,,79.3,https://www.sec.gov/Archives/edgar/data/1123799/000095013407024638/f34790exv99w8.htm,67.0,https://www.sec.gov/Archives/edgar/data/1123799/000095013408020887/f50602e6vk.htm,79.3,https://www.sec.gov/Archives/edgar/data/1123799/000095013407024638/f34790exv99w8.htm,,,,,,,,,
wipro,2007Q4,,,,,,,,,,,91756.0,https://www.sec.gov/Archives/edgar/data/1123799/000095013409001133/f51248exv3w1.htm,,,,,67.0,https://www.sec.gov/Archives/edgar/data/1123799/000095013409002909/f51538e6vk.htm,,,,,,,,,,,
wipro,2008Q1,,,,,,,,,,,95567.0,https://www.sec.gov/Archives/edgar/data/1123799/000095013409008587/f52247exv99w3.htm,,,,,,,,,,,,,,,,,
wipro,2008Q2,,,,,,,,,,,95675.0,https://www.sec.gov/Archives/edgar/data/1123799/000095012309026917/f53101exv99w3.htm,,,,,67.9,https://www.sec.gov/Archives/edgar/data/1123799/000095012309036017/f53375e6vk.htm,,,,,,,,,,,
wipro,2008Q3,,,,,,,,,,,97552.0,https://www.sec.gov/Archives/edgar/data/1123799/000095012309056551/f53916exv99w3.htm,,,,,70.3,https://www.sec.gov/Archives/edgar/data/1123799/000095012309057387/f53929e6vk.htm,,,,,,,,,,,
wipro,2008Q4,,,,,,,,,,,96965.0,https://www.sec.gov/Archives/edgar/data/1123799/000095012310005459/f54728exv99w3.htm,,,,,69.8,https://www.sec.gov/Archives/edgar/data/1123799/000095012310009749/f54854e6vk.htm,,,,,,,,,,,
wipro,2009Q1,,,,,,,,,,,97810.0,https://www.sec.gov/Archives/edgar/data/1123799/000095012310041641/f55660exv99w2.htm,,,,,,,,,,,,,,,,,
wipro,2009Q2,,,,,,,,,,,98521.0,https://www.sec.gov/Archives/edgar/data/1123799/000095012310070468/f56475exv99w2.htm,,,,,70.0,https://www.sec.gov/Archives/edgar/data/1123799/000095012309036017/f53375e6vk.htm,,,,,,,,,,,
wipro,2009Q3,,,,,,,,,,,97891.0,https://www.sec.gov/Archives/edgar/data/1123799/000095012310098736/f57204exv99w2.htm,,,,,70.8,https://www.sec.gov/Archives/edgar/data/1123799/000095012309057387/f53929e6vk.htm,,,,,,,,,,,
wipro,2009Q4,,,,,,,,,,,102746.0,https://www.sec.gov/Archives/edgar/data/1123799/000095012311005997/f58049exv99w2.htm,,,,,73.2,https://www.sec.gov/Archives/edgar/data/1123799/000095012310009749/f54854e6vk.htm,,,,,,,,,,,
wipro,2010Q1,,,,,,,,,,,108071.0,https://www.sec.gov/Archives/edgar/data/1123799/000095012311043644/f59084exv99w2.htm,,,,,,,,,,,,,,,,,
wipro,2010Q2,,,,,,,,,,,112925.0,https://www.sec.gov/Archives/edgar/data/1123799/000119312511195696/dex992.htm,,,,,,,,,,,,,,,,,
wipro,2010Q3,,,,,,,,,,,115900.0,https://www.sec.gov/Archives/edgar/data/1123799/000119312511302366/d253399dex992.htm,,,,,,,,,,,,,,,,,
wipro,2010Q4,,,,,,,,,,,119491.0,https://www.sec.gov/Archives/edgar/data/1123799/000119312512021628/d287472dex992.htm,,,,,,,,,,,,,,,,,
wipro,2011Q1,,,,,,,,,,,122385.0,https://www.sec.gov/Archives/edgar/data/1123799/000119312512199790/d342992dex992.htm,,,,,,,,,,,,,,,,,
wipro,2011Q2,,,,,,,,,,,126490.0,https://www.sec.gov/Archives/edgar/data/1123799/000119312512325209/d387651dex992.htm,,,,,69.7,https://www.sec.gov/Archives/edgar/data/1123799/000119312511195696/dex992.htm,,,,,,,,,,,
wipro,2011Q3,,,,,,,,,,,131730.0,https://www.sec.gov/Archives/edgar/data/1123799/000119312512021628/d287472dex992.htm,,,,,,,,,,,,,,,,,
wipro,2011Q4,,,,,,,,,,,136734.0,https://www.sec.gov/Archives/edgar/data/1123799/000119312512199790/d342992dex992.htm,,,,,,,,,,,,,,,,,
wipro,2012Q1,,,,,,,,,,,135920.0,https://www.sec.gov/Archives/edgar/data/1123799/000119312512325209/d387651dex992.htm,,,,,,,,,,,,,,,,,
wipro,2013Q2,1588.3,https://www.wipro.com/content/dam/nexus/en/investor/quarterly-results/2014-2015/q2/11361-Data-Sheet-Q2-FY15.pdf,,,,,,,,,,,13.2,https://www.wipro.com/content/dam/nexus/en/investor/quarterly-results/2014-2015/q2/11361-Data-Sheet-Q2-FY15.pdf,73.3,https://www.wipro.com/content/dam/nexus/en/investor/quarterly-results/2014-2015/q2/11361-Data-Sheet-Q2-FY15.pdf,,,73.3,https://www.wipro.com/content/dam/nexus/en/investor/quarterly-results/2014-2015/q2/11361-Data-Sheet-Q2-FY15.pdf,,,,,,,,,
wipro,2013Q3,1631.1,https://www.wipro.com/content/dam/nexus/en/investor/quarterly-results/2014-2015/q2/11361-Data-Sheet-Q2-FY15.pdf,,,,,,,,,,,13.5,https://www.wipro.com/content/dam/nexus/en/investor/quarterly-results/2014-2015/q2/11361-Data-Sheet-Q2-FY15.pdf,74.3,https://www.wipro.com/content/dam/nexus/en/investor/quarterly-results/2014-2015/q2/11361-Data-Sheet-Q2-FY15.pdf,,,74.3,https://www.wipro.com/content/dam/nexus/en/investor/quarterly-results/2014-2015/q2/11361-Data-Sheet-Q2-FY15.pdf,,,,,,,,,
wipro,2013Q4,1678.4,https://www.wipro.com/content/dam/nexus/en/investor/quarterly-results/2014-2015/q3/11369-Data-Sheet-Q3-FY15.pdf,,,,,,,,,,,14.3,https://www.wipro.com/content/dam/nexus/en/investor/quarterly-results/2014-2015/q3/11369-Data-Sheet-Q3-FY15.pdf,74.3,https://www.wipro.com/content/dam/nexus/en/investor/quarterly-results/2014-2015/q3/11369-Data-Sheet-Q3-FY15.pdf,,,74.3,https://www.wipro.com/content/dam/nexus/en/investor/quarterly-results/2014-2015/q3/11369-Data-Sheet-Q3-FY15.pdf,,,,,,,,,
wipro,2014Q1,1720.2,https://www.wipro.com/content/dam/nexus/en/investor/quarterly-results/2014-2015/q4/11377-Data-Sheet-Q4-FY15.pdf,,,,,,,,,,,15.1,https://www.wipro.com/content/dam/nexus/en/investor/quarterly-results/2014-2015/q4/11377-Data-Sheet-Q4-FY15.pdf,76.5,https://www.wipro.com/content/dam/nexus/en/investor/quarterly-results/2014-2015/q4/11377-Data-Sheet-Q4-FY15.pdf,,,76.5,https://www.wipro.com/content/dam/nexus/en/investor/quarterly-results/2014-2015/q4/11377-Data-Sheet-Q4-FY15.pdf,,,,,,,,,
wipro,2014Q2,1740.2,https://www.wipro.com/content/dam/nexus/en/investor/quarterly-results/2015-2016/q1/11322-Data-Sheet-Q1-FY-16.pdf,111358.0,https://www.wipro.com/content/dam/nexus/en/investor/quarterly-results/2015-2016/q1/11326-IFRS-Financials-Jun-2015.pdf,8.1,https://www.wipro.com/content/dam/nexus/en/investor/quarterly-results/2014-2015/q1/q1-results-analyst-data-sheet.pdf,9.6,https://www.wipro.com/content/dam/nexus/en/investor/quarterly-results/2014-2015/q1/q1-results-analyst-data-sheet.pdf,0.3,https://www.wipro.com/content/dam/nexus/en/investor/quarterly-results/2014-2015/q1/q1-results-analyst-data-sheet.pdf,,,16.1,https://www.wipro.com/content/dam/nexus/en/investor/quarterly-results/2015-2016/q1/11322-Data-Sheet-Q1-FY-16.pdf,77.9,https://www.wipro.com/content/dam/nexus/en/investor/quarterly-results/2015-2016/q1/11322-Data-Sheet-Q1-FY-16.pdf,,,77.9,https://www.wipro.com/content/dam/nexus/en/investor/quarterly-results/2015-2016/q1/11322-Data-Sheet-Q1-FY-16.pdf,11679.0,https://www.wipro.com/content/dam/nexus/en/investor/quarterly-results/2015-2016/q1/11326-IFRS-Financials-Jun-2015.pdf,,,,,,,10.487796117027964
wipro,2014Q3,1771.5,https://www.wipro.com/content/dam/nexus/en/investor/quarterly-results/2015-2016/q2/11329-Data-Sheet-Q2-FY16.pdf,116838.0,https://www.wipro.com/content/dam/nexus/en/investor/quarterly-results/2015-2016/q2/11333-IFRS-Financials-Sep-2015.pdf,8.3,https://www.wipro.com/content/dam/nexus/en/investor/quarterly-results/2014-2015/q2/11361-Data-Sheet-Q2-FY15.pdf,8.6,https://www.wipro.com/content/dam/nexus/en/investor/quarterly-results/2014-2015/q2/11361-Data-Sheet-Q2-FY15.pdf,3.0,https://www.wipro.com/content/dam/nexus/en/investor/quarterly-results/2014-2015/q2/11361-Data-Sheet-Q2-FY15.pdf,,,16.5,https://www.wipro.com/content/dam/nexus/en/investor/quarterly-results/2015-2016/q2/11329-Data-Sheet-Q2-FY16.pdf,79.4,https://www.wipro.com/content/dam/nexus/en/investor/quarterly-results/2015-2016/q2/11329-Data-Sheet-Q2-FY16.pdf,,,79.4,https://www.wipro.com/content/dam/nexus/en/investor/quarterly-results/2015-2016/q2/11329-Data-Sheet-Q2-FY16.pdf,13082.0,https://www.wipro.com/content/dam/nexus/en/investor/quarterly-results/2015-2016/q2/11333-IFRS-Financials-Sep-2015.pdf,,,,,,,11.19669970386347
wipro,2014Q4,1795.4,https://www.wipro.com/content/dam/nexus/en/investor/quarterly-results/2015-2016/q3/11336-Data-Sheet-Q3-FY-16.pdf,119929.0,https://www.wipro.com/content/dam/nexus/en/investor/quarterly-results/2015-2016/q3/11340-IFRS-Financials-Dec-2015.pdf,9.7,https://www.wipro.com/content/dam/nexus/en/investor/quarterly-results/2014-2015/q3/11369-Data-Sheet-Q3-FY15.pdf,7.0,https://www.wipro.com/content/dam/nexus/en/investor/quarterly-results/2014-2015/q3/11369-Data-Sheet-Q3-FY15.pdf,3.7,https://www.wipro.com/content/dam/nexus/en/investor/quarterly-results/2014-2015/q3/11369-Data-Sheet-Q3-FY15.pdf,,,16.5,https://www.wipro.com/content/dam/nexus/en/investor/quarterly-results/2015-2016/q3/11336-Data-Sheet-Q3-FY-16.pdf,78.8,https://www.wipro.com/content/dam/nexus/en/investor/quarterly-results/2015-2016/q3/11336-Data-Sheet-Q3-FY-16.pdf,,,78.8,https://www.wipro.com/content/dam/nexus/en/investor/quarterly-results/2015-2016/q3/11336-Data-Sheet-Q3-FY-16.pdf,14137.0,https://www.wipro.com/content/dam/nexus/en/investor/quarterly-results/2015-2016/q3/11340-IFRS-Financials-Dec-2015.pdf,,,,,,,11.787807786273545
wipro,2015Q1,1774.5,https://www.wipro.com/content/dam/nexus/en/investor/quarterly-results/2015-2016/q4/11344-Data-Sheet-Q4-FY16.pdf,121420.0,https://www.wipro.com/content/dam/nexus/en/investor/quarterly-results/2015-2016/q4/11349-IFRS-Financials-Mar-2016.pdf,8.4,https://www.wipro.com/content/dam/nexus/en/investor/quarterly-results/2014-2015/q4/11377-Data-Sheet-Q4-FY15.pdf,3.2,https://www.wipro.com/content/dam/nexus/en/investor/quarterly-results/2014-2015/q4/11377-Data-Sheet-Q4-FY15.pdf,1.2,https://www.wipro.com/content/dam/nexus/en/investor/quarterly-results/2014-2015/q4/11377-Data-Sheet-Q4-FY15.pdf,,,16.5,https://www.wipro.com/content/dam/nexus/en/investor/quarterly-results/2015-2016/q4/11344-Data-Sheet-Q4-FY16.pdf,80.5,https://www.wipro.com/content/dam/nexus/en/investor/quarterly-results/2015-2016/q4/11344-Data-Sheet-Q4-FY16.pdf,,,80.5,https://www.wipro.com/content/dam/nexus/en/investor/quarterly-results/2015-2016/q4/11344-Data-Sheet-Q4-FY16.pdf,13394.0,https://www.wipro.com/content/dam/nexus/en/investor/quarterly-results/2015-2016/q4/11349-IFRS-Financials-Mar-2016.pdf,,,,,,,11.031131609290068
wipro,2015Q2,1794.1,https://www.wipro.com/content/dam/nexus/en/investor/quarterly-results/2016-2017/q2/11310-Data-Sheet-Q2-FY17.pdf,122376.0,https://www.wipro.com/content/dam/nexus/en/investor/quarterly-results/2016-2017/q1/11307-IFRS-Financials-Jun-2016.pdf,8.1,https://www.wipro.com/content/dam/nexus/en/investor/quarterly-results/2015-2016/q1/11322-Data-Sheet-Q1-FY-16.pdf,3.1,https://www.wipro.com/content/dam/nexus/en/investor/quarterly-results/2015-2016/q1/11322-Data-Sheet-Q1-FY-16.pdf,0.2,https://www.wipro.com/content/dam/nexus/en/investor/quarterly-results/2015-2016/q1/11322-Data-Sheet-Q1-FY-16.pdf,,,16.4,https://www.wipro.com/content/dam/nexus/en/investor/quarterly-results/2016-2017/q2/11310-Data-Sheet-Q2-FY17.pdf,81.9,https://www.wipro.com/content/dam/nexus/en/investor/quarterly-results/2016-2017/q2/11310-Data-Sheet-Q2-FY17.pdf,,,81.9,https://www.wipro.com/content/dam/nexus/en/investor/quarterly-results/2016-2017/q2/11310-Data-Sheet-Q2-FY17.pdf,14561.0,https://www.wipro.com/content/dam/nexus/en/investor/quarterly-results/2016-2017/q1/11307-IFRS-Financials-Jun-2016.pdf,,,,,,,11.898574883964177
wipro,2015Q3,1831.9,https://www.wipro.com/content/dam/nexus/en/investor/quarterly-results/2016-2017/q3/11316-Data-Sheet-Q3-FY17.pdf,125135.0,https://www.wipro.com/content/dam/nexus/en/investor/quarterly-results/2016-2017/q2/11313-IFRS-Financials-Sept-2017.pdf,8.4,https://www.wipro.com/content/dam/nexus/en/investor/quarterly-results/2015-2016/q2/11329-Data-Sheet-Q2-FY16.pdf,3.4,https://www.wipro.com/content/dam/nexus/en/investor/quarterly-results/2015-2016/q2/11329-Data-Sheet-Q2-FY16.pdf,3.1,https://www.wipro.com/content/dam/nexus/en/investor/quarterly-results/2015-2016/q2/11329-Data-Sheet-Q2-FY16.pdf,,,16.3,https://www.wipro.com/content/dam/nexus/en/investor/quarterly-results/2016-2017/q3/11316-Data-Sheet-Q3-FY17.pdf,82.3,https://www.wipro.com/content/dam/nexus/en/investor/quarterly-results/2016-2017/q3/11316-Data-Sheet-Q3-FY17.pdf,,,82.3,https://www.wipro.com/content/dam/nexus/en/investor/quarterly-results/2016-2017/q3/11316-Data-Sheet-Q3-FY17.pdf,15880.0,https://www.wipro.com/content/dam/nexus/en/investor/quarterly-results/2016-2017/q2/11313-IFRS-Financials-Sept-2017.pdf,,,,,,,12.690294481959484
wipro,2015Q4,1838.3,https://www.wipro.com/content/dam/nexus/en/investor/quarterly-results/2016-2017/q3/11316-Data-Sheet-Q3-FY17.pdf,128605.0,https://www.wipro.com/content/dam/nexus/en/investor/quarterly-results/2016-2017/q3/11319-IFRS-Financials-Dec-2016.pdf,6.3,https://www.wipro.com/content/dam/nexus/en/investor/quarterly-results/2015-2016/q3/11336-Data-Sheet-Q3-FY-16.pdf,2.4,https://www.wipro.com/content/dam/nexus/en/investor/quarterly-results/2015-2016/q3/11336-Data-Sheet-Q3-FY-16.pdf,1.4,https://www.wipro.com/content/dam/nexus/en/investor/quarterly-results/2015-2016/q3/11336-Data-Sheet-Q3-FY-16.pdf,,,16.3,https://www.wipro.com/content/dam/nexus/en/investor/quarterly-results/2016-2017/q3/11316-Data-Sheet-Q3-FY17.pdf,78.0,https://www.wipro.com/content/dam/nexus/en/investor/quarterly-results/2016-2017/q3/11316-Data-Sheet-Q3-FY17.pdf,,,78.0,https://www.wipro.com/content/dam/nexus/en/investor/quarterly-results/2016-2017/q3/11316-Data-Sheet-Q3-FY17.pdf,17410.0,https://www.wipro.com/content/dam/nexus/en/investor/quarterly-results/2016-2017/q3/11319-IFRS-Financials-Dec-2016.pdf,,,,,,,13.537576299521792
wipro,2016Q1,1882.0,https://www.wipro.com/content/dam/nexus/en/investor/quarterly-results/2016-2017/q4/11811-Data-Sheet-Q4-FY-17.pdf,136324.0,https://www.wipro.com/content/dam/nexus/en/investor/quarterly-results/2016-2017/q4/11813-IFRS-Financials-Mar-2017.pdf,7.8,https://www.wipro.com/content/dam/nexus/en/investor/quarterly-results/2015-2016/q4/11344-Data-Sheet-Q4-FY16.pdf,6.1,https://www.wipro.com/content/dam/nexus/en/investor/quarterly-results/2015-2016/q4/11344-Data-Sheet-Q4-FY16.pdf,2.7,https://www.wipro.com/content/dam/nexus/en/investor/quarterly-results/2015-2016/q4/11344-Data-Sheet-Q4-FY16.pdf,156831.0,https://www.wipro.com/content/dam/nexus/en/investor/quarterly-results/2016-2017/q4/11811-Data-Sheet-Q4-FY-17.pdf,16.1,https://www.wipro.com/content/dam/nexus/en/investor/quarterly-results/2016-2017/q4/11811-Data-Sheet-Q4-FY-17.pdf,77.5,https://www.wipro.com/content/dam/nexus/en/investor/quarterly-results/2016-2017/q4/11811-Data-Sheet-Q4-FY-17.pdf,,,77.5,https://www.wipro.com/content/dam/nexus/en/investor/quarterly-results/2016-2017/q4/11811-Data-Sheet-Q4-FY-17.pdf,19918.0,https://www.wipro.com/content/dam/nexus/en/investor/quarterly-results/2016-2017/q4/11813-IFRS-Financials-Mar-2017.pdf,,,,,,,14.610780200111499
wipro,2016Q2,1930.8,https://www.wipro.com/content/dam/nexus/en/investor/quarterly-results/2017-2018/q3fy18/analyst-data-sheet-q3-fy18.pdf,135992.0,https://www.wipro.com/content/dam/nexus/en/investor/quarterly-results/2017-2018/q1fy18/IFRS-Financials-June-2017.pdf,9.5,https://www.wipro.com/content/dam/nexus/en/investor/quarterly-results/2016-2017/q1/11302-Data-Sheet-Q1-FY17.pdf,7.6,https://www.wipro.com/content/dam/nexus/en/investor/quarterly-results/2016-2017/q1/11302-Data-Sheet-Q1-FY17.pdf,2.0,https://www.wipro.com/content/dam/nexus/en/investor/quarterly-results/2016-2017/q1/11302-Data-Sheet-Q1-FY17.pdf,158272.0,https://www.wipro.com/content/dam/nexus/en/investor/quarterly-results/2017-2018/q3fy18/analyst-data-sheet-q3-fy18.pdf,16.5,https://www.wipro.com/content/dam/nexus/en/investor/quarterly-results/2017-2018/q3fy18/analyst-data-sheet-q3-fy18.pdf,79.7,https://www.wipro.com/content/dam/nexus/en/investor/quarterly-results/2017-2018/q3fy18/analyst-data-sheet-q3-fy18.pdf,,,79.7,https://www.wipro.com/content/dam/nexus/en/investor/quarterly-results/2017-2018/q3fy18/analyst-data-sheet-q3-fy18.pdf,20360.0,https://www.wipro.com/content/dam/nexus/en/investor/quarterly-results/2017-2018/q1fy18/IFRS-Financials-June-2017.pdf,,,,,,,14.97146890993588
wipro,2016Q3,1916.3,https://www.wipro.com/content/dam/nexus/en/investor/quarterly-results/2017-2018/q3fy18/analyst-data-sheet-q3-fy18.pdf,137657.0,https://www.wipro.com/content/dam/nexus/en/investor/quarterly-results/2017-2018/Q2/ifrs-financials-sept-2018.pdf,7.2,https://www.wipro.com/content/dam/nexus/en/investor/quarterly-results/2016-2017/q2/11310-Data-Sheet-Q2-FY17.pdf,4.6,https://www.wipro.com/content/dam/nexus/en/investor/quarterly-results/2016-2017/q2/11310-Data-Sheet-Q2-FY17.pdf,0.9,https://www.wipro.com/content/dam/nexus/en/investor/quarterly-results/2016-2017/q2/11310-Data-Sheet-Q2-FY17.pdf,159791.0,https://www.wipro.com/content/dam/nexus/en/investor/quarterly-results/2017-2018/q3fy18/analyst-data-sheet-q3-fy18.pdf,16.6,https://www.wipro.com/content/dam/nexus/en/investor/quarterly-results/2017-2018/q3fy18/analyst-data-sheet-q3-fy18.pdf,82.8,https://www.wipro.com/content/dam/nexus/en/investor/quarterly-results/2017-2018/q3fy18/analyst-data-sheet-q3-fy18.pdf,,,82.8,https://www.wipro.com/content/dam/nexus/en/investor/quarterly-results/2017-2018/q3fy18/analyst-data-sheet-q3-fy18.pdf,19919.0,https://www.wipro.com/content/dam/nexus/en/investor/quarterly-results/2017-2018/Q2/ifrs-financials-sept-2018.pdf,,,,,,,14.470023318828684
wipro,2016Q4,1902.8,https://www.wipro.com/content/dam/nexus/en/investor/quarterly-results/2017-2018/q3fy18/analyst-data-sheet-q3-fy18.pdf,136878.0,https://www.wipro.com/content/dam/nexus/en/investor/quarterly-results/2017-2018/q3fy18/consolidated-financial-statements-q3-fy18.pdf,6.2,https://www.wipro.com/content/dam/nexus/en/investor/quarterly-results/2016-2017/q3/11316-Data-Sheet-Q3-FY17.pdf,3.5,https://www.wipro.com/content/dam/nexus/en/investor/quarterly-results/2016-2017/q3/11316-Data-Sheet-Q3-FY17.pdf,0.6,https://www.wipro.com/content/dam/nexus/en/investor/quarterly-results/2016-2017/q3/11316-Data-Sheet-Q3-FY17.pdf,164176.0,https://www.wipro.com/content/dam/nexus/en/investor/quarterly-results/2017-2018/q3fy18/analyst-data-sheet-q3-fy18.pdf,16.3,https://www.wipro.com/content/dam/nexus/en/investor/quarterly-results/2017-2018/q3fy18/analyst-data-sheet-q3-fy18.pdf,81.9,https://www.wipro.com/content/dam/nexus/en/investor/quarterly-results/2017-2018/q3fy18/analyst-data-sheet-q3-fy18.pdf,,,81.9,https://www.wipro.com/content/dam/nexus/en/investor/quarterly-results/2017-2018/q3fy18/analyst-data-sheet-q3-fy18.pdf,21224.0,https://www.wipro.com/content/dam/nexus/en/investor/quarterly-results/2017-2018/q3fy18/consolidated-financial-statements-q3-fy18.pdf,,,,,,,15.505778868773653
wipro,2017Q1,1954.6,https://www.wipro.com/content/dam/nexus/en/investor/quarterly-results/2017-2018/q4fy18/wipro-data-sheet-q4-fy18.pdf,139875.0,https://www.wipro.com/content/dam/nexus/en/investor/quarterly-results/2017-2018/q4fy18/financials-ifrs-q4-fy18.pdf,5.2,https://www.wipro.com/content/dam/nexus/en/investor/quarterly-results/2016-2017/q4/11811-Data-Sheet-Q4-FY-17.pdf,3.9,https://www.wipro.com/content/dam/nexus/en/investor/quarterly-results/2016-2017/q4/11811-Data-Sheet-Q4-FY-17.pdf,1.7,https://www.wipro.com/content/dam/nexus/en/investor/quarterly-results/2016-2017/q4/11811-Data-Sheet-Q4-FY-17.pdf,165481.0,https://www.wipro.com/content/dam/nexus/en/investor/quarterly-results/2017-2018/q4fy18/wipro-data-sheet-q4-fy18.pdf,16.3,https://www.wipro.com/content/dam/nexus/en/investor/quarterly-results/2017-2018/q4fy18/wipro-data-sheet-q4-fy18.pdf,84.8,https://www.wipro.com/content/dam/nexus/en/investor/quarterly-results/2017-2018/q4fy18/wipro-data-sheet-q4-fy18.pdf,,,84.8,https://www.wipro.com/content/dam/nexus/en/investor/quarterly-results/2017-2018/q4fy18/wipro-data-sheet-q4-fy18.pdf,21244.0,https://www.wipro.com/content/dam/nexus/en/investor/quarterly-results/2017-2018/q4fy18/financials-ifrs-q4-fy18.pdf,,,,,,,15.187846291331546
wipro,2017Q2,1933.4,https://www.wipro.com/content/dam/nexus/en/investor/quarterly-results/2018-2019/q3fy19/analyst-data-sheet-q3-fy19.pdf,136261.0,https://www.wipro.com/content/dam/nexus/en/investor/quarterly-results/2017-2018/q1fy18/IFRS-Financials-June-2017.pdf,3.4,https://www.wipro.com/content/dam/nexus/en/investor/quarterly-results/2017-2018/q1fy18/Data-Sheet-Q1-FY18.pdf,2.1,https://www.wipro.com/content/dam/nexus/en/investor/quarterly-results/2017-2018/q1fy18/Data-Sheet-Q1-FY18.pdf,0.3,https://www.wipro.com/content/dam/nexus/en/investor/quarterly-results/2017-2018/q1fy18/Data-Sheet-Q1-FY18.pdf,161439.0,https://www.wipro.com/content/dam/nexus/en/investor/quarterly-results/2018-2019/q3fy19/analyst-data-sheet-q3-fy19.pdf,16.1,https://www.wipro.com/content/dam/nexus/en/investor/quarterly-results/2018-2019/q3fy19/analyst-data-sheet-q3-fy19.pdf,82.1,https://www.wipro.com/content/dam/nexus/en/investor/quarterly-results/2018-2019/q3fy19/analyst-data-sheet-q3-fy19.pdf,,,82.1,https://www.wipro.com/content/dam/nexus/en/investor/quarterly-results/2018-2019/q3fy19/analyst-data-sheet-q3-fy19.pdf,20247.0,https://www.wipro.com/content/dam/nexus/en/investor/quarterly-results/2018-2019/q1fy19/ifrs-financials-june-2018.pdf,,,,,,,14.858983861853355
wipro,2017Q3,1969.7,https://www.wipro.com/content/dam/nexus/en/investor/quarterly-results/2018-2019/q3fy19/analyst-data-sheet-q3-fy19.pdf,134234.0,https://www.wipro.com/content/dam/nexus/en/investor/quarterly-results/2018-2019/q2fy19/ifrs-financials-september-2018.pdf,2.8,https://www.wipro.com/content/dam/nexus/en/investor/quarterly-results/2017-2018/Q2/data-sheet-q2-fy18.pdf,5.1,https://www.wipro.com/content/dam/nexus/en/investor/quarterly-results/2017-2018/Q2/data-sheet-q2-fy18.pdf,0.3,https://www.wipro.com/content/dam/nexus/en/investor/quarterly-results/2017-2018/Q2/data-sheet-q2-fy18.pdf,159300.0,https://www.wipro.com/content/dam/nexus/en/investor/quarterly-results/2018-2019/q3fy19/analyst-data-sheet-q3-fy19.pdf,16.0,https://www.wipro.com/content/dam/nexus/en/investor/quarterly-results/2018-2019/q3fy19/analyst-data-sheet-q3-fy19.pdf,82.5,https://www.wipro.com/content/dam/nexus/en/investor/quarterly-results/2018-2019/q3fy19/analyst-data-sheet-q3-fy19.pdf,,,82.5,https://www.wipro.com/content/dam/nexus/en/investor/quarterly-results/2018-2019/q3fy19/analyst-data-sheet-q3-fy19.pdf,21503.0,https://www.wipro.com/content/dam/nexus/en/investor/quarterly-results/2018-2019/q2fy19/ifrs-financials-september-2018.pdf,,,,,,,16.01904137550844
wipro,2017Q4,1973.0,https://www.wipro.com/content/dam/nexus/en/investor/quarterly-results/2018-2019/q3fy19/analyst-data-sheet-q3-fy19.pdf,136690.0,https://www.wipro.com/content/dam/nexus/en/investor/quarterly-results/2018-2019/q3fy19/ifrs-financials.pdf,3.0,https://www.wipro.com/content/dam/nexus/en/investor/quarterly-results/2017-2018/q3fy18/analyst-data-sheet-q3-fy18.pdf,5.8,https://www.wipro.com/content/dam/nexus/en/investor/quarterly-results/2017-2018/q3fy18/analyst-data-sheet-q3-fy18.pdf,0.9,https://www.wipro.com/content/dam/nexus/en/investor/quarterly-results/2017-2018/q3fy18/analyst-data-sheet-q3-fy18.pdf,158865.0,https://www.wipro.com/content/dam/nexus/en/investor/quarterly-results/2018-2019/q3fy19/analyst-data-sheet-q3-fy19.pdf,16.1,https://www.wipro.com/content/dam/nexus/en/investor/quarterly-results/2018-2019/q3fy19/analyst-data-sheet-q3-fy19.pdf,81.9,https://www.wipro.com/content/dam/nexus/en/investor/quarterly-results/2018-2019/q3fy19/analyst-data-sheet-q3-fy19.pdf,,,81.9,https://www.wipro.com/content/dam/nexus/en/investor/quarterly-results/2018-2019/q3fy19/analyst-data-sheet-q3-fy19.pdf,21543.0,https://www.wipro.com/content/dam/nexus/en/investor/quarterly-results/2018-2019/q3fy19/ifrs-financials.pdf,,,,,,,15.760479918062769
wipro,2018Q1,2019.1,https://www.wipro.com/content/dam/nexus/en/investor/quarterly-results/2018-2019/q4fy19/analyst-data-sheet-q4-fy19.pdf,137686.0,https://www.wipro.com/content/dam/nexus/en/investor/quarterly-results/2018-2019/q4fy19/ifrs-financials.pdf,2.5,https://www.wipro.com/content/dam/nexus/en/investor/quarterly-results/2017-2018/q4fy18/wipro-data-sheet-q4-fy18.pdf,5.5,https://www.wipro.com/content/dam/nexus/en/investor/quarterly-results/2017-2018/q4fy18/wipro-data-sheet-q4-fy18.pdf,1.1,https://www.wipro.com/content/dam/nexus/en/investor/quarterly-results/2017-2018/q4fy18/wipro-data-sheet-q4-fy18.pdf,159923.0,https://www.wipro.com/content/dam/nexus/en/investor/quarterly-results/2018-2019/q4fy19/analyst-data-sheet-q4-fy19.pdf,16.8,https://www.wipro.com/content/dam/nexus/en/investor/quarterly-results/2018-2019/q4fy19/analyst-data-sheet-q4-fy19.pdf,83.4,https://www.wipro.com/content/dam/nexus/en/investor/quarterly-results/2018-2019/q4fy19/analyst-data-sheet-q4-fy19.pdf,,,83.4,https://www.wipro.com/content/dam/nexus/en/investor/quarterly-results/2018-2019/q4fy19/analyst-data-sheet-q4-fy19.pdf,21144.0,https://www.wipro.com/content/dam/nexus/en/investor/quarterly-results/2018-2019/q4fy19/ifrs-financials.pdf,,,,,,,15.35668114405241
wipro,2018Q2,1988.8,https://www.wipro.com/content/dam/nexus/en/investor/quarterly-results/2019-2020/q3fy20/analyst-data-sheet-q3-fy20.pdf,139777.0,https://www.wipro.com/content/dam/nexus/en/investor/quarterly-results/2019-2020/q1fy20/ifrs-financials-june-2019.pdf,2.4,https://www.wipro.com/content/dam/nexus/en/investor/quarterly-results/2018-2019/q1fy19/analyst-data-sheet-q1-fy19.pdf,2.8,https://www.wipro.com/content/dam/nexus/en/investor/quarterly-results/2018-2019/q1fy19/analyst-data-sheet-q1-fy19.pdf,0.1,https://www.wipro.com/content/dam/nexus/en/investor/quarterly-results/2018-2019/q1fy19/analyst-data-sheet-q1-fy19.pdf,160846.0,https://www.wipro.com/content/dam/nexus/en/investor/quarterly-results/2019-2020/q3fy20/analyst-data-sheet-q3-fy20.pdf,17.1,https://www.wipro.com/content/dam/nexus/en/investor/quarterly-results/2019-2020/q3fy20/analyst-data-sheet-q3-fy20.pdf,85.2,https://www.wipro.com/content/dam/nexus/en/investor/quarterly-results/2019-2020/q3fy20/analyst-data-sheet-q3-fy20.pdf,,,85.2,https://www.wipro.com/content/dam/nexus/en/investor/quarterly-results/2019-2020/q3fy20/analyst-data-sheet-q3-fy20.pdf,22443.0,https://www.wipro.com/content/dam/nexus/en/investor/quarterly-results/2019-2020/q1fy20/ifrs-financials-june-2019.pdf,,,,,,,16.05628966138921
wipro,2018Q3,2009.5,https://www.wipro.com/content/dam/nexus/en/investor/quarterly-results/2019-2020/q3fy20/analyst-data-sheet-q3-fy20.pdf,145410.0,https://www.wipro.com/content/dam/nexus/en/investor/quarterly-results/2019-2020/q2fy20/ifrs-financials-sep-2019.pdf,5.1,https://www.wipro.com/content/dam/nexus/en/investor/quarterly-results/2018-2019/q2fy19/analyst-data-sheet-q2-fy19.pdf,2.6,https://www.wipro.com/content/dam/nexus/en/investor/quarterly-results/2018-2019/q2fy19/analyst-data-sheet-q2-fy19.pdf,2.8,https://www.wipro.com/content/dam/nexus/en/investor/quarterly-results/2018-2019/q2fy19/analyst-data-sheet-q2-fy19.pdf,171451.0,https://www.wipro.com/content/dam/nexus/en/investor/quarterly-results/2019-2020/q3fy20/analyst-data-sheet-q3-fy20.pdf,17.5,https://www.wipro.com/content/dam/nexus/en/investor/quarterly-results/2019-2020/q3fy20/analyst-data-sheet-q3-fy20.pdf,85.5,https://www.wipro.com/content/dam/nexus/en/investor/quarterly-results/2019-2020/q3fy20/analyst-data-sheet-q3-fy20.pdf,,,85.5,https://www.wipro.com/content/dam/nexus/en/investor/quarterly-results/2019-2020/q3fy20/analyst-data-sheet-q3-fy20.pdf,24318.0,https://www.wipro.com/content/dam/nexus/en/investor/quarterly-results/2019-2020/q2fy20/ifrs-financials-sep-2019.pdf,,,,,,,16.72374664741077
wipro,2018Q4,2046.5,https://www.wipro.com/content/dam/nexus/en/investor/quarterly-results/2019-2020/q3fy20/analyst-data-sheet-q3-fy20.pdf,150595.0,https://www.wipro.com/content/dam/nexus/en/investor/quarterly-results/2019-2020/q3fy20/ifrs-financials-dec-2019.pdf,7.0,https://www.wipro.com/content/dam/nexus/en/investor/quarterly-results/2018-2019/q3fy19/analyst-data-sheet-q3-fy19.pdf,5.0,https://www.wipro.com/content/dam/nexus/en/investor/quarterly-results/2018-2019/q3fy19/analyst-data-sheet-q3-fy19.pdf,2.4,https://www.wipro.com/content/dam/nexus/en/investor/quarterly-results/2018-2019/q3fy19/analyst-data-sheet-q3-fy19.pdf,172379.0,https://www.wipro.com/content/dam/nexus/en/investor/quarterly-results/2019-2020/q3fy20/analyst-data-sheet-q3-fy20.pdf,17.9,https://www.wipro.com/content/dam/nexus/en/investor/quarterly-results/2019-2020/q3fy20/analyst-data-sheet-q3-fy20.pdf,83.2,https://www.wipro.com/content/dam/nexus/en/investor/quarterly-results/2019-2020/q3fy20/analyst-data-sheet-q3-fy20.pdf,,,83.2,https://www.wipro.com/content/dam/nexus/en/investor/quarterly-results/2019-2020/q3fy20/analyst-data-sheet-q3-fy20.pdf,24030.0,https://www.wipro.com/content/dam/nexus/en/investor/quarterly-results/2019-2020/q3fy20/ifrs-financials-dec-2019.pdf,,,,,,,15.956705069889438
wipro,2019Q1,2075.5,https://www.wipro.com/content/dam/nexus/en/investor/quarterly-results/2019-2020/q4fy20/analyst-data-sheet-q4-fy20.pdf,150063.0,https://www.wipro.com/content/dam/nexus/en/investor/quarterly-results/2019-2020/q4fy20/ifrs-financials-mar-2020.pdf,6.9,https://www.wipro.com/content/dam/nexus/en/investor/quarterly-results/2018-2019/q4fy19/analyst-data-sheet-q4-fy19.pdf,4.0,https://www.wipro.com/content/dam/nexus/en/investor/quarterly-results/2018-2019/q4fy19/analyst-data-sheet-q4-fy19.pdf,1.0,https://www.wipro.com/content/dam/nexus/en/investor/quarterly-results/2018-2019/q4fy19/analyst-data-sheet-q4-fy19.pdf,171425.0,https://www.wipro.com/content/dam/nexus/en/investor/quarterly-results/2019-2020/q4fy20/analyst-data-sheet-q4-fy20.pdf,17.6,https://www.wipro.com/content/dam/nexus/en/investor/quarterly-results/2019-2020/q4fy20/analyst-data-sheet-q4-fy20.pdf,85.4,https://www.wipro.com/content/dam/nexus/en/investor/quarterly-results/2019-2020/q4fy20/analyst-data-sheet-q4-fy20.pdf,,,85.4,https://www.wipro.com/content/dam/nexus/en/investor/quarterly-results/2019-2020/q4fy20/analyst-data-sheet-q4-fy20.pdf,23934.0,https://www.wipro.com/content/dam/nexus/en/investor/quarterly-results/2019-2020/q4fy20/ifrs-financials-mar-2020.pdf,,,,,,,15.949301293456749
wipro,2019Q2,2038.8,https://www.wipro.com/content/dam/nexus/en/investor/quarterly-results/2020-2021/q3fy21/analyst-data-sheet-q3-fy21..pdf,147161.0,https://www.wipro.com/content/dam/nexus/en/investor/quarterly-results/2020-2021/q1fy20/ifrs-financials-june-2020.pdf,5.9,https://www.wipro.com/content/dam/nexus/en/investor/quarterly-results/2019-2020/q1fy20/analyst-data-sheet-q1-fy20.pdf,4.3,https://www.wipro.com/content/dam/nexus/en/investor/quarterly-results/2019-2020/q1fy20/analyst-data-sheet-q1-fy20.pdf,-0.7,https://www.wipro.com/content/dam/nexus/en/investor/quarterly-results/2019-2020/q1fy20/analyst-data-sheet-q1-fy20.pdf,174850.0,https://www.wipro.com/content/dam/nexus/en/investor/quarterly-results/2020-2021/q3fy21/analyst-data-sheet-q3-fy21..pdf,17.6,https://www.wipro.com/content/dam/nexus/en/investor/quarterly-results/2020-2021/q3fy21/analyst-data-sheet-q3-fy21..pdf,85.0,https://www.wipro.com/content/dam/nexus/en/investor/quarterly-results/2020-2021/q3fy21/analyst-data-sheet-q3-fy21..pdf,,,85.0,https://www.wipro.com/content/dam/nexus/en/investor/quarterly-results/2020-2021/q3fy21/analyst-data-sheet-q3-fy21..pdf,22563.0,https://www.wipro.com/content/dam/nexus/en/investor/quarterly-results/2020-2021/q1fy20/ifrs-financials-june-2020.pdf,,,,,,,15.332187196335985
wipro,2019Q3,2048.9,https://www.wipro.com/content/dam/nexus/en/investor/quarterly-results/2020-2021/q3fy21/analyst-data-sheet-q3-fy21..pdf,151256.0,https://www.wipro.com/content/dam/nexus/en/investor/quarterly-results/2020-2021/q2fy21/ifrs-financials-september-2020.pdf,3.8,https://www.wipro.com/content/dam/nexus/en/investor/quarterly-results/2019-2020/q2fy20/analyst-data-sheet-q2-fy20.pdf,2.5,https://www.wipro.com/content/dam/nexus/en/investor/quarterly-results/2019-2020/q2fy20/analyst-data-sheet-q2-fy20.pdf,1.1,https://www.wipro.com/content/dam/nexus/en/investor/quarterly-results/2019-2020/q2fy20/analyst-data-sheet-q2-fy20.pdf,181453.0,https://www.wipro.com/content/dam/nexus/en/investor/quarterly-results/2020-2021/q3fy21/analyst-data-sheet-q3-fy21..pdf,17.0,https://www.wipro.com/content/dam/nexus/en/investor/quarterly-results/2020-2021/q3fy21/analyst-data-sheet-q3-fy21..pdf,82.1,https://www.wipro.com/content/dam/nexus/en/investor/quarterly-results/2020-2021/q3fy21/analyst-data-sheet-q3-fy21..pdf,,,82.1,https://www.wipro.com/content/dam/nexus/en/investor/quarterly-results/2020-2021/q3fy21/analyst-data-sheet-q3-fy21..pdf,22423.0,https://www.wipro.com/content/dam/nexus/en/investor/quarterly-results/2020-2021/q2fy21/ifrs-financials-september-2020.pdf,,,,,,,14.824535886179723
wipro,2019Q4,2094.8,https://www.wipro.com/content/dam/nexus/en/investor/quarterly-results/2020-2021/q3fy21/analyst-data-sheet-q3-fy21..pdf,154705.0,https://www.wipro.com/content/dam/nexus/en/investor/quarterly-results/2020-2021/q3fy21/ifrs-financials-december-2020.pdf,3.3,https://www.wipro.com/content/dam/nexus/en/investor/quarterly-results/2019-2020/q3fy20/analyst-data-sheet-q3-fy20.pdf,2.9,https://www.wipro.com/content/dam/nexus/en/investor/quarterly-results/2019-2020/q3fy20/analyst-data-sheet-q3-fy20.pdf,1.8,https://www.wipro.com/content/dam/nexus/en/investor/quarterly-results/2019-2020/q3fy20/analyst-data-sheet-q3-fy20.pdf,187318.0,https://www.wipro.com/content/dam/nexus/en/investor/quarterly-results/2020-2021/q3fy21/analyst-data-sheet-q3-fy21..pdf,15.7,https://www.wipro.com/content/dam/nexus/en/investor/quarterly-results/2020-2021/q3fy21/analyst-data-sheet-q3-fy21..pdf,79.6,https://www.wipro.com/content/dam/nexus/en/investor/quarterly-results/2020-2021/q3fy21/analyst-data-sheet-q3-fy21..pdf,,,79.6,https://www.wipro.com/content/dam/nexus/en/investor/quarterly-results/2020-2021/q3fy21/analyst-data-sheet-q3-fy21..pdf,22764.0,https://www.wipro.com/content/dam/nexus/en/investor/quarterly-results/2020-2021/q3fy21/ifrs-financials-december-2020.pdf,,,,,,,14.714456546330112
wipro,2020Q1,2072.8,https://www.wipro.com/content/dam/nexus/en/investor/quarterly-results/2020-2021/q4fy21/analyst-data-sheet-q4-fy21.pdf,157110.0,https://www.wipro.com/content/dam/nexus/en/investor/quarterly-results/2020-2021/q4fy21/consolidated-financial-statement-q4-fy21.pdf,2.6,https://www.wipro.com/content/dam/nexus/en/investor/quarterly-results/2019-2020/q4fy20/analyst-data-sheet-q4-fy20.pdf,0.4,https://www.wipro.com/content/dam/nexus/en/investor/quarterly-results/2019-2020/q4fy20/analyst-data-sheet-q4-fy20.pdf,0.4,https://www.wipro.com/content/dam/nexus/en/investor/quarterly-results/2019-2020/q4fy20/analyst-data-sheet-q4-fy20.pdf,182886.0,https://www.wipro.com/content/dam/nexus/en/investor/quarterly-results/2020-2021/q4fy21/analyst-data-sheet-q4-fy21.pdf,14.7,https://www.wipro.com/content/dam/nexus/en/investor/quarterly-results/2020-2021/q4fy21/analyst-data-sheet-q4-fy21.pdf,82.6,https://www.wipro.com/content/dam/nexus/en/investor/quarterly-results/2020-2021/q4fy21/analyst-data-sheet-q4-fy21.pdf,,,82.6,https://www.wipro.com/content/dam/nexus/en/investor/quarterly-results/2020-2021/q4fy21/analyst-data-sheet-q4-fy21.pdf,22771.0,https://www.wipro.com/content/dam/nexus/en/investor/quarterly-results/2020-2021/q4fy21/consolidated-financial-statement-q4-fy21.pdf,,,,,,,14.493666857615683
wipro,2020Q2,1921.0,https://www.wipro.com/content/dam/nexus/en/investor/quarterly-results/2021-2022/q3fy22/analyst-data-sheet-q3-fy22.pdf,149131.0,https://www.wipro.com/content/dam/nexus/en/investor/quarterly-results/2021-2022/q1fy22/ifrs-financials-june-2021.pdf,-4.4,https://www.wipro.com/content/dam/nexus/en/investor/quarterly-results/2020-2021/q1fy20/analyst-data-sheet-q1-fy21.pdf,-5.7,https://www.wipro.com/content/dam/nexus/en/investor/quarterly-results/2020-2021/q1fy20/analyst-data-sheet-q1-fy21.pdf,-7.5,https://www.wipro.com/content/dam/nexus/en/investor/quarterly-results/2020-2021/q1fy20/analyst-data-sheet-q1-fy21.pdf,181804.0,https://www.wipro.com/content/dam/nexus/en/investor/quarterly-results/2021-2022/q3fy22/analyst-data-sheet-q3-fy22.pdf,13.0,https://www.wipro.com/content/dam/nexus/en/investor/quarterly-results/2021-2022/q3fy22/analyst-data-sheet-q3-fy22.pdf,84.5,https://www.wipro.com/content/dam/nexus/en/investor/quarterly-results/2021-2022/q3fy22/analyst-data-sheet-q3-fy22.pdf,,,84.5,https://www.wipro.com/content/dam/nexus/en/investor/quarterly-results/2021-2022/q3fy22/analyst-data-sheet-q3-fy22.pdf,21218.0,https://www.wipro.com/content/dam/nexus/en/investor/quarterly-results/2021-2022/q1fy22/ifrs-financials-june-2021.pdf,,,,,,,14.227759486625853
wipro,2020Q3,1992.4,https://www.wipro.com/content/dam/nexus/en/investor/quarterly-results/2021-2022/q3fy22/analyst-data-sheet-q3-fy22.pdf,151145.0,https://www.wipro.com/content/dam/nexus/en/investor/quarterly-results/2021-2022/q2fy22/ifrs-financials-q2-september-2021.pdf,-3.4,https://www.wipro.com/content/dam/nexus/en/investor/quarterly-results/2020-2021/q2fy21/analyst-data-sheet-q2-fy21.pdf,-2.8,https://www.wipro.com/content/dam/nexus/en/investor/quarterly-results/2020-2021/q2fy21/analyst-data-sheet-q2-fy21.pdf,2.0,https://www.wipro.com/content/dam/nexus/en/investor/quarterly-results/2020-2021/q2fy21/analyst-data-sheet-q2-fy21.pdf,185243.0,https://www.wipro.com/content/dam/nexus/en/investor/quarterly-results/2021-2022/q3fy22/analyst-data-sheet-q3-fy22.pdf,11.0,https://www.wipro.com/content/dam/nexus/en/investor/quarterly-results/2021-2022/q3fy22/analyst-data-sheet-q3-fy22.pdf,86.9,https://www.wipro.com/content/dam/nexus/en/investor/quarterly-results/2021-2022/q3fy22/analyst-data-sheet-q3-fy22.pdf,,,86.9,https://www.wipro.com/content/dam/nexus/en/investor/quarterly-results/2021-2022/q3fy22/analyst-data-sheet-q3-fy22.pdf,20240.0,https://www.wipro.com/content/dam/nexus/en/investor/quarterly-results/2021-2022/q2fy22/ifrs-financials-q2-september-2021.pdf,,,,,,,13.39111449270568
wipro,2020Q4,2070.8,https://www.wipro.com/content/dam/nexus/en/investor/quarterly-results/2021-2022/q3fy22/analyst-data-sheet-q3-fy22.pdf,156700.0,https://www.wipro.com/content/dam/nexus/en/investor/quarterly-results/2021-2022/q3fy22/ifrs-consolidated-financials-q3-fy22.pdf,-2.0,https://www.wipro.com/content/dam/nexus/en/investor/quarterly-results/2020-2021/q3fy21/analyst-data-sheet-q3-fy21..pdf,-1.1,https://www.wipro.com/content/dam/nexus/en/investor/quarterly-results/2020-2021/q3fy21/analyst-data-sheet-q3-fy21..pdf,3.4,https://www.wipro.com/content/dam/nexus/en/investor/quarterly-results/2020-2021/q3fy21/analyst-data-sheet-q3-fy21..pdf,190308.0,https://www.wipro.com/content/dam/nexus/en/investor/quarterly-results/2021-2022/q3fy22/analyst-data-sheet-q3-fy22.pdf,11.0,https://www.wipro.com/content/dam/nexus/en/investor/quarterly-results/2021-2022/q3fy22/analyst-data-sheet-q3-fy22.pdf,86.3,https://www.wipro.com/content/dam/nexus/en/investor/quarterly-results/2021-2022/q3fy22/analyst-data-sheet-q3-fy22.pdf,,,86.3,https://www.wipro.com/content/dam/nexus/en/investor/quarterly-results/2021-2022/q3fy22/analyst-data-sheet-q3-fy22.pdf,20657.0,https://www.wipro.com/content/dam/nexus/en/investor/quarterly-results/2021-2022/q3fy22/ifrs-consolidated-financials-q3-fy22.pdf,1200.0,https://www.wipro.com/content/dam/nexus/en/investor/quarterly-results/2020-2021/q3fy21/wipro-limited-q3-fy21-quarterly-investor-conference-call.pdf,,,,,13.182514358647097
wipro,2021Q1,2152.4,https://www.wipro.com/content/dam/nexus/en/investor/quarterly-results/2021-2022/q4fy22/analyst-data-sheet-q4-fy22.pdf,162454.0,https://www.wipro.com/content/dam/nexus/en/investor/quarterly-results/2021-2022/q4fy22/ifrs-consolidated-financials-q4-fy22.pdf,0.5,https://www.wipro.com/content/dam/nexus/en/investor/quarterly-results/2020-2021/q4fy21/analyst-data-sheet-q4-fy21.pdf,3.8,https://www.wipro.com/content/dam/nexus/en/investor/quarterly-results/2020-2021/q4fy21/analyst-data-sheet-q4-fy21.pdf,3.0,https://www.wipro.com/content/dam/nexus/en/investor/quarterly-results/2020-2021/q4fy21/analyst-data-sheet-q4-fy21.pdf,197712.0,https://www.wipro.com/content/dam/nexus/en/investor/quarterly-results/2021-2022/q4fy22/analyst-data-sheet-q4-fy22.pdf,12.1,https://www.wipro.com/content/dam/nexus/en/investor/quarterly-results/2021-2022/q4fy22/analyst-data-sheet-q4-fy22.pdf,86.0,https://www.wipro.com/content/dam/nexus/en/investor/quarterly-results/2021-2022/q4fy22/analyst-data-sheet-q4-fy22.pdf,,,86.0,https://www.wipro.com/content/dam/nexus/en/investor/quarterly-results/2021-2022/q4fy22/analyst-data-sheet-q4-fy22.pdf,21494.0,https://www.wipro.com/content/dam/nexus/en/investor/quarterly-results/2021-2022/q4fy22/ifrs-consolidated-financials-q4-fy22.pdf,1400.0,https://www.wipro.com/content/dam/nexus/en/investor/quarterly-results/2020-2021/q4fy21/wipro-limited-q4-fy21-quarterly-investor-conference-call-transcript.pdf,,,,,13.230822263533062
wipro,2021Q2,2414.5,https://www.wipro.com/content/dam/nexus/en/investor/quarterly-results/2022-2023/q3fy23/datasheet-q3fy23.pdf,182524.0,https://www.wipro.com/content/dam/nexus/en/investor/quarterly-results/2022-2023/q1fy23/ifrs-consolidated-financials-q1-fy23.pdf,21.3,https://www.wipro.com/content/dam/nexus/en/investor/quarterly-results/2021-2022/q1fy22/analyst-data-sheet-q1-fy22.pdf,25.7,https://www.wipro.com/content/dam/nexus/en/investor/quarterly-results/2021-2022/q1fy22/analyst-data-sheet-q1-fy22.pdf,12.0,https://www.wipro.com/content/dam/nexus/en/investor/quarterly-results/2021-2022/q1fy22/analyst-data-sheet-q1-fy22.pdf,209890.0,https://www.wipro.com/content/dam/nexus/en/investor/quarterly-results/2022-2023/q3fy23/datasheet-q3fy23.pdf,15.5,https://www.wipro.com/content/dam/nexus/en/investor/quarterly-results/2022-2023/q3fy23/datasheet-q3fy23.pdf,86.8,https://www.wipro.com/content/dam/nexus/en/investor/quarterly-results/2022-2023/q3fy23/datasheet-q3fy23.pdf,,,86.8,https://www.wipro.com/content/dam/nexus/en/investor/quarterly-results/2022-2023/q3fy23/datasheet-q3fy23.pdf,24619.0,https://www.wipro.com/content/dam/nexus/en/investor/quarterly-results/2022-2023/q1fy23/ifrs-consolidated-financials-q1-fy23.pdf,715.0,https://www.wipro.com/content/dam/nexus/en/investor/quarterly-results/2021-2022/q1fy22/wipro-limited-q1-fy22-quarterly-investor-conference-call-transcript.pdf,,,,,13.488089237579716
wipro,2021Q3,2580.0,https://www.wipro.com/content/dam/nexus/en/investor/quarterly-results/2022-2023/q3fy23/datasheet-q3fy23.pdf,196674.0,https://www.wipro.com/content/dam/nexus/en/investor/quarterly-results/2022-2023/q2fy23/ifrs-consolidated-financials-q2-fy23.pdf,28.8,https://www.wipro.com/content/dam/nexus/en/investor/quarterly-results/2021-2022/q2fy22/analyst-data-sheet-q2-fy22.pdf,29.5,https://www.wipro.com/content/dam/nexus/en/investor/quarterly-results/2021-2022/q2fy22/analyst-data-sheet-q2-fy22.pdf,8.1,https://www.wipro.com/content/dam/nexus/en/investor/quarterly-results/2021-2022/q2fy22/analyst-data-sheet-q2-fy22.pdf,221365.0,https://www.wipro.com/content/dam/nexus/en/investor/quarterly-results/2022-2023/q3fy23/datasheet-q3fy23.pdf,20.5,https://www.wipro.com/content/dam/nexus/en/investor/quarterly-results/2022-2023/q3fy23/datasheet-q3fy23.pdf,89.2,https://www.wipro.com/content/dam/nexus/en/investor/quarterly-results/2022-2023/q3fy23/datasheet-q3fy23.pdf,,,89.2,https://www.wipro.com/content/dam/nexus/en/investor/quarterly-results/2022-2023/q3fy23/datasheet-q3fy23.pdf,27277.0,https://www.wipro.com/content/dam/nexus/en/investor/quarterly-results/2022-2023/q2fy23/ifrs-consolidated-financials-q2-fy23.pdf,580.0,https://www.wipro.com/content/dam/nexus/en/investor/quarterly-results/2021-2022/q2fy22/wipro-limited-q2-fy22-quarterly-investor-conference-call-transcript.pdf,,,,,13.869143862432248
wipro,2021Q4,2639.7,https://www.wipro.com/content/dam/nexus/en/investor/quarterly-results/2022-2023/q3fy23/datasheet-q3fy23.pdf,203136.0,https://www.wipro.com/content/dam/nexus/en/investor/quarterly-results/2022-2023/q3fy23/consolidated-financial-statement-q3fy23.pdf,28.5,https://www.wipro.com/content/dam/nexus/en/investor/quarterly-results/2021-2022/q3fy22/analyst-data-sheet-q3-fy22.pdf,27.5,https://www.wipro.com/content/dam/nexus/en/investor/quarterly-results/2021-2022/q3fy22/analyst-data-sheet-q3-fy22.pdf,3.0,https://www.wipro.com/content/dam/nexus/en/investor/quarterly-results/2021-2022/q3fy22/analyst-data-sheet-q3-fy22.pdf,231671.0,https://www.wipro.com/content/dam/nexus/en/investor/quarterly-results/2022-2023/q3fy23/datasheet-q3fy23.pdf,22.7,https://www.wipro.com/content/dam/nexus/en/investor/quarterly-results/2022-2023/q3fy23/datasheet-q3fy23.pdf,85.8,https://www.wipro.com/content/dam/nexus/en/investor/quarterly-results/2022-2023/q3fy23/datasheet-q3fy23.pdf,,,85.8,https://www.wipro.com/content/dam/nexus/en/investor/quarterly-results/2022-2023/q3fy23/datasheet-q3fy23.pdf,28190.0,https://www.wipro.com/content/dam/nexus/en/investor/quarterly-results/2022-2023/q3fy23/consolidated-financial-statement-q3fy23.pdf,,,,,,,13.877402331442974
wipro,2022Q1,2721.7,https://www.wipro.com/content/dam/nexus/en/investor/quarterly-results/2022-2023/q4fy23/datasheet-q4fy23.pdf,208600.0,https://www.wipro.com/content/dam/nexus/en/investor/quarterly-results/2022-2023/q4fy23/consolidated-financial-statement-q4fy23.pdf,28.5,https://www.wipro.com/content/dam/nexus/en/investor/quarterly-results/2021-2022/q4fy22/analyst-data-sheet-q4-fy22.pdf,26.4,https://www.wipro.com/content/dam/nexus/en/investor/quarterly-results/2021-2022/q4fy22/analyst-data-sheet-q4-fy22.pdf,3.1,https://www.wipro.com/content/dam/nexus/en/investor/quarterly-results/2021-2022/q4fy22/analyst-data-sheet-q4-fy22.pdf,243128.0,https://www.wipro.com/content/dam/nexus/en/investor/quarterly-results/2022-2023/q4fy23/datasheet-q4fy23.pdf,23.8,https://www.wipro.com/content/dam/nexus/en/investor/quarterly-results/2022-2023/q4fy23/datasheet-q4fy23.pdf,85.2,https://www.wipro.com/content/dam/nexus/en/investor/quarterly-results/2022-2023/q4fy23/datasheet-q4fy23.pdf,,,85.2,https://www.wipro.com/content/dam/nexus/en/investor/quarterly-results/2022-2023/q4fy23/datasheet-q4fy23.pdf,28503.0,https://www.wipro.com/content/dam/nexus/en/investor/quarterly-results/2022-2023/q4fy23/consolidated-financial-statement-q4fy23.pdf,,,,,,,13.663950143815915
wipro,2022Q2,2756.1,https://www.wipro.com/content/dam/nexus/en/investor/quarterly-results/2023-2024/q2fy24/datasheet-q2fy24.pdf,215286.0,https://www.wipro.com/content/dam/nexus/en/investor/quarterly-results/2023-2024/q1fy24/consolidated-financial-statement-q1fy24.pdf,17.2,https://www.wipro.com/content/dam/nexus/en/investor/quarterly-results/2022-2023/q1fy23/analyst-data-sheet-q1-fy23.pdf,13.3,https://www.wipro.com/content/dam/nexus/en/investor/quarterly-results/2022-2023/q1fy23/analyst-data-sheet-q1-fy23.pdf,2.1,https://www.wipro.com/content/dam/nexus/en/investor/quarterly-results/2022-2023/q1fy23/analyst-data-sheet-q1-fy23.pdf,262049.0,https://www.wipro.com/content/dam/nexus/en/investor/quarterly-results/2023-2024/q2fy24/datasheet-q2fy24.pdf,23.0,https://www.wipro.com/content/dam/nexus/en/investor/quarterly-results/2023-2024/q2fy24/datasheet-q2fy24.pdf,83.8,https://www.wipro.com/content/dam/nexus/en/investor/quarterly-results/2023-2024/q2fy24/datasheet-q2fy24.pdf,,,83.8,https://www.wipro.com/content/dam/nexus/en/investor/quarterly-results/2023-2024/q2fy24/datasheet-q2fy24.pdf,29454.0,https://www.wipro.com/content/dam/nexus/en/investor/quarterly-results/2023-2024/q1fy24/consolidated-financial-statement-q1fy24.pdf,1123.0,https://www.wipro.com/content/dam/nexus/en/investor/quarterly-results/2023-2024/q2fy24/datasheet-q2fy24.pdf,,,,,13.681335525765725
wipro,2022Q3,2817.4,https://www.wipro.com/content/dam/nexus/en/investor/quarterly-results/2023-2024/q3fy24/datasheet-q3fy24.pdf,225397.0,https://www.wipro.com/content/dam/nexus/en/investor/quarterly-results/2023-2024/q2fy24/consolidated-financial-statement-q2fy24.pdf,12.9,https://www.wipro.com/content/dam/nexus/en/investor/quarterly-results/2022-2023/q2fy23/analyst-data-sheet-q2-fy23.pdf,8.4,https://www.wipro.com/content/dam/nexus/en/investor/quarterly-results/2022-2023/q2fy23/analyst-data-sheet-q2-fy23.pdf,4.1,https://www.wipro.com/content/dam/nexus/en/investor/quarterly-results/2022-2023/q2fy23/analyst-data-sheet-q2-fy23.pdf,262626.0,https://www.wipro.com/content/dam/nexus/en/investor/quarterly-results/2023-2024/q3fy24/datasheet-q3fy24.pdf,22.9,https://www.wipro.com/content/dam/nexus/en/investor/quarterly-results/2023-2024/q3fy24/datasheet-q3fy24.pdf,79.8,https://www.wipro.com/content/dam/nexus/en/investor/quarterly-results/2023-2024/q3fy24/datasheet-q3fy24.pdf,,,79.8,https://www.wipro.com/content/dam/nexus/en/investor/quarterly-results/2023-2024/q3fy24/datasheet-q3fy24.pdf,29131.0,https://www.wipro.com/content/dam/nexus/en/investor/quarterly-results/2023-2024/q2fy24/consolidated-financial-statement-q2fy24.pdf,713.0,https://www.wipro.com/content/dam/nexus/en/investor/quarterly-results/2023-2024/q3fy24/datasheet-q3fy24.pdf,,,,,12.924306889621423
wipro,2022Q4,2821.4,https://www.wipro.com/content/dam/nexus/en/investor/quarterly-results/2023-2024/q3fy24/datasheet-q3fy24.pdf,232290.0,https://www.wipro.com/content/dam/nexus/en/investor/quarterly-results/2023-2024/q3fy24/consolidated-financial-statement-q3fy24.pdf,10.4,https://www.wipro.com/content/dam/nexus/en/investor/quarterly-results/2022-2023/q3fy23/datasheet-q3fy23.pdf,6.2,https://www.wipro.com/content/dam/nexus/en/investor/quarterly-results/2022-2023/q3fy23/datasheet-q3fy23.pdf,0.6,https://www.wipro.com/content/dam/nexus/en/investor/quarterly-results/2022-2023/q3fy23/datasheet-q3fy23.pdf,262109.0,https://www.wipro.com/content/dam/nexus/en/investor/quarterly-results/2023-2024/q3fy24/datasheet-q3fy24.pdf,21.2,https://www.wipro.com/content/dam/nexus/en/investor/quarterly-results/2023-2024/q3fy24/datasheet-q3fy24.pdf,79.7,https://www.wipro.com/content/dam/nexus/en/investor/quarterly-results/2023-2024/q3fy24/datasheet-q3fy24.pdf,,,79.7,https://www.wipro.com/content/dam/nexus/en/investor/quarterly-results/2023-2024/q3fy24/datasheet-q3fy24.pdf,28486.0,https://www.wipro.com/content/dam/nexus/en/investor/quarterly-results/2023-2024/q3fy24/consolidated-financial-statement-q3fy24.pdf,978.0,https://www.wipro.com/content/dam/nexus/en/investor/quarterly-results/2023-2024/q3fy24/datasheet-q3fy24.pdf,,,,,12.263119376641267
wipro,2023Q1,2839.5,https://www.wipro.com/content/dam/nexus/en/investor/quarterly-results/2023-2024/q4fy24/datasheet-q4fy24.pdf,231903.0,https://www.wipro.com/content/dam/nexus/en/investor/quarterly-results/2023-2024/q4fy24/consolidated-financial-statement-q4fy24.pdf,6.5,https://www.wipro.com/content/dam/nexus/en/investor/quarterly-results/2022-2023/q4fy23/datasheet-q4fy23.pdf,3.7,https://www.wipro.com/content/dam/nexus/en/investor/quarterly-results/2022-2023/q4fy23/datasheet-q4fy23.pdf,-0.6,https://www.wipro.com/content/dam/nexus/en/investor/quarterly-results/2022-2023/q4fy23/datasheet-q4fy23.pdf,258570.0,https://www.wipro.com/content/dam/nexus/en/investor/quarterly-results/2023-2024/q4fy24/datasheet-q4fy24.pdf,19.4,https://www.wipro.com/content/dam/nexus/en/investor/quarterly-results/2023-2024/q4fy24/datasheet-q4fy24.pdf,81.7,https://www.wipro.com/content/dam/nexus/en/investor/quarterly-results/2023-2024/q4fy24/datasheet-q4fy24.pdf,,,81.7,https://www.wipro.com/content/dam/nexus/en/investor/quarterly-results/2023-2024/q4fy24/datasheet-q4fy24.pdf,28176.0,https://www.wipro.com/content/dam/nexus/en/investor/quarterly-results/2023-2024/q4fy24/consolidated-financial-statement-q4fy24.pdf,1083.0,https://www.wipro.com/content/dam/nexus/en/investor/quarterly-results/2023-2024/q4fy24/datasheet-q4fy24.pdf,,,,,12.149907504430733
wipro,2023Q2,2778.5,https://www.wipro.com/content/dam/nexus/en/investor/quarterly-results/2024-2025/q2fy25/datasheet-q2fy25.pdf,228310.0,https://www.wipro.com/content/dam/nexus/en/investor/quarterly-results/2024-2025/q1fy25/consolidated-financial-statement-q1fy25.pdf,1.1,https://www.wipro.com/content/dam/nexus/en/investor/quarterly-results/2023-2024/q1fy24/datasheet-q1fy24.pdf,0.8,https://www.wipro.com/content/dam/nexus/en/investor/quarterly-results/2023-2024/q1fy24/datasheet-q1fy24.pdf,-2.8,https://www.wipro.com/content/dam/nexus/en/investor/quarterly-results/2023-2024/q1fy24/datasheet-q1fy24.pdf,249758.0,https://www.wipro.com/content/dam/nexus/en/investor/quarterly-results/2024-2025/q2fy25/datasheet-q2fy25.pdf,17.3,https://www.wipro.com/content/dam/nexus/en/investor/quarterly-results/2024-2025/q2fy25/datasheet-q2fy25.pdf,83.7,https://www.wipro.com/content/dam/nexus/en/investor/quarterly-results/2024-2025/q2fy25/datasheet-q2fy25.pdf,,,83.7,https://www.wipro.com/content/dam/nexus/en/investor/quarterly-results/2024-2025/q2fy25/datasheet-q2fy25.pdf,26385.0,https://www.wipro.com/content/dam/nexus/en/investor/quarterly-results/2024-2025/q1fy25/consolidated-financial-statement-q1fy25.pdf,1198.0,https://www.wipro.com/content/dam/nexus/en/investor/quarterly-results/2024-2025/q2fy25/datasheet-q2fy25.pdf,,,,,11.556655424641935
wipro,2023Q3,2713.3,https://www.wipro.com/content/dam/nexus/en/investor/quarterly-results/2024-2025/q3fy25/datasheet-q3fy25.pdf,225159.0,https://www.wipro.com/content/dam/nexus/en/investor/quarterly-results/2024-2025/q2fy25/consolidated-financial-statement-q2fy25.pdf,-4.8,https://www.wipro.com/content/dam/nexus/en/investor/quarterly-results/2023-2024/q2fy24/datasheet-q2fy24.pdf,-3.7,https://www.wipro.com/content/dam/nexus/en/investor/quarterly-results/2023-2024/q2fy24/datasheet-q2fy24.pdf,-2.0,https://www.wipro.com/content/dam/nexus/en/investor/quarterly-results/2023-2024/q2fy24/datasheet-q2fy24.pdf,244707.0,https://www.wipro.com/content/dam/nexus/en/investor/quarterly-results/2024-2025/q3fy25/datasheet-q3fy25.pdf,15.5,https://www.wipro.com/content/dam/nexus/en/investor/quarterly-results/2024-2025/q3fy25/datasheet-q3fy25.pdf,84.5,https://www.wipro.com/content/dam/nexus/en/investor/quarterly-results/2024-2025/q3fy25/datasheet-q3fy25.pdf,,,84.5,https://www.wipro.com/content/dam/nexus/en/investor/quarterly-results/2024-2025/q3fy25/datasheet-q3fy25.pdf,26547.0,https://www.wipro.com/content/dam/nexus/en/investor/quarterly-results/2024-2025/q2fy25/consolidated-financial-statement-q2fy25.pdf,1275.0,https://www.wipro.com/content/dam/nexus/en/investor/quarterly-results/2024-2025/q3fy25/datasheet-q3fy25.pdf,,,,,11.790334830053428
wipro,2023Q4,2656.1,https://www.wipro.com/content/dam/nexus/en/investor/quarterly-results/2024-2025/q3fy25/datasheet-q3fy25.pdf,222051.0,https://www.wipro.com/content/dam/nexus/en/investor/quarterly-results/2024-2025/q3fy25/consolidated-financial-statement-q3fy25.pdf,-6.9,https://www.wipro.com/content/dam/nexus/en/investor/quarterly-results/2023-2024/q3fy24/datasheet-q3fy24.pdf,-5.9,https://www.wipro.com/content/dam/nexus/en/investor/quarterly-results/2023-2024/q3fy24/datasheet-q3fy24.pdf,-1.7,https://www.wipro.com/content/dam/nexus/en/investor/quarterly-results/2023-2024/q3fy24/datasheet-q3fy24.pdf,239655.0,https://www.wipro.com/content/dam/nexus/en/investor/quarterly-results/2024-2025/q3fy25/datasheet-q3fy25.pdf,14.2,https://www.wipro.com/content/dam/nexus/en/investor/quarterly-results/2024-2025/q3fy25/datasheet-q3fy25.pdf,84.0,https://www.wipro.com/content/dam/nexus/en/investor/quarterly-results/2024-2025/q3fy25/datasheet-q3fy25.pdf,,,84.0,https://www.wipro.com/content/dam/nexus/en/investor/quarterly-results/2024-2025/q3fy25/datasheet-q3fy25.pdf,25780.0,https://www.wipro.com/content/dam/nexus/en/investor/quarterly-results/2024-2025/q3fy25/consolidated-financial-statement-q3fy25.pdf,909.0,https://www.wipro.com/content/dam/nexus/en/investor/quarterly-results/2024-2025/q3fy25/datasheet-q3fy25.pdf,,,,,11.609945462979226
wipro,2024Q1,2657.4,https://www.wipro.com/content/dam/nexus/en/investor/quarterly-results/2024-2025/q4fy25/datasheet-q4fy25.pdf,222083.0,https://www.wipro.com/content/dam/nexus/en/investor/quarterly-results/2024-2025/q4fy25/consolidated-financial-statement-q4fy25.pdf,-6.6,https://www.wipro.com/content/dam/nexus/en/investor/quarterly-results/2023-2024/q4fy24/datasheet-q4fy24.pdf,-6.4,https://www.wipro.com/content/dam/nexus/en/investor/quarterly-results/2023-2024/q4fy24/datasheet-q4fy24.pdf,-0.3,https://www.wipro.com/content/dam/nexus/en/investor/quarterly-results/2023-2024/q4fy24/datasheet-q4fy24.pdf,232614.0,https://www.wipro.com/content/dam/nexus/en/investor/quarterly-results/2024-2025/q4fy25/datasheet-q4fy25.pdf,14.2,https://www.wipro.com/content/dam/nexus/en/investor/quarterly-results/2024-2025/q4fy25/datasheet-q4fy25.pdf,86.9,https://www.wipro.com/content/dam/nexus/en/investor/quarterly-results/2024-2025/q4fy25/datasheet-q4fy25.pdf,,,86.9,https://www.wipro.com/content/dam/nexus/en/investor/quarterly-results/2024-2025/q4fy25/datasheet-q4fy25.pdf,24318.0,https://www.wipro.com/content/dam/nexus/en/investor/quarterly-results/2024-2025/q4fy25/consolidated-financial-statement-q4fy25.pdf,1191.0,https://www.wipro.com/content/dam/nexus/en/investor/quarterly-results/2024-2025/q4fy25/datasheet-q4fy25.pdf,,,,,10.949960150033997
wipro,2024Q2,2625.9,https://www.wipro.com/content/dam/nexus/en/investor/quarterly-results/2025-2026/q2fy26/datasheet-q2fy26.pdf,219638.0,https://www.wipro.com/content/dam/nexus/en/investor/quarterly-results/2025-2026/q1fy26/consolidated-financial-statement-q1fy26.pdf,-4.9,https://www.wipro.com/content/dam/nexus/en/investor/quarterly-results/2024-2025/q1fy25/datasheet-q1fy25.pdf,-5.5,https://www.wipro.com/content/dam/nexus/en/investor/quarterly-results/2024-2025/q1fy25/datasheet-q1fy25.pdf,-1.0,https://www.wipro.com/content/dam/nexus/en/investor/quarterly-results/2024-2025/q1fy25/datasheet-q1fy25.pdf,232911.0,https://www.wipro.com/content/dam/nexus/en/investor/quarterly-results/2025-2026/q2fy26/datasheet-q2fy26.pdf,14.1,https://www.wipro.com/content/dam/nexus/en/investor/quarterly-results/2025-2026/q2fy26/datasheet-q2fy26.pdf,87.7,https://www.wipro.com/content/dam/nexus/en/investor/quarterly-results/2025-2026/q2fy26/datasheet-q2fy26.pdf,,,87.7,https://www.wipro.com/content/dam/nexus/en/investor/quarterly-results/2025-2026/q2fy26/datasheet-q2fy26.pdf,24767.0,https://www.wipro.com/content/dam/nexus/en/investor/quarterly-results/2025-2026/q1fy26/consolidated-financial-statement-q1fy26.pdf,1154.0,https://www.wipro.com/content/dam/nexus/en/investor/quarterly-results/2025-2026/q2fy26/datasheet-q2fy26.pdf,,,,,11.276281882005845
wipro,2024Q3,2660.1,https://www.wipro.com/content/dam/nexus/en/investor/quarterly-results/2025-2026/q3fy26/datasheet-q3fy26.pdf,223016.0,https://www.wipro.com/content/dam/nexus/en/investor/quarterly-results/2025-2026/q2fy26/consolidated-financial-statement-q2fy26.pdf,-2.3,https://www.wipro.com/content/dam/nexus/en/investor/quarterly-results/2024-2025/q2fy25/datasheet-q2fy25.pdf,-2.0,https://www.wipro.com/content/dam/nexus/en/investor/quarterly-results/2024-2025/q2fy25/datasheet-q2fy25.pdf,0.6,https://www.wipro.com/content/dam/nexus/en/investor/quarterly-results/2024-2025/q2fy25/datasheet-q2fy25.pdf,233889.0,https://www.wipro.com/content/dam/nexus/en/investor/quarterly-results/2025-2026/q3fy26/datasheet-q3fy26.pdf,14.5,https://www.wipro.com/content/dam/nexus/en/investor/quarterly-results/2025-2026/q3fy26/datasheet-q3fy26.pdf,86.4,https://www.wipro.com/content/dam/nexus/en/investor/quarterly-results/2025-2026/q3fy26/datasheet-q3fy26.pdf,,,86.4,https://www.wipro.com/content/dam/nexus/en/investor/quarterly-results/2025-2026/q3fy26/datasheet-q3fy26.pdf,24582.0,https://www.wipro.com/content/dam/nexus/en/investor/quarterly-results/2025-2026/q2fy26/consolidated-financial-statement-q2fy26.pdf,1489.0,https://www.wipro.com/content/dam/nexus/en/investor/quarterly-results/2025-2026/q3fy26/datasheet-q3fy26.pdf,,,,,11.022527531656921
wipro,2024Q4,2629.1,https://www.wipro.com/content/dam/nexus/en/investor/quarterly-results/2025-2026/q3fy26/datasheet-q3fy26.pdf,223188.0,https://www.wipro.com/content/dam/nexus/en/investor/quarterly-results/2025-2026/q3fy26/consolidated-financial-statement-q3fy26.pdf,-0.7,https://www.wipro.com/content/dam/nexus/en/investor/quarterly-results/2024-2025/q3fy25/datasheet-q3fy25.pdf,-1.0,https://www.wipro.com/content/dam/nexus/en/investor/quarterly-results/2024-2025/q3fy25/datasheet-q3fy25.pdf,0.1,https://www.wipro.com/content/dam/nexus/en/investor/quarterly-results/2024-2025/q3fy25/datasheet-q3fy25.pdf,232732.0,https://www.wipro.com/content/dam/nexus/en/investor/quarterly-results/2025-2026/q3fy26/datasheet-q3fy26.pdf,15.3,https://www.wipro.com/content/dam/nexus/en/investor/quarterly-results/2025-2026/q3fy26/datasheet-q3fy26.pdf,83.5,https://www.wipro.com/content/dam/nexus/en/investor/quarterly-results/2025-2026/q3fy26/datasheet-q3fy26.pdf,,,83.5,https://www.wipro.com/content/dam/nexus/en/investor/quarterly-results/2025-2026/q3fy26/datasheet-q3fy26.pdf,25903.0,https://www.wipro.com/content/dam/nexus/en/investor/quarterly-results/2025-2026/q3fy26/consolidated-financial-statement-q3fy26.pdf,961.0,https://www.wipro.com/content/dam/nexus/en/investor/quarterly-results/2025-2026/q3fy26/datasheet-q3fy26.pdf,,,,,11.60591071204545
wipro,2025Q1,2596.5,https://www.wipro.com/content/dam/nexus/en/investor/quarterly-results/2025-2026/q4fy26/datasheet-q4fy26.pdf,225042.0,https://www.wipro.com/content/dam/nexus/en/investor/quarterly-results/2025-2026/q4fy26/consolidated-financial-statement-q4fy26.pdf,-1.2,https://www.wipro.com/content/dam/nexus/en/investor/quarterly-results/2024-2025/q4fy25/datasheet-q4fy25.pdf,-2.3,https://www.wipro.com/content/dam/nexus/en/investor/quarterly-results/2024-2025/q4fy25/datasheet-q4fy25.pdf,-0.8,https://www.wipro.com/content/dam/nexus/en/investor/quarterly-results/2024-2025/q4fy25/datasheet-q4fy25.pdf,233346.0,https://www.wipro.com/content/dam/nexus/en/investor/quarterly-results/2025-2026/q4fy26/datasheet-q4fy26.pdf,15.0,https://www.wipro.com/content/dam/nexus/en/investor/quarterly-results/2025-2026/q4fy26/datasheet-q4fy26.pdf,84.6,https://www.wipro.com/content/dam/nexus/en/investor/quarterly-results/2025-2026/q4fy26/datasheet-q4fy26.pdf,,,84.6,https://www.wipro.com/content/dam/nexus/en/investor/quarterly-results/2025-2026/q4fy26/datasheet-q4fy26.pdf,24896.0,https://www.wipro.com/content/dam/nexus/en/investor/quarterly-results/2025-2026/q4fy26/consolidated-financial-statement-q4fy26.pdf,1763.0,https://www.wipro.com/content/dam/nexus/en/investor/quarterly-results/2025-2026/q4fy26/datasheet-q4fy26.pdf,,,,,11.062823828440914
wipro,2025Q2,2587.4,https://www.wipro.com/content/dam/nexus/en/investor/quarterly-results/2026-2027/q1fy27/datasheet-q1fy27.pdf,221346.0,https://www.wipro.com/content/dam/nexus/en/investor/quarterly-results/2026-2027/q1fy27/consolidated-financial-statement-q1fy27.pdf,-2.3,https://www.wipro.com/content/dam/nexus/en/investor/quarterly-results/2025-2026/q1fy26/datasheet-q1fy26.pdf,-1.5,https://www.wipro.com/content/dam/nexus/en/investor/quarterly-results/2025-2026/q1fy26/datasheet-q1fy26.pdf,-2.0,https://www.wipro.com/content/dam/nexus/en/investor/quarterly-results/2025-2026/q1fy26/datasheet-q1fy26.pdf,233232.0,https://www.wipro.com/content/dam/nexus/en/investor/quarterly-results/2026-2027/q1fy27/datasheet-q1fy27.pdf,15.1,https://www.wipro.com/content/dam/nexus/en/investor/quarterly-results/2026-2027/q1fy27/datasheet-q1fy27.pdf,85.0,https://www.wipro.com/content/dam/nexus/en/investor/quarterly-results/2026-2027/q1fy27/datasheet-q1fy27.pdf,,,85.0,https://www.wipro.com/content/dam/nexus/en/investor/quarterly-results/2026-2027/q1fy27/datasheet-q1fy27.pdf,25578.0,https://www.wipro.com/content/dam/nexus/en/investor/quarterly-results/2026-2027/q1fy27/consolidated-financial-statement-q1fy27.pdf,2666.0,https://www.wipro.com/content/dam/nexus/en/investor/quarterly-results/2026-2027/q1fy27/datasheet-q1fy27.pdf,,,,,11.555663983085305
wipro,2025Q3,2604.3,https://www.wipro.com/content/dam/nexus/en/investor/quarterly-results/2026-2027/q1fy27/datasheet-q1fy27.pdf,226973.0,https://www.wipro.com/content/dam/nexus/en/investor/quarterly-results/2025-2026/q2fy26/consolidated-financial-statement-q2fy26.pdf,-2.6,https://www.wipro.com/content/dam/nexus/en/investor/quarterly-results/2025-2026/q2fy26/datasheet-q2fy26.pdf,-2.1,https://www.wipro.com/content/dam/nexus/en/investor/quarterly-results/2025-2026/q2fy26/datasheet-q2fy26.pdf,0.3,https://www.wipro.com/content/dam/nexus/en/investor/quarterly-results/2025-2026/q2fy26/datasheet-q2fy26.pdf,235492.0,https://www.wipro.com/content/dam/nexus/en/investor/quarterly-results/2026-2027/q1fy27/datasheet-q1fy27.pdf,14.9,https://www.wipro.com/content/dam/nexus/en/investor/quarterly-results/2026-2027/q1fy27/datasheet-q1fy27.pdf,86.4,https://www.wipro.com/content/dam/nexus/en/investor/quarterly-results/2026-2027/q1fy27/datasheet-q1fy27.pdf,,,86.4,https://www.wipro.com/content/dam/nexus/en/investor/quarterly-results/2026-2027/q1fy27/datasheet-q1fy27.pdf,26498.0,https://www.wipro.com/content/dam/nexus/en/investor/quarterly-results/2025-2026/q2fy26/consolidated-financial-statement-q2fy26.pdf,2853.0,https://www.wipro.com/content/dam/nexus/en/investor/quarterly-results/2026-2027/q1fy27/datasheet-q1fy27.pdf,,,,,11.674516352165236
wipro,2025Q4,2635.4,https://www.wipro.com/content/dam/nexus/en/investor/quarterly-results/2026-2027/q1fy27/datasheet-q1fy27.pdf,235558.0,https://www.wipro.com/content/dam/nexus/en/investor/quarterly-results/2025-2026/q3fy26/consolidated-financial-statement-q3fy26.pdf,-1.2,https://www.wipro.com/content/dam/nexus/en/investor/quarterly-results/2025-2026/q3fy26/datasheet-q3fy26.pdf,0.2,https://www.wipro.com/content/dam/nexus/en/investor/quarterly-results/2025-2026/q3fy26/datasheet-q3fy26.pdf,1.4,https://www.wipro.com/content/dam/nexus/en/investor/quarterly-results/2025-2026/q3fy26/datasheet-q3fy26.pdf,242021.0,https://www.wipro.com/content/dam/nexus/en/investor/quarterly-results/2026-2027/q1fy27/datasheet-q1fy27.pdf,14.2,https://www.wipro.com/content/dam/nexus/en/investor/quarterly-results/2026-2027/q1fy27/datasheet-q1fy27.pdf,83.1,https://www.wipro.com/content/dam/nexus/en/investor/quarterly-results/2026-2027/q1fy27/datasheet-q1fy27.pdf,,,83.1,https://www.wipro.com/content/dam/nexus/en/investor/quarterly-results/2026-2027/q1fy27/datasheet-q1fy27.pdf,27667.0,https://www.wipro.com/content/dam/nexus/en/investor/quarterly-results/2025-2026/q3fy26/consolidated-financial-statement-q3fy26.pdf,871.0,https://www.wipro.com/content/dam/nexus/en/investor/quarterly-results/2026-2027/q1fy27/datasheet-q1fy27.pdf,,,,,11.745302643085779
wipro,2026Q1,2651.0,https://www.wipro.com/content/dam/nexus/en/investor/quarterly-results/2026-2027/q1fy27/datasheet-q1fy27.pdf,242363.0,https://www.wipro.com/content/dam/nexus/en/investor/quarterly-results/2025-2026/q4fy26/consolidated-financial-statement-q4fy26.pdf,-0.2,https://www.wipro.com/content/dam/nexus/en/investor/quarterly-results/2025-2026/q4fy26/datasheet-q4fy26.pdf,2.1,https://www.wipro.com/content/dam/nexus/en/investor/quarterly-results/2025-2026/q4fy26/datasheet-q4fy26.pdf,0.2,https://www.wipro.com/content/dam/nexus/en/investor/quarterly-results/2025-2026/q4fy26/datasheet-q4fy26.pdf,242156.0,https://www.wipro.com/content/dam/nexus/en/investor/quarterly-results/2026-2027/q1fy27/datasheet-q1fy27.pdf,13.8,https://www.wipro.com/content/dam/nexus/en/investor/quarterly-results/2026-2027/q1fy27/datasheet-q1fy27.pdf,83.5,https://www.wipro.com/content/dam/nexus/en/investor/quarterly-results/2026-2027/q1fy27/datasheet-q1fy27.pdf,,,83.5,https://www.wipro.com/content/dam/nexus/en/investor/quarterly-results/2026-2027/q1fy27/datasheet-q1fy27.pdf,27925.0,https://www.wipro.com/content/dam/nexus/en/investor/quarterly-results/2025-2026/q4fy26/consolidated-financial-statement-q4fy26.pdf,1440.0,https://www.wipro.com/content/dam/nexus/en/investor/quarterly-results/2026-2027/q1fy27/datasheet-q1fy27.pdf,,,,,11.521973238489373
wipro,2026Q2,2614.5,https://www.wipro.com/content/dam/nexus/en/investor/quarterly-results/2026-2027/q1fy27/datasheet-q1fy27.pdf,244786.0,https://www.wipro.com/content/dam/nexus/en/investor/quarterly-results/2026-2027/q1fy27/consolidated-financial-statement-q1fy27.pdf,0.9,https://www.wipro.com/content/dam/nexus/en/investor/quarterly-results/2026-2027/q1fy27/datasheet-q1fy27.pdf,1.0,https://www.wipro.com/content/dam/nexus/en/investor/quarterly-results/2026-2027/q1fy27/datasheet-q1fy27.pdf,-1.2,https://www.wipro.com/content/dam/nexus/en/investor/quarterly-results/2026-2027/q1fy27/datasheet-q1fy27.pdf,243044.0,https://www.wipro.com/content/dam/nexus/en/investor/quarterly-results/2026-2027/q1fy27/datasheet-q1fy27.pdf,13.9,https://www.wipro.com/content/dam/nexus/en/investor/quarterly-results/2026-2027/q1fy27/datasheet-q1fy27.pdf,83.6,https://www.wipro.com/content/dam/nexus/en/investor/quarterly-results/2026-2027/q1fy27/datasheet-q1fy27.pdf,,,83.6,https://www.wipro.com/content/dam/nexus/en/investor/quarterly-results/2026-2027/q1fy27/datasheet-q1fy27.pdf,28787.0,https://www.wipro.com/content/dam/nexus/en/investor/quarterly-results/2026-2027/q1fy27/consolidated-financial-statement-q1fy27.pdf,1626.0,https://www.wipro.com/content/dam/nexus/en/investor/quarterly-results/2026-2027/q1fy27/datasheet-q1fy27.pdf,,,,,11.760067977743825
