firm,supplier_is_firm,year,awardedDate,publishedDate,organisationName,title,awardedSupplier,awardedValue,valueLow,valueHigh,start,end,cpvCodes,noticeIdentifier,description,url,n_suppliers
TCS,True,2018,2018-03-12T00:00:00Z,2018-03-28T15:09:31+01:00,Department for Work and Pensions,Health PDU - Software Engineering/Product Design Services,Tata Consultancy Services Limited,2428800.0,2428800.0,0.0,2018-03-12T00:00:00Z,2018-12-31T00:00:00Z,72000000,tender_167337/663510,"Provision of cloud software engineering, product design service. Full stack development, front end development, backend java development, quality assurance and DevOps",https://www.contractsfinder.service.gov.uk/Notice/87fbea58-3a22-4548-b555-6a25201d4a4f,1
TCS,True,2019,2019-06-03T00:00:00+01:00,2019-07-09T16:42:33+01:00,Financial Conduct Authority,CON18-133 Cloud and Technology Resourcing and Outcomes Framework,"Cognizant Technology Solutions,Sopra Steria,Atos Syntel,Fujitsu Services Ltd,Accenture (UK) Ltd,Tata Consultancy Services Ltd,Methods Consortium,Capgemini Financial Services UK Ltd,PA Consulting Ltd,Actica Consulting Ltd",125000000.0,125000000.0,0.0,2019-06-03T00:00:00+01:00,2023-06-02T00:00:00+01:00,72222300,tender_190568/779847,"FCA have tendered for a cloud and technology resourcing and outcomes framework, to meet an identified need for cloud and other technology and project delivery resources.

The framework will support a number of technology programmes and projects, as well as the FCA transition to the cloud in the coming years, on both a resource and outcome basis.

The framework consists of three (3) principal lots:

- Lot 1 - Design, Build and Run
- Lot 2 - Programme Management and Resourcing
- Lot 3 - Specialist Consultancy Services  This procurement exercise is now completed.

The procurement exerci",https://www.contractsfinder.service.gov.uk/Notice/01aa58d3-e8db-4a9b-ad9a-63001a4bd013,10
TCS,True,2019,2019-01-07T00:00:00Z,2019-02-07T12:05:00Z,Department for Work and Pensions,Development of the Child Maintenance Group Analytic Platform - Phase 1,Tata Consultancy Services Limited,697500.0,697500.0,0.0,2019-01-07T00:00:00Z,2019-09-20T00:00:00+01:00,72000000,tender_175465/745113,Develop a new MI and Analytical Platform to support the Child Maintenance Group's user needs.,https://www.contractsfinder.service.gov.uk/Notice/ee9064cb-ee6f-4663-96d3-0908254a7fe6,1
TCS,True,2018,2018-10-01T00:00:00+01:00,2019-02-07T11:20:35Z,Department for Work and Pensions,Development and Live Support of the DWP Digital Children&#039;s Platform,Tata Consultancy Services Limited,36000000.0,36000000.0,0.0,2018-10-01T00:00:00+01:00,2020-09-30T00:00:00+01:00,72000000,tender_164427/745056,"In accordance with its strategic objective the Buyer intends to operate with a mixed delivery model consisting of both a core team which will be supplemented by supplier Digital teams delivering service outcomes. The Call-Off Contract will provide flexible capacity and capability to support the Buyer by providing Digital teams that comprise of technical specialists and can deliver outcomes in the areas of:
Development services necessary to satisfy the requirements for application development/change/repair across a series of releases; 
Live Support services necessary to satisfy the requiremen",https://www.contractsfinder.service.gov.uk/Notice/13d190cf-5884-4d06-a29e-1aa447f2e44e,1
TCS,True,2020,2020-03-27T00:00:00Z,2020-04-29T17:45:05+01:00,Ofgem,Dynamic Purchasing System - Digital Services,"6point6 Ltd,6point6 Ltd,Acuma Solutions Limited,Acuma Solutions Limited,Acuma Solutions Limited,Acuma Solutions Limited,Agilesphere LLP,Agilesphere LLP,Agilesphere LLP,Agilesphere LLP,Andigital Limited,Andigital Limited,Andigital Limited,Andigital Limited,ANUP Consulting ltd,ANUP Consulting ltd,Atkins Limited,Atkins Limited,Atkins Limited,BiP Solutions Ltd,BMT Defence and Security UK Ltd,BMT Defence and Security UK Ltd,BMT Defence and Security UK Ltd,BMT Defence and Security UK Ltd,Cadence Innova Ltd,Certes Computing Limited,CGI IT UK Limited,CGI IT UK Limited,CGI IT UK Limited,Cognizant Worldwide Limited,County HR Solutions Limited,County HR Solutions Limited,County HR Solutions Limited,County HR Solutions Limited,Evisa Solutions Ltd TA Malikshaw,Evisa Solutions Ltd TA Malikshaw,Evisa Solutions Ltd TA Malikshaw,Frazer-Nash Consultancy Ltd,Frazer-Nash Consultancy Ltd,Frazer-Nash Consultancy Ltd,Frazer-Nash Consultancy Ltd,HCL Technologies UK Limited,HCL Technologies UK Limited,HCL Technologies UK Limited,HCL Technologies UK Limited,Hippo Digital Ltd,i3Works Ltd,i3Works Ltd,Interprofis Ltd,Interprofis Ltd,Interprofis Ltd,Kainos Software Limited,Kainos Software Limited,Kainos Software Limited,Kainos Software Limited,Mason Advisory Limited,Mason Advisory Limited,Mason Advisory Limited,Mastek UK Limited,Mastek UK Limited,Mastek UK Limited,Mastek UK Limited,Methods Business and Digital Technology Limited,Methods Business and Digital Technology Limited,Methods Business and Digital Technology Limited,Methods Business and Digital Technology Limited,Moorhouse Consulting,Moorhouse Consulting,Moorhouse Consulting,Netcompany UK Ltd,Notbinary Limited,Notbinary Limited,Notbinary Limited,Notbinary Limited,Objectivity Limited,Objectivity Limited,Objectivity Limited,Objectivity Limited,Opencast Software,Osmani Consulting Ltd,Osmani Consulting Ltd,PA CONSULTING SERVICES LTD,PA CONSULTING SERVICES LTD,PA CONSULTING SERVICES LTD,PA CONSULTING SERVICES LTD,Purely Digital Services Ltd,Purely Digital Services Ltd,Purely Digital Services Ltd,Purely Digital Services Ltd,PricewaterhouseCoopers Consulting Services UK,PricewaterhouseCoopers Consulting Services UK,SATIGO Ltd,SATIGO Ltd,SATIGO Ltd,SATIGO Ltd,Scott Logic Ltd,Scott Logic Ltd,Tata Consultancy Services Limited,Tata Consultancy Services Limited,Tata Consultancy Services Limited,Tata Consultancy Services Limited,Tolomy Ltd,Triad Group PLC,Triad Group PLC,UKCloud Ltd,UKCloud Ltd,UKCloud Ltd,UKCloud Ltd,Baringa Partners LLP,Baringa Partners LLP,Baringa Partners LLP,Baringa Partners LLP,Amethyst Risk Management Limited,Capgemini UK Plc,The DMW Group Limited,Ernst &amp; Young Limited,Foundation SP Limited,Gemserv Limited,Glue Reply Limited,Hartley McMaster Limited,Informed Solutions Limited,Hippo Digital Limited,Mahsy Ltd,MASS Limited,Netsells Limited,NIIT Technologies Limited,Opencast Software Europe Limited,Q5 Partners LLP,Risual Limited,Softwire Technology Limited,Tessella Limited,Spinwell Global Limited,Valtech Limited,Version 1 Limited,Zuhlke Engineering Ltd,Amethyst Risk Management Limited,Amethyst Risk Management Limited,Amethyst Risk Management Limited,Capgemini UK Plc,Capgemini UK Plc,Capgemini UK Plc,The DMW Group Limited,The DMW Group Limited,The DMW Group Limited,Ernst &amp; Young Limited,Ernst &amp; Young Limited,Ernst &amp; Young Limited,Foundation SP Limited,Foundation SP Limited,Foundation SP Limited,Glue Reply Limited,Hippo Digital Limited,Informed Solutions Limited,Gemserv Limited,Glue Reply Limited,Hippo Digital Limited,Gemserv Limited,Glue Reply Limited,Informed Solutions Limited,Mahsy Ltd,MASS Limited,MASS Limited,Mahsy Ltd,MASS Limited,MSC Digital Limited,MSC Digital Limited,NIIT Technologies Limited,NIIT Technologies Limited,NIIT Technologies Limited,ThoughtWorks Ltd,ThoughtWorks Ltd,ThoughtWorks Ltd,ThoughtWorks Ltd,Risual Limited,Risual Limited,Risual Limited,Softwire Technology Limited,Softwire Technology Limited,Spinwell Global Limited,Spinwell Global Limited,Spinwell Global Limited,Tessella Limited,Tessella Limited,Valtech Limited,Version 1 Limited,Zuhlke Engineering Ltd,Valtech Limited,Version 1 Limited,Zuhlke Engineering Ltd,Valtech Limited,Version 1 Limited,Zuhlke Engineering Ltd,Netsells Limited,The Data Place Limited,Cognizant Worldwide Limited,Cognizant Worldwide Limited,Cognizant Worldwide Limited,CGI IT UK Limited,Vmware UK Limited,Vmware UK Limited,Pathfinder Project Management",4000000.0,4000000.0,0.0,2020-03-27T00:00:00Z,2024-03-26T00:00:00Z,72000000,"
            MT219585","This Dynamic Purchasing System (DPS) will support the Ofgem DDaT team to develop and expand its capabilities with a strategic architecture function, including enterprise, solutions, cyber security and data specialists to support the increasing pace of technological change, and Ofgem and Industry initiatives supporting and enabling the transformation of the energy sector aligned with the HMG Industrial Strategy.  This also includes supporting the delivery of data platforms and front-end digital services, and embedding data and digital capabilities within the organisation in discrete teams to de",https://www.contractsfinder.service.gov.uk/Notice/116c5db7-8a80-4037-af78-a1764de8157f,201
TCS,True,2020,2020-03-27T00:00:00Z,2020-03-30T17:45:08+01:00,Ofgem,Dynamic Purchasing System - Digital Services,"6point6 Ltd,6point6 Ltd,Acuma Solutions Limited,Acuma Solutions Limited,Acuma Solutions Limited,Acuma Solutions Limited,Agilesphere LLP,Agilesphere LLP,Agilesphere LLP,Agilesphere LLP,Andigital Limited,Andigital Limited,Andigital Limited,Andigital Limited,ANUP Consulting ltd,ANUP Consulting ltd,Atkins Limited,Atkins Limited,Atkins Limited,BiP Solutions Ltd,BMT Defence and Security UK Ltd,BMT Defence and Security UK Ltd,BMT Defence and Security UK Ltd,BMT Defence and Security UK Ltd,Cadence Innova Ltd,Certes Computing Limited,CGI IT UK Limited,CGI IT UK Limited,CGI IT UK Limited,Cognizant Worldwide Limited,County HR Solutions Limited,County HR Solutions Limited,County HR Solutions Limited,County HR Solutions Limited,Evisa Solutions Ltd TA Malikshaw,Evisa Solutions Ltd TA Malikshaw,Evisa Solutions Ltd TA Malikshaw,Frazer-Nash Consultancy Ltd,Frazer-Nash Consultancy Ltd,Frazer-Nash Consultancy Ltd,Frazer-Nash Consultancy Ltd,HCL Technologies UK Limited,HCL Technologies UK Limited,HCL Technologies UK Limited,HCL Technologies UK Limited,Hippo Digital Ltd,i3Works Ltd,i3Works Ltd,Interprofis Ltd,Interprofis Ltd,Interprofis Ltd,Kainos Software Limited,Kainos Software Limited,Kainos Software Limited,Kainos Software Limited,Mason Advisory Limited,Mason Advisory Limited,Mason Advisory Limited,Mastek UK Limited,Mastek UK Limited,Mastek UK Limited,Mastek UK Limited,Methods Business and Digital Technology Limited,Methods Business and Digital Technology Limited,Methods Business and Digital Technology Limited,Methods Business and Digital Technology Limited,Moorhouse Consulting,Moorhouse Consulting,Moorhouse Consulting,Netcompany UK Ltd,Notbinary Limited,Notbinary Limited,Notbinary Limited,Notbinary Limited,Objectivity Limited,Objectivity Limited,Objectivity Limited,Objectivity Limited,Opencast Software,Osmani Consulting Ltd,Osmani Consulting Ltd,PA CONSULTING SERVICES LTD,PA CONSULTING SERVICES LTD,PA CONSULTING SERVICES LTD,PA CONSULTING SERVICES LTD,Go Pivotal (UK) Limited,Go Pivotal (UK) Limited,Purely Digital Services Ltd,Purely Digital Services Ltd,Purely Digital Services Ltd,Purely Digital Services Ltd,PricewaterhouseCoopers Consulting Services UK,PricewaterhouseCoopers Consulting Services UK,SATIGO Ltd,SATIGO Ltd,SATIGO Ltd,SATIGO Ltd,Scott Logic Ltd,Scott Logic Ltd,Tata Consultancy Services Limited,Tata Consultancy Services Limited,Tata Consultancy Services Limited,Tata Consultancy Services Limited,Tolomy Ltd,Triad Group PLC,Triad Group PLC,UKCloud Ltd,UKCloud Ltd,UKCloud Ltd,UKCloud Ltd,Baringa Partners LLP,Baringa Partners LLP,Baringa Partners LLP,Baringa Partners LLP,Amethyst Risk Management Limited,Capgemini UK Plc,The DMW Group Limited,Ernst &amp; Young Limited,Foundation SP Limited,Gemserv Limited,Glue Reply Limited,Hartley McMaster Limited,Informed Solutions Limited,Hippo Digital Limited,Mahsy Ltd,MASS Limited,Netsells Limited,NIIT Technologies Limited,Opencast Software Europe Limited,Q5 Partners LLP,Risual Limited,Softwire Technology Limited,Tessella Limited,Spinwell Global Limited,Valtech Limited,Version 1 Limited,Zuhlke Engineering Ltd,Amethyst Risk Management Limited,Amethyst Risk Management Limited,Amethyst Risk Management Limited,Capgemini UK Plc,Capgemini UK Plc,Capgemini UK Plc,The DMW Group Limited,The DMW Group Limited,The DMW Group Limited,Ernst &amp; Young Limited,Ernst &amp; Young Limited,Ernst &amp; Young Limited,Foundation SP Limited,Foundation SP Limited,Foundation SP Limited,Glue Reply Limited,Hippo Digital Limited,Informed Solutions Limited,Gemserv Limited,Glue Reply Limited,Hippo Digital Limited,Gemserv Limited,Glue Reply Limited,Informed Solutions Limited,Mahsy Ltd,MASS Limited,MASS Limited,Mahsy Ltd,MASS Limited,MSC Digital Limited,MSC Digital Limited,NIIT Technologies Limited,NIIT Technologies Limited,NIIT Technologies Limited,ThoughtWorks Ltd,ThoughtWorks Ltd,ThoughtWorks Ltd,ThoughtWorks Ltd,Risual Limited,Risual Limited,Risual Limited,Softwire Technology Limited,Softwire Technology Limited,Spinwell Global Limited,Spinwell Global Limited,Spinwell Global Limited,Tessella Limited,Tessella Limited,Valtech Limited,Version 1 Limited,Zuhlke Engineering Ltd,Valtech Limited,Version 1 Limited,Zuhlke Engineering Ltd,Valtech Limited,Version 1 Limited,Zuhlke Engineering Ltd,Netsells Limited,The Data Place Limited",4000000.0,4000000.0,0.0,2020-03-27T00:00:00Z,2024-03-26T00:00:00Z,72000000,"
            MT219357","This Dynamic Purchasing System (DPS) will support the Ofgem DDaT team to develop and expand its capabilities with a strategic architecture function, including enterprise, solutions, cyber security and data specialists to support the increasing pace of technological change, and Ofgem and Industry initiatives supporting and enabling the transformation of the energy sector aligned with the HMG Industrial Strategy.  This also includes supporting the delivery of data platforms and front-end digital services, and embedding data and digital capabilities within the organisation in discrete teams to de",https://www.contractsfinder.service.gov.uk/Notice/28e8eeab-85db-4ff9-af29-4739fc7b6019,196
TCS,True,2021,2021-02-10T00:00:00Z,2021-03-03T17:45:08Z,Ofgem,Digital Resource Pool Framework,"Aryaa Associates,Baringa Partners LLP,Baringa Partners LLP,PwC,PwC,Ernst &amp; Young,Ernst &amp; Young,Cognizant Worldwide Limited,Cognizant Worldwide Limited,Cognizant Worldwide Limited,Cognizant Worldwide Limited,Cognizant Worldwide Limited,Cognizant Worldwide Limited,Exception Limited,Exception Limited,Netcompany UK Ltd,Frazer-Nash Consultancy,SERT,BearingPoint,BearingPoint,BearingPoint,BearingPoint,Triad Group PLC,Triad Group PLC,Tata Consultancy Services,Tata Consultancy Services,Tata Consultancy Services,Tata Consultancy Services,Tata Consultancy Services,Capgemini,Capgemini,Capgemini,Capgemini,Capgemini,Version 1,Version 1,Version 1,Version 1,Version 1,TECKNUOVO LTD,TECKNUOVO LTD,TECKNUOVO LTD,6point6 Ltd,6point6 Ltd,6point6 Ltd,6point6 Ltd,6point6 Ltd,Deloitte LLP,Deloitte LLP,Deloitte LLP,Deloitte LLP,Deloitte LLP,DMW Group,Automation Logic Limited",30000000.0,30000000.0,0.0,2021-02-10T00:00:00Z,2022-11-15T00:00:00Z,72000000,MT222133,"The Authority is seeking to implement a framework for the provision of resource to respond to urgent  request to complete projects , develop and deploy regulatory changes, resolve system failures and deliver continuous improvement initiatives.This Framework will provide Ofgem with strategic digital resourcing partners who will provide specialists with in depth skillset for the lots for which they are awarded.",https://www.contractsfinder.service.gov.uk/Notice/da91d7e4-d44d-4602-adcf-3228f85ef005,54
TCS,True,2021,2021-07-05T00:00:00+01:00,2021-11-16T14:31:06Z,Department for Work and Pensions,DOS DevOps ID&amp;T,Tata Consultancy Services,880000.0,880000.0,0.0,2021-07-05T00:00:00+01:00,2023-07-04T00:00:00+01:00,72222300,tender_275591/977692,A team of Dev Ops specialists to join an established DevOps capability for the Department&apos;s Identity and Trust Digital team to work as part of an agile team running 2 week sprints and supporting development projects as well as the live production services.,https://www.contractsfinder.service.gov.uk/Notice/31192f77-3603-4e38-80fe-6d2cd2231a3f,1
TCS,True,2021,2021-07-27T00:00:00+01:00,2021-10-06T12:01:37+01:00,Transport for London,TPH Outsourced Services - Lot 1 Service System,Tata Consultancy Services Limited,9500000.0,9500000.0,0.0,2021-07-28T00:00:00+01:00,2031-05-31T00:00:00+01:00,22454000 32427000 48170000 48218000 72212170 72212218 72222300,scp_001789,"TfL has procured the services of a technology supplier to provide and maintain enabling
technology in support of vehicle, driver and operator licensing and inspection services. The
system created in respect of TfL needs shall be used by TfL and other suppliers in the day to
day operations supporting TfL's customers in the taxi and private hire (TPH) trade. The
services to be provided include the hosting of the system.",https://www.contractsfinder.service.gov.uk/Notice/319afffb-b5f4-4112-94c4-96e65412dfa9,1
TCS,True,2021,2021-03-01T00:00:00Z,2021-07-05T10:57:14+01:00,BRITISH COUNCIL(THE),UK_2020_EandE_Assessment Solutions,"Certify Assessments,CIVICA UK LIMITED,Clarity Language Consultants Limited,Inspera AS,RM EDUCATION LTD,STEPHEN AUSTIN &amp; SONS LIMITED,TATA CONSULTANCY SERVICES LIMITED,TERMINALFOUR SOLUTIONS LIMITED,TESTREACH LIMITED",3601000.0,5200000.0,0.0,2021-02-01T00:00:00Z,2023-02-01T00:00:00Z,72140000 72212190 72212900 72500000 72600000,BC/01531,"The purpose of this tender is to find suppliers to work with us to further develop our offer to meet the growing demand for Assessment Solutions. Our aim is to collect a panel of suppliers who can meet some or all our requirements in the next pages. Successful suppliers will be offered a two-year framework agreement (renewable for two years) and will be eligible to bid for contracts.

Assessment Solutions opportunities vary in scope and complexity. Tests we develop vary in the skills to be assessed, purpose of the test, format, task types, proficiency levels, grading of performance and repor",https://www.contractsfinder.service.gov.uk/Notice/edfb0379-6b3a-47c0-8884-e04dec262fb5,9
TCS,True,2022,2022-09-13T00:00:00+01:00,2022-10-11T14:32:15+01:00,Highways England,Information Technology Commercial Framework,"1 Spatial Limited,Accenture (UK) Limited,ACTICA CONSULTING LIMITED,AECOM LIMITED,AIRWALK CONSULTING REPLY LTD,AKHTER COMPUTERS LIMITED,AMEY OWR LIMITED,ANGOKA LIMITED,ANMUT CONSULTING LTD,ARCADIS CONSULTING (UK) LIMITED,ASSET INSIGHTS LIMITED,ATKINS LIMITED,ATOS IT SERVICES UK LIMITED,AVANADE UK LIMITED,AXIOLOGIK LIMITED,BAE SYSTEMS APPLIED INTELLIGENCE LIMITED,BJSS LIMITED,BOXXE LIMITED,BRIDEWELL CONSULTING LIMITED,BRIGHTWIRE TECHNOLOGY SERVICES LIMITED,BRITISH TELECOMMUNICATIONS PUBLIC LIMITED COMPANY,BYTES SOFTWARE SERVICES LIMITED,CACI LIMITED,CADENCE INNOVA LTD,CAMPBELL SCIENTIFIC LIMITED,CAPGEMINI UK PLC,CAPITA BUSINESS SERVICES LTD,CERTES IT SERVICE SOLUTIONS LIMITED,CERTUS ADVISORY LTD,CGI IT UK LIMITED,CLEARVIEW INTELLIGENCE LIMITED,COFORGE U.K. LIMITED,COGNIZANT WORLDWIDE LIMITED,COMPUTACENTER (UK) LIMITED,CREDERA LIMITED,CROSS8 LIMITED,CYBER WARE LIMITED,CYBERFORT LIMITED,DAISY CORPORATE SERVICES TRADING LIMITED,DELOITTE LLP,D.W. WINDSOR LIMITED,SWARCO UK &amp; IRELAND LTD,EBENI LIMITED,ROADWORKS INFORMATION LIMITED,ENTSERV UK LIMITED,ENZEN GLOBAL LIMITED,ERNST &amp; YOUNG LIMITED,ESRI (UK) LIMITED,EVOLVE COMMERCIAL LIMITED,EXPERIS LIMITED,FACULTY SCIENCE LIMITED,FRAZER-NASH CONSULTANCY LIMITED,FUJITSU SERVICES LIMITED,GCI NETWORK SOLUTIONS LIMITED,GRANT THORNTON UK LLP,GUTTERIDGE HASKINS &amp; DAVEY LIMITED,HEWLETT - PACKARD LIMITED,HUGHES NETWORK SYSTEMS LIMITED,I3SECURE LIMITED,I3WORKS LTD,IBI GROUP (UK) LIMITED,INCREMENTAL GROUP LIMITED,INSIGHT DIRECT (UK) LTD,INTELLIGENT TRANSFORMATION LIMITED,INVESTIGO LIMITED,JUMAR SOLUTIONS LIMITED,KAINOS SOFTWARE LIMITED,KPMG LLP,L.A. INTERNATIONAL COMPUTER CONSULTANTS LIMITED,LEIDOS INNOVATIONS UK LTD,MARSTON (HOLDINGS) LIMITED,MASON ADVISORY LIMITED,MASTEK (UK) LTD,MCKINSEY &amp; COMPANY, INC. UNITED KINGDOM,MOBILISE CLOUD SERVICES LIMITED,MOTT MACDONALD LIMITED,MOZAIC-SERVICES LTD,NCC GROUP SECURITY SERVICES LIMITED,NETCOMPANY UK LIMITED,NETWORK UTILITIES (SYSTEMS) LIMITED,NICANDER LTD,Full name of the relevant organisation   NIRA Dynamics AB,NOMENSA LTD,NORTH HIGHLAND UK LIMITED,ONWAVE UK LIMITED,OVE ARUP &amp; PARTNERS LIMITED,P. DUCKER SYSTEMS LIMITED,PA CONSULTING SERVICES LIMITED,PALANTIR TECHNOLOGIES UK, LTD.,PARICO LIMITED,PEGASYSTEMS LIMITED,PRICEWATERHOUSECOOPERS LEGAL LLP,PROVENTION LIMITED,ROWE IT LIMITED,SHIFT LEFT GROUP LIMITED,YUNEX LIMITED,SOFTCAT PLC,SOPRA STERIA LIMITED,SPECIALIST COMPUTER CENTRES PLC,STONE TECHNOLOGIES LIMITED,SWECO UK LIMITED,TATA CONSULTANCY SERVICES LIMITED,TELENT TECHNOLOGY SERVICES LIMITED,GREEN CLOUD IT LTD,FUTUREGOV. LTD,TRACSIS TRAFFIC DATA LIMITED,TRG-UK LTD,TRIAD GROUP PLC,TRL LIMITED,TURNER &amp; TOWNSEND CONSULTING LIMITED,VERSION 1 SOLUTIONS LIMITED,VISUAL MEANING LIMITED,VODAFONE LIMITED,WIPRO LIMITED,WSP UK LIMITED,XEROX (UK) LIMITED,XMA LIMITED,YOTTA LIMITED",1000000000.0,1000000000.0,0.0,2022-09-13T00:00:00+01:00,2026-09-12T00:00:00+01:00,72222300,tender_282557/1110062,"The purpose of this Contract Award Notice is to publish information in relation to the  the award of the IT Commercial Framework for National Highways Limited  in accordance with Regulation 112 of the Public Contract Regulations 2015 (as amended).

The ITCF will be the primary commercial vehicle to support the delivery of the National Highways RIS2 (and beyond) Digital Services and Technology pipeline and to meet the strategic aims of National Highways. The framework award is to 119 suppliers to purchase Goods and Services for Digital Services and technology across 18 lots which are:

Lot ",https://www.contractsfinder.service.gov.uk/Notice/6af7a4b5-489d-4e39-8ee0-bc7969ea995c,120
TCS,True,2022,2022-12-01T00:00:00Z,2022-12-23T08:55:30Z,LIVESTOCK INFORMATION LIMITED,Sheep Support and Enhancements Service,Tata Consultancy Services Limited,12111777.0,12111777.0,0.0,2023-01-01T00:00:00Z,2024-12-31T00:00:00Z,72000000,PI-001,"Sheep Service Enhancements and Support, including transition and optional services.",https://www.contractsfinder.service.gov.uk/Notice/bc59c9a9-1359-47e7-8ec5-cf5fbf31c214,1
TCS,True,2022,2022-10-06T00:00:00+01:00,2022-11-10T10:29:24Z,Department for Work and Pensions,(DWP) SCE User Research Contract,TATA Consultancy Services,737512.0,737512.0,921889.0,2022-11-01T00:00:00Z,2023-10-31T00:00:00Z,72222300,tender_310782/1145040,"Provision of Augmented Resources to support 
the DWP Shared Channels Experience Team -
User Research Contract",https://www.contractsfinder.service.gov.uk/Notice/6538536e-07e4-4c06-9445-22ff991884d7,1
TCS,True,2022,2022-10-17T00:00:00+01:00,2022-11-08T12:23:51Z,Crown Commercial Service,Provision of Resource for the Transformation of Working Age Benefit Services,Tata Consultancy Services Limited,4000000.0,4000000.0,0.0,2022-10-25T00:00:00+01:00,2024-10-24T00:00:00+01:00,72000000,CCIT22A08.,"The Supplier will work with the Contracting Authority to deliver 3 key areas of work: New Style Benefits Transformation, Delivering Support to people requiring assistance to get back into work and improving the infrastructure on which Working Age Digital",https://www.contractsfinder.service.gov.uk/Notice/4f3f8e67-8e81-4339-8df6-ad4391f8b7d4,1
TCS,True,2022,2022-10-03T00:00:00+01:00,2022-10-31T12:05:51Z,Crown Commercial Service,TCS BaNCS Application Development and Live Service Support Contract,Tata Consultancy Services Limited,1800000.0,1800000.0,0.0,2022-10-03T00:00:00+01:00,2025-07-31T00:00:00+01:00,72000000,CCSO22A02.,"TCS BaNCS Application Development and Live Service Support Contract - A Supplier is required to provide capacity and capability to support DWP to deliver outcomes in the areas of development, change and repair across a series of releases, and live support necessary to satisfy the requirements for a stable performance application.",https://www.contractsfinder.service.gov.uk/Notice/332068a9-ed91-4f99-993c-77a95f56813e,1
TCS,True,2022,2022-10-12T00:00:00+01:00,2022-10-24T16:05:37+01:00,Department for Work and Pensions,SCE - Digital Assisted Services,Tata Consultancy Services,2077534.8,2077534.8,2596918.5,2022-09-12T00:00:00+01:00,2023-09-11T00:00:00+01:00,72590000,tender_310546/1117103,Augmented Resources to support the Shared Channels Experience Digital Assisted Services Project,https://www.contractsfinder.service.gov.uk/Notice/5be3707f-21c2-4480-b025-16921c66cf7c,1
TCS,True,2022,2022-09-28T00:00:00+01:00,2022-10-20T11:56:38+01:00,Crown Commercial Service,The Provision of Engineering Resource for the AME (Annually Managed Expenditure),Tata Consultancy Services Limited,900000.0,900000.0,0.0,2022-10-03T00:00:00+01:00,2023-10-02T00:00:00+01:00,72212451,CCTS22A74,"The purpose of this further call-off competition was to identify a third-party Supplier who can support the Department for Work & Pensions (DWP) in the delivery of its Digital Future.
Within DWP this is led by Digital Group who are transforming DWP's services so that customers can access vital services quickly, easily and in a seamless and joined up way, ultimately improving the customer and colleague experience.",https://www.contractsfinder.service.gov.uk/Notice/48293852-56dd-4721-a139-6702c814e89a,1
TCS,True,2022,2022-04-11T00:00:00+01:00,2022-05-12T12:33:27+01:00,The British Broadcasting Corporation (BBC),Systems Delivery and Integration Services Framework,"Atos IT Services UK Limited,CGI IT UK Limited,Cognizant Worldwide limited,Deloitte LLP,EPI-USE Labs Limited,Ernst &amp; Young LLP,HCL Technologies UK Ltd,IBM United Kingdom Limited,Invenio Business Solutions Ltd,NTT DATA UK Ltd.,PricewaterhouseCoopers LLP,Redcentric Solutions Limited,SAP Source Limited,Tata Consultancy Services Limited,Tech Mahindra Limited,Wipro Limited,Apsolut UK Ltd.,Accenture (UK) Limited",40000000.0,0.0,40000000.0,2022-04-12T00:00:00+01:00,2026-04-11T00:00:00+01:00,72225000 72226000 72227000 72230000 72254000 72262000 72263000 72267000,tender_201826/1069983,"The BBC intends to establish a Framework Agreement of Suppliers who will deliver general systems delivery and integration services, in addition to specialist SAP product services. The BBC is acting on its own behalf and as agent BBC Commercial Holdings Group.

The Framework Agreement is divided in to 2 separate Lots. Tenderers may bid individually for one Lot, or both Lots - where they meet the relevant minimum standards.

The following is the expected total value of spend for each Lot on the Framework Agreement, for the full potential of Term (48 months). This includes the Initial Term (3",https://www.contractsfinder.service.gov.uk/Notice/bf792dea-589c-40b3-9346-699b82694628,18
TCS,True,2022,2022-03-11T00:00:00Z,2022-04-08T14:56:56+01:00,STUDENT LOANS COMPANY LIMITED,SLC&#039;s Technology Group Strategic Partner for Technology Change and Integration Services,TATA CONSULTANCY SERVICES LIMITED,178000000.0,0.0,178000000.0,2022-03-11T00:00:00Z,2029-03-10T00:00:00Z,72000000,2021-TR-0089,Procurement of a Strategic Partner for the Technology Change and Integration area who will be able to provide a wide range of services across the Technology Change and Integration Services area within SLC Technology Group.,https://www.contractsfinder.service.gov.uk/Notice/868be500-6f43-474f-9b57-00655b6403de,1
TCS,True,2022,2022-03-30T00:00:00+01:00,2022-04-06T17:34:08+01:00,Financial Ombudsman Service,IT Managed Services,Tata Consultancy Services Limited,16336546.0,16336546.0,0.0,2022-04-29T00:00:00+01:00,2026-04-28T00:00:00+01:00,72000000,tender_272175/1059427,"Contract for the provision of managed IT services to encompass:

1)Ongoing support, maintenance and development of our case management system;
2) Ongoing support, maintenance and development of our new cloud-based enterprise data warehouse;
3) Design, development and ongoing support and maintenance of a new digital engagement capability for our business; and
4) Provision of IT resources on demand to augment the Financial Ombudsman Service&apos;s team on an ad-hoc basis.",https://www.contractsfinder.service.gov.uk/Notice/befa0c1b-dd1d-4c80-9697-3a446dd4478a,1
TCS,True,2022,2022-03-01T00:00:00Z,2022-03-31T13:42:43+01:00,Department for Work and Pensions,AWARD - DWP Digital Children - Application Development &amp; Live Support,Tata Consultancy Services Limited,37500000.0,37500000.0,0.0,2022-03-01T00:00:00Z,2024-02-29T00:00:00Z,72000000,tender_267464/1057379,"Provide application development and live service support services and outcomes for the DWP Digital Children & Families Service Line technology estate, primarily the Child Maintenance Scheme (CMS) 2012 System. Deliver requirements of business and technical change and transformation portfolio initiatives that will be deployed via regular sprints. Provide live service support to ensure system performance remains stable and optimised for service.",https://www.contractsfinder.service.gov.uk/Notice/0a74452a-e9b8-44d9-99cb-cab9b9dd225e,1
TCS,True,2020,2020-11-01T00:00:00Z,2022-03-31T11:23:25+01:00,Department for Work and Pensions,TCS BaNCS Software 2020-2023 (ecm_8691),TATA Consultancy Services Limited,3398453.0,3398453.0,0.0,2020-12-01T00:00:00Z,2023-11-30T00:00:00Z,48000000 72000000,tender_257886/1057295,Provision of Standard Support Services and continued rights to use TCS BaNCS software used in the Child Maintenance Group CMS2012 application.,https://www.contractsfinder.service.gov.uk/Notice/d573c56e-1410-4f0f-b4a2-3f58257dc32b,1
TCS,True,2023,2023-05-25T00:00:00+01:00,2023-06-21T12:01:19+01:00,NATIONAL EMPLOYMENT SAVINGS TRUST (NEST) CORPORATION,Scheme administration services contract,Tata Consultancy Services Limited,1500000000.0,1500000000.0,0.0,2023-06-21T00:00:00+01:00,2033-06-20T00:00:00+01:00,66000000,NEST Service administration contract award,"The Authority has awarded a contract to Tata Consultancy Services (TCS) for the build, delivery and operation of administration services for the defined contribution pension scheme known as the National Employment Savings Trust. The administration services will support auto-enrolment and be delivered primarily via digital channels.  

The contract will be for a minimum term of 10 years, with an optional extension period of up to 5 years, and the option of an additional period of up to 3 years for exit. The total contract value is indicative and covers this potential 18 year period. 

The A",https://www.contractsfinder.service.gov.uk/Notice/8bb4718f-c70a-47a6-8361-cf1ee254bfc3,1
TCS,True,2023,2023-10-24T00:00:00+01:00,2023-12-13T15:23:18Z,Department for Work and Pensions,(DWP) SCE Digital Assisted Services - Phase 2,Tata Consultancy Services Limited,2028096.0,2028096.0,2535120.0,2023-12-05T00:00:00Z,2024-12-04T00:00:00Z,72222300,tender_384707/1293296,"Provision of Augmented Resources to support the 
DWP Shared Channels Digital Assisted Services 
Project",https://www.contractsfinder.service.gov.uk/Notice/d6aa270c-da1b-4f6c-b0dc-76da4eb7ac1e,1
TCS,True,2023,2023-08-01T00:00:00+01:00,2023-10-26T15:10:18+01:00,Financial Conduct Authority,Digital Services Framework Agreement,"ACCOLITE LABS EUROPE LIMITED,AKER SYSTEMS LIMITED,AGILE SOLUTIONS (GB) LTD,AIRWALK CONSULTING REPLY LTD,ANDIGITAL LIMITED,ANSWER DIGITAL LIMITED,APPRILIS LTD,APPVIA LTD,ATOS HOLDING UK 1 LIMITED,AXIOLOGIK LIMITED,BJSS LIMITED,BROADLIGHT GLOBAL LTD,BROADSTONES SOLUTIONS LTD,BURENDO LTD,BBD SOFTWARE LTD,COFORGE U.K. LTD,CORECOM QUALITY ENGINEERING LIMITED,CREDERA LIMITED,DELOITTE LLP,D-FINE LIMITED,DIGITAL WORKS CONSULTING LTD,EPAM SYSTEMS LTD,ERNST &amp; YOUNG LLP,FIMATIX UK LTD,FINREGE LIMITED,FUJITSU SERVICES LIMITED,GREEN PARK INTERIM &amp; EXECUTIVE LTD,HIPPO DIGITAL LIMITED,HODFORDS SOLUTIONS LIMITED,INFOSYS LIMITED,ITC INFOTECH LIMITED,JUMAR SOLUTIONS LIMITED,KAINOS SOFTWARE LIMITED,CLOUDTHING LIMITED (trading as Kerv Digital),KIN AND CARTA UK LTD,LTIMINDTREE UK LIMITED,MADE TECH LTD,MASTEK (UK) LIMITED,MLABS DIGITAL LTD,NEWREDO LTD,PA CONSULTING SERVICES LIMITED,PRICEWATERHOUSECOOPERS LLP,QUALITEST GROUP UK LTD,QUAYLOGIC LTD,ROWE IT LIMITED,SALESFORCE UK LIMITED,SHIFT LEFT GROUP LIMITED,SOPRA STERIA LIMITED,TATA CONSULTANCY SERVICES LIMITED,TECH CITY LABS LTD,TECKNUOVO LTD,TRANSFORM UK CONSULTING LTD,VALTECH LIMITED,VE3 LTD,ZENSAR TECHNOLOGIES (UK) LIMITED,ZOOCHA LIMITED,AIIMI LIMITED,UNISYS LIMITED,CAPGEMINI UK PLC,COGNIZANT WORLDWIDE LIMITED,NEC SOFTWARE SOLUTIONS UK LIMITED,VERYLOCALS LTD",562500000.0,562500000.0,0.0,2023-09-14T00:00:00+01:00,2027-09-13T00:00:00+01:00,72000000,BIP813343418,"The Financial Conduct Authority (FCA) has procured a 4-year multi-supplier framework agreement for the provision of services for Application Development, Application Maintenance and Modern Application Development including transformation services to improve operational processes, procedures and delivery methodologies. The Framework Agreement was awarded to 62 partners who will support continued delivery of the technology change portfolio, maintain or improve the stability and performance of services, while helping the FCA in its ongoing DevOps, agile and transformation journey.",https://www.contractsfinder.service.gov.uk/Notice/9667acd6-aee0-4fd1-90fd-cc2f247761bc,62
TCS,True,2023,2023-08-29T00:00:00+01:00,2023-10-26T13:50:24+01:00,British Council,UK_2022_Professional Services Business Process Outsourcing - AWARD,Tata Consultancy Services (TCS),78310000.0,0.0,0.0,2023-05-31T01:00:00+01:00,2030-05-30T01:00:00+01:00,66000000 72000000 79000000,IT-117-2414-BC/02414 - AWARD,"The impact of the Covid-19 pandemic has been felt by businesses across the globe. British Council is not immune to this impact and needs to reduce costs, streamline processes, use more digital tools, and introduce much greater standardisation. A key lever being explored for this transformation is to partner with a third-party company with expertise in these areas to deliver some aspects of professional services. Currently, four key global professional services functions (including their corresponding operations delivered from the shared service centre in India) have been identified for this. T",https://www.contractsfinder.service.gov.uk/Notice/ad173e9f-1a4d-432b-9628-0286f6d82b41,1
TCS,True,2022,2022-10-03T00:00:00+01:00,2023-09-26T15:11:36+01:00,Department for Work and Pensions,The Provision of Engineering Resource for  the AME (Annually Managed  Expenditure) Payments for DWP,Tata Consultancy Services,900000.0,900000.0,0.0,2022-10-03T00:00:00+01:00,2023-10-02T00:00:00+01:00,72000000,tender_316961/1262641,"The Contract shall provide provision of 
Resources in support of the Buyer's 
AME Payments Project. At a high-level 
AME Payments requires the supplier to 
deliver specific digital outcomes to support 
the modernisation our current payments 
estate, increasing efficiency, simplification, 
and flexibility. This will require specific 
digital capabilities and capacity. The Buyer 
intends to create an 
industry leading and intelligent payments 
service that allows it to pay the right amount, 
on the right day, to the right person.",https://www.contractsfinder.service.gov.uk/Notice/50f81eba-1872-4e41-b40c-de04278e6d5f,1
TCS,True,2023,2023-06-28T00:00:00+01:00,2023-07-20T12:00:32+01:00,The British Broadcasting Corporation (BBC),BBC Business Process Outsourcing,TATA Consultancy Services Limited,170000000.0,1.0,170000000.0,2023-07-01T00:00:00+01:00,2034-06-30T00:00:00+01:00,75112000,tender_266891/1232160,"The tender for BPO (Business Process Outsourcing), Payroll and AMS (Application Management Services) services is being published in the year that the BBC celebrates its centenary, and our mission remains vital - to serve all audiences through impartial, high-quality and distinctive output and services which inform, educate and entertain.

This contract will allow the BBC to access specialist outsourced services which aligns to our ambitions of being a simpler and leaner organisation that can focus on its audiences.

The BBC is acting on behalf of the BBC Group including the commercial subs",https://www.contractsfinder.service.gov.uk/Notice/58cf7243-3883-483b-ad3b-674dfad61b72,1
TCS,True,2023,2023-07-18T00:00:00+01:00,2023-07-19T13:19:54+01:00,Associated British Ports,Cloud-based Services - Integration Platform Partner Services - AWARD,Tata Consultancy Services Limited,0.0,0.0,0.0,2023-07-01T01:00:00+01:00,2025-06-30T01:00:00+01:00,72212214,IT-428-385-ABP-GRP-23/0509 - AWARD,"Associated British Ports (ABP) require a technology supplier to provide IT development and support services to build and maintain the Azure iPaaS based Integration Platform on an ongoing basis.
      Manadatory requirements are:
      - The organisation shall develop iPaaS integration services on ABP's existing Integration Platform. (not propose new platform)
      - The organisation have Microsoft Azure accreditation and partner credentials (Minimum Silver)
      - The organisation provide at least 2 client references where they have provided IT services in the Azure iPaaS integration spa",https://www.contractsfinder.service.gov.uk/Notice/2017f45c-03fe-4a25-8b13-57486ceca672,1
TCS,True,2023,2023-06-05T00:00:00+01:00,2023-07-05T18:00:40+01:00,BEIS,Provision of technical Architect,Tata Consultancy Services Limited,32544.0,32544.0,0.0,2023-06-06T00:00:00+01:00,2023-10-04T00:00:00+01:00,72610000,tender_371821/1232157,Provision of a Technical Architect to support the Open Regulation Platform.,https://www.contractsfinder.service.gov.uk/Notice/5886679d-4924-4981-b75e-4277afa276a5,1
TCS,True,2023,2023-05-28T00:00:00+01:00,2023-06-23T13:42:25+01:00,Department for Education,Pension Administration Services: Teachers&#039; Pension Scheme (TPS),Tata Consultancy Services Limited,233866286.34,233866286.34,0.0,2023-10-01T00:00:00+01:00,2035-09-30T00:00:00+01:00,66523100,tender_240658/1228230,The purpose of this Notice is to Notify of the outcome of the procurement for the provision of a new administration service to ensure the successful continuation of delivery of the Teachers' Pension Scheme.,https://www.contractsfinder.service.gov.uk/Notice/67661fae-dd35-456d-877f-839c637fc1b8,1
TCS,True,2023,2023-06-01T00:00:00+01:00,2023-06-13T11:11:36+01:00,Department for Work and Pensions,SRA Project Manager,Tata Consultancy Services (TCS),83261.0,83261.0,104076.0,2023-06-05T00:00:00+01:00,2023-12-22T00:00:00Z,72000000,tender_371142/1224140,SRA Digital Project manager,https://www.contractsfinder.service.gov.uk/Notice/d95e8612-7e66-407f-9139-5a8ff7b94de9,1
TCS,True,2023,2023-02-03T00:00:00Z,2023-02-14T17:24:02Z,Department for Work and Pensions,ID&amp;T Augmented Resource (Customer Data Access Management and Test Engineers),Tata Consultancy Services,2946675.0,2946672.0,0.0,2023-02-03T00:00:00Z,2025-01-29T00:00:00Z,72000000,tender_319279/1179670,A contract for Augmented Resources to support Digital teams in ID&T.,https://www.contractsfinder.service.gov.uk/Notice/845bdf57-0c8d-4ce5-9694-f8f4295f98e9,1
TCS,True,2023,2023-01-31T00:00:00Z,2023-02-01T13:59:15Z,NOTTINGHAM TRENT UNIVERSITY,Cognos to Power BI migration,TATA CONSULTANCY SERVICES LIMITED,93160.0,93160.0,0.0,2023-02-01T00:00:00Z,2023-06-07T00:00:00+01:00,48600000,2104,Cognos to Power BI migration services purchased under GCloud 12 Framework,https://www.contractsfinder.service.gov.uk/Notice/daac8d67-1b02-4ffc-8502-a3af58cdef40,1
TCS,True,2024,2024-07-16T00:00:00+01:00,2024-08-22T16:40:51+01:00,Department for Work and Pensions,"CMS2012 - Application Development, Maintenance and Support",Tata Consultancy Services Limited,42600000.0,42600000.0,49600000.0,2024-09-01T00:00:00+01:00,2028-08-31T00:00:00+01:00,72000000,tender_374237/1397913,"Application development as well as application maintenance and support of the DWP Digital Children Service line technology estate, primarily the Child Maintenance Scheme (CMS) 2012 System which is underpinned by the CMS2012 application.",https://www.contractsfinder.service.gov.uk/Notice/af8827fd-18c2-45eb-b124-6682cddeaa93,1
TCS,True,2024,2024-01-29T00:00:00Z,2024-07-19T13:35:34+01:00,Department for Work and Pensions,BaNCS Software Support and Maintenance 2023-2028,Tata Consultancy Services Limited,4825000.0,4825000.0,0.0,2023-12-01T00:00:00Z,2028-11-30T00:00:00Z,72261000,tender_390460/1385773,"Provision of the Standard Support Services in relation TCS BaNCS Software, including Modifications of the Supplier's Software, Remedying Errors in the Supplier's Software, Support and Maintenance.",https://www.contractsfinder.service.gov.uk/Notice/df294879-a7e5-493e-a43c-8311c0d63859,1
TCS,True,2024,2024-03-08T00:00:00Z,2024-04-15T14:28:09+01:00,Department for Work and Pensions,MI Activities relating to FAS,Tata Consultancy Services,65310.0,65310.0,82310.0,2024-04-04T00:00:00+01:00,2024-09-06T00:00:00+01:00,72000000,tender_414438/1343722,"Provision of Augmented Resources to support
the FAS Programme by undertaking testing
and Quality Assurance of reports written by a
3rd party and to write/test new reports",https://www.contractsfinder.service.gov.uk/Notice/105e73b8-4e49-4b56-8d2e-730f79260202,1
TCS,True,2022,2022-10-25T00:00:00+01:00,2024-01-24T08:33:30Z,Department for Work and Pensions,Provision of Resource for the Transformation of Working Age Benefit Services,Tata Consultancy Services Limited,4000000.0,4000000.0,0.0,2022-10-25T00:00:00+01:00,2024-10-24T00:00:00+01:00,72000000,tender_312815/1305521,"The Supplier will work with the Contracting Authority to deliver 3 key areas of work: New Style Benefits Transformation, Delivering Support to people requiring assistance to get back into work and improving the infrastructure on which Working Age Digital Services are delivered.",https://www.contractsfinder.service.gov.uk/Notice/ec85d643-2c63-45d5-ba78-6cd919c55754,1
TCS,True,2024,2024-01-09T00:00:00Z,2024-01-09T14:07:23Z,University of Bristol,On Premises Discovery,Tata Consultancy Services.,65000.0,65000.0,0.0,2024-01-09T00:00:00Z,2024-04-08T00:00:00+01:00,72130000,tender_281432/1299903,"Conduct an end-to-end discovery of our on-premises environment, providing detailed report. Analyse the environment and provide recommendations for our future strategy.",https://www.contractsfinder.service.gov.uk/Notice/e9e4102f-b5c3-4d69-a6d4-42bb38e6339b,1
TCS,True,2025,2025-11-28T00:00:00Z,2025-12-01T09:57:46Z,United Lincolnshire Teaching Hospitals NHS Trust,Interim EPR Implementation Support,TATA CONSULTANCY SERVICES LIMITED,3900000.0,2600000.0,3900000.0,2025-12-01T00:00:00Z,2026-05-31T00:00:00+01:00,72000000,CF-3287900D0O000000rwimUAA,"Resourcing support to support the Contracting Authority's EPR implementation project.
Via CCS RM6263 Digital Specialists and Programmes
1 x 3 months extension available",https://www.contractsfinder.service.gov.uk/Notice/6dcc0e9a-e2dc-4fce-bdaa-f41512811fa5,1
TCS,True,2025,2025-10-20T00:00:00+01:00,2025-11-11T14:37:22Z,DVSA - Driver and Vehicle Standards Agency,DVSA Digital and Data Outcomes,Tata Consultancy Services Ltd,10000000.0,10000000.0,0.0,2025-10-20T00:00:00+01:00,2029-10-19T00:00:00+01:00,72000000,tender_461024/1530840,THIS NOTICE IS FOR TRANSPARANCY PURPOSES ONLY. THIS IS BEING PROCURED BY A CCS FRAMEWORK FOR THE PROVISION OF DIGITAL OUTCOMES AND PROGRAMS DELIVERABLES. THE MAXIMUM CONTRACT VALUE HAS BEEN PUBLISHED BUT THERE IS NO COMMITTED SPEND.,https://www.contractsfinder.service.gov.uk/Notice/c12c0fc4-a398-46a1-8505-6ad4b85899b0,1
TCS,True,2025,2025-10-23T00:00:00+01:00,2025-11-05T09:56:18Z,Department for Work and Pensions,Provision of Resource for the Transformation of Working Age Benefit Services,Tata Consultancy Services,3361864.0,2689491.2,3361864.0,2025-10-23T00:00:00+01:00,2027-10-22T00:00:00+01:00,72000000,CF-0007200DQH00000FUqLV2A1,"The Supplier will work with the Contracting Authority to deliver 3 key areas of work: New Style Benefits Transformation, Delivering Support to people requiring assistance to get back into work and improving the infrastructure on which Working Age Digital Services are delivered",https://www.contractsfinder.service.gov.uk/Notice/0d4e98ff-3c8c-4be1-9dc6-7ac5fb5d002f,1
TCS,True,2025,2025-03-31T00:00:00+01:00,2025-08-13T07:26:56+01:00,LIVESTOCK INFORMATION LIMITED,Modernisation Services - Mobile Application development,TATA CONSULTANCY SERVICES LIMITED,996870.0,996870.0,0.0,2025-04-01T00:00:00+01:00,2026-03-31T00:00:00+01:00,72222300,LI Modernisation Services,discovery phase of the Mobile Application Development for an iOS Mobile App for Livestock Frontline Users,https://www.contractsfinder.service.gov.uk/Notice/55ca88e6-2950-48f6-8572-9e1f8c659eab,1
TCS,True,2026,2026-01-20T00:00:00Z,2026-01-27T07:58:58Z,Tata Consultancy Services Limited,HMLR701089 - Fusion Efficiency Roadmap,Tata Consultancy Ltd,273720.0,273720.0,1500000.0,2026-01-20T00:00:00Z,2028-01-19T00:00:00Z,72000000,CF-0011400D1t000000oonVEAQ,"G Cloud 14 - Lot 3 Cloud Support
The management of Finance, Purchase-to-Pay and Human Resources applications,",https://www.contractsfinder.service.gov.uk/Notice/8f61cfd3-859f-4e98-ad2e-9e2f021e88b0,1
TCS,True,2026,2026-08-28T00:00:00+01:00,2026-08-31T10:26:59+01:00,United Lincolnshire Teaching Hospitals NHS Trust,EPR Implementation Delivery Partner - Business Change Services,TATA CONSULTANCY SERVICES LIMITED,898356.0,898356.0,898356.0,2026-09-01T00:00:00+01:00,2027-07-31T00:00:00+01:00,72000000,CF-3667400D0O000000rwimUAA,The Trust requires the provision of Business Change Services to support the implementation of an Electronic Patient Record. The contract is for 11 months with no extensions. The published contract value is for the full contract duration. This is a call-off contract awarded via the Government Commercial Agency G-Cloud 14 Framework Lot 3 Cloud Support.,https://www.contractsfinder.service.gov.uk/Notice/7def934b-774b-428f-94ba-7289cea6bb81,1
TCS,True,2026,2026-04-24T00:00:00+01:00,2026-06-12T11:42:09+01:00,H M REVENUE &amp; CUSTOMS,Hands on Technology SR2911423500,Tata Consultancy Services,2500000.0,1800000.0,2500000.0,2026-04-27T00:00:00+01:00,2026-10-30T00:00:00Z,72220000,CW107559,"HMRC is running a major procurement for an enterprise CRM Solution. To support informed decision making, business readiness  and reduce delivery risk, HMRC will run a short, neutral Hands on Tech ( HoT) accelerator using externally hosted, vendor agnostic sandboxes. HMRC will execute HMRC-owned scenario packs (Standardised scripts, seed data approach and non functional probes) to observe behaviours such as data models, workflow/case handling, reporting /MI and integration options in a controlled way",https://www.contractsfinder.service.gov.uk/Notice/a01fcccc-f549-4c67-aa6c-e59508239652,1
TCS,True,2026,2026-04-16T00:00:00+01:00,2026-05-01T15:28:50+01:00,Department for Work and Pensions,GDaD Specialists for Digital Channels,Tata Consultancy Services,24375000.0,19500000.0,24375000.0,2026-04-20T00:00:00+01:00,2028-04-19T00:00:00+01:00,72000000,CF-0026400DQH00000FUqLV2A1,Augmented resources to support multiple business areas across DWPs Digital Channels sub category.,https://www.contractsfinder.service.gov.uk/Notice/bd0f4597-1023-4f41-a40a-0b75896dab60,1
TCS,True,2025,2025-02-21T00:00:00Z,2026-03-27T12:40:56Z,HM Land Registry,Fully Managed Payroll Administration and Management Services,Tata Consultancy Services Limited,2312600.0,1683200.0,2713200.0,2026-11-01T00:00:00Z,2029-10-31T00:00:00Z,79211110,HMLR701064,"A contract for a fully managed Payroll Service: 
•	HR Support Desk: Inputs payroll data
•	Payroll Manager: Reviews and approves payroll
•	Third-party provider: Delivers end-to-end payroll service and application support",https://www.contractsfinder.service.gov.uk/Notice/c486fe99-329a-4a05-a9f4-70e7f174e2e4,1
TCS,True,2025,2025-11-27T00:00:00Z,2026-03-17T14:37:36Z,LIVESTOCK INFORMATION LIMITED,Multispecies Engineering Service,TATA CONSULTANCY SERVICES LIMITED,6444000.0,6444000.0,0.0,2026-03-01T00:00:00Z,2028-02-28T00:00:00Z,72222300,2024/S 000-022568,Multispecies Engineering Support,https://www.contractsfinder.service.gov.uk/Notice/e8af7869-e1bf-47e9-93da-9732030f1f41,1
TCS,True,2025,2025-12-21T00:00:00Z,2026-01-16T08:22:43Z,BIP SOLUTIONS LIMITED,GB-Glasgow: Independent Assurance Services - Collections,Tata Consultancy Services Limited,74000.0,74000.0,0.0,2025-12-22T00:00:00Z,2026-03-06T00:00:00Z,72212442,BIP1006476940,Independent Assurance Service - Collections Software,https://www.contractsfinder.service.gov.uk/Notice/ab69f853-7ee4-4a5e-b139-e87bf10649fa,1
Infosys,True,2018,2018-02-07T00:00:00Z,2019-01-21T14:13:04Z,MEDICINES and HEALTHCARE PRODUCTS REGULATORY AGENCY,Strategic Test Delivery,INFOSYS LIMITED,5000000.0,5000000.0,0.0,2018-03-26T00:00:00+01:00,2021-03-25T00:00:00Z,72000000,project_4411/ecm_5847,The requirement is to provide test services in support of a range of information technology projects for the Medicines and Healthcare products Regulatory Agency (MHRA hereinafter referred to as the Agency).,https://www.contractsfinder.service.gov.uk/Notice/601425ff-f20c-4c0a-8ce7-37d29849d341,1
Infosys,True,2019,2019-04-16T00:00:00+01:00,2020-07-27T07:28:40+01:00,UNIVERSITY OF NOTTINGHAM (THE),PC Upgrades &amp; Add Ons,INFOSYS LIMITED,40600.0,40600.0,0.0,2019-04-16T00:00:00+01:00,2019-04-18T00:00:00+01:00,30200000,4356561,PC Upgrades & Add Ons,https://www.contractsfinder.service.gov.uk/Notice/a2212c48-3137-42f4-8cb8-a21276e78013,1
Infosys,True,2019,2019-06-25T00:00:00+01:00,2020-06-03T08:35:12+01:00,UNIVERSITY OF NOTTINGHAM (THE),Computer Software Purchase,INFOSYS LIMITED,25414.0,25414.0,0.0,2019-06-25T00:00:00+01:00,2019-06-27T00:00:00+01:00,48000000,4370674,Computer Software Purchase,https://www.contractsfinder.service.gov.uk/Notice/0f0db2bd-d14d-4f65-8918-6a4be2266818,1
Infosys,True,2020,2020-02-05T00:00:00Z,2020-05-14T14:34:19+01:00,UNIVERSITY OF NOTTINGHAM (THE),Software Services,INFOSYS LIMITED,187504.0,187504.0,0.0,2020-02-05T00:00:00Z,2020-02-07T00:00:00Z,72261000,4416496,"Software Services
",https://www.contractsfinder.service.gov.uk/Notice/9fd9d3d8-6a7a-4bb4-a0e3-5e6eb17b8bc2,1
Infosys,True,2019,2019-12-20T00:00:00Z,2020-05-14T14:31:21+01:00,UNIVERSITY OF NOTTINGHAM (THE),Software Services,INFOSYS LIMITED,138057.0,138057.0,0.0,2019-12-20T00:00:00Z,2019-12-22T00:00:00Z,72261000,4409105,"Software Services
",https://www.contractsfinder.service.gov.uk/Notice/f5537247-b09b-4ea1-81af-d47321bcc029,1
Infosys,True,2020,2020-03-20T00:00:00Z,2020-05-14T14:17:34+01:00,UNIVERSITY OF NOTTINGHAM (THE),Software,INFOSYS LIMITED,26450.0,26450.0,0.0,2020-03-20T00:00:00Z,2020-03-22T00:00:00Z,48000000,4426808,"Software 
",https://www.contractsfinder.service.gov.uk/Notice/25e0436f-21c0-4d72-aca8-8a621c5e6a0f,1
Infosys,True,2020,2020-03-17T00:00:00Z,2020-05-14T14:15:56+01:00,UNIVERSITY OF NOTTINGHAM (THE),Software,INFOSYS LIMITED,46019.0,46019.0,0.0,2020-03-17T00:00:00Z,2020-03-19T00:00:00Z,48000000,4426391,"Software 
",https://www.contractsfinder.service.gov.uk/Notice/c7113813-7b29-482d-9a5e-a5065fe2c3e2,1
Infosys,True,2020,2020-01-30T00:00:00Z,2020-05-14T14:14:00+01:00,UNIVERSITY OF NOTTINGHAM (THE),Software,INFOSYS LIMITED,49756.0,49756.0,0.0,2020-01-30T00:00:00Z,2020-02-01T00:00:00Z,48000000,4415444,"Software 
",https://www.contractsfinder.service.gov.uk/Notice/5c565732-a088-48c7-bd99-902468715d8c,1
Infosys,True,2019,2019-12-04T00:00:00Z,2020-05-14T14:10:45+01:00,UNIVERSITY OF NOTTINGHAM (THE),Software,INFOSYS LIMITED,76555.0,76555.0,0.0,2019-12-04T00:00:00Z,2019-12-06T00:00:00Z,48000000,4404753,"Software 
",https://www.contractsfinder.service.gov.uk/Notice/2045ca20-28f1-45b8-9c7c-36739bca0f29,1
Infosys,True,2019,2019-12-04T00:00:00Z,2020-05-14T14:09:29+01:00,UNIVERSITY OF NOTTINGHAM (THE),Software,INFOSYS LIMITED,42000.0,42000.0,0.0,2019-12-04T00:00:00Z,2019-12-06T00:00:00Z,48000000,4404751,"Software 
",https://www.contractsfinder.service.gov.uk/Notice/2766723f-c95f-4be8-a7b0-a6311170edb8,1
Infosys,True,2019,2019-10-28T00:00:00Z,2020-05-14T14:06:53+01:00,UNIVERSITY OF NOTTINGHAM (THE),Software Services,INFOSYS LIMITED,40260.0,40260.0,0.0,2019-10-28T00:00:00Z,2019-10-30T00:00:00Z,72261000,4395857,"Software Services
",https://www.contractsfinder.service.gov.uk/Notice/3447c4a9-c5c7-40ea-ac32-a353ab03d67d,1
Infosys,True,2019,2019-10-11T00:00:00+01:00,2020-05-14T14:05:17+01:00,UNIVERSITY OF NOTTINGHAM (THE),Software Services,INFOSYS LIMITED,94800.0,94800.0,0.0,2019-10-11T00:00:00+01:00,2019-10-13T00:00:00+01:00,72261000,4392401,"Software Services
",https://www.contractsfinder.service.gov.uk/Notice/16af2b7f-55cc-43a9-81dc-e4159969cd51,1
Infosys,True,2018,2018-06-11T00:00:00+01:00,2020-01-21T14:38:57Z,ATAMIS LTD,ERP Test Services,Infosys Limited,3334744.0,1.0,3334744.0,2018-06-11T00:00:00+01:00,2020-06-10T00:00:00+01:00,72590000,CF-0011200D58000000L5A4EAK1,Testing services and specialists.,https://www.contractsfinder.service.gov.uk/Notice/1f2d58d1-a262-44f0-9f4d-c1f52c5a0862,1
Infosys,True,2019,2019-11-01T00:00:00Z,2021-10-05T08:37:53+01:00,Care Quality Commission,"Extension of existing Contract for CRM &amp; Data Application Transformation, Design, Development, Implementation &amp; Support.",INFOSYS LIMITED,5276000.0,327600.0,0.0,2019-11-01T00:00:00Z,2022-10-31T00:00:00Z,72000000,Extension of CQC ICTC 821,"Using the first 12 month option to extend the existing Contract for - CRM & Data Application Transformation, Design, Development, Implementation & Support.

Extension period - 01/11/2021 to 31/10/2022.",https://www.contractsfinder.service.gov.uk/Notice/f0728e6a-ed96-4c60-9e02-f91d9b636371,1
Infosys,True,2021,2021-05-25T00:00:00+01:00,2021-06-21T10:53:00+01:00,capitalEsourcing,IT Digital Partner Framework - Contracts Finder,"Perform Green,CODEC-DSS LTD,Nudge Digital Limited,ZOOCHA LIMITED,Actica Consulting Ltd,Infosys Limited,Netcompany UK Ltd,Version 1 Solutions Limited",10000000.0,10000000.0,0.0,2021-05-25T00:00:00+01:00,2023-05-24T00:00:00+01:00,72266000,tender_244588/972131,"Westminster City Council (""the Authority"") has appointed nine strategic partners on to its Digital Partner Framework. The strategic partners will help deliver the Authorities digital roadmap, support strategic outcomes delivery and episodic provision of resources to meet the council&apos;s requirements.

The framework comprises of 7 lots ;
Lot 1 - Smartcity technologies
Lot 2 - Microsoft Dynamics CRM
Lot 3 - User Centred Design and Digital
Lot 4 - Web technologies (Drupal) specialist
Lot 5 - Application Development and Integration
Lot 6 - Cyber Security
Lot 7 - General covering lots 1",https://www.contractsfinder.service.gov.uk/Notice/b84d222c-b098-456c-8492-ec67a5edf1fa,8
Infosys,True,2020,2020-10-30T00:00:00Z,2022-10-13T15:18:04+01:00,Care Quality Commission,"Extension of existing Contract for CRM &amp; Data Application Transformation, Design, Development, Implementation &amp; Support.",Infosys Ltd,4396666.67,327600.0,4396666.67,2019-11-01T00:00:00Z,2023-10-31T00:00:00Z,72000000,CF-1106600D0O000000rwimUAA,"This is a Transparency Notice publication to original Contract for CRM & Data Application Transformation, Design, Development, Implementation & Support.

This notice replaces previous published awarded contract notice:
https://www.contractsfinder.service.gov.uk/Notice/f0728e6a-ed96-4c60-9e02-f91d9b636371 published on the 05th October 2021. The available 2nd 12th month option to extend the contract period has since been taken extending the contract expiry date up to the 31st  October 2023.

The original procurement was undertaken through the CCS Framework Agreement reference number RM3821 ",https://www.contractsfinder.service.gov.uk/Notice/aadab639-1e00-4531-ae35-7fc05bf7ac55,1
Infosys,True,2022,2022-05-02T00:00:00+01:00,2022-07-20T15:29:44+01:00,Medicines and Healthcare Products Regulatory Agency (MHRA),Testing Services,Infosys Ltd,350000.0,350000.0,350000.0,2022-05-02T00:00:00+01:00,2023-05-01T00:00:00+01:00,72222300,CF-0898900D0O000000rwimUAA2,Testing Services,https://www.contractsfinder.service.gov.uk/Notice/917232a5-32b8-4524-9dda-d69c7823b76c,1
Infosys,True,2022,2022-04-05T00:00:00+01:00,2022-04-05T09:31:41+01:00,London Borough of Merton,Microsoft Technology Partner,INFOSYS LTD.,500000.0,0.0,0.0,2022-04-11T00:00:00+01:00,2025-04-11T00:00:00+01:00,72220000,MRTN001-DN580345-77675776,Microsoft Technology Partner,https://www.contractsfinder.service.gov.uk/Notice/328fa0c5-f041-4e2d-bc2c-1b1378c69e54,1
Infosys,True,2021,2021-12-15T00:00:00Z,2022-01-11T12:17:50Z,East Sussex County Council,ESCC - JS Modernising Back Office Systems (ERP Solution),Infosys Limited,25000000.0,2155256.0,0.0,2021-11-01T00:00:00Z,2028-10-31T00:00:00Z,72263000,ESCC - 031315,"The Council followed a restricted procurement process resulting in the award of two contracts as envisaged by the Council's procurement documents: one contract for the Software Solution (""Software Solution Contract"") and the other contract for Implementation Services to implement the Software Solution (""Implementation Contract""). This Contract Award Notice is concerned with the Implementation Contract. A separate Contract Award Notice was published for the Software Solution Contract ref 2021/S 198-517862. The total contract value of £25,000,000 advised in this Notice is the maximum combined va",https://www.contractsfinder.service.gov.uk/Notice/2e46a7b7-418b-4c43-9712-a3968a7574ef,1
Infosys,True,2023,2023-12-13T00:00:00Z,2023-12-16T13:37:11Z,N H S Shared Business Services,INTELLIGENT AUTOMATION (SBS10137),"ENDPOINT AUTOMATION SERVICES LIMITED,ABTRACE LIMITED,ACCENTURE (UK) LIMITED,AGILISYS LIMITED,ARVATO LIMITED,ATOS IT SERVICES UK LIMITED,BROADSTONES SOLUTIONS LTD,CAMTEC CONSULTING LIMITED,CGI IT UK LIMITED,NHS MIDLANDS AND LANCASHIRE COMMISSIONING SUPPORT UNIT,DATAMATICS INFOTECH LIMITED,DELOITTE LLP,EBO.AI (UK) LTD,EPAM SYSTEMS LTD,ERNST &amp; YOUNG LLP,FPT SOFTWARE UNITED KINGDOM LTD,INFOSYS LIMITED,INSIGHT DIRECT (UK) LTD,KAINOS SOFTWARE LIMITED,MASTEK (UK) LTD,NETCALL TECHNOLOGY LIMITED,ROBIQUITY LIMITED,SYNERTEC LIMITED,TECH MAHINDRA LIMITED,TPXIMPACT LIMITED",250000000.0,250000000.0,0.0,2023-11-20T00:00:00Z,2025-11-19T00:00:00Z,48920000 72000000,(SBS10137),"NHS Shared Business Services act in an Agency capacity for and on behalf of its customers (Approved Organisations) - existing and new. These comprise of NHS and Social Care organisations (whether acting individually, or on behalf of, or together as members of any consortia) along with any other public or private sector bodies which NHS SBS authorises to use the resulting Framework.
NHS Shared Business Services Limited (NHS SBS) has put in place a Framework Agreement that allows NHS organisations and other public sector bodies to purchase Intelligent Automation. The Intelligent Automation Fram",https://www.contractsfinder.service.gov.uk/Notice/e2dd4146-a289-4d44-8482-4787fb69831e,25
Infosys,True,2023,2023-10-31T00:00:00Z,2023-11-07T09:43:39Z,Care Quality Commission,CRM Application Support &amp; Development,Infosys Ltd,1365119.0,1365119.0,0.0,2023-11-01T00:00:00Z,2025-10-31T00:00:00Z,72000000,CF-1981400D0O000000rwimUAA,"This is a Contract Award Notice.

The Care Quality Commission (CQC) require CRM Application Support & Development services.

This procurement was undertaken through the CCS G Cloud 13 Framework Agreement (RM1557.13) Lot 3 Cloud Support, following the Direct Award process.

The Contract is awarded for an initial period of 12 months with an option to extend for up to 12 months. 

Total Awarded Value is maximum of all charges including any optional contract extensions.             

Contract Reference: CQC I&D 078",https://www.contractsfinder.service.gov.uk/Notice/b103575b-9aac-412d-85c3-288b5c94ad5d,1
Infosys,True,2023,2023-08-01T00:00:00+01:00,2023-10-26T15:10:18+01:00,Financial Conduct Authority,Digital Services Framework Agreement,"ACCOLITE LABS EUROPE LIMITED,AKER SYSTEMS LIMITED,AGILE SOLUTIONS (GB) LTD,AIRWALK CONSULTING REPLY LTD,ANDIGITAL LIMITED,ANSWER DIGITAL LIMITED,APPRILIS LTD,APPVIA LTD,ATOS HOLDING UK 1 LIMITED,AXIOLOGIK LIMITED,BJSS LIMITED,BROADLIGHT GLOBAL LTD,BROADSTONES SOLUTIONS LTD,BURENDO LTD,BBD SOFTWARE LTD,COFORGE U.K. LTD,CORECOM QUALITY ENGINEERING LIMITED,CREDERA LIMITED,DELOITTE LLP,D-FINE LIMITED,DIGITAL WORKS CONSULTING LTD,EPAM SYSTEMS LTD,ERNST &amp; YOUNG LLP,FIMATIX UK LTD,FINREGE LIMITED,FUJITSU SERVICES LIMITED,GREEN PARK INTERIM &amp; EXECUTIVE LTD,HIPPO DIGITAL LIMITED,HODFORDS SOLUTIONS LIMITED,INFOSYS LIMITED,ITC INFOTECH LIMITED,JUMAR SOLUTIONS LIMITED,KAINOS SOFTWARE LIMITED,CLOUDTHING LIMITED (trading as Kerv Digital),KIN AND CARTA UK LTD,LTIMINDTREE UK LIMITED,MADE TECH LTD,MASTEK (UK) LIMITED,MLABS DIGITAL LTD,NEWREDO LTD,PA CONSULTING SERVICES LIMITED,PRICEWATERHOUSECOOPERS LLP,QUALITEST GROUP UK LTD,QUAYLOGIC LTD,ROWE IT LIMITED,SALESFORCE UK LIMITED,SHIFT LEFT GROUP LIMITED,SOPRA STERIA LIMITED,TATA CONSULTANCY SERVICES LIMITED,TECH CITY LABS LTD,TECKNUOVO LTD,TRANSFORM UK CONSULTING LTD,VALTECH LIMITED,VE3 LTD,ZENSAR TECHNOLOGIES (UK) LIMITED,ZOOCHA LIMITED,AIIMI LIMITED,UNISYS LIMITED,CAPGEMINI UK PLC,COGNIZANT WORLDWIDE LIMITED,NEC SOFTWARE SOLUTIONS UK LIMITED,VERYLOCALS LTD",562500000.0,562500000.0,0.0,2023-09-14T00:00:00+01:00,2027-09-13T00:00:00+01:00,72000000,BIP813343418,"The Financial Conduct Authority (FCA) has procured a 4-year multi-supplier framework agreement for the provision of services for Application Development, Application Maintenance and Modern Application Development including transformation services to improve operational processes, procedures and delivery methodologies. The Framework Agreement was awarded to 62 partners who will support continued delivery of the technology change portfolio, maintain or improve the stability and performance of services, while helping the FCA in its ongoing DevOps, agile and transformation journey.",https://www.contractsfinder.service.gov.uk/Notice/9667acd6-aee0-4fd1-90fd-cc2f247761bc,62
Infosys,True,2022,2022-12-19T00:00:00Z,2023-01-19T19:59:46Z,Transport for London,SuccessFactors Phase 2 Implementation Partner,Infosys Limited,1760500.0,1760500.0,0.0,2023-01-03T00:00:00Z,2024-12-31T00:00:00Z,72000000,28205 ID WS1143172712,A contract for the service of an implementation partner for SuccessFactors Phase.,https://www.contractsfinder.service.gov.uk/Notice/028bf2b2-20d6-4efb-ba57-75464925a98c,1
Infosys,True,2024,2024-12-19T00:00:00Z,2024-12-19T16:27:50Z,Liverpool John Moores University,Oracle Applications Services,INFOSYS TECHNOLOGY LTD,2878838.0,1.0,0.0,2024-10-01T00:00:00+01:00,2031-09-30T00:00:00+01:00,72000000,LJMU 2410,"Liverpool John Moores University (LJMU) is seeking a partner to provide a range of support and development services for our Oracle-based applications, which consist of our Student Information System (SIS) (which uses Oracle's PeopleSoft Campus Solutions product) and Staff Infobase (aka EBS) (which uses Oracle E-Business suite R12.2).
•	The Student Information System underpins the full student lifecycle from recruitment and admissions, to enrolment, examinations, results, progression, and graduation. It is the single source of truth for core student information and provides data to many other ",https://www.contractsfinder.service.gov.uk/Notice/38df39d9-52b9-450a-b174-de55dd657cf5,1
Infosys,True,2024,2024-10-28T00:00:00Z,2024-11-13T13:02:24Z,West Sussex County Council,Oracle Implementation Partner,Infosys Limited,5799005.0,5799005.0,5799005.0,2024-11-04T00:00:00Z,2026-11-03T00:00:00Z,72263000,CF-0022300D24000000HFzAEAW,An implementation partner will be procured to configure and implement Oracle Fusion and associated solutions based on the Council's requirements.,https://www.contractsfinder.service.gov.uk/Notice/bc90016f-a41d-48d4-9c23-be284cc2c5da,1
Infosys,False,2025,2025-12-01T00:00:00Z,2025-12-02T15:35:31Z,Sandwell Metropolitan Borough Council,Mini Competition using G Cloud Framework for Oracle Fusion Managed Service Provider - AWARD,Sera Neon Ltd,794300.0,0.0,0.0,2026-01-01T00:00:00Z,2028-12-31T00:00:00Z,72222000 72222300,IT-230-9669-SMBC 25052 - AWARD,"Sandwell Metropolitan Borough Council (SMBC) is seeking a qualified Managed Service Provider (MSP) to deliver a comprehensive Oracle Managed Support Service for Oracle Fusion. This follows the council's successful implementation of Oracle Fusion in September 2025, replacing the legacy Oracle SBS system. The new system supports approximately 4,500 internal users and an additional 10,000 users across schools and Sandwell Children's Trust. The current support contract, delivered by Infosys, is due to end on 31st December 2025",https://www.contractsfinder.service.gov.uk/Notice/854a0edc-dcaa-43e3-bd40-b4f962275736,1
Infosys,True,2025,2025-11-05T00:00:00Z,2025-12-04T11:08:30Z,London Borough of Southwark,Lot 5: Reporting Services,INFOSYS LTD.,679019.6,679019.6,679019.6,2025-11-16T00:00:00Z,2027-11-15T00:00:00Z,48000000 72000000,SOUTHWARK-DN762934-62993275,Lot 5 Reporting Services,https://www.contractsfinder.service.gov.uk/Notice/2890b35b-145d-459b-87a9-1c50b3c04248,1
Infosys,True,2025,2025-12-01T00:00:00Z,2025-12-02T07:44:03Z,Care Quality Commission,CRM Application Support &amp; Development,Infosys Limited,1692065.0,1692065.0,0.0,2025-11-01T00:00:00Z,2027-12-31T00:00:00Z,72000000,CF-3182000D0O000000rwimUAA,"This is a Contract Award Notice.

The Care Quality Commission (CQC) require CRM Application Support & Development services.

This procurement was undertaken through the CCS G Cloud 14 Framework Agreement (RM1557.14) Lot 3 Cloud Support, following the Direct Award process.

The Contract is awarded for an initial period of 14 months with an option to extend for up to 12 months.

Total Awarded Value is maximum of all charges including any optional contract extensions.

Contract Reference: CQC I&D 146",https://www.contractsfinder.service.gov.uk/Notice/027f77ab-a399-4922-8f26-2c92ca8cedb1,1
Infosys,True,2025,2025-10-10T00:00:00+01:00,2025-11-07T14:45:54Z,N H S Business Services Authority,Future NHS Workforce Solution,Infosys Limited,1172968000.0,824496000.0,1172968000.0,2025-10-20T00:00:00+01:00,2035-10-19T00:00:00+01:00,48450000 72212450 72212451 72222300 72260000 79211110 79410000 79600000 79900000 80420000,CF-1044500D0O000000rwimUAA,"The Authority has procured a supplier to develop a new transformed integrated workforce management solution for the NHS in England and Wales. The current Electronic Staff Record (ESR) service includes HR and payroll; learning; talent management; Total Reward Statements and workforce reporting. It is supported by a supply of systems, support and auxiliary services that enable its effective utilisation. ESR currently pays over 1.9m NHS employees every month, equivalent to around five percent of the UK workforce. The future NHS workforce solution will fulfil the ambition of providing the NHS with",https://www.contractsfinder.service.gov.uk/Notice/b821bbaf-a658-406c-85cc-827f073b5086,1
Infosys,True,2025,2025-08-22T00:00:00+01:00,2025-10-20T15:54:12+01:00,West Sussex County Council,Implementing Oracle - Payroll Testing and Support Service,INFOSYS LIMITED,300000.0,300000.0,300000.0,2025-09-01T00:00:00+01:00,2026-08-31T00:00:00+01:00,50312000,CF-0035200D24000000HFzAEAW,Payroll Testing and Support Service,https://www.contractsfinder.service.gov.uk/Notice/3099f348-9c60-459d-bcc0-1771565e6c5b,1
Infosys,True,2025,2025-08-29T00:00:00+01:00,2025-09-09T16:06:18+01:00,DE MONTFORT UNIVERSITY,Additional SAP Resource,Infosys Limited,126000.0,126000.0,0.0,2025-09-09T00:00:00+01:00,2025-12-08T00:00:00Z,72000000,255000,This contract was awarded under RM1557.14 G-Cloud 14 for the provision additional resource to assist requirements within our SAP solution,https://www.contractsfinder.service.gov.uk/Notice/4f7122aa-ba86-4890-814b-7d3bbb6eefd7,1
Infosys,True,2025,2025-01-07T00:00:00Z,2025-04-15T14:35:02+01:00,BANK OF ENGLAND,Professional technology services,Infosys Limited,156000.0,156000.0,0.0,2025-01-07T00:00:00Z,2026-01-06T00:00:00Z,72222000,CON1001310 - 25,"Provision of professional technology services. 
Awarded under Technology Support Services Framework.
For statements of work awarded between 1st Jan and 31st Jan 2025",https://www.contractsfinder.service.gov.uk/Notice/8b47d675-5500-46a4-bf7d-bc122599a89b,1
Infosys,True,2026,2026-07-21T00:00:00+01:00,2026-08-07T14:18:31+01:00,FCA,Technology Delivery Team Technical Resources,INFOSYS LIMITED,1650908.16,1650908.16,1650908.16,2026-08-10T00:00:00+01:00,2027-02-09T00:00:00Z,72000000,CF-0053100D8d000009sg5IEAQ,To provide resources support to the DTI Technology Delivery Team.,https://www.contractsfinder.service.gov.uk/Notice/27ed9e0c-85a4-4ebb-9cdd-add926c7ed60,1
Infosys,True,2026,2026-05-12T00:00:00+01:00,2026-07-23T16:07:29+01:00,FCA,Core Tech Resource Request - March 2026,INFOSYS LIMITED,1238533.44,1238533.44,1238533.44,2026-07-01T00:00:00+01:00,2027-06-30T00:00:00+01:00,72000000,CF-0051900D8d000009sg5IEAQ,"Provision of resources within Core Tech to support ERP, EUC and MIE.",https://www.contractsfinder.service.gov.uk/Notice/e20c39f8-e531-441c-a9e0-4d27b5cb5d11,1
Infosys,True,2025,2025-12-03T00:00:00Z,2026-02-05T12:01:50Z,FCA,RCMS and IRO Analyst Services,INFOSYS LIMITED,1313858.88,1313858.88,1313858.88,2025-12-03T00:00:00Z,2026-12-02T00:00:00Z,72000000,CF-0036500D8d000009sg5IEAQ,Provision of Business Analyst and Data Analyst services to support project delivery of Regulatory Case Management Service and Integrated Regulatory Operations.,https://www.contractsfinder.service.gov.uk/Notice/9c53337f-d5b4-4c09-bac0-07953e0dfded,1
HCL,True,2018,2018-07-25T00:00:00+01:00,2018-10-30T13:49:34Z,Orbit Group Limited,OG - Shaping Our Future - IT Platform - PP927,HCL Technologies UK Ltd,11000000.0,10000000.0,0.0,2018-05-05T00:00:00+01:00,2023-06-30T00:00:00+01:00,72000000,ORBIT001-DN320459-56640197,"Orbit has now awarded a contract to the successful bidder to provide the following:-  A new integrated technology suite to replace the functionality of most (all preferably) legacy software applications, delivering a more efficient technology enabled service which support our colleagues and customers to reliably get things done using simplified, standardised and shared services. The contract terms and conditions that Orbit intends to use for this contract are the RM1042 framework agreement, call-off contract terms and conditions as required by the ordering procedures for the framework agreemen",https://www.contractsfinder.service.gov.uk/Notice/d1a247c4-ed05-4a12-ac3e-7330ddf02f04,1
HCL,True,2018,2018-07-30T00:00:00+01:00,2018-08-20T09:55:05+01:00,NEWCASTLE UNIVERSITY,Professional services,HCL Technologies UK Limited,0.0,0.0,0.0,2018-07-31T00:00:00+01:00,2018-08-01T00:00:00+01:00,66171000,4200583303,"Business School External Egagement CRM
Pilot",https://www.contractsfinder.service.gov.uk/Notice/895ff974-9a2a-4137-9e27-dcf37975d4b6,1
HCL,True,2019,2019-10-01T00:00:00+01:00,2019-11-18T13:09:55Z,Department of Health and Social Care,Lotus Domino Utility Servers,HCL Technologies Ltd,40250.0,40250.0,0.0,2019-10-01T00:00:00+01:00,2020-03-31T00:00:00+01:00,48400000,tender_221531/813155,Software and Support Services - six month contract,https://www.contractsfinder.service.gov.uk/Notice/9b5eae13-f539-495a-a204-5c1cc7338bd0,1
HCL,True,2019,2019-07-31T00:00:00+01:00,2019-08-14T10:10:43+01:00,Suffolk Constabulary,Mobile App and Workflows - OPTIK,HCL TECHNOLOGIES UK LIMITED,735797.0,735797.0,735797.0,2019-08-01T00:00:00+01:00,2021-12-31T00:00:00Z,48100000,2018-065,This is a call off under a Kent/Essex Police Framework for Mobile applications.,https://www.contractsfinder.service.gov.uk/Notice/487a5f01-c575-4af4-9522-d26d7d55350d,1
HCL,True,2019,2019-03-29T00:00:00Z,2019-04-26T12:59:04+01:00,Buckinghamshire County Council,SAP System Support and Maintenance for BCC,HCL Technologies UK Ltd,450500.0,450500.0,900000.0,2019-05-01T00:00:00+01:00,2022-04-30T00:00:00+01:00,72000000,BUCKSH001-DN374048-89536776,"Contract awarded for the supply of SAP system support and maintenance for Buckinghamshire County Council following further competition under the Crown Commercial Services Framework Agreement Technology Services 2 (RM3804), Lot 3d Operation Service (Application and Data Management). The contract start date is 1st May 2019 with an anticipated duration of 3 years with the option for 2 further extensions of 12 months each.",https://www.contractsfinder.service.gov.uk/Notice/d82507d0-a675-4d7c-85c4-a25f44e4c09a,1
HCL,True,2018,2018-09-30T00:00:00+01:00,2019-03-04T13:36:21Z,Nottinghamshire Police Force,Provision of Middleware to Enable Agile Working,HCL Technologies (UK) Limited,288000.0,288000.0,0.0,2018-10-01T00:00:00+01:00,2019-09-30T00:00:00+01:00,48200000,CN1001903,Provision of Middleware to Enable Agile Working. Utilising Framework CCS Framework Agreement RM1042 and RM1498 Lot 6,https://www.contractsfinder.service.gov.uk/Notice/bb2e0008-2c7f-4bff-8217-52d9a9603fc9,1
HCL,True,2020,2020-03-27T00:00:00Z,2020-04-29T17:45:05+01:00,Ofgem,Dynamic Purchasing System - Digital Services,"6point6 Ltd,6point6 Ltd,Acuma Solutions Limited,Acuma Solutions Limited,Acuma Solutions Limited,Acuma Solutions Limited,Agilesphere LLP,Agilesphere LLP,Agilesphere LLP,Agilesphere LLP,Andigital Limited,Andigital Limited,Andigital Limited,Andigital Limited,ANUP Consulting ltd,ANUP Consulting ltd,Atkins Limited,Atkins Limited,Atkins Limited,BiP Solutions Ltd,BMT Defence and Security UK Ltd,BMT Defence and Security UK Ltd,BMT Defence and Security UK Ltd,BMT Defence and Security UK Ltd,Cadence Innova Ltd,Certes Computing Limited,CGI IT UK Limited,CGI IT UK Limited,CGI IT UK Limited,Cognizant Worldwide Limited,County HR Solutions Limited,County HR Solutions Limited,County HR Solutions Limited,County HR Solutions Limited,Evisa Solutions Ltd TA Malikshaw,Evisa Solutions Ltd TA Malikshaw,Evisa Solutions Ltd TA Malikshaw,Frazer-Nash Consultancy Ltd,Frazer-Nash Consultancy Ltd,Frazer-Nash Consultancy Ltd,Frazer-Nash Consultancy Ltd,HCL Technologies UK Limited,HCL Technologies UK Limited,HCL Technologies UK Limited,HCL Technologies UK Limited,Hippo Digital Ltd,i3Works Ltd,i3Works Ltd,Interprofis Ltd,Interprofis Ltd,Interprofis Ltd,Kainos Software Limited,Kainos Software Limited,Kainos Software Limited,Kainos Software Limited,Mason Advisory Limited,Mason Advisory Limited,Mason Advisory Limited,Mastek UK Limited,Mastek UK Limited,Mastek UK Limited,Mastek UK Limited,Methods Business and Digital Technology Limited,Methods Business and Digital Technology Limited,Methods Business and Digital Technology Limited,Methods Business and Digital Technology Limited,Moorhouse Consulting,Moorhouse Consulting,Moorhouse Consulting,Netcompany UK Ltd,Notbinary Limited,Notbinary Limited,Notbinary Limited,Notbinary Limited,Objectivity Limited,Objectivity Limited,Objectivity Limited,Objectivity Limited,Opencast Software,Osmani Consulting Ltd,Osmani Consulting Ltd,PA CONSULTING SERVICES LTD,PA CONSULTING SERVICES LTD,PA CONSULTING SERVICES LTD,PA CONSULTING SERVICES LTD,Purely Digital Services Ltd,Purely Digital Services Ltd,Purely Digital Services Ltd,Purely Digital Services Ltd,PricewaterhouseCoopers Consulting Services UK,PricewaterhouseCoopers Consulting Services UK,SATIGO Ltd,SATIGO Ltd,SATIGO Ltd,SATIGO Ltd,Scott Logic Ltd,Scott Logic Ltd,Tata Consultancy Services Limited,Tata Consultancy Services Limited,Tata Consultancy Services Limited,Tata Consultancy Services Limited,Tolomy Ltd,Triad Group PLC,Triad Group PLC,UKCloud Ltd,UKCloud Ltd,UKCloud Ltd,UKCloud Ltd,Baringa Partners LLP,Baringa Partners LLP,Baringa Partners LLP,Baringa Partners LLP,Amethyst Risk Management Limited,Capgemini UK Plc,The DMW Group Limited,Ernst &amp; Young Limited,Foundation SP Limited,Gemserv Limited,Glue Reply Limited,Hartley McMaster Limited,Informed Solutions Limited,Hippo Digital Limited,Mahsy Ltd,MASS Limited,Netsells Limited,NIIT Technologies Limited,Opencast Software Europe Limited,Q5 Partners LLP,Risual Limited,Softwire Technology Limited,Tessella Limited,Spinwell Global Limited,Valtech Limited,Version 1 Limited,Zuhlke Engineering Ltd,Amethyst Risk Management Limited,Amethyst Risk Management Limited,Amethyst Risk Management Limited,Capgemini UK Plc,Capgemini UK Plc,Capgemini UK Plc,The DMW Group Limited,The DMW Group Limited,The DMW Group Limited,Ernst &amp; Young Limited,Ernst &amp; Young Limited,Ernst &amp; Young Limited,Foundation SP Limited,Foundation SP Limited,Foundation SP Limited,Glue Reply Limited,Hippo Digital Limited,Informed Solutions Limited,Gemserv Limited,Glue Reply Limited,Hippo Digital Limited,Gemserv Limited,Glue Reply Limited,Informed Solutions Limited,Mahsy Ltd,MASS Limited,MASS Limited,Mahsy Ltd,MASS Limited,MSC Digital Limited,MSC Digital Limited,NIIT Technologies Limited,NIIT Technologies Limited,NIIT Technologies Limited,ThoughtWorks Ltd,ThoughtWorks Ltd,ThoughtWorks Ltd,ThoughtWorks Ltd,Risual Limited,Risual Limited,Risual Limited,Softwire Technology Limited,Softwire Technology Limited,Spinwell Global Limited,Spinwell Global Limited,Spinwell Global Limited,Tessella Limited,Tessella Limited,Valtech Limited,Version 1 Limited,Zuhlke Engineering Ltd,Valtech Limited,Version 1 Limited,Zuhlke Engineering Ltd,Valtech Limited,Version 1 Limited,Zuhlke Engineering Ltd,Netsells Limited,The Data Place Limited,Cognizant Worldwide Limited,Cognizant Worldwide Limited,Cognizant Worldwide Limited,CGI IT UK Limited,Vmware UK Limited,Vmware UK Limited,Pathfinder Project Management",4000000.0,4000000.0,0.0,2020-03-27T00:00:00Z,2024-03-26T00:00:00Z,72000000,"
            MT219585","This Dynamic Purchasing System (DPS) will support the Ofgem DDaT team to develop and expand its capabilities with a strategic architecture function, including enterprise, solutions, cyber security and data specialists to support the increasing pace of technological change, and Ofgem and Industry initiatives supporting and enabling the transformation of the energy sector aligned with the HMG Industrial Strategy.  This also includes supporting the delivery of data platforms and front-end digital services, and embedding data and digital capabilities within the organisation in discrete teams to de",https://www.contractsfinder.service.gov.uk/Notice/116c5db7-8a80-4037-af78-a1764de8157f,201
HCL,True,2020,2020-03-27T00:00:00Z,2020-03-30T17:45:08+01:00,Ofgem,Dynamic Purchasing System - Digital Services,"6point6 Ltd,6point6 Ltd,Acuma Solutions Limited,Acuma Solutions Limited,Acuma Solutions Limited,Acuma Solutions Limited,Agilesphere LLP,Agilesphere LLP,Agilesphere LLP,Agilesphere LLP,Andigital Limited,Andigital Limited,Andigital Limited,Andigital Limited,ANUP Consulting ltd,ANUP Consulting ltd,Atkins Limited,Atkins Limited,Atkins Limited,BiP Solutions Ltd,BMT Defence and Security UK Ltd,BMT Defence and Security UK Ltd,BMT Defence and Security UK Ltd,BMT Defence and Security UK Ltd,Cadence Innova Ltd,Certes Computing Limited,CGI IT UK Limited,CGI IT UK Limited,CGI IT UK Limited,Cognizant Worldwide Limited,County HR Solutions Limited,County HR Solutions Limited,County HR Solutions Limited,County HR Solutions Limited,Evisa Solutions Ltd TA Malikshaw,Evisa Solutions Ltd TA Malikshaw,Evisa Solutions Ltd TA Malikshaw,Frazer-Nash Consultancy Ltd,Frazer-Nash Consultancy Ltd,Frazer-Nash Consultancy Ltd,Frazer-Nash Consultancy Ltd,HCL Technologies UK Limited,HCL Technologies UK Limited,HCL Technologies UK Limited,HCL Technologies UK Limited,Hippo Digital Ltd,i3Works Ltd,i3Works Ltd,Interprofis Ltd,Interprofis Ltd,Interprofis Ltd,Kainos Software Limited,Kainos Software Limited,Kainos Software Limited,Kainos Software Limited,Mason Advisory Limited,Mason Advisory Limited,Mason Advisory Limited,Mastek UK Limited,Mastek UK Limited,Mastek UK Limited,Mastek UK Limited,Methods Business and Digital Technology Limited,Methods Business and Digital Technology Limited,Methods Business and Digital Technology Limited,Methods Business and Digital Technology Limited,Moorhouse Consulting,Moorhouse Consulting,Moorhouse Consulting,Netcompany UK Ltd,Notbinary Limited,Notbinary Limited,Notbinary Limited,Notbinary Limited,Objectivity Limited,Objectivity Limited,Objectivity Limited,Objectivity Limited,Opencast Software,Osmani Consulting Ltd,Osmani Consulting Ltd,PA CONSULTING SERVICES LTD,PA CONSULTING SERVICES LTD,PA CONSULTING SERVICES LTD,PA CONSULTING SERVICES LTD,Go Pivotal (UK) Limited,Go Pivotal (UK) Limited,Purely Digital Services Ltd,Purely Digital Services Ltd,Purely Digital Services Ltd,Purely Digital Services Ltd,PricewaterhouseCoopers Consulting Services UK,PricewaterhouseCoopers Consulting Services UK,SATIGO Ltd,SATIGO Ltd,SATIGO Ltd,SATIGO Ltd,Scott Logic Ltd,Scott Logic Ltd,Tata Consultancy Services Limited,Tata Consultancy Services Limited,Tata Consultancy Services Limited,Tata Consultancy Services Limited,Tolomy Ltd,Triad Group PLC,Triad Group PLC,UKCloud Ltd,UKCloud Ltd,UKCloud Ltd,UKCloud Ltd,Baringa Partners LLP,Baringa Partners LLP,Baringa Partners LLP,Baringa Partners LLP,Amethyst Risk Management Limited,Capgemini UK Plc,The DMW Group Limited,Ernst &amp; Young Limited,Foundation SP Limited,Gemserv Limited,Glue Reply Limited,Hartley McMaster Limited,Informed Solutions Limited,Hippo Digital Limited,Mahsy Ltd,MASS Limited,Netsells Limited,NIIT Technologies Limited,Opencast Software Europe Limited,Q5 Partners LLP,Risual Limited,Softwire Technology Limited,Tessella Limited,Spinwell Global Limited,Valtech Limited,Version 1 Limited,Zuhlke Engineering Ltd,Amethyst Risk Management Limited,Amethyst Risk Management Limited,Amethyst Risk Management Limited,Capgemini UK Plc,Capgemini UK Plc,Capgemini UK Plc,The DMW Group Limited,The DMW Group Limited,The DMW Group Limited,Ernst &amp; Young Limited,Ernst &amp; Young Limited,Ernst &amp; Young Limited,Foundation SP Limited,Foundation SP Limited,Foundation SP Limited,Glue Reply Limited,Hippo Digital Limited,Informed Solutions Limited,Gemserv Limited,Glue Reply Limited,Hippo Digital Limited,Gemserv Limited,Glue Reply Limited,Informed Solutions Limited,Mahsy Ltd,MASS Limited,MASS Limited,Mahsy Ltd,MASS Limited,MSC Digital Limited,MSC Digital Limited,NIIT Technologies Limited,NIIT Technologies Limited,NIIT Technologies Limited,ThoughtWorks Ltd,ThoughtWorks Ltd,ThoughtWorks Ltd,ThoughtWorks Ltd,Risual Limited,Risual Limited,Risual Limited,Softwire Technology Limited,Softwire Technology Limited,Spinwell Global Limited,Spinwell Global Limited,Spinwell Global Limited,Tessella Limited,Tessella Limited,Valtech Limited,Version 1 Limited,Zuhlke Engineering Ltd,Valtech Limited,Version 1 Limited,Zuhlke Engineering Ltd,Valtech Limited,Version 1 Limited,Zuhlke Engineering Ltd,Netsells Limited,The Data Place Limited",4000000.0,4000000.0,0.0,2020-03-27T00:00:00Z,2024-03-26T00:00:00Z,72000000,"
            MT219357","This Dynamic Purchasing System (DPS) will support the Ofgem DDaT team to develop and expand its capabilities with a strategic architecture function, including enterprise, solutions, cyber security and data specialists to support the increasing pace of technological change, and Ofgem and Industry initiatives supporting and enabling the transformation of the energy sector aligned with the HMG Industrial Strategy.  This also includes supporting the delivery of data platforms and front-end digital services, and embedding data and digital capabilities within the organisation in discrete teams to de",https://www.contractsfinder.service.gov.uk/Notice/28e8eeab-85db-4ff9-af29-4739fc7b6019,196
HCL,True,2020,2020-10-14T00:00:00+01:00,2020-10-29T11:10:37Z,Derbyshire County Council,CCP19029 Engagement of a System Implementer for a SAP Upgrade to the SAP Intelligent Suite,HCL Technologies UK Limited,1300000.0,1500000.0,1500000.0,2020-10-01T00:00:00+01:00,2021-09-30T00:00:00+01:00,72000000,DERBSCC001-DN483747-81323732,"The Council is inviting tenders from System Implementers who have worked with large organisations, ideally in the public sector, to undertake a SAP upgrade to the SAP Intelligent Suite. The Council wishes to engage a partner who can bring the appropriate experience, skills, knowledge and resources, to supplement the Council's team.
The contract term is anticipated to be up to 1 year.
The Contract start date is anticipated to be October 2020 and the SAP Upgrade will need to be completed by 30 September 2021.
The estimated maximum total value of the Contract is £1,500,000 over the whole life ",https://www.contractsfinder.service.gov.uk/Notice/2939220b-f942-4bc2-8af6-3f57f925e2d8,1
HCL,True,2020,2020-09-30T00:00:00+01:00,2020-10-21T10:02:56+01:00,UNIVERSITY OF SOUTHAMPTON,"Design, Development, Implementation and On-Going Support and Enhancement for Microsoft Dynamics 365",HCL TECHNOLOGIES UK LIMITED,2000000.0,2000000.0,0.0,2020-10-01T00:00:00+01:00,2022-09-30T00:00:00+01:00,72266000,2020UoS-0184,"The University wishes to select a preferred partner to assist in design, development, implementation and ongoing support and enhancement of the Microsoft Dynamics 365 programme.",https://www.contractsfinder.service.gov.uk/Notice/6d680ded-ddde-4c7d-a8aa-0c8a20caaf2e,1
HCL,True,2020,2020-07-10T00:00:00+01:00,2020-09-07T08:29:37+01:00,Bradford Metropolitan District Council,SAP Support and Maintenance,HCL Technologies UK Limited,315000.0,300000.0,330000.0,2020-10-31T00:00:00Z,2022-12-31T00:00:00Z,72000000,BFDMDC001-DN473489-18120385,"City of Bradford Metropolitan District Council (the Council) is seeking to appoint a suitably experienced and qualified Provider (the Provider) to deliver a comprehensive SAP Support and Maintenance service. The Council is not looking to replace its existing SAP system at this time.
The Council requires a Provider who is capable of providing a complete SAP support service. This service will be dependent on close coordination with Council IT Services who provide level 1 and level 2 support for SAP. 
The proposed contract will be for an initial duration of two (2) years and two (2) months with",https://www.contractsfinder.service.gov.uk/Notice/486d9ccf-baad-4c4b-b6c3-d284e4353000,1
HCL,True,2020,2020-03-03T00:00:00Z,2020-04-28T08:39:00+01:00,UNIVERSITY OF SOUTHAMPTON,Enterprise CRM for Recruitment &amp; Admissions,HCL TECHNOLOGIES UK LIMITED,189600.0,183600.0,0.0,2020-04-06T00:00:00+01:00,2020-07-20T00:00:00+01:00,72000000,2019UoS-0243,"The University undertook a discovery assignment during March to May 2019, focused on documenting a high-level business case for implementing an enterprise wide Customer Relationship Management (CRM) system to engage and manage the entire student lifecycle. The primary objective of the exercise was to assess what successful outcomes could be achieved in the
short term and the longer term from any future deployment. The scope of this assignment did include high level understanding of the existing operational environment and most importantly, identify at a high-level, options currently available",https://www.contractsfinder.service.gov.uk/Notice/c40a3eda-d9fe-4656-962b-7bc3045b3158,1
HCL,True,2021,2021-02-03T00:00:00Z,2021-02-03T12:11:37Z,Kirklees Council,KMCIT-138 Citrix - SA Licences 2021 - 2022,HCL Technologies Ltd,21866.0,30000.0,30000.0,2021-04-01T00:00:00+01:00,2022-03-31T00:00:00+01:00,72000000,KIRKC001-DN524855-30244154,Citrix - SA Licences 2021 - 2022,https://www.contractsfinder.service.gov.uk/Notice/0be64522-93e5-4754-bce5-29b914561cd1,1
HCL,True,2022,2022-04-06T00:00:00+01:00,2022-05-17T08:26:46+01:00,THRIVE HOMES LIMITED,Finance Management Software &amp; Associated Services (Microsoft 365 Platform),HCL Technologies UK Limited,437080.0,750000.0,0.0,2021-10-11T00:00:00+01:00,2027-10-10T00:00:00+01:00,48000000,TH2222b,"Thrive wants to embark on a business transformation programme which will improve front and back end services for both customers and colleagues. The way in which the social housing sector makes use of IT is undergoing a radical change, often utilising cloud-based technologies that allow information to flow seamlessly throughout an organisation, ideally suited to an agile and mobile operating environment. 
Thrive's Strategic Framework includes strategic objectives for customers, staff, and technology. The strategic objectives of ""a good place to work"" wants to see more people work remotely and ",https://www.contractsfinder.service.gov.uk/Notice/e3b2f3cb-3ec2-4af9-8a58-078245a2bc59,1
HCL,True,2022,2022-07-31T00:00:00+01:00,2022-12-06T15:05:06Z,Somerset County Council,"SAP HR services for Sedgemoor, Mendip, Somerset West &amp; Taunton and South Somerset District Councils",HCL Technologies UK LTD,330716.0,330716.0,330716.0,2022-08-01T00:00:00+01:00,2023-03-31T00:00:00+01:00,48100000,SOMRTD001-DN634536-59179053,Award of contract for SAP services in relation to district councils to support move to Somerset Coucil,https://www.contractsfinder.service.gov.uk/Notice/88013e31-14fa-4fac-a5ff-5c8f54ef487f,1
HCL,True,2022,2022-08-15T00:00:00+01:00,2022-08-15T12:04:38+01:00,Greater Manchester Combined Authority - Greater Manchester Police,Mobile Policing - Enterprise Service Bus and Applications,HCL Technologies UK Ltd,6200000.0,6200000.0,6210000.0,2020-10-01T00:00:00+01:00,2024-09-30T00:00:00+01:00,48482000 48900000 72260000,20220815120433-35572,Mobile applications to support operational policing.,https://www.contractsfinder.service.gov.uk/Notice/53d6d553-b3a1-4d96-9cef-12023ba49e37,1
HCL,True,2022,2022-06-01T00:00:00+01:00,2022-08-09T16:26:17+01:00,Sanctuary Housing Association,Application Management and Innovation Project Services,HCL Technologies Ltd,10000000.0,3000000.0,10000000.0,2022-08-01T00:00:00+01:00,2029-07-31T00:00:00+01:00,72200000,SANCTUARYLIVE001-DN560438-74866012,"The supply of services for the support and development, continuous improvement and
innovation of Sanctuary's SAP ERP and related applications.",https://www.contractsfinder.service.gov.uk/Notice/0f575f66-6796-4cfc-9617-2f20a974d839,1
HCL,True,2022,2022-04-11T00:00:00+01:00,2022-05-12T12:33:27+01:00,The British Broadcasting Corporation (BBC),Systems Delivery and Integration Services Framework,"Atos IT Services UK Limited,CGI IT UK Limited,Cognizant Worldwide limited,Deloitte LLP,EPI-USE Labs Limited,Ernst &amp; Young LLP,HCL Technologies UK Ltd,IBM United Kingdom Limited,Invenio Business Solutions Ltd,NTT DATA UK Ltd.,PricewaterhouseCoopers LLP,Redcentric Solutions Limited,SAP Source Limited,Tata Consultancy Services Limited,Tech Mahindra Limited,Wipro Limited,Apsolut UK Ltd.,Accenture (UK) Limited",40000000.0,0.0,40000000.0,2022-04-12T00:00:00+01:00,2026-04-11T00:00:00+01:00,72225000 72226000 72227000 72230000 72254000 72262000 72263000 72267000,tender_201826/1069983,"The BBC intends to establish a Framework Agreement of Suppliers who will deliver general systems delivery and integration services, in addition to specialist SAP product services. The BBC is acting on its own behalf and as agent BBC Commercial Holdings Group.

The Framework Agreement is divided in to 2 separate Lots. Tenderers may bid individually for one Lot, or both Lots - where they meet the relevant minimum standards.

The following is the expected total value of spend for each Lot on the Framework Agreement, for the full potential of Term (48 months). This includes the Initial Term (3",https://www.contractsfinder.service.gov.uk/Notice/bf792dea-589c-40b3-9346-699b82694628,18
HCL,True,2023,2023-10-05T00:00:00+01:00,2023-10-16T15:10:01+01:00,Derbyshire County Council,CST129 SAP on Azure Assessment,HCL Technologies UK Ltd,44000.0,44000.0,0.0,2023-10-06T00:00:00+01:00,2023-11-17T00:00:00Z,72000000,DERBSCC001-DN694838-79292600,"Direct award of a contract to HCL Technologies Ltd. 
Note: the closing data and time field is not applicable but is a mandatory field.",https://www.contractsfinder.service.gov.uk/Notice/8ac92039-c0ba-4c2e-b7c3-0c0ebd4e37c8,1
HCL,True,2023,2023-12-14T00:00:00Z,2023-12-21T11:20:14Z,Derbyshire County Council,CST105 Implementation partner for SAP Upgrade and SAP on Azure infrastructure,HCL Technologies UK Limited,1900000.0,1588000.0,1900000.0,2023-12-15T00:00:00Z,2024-12-14T00:00:00Z,72000000,DERBSCC001-DN697579-36109398,"Direct award of a contract for an Implementation Partner to support a SAP Upgrade and SAP on Azure Infrastructure under Regulation 32 of the Public Procurement Regulations 2015, and Protocol 8 of the Council's Standing Orders Relating to Contracts. Award date (contract signature) was 15/12/2023, but the form would not allow an award date and start date to be the same day so 14/12/2023 was entered.",https://www.contractsfinder.service.gov.uk/Notice/0ba215bb-6bf4-46d7-9249-9435cd61793e,1
HCL,True,2024,2024-11-29T00:00:00Z,2024-12-20T12:00:30Z,Warrington Borough Council,Provision of Implementation and On-Going Support Services for SAP S/4HANA Cloud.,HCL Technologies UK Limited,4067000.0,4067000.0,0.0,2024-12-01T00:00:00Z,2030-11-30T00:00:00Z,72263000 72265000 72266000,WARRINGTONLIVE001-DN725660-63941509,Provision of implementation and support Services for SAP S/4HANA Cloud.,https://www.contractsfinder.service.gov.uk/Notice/694f0489-37cc-4640-8e55-465123e7fd08,1
HCL,True,2024,2024-11-26T00:00:00Z,2024-11-26T12:30:09Z,Greater Manchester Combined Authority - Greater Manchester Police,Mobile Policing - Enterprise Service Bus and System Development,HCL Technologies UK Ltd.,8396000.0,8396000.0,0.0,2024-10-01T00:00:00+01:00,2028-09-30T00:00:00+01:00,48000000 72200000,20241126123003-35572,"Development and Support of GMP mobile applications, ESB, Dashboard Development and Support
Crown Commercial Services GCloud 13 call off contract",https://www.contractsfinder.service.gov.uk/Notice/491e1b19-7d50-4ffc-9d44-c32b84a59fc7,1
HCL,True,2024,2024-10-23T00:00:00+01:00,2024-10-24T15:40:28+01:00,City of London Corporation,Service Integration Partner for ERP,HCL Technologies UK Limited,4200000.0,4200000.0,0.0,2024-10-24T00:00:00+01:00,2026-10-23T00:00:00+01:00,72000000,tender_413904/1418675,Service Integration Partner for ERP,https://www.contractsfinder.service.gov.uk/Notice/397d38fc-4ee3-4985-af17-343d7b212a67,1
HCL,True,2024,2024-04-30T00:00:00+01:00,2024-06-27T10:06:20+01:00,Buckinghamshire Council,SAP ECC Operational Support and changes,HCL Technologies UK Limited,378994.0,378994.0,378994.0,2024-05-01T00:00:00+01:00,2027-04-30T00:00:00+01:00,72000000,BUCKSH001-DN730247-31882385,"Buckinghamshire Council require 261 man-days per annum of SAP Support Services from expert SAP consultants, to provide additional capacity to business support as usual and to undertake system changes. An application management service is also required to monitor and maintain the production landscape, including incident management, software upgrade support and change requests. This Call-Off Contract is for the provision of services under Lot 3 Cloud Support of the G-Cloud 13 Framework (RM1557.13).
Estimated value: £378,994.00",https://www.contractsfinder.service.gov.uk/Notice/a07ebac7-c932-4305-9d83-d4a9694184ff,1
HCL,True,2024,2024-03-12T00:00:00Z,2024-06-04T10:46:24+01:00,Manchester City Council,Our New Finance &amp; HROD System,HCL Technologies UK Limited,8285517.0,3000000.0,5000000.0,2024-01-29T00:00:00Z,2029-01-28T00:00:00Z,48000000,MANC001-DN666748-23516391,"Manchester City Council requires a new Finance, HROD&T (Human Resources, Organisational Development and Transformation) system, including Payroll, and Purchase to Pay functionality. The new system will be critical in underpinning the council's continued transformation and the delivery of city's strategic vision. Through the system, the council aims for a wholesale channel shift for our employees and managers whereby they self-serve for the majority of functions and transactions.  This will in turn enable staff to focus on higher value adding activities, improving efficiency and user experience",https://www.contractsfinder.service.gov.uk/Notice/3cd4a19c-a174-4753-9ff1-df68b489fcaf,1
HCL,True,2024,2024-03-01T00:00:00Z,2024-05-13T09:35:56+01:00,Wakefield and District Housing Limited,D365 Application Support and Maintenance,HCL Technologies UK Limited,291600.0,291600.0,0.0,2024-05-01T00:00:00+01:00,2027-04-30T00:00:00+01:00,72000000,WDH001-DN723571-43380545,D365 Application Support and Maintenance,https://www.contractsfinder.service.gov.uk/Notice/6ff9a083-6145-4d6f-8584-e410a0f71f87,1
HCL,True,2025,2025-11-05T00:00:00Z,2025-12-04T11:06:38Z,London Borough of Southwark,Lot 4: Data Migration,HCL Technologies UK Limited,803714.0,803714.0,803714.0,2025-11-16T00:00:00Z,2027-11-15T00:00:00Z,72000000 48000000,SOUTHWARK-DN762929-63661422,Data Migration consultancy services in support of migration to new SAP ERP solution.,https://www.contractsfinder.service.gov.uk/Notice/df94eabe-a62e-4e1e-8c0c-709eee4091c8,1
HCL,True,2025,2025-08-27T00:00:00+01:00,2025-12-04T10:58:45Z,London Borough of Southwark,Lot 2: Software Design and Implementation Services,HCL Technologies UK Limited,5560011.0,5560011.0,5560011.0,2025-11-16T00:00:00Z,2027-11-15T00:00:00Z,48000000 72000000,SOUTHWARK-DN760735-17023623,Consultancy services to support implementation of SAP ERP solution.,https://www.contractsfinder.service.gov.uk/Notice/22ef235f-859e-4bf0-a15d-52b0f4346fa0,1
HCL,True,2025,2025-03-31T00:00:00+01:00,2025-05-20T08:26:25+01:00,SOMERSET COUNCIL,SAP Support Services,HCL Technologies Ltd,831676.95,831676.95,0.0,2025-04-01T00:00:00+01:00,2026-09-30T00:00:00+01:00,48000000,C1000522,SAP Support Services for Somerset Council,https://www.contractsfinder.service.gov.uk/Notice/3eb27898-9e3f-4ec5-a4fe-cb3812e58102,1
HCL,True,2025,2025-03-31T00:00:00+01:00,2025-03-31T11:26:56+01:00,Lincolnshire Police,Enterprise Resource Planning Solution - AWARD,HCL Technologies UK,6400100.0,0.0,0.0,2025-04-01T01:00:00+01:00,2035-03-31T01:00:00+01:00,48451000,IT-593-20- CCM/0496 - AWARD,This Further Competition procurement exercise is to identify and award a contract for a suitable ERP solution for Lincolnshire Police,https://www.contractsfinder.service.gov.uk/Notice/89c72395-ff5a-46e0-8106-3f61f526f3cb,1
HCL,True,2024,2024-12-17T00:00:00Z,2025-02-21T13:44:29Z,Bristol and Weston NHS Purchasing Consortium,Contract Modification - SAP Implementation Partner,HCL TECHNOLOGIES UK LIMITED,74796.92,0.0,100000.0,2024-11-30T00:00:00Z,2024-12-31T00:00:00Z,72263000,BWPCIT001427-2 - RVJ,"Contract Modification of original contract agreement through CCS Framework RM6193 - Software Design and Implementation Services. 

Bristol & Weston NHS Purchasing Consortium (BWPC) are NHS employees hosted by North Bristol NHS Trust whose specialism is procurement. 

BWPC support local Trusts and Healthcare Providers with all aspects of clinical and non-clinical purchasing, supply chain management and capital equipping.

This award is to publish the contract modification of BWPCIT001427-2 SAP Implementation Partner under PCR2015 - Regulation 72, to modify the existing agreement to suppor",https://www.contractsfinder.service.gov.uk/Notice/901fe69c-8e86-4f52-b1bb-cc4b1d169a22,1
HCL,True,2018,2018-10-01T00:00:00+01:00,2018-10-15T11:41:13+01:00,ESPO,704_18 Catering Services,"Alliance in Partnership,ARAMARK Limited,A.B.M. Catering Limited,BaxterStorey Limited,Catering Academy Limited,Cater Link Limited,Accent Catering Services,Apetito Limited,Caterplus Services Limited,Aspens Services Ltd,Dolce Ltd,CH &amp; CO Catering Limited,Educaterers Limited,Class Catering Services Limited,Edwards and Ward Ltd,Edwards and Blake Ltd,Compass Contract Services (UK) Ltd,Churchill Contract Services Ltd,Kudos Catering (UK) Limited,Elior UK plc,Mellors Catering Services Ltd,Hutchison Catering Ltd,Lunchtime Company Limited,Midshire Catering Services Ltd,Harrison Catering Services Limited,Kirklees Council,HES Catering Services, London Borough of Havering,Hertfordshire Catering Limited (HCL),Miquill Catering,I Care (GB) Ltd,Nottingham City Council,Norse Commercial Services Limited,Pabulum Ltd,T(n)S Catering Management Ltd,Shropshire Council t/a Shire Services,Palmer &amp; Howells Ltd,Nottinghamshire County Council,North Yorkshire County Council,North Tyneside Council - Catering Services,Sodexo Limited,The Pantry (UK) Ltd,Vertas Group Ltd,The Contract Dining Company Ltd,Taylor Shaw Limited",200000000.0,200000000.0,200000000.0,2018-09-25T00:00:00+01:00,2020-09-24T00:00:00+01:00,55500000 55330000 55510000 55320000 55520000 55523000 55524000 55521000 55521200 55521100,ESPO001-DN312630-31464630,"ESPO is seeking to establish a multi-supplier Framework Agreement for customers to outsource their education, social care (e.g. meals on wheels), workplace (including healthcare, leisure and other catering requirements), visitor attractions and event catering service requirements. 

Lot 1: Education Catering - Provision of outsourced catering services for education establishments including different stages of education (primary, secondary, further and higher) and any other learning institutions within the administrative regions of the UK.

Lot 2: Social Care Catering - Provision of outsour",https://www.contractsfinder.service.gov.uk/Notice/c243bf66-6e9e-4b7d-975e-5896615adc55,45
HCL,True,2018,2018-07-20T00:00:00+01:00,2018-07-24T09:13:07+01:00,LGSS,Catering Provision to CAM Academy Trust,HCL Catering,80000.0,0.0,0.0,2018-09-03T00:00:00+01:00,2021-07-30T00:00:00+01:00,55524000,LGSS001-DN348790-46956132,All information is available on the LGSS e-tendering portal ProContract https://www.lgssprocurementportal.co.uk/,https://www.contractsfinder.service.gov.uk/Notice/8c55d514-2130-42e9-9658-9d1c77b1c004,1
HCL,True,2018,2018-07-02T00:00:00+01:00,2018-07-16T11:48:12+01:00,Hull &amp; East Yorkshire Hospitals Nhs Trust,Short Term Provision of Permanent Recruitment Services,"INTERACT MEDICAL LIMITED,MEDACS HEALTHCARE PLC,ID MEDICAL GROUP LIMITED,HCL PERMANENT LIMITED",552000.0,552000.0,0.0,2018-07-03T00:00:00+01:00,2018-12-31T00:00:00Z,79600000,HEY/18/328,This notice is to inform of business under The HealthTrust Europe National and International Recruitment Framework Agreement.,https://www.contractsfinder.service.gov.uk/Notice/5c0fc022-55b1-4548-babc-6ef26827b746,4
HCL,False,2019,2019-11-20T00:00:00Z,2019-12-03T09:49:26Z,East Riding of Yorkshire,2249 - HCL Support &amp; Maintenance Renewal 2020,Intec Systems Ltd,110674.0,110674.0,0.0,2020-01-01T00:00:00Z,2020-12-31T00:00:00Z,72000000,EASTRIDING1-DN441312-84817425,The council has a requirement for the supply of support and maintenance for its HCL licences.,https://www.contractsfinder.service.gov.uk/Notice/c0809848-be43-4e85-9597-98f9c1c950e6,1
HCL,False,2019,2019-09-11T00:00:00+01:00,2019-10-09T11:54:34+01:00,Supply Hertfordshire,HCC May 2019 - The Supply of Fresh Meat and Poultry - AWARD,BFS Group Ltd T/A Bidfood,3000000.0,0.0,3000000.0,2019-11-01T00:00:00Z,2024-10-31T00:00:00Z,15100000 15112120 15130000 15131640 15113000 15131220 15111100 15112100 15112000 15131135 15110000 15115100 15131130 15131210 15131100,HCL/FD/014 - AWARD,"Hertfordshire Catering Limited (hereinafter referred to as HCL) is a limited company, limited by shares and wholly owned by Hertfordshire County Council (HCC). HCL has awarded a Contract for the Supply of Fresh Meat and Poultry.
      
      Successful Supplier - BFS Group Limited T/A Bidfood, 814 Leigh Road, Slough, SL1 4BD
      
      OJEU Notice - 2019-OJS098-236837
      
      OJEU Award Notice - 2019-OJS191-463903",https://www.contractsfinder.service.gov.uk/Notice/5246abde-5f70-400c-bcf2-1dd41e401025,1
HCL,True,2019,2019-03-31T00:00:00Z,2019-05-13T13:39:33+01:00,DEPARTMENT OF HEALTH AND SOCIAL CARE,MULTIDISCIPLINARY TEMPORARY HEALTHCARE PERSONNEL,HCL Social Care Ltd,34100.0,34100.0,34100.0,2019-04-01T00:00:00+01:00,2019-06-30T00:00:00+01:00,79620000,PSBC 9303,"Published for transparency. DHSC have commissioned via the Multidisciplinary Temporary Healthcare Personnel Framework, a professional to support an effective transition from existing safeguarding arrangements (where LAs have sole responsibility for safeguarding children and young people) to one where health (CCGs) is a statutory partner alongside the police.",https://www.contractsfinder.service.gov.uk/Notice/4335a072-6571-4855-a422-7a76b858555b,1
HCL,True,2019,2019-02-26T00:00:00Z,2019-04-02T17:35:05+01:00,CIRRUS PURCHASING LTD,Cirrus Consortium Agency Labour &amp; Recruitment Services Framework 2019,"Advantage Resourcing UK Ltd,Allied and Clinical Recruitments,BDS Recruitment,Blue Arrow Ltd,Building Careers UK Ltd,Cordant People Ltd,David Bruce Recruitment Ltd,Eden Brown Ltd,Hays Specialist Recruitment Ltd,HCL Social Care Ltd,Health Care Resourcing Group Ltd t/a CRG TEC,HR GO,IDPP,Juice Hospitality Ltd,LA International Computer Consultants Ltd,Lorien and Onezeero,Malikshaw Interim and Executive,McGinley Support Services (Infrastructure) Ltd,Methods Business and Digital Technology Ltd,Morgan Hunt,Niyaa People,Nuco Solutions,Page Outsourcing,Precision Resource Group,Randstad,Reed Specialist Recruitment Ltd,Retinue Housing,Santane Ltd,Search Consultancy Ltd,Sellick Partnership,Service Care Solutions Ltd,Social Personnel,Sopra Steria Recruitment,Spinwell Global Ltd,Step Ahead,Tate,The Adecco Group (trading as Adecco UK Ltd),The McLean Partnership Ltd,Tilt Recruitment Ltd,Venn Group Ltd",70000000.0,70000000.0,0.0,2019-03-12T00:00:00Z,2023-03-11T00:00:00Z,79620000,Cirrus Consortium 0001,"The Cirrus Consortium (The Consortium) is a procurement consortium that currently consists of over 90 members including registered providers of social housing, local authorities, ALMOs and NHS Trusts. Members are based across England, Wales and Scotland. 

The Consortium sought bids from service providers to participate in an agency labour and recruitment framework covering the following lots:
Lot 1: Administration Staff;
Lot 2: Contact Centre Staff;
Lot 3: Ancillary Staff;
Lot 4: Trade Operatives Across all Trades;
Lot 5: IT Staff;
Lot 6: Finance Staff;
Lot 7: Human Resources Staff;",https://www.contractsfinder.service.gov.uk/Notice/bc1acc65-8c0a-43b5-a136-4a9997f0d968,40
HCL,False,2020,2020-03-16T00:00:00Z,2020-04-20T09:20:02+01:00,Student Loans Company,GB-Glasgow: HCL Collaboration Renewal,Phoenix Software,191070.0,191070.0,0.0,2020-04-01T00:00:00+01:00,2021-03-31T00:00:00+01:00,72222300,BIP488798514,HCL Collaboration Renewal,https://www.contractsfinder.service.gov.uk/Notice/24413a64-db27-4ee0-9d2f-497fbb4d92ac,1
HCL,True,2020,2020-11-24T00:00:00Z,2020-12-14T15:41:55Z,SPIRES CATERING CONSULTANCY,Whipperley Infant Academy and Farley Junior School,Hertfordshire Catering Limited (HCL),50000.0,30000.0,40000.0,2021-02-13T00:00:00Z,2024-02-12T00:00:00Z,15894210,WIA/FJS/CFS280920,"This ITT is to provide a professional catering service provision to Whipperley Infant Academy and Farley Junior School.  Both of the schools are looking for a sole catering provider and the ITT will be treated as 1 lot.
The schools are seeking a catering partner who will genuinely care and take pride in the food that is served as well as the team they employ.
The creation of vibrant dining experiences will underpin the success of the partnership which will include the use of fresh ingredients, great service and by morally doing the right thing at all times. Suppliers who cannot provide these",https://www.contractsfinder.service.gov.uk/Notice/82c86ec0-120a-4dda-a901-56a15798401e,1
HCL,True,2020,2020-07-27T00:00:00+01:00,2020-10-13T10:59:10+01:00,HealthTrust Europe LLP (HTE) acting as agent for the University Hospitals of Coventry and Warwickshire NHS Trust (&quot;UHCW&quot;),National and International Permanent Recruitment Solutions with Recruitment Process Optimisation,"NHS Professionals,Sanctuary Personnel Ltd,TTM Healthcare / Just Specialist Recuitment,Holt Doctors Ltd,Staffing Professionals Limited,Your World Recruitment Ltd,Medacs Healthcare Plc,Care Solutions Recruitment Agency,interAct Medical,CCM Recruitment,Cubed Resourcing Ltd T/A Indigo Healthcare,Boston Clark Limited,AVANTA CARE LIMITED,TFS Healthcare Limited,Tripod Partners Limited,DRC Locums Ltd,Hays Specialist Recruitment Limited,HCL Permanent Limited,Cpl Healthcare,Resource Finder Recruitment Ltd,Pearson Anderson Limited,GPS Locums Ltd,doc2uk ltd,Positive Mental Health LTD,Harley Street Recruitment Limited,Concept Care Solutions,Healthconex LTD,MSI Recruitment Ltd,BDI Resourcing,Globe Locums Limited,iSpecialist Limited,Belmont Recruitment Limited,Jennie Reeves Radiographers Agency,Recruitment Synergy,Mylocum Ltd,BECS UK LIMITED T/A Austin Dean Recruitment,RS iGroup,Syk Recruitment,Appoint Recruitment Solutions Ltd,PULSE Healthcare Limited,MY HEALTHCARE RECRUIT LTD,Workforce Employment Solutions Ltd,Athona,Piers Meadows Recruitment,Cromwell Medical Staffing,ID Medical,wimborne nursing agency (T/A WNA Healthcare),Menlo Park Recruitment,WALSONS U.K. LTD,Professional Connections IRL OY,Immediate Medical Solutions Ltd,Service Care Solutions,Medical Wing Locums,vostek ltd,Dhunay Corporation Ltd,Vivid Healthcare Search Ltd,Search Recruitment Ltd,Morgan Mc Kinley,Medline Recruitment,Accident &amp; Emergency Agency,Prime Time Recruitment Ltd T/A Cordant Care,Meridian Business Support,Day Webster LTD,The Placement Group (UK) Ltd t/a Mediplacements,London Healthcare Locums,Remedium Partners,Vobis Group Limited,Head Medical,Pertemps Medical Limited,Total Assist Recruitment",25000000.0,25000000.0,0.0,2020-08-17T00:00:00+01:00,2022-08-16T00:00:00+01:00,79600000,tender_207427/894339,"HealthTrust Europe is seeking to renew its existing Framework Agreement for National and International Permanent Recruitment. The scope of the Framework Agreement shall be recruitment solutions for national, international, bank, and permanent healthcare workers. Healthcare workers includes doctors (inc.GPs), nurses, allied health professionals and health science services, as a minimum.

Lot 1a shall facilitate national recruitment of bank and permanent candidates for placement within the United Kingdom. Lot 1a will also include recruitment process optimisation and associated workforce consul",https://www.contractsfinder.service.gov.uk/Notice/10e7100b-dcec-439f-b4f9-8b57e67751eb,70
HCL,True,2020,2020-05-25T00:00:00+01:00,2020-09-22T15:30:50+01:00,Cafcass,CAF245-20 Cafcass agency social work staff requirement,"Caritas Recruitment Ltd,HCL Social Care Ltd,Sanctuary Personnel Ltd,Eden Brown Ltd",2500000.0,625000.0,2500000.0,2020-06-01T00:00:00+01:00,2021-05-31T00:00:00+01:00,79600000,CAFCASS001-DN500511-42024520,"From time to time CAFCASS has a requirement for temporary social work professionally qualified staff and managers at all levels of the organisation. This includes but is not limited to Service Managers, Practice Supervisors and Family Court Advisers. These requirements vary considerably over time and may arise in any of the 18 Cafcass service areas in England
FOR INFORMATION ONLY. This requirement has been awarded as a call off against ESPO framework 3S_18 Strategic HR Services, LOT 1e Health and Social Care.
The initial contracts run from 1st June 2020 to 31st May 2021. With a further exten",https://www.contractsfinder.service.gov.uk/Notice/1aba8e90-219c-410b-ae4c-cc43cbf7417a,4
HCL,True,2020,2020-08-14T00:00:00+01:00,2020-08-14T10:08:27+01:00,BeMag Family of Schools Cambridgeshire,MKC Catering Provision for BeMag Family of Schools Cambridgeshire,Hertfordshire Catering Limited (HCL),800000.0,0.0,0.0,2020-09-01T00:00:00+01:00,2022-08-31T00:00:00+01:00,55524000,LGSS001-DN480319-10850554,"Provision of Catering Services to the BeMag family of 8 Schools Cambridgeshire All information is available on the LGSS e-tendering portal ProContract - https://www.lgssprocurementportal.co.uk/
",https://www.contractsfinder.service.gov.uk/Notice/079e6553-38c7-4771-8223-56f6b0104484,1
HCL,True,2020,2020-02-21T00:00:00Z,2020-02-27T13:01:45Z,SPIRES CATERING CONSULTANCY,The Ferrars Academy,HCL,15000.0,105000.0,0.0,2020-04-01T00:00:00+01:00,2023-03-31T00:00:00+01:00,15894210 55524000,14/10/2019CFSGS,"This ITT is to provide a Professional Catering Service provision to The Ferrars Academy in Luton, Bedfordshire.
The School is looking for a Catering Partner who will genuinely care about the food it serves and the Catering Team they employ.
The creation of vibrant dining experience will underpin the success of the partnership by using fresh foods, delivering great service and morally do the right thing for the stakeholders of the School.
Investment to the service would be considered but is not essential.",https://www.contractsfinder.service.gov.uk/Notice/5c18338d-40ed-44b6-9e28-43efa6e959c7,1
HCL,False,2021,2021-03-31T00:00:00+01:00,2021-10-21T14:32:39+01:00,Office for National Statistics,HCL IBM Notes Domino License Renewal - AWARD,Probrand Limited,62214.78,0.0,62214.78,2021-04-01T01:00:00+01:00,2022-05-01T01:00:00+01:00,48000000 48100000,PU-21-0293 - AWARD,"Dear Suppliers,
      
      Please can we have quotes for the below :
      
      Quote 1
      800x HCL IBM Notes Domino Complete Collaboration Authorized User Monthly License Period 01.04.2021 to 31.03.2022
      
      Quote 2
      1000x HCL IBM Notes Domino Complete Collaboration Authorized User Monthly License Period 01.04.2021 to 31.03.2022
      
      This exercise is being conducted under the Standard Terms and Conditions of CCS Framework Technology Products and Associated Services RM6068.
      
      If you have any clarification questions regarding this requirement, ",https://www.contractsfinder.service.gov.uk/Notice/4b6d017d-ef1e-4934-bb2d-cf60db26e1cd,1
HCL,False,2021,2021-03-23T00:00:00Z,2021-03-25T10:10:05Z,Student Loans Company,GB-Glasgow: HCL Collaboration (Notes) Renewal,SoftwareOne UK Limited,203622.8,203622.8,0.0,2021-04-01T00:00:00+01:00,2022-03-31T00:00:00+01:00,72222300,BIP581534930,HCL Collaboration Licences Renewal,https://www.contractsfinder.service.gov.uk/Notice/b46ac0b0-4008-4498-b7bd-85072f725792,1
HCL,False,2021,2021-07-30T00:00:00+01:00,2021-11-30T13:06:30Z,Defra Network eTendering Portal,HCL Software and Support contrac,Computacenter (UK) Ltd,1282910.81,1282910.81,0.0,2021-09-01T00:00:00+01:00,2023-08-31T00:00:00+01:00,72267100,tender_286435/1018113,Licence support for perpetual licences.,https://www.contractsfinder.service.gov.uk/Notice/7c28a951-04eb-431c-aada-e70e1cdab184,1
HCL,False,2021,2021-05-04T00:00:00+01:00,2021-08-04T10:20:52+01:00,West Lancashire Borough Council,Home Care Link redistribution of service delivery,TECH ADVISORY LIMITED,7680.0,7680.0,7680.0,2021-05-05T00:00:00+01:00,2021-11-05T00:00:00Z,79411000,WLANCS001-DN561143-34793547,Consultancy to support WLBC to identify the most appropriate solutions for all contracts within HCL.,https://www.contractsfinder.service.gov.uk/Notice/1841b12e-4489-442e-97ef-0fd12fe58045,1
HCL,True,2021,2021-11-09T00:00:00Z,2021-12-08T15:02:03Z,Kent County Council,"SC19 012 - Residential Care Services (Learning Disability, Physical Disability and Mental Health Needs), Supported Living Services &amp; Care and Support in the Home Children&#039;s Services","4life healthcare services ltd,Alina Homecare Specialist Care ltd,Angel Healthcare professionals ltd,AZ Caring Services Ltd,Beach House Birchington Limited,Exclusive Allied Services Limited,Great Prospects care ltd,HCL (Holistic Care) Ltd,Kentish Homecare Agency Ltd,Isabella&#039;s Homes Ltd,Liberty Lodge Ltd,Limesdale Ltd,Marbleside Care,My Homecare Services (Blueboard Care Services Ltd),NOMASE CARE LTD,Park View Domiciliary Care,Phoenix Carehomes Ltd,Step4Ward Services (Kent) Ltd,The Intrinsic Care Group Limited,Thorndene Ltd,West Kent Group Ltd ta Domiciliary Care Experts,Without Exceptions Ltd,Manor Care Homes Ltd,Commit2Care Services Ltd,Community Integrated Care,Frontier Support,Home Group Limited,Look Ahead Care and Support Limited,Moniks Care Services Limited,Star Care Lodge Limited,Supreme Care Services Limited,Without Exceptions Ltd,West Kent Group Ltd,Thorndene Limited,The Instrinsic Care Group,Caremark Dartford and Gravesham (DAYA),East Kent Mencap,First Option Healthcare Ltd,Rosemont Care Medway Limited,Sense,Voyage,West Kent Group Ltd trading as Domiciliary Care Experts,Supreme Care Services Ltd",483800000.0,483800000.0,0.0,2021-11-29T00:00:00Z,2024-11-28T00:00:00Z,85000000,KENT001-DN427548-75656280,"Kent County Council is embarking on a journey to transform social care in Kent. Within the
context of this opportunity, it is imperative that individuals are at the heart of the care and
support they receive, which should be easy to access, of good quality and that maximises
their ability to live independently and safely in their community.

This commissioning included Residential Care Home Services (learning disability,
physical disability and mental health needs), Supported Living Services and Care and
Support in the Home Children's Services.

Please note the award of Lots 1 & 2 (Re",https://www.contractsfinder.service.gov.uk/Notice/8a8b6cbf-55ad-4736-8aab-023ba8c7231b,43
HCL,True,2021,2021-11-09T00:00:00Z,2021-11-10T10:59:43Z,Sandwell Metropolitan Borough Council,Recruitment and Management of Childrens Agency Social Workers - AWARD,HCL Workforce Solutions Ltd,12000000.0,16000000.0,20000000.0,2021-12-01T00:00:00Z,2023-05-31T01:00:00+01:00,79600000 85320000 85300000,SMBC 21077 - AWARD,"A key priority of the Trust's workforce strategy is to stabilise the workforce and build sustainable capacity for the future. A critical part of this is the Trust's ability to utilise Children's Agency Social Workers in an efficient and effective manner to meet any shortfalls in permanent staffing, and to deal with specific peaks in caseloads.  The recruitment of children social workers is constantly challenging, with a shortage of sufficiently experienced candidates, a limited pipeline into the sector and it operates in a crowded geographical area.  Within this it is acknowledged that agency ",https://www.contractsfinder.service.gov.uk/Notice/d02423f3-57b2-4288-a3aa-d76b484014a7,1
HCL,False,2022,2022-08-28T00:00:00+01:00,2022-09-28T11:14:29+01:00,St.Helens Council,St Helens Council IBM &amp; HCL License renewal  Under Crown Commercial Framework RM6068 - Technology Products and Associated Services -  Lot 3 - Software and Associated Services,Boxxe Limited,128000.0,150000.0,150000.0,2022-09-01T00:00:00+01:00,2023-08-31T00:00:00+01:00,72000000,STHEL001-DN620323-82835156,St Helens Council IBM & HCL License renewal  Under Crown Commercial Framework RM6068 - Technology Products and Associated Services -  Lot 3 - Software and Associated Service,https://www.contractsfinder.service.gov.uk/Notice/94869028-96d5-42f7-8d48-20b21f06f69b,1
HCL,False,2022,2022-02-23T00:00:00Z,2022-02-24T16:25:03Z,Student Loans Company,GB-Glasgow: HCL Collaboration Renewal,SPECIALIST COMPUTER CENTRES PLC,212682.64,212682.64,0.0,2022-04-01T00:00:00+01:00,2023-03-31T00:00:00+01:00,72222300,BIP670493527,HCL Collaboration Subscription Renewal,https://www.contractsfinder.service.gov.uk/Notice/060f2b00-e8b4-4e7b-9e47-24d43b82d404,1
HCL,False,2022,2022-03-31T00:00:00+01:00,2022-05-03T16:55:55+01:00,Defra Network eTendering Portal,Evaluation of procaine HCL local anaesthetic for control of pain associated with castration and tail docking in lambs.,SRUC,37241.0,37241.0,0.0,2022-02-01T00:00:00Z,2022-06-30T00:00:00+01:00,73100000,tender_302675/1067826,"The study aims to investigate whether the acute pain associated with castration or tail docking in young lambs can be alleviated by use of a novel device (Numnuts), which combines application of a rubber ring with a concurrent injection of local anaesthetic",https://www.contractsfinder.service.gov.uk/Notice/2be8c308-42ab-473a-8d8e-4bebfa08b5bc,1
HCL,False,2022,2022-03-31T00:00:00+01:00,2022-04-05T14:30:03+01:00,The Northern Lighthouse Board,GB-Edinburgh: Refurbishment and Upgrade of Start Point Lighthouse,RS Merriman Ltd,244417.76,244417.76,0.0,2022-05-04T00:00:00+01:00,2022-12-17T00:00:00Z,45310000 45311000 45200000,BIP681596571,"Proposed Works
      The proposed project includes the full refurbishment of Start Point lighthouse (A3718) stands above Tobacco Rock, 59°16.638'N 002°22.577'W, on the tidal island of Start Point at the Eastern extremity of Sanday.  
      
      The works shall comprise of the following:
      
      1.Carry out a full Asbestos Refurbishment / Demolition Survey on all NLB operational buildings prior to the commencement of any work. 
      
      2.The Principal Contractor is expected to test the existing 'HCL' fall arrest system and re-certify it if necessary, before use. The Principal",https://www.contractsfinder.service.gov.uk/Notice/3065e86a-a498-40a4-957d-3c89bcb461df,1
HCL,True,2022,2022-08-15T00:00:00+01:00,2022-12-01T09:19:01Z,Leicestershire Partnership Nhs Trust,Provision of Agency Nursing and AHPs to LPT,"Health Care Resourcing Group Ltd, t/a HCL Nursing Ltd &amp; HCL ",20000000.0,20000000.0,25000000.0,2022-10-01T00:00:00+01:00,2024-09-30T00:00:00+01:00,79620000,C.LPT.022,Provision of a Managed Service for temporary nursing and AHP staff to Leicestershire Partnership NHS Trust. Awarded against RM6161 Provision of Clinical and Healthcare Staffing,https://www.contractsfinder.service.gov.uk/Notice/ec6fde7f-964a-4a72-bf85-fe612fb18c9b,2
HCL,True,2022,2022-09-01T00:00:00+01:00,2022-09-27T16:15:12+01:00,ESPO,704_22 Outsourced Catering Services,"abm Catering Limited,Accent Catering Services Ltd,Alliance in Partnership Limited,apetito Limited,Aramark Limited,Aspens Services Limited,Baxterstorey Limited,Barking and Dagenham Trading Partnership Limited,Atalian Servest Food Co Ltd,Cater Link Limited,Caterplus Services Limited,CH&amp;CO Catering Ltd,Churchill Contract Catering Limited (t/a Radish),Cleverchefs Ltd,Compass Contract Services (U.K.) Limited,Cucina Restaurants Limited,Derbyshire County Council Catering Service,Dolce Limited,Ecolog International UK Limited,Edwards and Ward Ltd,Elior UK plc,Harrison Catering Services Limited,Hertfordshire Catering Limited (HCL),Hertfordshire Community Meals Limited, operating as Hertfordshir,Hutchison Catering Limited,I Care (GB) Limited,Innovate Services Ltd,Juniper Pursuits Limited,Lunchtime Company Ltd,Mellors Catering Services Limited,Midshire Signature Services Limited,Miquill Catering Limited,Miquill South Ltd,Norse Commercial Services Limited,North Tyneside Council,North Yorkshire County Council,Nottingham City Council,Orian Solutions Ltd,Pabulum Ltd,School Catering Support Limited t/a Relish School Food,Shropshire County Council t/a Shire Services,Signature Dining Ltd,Sodexo Limited,Stir Food Ltd,Stoke-on-Trent City Council t/a City Catering,The Pantry (UK) Limited,Vertas Group Limted",400000000.0,400000000.0,0.0,2022-09-01T00:00:00+01:00,2024-08-31T00:00:00+01:00,55500000 55320000,ESPO001-DN551445-91524594,"ESPO is seeking to renew its framework agreement for outsourced catering services and is looking to identify and appoint a number of service providers to provide a wide range of catering services to customers across the public sector:

Lot 1 - Education Catering
Lot 2 - Social Care Catering
Lot 3 - Public Sector Catering

The contract has the option to extend for up to a further 24 months. The total estimated value stated includes the option period.

As part of the on-going contract management process, during the period of the Framework Agreement, ESPO shall monitor the financial stabi",https://www.contractsfinder.service.gov.uk/Notice/335efb59-f263-4c8d-af8e-e478b9311db6,48
HCL,True,2022,2022-07-06T00:00:00+01:00,2022-07-26T15:04:34+01:00,ESPO,3S_22 Strategic HR Services,"Adecco UK Limited (t/a The Adecco Group),RGF Staffing UK t/a Advantage Resourcing UK Ltd,Affinity Personnel Limited,Alpine Resourcing Limited,Amberjack Global Ltd,Anderson Quigley Limited,Aspen People Ltd,Attenti Consulting Services Ltd,Baltimore Consulting Limited,Blue Arrow Ltd,Burman Recruitment Limited,Campbell Tickell Ltd,Capita Resourcing Limited,Caritas Recruitment,Castlefield Recruitment Limited,Certes IT Service Solutions Limited,Client Directs Limited,Conflict Management Plus Limited,Cohesion Recruitment Limited,Comensura Limited,Data Careers Limited,Eden Brown Limited,Eligo Recruitment Ltd,Evisa Solutions Ltd,Exemplia Group Ltd,Experis Limited,Faerfield Ltd,The Fuel Recruitment Ltd,GatenbySanderson Limited,Gi Recruitment Limited,Green Park Interim and Executive Ltd,Carlisle Staffing PLC (Trading as Guidant Global),Hammond Clarke Ltd,Hampton&#039;s Resourcing Limited,Harvey Nash Group Limited,Hays Specialist Recruitment Limited,HCL Workforce Solutions Ltd,HYLMAN,INTELLIGENT RESOURCE LIMITED,Interim Partners Limited (trading as New Street Consulting Group,Investigo Limited,Ivy Rock Partners Ltd,James Andrews Recruitment Solutions Ltd,JGP Resourcing Ltd.,JSS Search Limited,Liquid Personnel Limited,Manpower UK Limited trading as Talent Solutions,MATRIX SCM GROUP LTD,MCGREGOR BOYALL ASSOCIATES LIMITED,Michael Page International Recruitment Limited,MLC Partners Limited,Morgan Hunt UK Limited,Morson Human Resources Limited (t/a Morson Talent),Networkers International (UK) Limited,Niyaa People Limited,NonStop Consulting Limited,Northern Recruitment Group Limited trading as NRG and greenbean,Omni Resource Management Solutions Ltd,Opus People Solutions Group Limited,Osborne Thomas Ltd,Parity Professionals Limited,Penna Plc,Permanent Futures Ltd &#039;Futures&#039;,Pertemps Recruitment Partnership Ltd,Pro-Recruitment Group Limited,Procius Limited,Pulse Healthcare Limited,Randstad Solutions Limited,Red Snapper Recruitment Limited,Reed Specialist Recruitment,Renovo Employment Group Ltd.,Resource Solutions Limited,Right Management Limited,Robertson Bell Ltd,Sanctuary Personnel Ltd,SANDERSON GOVERNMENT AND DEFENCE LIMITED,Saxton Bampfylde Hever Ltd,SEE Rail Ltd trading as SEE Services,Sellick Partnership Limited,Service Care Solutions Limited,Seymour John Limited,SEYMOUR JOHN PUBLIC SERVICES (MIDLANDS) LIMITED,SmartSourcing Ltd,The Society of Local Authority Chief Executives and Senior Manag,Spencer Clarke Group Ltd,Spinwell Global Limited,Starfish Search Limited,Carlisle Staffing PLC (Trading as Tate),Accountants In Demand,Tile Hill Interim &amp; Executive Ltd,TMP (UK) Limited,Total Assist Recruitment Limited,Tripod Partners Ltd,Venesky Brown Recruitment Ltd,Verifile Limited,Working Transitions Ltd",1000000000.0,1000000000.0,0.0,2022-07-07T00:00:00+01:00,2024-07-06T00:00:00+01:00,79600000,ESPO001-DN551183-89816970,"In this present instance, ESPO is undertaking a procurement process to identify and appoint a number of service providers to provide strategic HR services.

To reflect the different types of strategic HR services required, the framework will offer customers a wide range of recruitment and HR services, to include:

• Lot 1 - Executive and Managerial Interim Recruitment
• Lot 2 - Executive and Managerial Permanent Recruitment
• Lot 3 - Temporary Recruitment (sub £45k)
• Lot 4 - Permanent Recruitment (sub £45k)
• Lot 5 - Assessment and Testing Services
• Lot 6 - Outplacement and Career T",https://www.contractsfinder.service.gov.uk/Notice/a1bcdfc3-1e7a-436e-83c8-4792f2ed18f2,96
HCL,True,2021,2021-11-18T00:00:00Z,2022-06-16T14:46:55+01:00,Cafcass,CAF292-21 Strategic HR Services,"Sanctuary  Personnel,Reed Specialist Recruitment,Ranstad Solutions Limited,HCL Workforce Solutions Limited,Eden Brown Limited,Caritas Recruitment Limited,Hays Social Care Limited",0.0,0.0,0.0,2022-02-01T00:00:00Z,2024-01-31T00:00:00Z,79000000 79600000 79610000 79620000 79632000 79631000 79634000 79635000 79633000,CAFCASS001-DN562291-77093023,"For information only - Now awarded.  Cafcass is issuing this Invitation to Tender as a further competition under ESPO Framework 3S-18 for agency social work and business support staff together with permanent recruitment services on a national basis across England.
The lots will be divided as follows:
Social Work Roles - Temporary and Permanent
Against ESPO 3s-18 Lot 1e) Health and Social Care Interims and Lot 2e) Health and Social Care Permanent
Business Support Roles - Temporary and Permanent
Against ESPO 3s-18 Lot 1a) Admin. HR and Business Support Interims and Lot 2a) Admin, HR and Bus",https://www.contractsfinder.service.gov.uk/Notice/5fd4c999-da38-4f41-a6d9-9701b52f6519,7
HCL,False,2023,2023-08-31T00:00:00+01:00,2023-09-29T16:57:07+01:00,DEFRA,HCL 2023,COMPUTACENTER (UK) LIMITED,1174871.36,1174871.36,1174871.36,2023-09-01T00:00:00+01:00,2024-08-31T00:00:00+01:00,48517000,CF-0141000D8d000003VQwdEAG,HCL 2023,https://www.contractsfinder.service.gov.uk/Notice/e055b294-7dc0-44a4-a813-fd298fa6f506,1
HCL,False,2023,2023-07-25T00:00:00+01:00,2023-07-25T11:07:37+01:00,St.Helens Council,St Helens Council IBM &amp; HCL Renewal Requirements 2023,Boxxe Limited,151000.0,151000.0,0.0,2023-09-01T00:00:00+01:00,2024-08-31T00:00:00+01:00,48000000,STHEL001-DN672568-99619335,St Helens Council IBM & HCL Renewal Requirements 2023,https://www.contractsfinder.service.gov.uk/Notice/60eeae4e-55c9-42f6-9259-6ae10443b63b,1
HCL,False,2023,2023-03-28T00:00:00+01:00,2023-04-04T15:10:03+01:00,Student Loans Company,GB-Glasgow: HCL Collaboration Renewal,Phoenix Software Limited,254115.0,254115.0,0.0,2023-04-01T00:00:00+01:00,2024-03-31T00:00:00Z,72222300,BIP773586531,HCL Collaboration Renewal - 12 Months,https://www.contractsfinder.service.gov.uk/Notice/ceb228f1-54f7-4807-a40e-78ebf0cb526e,1
HCL,False,2023,2023-04-01T00:00:00+01:00,2023-01-06T11:15:10Z,Office for National Statistics,Renewal of software subscription - HCL Lotus Notes Domino Licence Renewal - AWARD,Computacenter (UK) Ltd,65383.0,0.0,65383.0,2023-03-31T01:00:00+01:00,2023-03-31T01:00:00+01:00,48000000 48100000,IT-333-3309-PU-22-0292 - AWARD,"Dear Suppliers,
      
      Please can we have quotes for the below :
      
      HCL Lotus Notes Domino Licence x 800 
      12 month subscription for the period of 01/04/2022-31/03/2023
      
      This exercise is being conducted under the Standard Terms and Conditions of CCS Framework - Technology Products and Associated Services - RM6068.
      
      If you have any clarification questions regarding this requirement, please issue these using the correspondence function through the In-Tend portal.
      
      Kind Regards
      ONS Commercial Services",https://www.contractsfinder.service.gov.uk/Notice/a4b3c66e-a350-4ecc-9a56-181e97d34ae9,1
HCL,False,2023,2023-06-01T00:00:00+01:00,2023-06-05T09:16:53+01:00,Hertfordshire Catering Ltd,"HCC Jan 2023 - The Provision of Grocery, Fresh, Chilled and Frozen FoodHCL/FOOD/019 - AWARD",BFS Group Ltd T/A Bidfood,215000000.0,0.0,215000000.0,2023-08-01T01:00:00+01:00,2028-07-31T01:00:00+01:00,15000000 15500000 15400000 15600000 39220000 15100000 39830000 15300000 15800000 15200000,IT-285-7023-HCL/FOOD/019 - AWARD,"This Contract has been awarded and this opportunity is now  closed.
      
      Hertfordshire Catering Ltd (HCL) went out  to procurement for the provision of Grocery, Fresh, Chilled and Frozen Foods to be delivered to various sites. 
      
      Successful Supplier - BFS Group Limited T/A Bidfood
      
      Contract Notice Number - 2023/S 000-000149
      Award Notice Number - 2023/S 000-015784",https://www.contractsfinder.service.gov.uk/Notice/f3386cfe-1408-4f90-ba6a-1ec94c1a90d3,1
HCL,False,2023,2023-10-02T00:00:00+01:00,2023-10-03T16:20:24+01:00,Northern Lighthouse Board,GB-Edinburgh: Engineering Support Services Framework 2023 - 2027,AECOM Ltd,219964.49,219964.49,0.0,2023-10-03T00:00:00+01:00,2027-10-02T00:00:00+01:00,71351200 71313000 71312000 71354500 71311000 45220000,BIP813258645,"The Northern Lighthouse Board requires professional Engineering Support Services to support our Asset Management and Project Delivery Departments to assist with future projects and specialist inspection services which may arise over the course of a 4-year contract.
      
      The provisions of the service will be spread over a wide geographical area throughout Scotland, including the Northern and Western Isles, and the Isle of Man in some of the remotest areas. Any future projects, which are identified and deemed appropriate under this framework agreement for Engineering Support Services c",https://www.contractsfinder.service.gov.uk/Notice/b4f415c7-3019-464a-9f2c-ca31c9cb79ba,1
HCL,False,2023,2023-08-23T00:00:00+01:00,2023-09-22T14:32:08+01:00,UNIVERSITY OF SHEFFIELD,3808/JN - Flue Gas/CO2 Scrubbing and Conditioning System (16 Lots),"FuelCell Energy, Inc.",816883.0,350000.0,0.0,2023-08-30T00:00:00+01:00,2023-08-31T00:00:00+01:00,31161200 38000000 42000000,3808/JN,"With co-funding from the European Regional Development Fund and BEIS, the University of Sheffield is establishing a national Translational Energy Research Centre (TERC) as an integrated multi-technology, pilot-scale R&D platform for low-carbon technologies including hydrogen, bioenergy (BE), and Carbon Capture, Utilisation and Storage (CCUS). Site equipment includes a Molten Carbonate Fuel Cell (MCFC) which forms part of a Bioenergy with Carbon Capture and Storage/Utilisation (BECCS) system. The MCFC is a high temperature process capturing CO2 from combustion flues gas with simultaneous power ",https://www.contractsfinder.service.gov.uk/Notice/f5f51bd7-8d2c-4c66-b934-f0893f71da05,2
HCL,False,2023,2023-07-07T00:00:00+01:00,2023-07-10T10:02:07+01:00,Northern Lighthouse Board,REFURBISHMENT OF BUCHAN NESS LIGHTHOUSE,TRAC HLM Ltd,122936.29,122936.29,0.0,2023-08-01T00:00:00+01:00,2023-11-14T00:00:00Z,45000000 50000000,ENPR/LBUC/2023,"Refurbishment work. Concrete repair work. Bricklaying work. Joinery work. Metalworking. Plastering work. Glazing work. Painting work. Description: Refurbishment work. Concrete repair work. Bricklaying work. Joinery work. Metalworking. Plastering work. Glazing work. Painting work. Woodwork. This tender is for the refurbishment of Buchan Ness Lighthouse, which is situated on the east coast of the Scottish mainland, north of Aberdeen on the A90 and approximately 2 miles south of Peterhead at the village of Boddam within the Banff and Buchan District of Aberdeenshire. The lighthouse is situated on",https://www.contractsfinder.service.gov.uk/Notice/1d8513ee-36c7-4175-a422-64d1c05069d8,1
HCL,False,2023,2023-05-31T00:00:00+01:00,2023-07-07T17:50:04+01:00,Northern Lighthouse Board,GB-Edinburgh: Refurbishment of Out Skerries Lighthouse 2023,Trac HLM Ltd.,172201.38,172201.38,0.0,2023-07-11T00:00:00+01:00,2023-10-31T00:00:00Z,45441000 45422100 45421000 45262670 45262520 45262330 45410000 45453100 45442100,BIP794233725,"This tender is for the refurbishment of Out Skerries Lighthouse is located on the Isle of Bound Skerry at a position of 60° 25.469'N, 000° 43.683'W which is the most easterly of the Out Skerries archipelago a property owned by Northern Lighthouse Board. The lighthouse tower is the only building on the island of Bound Skerry. The island can be accessed by contractor boat from an agreed point (Lerwick or Out Skerry) and is also accessed by Helicopter, the journey is approximately 20 miles from Tingwall Airport. Works consist of carrying out a full Asbestos Refurbishment/Demolition Survey on all ",https://www.contractsfinder.service.gov.uk/Notice/78bca996-29e6-49e4-a535-4628f472e32c,1
HCL,False,2022,2022-10-31T00:00:00Z,2023-03-28T11:12:04+01:00,Greater Manchester Combined Authority - Greater Manchester Police,National Accreditation Team Support and Party Political Conference and Major Event Services,Intec Systems Limited,900000.0,760000.0,950000.0,2023-01-01T00:00:00Z,2026-12-31T00:00:00Z,72222300 72267100 72416000 79952000,20230328111159-35572,"GMP is seeking the procurement of services to support the delivery of UK event accreditation. The procurement is split into two lots:

Lot 1: Provision of an application management service to provide the hosting, management, maintenance, and further development of a suite of bespoke applications used for the accreditation of attendees at events throughout the UK mainland. The applications are written in HCL Domino, and as such a comprehensive knowledge of these is required.

Lot 2: Provision of onsite and remote IT support services to UK based events. The supplier is required to provide an",https://www.contractsfinder.service.gov.uk/Notice/466f602d-0e15-4d63-be28-49e74f9534fd,1
HCL,True,2023,2023-09-25T00:00:00+01:00,2023-09-26T14:22:53+01:00,Department of Health and Social Care (DHSC),Contingent Labour Medicine Supply Team,HEALTHCARE LOCUMS PLC (HCL HEALTHCARE PLC),35835.0,35835.0,35835.0,2023-09-25T00:00:00+01:00,2023-12-20T00:00:00Z,79625000,CF-1885600D0O000000rwimUAA,Contingent Labour Pharmacist,https://www.contractsfinder.service.gov.uk/Notice/7a5b7363-7806-4125-9827-5a984fc38ef7,1
HCL,True,2023,2023-10-01T00:00:00+01:00,2023-09-26T14:21:50+01:00,Department of Health and Social Care,Contingent Labour Medicine Supply Team,HEALTHCARE LOCUMS PLC (HCL HEALTHCARE PLC),14829.0,14829.0,14829.0,2023-10-02T00:00:00+01:00,2023-12-22T00:00:00Z,79625000,CF-1886000D0O000000rwimUAA,Medical staff pharmacist contingent labour,https://www.contractsfinder.service.gov.uk/Notice/20851df6-c91c-4b7f-9a95-b2eb89909d81,1
HCL,True,2023,2023-05-15T00:00:00+01:00,2023-05-16T11:42:41+01:00,Sandwell Metropolitan Borough Council,Recruitment and Management of Children&#039;s Agency Social Workers - AWARD,HCL Workforce Solutions Ltd,12000000.0,20000000.0,0.0,2023-06-01T01:00:00+01:00,2024-11-30T00:00:00Z,79600000 85310000 85300000,IT-230-6562-SMBC 23010 - AWARD,"A key priority of the Trust's workforce strategy is to stabilise the workforce and build sustainable capacity for the future. A critical part of this is the Trust's ability to utilise Children's Agency Social Workers in an efficient and effective manner to meet any shortfalls in permanent staffing, and to deal with specific peaks in caseloads.  The recruitment of children social workers is constantly challenging, with a shortage of sufficiently experienced candidates, a limited pipeline into the sector and it operates in a crowded geographical area.  Within this it is acknowledged that agency ",https://www.contractsfinder.service.gov.uk/Notice/1cb75d7d-2609-413f-b650-fc11eda9274b,1
HCL,True,2023,2023-04-18T00:00:00+01:00,2023-04-28T17:04:27+01:00,Surrey and Borders Partnership NHS Foundation Trust,Framework Agreement for the provision of International Healthcare Professionals Recruitment &amp; Associated Services,"360MEDICARE PERSONNEL LIMITED,MATTER STREAM LIMITED,APOLLO EDUCATION UK LIMITED,AUSTIN MAY MEDICAL LTD,AXIS RECRUITMENT LIMITED,BDI RESOURCING LTD,BECS UK LIMITED,BESPOKE MEDICAL SOLUTIONS LIMITED,BLISSFUL LIVING LIMITED,BRIDGE STAFFING SERVICES LTD,CAREPRO LTD,CHARKOS UK LTD,CHASE MADISON LIMITED,CHESTER PROFESSIONAL SERVICES LIMITED,CONCEPT CARE SOLUTIONS LIMITED,CPL HEALTHCARE LIMITED,DAYTIME HEALTHCARE RECRUITMENT LIMITED,DOC2UK LTD,Doctors Relocate Ltd,EALOOR CONSULTANCY (UK) LTD,Emerald247 Ltd,ENVERTIZ CONSULTANCY LIMITED,EVISA SOLUTIONS LIMITED,FLEXI RECRUITS LIMITED,GLOBAL CAREER NETWORKS LIMITED,GLOBAL SELECT INTERNATIONAL LIMITED,GLOBE LOCUMS LIMITED,HEALTHCARE BUSINESS SOLUTIONS (UK) LIMITED,HCL PERMANENT LIMITED,HOLT DOCTORS LIMITED,ID MEDICAL GROUP LIMITED,IMG CONNECT LTD,IMMEDIATE MEDICAL SOLUTIONS LTD,INNOVATIVE, TRUSTED AND PERSONAL CARE LIMITED,KAIZEN STAFFING SOLUTIONS LIMITED,KATE COWHIG INTERNATIONAL HEALTHCARE RECRUITMENT LIMITED,LONDON HEALTHCARE LOCUMS LTD,MEDACS HEALTHCARE PLC,MEDICAL WING LOCUMS LTD,MEDLINE RECRUITMENT LTD,MEDOX PARAMEDICAL LIMITED,MMA HEALTHCARE RECRUITMENT UK LIMITED,MORGAN MCKINLEY GROUP LIMITED,MSI GROUP LIMITED,MY HEALTHCARE RECRUIT LTD,MYLOCUM LTD,NEPTUNE INTERNATIONAL RECRUITMENT SERVICES LIMITED,NEU PROFESSIONALS LIMITED,NHS PROFESSIONALS LIMITED,ONCALL CARE SERVICE LTD,Paragona Polska,PERTEMPS MEDICAL LIMITED,Professional Connections IRL Oy,PULSE HEALTHCARE LIMITED,RECRUIT2HEALTHCARE LTD,REMEDIUM PARTNERS LIMITED,RENAISSANCE PERSONNEL LIMITED,RESOURCE FINDER RECRUITMENT LTD,RIG MEDICAL RECRUIT LIMITED,RPO PROFESSIONALS LIMITED,SANCTUARY PERSONNEL LIMITED,SEARCH RECRUITMENT LIMITED,Sharp BH Global Manpower Inc,SUMNER GROUP HEALTH LIMITED,TEMPLARS MEDICAL AGENCY (UK) LIMITED,THE PLACEMENT GROUP HEALTHCARE LIMITED,TOTAL ASSIST RECRUITMENT LIMITED,TRIPOD PARTNERS LIMITED,TTM Healthcare Ltd,Vitae Professionals,VOBIS GROUP LIMITED,VOSTEK LIMITED,WALSONS HEALTHCARE LTD,WIMBORNE NURSING AGENCY LIMITED,WORKFORCE EMPLOYMENT SOLUTIONS LIMITED,WORKFORCE EMPLOYMENT SOLUTIONS LIMITED,Yeovil District Hospital NHS Foundation Trust,YOUR WORLD RECRUITMENT LIMITED",150000000.0,150000000.0,0.0,2023-05-02T00:00:00+01:00,2027-05-01T00:00:00+01:00,79600000 80500000 85100000 85300000,RM6333,"NHS Commercial Solutions, in collaboration with its NHS Workforce Alliance partners, procured through an open procedure, a framework agreement for a panel of suitably experienced and qualified suppliers of International Healthcare Professional Recruitment and Associated services to provide expert guidance to NHS and other public sector organisations.
The NHS Long Term Plan has set out its ambitions for the NHS over the next 10 years, identifying ethical and sustainable international recruitment as a workforce priority. It is intended that this framework will meet the Health and Social Care ne",https://www.contractsfinder.service.gov.uk/Notice/d469c173-1235-4f35-822c-faf5b5a1b2ce,79
HCL,True,2022,2022-10-25T00:00:00+01:00,2023-04-19T14:15:06+01:00,Icknield High School,Icknield High School ~ Catering Services Tender,HCL (Hertfordshire Catering Limited),867213.03,867213.03,0.0,2023-01-01T00:00:00Z,2028-08-31T00:00:00+01:00,55524000,BIP776493534,The successful supplier will provide catering services at Icknield High School.,https://www.contractsfinder.service.gov.uk/Notice/5bf8292c-f163-45a5-a2ff-1190ebe9d21d,1
HCL,False,2024,2024-03-21T00:00:00Z,2024-03-21T18:16:04Z,Office for National Statistics,HCL IBM Domino Licence Renewal 2024 - AWARD,Bytes Software Services,18210.0,0.0,0.0,2024-04-01T01:00:00+01:00,2025-03-31T01:00:00+01:00,48000000,IT-333-3676-PU-24-0218 - AWARD,"Dear Suppliers,
      
      Please can we have quotes for the below :
      
      HCL Lotus Notes Domino Licence x 200
      
      12 month subscription for the period of 01/04/2024-31/03/2025
      To obtain quotes, please contact: declan.dunne@hcl-software.com
      This exercise is being conducted under the Standard Terms and Conditions of CCS Framework - Technology Products and Associated Services 2 - RM6098.
      
      
      If you have any clarification questions regarding this requirement, please issue these using the correspondence function through the In-Tend portal.",https://www.contractsfinder.service.gov.uk/Notice/e0ea94f0-2d5e-4dde-b54c-9cb372bd81ce,1
HCL,False,2024,2024-08-29T00:00:00+01:00,2024-08-29T12:01:57+01:00,St.Helens Council,St Helens Council HCL licence renewal - under Crown Commercial RM6098 Framework - Technology Products and Associated Services - Lot 3 Software,Crayon,141000.0,142000.0,143000.0,2024-09-01T00:00:00+01:00,2025-08-31T00:00:00+01:00,48000000,STHEL001-DN734797-69692540,St Helens Council HCL licence renewal - under Crown Commercial RM6098 Framework - Technology Products and Associated Services - Lot 3 Software,https://www.contractsfinder.service.gov.uk/Notice/785b82dd-2755-4bcb-b3e7-67d0b4c3f5f4,1
HCL,False,2024,2024-07-22T00:00:00+01:00,2024-08-22T14:10:36+01:00,DEFRA,HCL Software Support,Origina UK Ltd,945000.0,485000.0,945000.0,2024-09-01T00:00:00+01:00,2025-08-31T00:00:00+01:00,72261000,CF-0342400D8d000003VQwdEAG,Support of DEFRA's HCL software,https://www.contractsfinder.service.gov.uk/Notice/8793ac34-ee62-434a-93e3-333447d223e1,1
HCL,False,2024,2024-03-25T00:00:00Z,2024-04-16T16:45:03+01:00,Student Loans Company,GB-Glasgow: HCL Collaboration,Phoenix Software Limited,301241.7,301241.7,0.0,2024-04-01T00:00:00+01:00,2025-03-31T00:00:00+01:00,48218000,BIP856032738,HLC Domino licences renewal,https://www.contractsfinder.service.gov.uk/Notice/709b5bfd-caf6-42d8-af01-555075a94d0c,1
HCL,False,2024,2024-09-06T00:00:00+01:00,2024-09-23T16:00:03+01:00,Northern Lighthouse Board,GB-Edinburgh: Girdle Ness Lighthouse - Major Refurbishment and Upgrade,TRAC HLM Ltd,278147.0,278147.0,0.0,2024-10-07T00:00:00+01:00,2025-03-14T00:00:00Z,63724400 45111100 45216128 31000000,BIP890988368,"Decommission and remove the obsolete electrical operating / monitoring system, cubicles, chargers, battery, domestic electrical system, etc., in compliance with the WEEE (Waste Electrical and Electronic Equipment) Regulations 2013 
      
      Decommission the existing engine and dismantle. Strip out exhausts, ventilation equipment and ducting along with other mechanical accessories. 
      
      Decommission and demolish all DGPS infrastructure 
      
      Principal Contractor is expected to test the existing 'HCL' fall arrest system and re-certify it before use. 
      
      Pri",https://www.contractsfinder.service.gov.uk/Notice/16a0d692-fe39-4d8e-a9cc-803ef4d4bf88,1
HCL,False,2024,2024-05-17T00:00:00+01:00,2024-05-21T11:30:04+01:00,Northern Lighthouse Board,GB-Edinburgh: REFURBISHMENT AND UPGRADE OF AILSA CRAIG LIGHTHOUSE,TRAC HLM Ltd,204561.02,204561.02,0.0,2024-05-31T00:00:00+01:00,2025-02-28T00:00:00Z,45442121 44114000 45440000 45442110 45442100 45422100 45442120,BIP863416776,"Painting work. Painting work of buildings. Painting and protective-coating work of structures. Painting work of structures. Concrete. Woodwork. Painting and glazing work. Ailsa Craig Lighthouse is located on Ailsa Craig, an island in the Firth of Clyde, just offshore from Girvan, South Ayrshire at Latitude 55° 15.126'N, Longitude 005° 06.523'W. The lighthouse was established in 1886 to mark the west side of the main entrance into the Clyde. Designed by David Alan Stevenson and constructed by Hill and Son of Leith, the painted white stone tower stands 11 metres high at an elevation of 18 metres",https://www.contractsfinder.service.gov.uk/Notice/70fd2fab-715b-47d9-9496-070c0a62a5d7,1
HCL,False,2024,2024-04-25T00:00:00+01:00,2024-04-26T09:51:07+01:00,Northern Lighthouse Board,GB-Edinburgh: MAJOR REFURBISHMENT OF PLADDA LIGHTHOUSE,TRAC HLM Ltd,198755.65,198755.65,0.0,2024-07-10T00:00:00+01:00,2024-10-31T00:00:00Z,45442121 45453100 45440000,BIP858186288,"Refurbishment work. Painting and glazing work. Painting work. Painting work of buildings. Painting and protective-coating work of structures. Painting work of structures. Pladda Lighthouse is situated on the pear-shaped Island of Pladda half a mile off the South East corner of Arran at Latitude 55o 25.5' N, Longitude 05o 07.3' W. The current light, which was automated in 1990, stands 29 meters high and is situated 40 metres above sea level. The light has a white flashing character (3) every 30 seconds giving a nautical range of 17 miles. The only property the NLB currently own on the Island is",https://www.contractsfinder.service.gov.uk/Notice/1c4a5156-616e-47eb-8098-98c6bfda3f65,1
HCL,False,2024,2024-01-19T00:00:00Z,2024-02-29T14:07:54Z,Department for Environment. Food &amp; Rural Affairs (Defra),National Assessment to  tackle Erosion and Flooding of Historic Coastal Landfill Sites,HaskoningDHV UK Ltd,174915.26,174915.26,174915.26,2024-01-19T00:00:00Z,2024-09-24T00:00:00+01:00,73000000,CF-0250600D8d000003VQwdEAG,"The Department for Environment, Food and Rural Affairs (Defra) are commissioning a project to consolidate previous and current research into the potential issues relating to historic coastal landfill sites.  The output will provide an update and robust current national picture of the scale and the levels of risk posed by flooding and/or erosion at Historic Coastal Landfill (HCL) sites in England, to the environment and local communities.

Contract: C22847
ITT_ C21263

Awarded To: HaskoningDHV UK Ltd",https://www.contractsfinder.service.gov.uk/Notice/0e28172d-d8e0-41fc-b4b4-87224873d56b,1
HCL,True,2024,2024-08-21T00:00:00+01:00,2024-08-22T10:54:10+01:00,London Borough of Enfield,Enfield Grouped Schools PFI,Hertfordshire Catering Limited (HCL),68000.0,68000.0,68000.0,2024-09-01T00:00:00+01:00,2025-08-31T00:00:00+01:00,55524000,ENFLD001-DN739738-87539006,Enfield Grouped Schools PFI,https://www.contractsfinder.service.gov.uk/Notice/a969c6d5-a339-40c0-9345-7da8ac98e7fb,1
HCL,True,2024,2024-05-30T00:00:00+01:00,2024-05-31T16:15:21+01:00,Department of Health and Social Care,DHSC:SCI: Contingent Labour Extension RB,HEALTHCARE LOCUMS PLC (HCL HEALTHCARE PLC),108987.41,108987.41,108987.41,2024-06-05T00:00:00+01:00,2024-12-31T00:00:00Z,79620000,CF-2405200D0O000000rwimUAA,Contingent labour extension,https://www.contractsfinder.service.gov.uk/Notice/c2205605-a013-4786-b899-93a184a1e679,1
HCL,True,2024,2024-04-18T00:00:00+01:00,2024-04-22T11:33:11+01:00,Department of Health and Social Care,DHSC:FGO Contract Extension CL,HEALTHCARE LOCUMS PLC (HCL HEALTHCARE PLC),63019.68,63019.68,63019.68,2024-04-22T00:00:00+01:00,2024-09-20T00:00:00+01:00,98513300,CF-2320800D0O000000rwimUAA,5 month contract extension,https://www.contractsfinder.service.gov.uk/Notice/86b28057-7b21-4a8c-a881-e9fec4b10f10,1
HCL,True,2023,2023-12-19T00:00:00Z,2024-03-21T16:24:23Z,Norfolk Constabulary,Mobile App and Workflows Solution,HCL Communications Limited,1521681.0,1521681.0,1521681.0,2024-01-01T00:00:00Z,2026-12-31T00:00:00Z,48422000 48517000,CF-0016200D4K000001WteKUAS,Mobile App and Workflow Solution for Norfolk and Suffolk Constabularies.,https://www.contractsfinder.service.gov.uk/Notice/15d51a0c-965f-446f-9fa5-6979c40378bb,1
HCL,True,2024,2024-04-04T00:00:00+01:00,2024-03-21T16:05:36Z,Kent Police,Mobile First SAAS Mobile Working Solution,HCL Communications Limited,3828992.0,3828992.0,3828992.0,2024-01-01T00:00:00Z,2027-12-31T00:00:00Z,48422000 48517000,CF-0016100D4K000001WteKUAS,SAAS Mobile Working Solution procured via CCS VAS framework.,https://www.contractsfinder.service.gov.uk/Notice/2ff1fa5b-b3b8-47a5-a829-8c6b4474da49,1
HCL,True,2024,2024-02-14T00:00:00Z,2024-02-23T09:12:37Z,Department of Health and Social Care,DHSC: FGO Contingent Labour RB,HEALTHCARE LOCUMS PLC (HCL HEALTHCARE PLC),44484.48,44484.48,44484.48,2024-02-19T00:00:00Z,2024-04-26T00:00:00+01:00,79620000,CF-2197200D0O000000rwimUAA,Contingent Labour - Pharmacist,https://www.contractsfinder.service.gov.uk/Notice/0976dbd2-880b-49ac-92f4-e39d9256de4b,1
HCL,True,2024,2024-01-18T00:00:00Z,2024-01-26T15:55:19Z,Department of Health and Social Care,DHSC: FGO: Contingent Labour extension MR,HEALTHCARE LOCUMS PLC (HCL HEALTHCARE PLC),14828.16,14828.16,14828.16,2024-01-15T00:00:00Z,2024-04-09T00:00:00+01:00,79620000,CF-2139400D0O000000rwimUAA,Contingent Labour extension for Pharmacists in the Medicines directorate. Member of staff works part time (2 days a week),https://www.contractsfinder.service.gov.uk/Notice/6d8db05b-236f-4429-9175-70f6b950aeed,1
HCL,True,2024,2024-01-18T00:00:00Z,2024-01-23T10:49:10Z,Department of Health and Social Care,DHSC: FGO: Contingent Labour extension MR,HEALTHCARE LOCUMS PLC (HCL HEALTHCARE PLC),14828.16,14828.16,14828.16,2024-01-15T00:00:00Z,2024-04-09T00:00:00+01:00,79620000,CF-2132300D0O000000rwimUAA,Contingent Labour extension for Pharmacists in the Medicines directorate,https://www.contractsfinder.service.gov.uk/Notice/e6fde39f-503d-4919-a92c-91d41a679cb0,1
HCL,True,2024,2024-01-18T00:00:00Z,2024-01-23T10:25:23Z,Department of Health and Social Care,DHSC: FGO: Contingent Labour extension CL,HEALTHCARE LOCUMS PLC (HCL HEALTHCARE PLC),37070.4,37070.4,37070.4,2024-01-08T00:00:00Z,2024-04-05T00:00:00+01:00,79620000,CF-2132100D0O000000rwimUAA,Contingent Labour extension for Pharmacists in the Medicines directorate,https://www.contractsfinder.service.gov.uk/Notice/aab02177-bf82-49dc-96c2-d5d923a0ed54,1
HCL,False,2025,2025-08-20T00:00:00+01:00,2025-08-20T13:47:54+01:00,St.Helens Council,Renewal of HCL Notes Domino Annual Licensing via the Crown Commercial RM6098 Framework - Lot 3 Software,Boxxe Limited,152000.0,152000.0,154000.0,2025-09-01T00:00:00+01:00,2026-08-31T00:00:00+01:00,48000000,STHEL001-DN781644-81626329,Renewal of HCL Notes Domino Annual Licensing,https://www.contractsfinder.service.gov.uk/Notice/b2f1d895-b619-46b2-a180-325daf835f9f,1
HCL,False,2025,2025-05-06T00:00:00+01:00,2025-05-06T14:03:52+01:00,National Highways,"HRE - CLOSED BRANCH LINES MINOR WORKS - HCL/1M64CH, HONEYBOURNE ROAD BRIDGE - SITE INVESTIGATION",Amco,14238.67,14238.67,0.0,2025-05-07T00:00:00+01:00,2025-09-30T00:00:00+01:00,34621000,tender_479952/1477706,"HRE - CLOSED BRANCH LINES MINOR WORKS - HCL/1M64CH, HONEYBOURNE ROAD BRIDGE - SITE INVESTIGATION",https://www.contractsfinder.service.gov.uk/Notice/c55b5273-fde3-4dd0-b9f1-faf68da2262b,1
HCL,False,2025,2025-03-19T00:00:00Z,2025-04-17T09:50:56+01:00,Office for National Statistics,HCL Lotus  Notes Domino License  2025,Akhter Computers,17311.5,17311.5,0.0,2025-04-01T00:00:00+01:00,2026-03-31T00:00:00+01:00,30237300,CS-25-200,"HCL Lotus Notes Domino License x 150

12 month subscription for the period of 01/04/2025-31/03/2026",https://www.contractsfinder.service.gov.uk/Notice/c2ae8e11-7764-4423-a591-fe2ebed43bf0,1
HCL,False,2025,2025-03-26T00:00:00Z,2025-04-01T09:45:12+01:00,Student Loans Company,GB-Glasgow: HCL Collaboration Renewal,Phoenix Software Ltd,331535.7,331535.7,0.0,2025-04-01T00:00:00+01:00,2026-03-31T00:00:00+01:00,48000000,BIP938218298,"4500 HCL Collaboration Licences for a 12 month period, commencing 1 April 2025.",https://www.contractsfinder.service.gov.uk/Notice/7657d58b-5f1e-4d04-98ed-8f2473a7c4b7,1
HCL,False,2025,2025-05-30T00:00:00+01:00,2025-06-20T15:55:03+01:00,Hertfordshire Catering Ltd,The Provision of Servicing and Maintenance For Kitchen Equipment,Catering Equipment Support Ltd,3710000.0,3710000.0,0.0,2025-10-02T00:00:00+01:00,2030-09-30T00:00:00+01:00,50883000,BIP954625148,"Hertfordshire Catering Ltd (HCL) were in the market looking for one suitably qualified contractor/ supplier to provide a professional repairs and maintenance service for kitchen catering equipment in schools at multiple sites across Hertfordshire and the surrounding counties (Bedfordshire, Cambridge, Essex and North London).",https://www.contractsfinder.service.gov.uk/Notice/7a2b0072-460f-4d38-ac97-c58134514577,1
HCL,False,2026,2026-07-24T00:00:00+01:00,2026-08-05T14:12:04+01:00,DEFRA,HCL Software Support 2026,Origina UK Ltd,100000.0,100000.0,100000.0,2026-08-01T00:00:00+01:00,2027-07-31T00:00:00+01:00,72261000,CF-0661600D8d000003VQwdEAG,HCL Software Support 2026,https://www.contractsfinder.service.gov.uk/Notice/1e077d6e-a0b6-40b0-8c8b-c7ea6c450ed6,1
HCL,False,2026,2026-03-13T00:00:00Z,2026-03-13T12:18:48Z,STUDENT LOANS COMPANY LIMITED,HCL Collaboration Renewal,Akhter Computers  Limited,350865.0,350865.0,0.0,2026-04-01T00:00:00+01:00,2027-03-31T00:00:00+01:00,48000000,2025-TR-0092,"SLC require the supply of quantity 4,500 HCL Collaboration Licenses, starting 1 April 2026 for a 12 month term.",https://www.contractsfinder.service.gov.uk/Notice/4ae33cfe-3c94-4229-94c0-89a17e12072a,1
HCL,False,2026,2026-03-05T00:00:00Z,2026-04-13T09:08:50+01:00,Office for National Statistics,HCL IBM Notes Domino License Renewal,Bechtle Limited,18200.0,18200.0,0.0,2026-03-31T00:00:00+01:00,2027-03-30T00:00:00+01:00,48000000,CS-26-183,Procured through CCS RM6098 - Technology Products & Associated Services 2 Framework,https://www.contractsfinder.service.gov.uk/Notice/76a54cf0-2963-422e-88f2-a819d83c12ff,1
HCL,False,2025,2025-02-19T00:00:00Z,2026-06-24T16:07:21+01:00,Nottingham City Hospital NHS Trust,Diabetes Technology,Dexcom International Limited,1440000.0,1440000.0,0.0,2025-02-01T00:00:00Z,2027-01-31T00:00:00Z,42122000 33615000,CF-3577900D0O000000rwimUAA,"For the supply of insulin pumps, monitors and HCL through the NHSCC Framework for Insulin Pumps, Continuous Glucose Monitoring, Closed Loop Insulin Delivery Systems and Associated Products, Framework Reference Number: 2021/S 000-014257.",https://www.contractsfinder.service.gov.uk/Notice/7e1b0673-160d-438b-837e-1915c48c8876,1
HCL,False,2026,2026-02-15T00:00:00Z,2026-03-04T10:10:02Z,National Savings &amp; Investments,PR Agency,Headland consultancy Limited,21050.0,0.0,21050.0,2026-02-16T00:00:00Z,2026-03-30T00:00:00+01:00,79416000,26-F-02,Headland Consultancy Limited (HCL) have been appointed by Bloom Procurement Services Ltd on behalf of National Savings & Investment (NS&I) to help inform and develop NS&I's media handling strategy.,https://www.contractsfinder.service.gov.uk/Notice/7d7a1464-a159-4a41-a02c-11b8144693c7,1
HCL,False,2026,2026-02-09T00:00:00Z,2026-02-10T06:03:42Z,CEFAS,CEFAS25-134 Request for Quotation for Acquisition of an ICP-OES,Thermo Fisher Scientific,51452.52,51452.52,0.0,2026-02-10T00:00:00Z,2027-02-10T00:00:00Z,38433000,CF-0604800D8d000003VQwdEAG,"The Chemistry Function at the Cefas Lowestoft Laboratory has a requirement for an
inductively coupled plasma optical emission spectrometer (ICP-OES) for the analysis of
environmental samples. The system will be capable of analysing trace elements in diluted acid
matrix solutions (HNO3, HCl and HF) formed from microwave acid digestion of marine
sediment and biota samples. Ex-demonstration instruments under 3 years old may be
proposed at a reduced price and provided 12 months extended warranty is offered. Where
an ex-demonstration instrument is proposed, this must be clearly declared in th",https://www.contractsfinder.service.gov.uk/Notice/a474130d-ed1e-4358-bc01-f2ec810d76cf,1
HCL,False,2025,2025-11-13T00:00:00Z,2026-01-09T12:58:49Z,DSIT,WP2296 - Terraform Cloud Licences,Somerford Associates Limited,63146.02,63146.02,0.0,2025-12-19T00:00:00Z,2026-12-18T00:00:00Z,72000000,tender_506361/1542615,"Procurement of HashiCorp Terraform via G-Cloud 14 provides an infrastructure-as-code tool to safely create, change, and manage infrastructure using HCL or JSON.",https://www.contractsfinder.service.gov.uk/Notice/2e440ce4-99b2-46f3-a7d2-21afb7e5110a,1
Wipro,True,2018,2018-04-12T00:00:00+01:00,2018-05-22T16:44:51+01:00,Crown Prosecution Service,Provision of End User Computing Services,Wipro Holdings UK Limited,4650000.0,4650000.0,0.0,2018-04-13T00:00:00+01:00,2021-04-12T00:00:00+01:00,48810000 72230000 72611000,PR 91 2017,"Further to its April 2017 announcement of an extension to its COMPASS IT Services contract, the Crown Prosecution Service launched a further competition for Provision of End User Computing Services to Lot 3a Suppliers under framework RM 3804 Technology Services 2 on 15 December 2017. On 13 April 2018 the CPS awarded the Contract to Wipro Holdings UK Limited.

The Contract has been awarded for 3 years of Operational Services (with an option to extend by up to a maximum two 12-month periods).",https://www.contractsfinder.service.gov.uk/Notice/a7976342-0461-46d7-b014-d308dff9ea0c,1
Wipro,True,2018,2018-09-04T00:00:00+01:00,2018-12-10T13:18:19Z,Liverpool City Council,"SAP Success Factors Implementation for EC, On-boarding/Off-boarding and Recruitment modules",Wipro Limited,378000.0,400000.0,400000.0,2018-09-10T00:00:00+01:00,2019-09-09T00:00:00+01:00,72260000 72263000,LPOOL001-DN357120-28124827,SAP HRP Success Factors Implementation Partner,https://www.contractsfinder.service.gov.uk/Notice/85bc0743-96f3-4775-987d-f494960e2b66,1
Wipro,True,2020,2020-06-16T00:00:00+01:00,2020-06-16T10:03:53+01:00,Liverpool City Council,RE-FX Project Consultancy,WIPRO Ltd,109172.0,110000.0,110000.0,2020-06-03T00:00:00+01:00,2020-11-03T00:00:00Z,72246000,LPOOL001-DN480575-93863600,RE-FX Project Consultancy,https://www.contractsfinder.service.gov.uk/Notice/293a95a6-1c77-47ec-bd25-c4300e78da99,1
Wipro,True,2021,2021-09-15T00:00:00+01:00,2021-11-11T13:25:39Z,Money And Pensions Service,"Notice of Contract Award_MaPS Dashboard (pensions), log-in and registration build",WIPRO Holdings Ltd,439999.99,439999.99,0.0,2021-11-01T00:00:00Z,2022-03-31T00:00:00+01:00,72000000,21-69C,Notice of Contract Award under - Crown Commercial Services GCLOUD 12 framework RM1557.12 Services Procured - An infrastructure for managing client and colleague identity services in the MaPS online environment.  Build log in and registration and site for MaPS Alpha dashboard.,https://www.contractsfinder.service.gov.uk/Notice/0cb5a306-af63-435e-b4e1-308771e4564b,1
Wipro,True,2021,2021-09-14T00:00:00+01:00,2021-10-07T10:30:06+01:00,Communities &amp; Housing Investment Consortium (CHIC),CHIC Digital Asset Delivery Framework 2021,"Wipro Limited,Illumar Ltd,Murphy Geospatial UK Ltd,Professional Construction Strategies Group Limited,Panacea Applications Limited,Stroma Built Environment,DATAport Media t/a Deeo,Vantage UAV Ltd,Built Environment Reality Capture Ltd t/a Multivista",500000000.0,500000000.0,0.0,2021-10-07T00:00:00+01:00,2029-10-05T00:00:00+01:00,72000000,BIP630508488,"The Authority is procuring an 8-year Framework to commission 'Service Providers' for the provision of advising, capturing, creating, hosting, and maintaining Digital Assets in respect of the built environment.  The Framework created may be accessed by any of CHIC's members (Employers) and any Authorised Users.",https://www.contractsfinder.service.gov.uk/Notice/c3dd894b-80fb-4683-a376-5b5de4086a48,9
Wipro,True,2021,2021-03-01T00:00:00Z,2021-03-09T14:35:50Z,Money And Pensions Service,Notice of Contract Award_AEM Platform Support Services,Wipro Holdings UK Limited,280181.18,280181.18,0.0,2021-03-01T00:00:00Z,2021-03-31T00:00:00+01:00,72000000,21-25C,Notice of Contract Award under Crown Commercial Framework G-Cloud 12 Framework Agreement (RM1557.12)  - Services Procured AEM Platform Support Services,https://www.contractsfinder.service.gov.uk/Notice/ff46c5f4-955f-457d-8fd8-ccdc42230338,1
Wipro,True,2022,2022-01-04T00:00:00Z,2022-02-09T09:27:42Z,Crown Commercial Service,Provision of CON137 TrIS Service Integration and Management,WIPRO HOLDINGS (UK) LIMITED,8980000.0,8980000.0,0.0,2022-02-15T00:00:00Z,2027-02-14T00:00:00Z,72222000,CCZN21A91.,"HM Treasury (HMT) is seeking a specialist Service Integration and Management (SIAM) supplier to focus on providing oversight and management of the day to day, end to end delivery of all its ICT services via its TrIS2022 Suppliers.",https://www.contractsfinder.service.gov.uk/Notice/3839ad13-53d7-4665-bde4-1f06952ebfb6,1
Wipro,True,2022,2022-09-13T00:00:00+01:00,2022-10-11T14:32:15+01:00,Highways England,Information Technology Commercial Framework,"1 Spatial Limited,Accenture (UK) Limited,ACTICA CONSULTING LIMITED,AECOM LIMITED,AIRWALK CONSULTING REPLY LTD,AKHTER COMPUTERS LIMITED,AMEY OWR LIMITED,ANGOKA LIMITED,ANMUT CONSULTING LTD,ARCADIS CONSULTING (UK) LIMITED,ASSET INSIGHTS LIMITED,ATKINS LIMITED,ATOS IT SERVICES UK LIMITED,AVANADE UK LIMITED,AXIOLOGIK LIMITED,BAE SYSTEMS APPLIED INTELLIGENCE LIMITED,BJSS LIMITED,BOXXE LIMITED,BRIDEWELL CONSULTING LIMITED,BRIGHTWIRE TECHNOLOGY SERVICES LIMITED,BRITISH TELECOMMUNICATIONS PUBLIC LIMITED COMPANY,BYTES SOFTWARE SERVICES LIMITED,CACI LIMITED,CADENCE INNOVA LTD,CAMPBELL SCIENTIFIC LIMITED,CAPGEMINI UK PLC,CAPITA BUSINESS SERVICES LTD,CERTES IT SERVICE SOLUTIONS LIMITED,CERTUS ADVISORY LTD,CGI IT UK LIMITED,CLEARVIEW INTELLIGENCE LIMITED,COFORGE U.K. LIMITED,COGNIZANT WORLDWIDE LIMITED,COMPUTACENTER (UK) LIMITED,CREDERA LIMITED,CROSS8 LIMITED,CYBER WARE LIMITED,CYBERFORT LIMITED,DAISY CORPORATE SERVICES TRADING LIMITED,DELOITTE LLP,D.W. WINDSOR LIMITED,SWARCO UK &amp; IRELAND LTD,EBENI LIMITED,ROADWORKS INFORMATION LIMITED,ENTSERV UK LIMITED,ENZEN GLOBAL LIMITED,ERNST &amp; YOUNG LIMITED,ESRI (UK) LIMITED,EVOLVE COMMERCIAL LIMITED,EXPERIS LIMITED,FACULTY SCIENCE LIMITED,FRAZER-NASH CONSULTANCY LIMITED,FUJITSU SERVICES LIMITED,GCI NETWORK SOLUTIONS LIMITED,GRANT THORNTON UK LLP,GUTTERIDGE HASKINS &amp; DAVEY LIMITED,HEWLETT - PACKARD LIMITED,HUGHES NETWORK SYSTEMS LIMITED,I3SECURE LIMITED,I3WORKS LTD,IBI GROUP (UK) LIMITED,INCREMENTAL GROUP LIMITED,INSIGHT DIRECT (UK) LTD,INTELLIGENT TRANSFORMATION LIMITED,INVESTIGO LIMITED,JUMAR SOLUTIONS LIMITED,KAINOS SOFTWARE LIMITED,KPMG LLP,L.A. INTERNATIONAL COMPUTER CONSULTANTS LIMITED,LEIDOS INNOVATIONS UK LTD,MARSTON (HOLDINGS) LIMITED,MASON ADVISORY LIMITED,MASTEK (UK) LTD,MCKINSEY &amp; COMPANY, INC. UNITED KINGDOM,MOBILISE CLOUD SERVICES LIMITED,MOTT MACDONALD LIMITED,MOZAIC-SERVICES LTD,NCC GROUP SECURITY SERVICES LIMITED,NETCOMPANY UK LIMITED,NETWORK UTILITIES (SYSTEMS) LIMITED,NICANDER LTD,Full name of the relevant organisation   NIRA Dynamics AB,NOMENSA LTD,NORTH HIGHLAND UK LIMITED,ONWAVE UK LIMITED,OVE ARUP &amp; PARTNERS LIMITED,P. DUCKER SYSTEMS LIMITED,PA CONSULTING SERVICES LIMITED,PALANTIR TECHNOLOGIES UK, LTD.,PARICO LIMITED,PEGASYSTEMS LIMITED,PRICEWATERHOUSECOOPERS LEGAL LLP,PROVENTION LIMITED,ROWE IT LIMITED,SHIFT LEFT GROUP LIMITED,YUNEX LIMITED,SOFTCAT PLC,SOPRA STERIA LIMITED,SPECIALIST COMPUTER CENTRES PLC,STONE TECHNOLOGIES LIMITED,SWECO UK LIMITED,TATA CONSULTANCY SERVICES LIMITED,TELENT TECHNOLOGY SERVICES LIMITED,GREEN CLOUD IT LTD,FUTUREGOV. LTD,TRACSIS TRAFFIC DATA LIMITED,TRG-UK LTD,TRIAD GROUP PLC,TRL LIMITED,TURNER &amp; TOWNSEND CONSULTING LIMITED,VERSION 1 SOLUTIONS LIMITED,VISUAL MEANING LIMITED,VODAFONE LIMITED,WIPRO LIMITED,WSP UK LIMITED,XEROX (UK) LIMITED,XMA LIMITED,YOTTA LIMITED",1000000000.0,1000000000.0,0.0,2022-09-13T00:00:00+01:00,2026-09-12T00:00:00+01:00,72222300,tender_282557/1110062,"The purpose of this Contract Award Notice is to publish information in relation to the  the award of the IT Commercial Framework for National Highways Limited  in accordance with Regulation 112 of the Public Contract Regulations 2015 (as amended).

The ITCF will be the primary commercial vehicle to support the delivery of the National Highways RIS2 (and beyond) Digital Services and Technology pipeline and to meet the strategic aims of National Highways. The framework award is to 119 suppliers to purchase Goods and Services for Digital Services and technology across 18 lots which are:

Lot ",https://www.contractsfinder.service.gov.uk/Notice/6af7a4b5-489d-4e39-8ee0-bc7969ea995c,120
Wipro,True,2022,2022-04-11T00:00:00+01:00,2022-05-12T12:33:27+01:00,The British Broadcasting Corporation (BBC),Systems Delivery and Integration Services Framework,"Atos IT Services UK Limited,CGI IT UK Limited,Cognizant Worldwide limited,Deloitte LLP,EPI-USE Labs Limited,Ernst &amp; Young LLP,HCL Technologies UK Ltd,IBM United Kingdom Limited,Invenio Business Solutions Ltd,NTT DATA UK Ltd.,PricewaterhouseCoopers LLP,Redcentric Solutions Limited,SAP Source Limited,Tata Consultancy Services Limited,Tech Mahindra Limited,Wipro Limited,Apsolut UK Ltd.,Accenture (UK) Limited",40000000.0,0.0,40000000.0,2022-04-12T00:00:00+01:00,2026-04-11T00:00:00+01:00,72225000 72226000 72227000 72230000 72254000 72262000 72263000 72267000,tender_201826/1069983,"The BBC intends to establish a Framework Agreement of Suppliers who will deliver general systems delivery and integration services, in addition to specialist SAP product services. The BBC is acting on its own behalf and as agent BBC Commercial Holdings Group.

The Framework Agreement is divided in to 2 separate Lots. Tenderers may bid individually for one Lot, or both Lots - where they meet the relevant minimum standards.

The following is the expected total value of spend for each Lot on the Framework Agreement, for the full potential of Term (48 months). This includes the Initial Term (3",https://www.contractsfinder.service.gov.uk/Notice/bf792dea-589c-40b3-9346-699b82694628,18
Wipro,True,2022,2022-03-07T00:00:00Z,2022-03-18T15:13:07Z,Money and Pensions Service,API Gateway,WIPRO LIMITED,183394.68,183394.67,183394.68,2022-03-07T00:00:00Z,2023-03-31T00:00:00+01:00,72000000,1,Provision of API Gateway services,https://www.contractsfinder.service.gov.uk/Notice/c018e1e9-5e4b-4e05-b7e5-2f1a4db8582d,1
Wipro,True,2024,2024-12-20T00:00:00Z,2025-03-03T16:22:29Z,Post Office,IT Capabilities Framework,"Wipro IT Services UK Societas,Accenture (UK) Limited,Qualitest Group UK Limited,Coforge U.K. Limited,Ensono Ltd,Entserv UK Ltd,Simplex Services (UK) Limited,Credera Limited,Mason Advisory Limited,Reed Professional Services LLP,Mastek (UK) Limited,Specialist Computer Centres (SCC) plc",40000000.0,40000000.0,0.0,2025-01-20T00:00:00Z,2029-01-19T00:00:00Z,72000000,IT Capabilities Framework (ITCF),"The IT Capabilities Framework Agreement has been awarded via a FTS Restricted Procedure.

This is a panel of service providers for the provision of IT related services. Post Office enters into a multi-lot Framework Agreement consisting of 5 lots.",https://www.contractsfinder.service.gov.uk/Notice/3f7c765b-6558-47bb-ab68-ba9011b11532,12
TechMahindra,True,2020,2020-12-11T00:00:00Z,2021-02-26T13:07:05Z,BROMFORD HOUSING GROUP LIMITED,Services for automated processes,TECH MAHINDRA LIMITED,125000.0,125000.0,0.0,2020-12-11T00:00:00Z,2021-12-10T00:00:00Z,72000000,CON02734,Services for automated processes,https://www.contractsfinder.service.gov.uk/Notice/4002188f-e8ce-4ccb-9141-da0415b1bb38,1
TechMahindra,True,2022,2022-04-11T00:00:00+01:00,2022-05-12T12:33:27+01:00,The British Broadcasting Corporation (BBC),Systems Delivery and Integration Services Framework,"Atos IT Services UK Limited,CGI IT UK Limited,Cognizant Worldwide limited,Deloitte LLP,EPI-USE Labs Limited,Ernst &amp; Young LLP,HCL Technologies UK Ltd,IBM United Kingdom Limited,Invenio Business Solutions Ltd,NTT DATA UK Ltd.,PricewaterhouseCoopers LLP,Redcentric Solutions Limited,SAP Source Limited,Tata Consultancy Services Limited,Tech Mahindra Limited,Wipro Limited,Apsolut UK Ltd.,Accenture (UK) Limited",40000000.0,0.0,40000000.0,2022-04-12T00:00:00+01:00,2026-04-11T00:00:00+01:00,72225000 72226000 72227000 72230000 72254000 72262000 72263000 72267000,tender_201826/1069983,"The BBC intends to establish a Framework Agreement of Suppliers who will deliver general systems delivery and integration services, in addition to specialist SAP product services. The BBC is acting on its own behalf and as agent BBC Commercial Holdings Group.

The Framework Agreement is divided in to 2 separate Lots. Tenderers may bid individually for one Lot, or both Lots - where they meet the relevant minimum standards.

The following is the expected total value of spend for each Lot on the Framework Agreement, for the full potential of Term (48 months). This includes the Initial Term (3",https://www.contractsfinder.service.gov.uk/Notice/bf792dea-589c-40b3-9346-699b82694628,18
TechMahindra,True,2023,2023-12-13T00:00:00Z,2023-12-16T13:37:11Z,N H S Shared Business Services,INTELLIGENT AUTOMATION (SBS10137),"ENDPOINT AUTOMATION SERVICES LIMITED,ABTRACE LIMITED,ACCENTURE (UK) LIMITED,AGILISYS LIMITED,ARVATO LIMITED,ATOS IT SERVICES UK LIMITED,BROADSTONES SOLUTIONS LTD,CAMTEC CONSULTING LIMITED,CGI IT UK LIMITED,NHS MIDLANDS AND LANCASHIRE COMMISSIONING SUPPORT UNIT,DATAMATICS INFOTECH LIMITED,DELOITTE LLP,EBO.AI (UK) LTD,EPAM SYSTEMS LTD,ERNST &amp; YOUNG LLP,FPT SOFTWARE UNITED KINGDOM LTD,INFOSYS LIMITED,INSIGHT DIRECT (UK) LTD,KAINOS SOFTWARE LIMITED,MASTEK (UK) LTD,NETCALL TECHNOLOGY LIMITED,ROBIQUITY LIMITED,SYNERTEC LIMITED,TECH MAHINDRA LIMITED,TPXIMPACT LIMITED",250000000.0,250000000.0,0.0,2023-11-20T00:00:00Z,2025-11-19T00:00:00Z,48920000 72000000,(SBS10137),"NHS Shared Business Services act in an Agency capacity for and on behalf of its customers (Approved Organisations) - existing and new. These comprise of NHS and Social Care organisations (whether acting individually, or on behalf of, or together as members of any consortia) along with any other public or private sector bodies which NHS SBS authorises to use the resulting Framework.
NHS Shared Business Services Limited (NHS SBS) has put in place a Framework Agreement that allows NHS organisations and other public sector bodies to purchase Intelligent Automation. The Intelligent Automation Fram",https://www.contractsfinder.service.gov.uk/Notice/e2dd4146-a289-4d44-8482-4787fb69831e,25
TechMahindra,True,2024,2024-05-17T00:00:00+01:00,2024-06-12T13:09:00+01:00,N H S Shared Business Services,CLOUD SOLUTIONS 2,"Axiologik Limited,Bramble Hub Limited,BURENDO LTD,CDW Limited,Deloitte LLP,Ernst & Young LLP,i3Works Limited,Insight Direct (UK) Ltd,Jumar Solutions Ltd,Kainos Software Limited,KPMG LLP,Mobilise Cloud,GCI Network Solutions Limited,Netcompany UK Limited,NTT DATA UK LTD,Accenture (UK) Limited,Phoenix Software Ltd,Reply Limited,SERVITA PROFESSIONAL SERVICES (UK) LIMITED,SMART CO CONSULTING LIMITED,Softcat plc,Tech Mahindra Limited,TPXimpact Limited,VE3 Global Ltd,XMA Limited,Zaizi Ltd,ANS Group Limited,Atos IT Services UK Limited,IBM United Kingdom Limited,IoT Cloud World Limited,Islacare Ltd,Telefónica Tech Northern Ireland Ltd,Boxxe Limited,Impelsys Inc.",500000000.0,500000000.0,0.0,2024-04-25T00:00:00+01:00,2026-04-24T00:00:00+01:00,72000000,SBS10256,"NHS Shared Business Services act in an Agency capacity for and on behalf of its customers (Approved Organisations) - existing and new. These comprise of NHS and Social Care organisations (whether acting individually, or on behalf of, or together as members of any consortia) along with any other public or private sector bodies which NHS SBS authorises to use the resulting Framework.
NHS Shared Business Services Limited (NHS SBS) has put in place a Framework Agreement for the provision of Cloud Solutions and related Goods and Services for Healthcare to be used by NHS SBS Approved Organisations.",https://www.contractsfinder.service.gov.uk/Notice/542c8bbd-3a91-4ce4-9c07-15ba887d0ae7,34
LTIMindtree,True,2018,2018-11-04T00:00:00Z,2018-11-28T11:48:38Z,"Ministry of Housing, Communities &amp; Local Government : Ministry of Housing, Communities &amp; Local Government",MHCLG FSSD SAP Management Information Continuous Improvement,MINDTREE LIMITED,75900.0,75900.0,0.0,2018-11-05T00:00:00Z,2018-12-31T00:00:00Z,72000000,CPD04/119/096 - 00345402. CCIS18A86.,"MHCLG FSSD SAP Management Information Continuous Improvement Services - 3/6 months.

This contract has been awarded and is published for transparency purposes.",https://www.contractsfinder.service.gov.uk/Notice/135ad2d8-0c74-4889-a1e3-a8809150b2cc,1
LTIMindtree,True,2018,2018-07-18T00:00:00+01:00,2018-07-24T10:22:00+01:00,The British Broadcasting Corporation (BBC),Digital Testing Services Framework II,MindTree Ltd,1.0,1.0,0.0,2018-12-01T00:00:00Z,2022-11-30T00:00:00Z,72000000,tender_155672/689974,"The BBC requires a single supplier to provide Digital Testing Services, and associated activities, for our digital products, applications and websites, running on both digital and broadcast platforms, e.g. desktop computers ;mobile devices; internet protocol TV; terrestrial, cable, satellite TV; and the web, at any combination/stages of their product development. The required services include functional testing, non-functional testing and test management; using manual, exploratory and automated approaches. The successful supplier will be required to augment pan-BBC teams with additional softwa",https://www.contractsfinder.service.gov.uk/Notice/a6aa228f-c2fa-4231-9b0a-908f5ea26903,1
LTIMindtree,True,2019,2019-02-21T00:00:00Z,2019-04-02T16:01:17+01:00,"MINISTRY OF HOUSING, COMMUNITIES &amp; LOCAL GOVERNMENT",MHCLG FSSD SAP Management Information Continuous Improvement,Mindtree Limited,20850.0,20850.0,20850.0,2019-01-01T00:00:00Z,2019-06-01T00:00:00+01:00,72000000,CPD04/119/190 Amendment 01,"MHCLG FSSD SAP Management Information Continuous Improvement Services for 6 months.
This contract has been awarded and is published for transparency purposes.",https://www.contractsfinder.service.gov.uk/Notice/fb07d7f8-1868-4b3e-b561-44b731fa27fd,1
LTIMindtree,True,2018,2018-12-31T00:00:00Z,2019-01-23T13:25:55Z,"MINISTRY OF HOUSING, COMMUNITIES &amp; LOCAL GOVERNMENT",MHCLG FSSD SAP Management Information Continuous Improvement,Mindtree Limited,100050.0,100050.0,150000.0,2019-01-01T00:00:00Z,2019-06-01T00:00:00+01:00,72000000,CPD04/119/190,"MHCLG FSSD SAP Management Information Continuous Improvement Services for 6 months.
This contract has been awarded and is published for transparency purposes.",https://www.contractsfinder.service.gov.uk/Notice/a9de6b9b-a3fc-4616-a599-512635276492,1
LTIMindtree,True,2019,2019-10-01T00:00:00+01:00,2020-03-09T16:58:31Z,"MINISTRY OF HOUSING, COMMUNITIES &amp; LOCAL GOVERNMENT",MHCLG/FSSD SAP Analytics Cloud,MindTree Limited,120000.0,120000.0,0.0,2019-10-01T00:00:00+01:00,2020-01-31T00:00:00Z,48000000 72261000 72268000,CPD/04/120/058 B,"MHCLG /FSSD SAP New GL and Analytics Cloud (Pilot)
This contract has been awarded and is published for transparency purposes.",https://www.contractsfinder.service.gov.uk/Notice/ae66805f-9a8d-4fb6-a504-de26312084ec,1
LTIMindtree,True,2019,2019-08-27T00:00:00+01:00,2020-03-09T14:46:01Z,"MINISTRY OF HOUSING, COMMUNITIES &amp; LOCAL GOVERNMENT",MHCLG/FSSD SAP Analytics Cloud,MindTree Limited,180000.0,180000.0,0.0,2019-08-27T00:00:00+01:00,2019-12-19T00:00:00Z,48000000 72261000 72268000,CPD/04/120/058 A,"MHCLG /FSSD SAP New GL and Analytics Cloud (Pilot)
This contract has been awarded and is published for transparency purposes.",https://www.contractsfinder.service.gov.uk/Notice/03aec373-1eb0-43b5-b9d5-50d538b45d2b,1
LTIMindtree,True,2023,2023-08-01T00:00:00+01:00,2023-10-26T15:10:18+01:00,Financial Conduct Authority,Digital Services Framework Agreement,"ACCOLITE LABS EUROPE LIMITED,AKER SYSTEMS LIMITED,AGILE SOLUTIONS (GB) LTD,AIRWALK CONSULTING REPLY LTD,ANDIGITAL LIMITED,ANSWER DIGITAL LIMITED,APPRILIS LTD,APPVIA LTD,ATOS HOLDING UK 1 LIMITED,AXIOLOGIK LIMITED,BJSS LIMITED,BROADLIGHT GLOBAL LTD,BROADSTONES SOLUTIONS LTD,BURENDO LTD,BBD SOFTWARE LTD,COFORGE U.K. LTD,CORECOM QUALITY ENGINEERING LIMITED,CREDERA LIMITED,DELOITTE LLP,D-FINE LIMITED,DIGITAL WORKS CONSULTING LTD,EPAM SYSTEMS LTD,ERNST &amp; YOUNG LLP,FIMATIX UK LTD,FINREGE LIMITED,FUJITSU SERVICES LIMITED,GREEN PARK INTERIM &amp; EXECUTIVE LTD,HIPPO DIGITAL LIMITED,HODFORDS SOLUTIONS LIMITED,INFOSYS LIMITED,ITC INFOTECH LIMITED,JUMAR SOLUTIONS LIMITED,KAINOS SOFTWARE LIMITED,CLOUDTHING LIMITED (trading as Kerv Digital),KIN AND CARTA UK LTD,LTIMINDTREE UK LIMITED,MADE TECH LTD,MASTEK (UK) LIMITED,MLABS DIGITAL LTD,NEWREDO LTD,PA CONSULTING SERVICES LIMITED,PRICEWATERHOUSECOOPERS LLP,QUALITEST GROUP UK LTD,QUAYLOGIC LTD,ROWE IT LIMITED,SALESFORCE UK LIMITED,SHIFT LEFT GROUP LIMITED,SOPRA STERIA LIMITED,TATA CONSULTANCY SERVICES LIMITED,TECH CITY LABS LTD,TECKNUOVO LTD,TRANSFORM UK CONSULTING LTD,VALTECH LIMITED,VE3 LTD,ZENSAR TECHNOLOGIES (UK) LIMITED,ZOOCHA LIMITED,AIIMI LIMITED,UNISYS LIMITED,CAPGEMINI UK PLC,COGNIZANT WORLDWIDE LIMITED,NEC SOFTWARE SOLUTIONS UK LIMITED,VERYLOCALS LTD",562500000.0,562500000.0,0.0,2023-09-14T00:00:00+01:00,2027-09-13T00:00:00+01:00,72000000,BIP813343418,"The Financial Conduct Authority (FCA) has procured a 4-year multi-supplier framework agreement for the provision of services for Application Development, Application Maintenance and Modern Application Development including transformation services to improve operational processes, procedures and delivery methodologies. The Framework Agreement was awarded to 62 partners who will support continued delivery of the technology change portfolio, maintain or improve the stability and performance of services, while helping the FCA in its ongoing DevOps, agile and transformation journey.",https://www.contractsfinder.service.gov.uk/Notice/9667acd6-aee0-4fd1-90fd-cc2f247761bc,62
Cognizant,True,2018,2018-09-28T00:00:00+01:00,2018-12-18T13:55:46Z,British Business Bank,GB-Sheffield: BI Delivery,Cognizant Worldwide Ltd,196800.0,196800.0,0.0,2018-10-01T00:00:00+01:00,2018-12-31T00:00:00Z,72212482,BIP365903697,Transition of application knowledge to support application change management and maintenance services on an ongoing basis,https://www.contractsfinder.service.gov.uk/Notice/8e9aec4d-6313-4c14-9b13-388cc1a77e33,1
Cognizant,True,2018,2018-10-16T00:00:00+01:00,2018-12-04T11:50:17Z,HM REVENUE &amp; CUSTOMS,Pega Technology Expertise,COGNIZANT WORLDWIDE LIMITED,5000000.0,5000000.0,5000000.0,2018-11-15T00:00:00Z,2020-11-14T00:00:00Z,72000000,CW18280,"Pegasystems registered partners with experience in cloud-based Pega 7 Government Platform delivery to support our digital agenda, providing Scrum team Pega Expertise to take ownership of aspects of projects.",https://www.contractsfinder.service.gov.uk/Notice/dfe0978b-27db-419b-98d1-de8e963c3779,1
Cognizant,True,2018,2018-07-31T00:00:00+01:00,2018-11-29T08:58:11Z,British Business Bank Plc,GB-Sheffield: Salesforce support,Cognizant Worldwide Limited,42400.0,42400.0,0.0,2018-08-01T00:00:00+01:00,2018-12-31T00:00:00Z,72212224,BIP361815720,Provision of Salesforce application support,https://www.contractsfinder.service.gov.uk/Notice/ce3ac514-c699-49cd-a0d9-907ae221ff98,1
Cognizant,True,2018,2018-11-01T00:00:00Z,2018-11-19T11:57:11Z,British Business Bank,GB-Sheffield: Core Platform Design and Development,Cognizant Worldwide Ltd,58850.0,58850.0,0.0,2018-11-05T00:00:00Z,2019-03-31T00:00:00Z,72261000,BIP359381319,"Microsoft BizTalk support:
      To provide functional, technical and DevOps expertise of Microsoft's BizTalk Server 2016. 
      - Responsible for Design and implementing and supporting for implementation of Core platform. 
      - Analyse requirements and design of Core platform in accordance with the IT development life cycle. 
      - Analysis and documentation of the existing middle tier integration implementation, other applications that requires integration. 
      - Define and document integration specifications for APIs/SOAP services. 
      - Write production-quality code using",https://www.contractsfinder.service.gov.uk/Notice/c5d284c4-1c39-46fd-83a5-ad2abc1cc540,1
Cognizant,True,2018,2018-07-31T00:00:00+01:00,2018-11-19T11:31:09Z,British Business Bank,GB-Sheffield: Salesforce Application Support,Cognizant Worldwide Ltd,42400.0,42400.0,0.0,2018-08-01T00:00:00+01:00,2018-12-31T00:00:00Z,72261000,BIP359364012,"Provision of Salesforce application support including:
      Managing of queue of Salesforce tickets and their resolution
      Review incident management
      Audit of current defect identification processes
      Documentation of change management
      Prepare technical solutions and change requests",https://www.contractsfinder.service.gov.uk/Notice/b0be2b20-b04b-40b3-93df-4b0582bbcfc3,1
Cognizant,True,2018,2018-07-25T00:00:00+01:00,2018-08-06T08:48:22+01:00,The British Broadcasting Corporation (BBC),Consultancy Services Framework II,"Atos IT Services UK Limited,Baringa Partners LLP,BDO LLP,CGI IT UK Limited,Citi Limited,Cognizant Worldwide Limited,Currie and Brown UK Limited,Deloitte LLP,Ernst and Young LLP,Cartesian Limited,Gate One Limited,Grant Thornton UK LLP,Greyfly,IBM United Kingdom Limited,KPMG LLP,MTM London Limited,NTT DATA UK,Oliver and Ohlbaum Associates Limited,PA Consulting Services Limited,PricewaterhouseCoopers LLP,Quo Imus Limited,The Boston Consulting Group UK LLP,The DMW Group Ltd,Willis Towers Watson plc,Accenture (UK) Limited",1.0,36000000.0,0.0,2018-08-20T00:00:00+01:00,2022-08-19T00:00:00+01:00,79000000,tender_162517/692869,"The BBC is launching a new multi supplier Consultancy Services framework, superseding the existing framework which expires in May 2018. The framework will provide pan-BBC personnel with access to a range of suppliers specialising in certain professional services. 

Successful suppliers awarded a place on the framework will have experience and capabilities to meet all the BBC's distinct service requirements for each Lot. The framework has been divided into five lots; Strategy, IT, Financial, HR, Programme Management.",https://www.contractsfinder.service.gov.uk/Notice/53e98bef-4e4c-4199-81b3-3fc98e9e0a01,25
Cognizant,True,2018,2018-12-14T00:00:00Z,2019-02-21T11:40:22Z,H M Revenue &amp; Customs,"Case Management - Angular, Java and Documentum - Cognizant SR150172848",COGNIZANT WORLDWIDE LIMITED,2500000.0,2500000.0,2500000.0,2019-01-28T00:00:00Z,2021-01-27T00:00:00Z,72000000,CW19247,"Design, build, test and delivery of new and updated code that supports RCDTS' Workflow and Content Management solutions which utilise a mix of Angular, JAVA and Documentum technologies. This will be done through outcome based statements of work for a variety of programmes",https://www.contractsfinder.service.gov.uk/Notice/3ef000e4-8b33-406a-8155-7ad9cf661961,1
Cognizant,True,2019,2019-10-15T00:00:00+01:00,2019-10-16T15:50:03+01:00,British Business Bank,GB-London: Salesforce Development Support,Cognizant Worldwide Limited,104220.0,104220.0,0.0,2019-10-21T00:00:00+01:00,2020-03-31T00:00:00+01:00,72222300,BIP437740362,Provision of development support to Salesforce platform,https://www.contractsfinder.service.gov.uk/Notice/71124556-d191-4ea1-a2aa-f0c6dbd71cfc,1
Cognizant,True,2019,2019-08-23T00:00:00+01:00,2019-10-15T16:01:53+01:00,H M REVENUE &amp; CUSTOMS,JAVA Delivery Services,COGNIZANT WORLDWIDE LIMITED,5100000.0,5100000.0,0.0,2019-09-02T00:00:00+01:00,2021-09-01T00:00:00+01:00,72200000,SR224464303,"A service to Support HMRC with functional and non-functional deliveries for CDS to ensure progress in its performance, stability, security and functionality etc. The suppliers are required to possess expertise in delivering robust, secure, stable and performant deliveries with high level of quality both functionally and non-functionally using Agile principles and methodology.",https://www.contractsfinder.service.gov.uk/Notice/c531b9a5-6b70-46ea-b025-6c2050c1572a,1
Cognizant,True,2019,2019-07-01T00:00:00+01:00,2019-09-05T14:36:51+01:00,Government Digital Service,WP1701: Digital Capability for Urgent EU Exit Requirements,Cognizant Technology Solutions UK Limited,1000000.0,1000000.0,0.0,2019-07-15T00:00:00+01:00,2020-07-15T00:00:00+01:00,72000000,WP1701,"GDS require a supplier that can provide teams, or resources to supplement existing teams, to work on urgent EU Exit related projects. Individual statements of work (SoW) will be agreed and aligned to the discrete delivery phases that are required.",https://www.contractsfinder.service.gov.uk/Notice/39f5d981-2c3c-4c48-affa-3376cab0e74d,1
Cognizant,True,2019,2019-06-25T00:00:00+01:00,2019-08-21T09:40:22+01:00,British Business Bank,GB-Sheffield: Salesforce Support,Cognizant Worldwide Limited,51200.0,51200.0,0.0,2019-07-02T00:00:00+01:00,2019-12-30T00:00:00Z,72261000,BIP423419533,Salesforce application BAU support,https://www.contractsfinder.service.gov.uk/Notice/8a41f080-8618-4506-bd0f-4d6cc05bdf88,1
Cognizant,True,2019,2019-06-03T00:00:00+01:00,2019-07-09T16:42:33+01:00,Financial Conduct Authority,CON18-133 Cloud and Technology Resourcing and Outcomes Framework,"Cognizant Technology Solutions,Sopra Steria,Atos Syntel,Fujitsu Services Ltd,Accenture (UK) Ltd,Tata Consultancy Services Ltd,Methods Consortium,Capgemini Financial Services UK Ltd,PA Consulting Ltd,Actica Consulting Ltd",125000000.0,125000000.0,0.0,2019-06-03T00:00:00+01:00,2023-06-02T00:00:00+01:00,72222300,tender_190568/779847,"FCA have tendered for a cloud and technology resourcing and outcomes framework, to meet an identified need for cloud and other technology and project delivery resources.

The framework will support a number of technology programmes and projects, as well as the FCA transition to the cloud in the coming years, on both a resource and outcome basis.

The framework consists of three (3) principal lots:

- Lot 1 - Design, Build and Run
- Lot 2 - Programme Management and Resourcing
- Lot 3 - Specialist Consultancy Services  This procurement exercise is now completed.

The procurement exerci",https://www.contractsfinder.service.gov.uk/Notice/01aa58d3-e8db-4a9b-ad9a-63001a4bd013,10
Cognizant,True,2018,2018-10-22T00:00:00+01:00,2019-02-18T11:06:28Z,Department for Work and Pensions,User Accessibility Worksheets,Cognizant Worldwide Limited,38400.0,38400.0,0.0,2018-10-22T00:00:00+01:00,2019-10-21T00:00:00+01:00,72000000,tender_176371/747278,"Update user accessibility  worksheets and perform testing with all defined Accessibility tools/softwares i.e. JAWS screen reader, Dragon - Voice recognition tool, ZoomText - Screen magnification, SuperNova - Screen magnification and Read & Write along with Color analysis to ensure the updated spreadsheet is working and operable as per WCAG 2.0 Level A, AA.",https://www.contractsfinder.service.gov.uk/Notice/355e3d1f-f1f1-444d-9b66-77dee6c17f39,1
Cognizant,True,2018,2018-12-31T00:00:00Z,2019-02-14T14:34:02Z,British Business Bank,GB-Sheffield: Business Information Service Delivery,Cognizant Worldwide Limited,753000.0,753000.0,0.0,2019-01-01T00:00:00Z,2019-12-31T00:00:00Z,72212482,BIP377207730,Transition of application knowledge to support application change management and maintenance services on an ongoing basis,https://www.contractsfinder.service.gov.uk/Notice/af5ed411-9a62-4d32-b73f-61ff5160ae29,1
Cognizant,True,2020,2020-03-27T00:00:00Z,2020-04-29T17:45:05+01:00,Ofgem,Dynamic Purchasing System - Digital Services,"6point6 Ltd,6point6 Ltd,Acuma Solutions Limited,Acuma Solutions Limited,Acuma Solutions Limited,Acuma Solutions Limited,Agilesphere LLP,Agilesphere LLP,Agilesphere LLP,Agilesphere LLP,Andigital Limited,Andigital Limited,Andigital Limited,Andigital Limited,ANUP Consulting ltd,ANUP Consulting ltd,Atkins Limited,Atkins Limited,Atkins Limited,BiP Solutions Ltd,BMT Defence and Security UK Ltd,BMT Defence and Security UK Ltd,BMT Defence and Security UK Ltd,BMT Defence and Security UK Ltd,Cadence Innova Ltd,Certes Computing Limited,CGI IT UK Limited,CGI IT UK Limited,CGI IT UK Limited,Cognizant Worldwide Limited,County HR Solutions Limited,County HR Solutions Limited,County HR Solutions Limited,County HR Solutions Limited,Evisa Solutions Ltd TA Malikshaw,Evisa Solutions Ltd TA Malikshaw,Evisa Solutions Ltd TA Malikshaw,Frazer-Nash Consultancy Ltd,Frazer-Nash Consultancy Ltd,Frazer-Nash Consultancy Ltd,Frazer-Nash Consultancy Ltd,HCL Technologies UK Limited,HCL Technologies UK Limited,HCL Technologies UK Limited,HCL Technologies UK Limited,Hippo Digital Ltd,i3Works Ltd,i3Works Ltd,Interprofis Ltd,Interprofis Ltd,Interprofis Ltd,Kainos Software Limited,Kainos Software Limited,Kainos Software Limited,Kainos Software Limited,Mason Advisory Limited,Mason Advisory Limited,Mason Advisory Limited,Mastek UK Limited,Mastek UK Limited,Mastek UK Limited,Mastek UK Limited,Methods Business and Digital Technology Limited,Methods Business and Digital Technology Limited,Methods Business and Digital Technology Limited,Methods Business and Digital Technology Limited,Moorhouse Consulting,Moorhouse Consulting,Moorhouse Consulting,Netcompany UK Ltd,Notbinary Limited,Notbinary Limited,Notbinary Limited,Notbinary Limited,Objectivity Limited,Objectivity Limited,Objectivity Limited,Objectivity Limited,Opencast Software,Osmani Consulting Ltd,Osmani Consulting Ltd,PA CONSULTING SERVICES LTD,PA CONSULTING SERVICES LTD,PA CONSULTING SERVICES LTD,PA CONSULTING SERVICES LTD,Purely Digital Services Ltd,Purely Digital Services Ltd,Purely Digital Services Ltd,Purely Digital Services Ltd,PricewaterhouseCoopers Consulting Services UK,PricewaterhouseCoopers Consulting Services UK,SATIGO Ltd,SATIGO Ltd,SATIGO Ltd,SATIGO Ltd,Scott Logic Ltd,Scott Logic Ltd,Tata Consultancy Services Limited,Tata Consultancy Services Limited,Tata Consultancy Services Limited,Tata Consultancy Services Limited,Tolomy Ltd,Triad Group PLC,Triad Group PLC,UKCloud Ltd,UKCloud Ltd,UKCloud Ltd,UKCloud Ltd,Baringa Partners LLP,Baringa Partners LLP,Baringa Partners LLP,Baringa Partners LLP,Amethyst Risk Management Limited,Capgemini UK Plc,The DMW Group Limited,Ernst &amp; Young Limited,Foundation SP Limited,Gemserv Limited,Glue Reply Limited,Hartley McMaster Limited,Informed Solutions Limited,Hippo Digital Limited,Mahsy Ltd,MASS Limited,Netsells Limited,NIIT Technologies Limited,Opencast Software Europe Limited,Q5 Partners LLP,Risual Limited,Softwire Technology Limited,Tessella Limited,Spinwell Global Limited,Valtech Limited,Version 1 Limited,Zuhlke Engineering Ltd,Amethyst Risk Management Limited,Amethyst Risk Management Limited,Amethyst Risk Management Limited,Capgemini UK Plc,Capgemini UK Plc,Capgemini UK Plc,The DMW Group Limited,The DMW Group Limited,The DMW Group Limited,Ernst &amp; Young Limited,Ernst &amp; Young Limited,Ernst &amp; Young Limited,Foundation SP Limited,Foundation SP Limited,Foundation SP Limited,Glue Reply Limited,Hippo Digital Limited,Informed Solutions Limited,Gemserv Limited,Glue Reply Limited,Hippo Digital Limited,Gemserv Limited,Glue Reply Limited,Informed Solutions Limited,Mahsy Ltd,MASS Limited,MASS Limited,Mahsy Ltd,MASS Limited,MSC Digital Limited,MSC Digital Limited,NIIT Technologies Limited,NIIT Technologies Limited,NIIT Technologies Limited,ThoughtWorks Ltd,ThoughtWorks Ltd,ThoughtWorks Ltd,ThoughtWorks Ltd,Risual Limited,Risual Limited,Risual Limited,Softwire Technology Limited,Softwire Technology Limited,Spinwell Global Limited,Spinwell Global Limited,Spinwell Global Limited,Tessella Limited,Tessella Limited,Valtech Limited,Version 1 Limited,Zuhlke Engineering Ltd,Valtech Limited,Version 1 Limited,Zuhlke Engineering Ltd,Valtech Limited,Version 1 Limited,Zuhlke Engineering Ltd,Netsells Limited,The Data Place Limited,Cognizant Worldwide Limited,Cognizant Worldwide Limited,Cognizant Worldwide Limited,CGI IT UK Limited,Vmware UK Limited,Vmware UK Limited,Pathfinder Project Management",4000000.0,4000000.0,0.0,2020-03-27T00:00:00Z,2024-03-26T00:00:00Z,72000000,"
            MT219585","This Dynamic Purchasing System (DPS) will support the Ofgem DDaT team to develop and expand its capabilities with a strategic architecture function, including enterprise, solutions, cyber security and data specialists to support the increasing pace of technological change, and Ofgem and Industry initiatives supporting and enabling the transformation of the energy sector aligned with the HMG Industrial Strategy.  This also includes supporting the delivery of data platforms and front-end digital services, and embedding data and digital capabilities within the organisation in discrete teams to de",https://www.contractsfinder.service.gov.uk/Notice/116c5db7-8a80-4037-af78-a1764de8157f,201
Cognizant,True,2020,2020-08-01T00:00:00+01:00,2020-12-29T10:55:12Z,Home Office,Proc500 Big Data Delivery Services,Cognizant Technology Solutions UK Limited,4900000.0,4900000.0,4900000.0,2020-09-01T00:00:00+01:00,2022-08-31T00:00:00+01:00,72000000,CF-0115900D58000000L5A4EAK1,"Provision of level 3 support for the PCDP to ensure continued live services, continued development and testing and L3 247x365 support. Resourcing team with Architects, Dev/DataOps and test resources.",https://www.contractsfinder.service.gov.uk/Notice/ff08c664-6145-4dc5-ae56-0a5ccf524368,1
Cognizant,True,2020,2020-08-13T00:00:00+01:00,2020-12-15T19:55:02Z,British Business Bank,GB-Sheffield: Technical Consultancy:,Cognizant Worldwide Limited,374000.0,374000.0,0.0,2020-09-21T00:00:00+01:00,2021-03-20T00:00:00Z,72220000,BIP554464212,The provision of a resource to provide Technical Consultancy Services,https://www.contractsfinder.service.gov.uk/Notice/306ecd94-910f-4f8a-a581-79657175b140,1
Cognizant,True,2020,2020-06-03T00:00:00+01:00,2020-12-03T14:42:53Z,Department for Work and Pensions,Customer Notifications Professional Services,Cognizant Worldwide Limited,1346000.0,1364000.0,0.0,2020-06-12T00:00:00+01:00,2021-06-11T00:00:00+01:00,72590000,tender_239172/908437,Value uplift to the existing contract,https://www.contractsfinder.service.gov.uk/Notice/b6e22661-8f90-4443-aa37-43cab86a974d,1
Cognizant,True,2020,2020-06-30T00:00:00+01:00,2020-11-18T12:37:35Z,Crown Commercial Service : Cabinet Office,Provision of Audit/Testing for Adherence to  WCAG 2.1 AA Regulations,COGNIZANT WORLDWIDE LIMITED,176507.2,176507.2,0.0,2020-07-02T00:00:00+01:00,2020-11-28T00:00:00Z,72225000,CCSO20A47.,Provision of Audit/Testing for Adherence to WCAG 2.1 AA Regulations,https://www.contractsfinder.service.gov.uk/Notice/b59f0508-190f-49b5-a90f-a4ce0179cd26,1
Cognizant,True,2019,2019-10-01T00:00:00+01:00,2020-11-05T13:30:52Z,NHS Digital,CRM Dynamics Development Partner,Cognizant Technology,1700000.0,1700000.0,0.0,2019-07-29T00:00:00+01:00,2022-07-28T00:00:00+01:00,72000000,tender_174230/900665,"CRM Dynamics Partner for design, development, implementation and support of CRM Dynamics solutions across the NHS Digital estate. 
Identified Technology Services 2 framework lot 3 as ideal RTM for this.",https://www.contractsfinder.service.gov.uk/Notice/043840d9-8037-42c8-a861-69cae5a3b183,1
Cognizant,True,2020,2020-09-16T00:00:00+01:00,2020-10-21T13:32:44+01:00,H M REVENUE &amp; CUSTOMS,CDS Production Support,COGNIZANT TECHNOLOGY SOLUTIONS GLOBAL SERVICES LIMITED,2365440.0,2365440.0,0.0,2020-10-05T00:00:00+01:00,2022-10-04T00:00:00+01:00,72000000,SR399976033,Production Support services for case management applications.,https://www.contractsfinder.service.gov.uk/Notice/1392edd7-cf5e-4453-920d-5551350b93ea,1
Cognizant,True,2020,2020-03-25T00:00:00Z,2020-08-20T13:30:12+01:00,British Business Bank,GB-Sheffield: BI Support,Cognizant Worldwide Limited,237660.0,237660.0,0.0,2020-04-01T00:00:00+01:00,2021-03-31T00:00:00+01:00,72253200,BIP518561601,"BAU support, maintenance and application change services on an ongoing basis",https://www.contractsfinder.service.gov.uk/Notice/4541ce11-55ca-41f3-a35b-e56d453d1d2f,1
Cognizant,True,2020,2020-06-01T00:00:00+01:00,2020-08-20T08:49:33+01:00,British Business Bank,GB-Sheffield: BI EFG Database,Cognizant Worldwide Limited,51000.0,51000.0,0.0,2020-06-08T00:00:00+01:00,2020-09-11T00:00:00+01:00,72320000,BIP518194053,production of a EFG SQL database,https://www.contractsfinder.service.gov.uk/Notice/bbd82a06-3000-49e4-916d-3103c1c6c741,1
Cognizant,True,2020,2020-03-25T00:00:00Z,2020-08-19T15:30:47+01:00,British Business Bank,GB-Sheffield: BI Support,Cognizant Worldwide Limited,237660.0,237660.0,0.0,2020-04-01T00:00:00+01:00,2021-03-31T00:00:00+01:00,72000000,BIP518246359,"BAU support, maintenance and application change services on an ongoing basis",https://www.contractsfinder.service.gov.uk/Notice/65fdb062-232c-4709-bf67-3f8a46c235f7,1
Cognizant,True,2020,2020-03-25T00:00:00Z,2020-08-19T15:30:45+01:00,British Business Bank,GB-Sheffield: BI Roadmap Delivery,Cognizant Worldwide Limited,374314.5,374314.5,0.0,2020-04-01T00:00:00+01:00,2021-03-31T00:00:00+01:00,79410000,BIP518233180,BI Roadmap Delivery,https://www.contractsfinder.service.gov.uk/Notice/704a5591-0e3c-4000-b797-8ad71a596cbc,1
Cognizant,True,2020,2020-06-05T00:00:00+01:00,2020-07-14T11:30:12+01:00,British Business Bank,GB-Sheffield: EFG Database SQL Development,Cognizant Worldwide Limited,41400.0,41400.0,0.0,2020-06-08T00:00:00+01:00,2020-09-11T00:00:00+01:00,72222300,BIP508033629,Provision of support for the creation of an SQL database to support the EFG programme,https://www.contractsfinder.service.gov.uk/Notice/a9e6ead5-e147-4544-8d16-0d3be0132037,1
Cognizant,True,2020,2020-05-29T00:00:00+01:00,2020-05-30T10:10:02+01:00,British Business Bank,GB-Sheffield: BI EFG Database,Cognizant Worldwide Ltd,51000.0,51000.0,0.0,2020-06-01T00:00:00+01:00,2020-08-31T00:00:00+01:00,72222300,BIP497658282,Creation of an SQL database to support the British Business Bank's Enterprise Finance Guarantee product,https://www.contractsfinder.service.gov.uk/Notice/0a429580-e040-48b7-a586-15a5f0b8b238,1
Cognizant,True,2020,2020-03-31T00:00:00+01:00,2020-05-30T10:00:18+01:00,British Business Bank,GB-Sheffield: Biztalk Development,Cognizant Worldwide Ltd,139150.0,139150.0,0.0,2020-04-01T00:00:00+01:00,2021-03-31T00:00:00+01:00,72222300,BIP497657441,"To provide functional, technical and DevOps expertise of Microsoft Biztalk Server 2016",https://www.contractsfinder.service.gov.uk/Notice/28598f26-ed16-4487-8b68-f62aba15b7cf,1
Cognizant,True,2020,2020-03-31T00:00:00+01:00,2020-05-30T09:50:03+01:00,British Business Bank,GB-Sheffield: Salesforce Application Support,Cognizant Worldwide Ltd,139150.0,139150.0,0.0,2020-04-01T00:00:00+01:00,2021-03-31T00:00:00+01:00,72222300,BIP497657002,Provision of ongoing support to the British Business Bank's Salesforce Application,https://www.contractsfinder.service.gov.uk/Notice/016e1964-ef64-4d17-b879-1039b8493e36,1
Cognizant,True,2020,2020-03-31T00:00:00+01:00,2020-05-30T09:50:02+01:00,British Business Bank,GB-Sheffield: BI Development,Cognizant Worldwide Ltd,363069.0,363069.0,0.0,2020-04-01T00:00:00+01:00,2021-03-31T00:00:00+01:00,72222300,BIP497656556,Delivery of IT development services to the British Business Bank's BI system,https://www.contractsfinder.service.gov.uk/Notice/e8a7a8ea-ca4a-4f9d-9c57-c5598520c2df,1
Cognizant,True,2020,2020-03-31T00:00:00+01:00,2020-05-30T09:30:21+01:00,British Business Bank,GB-Sheffield: BI Support,Cognizant Worldwide,237660.0,237660.0,0.0,2020-04-01T00:00:00+01:00,2021-03-31T00:00:00+01:00,72222300,BIP497655953,Provision of BAU IT support to the British Business Bank's BI system,https://www.contractsfinder.service.gov.uk/Notice/cef4445d-9b14-4335-a0b5-4d95edd9c6b8,1
Cognizant,True,2020,2020-03-27T00:00:00Z,2020-03-30T17:45:08+01:00,Ofgem,Dynamic Purchasing System - Digital Services,"6point6 Ltd,6point6 Ltd,Acuma Solutions Limited,Acuma Solutions Limited,Acuma Solutions Limited,Acuma Solutions Limited,Agilesphere LLP,Agilesphere LLP,Agilesphere LLP,Agilesphere LLP,Andigital Limited,Andigital Limited,Andigital Limited,Andigital Limited,ANUP Consulting ltd,ANUP Consulting ltd,Atkins Limited,Atkins Limited,Atkins Limited,BiP Solutions Ltd,BMT Defence and Security UK Ltd,BMT Defence and Security UK Ltd,BMT Defence and Security UK Ltd,BMT Defence and Security UK Ltd,Cadence Innova Ltd,Certes Computing Limited,CGI IT UK Limited,CGI IT UK Limited,CGI IT UK Limited,Cognizant Worldwide Limited,County HR Solutions Limited,County HR Solutions Limited,County HR Solutions Limited,County HR Solutions Limited,Evisa Solutions Ltd TA Malikshaw,Evisa Solutions Ltd TA Malikshaw,Evisa Solutions Ltd TA Malikshaw,Frazer-Nash Consultancy Ltd,Frazer-Nash Consultancy Ltd,Frazer-Nash Consultancy Ltd,Frazer-Nash Consultancy Ltd,HCL Technologies UK Limited,HCL Technologies UK Limited,HCL Technologies UK Limited,HCL Technologies UK Limited,Hippo Digital Ltd,i3Works Ltd,i3Works Ltd,Interprofis Ltd,Interprofis Ltd,Interprofis Ltd,Kainos Software Limited,Kainos Software Limited,Kainos Software Limited,Kainos Software Limited,Mason Advisory Limited,Mason Advisory Limited,Mason Advisory Limited,Mastek UK Limited,Mastek UK Limited,Mastek UK Limited,Mastek UK Limited,Methods Business and Digital Technology Limited,Methods Business and Digital Technology Limited,Methods Business and Digital Technology Limited,Methods Business and Digital Technology Limited,Moorhouse Consulting,Moorhouse Consulting,Moorhouse Consulting,Netcompany UK Ltd,Notbinary Limited,Notbinary Limited,Notbinary Limited,Notbinary Limited,Objectivity Limited,Objectivity Limited,Objectivity Limited,Objectivity Limited,Opencast Software,Osmani Consulting Ltd,Osmani Consulting Ltd,PA CONSULTING SERVICES LTD,PA CONSULTING SERVICES LTD,PA CONSULTING SERVICES LTD,PA CONSULTING SERVICES LTD,Go Pivotal (UK) Limited,Go Pivotal (UK) Limited,Purely Digital Services Ltd,Purely Digital Services Ltd,Purely Digital Services Ltd,Purely Digital Services Ltd,PricewaterhouseCoopers Consulting Services UK,PricewaterhouseCoopers Consulting Services UK,SATIGO Ltd,SATIGO Ltd,SATIGO Ltd,SATIGO Ltd,Scott Logic Ltd,Scott Logic Ltd,Tata Consultancy Services Limited,Tata Consultancy Services Limited,Tata Consultancy Services Limited,Tata Consultancy Services Limited,Tolomy Ltd,Triad Group PLC,Triad Group PLC,UKCloud Ltd,UKCloud Ltd,UKCloud Ltd,UKCloud Ltd,Baringa Partners LLP,Baringa Partners LLP,Baringa Partners LLP,Baringa Partners LLP,Amethyst Risk Management Limited,Capgemini UK Plc,The DMW Group Limited,Ernst &amp; Young Limited,Foundation SP Limited,Gemserv Limited,Glue Reply Limited,Hartley McMaster Limited,Informed Solutions Limited,Hippo Digital Limited,Mahsy Ltd,MASS Limited,Netsells Limited,NIIT Technologies Limited,Opencast Software Europe Limited,Q5 Partners LLP,Risual Limited,Softwire Technology Limited,Tessella Limited,Spinwell Global Limited,Valtech Limited,Version 1 Limited,Zuhlke Engineering Ltd,Amethyst Risk Management Limited,Amethyst Risk Management Limited,Amethyst Risk Management Limited,Capgemini UK Plc,Capgemini UK Plc,Capgemini UK Plc,The DMW Group Limited,The DMW Group Limited,The DMW Group Limited,Ernst &amp; Young Limited,Ernst &amp; Young Limited,Ernst &amp; Young Limited,Foundation SP Limited,Foundation SP Limited,Foundation SP Limited,Glue Reply Limited,Hippo Digital Limited,Informed Solutions Limited,Gemserv Limited,Glue Reply Limited,Hippo Digital Limited,Gemserv Limited,Glue Reply Limited,Informed Solutions Limited,Mahsy Ltd,MASS Limited,MASS Limited,Mahsy Ltd,MASS Limited,MSC Digital Limited,MSC Digital Limited,NIIT Technologies Limited,NIIT Technologies Limited,NIIT Technologies Limited,ThoughtWorks Ltd,ThoughtWorks Ltd,ThoughtWorks Ltd,ThoughtWorks Ltd,Risual Limited,Risual Limited,Risual Limited,Softwire Technology Limited,Softwire Technology Limited,Spinwell Global Limited,Spinwell Global Limited,Spinwell Global Limited,Tessella Limited,Tessella Limited,Valtech Limited,Version 1 Limited,Zuhlke Engineering Ltd,Valtech Limited,Version 1 Limited,Zuhlke Engineering Ltd,Valtech Limited,Version 1 Limited,Zuhlke Engineering Ltd,Netsells Limited,The Data Place Limited",4000000.0,4000000.0,0.0,2020-03-27T00:00:00Z,2024-03-26T00:00:00Z,72000000,"
            MT219357","This Dynamic Purchasing System (DPS) will support the Ofgem DDaT team to develop and expand its capabilities with a strategic architecture function, including enterprise, solutions, cyber security and data specialists to support the increasing pace of technological change, and Ofgem and Industry initiatives supporting and enabling the transformation of the energy sector aligned with the HMG Industrial Strategy.  This also includes supporting the delivery of data platforms and front-end digital services, and embedding data and digital capabilities within the organisation in discrete teams to de",https://www.contractsfinder.service.gov.uk/Notice/28e8eeab-85db-4ff9-af29-4739fc7b6019,196
Cognizant,True,2018,2018-07-30T00:00:00+01:00,2020-02-07T13:27:20Z,Home Office,HMPO DOS 6329 Digital Developers team,Cognizant Technology Solutions UK Limited,4800000.0,4800000.0,4800000.0,2018-07-30T00:00:00+01:00,2020-07-29T00:00:00+01:00,72212517,CF-0099600D58000000L5A4EAK1,Digtial Developers for HMPO projects and transition services,https://www.contractsfinder.service.gov.uk/Notice/eca134cb-0520-4020-82a7-7d6588571b99,1
Cognizant,True,2019,2019-10-29T00:00:00Z,2020-01-16T00:00:00Z,Bank of England,"Development, Data, Analytics and Modelling and Early Career Engagement Framework Tender","The DMW Group Limited,NIIT Technologies Ltd,QA Limited,Capita Business Services Limited,Civica UK Limited,Cognizant Worldwide Limited",25400000.0,22000000.0,0.0,2019-07-15T00:00:00+01:00,2023-07-14T00:00:00+01:00,72000000,BOE001-DN374762-53347945,"The Bank wishes to set up a multi-lot, multi-supplier Development, Data, Analytics and Modelling and Early Career Engagement framework agreement with suppliers for the provision of services to support the various functions of the Bank's Technology Directorate, in particular the Data, Analytics and Modelling Domain in its remit to provide technical expertise at the Bank. The Bank anticipates that the suppliers will provide deliverable based, fixed-price work alongside other professional services on-site at the Bank's various premises as well as off-site.
The detailed Lot structure is set out i",https://www.contractsfinder.service.gov.uk/Notice/7c610e92-2d5a-43de-9162-6b430116772d,6
Cognizant,True,2021,2021-03-31T00:00:00+01:00,2021-06-10T14:20:13+01:00,British Business Bank,"GB-London,: Cognizant Worldwide Ltd",Cognizant Worldwide Ltd,120000.0,120000.0,0.0,2021-04-01T00:00:00+01:00,2022-03-31T00:00:00+01:00,72000000,BIP601439352,Provision of technical consultancy services - 'Design & Development Consultancy: Business Intelligence (BI) - Tester',https://www.contractsfinder.service.gov.uk/Notice/7831f922-ab33-421b-9542-fe207f86d033,1
Cognizant,True,2021,2021-02-10T00:00:00Z,2021-03-03T17:45:08Z,Ofgem,Digital Resource Pool Framework,"Aryaa Associates,Baringa Partners LLP,Baringa Partners LLP,PwC,PwC,Ernst &amp; Young,Ernst &amp; Young,Cognizant Worldwide Limited,Cognizant Worldwide Limited,Cognizant Worldwide Limited,Cognizant Worldwide Limited,Cognizant Worldwide Limited,Cognizant Worldwide Limited,Exception Limited,Exception Limited,Netcompany UK Ltd,Frazer-Nash Consultancy,SERT,BearingPoint,BearingPoint,BearingPoint,BearingPoint,Triad Group PLC,Triad Group PLC,Tata Consultancy Services,Tata Consultancy Services,Tata Consultancy Services,Tata Consultancy Services,Tata Consultancy Services,Capgemini,Capgemini,Capgemini,Capgemini,Capgemini,Version 1,Version 1,Version 1,Version 1,Version 1,TECKNUOVO LTD,TECKNUOVO LTD,TECKNUOVO LTD,6point6 Ltd,6point6 Ltd,6point6 Ltd,6point6 Ltd,6point6 Ltd,Deloitte LLP,Deloitte LLP,Deloitte LLP,Deloitte LLP,Deloitte LLP,DMW Group,Automation Logic Limited",30000000.0,30000000.0,0.0,2021-02-10T00:00:00Z,2022-11-15T00:00:00Z,72000000,MT222133,"The Authority is seeking to implement a framework for the provision of resource to respond to urgent  request to complete projects , develop and deploy regulatory changes, resolve system failures and deliver continuous improvement initiatives.This Framework will provide Ofgem with strategic digital resourcing partners who will provide specialists with in depth skillset for the lots for which they are awarded.",https://www.contractsfinder.service.gov.uk/Notice/da91d7e4-d44d-4602-adcf-3228f85ef005,54
Cognizant,True,2021,2021-01-15T00:00:00Z,2021-02-11T16:14:20Z,Crown Commercial Service,Digital Capability for Health,"ACCENTURE (UK) LIMITED,AIRE LOGIC LIMITED,BJSS Limited,CAPITA BUSINESS SERVICES,COGNIZANT WORLDWIDE LIMITED,HIPPO DIGITAL LIMITED,IBM UNITED KINGDOM LIMITED,INFINITY WORKS CONSULTING LIMITED,INFORMED SOLUTIONS LIMITED,KAINOS SOFTWARE LIMITED,MASTEK (UK) LTD.,NETCOMPANY UK LIMITED",800000000.0,800000000.0,0.0,2021-01-18T00:00:00Z,2025-07-17T00:00:00+01:00,72000000,RM6221,"Crown Commercial Service (CCS) as the Authority put in place a Collaborative Agreement for use by NHS Digital and other public sector health and social care bodies for the provision of digital outcomes and supporting services. The scope of the Agreement covers the following:

DevOps Services
Digital Definition Services
Build and Transition Services
End-to-End Development Services
Data Management (and Similar) Services",https://www.contractsfinder.service.gov.uk/Notice/a9899b08-d48d-46e1-89fa-09886c9c311f,12
Cognizant,True,2021,2021-03-22T00:00:00Z,2021-06-02T14:07:23+01:00,SOCIAL WORK ENGLAND,SWE Digital Services - Continued Development,Cognizant Worldwide Limited,3892386.5,0.0,3892386.5,2021-03-22T00:00:00Z,2023-03-21T00:00:00Z,72222300,SWE00344,"Every day, social workers support millions of people to improve their chances in life. Social Work England is a specialist body taking a new approach to regulating social workers in their vital roles. We believe in the power of collaboration and share a common goal with those we regulate - to protect the public, enable positive change and ultimately improve people's lives.

Social Work England was established under The Children and Social Work Act 2017 to be a new single-profession regulator for social workers in England. We are a Non-Departmental Public Body (NDPB), operating at arm's lengt",https://www.contractsfinder.service.gov.uk/Notice/f01ea33a-eba5-4926-b3a6-1183391f01c4,1
Cognizant,True,2021,2021-04-14T00:00:00+01:00,2021-04-14T15:14:14+01:00,Crown Commercial Service,Provision of Scale Deliver Partner,Cognizant Worldwide Limited,1130923.8,1130923.8,0.0,2021-01-14T00:00:00Z,2021-10-12T00:00:00+01:00,15894500 72263000,CCZN20A05.,"The Crown Commercial Service (CCS) is seeking a Delivery Partner, to provide digital delivery within the Transformation programme, the solution known as ""Scale"". The ambition of Scale is to implement a new scalable digital service that facilitates the man",https://www.contractsfinder.service.gov.uk/Notice/1c6bf8be-f109-4bf8-a85d-84bfdafe8aad,1
Cognizant,True,2021,2021-09-30T00:00:00+01:00,2021-12-14T13:25:03Z,British Business Bank,"GB-Sheffield,: COVID &amp; JADE Design and Development BI",Cognizant Worldwide Ltd,152400.0,152400.0,0.0,2021-10-01T00:00:00+01:00,2022-09-30T00:00:00+01:00,72000000,BIP638324204,Design and development services for ongoing BI projects across the Bank's COVID and JADE Programmes.,https://www.contractsfinder.service.gov.uk/Notice/4f99280e-137f-4f91-a068-706f60a7fe53,1
Cognizant,True,2021,2021-10-15T00:00:00+01:00,2021-12-14T13:20:03Z,British Business Bank,"GB-Sheffield,: BI Data DIOR Development",Cognizant Worldwide Ltd,121500.0,121500.0,0.0,2021-10-18T00:00:00+01:00,2022-09-30T00:00:00+01:00,72000000,BIP647434280,"ITSolDel - C1412
      Development services for ongoing BI projects across the Bank's Data DIOR programme.",https://www.contractsfinder.service.gov.uk/Notice/c93d20df-ffc9-4d0f-9d17-a755ed4b78d4,1
Cognizant,True,2021,2021-09-30T00:00:00+01:00,2021-12-14T13:15:06Z,British Business Bank,"GB-Sheffield,: BI Service Delivery - BAU Support",Cognizant Worldwide Ltd,408240.0,408240.0,0.0,2021-10-01T00:00:00+01:00,2023-03-31T00:00:00+01:00,72000000,BIP647426102,"ITServDel - C1432
      BAU support, maintenance and application change services on an ongoing basis.",https://www.contractsfinder.service.gov.uk/Notice/554a5d14-4858-4ae6-a58e-12a27bf23052,1
Cognizant,True,2021,2021-10-01T00:00:00+01:00,2021-12-01T13:45:06Z,British Business Bank,"GB-Sheffield,: Dynamics 365 CRM - Support",Cognizant Worldwide Ltd,202230.0,202230.0,0.0,2021-10-04T00:00:00+01:00,2023-03-31T00:00:00+01:00,72000000,BIP647480880,"ITSolDel - C1396
      Maintenance and support services relating to Microsoft Dynamics 365 CRM system",https://www.contractsfinder.service.gov.uk/Notice/0a409454-60ea-4330-9070-970d1306545c,1
Cognizant,True,2021,2021-09-01T00:00:00+01:00,2021-10-29T10:29:54+01:00,Ministry of Justice,HMCTS CFT Programme Family Jurisdiction,Cognizant Worldwide Limited,5500000.0,5500000.0,0.0,2021-09-30T00:00:00+01:00,2023-09-29T00:00:00+01:00,72000000,tender_272548/1009785,"The CFT Programme is progressing a new commercial model of moving from rainbow teams to utilising one supplier per Jurisdiction on a managed service basis. This approach is consistent across the Programme and designed to deliver the outcomes required for successful delivery of the Programme into live services.

HMCTS are seeking a managed service supplier to ensure that high quality digital services are developed and made Live for the Family jurisdiction that are simple, easy to use and meet the government service standard. The supplier will be responsible for delivering the outcomes as spec",https://www.contractsfinder.service.gov.uk/Notice/4324853a-16b0-474e-9ded-dc7be6fbcf1d,1
Cognizant,True,2021,2021-09-30T00:00:00+01:00,2021-10-13T09:10:37+01:00,British Business Bank,"GB-Sheffield,: Junior Salesforce Developer Services",Cognizant Worldwide Ltd,196560.0,196560.0,0.0,2021-10-01T00:00:00+01:00,2023-03-31T00:00:00+01:00,72000000,BIP633420714,"Professional services - including functional, technical and DevOps expertise of Salesforce.",https://www.contractsfinder.service.gov.uk/Notice/8e83d313-02a2-4ed0-a34c-6cfeef1e7478,1
Cognizant,True,2021,2021-09-30T00:00:00+01:00,2021-10-13T09:10:30+01:00,British Business Bank,"GB-Sheffield,: Senior Salesforce Developer Services",Cognizant Worldwide Ltd,203920.0,203920.0,0.0,2021-10-01T00:00:00+01:00,2023-03-31T00:00:00+01:00,72000000,BIP633381214,"Professional services linked to Salesforce - including functional, technical and DevOps expertise.",https://www.contractsfinder.service.gov.uk/Notice/a6ea6d8e-947d-47ad-bf3e-fef669da9401,1
Cognizant,True,2021,2021-10-01T00:00:00+01:00,2021-10-13T09:10:13+01:00,British Business Bank,"GB-Sheffield,: GWS Solution Architect",Cognizant Worldwide Ltd,189750.0,189750.0,0.0,2021-10-04T00:00:00+01:00,2022-09-30T00:00:00+01:00,72000000,BIP633140231,"Professional services for provision of solution and architecture support for the on-going development and enhancements
      on the Buyer's Guarantee's Portal",https://www.contractsfinder.service.gov.uk/Notice/048c916f-0986-4d1a-a5cd-9ff4480e6e3e,1
Cognizant,True,2021,2021-09-03T00:00:00+01:00,2021-10-13T09:10:10+01:00,British Business Bank,GB-Sheffield: BI Data DIOR Design and Development,Cognizant Worldwide Ltd,327600.0,327600.0,0.0,2021-09-06T00:00:00+01:00,2022-09-30T00:00:00+01:00,72000000,BIP633122169,Professional services to support the on-going development and enhancements to BI Platform as part of the Data DIOR Programme,https://www.contractsfinder.service.gov.uk/Notice/84d0c091-390e-4a16-8c0a-ed5af0925790,1
Cognizant,True,2021,2021-09-29T00:00:00+01:00,2021-10-13T09:10:07+01:00,British Business Bank,"GB-Sheffield,: Senior Core Platform Solution Lead",Cognizant Worldwide Ltd,216216.0,216216.0,0.0,2021-10-01T00:00:00+01:00,2023-03-31T00:00:00+01:00,72000000,BIP633188152,"Professional services - Biztalk implementation including functional, technical and DevOps expertise.",https://www.contractsfinder.service.gov.uk/Notice/7233a406-4f53-454e-a1d4-90361bc131da,1
Cognizant,True,2021,2021-09-13T00:00:00+01:00,2021-10-13T09:10:03+01:00,British Business Bank,"GB-Sheffield,: Dynamics 365 CRM - Design &amp; Development Consultancy",Cognizant Worldwide Ltd,233000.0,233000.0,0.0,2021-09-15T00:00:00+01:00,2023-03-31T00:00:00+01:00,72000000,BIP633193659,Supporting the design and development of the Microsoft Dynamics 365 CRM system,https://www.contractsfinder.service.gov.uk/Notice/9f38eb90-68cf-46f4-95ee-a3c1a8056051,1
Cognizant,True,2021,2021-06-07T00:00:00+01:00,2021-09-13T15:05:03+01:00,Financial Conduct Authority,GB-London: CON-21-035 Application Development &amp; Application Test,Cognizant Worldwide Limited,31588431.0,31588431.0,0.0,2021-06-10T00:00:00+01:00,2022-12-09T00:00:00Z,72000000,BIP620299650,Provision for Application Development and Test Services.,https://www.contractsfinder.service.gov.uk/Notice/ea880b51-fb35-40ce-9b4b-7ab131d474f6,1
Cognizant,True,2021,2021-08-19T00:00:00+01:00,2021-08-24T11:28:18+01:00,Department of Health and Social Care,Certification Programme - Covid Pass - Service Design and Product Owners,Cognizant Worldwide Limited,1150850.0,1150850.0,1150850.0,2021-08-13T00:00:00+01:00,2022-02-13T00:00:00Z,72000000,CF-0320200D0O000000rwimUAA2,"The UK has an opportunity to lead the world in utilising the COVID-19 vaccine to start to get our economy moving again. International travel had been and must again be a significant part of the UK economy.

Much work on the Covid Certification programme has been delivered. As the programme moves into the next phase of the development, the requirements will be primarily focused on the end user experience. 

The supplier resource will need to define and co-ordinate the user research / insight approach that informs product iteration for the programme.

The supplier will be providing expert ",https://www.contractsfinder.service.gov.uk/Notice/68ae37d2-ee97-4656-baa1-89195cc7fcfe,1
Cognizant,True,2021,2021-06-09T00:00:00+01:00,2021-08-09T16:46:11+01:00,H M Revenue &amp; Customs,TSP Phase 2 Digital Apps CMDG Pega 2020,COGNIZANT WORLDWIDE LIMITED,90000000.0,0.0,90000000.0,2021-07-26T00:00:00+01:00,2024-07-26T00:00:00+01:00,72000000,SR383276968,"To deliver and provide technical delivery and operational support for project initiatives and provide broad technology expertise across the CMDG PEGA Technology Stack. Required expertise to enable the Case Management Delivery Group to service the expected Workflow Management business requirements across HMRC.

Required specialists in PEGA Technologies to assist with the projected development projects and ongoing support. 

The majority of the projected outcome based work will be BUILD related activities funded through relevant business projects.",https://www.contractsfinder.service.gov.uk/Notice/7fd0d258-9b7d-42f2-950e-1b265f069636,1
Cognizant,True,2021,2021-06-09T00:00:00+01:00,2021-08-05T14:31:38+01:00,H M Revenue &amp; Customs,TSP Phase 2 Digital Apps CMDG Multi-Tech,COGNIZANT WORLDWIDE LIMITED,60000000.0,0.0,60000000.0,2021-07-26T00:00:00+01:00,2024-07-26T00:00:00+01:00,72000000,SR383830065,To deliver and provide technical delivery and operational support for project initiatives and provide broad technology expertise across the wider CMDG technology stack outside of our Pega and Documentum technologies,https://www.contractsfinder.service.gov.uk/Notice/9032d381-ab0e-42fb-8067-6e232372abe5,1
Cognizant,True,2021,2021-06-01T00:00:00+01:00,2021-06-18T11:58:04+01:00,Hm Land Registry,"Digital Services Capability Partner - IT Operations Capability Partner (RM1043.6, lot 1)",COGNIZANT WORLDWIDE LIMITED,6500000.0,6500000.0,0.0,2021-06-01T00:00:00+01:00,2023-05-31T00:00:00+01:00,72000000,HMLR700425,"Digital Services Capability Partner - IT Operations Capability Partner. CCS - Digital Outcomes & Specialists 4, RM1043.6, lot 1 (Digital Outcomes)",https://www.contractsfinder.service.gov.uk/Notice/ae4279ad-7b48-4713-8e80-4ea36ff64bce,1
Cognizant,True,2021,2021-01-15T00:00:00Z,2021-07-20T09:29:51+01:00,ATAMIS LTD,HMPO Digital Developers Team,Cognizant Technology Solutions UK Limited,1500000.0,1500000.0,1500000.0,2021-02-01T00:00:00Z,2022-01-31T00:00:00Z,72000000,CF-0176100D58000000L5A4EAK1,"Contract award for supplier to provide Digital Developers for HMPO projects and transition services including proof of concept, product evaluation and fitment.",https://www.contractsfinder.service.gov.uk/Notice/387a17ab-c6cd-414c-89e1-c82440907553,1
Cognizant,True,2021,2021-06-22T00:00:00+01:00,2021-07-08T09:01:56+01:00,NHS Digital,ServiceNow Implementation Partner,Cognizant Worldwide Limited,10000000.0,1335092.0,10000000.0,2021-06-07T00:00:00+01:00,2023-06-06T00:00:00+01:00,72000000,CF-0236900D0O000000rwimUAA2,"Contract for a strategic implementation partner for NHS Digital's ServiceNow IT service desk tool.

Call-off contract from Technology Services 2 framework (RM3804)",https://www.contractsfinder.service.gov.uk/Notice/3e636d16-4882-4cd5-9fa8-4dbf286ac399,1
Cognizant,True,2021,2021-06-01T00:00:00+01:00,2021-07-06T14:10:09+01:00,Financial Conduct Authority,GB-London: CON-21-118 - DMT Hypercare,Cognizant,447915.0,447915.0,0.0,2021-06-02T00:00:00+01:00,2021-10-31T00:00:00+01:00,72261000,BIP608234439,"The provision of up to 20 SharePoint SME's to provide DevOps EUC with an enhanced capacity to manage business user support activities that are anticipated resulting from the roll-out and deployment of the DMT SharePoint application to the FCA business users.
      Knowledge transfer to the business' nominated Super Users (approximately 40) to ensure they are competent to manage and
      configure their business environments on an ongoing basis.",https://www.contractsfinder.service.gov.uk/Notice/64f74e80-3798-40e3-8c22-9c7bdea852a5,1
Cognizant,True,2021,2021-04-23T00:00:00+01:00,2021-05-12T14:55:04+01:00,Valuation Office Agency,VOA BST Programme - Main Delivery Partner,COGNIZANT WORLDWIDE LIMITED,8000000.0,8000000.0,0.0,2021-04-26T00:00:00+01:00,2023-04-25T00:00:00+01:00,72000000,ITP1525 - SR560570642,"Please note that this contract has already been awarded and that this contract is being published for transparency purposes only. 

VOA BST Programme - Main Delivery Partner 

Call Off from Crown Commercial Services 

Digital Outcomes & Specialists 4 (DOS 4) Framework Agreement RM1043.6)


This contract is for the provision of 
VOA BST Programme - Main Delivery Partner",https://www.contractsfinder.service.gov.uk/Notice/00b2ef36-960a-42a5-ad23-7b4eb33d44ce,1
Cognizant,True,2021,2021-03-31T00:00:00+01:00,2021-06-10T14:00:03+01:00,British Business Bank,"GB-Sheffield,: BI Design &amp; Development (Roadmap Delivery)",Cognizant Worldwide Ltd,120000.0,120000.0,0.0,2021-04-01T00:00:00+01:00,2022-03-31T00:00:00+01:00,72000000,BIP601415542,Provision of technical consultancy services - BI Developer,https://www.contractsfinder.service.gov.uk/Notice/4ff475e3-8409-4002-a176-099952b680f2,1
Cognizant,True,2021,2021-03-31T00:00:00+01:00,2021-06-10T12:35:03+01:00,British Business Bank,"GB-Sheffield,: Salesforce Support - Atlas",Cognizant Worldwide Ltd,108000.0,108000.0,0.0,2021-04-01T00:00:00+01:00,2022-03-31T00:00:00+01:00,72000000,BIP601370306,"supply of flexible Supplier
      Staff, to help the Buyer with the provision of IT Support and
      associated projects",https://www.contractsfinder.service.gov.uk/Notice/522ad29f-62a5-4942-b2bd-6bb6c4cccde2,1
Cognizant,True,2021,2021-06-04T00:00:00+01:00,2021-06-09T16:50:45+01:00,Department for Education,"Technical, data and digital capability to develop services for DfE Capital and construction projects",Cognizant Worldwide Ltd,2000000.0,2000000.0,2000000.0,2021-06-04T00:00:00+01:00,2023-06-02T00:00:00+01:00,72000000,tender_264691/970774,"A technical, digital and data services partner to work alongside DFE to deliver services and joined-up data for construction needs including school building and bid-based funding programmes. The supplier will work with DfE using 'configure first' Microsoft stack technologies to deliver seamless data connectivity between systems.",https://www.contractsfinder.service.gov.uk/Notice/eecf33dd-54ff-4094-b98d-3e033c858411,1
Cognizant,True,2019,2019-05-13T00:00:00+01:00,2021-05-21T13:13:46+01:00,Department for Work and Pensions,Customer Notifications,Cognizant Worldwide,330000.0,330000.0,0.0,2019-06-11T00:00:00+01:00,2021-06-11T00:00:00+01:00,72000000,tender_215165/964473,Transition & Transformation Services,https://www.contractsfinder.service.gov.uk/Notice/b6d505df-b5a2-488b-adea-b698fc04b7be,1
Cognizant,True,2021,2021-05-17T00:00:00+01:00,2021-05-21T12:47:46+01:00,Department for Work and Pensions,Customer Noticifactions Phase 2,Cognizant Worldwide LTD,546000.0,546000.0,0.0,2019-06-11T00:00:00+01:00,2021-06-11T00:00:00+01:00,72000000,tender_215165/964454,Transformation & Transistion Services,https://www.contractsfinder.service.gov.uk/Notice/6f68f535-9c48-4aa8-84c9-203383b896b1,1
Cognizant,True,2021,2021-05-18T00:00:00+01:00,2021-05-18T15:22:16+01:00,Financial Ombudsman Service,Creating a New Intranet in SharePoint Online,Cognizant Worldwide Limited,368000.0,368000.0,0.0,2021-05-18T00:00:00+01:00,2021-12-31T00:00:00Z,72212200,tender_264625/962885,Replacing our existing intranet with a modern intranet built on Microsoft's SharePoint Online,https://www.contractsfinder.service.gov.uk/Notice/765e76d7-f66a-41e8-88c5-f2fa5bf04854,1
Cognizant,True,2020,2020-12-01T00:00:00Z,2021-05-06T09:13:29+01:00,Department for Work and Pensions,Notifications Service - Cloud Based Support,Cognizant Worldwide Limited,3000000.0,3000000.0,0.0,2020-12-01T00:00:00Z,2022-11-30T00:00:00Z,72600000,tender_252842/959045,Notifications Service - Cloud Based Support,https://www.contractsfinder.service.gov.uk/Notice/426cb1fc-6a54-4707-ba63-0335e9c25c09,1
Cognizant,True,2021,2021-02-24T00:00:00Z,2021-03-29T14:45:03+01:00,Financial Conduct Authority,GB-London: CON-21-017 Nexus Fees Support Solution,Cognizant,723330.0,723330.0,0.0,2021-04-06T00:00:00+01:00,2021-12-31T00:00:00Z,72261000,BIP582481527,"The provision of a support service for the developed Fees Data Repository solution 
      The Fee Data Repository is the FCA's bespoke product to manage the Fee Block allocation and Tariff Data validation processes.  
      The Supplier will support the FCA and provide resources to support the implementation of backlog deliverables and operational activities for the Fee Data Repository application.",https://www.contractsfinder.service.gov.uk/Notice/d02d015a-b381-4d34-86f0-cb0028932138,1
Cognizant,True,2020,2020-02-05T00:00:00Z,2021-03-11T14:00:22Z,H M Revenue &amp; Customs,DPS Data Reporting Dashboarding Requirements (Emerging Technologies),COGNIZANT WORLDWIDE LIMITED,1000000.0,1000000.0,0.0,2021-03-01T00:00:00Z,2022-06-30T00:00:00+01:00,72300000,SR513255538,"Provision of Data Reporting Dashboarding expertise to simplify, consolidate and transform HMRC's large and complex legacy Data Analytics estate acknowledging emerging technologies.",https://www.contractsfinder.service.gov.uk/Notice/a524119e-b21a-4b9d-8f59-26d9aba2f238,1
Cognizant,True,2021,2021-02-05T00:00:00Z,2021-03-11T13:41:00Z,H M Revenue &amp; Customs,DPS Data Acquisition Preparation &amp; Management (Emerging Technologies),COGNIZANT WORLDWIDE LIMITED,3000000.0,3000000.0,0.0,2021-03-01T00:00:00Z,2022-06-30T00:00:00+01:00,72300000,SR512710775,"Provision of Data Acquisition, Preparation and Management expertise to simplify, consolidate and transform HMRC's large and complex legacy Data Analytics estate acknowledging emerging technologies.",https://www.contractsfinder.service.gov.uk/Notice/ec09f5ee-96c5-470f-96c3-66d42e411304,1
Cognizant,True,2020,2020-09-21T00:00:00+01:00,2021-03-09T11:26:49Z,Crown Commercial Service,Scale Component Delivery Partner,COGNIZANT WORLDWIDE LIMITED,1462500.0,1462500.0,0.0,2020-10-30T00:00:00Z,2021-10-29T00:00:00+01:00,72200000,CCSO19A93-1,"Provision of a partner to deliver the technology components of the Scale project.
This is an extension to an existing contract being published for transparency purposes.
A contract value uplift has been agreed which is in accordance to the Public Contract Regulations 72 (c).",https://www.contractsfinder.service.gov.uk/Notice/0ad8f440-3fdf-4870-ae4f-8c3b1b86816d,1
Cognizant,True,2020,2020-12-07T00:00:00Z,2021-01-29T18:40:02Z,British Business Bank,GB-Sheffield: EFG Database Enhancements,Cognizant Worldwide Limited,121200.0,121200.0,0.0,2020-12-21T00:00:00Z,2021-03-31T00:00:00+01:00,72600000,BIP565499355,Business Intelligence (BI) EFG SQL Database Enhancements,https://www.contractsfinder.service.gov.uk/Notice/88c2b790-5257-4b84-8fd4-38c96608fb4b,1
Cognizant,True,2021,2021-01-04T00:00:00Z,2021-01-13T14:45:13Z,Start Up Loans Company,GB-London: Contract to provide Junior Salesforce Developer services,Cognizant Worldwide Limited,131040.0,131040.0,0.0,2021-01-18T00:00:00Z,2021-09-30T00:00:00+01:00,72212215,BIP560253036,Contract to provide Junior Salesforce Developer services to Start Up Loans Company (part of British Business Bank),https://www.contractsfinder.service.gov.uk/Notice/23341a6f-286f-408d-bd5f-d4c3c18c2716,1
Cognizant,True,2022,2022-03-31T00:00:00+01:00,2022-11-11T11:37:01Z,Cognizant Worldwide Ltd,DHSC: Workplace Transformation - DHSC Projects Delivery Partner (FY21-22),COGNIZANT WORLDWIDE LIMITED,3000000.0,1030745.0,1030745.0,2022-02-08T00:00:00Z,2023-02-08T00:00:00Z,72000000,CF-0765300D0O000000rwimUAA,"Three significant programmes - movement of staff to UKHSA, movement of PHE staff and on-boarding of a new IT service partner.",https://www.contractsfinder.service.gov.uk/Notice/2a173c16-37b9-49b0-abd1-4dbb39ed95f3,1
Cognizant,True,2022,2022-11-24T00:00:00Z,2022-12-30T13:40:40Z,Home Office,Proc766 CSDP Interim Contract,Cognizant Technology Solutions UK Limited,3200000.0,3200000.0,3200000.0,2022-12-01T00:00:00Z,2023-05-30T00:00:00+01:00,72212781,CF-0292100D58000000L5A4EAK,"For provision of Level 3 support for the Person Centric Data Platform Support (PCDP) to ensure 
continued live services, continued development and testing and Level 3 24/7x365 support.",https://www.contractsfinder.service.gov.uk/Notice/f0c7a404-6c75-409c-bda4-1cd7b12fc224,1
Cognizant,True,2022,2022-11-30T00:00:00Z,2022-12-23T10:35:03Z,British Business Bank,GB-Sheffield: BI Platform Scrum Master,Cognizant Worldwide Ltd,28140.0,28140.0,0.0,2022-12-01T00:00:00Z,2023-03-31T00:00:00+01:00,72600000 72610000,BIP746158093,Provision of professional services to provide agile Scrum Master services for projects across the buyers BI Platform,https://www.contractsfinder.service.gov.uk/Notice/167d0f0f-e912-4234-82b7-cf235225e4d8,1
Cognizant,True,2022,2022-08-01T00:00:00+01:00,2022-12-19T16:48:04Z,Department for Work and Pensions,Customer Notifications Phase 3,Cognizant,246960.0,246960.0,246960.0,2020-09-01T00:00:00+01:00,2020-12-31T00:00:00Z,72590000,tender_215165/1055671,Professional Services to support the Customer Notifications Platform,https://www.contractsfinder.service.gov.uk/Notice/e85b9524-952b-46ce-be58-0639b6a80250,1
Cognizant,True,2022,2022-09-28T00:00:00+01:00,2022-11-28T09:49:22Z,Crown Commercial Service,Provision of Resource for Universal Credit (UC) Service,COGNIZANT TECHNOLOGY SOLUTIONS GLOBAL SERVICES LIMITED,6328200.0,6328200.0,0.0,2022-10-03T00:00:00+01:00,2024-10-02T00:00:00+01:00,72250000,CCBS22A03.,Provision of Resource for Universal Credit (UC) Service.,https://www.contractsfinder.service.gov.uk/Notice/44949a0b-84d3-4ad3-a48c-ca7fdf1ec667,1
Cognizant,True,2022,2022-10-25T00:00:00+01:00,2022-11-23T12:29:42Z,UK Health Security Agency,D&amp;T10592 - Microsoft 365 Adoption,COGNIZANT WORLDWIDE LIMITED,91132.5,60755.0,91132.5,2022-09-26T00:00:00+01:00,2023-03-31T00:00:00+01:00,72222300,CF-1151100D0O000000rwimUAA,D&T10592 - Microsoft 365 Migration Consulting and Implementation Services; adoption; exchange; solution; messaging; design.,https://www.contractsfinder.service.gov.uk/Notice/217ea3db-c518-44e3-af4e-f701b1d028e0,1
Cognizant,True,2022,2022-10-25T00:00:00+01:00,2022-11-08T15:45:03Z,British Business Bank,GB-Sheffield: Web Architecture Test Support,Cognizant Worldwide Ltd,86130.0,86130.0,0.0,2022-11-07T00:00:00Z,2023-03-31T00:00:00+01:00,72413000 72415000,BIP731163786,NOTE: This notice was updated on 21 November 2022 for the following reason: Awarded supplier corrections(Design & Development Consultancy: Tester(s) 22-23 - Web Architecture Test Support. This is a call off from GCloud 12. ITTecDel - C1689),https://www.contractsfinder.service.gov.uk/Notice/e7da98be-11c8-4394-9d62-07783622c4ee,1
Cognizant,True,2022,2022-10-14T00:00:00+01:00,2022-11-10T11:40:03Z,British Business Bank,GB-Sheffield: Dynamics CRM,Cognizant Worldwide Ltd,40950.0,40950.0,0.0,2022-10-17T00:00:00+01:00,2023-03-31T00:00:00+01:00,72600000 72610000,BIP734783565,Design & Development Consultancy: Dynamics CRM. ITTecDel - C1696 Contract Award using G Cloud 12,https://www.contractsfinder.service.gov.uk/Notice/f260d40e-21b5-4538-b3d2-7352ef73b340,1
Cognizant,True,2022,2022-09-30T00:00:00+01:00,2022-11-09T16:20:07Z,British Business Bank,GB-Sheffield: BI Data DIOR Development,Cognizant Worldwide Ltd,495300.0,495300.0,0.0,2022-10-01T00:00:00+01:00,2023-03-31T00:00:00+01:00,72212900,BIP731548110,Provision of professional services to provide services for ETL / Power BI Development to enhancement BI Platform for Data DIOR Programme. ITTecDel - C1687. This is a call off award from GCloud 12,https://www.contractsfinder.service.gov.uk/Notice/0cf594a2-07a5-441a-9315-a6d0c6539d52,1
Cognizant,True,2022,2022-09-13T00:00:00+01:00,2022-10-11T14:32:15+01:00,Highways England,Information Technology Commercial Framework,"1 Spatial Limited,Accenture (UK) Limited,ACTICA CONSULTING LIMITED,AECOM LIMITED,AIRWALK CONSULTING REPLY LTD,AKHTER COMPUTERS LIMITED,AMEY OWR LIMITED,ANGOKA LIMITED,ANMUT CONSULTING LTD,ARCADIS CONSULTING (UK) LIMITED,ASSET INSIGHTS LIMITED,ATKINS LIMITED,ATOS IT SERVICES UK LIMITED,AVANADE UK LIMITED,AXIOLOGIK LIMITED,BAE SYSTEMS APPLIED INTELLIGENCE LIMITED,BJSS LIMITED,BOXXE LIMITED,BRIDEWELL CONSULTING LIMITED,BRIGHTWIRE TECHNOLOGY SERVICES LIMITED,BRITISH TELECOMMUNICATIONS PUBLIC LIMITED COMPANY,BYTES SOFTWARE SERVICES LIMITED,CACI LIMITED,CADENCE INNOVA LTD,CAMPBELL SCIENTIFIC LIMITED,CAPGEMINI UK PLC,CAPITA BUSINESS SERVICES LTD,CERTES IT SERVICE SOLUTIONS LIMITED,CERTUS ADVISORY LTD,CGI IT UK LIMITED,CLEARVIEW INTELLIGENCE LIMITED,COFORGE U.K. LIMITED,COGNIZANT WORLDWIDE LIMITED,COMPUTACENTER (UK) LIMITED,CREDERA LIMITED,CROSS8 LIMITED,CYBER WARE LIMITED,CYBERFORT LIMITED,DAISY CORPORATE SERVICES TRADING LIMITED,DELOITTE LLP,D.W. WINDSOR LIMITED,SWARCO UK &amp; IRELAND LTD,EBENI LIMITED,ROADWORKS INFORMATION LIMITED,ENTSERV UK LIMITED,ENZEN GLOBAL LIMITED,ERNST &amp; YOUNG LIMITED,ESRI (UK) LIMITED,EVOLVE COMMERCIAL LIMITED,EXPERIS LIMITED,FACULTY SCIENCE LIMITED,FRAZER-NASH CONSULTANCY LIMITED,FUJITSU SERVICES LIMITED,GCI NETWORK SOLUTIONS LIMITED,GRANT THORNTON UK LLP,GUTTERIDGE HASKINS &amp; DAVEY LIMITED,HEWLETT - PACKARD LIMITED,HUGHES NETWORK SYSTEMS LIMITED,I3SECURE LIMITED,I3WORKS LTD,IBI GROUP (UK) LIMITED,INCREMENTAL GROUP LIMITED,INSIGHT DIRECT (UK) LTD,INTELLIGENT TRANSFORMATION LIMITED,INVESTIGO LIMITED,JUMAR SOLUTIONS LIMITED,KAINOS SOFTWARE LIMITED,KPMG LLP,L.A. INTERNATIONAL COMPUTER CONSULTANTS LIMITED,LEIDOS INNOVATIONS UK LTD,MARSTON (HOLDINGS) LIMITED,MASON ADVISORY LIMITED,MASTEK (UK) LTD,MCKINSEY &amp; COMPANY, INC. UNITED KINGDOM,MOBILISE CLOUD SERVICES LIMITED,MOTT MACDONALD LIMITED,MOZAIC-SERVICES LTD,NCC GROUP SECURITY SERVICES LIMITED,NETCOMPANY UK LIMITED,NETWORK UTILITIES (SYSTEMS) LIMITED,NICANDER LTD,Full name of the relevant organisation   NIRA Dynamics AB,NOMENSA LTD,NORTH HIGHLAND UK LIMITED,ONWAVE UK LIMITED,OVE ARUP &amp; PARTNERS LIMITED,P. DUCKER SYSTEMS LIMITED,PA CONSULTING SERVICES LIMITED,PALANTIR TECHNOLOGIES UK, LTD.,PARICO LIMITED,PEGASYSTEMS LIMITED,PRICEWATERHOUSECOOPERS LEGAL LLP,PROVENTION LIMITED,ROWE IT LIMITED,SHIFT LEFT GROUP LIMITED,YUNEX LIMITED,SOFTCAT PLC,SOPRA STERIA LIMITED,SPECIALIST COMPUTER CENTRES PLC,STONE TECHNOLOGIES LIMITED,SWECO UK LIMITED,TATA CONSULTANCY SERVICES LIMITED,TELENT TECHNOLOGY SERVICES LIMITED,GREEN CLOUD IT LTD,FUTUREGOV. LTD,TRACSIS TRAFFIC DATA LIMITED,TRG-UK LTD,TRIAD GROUP PLC,TRL LIMITED,TURNER &amp; TOWNSEND CONSULTING LIMITED,VERSION 1 SOLUTIONS LIMITED,VISUAL MEANING LIMITED,VODAFONE LIMITED,WIPRO LIMITED,WSP UK LIMITED,XEROX (UK) LIMITED,XMA LIMITED,YOTTA LIMITED",1000000000.0,1000000000.0,0.0,2022-09-13T00:00:00+01:00,2026-09-12T00:00:00+01:00,72222300,tender_282557/1110062,"The purpose of this Contract Award Notice is to publish information in relation to the  the award of the IT Commercial Framework for National Highways Limited  in accordance with Regulation 112 of the Public Contract Regulations 2015 (as amended).

The ITCF will be the primary commercial vehicle to support the delivery of the National Highways RIS2 (and beyond) Digital Services and Technology pipeline and to meet the strategic aims of National Highways. The framework award is to 119 suppliers to purchase Goods and Services for Digital Services and technology across 18 lots which are:

Lot ",https://www.contractsfinder.service.gov.uk/Notice/6af7a4b5-489d-4e39-8ee0-bc7969ea995c,120
Cognizant,True,2022,2022-09-30T00:00:00+01:00,2022-10-11T11:05:03+01:00,British Business Bank,GB-Sheffield: GWS Solution Architect,Cognizant Worldwide Ltd,275250.0,275250.0,0.0,2022-10-01T00:00:00+01:00,2024-03-31T00:00:00Z,72212222 72413000,BIP726467646,"ITTecDel - C1677 - Solution and architecture support for the on-going development and enhancements
      on the Buyer's Guarantee's Portal. this is a call of contract utilising G-Cloud",https://www.contractsfinder.service.gov.uk/Notice/11ed2b92-373a-43a6-a327-bb88cb8ff807,1
Cognizant,True,2022,2022-09-30T00:00:00+01:00,2022-10-11T10:50:03+01:00,British Business Bank,GB-Sheffield: COVID ECL Development,Cognizant Worldwide Ltd,220200.0,220200.0,0.0,2022-10-01T00:00:00+01:00,2024-03-31T00:00:00Z,72514200,BIP726472554,ITTecDel - C1676 - Provision of professional services to provide services for ETL / BI development to enhance the existing ECL and COVID workflows. This is a call off contract utilising G-Cloud,https://www.contractsfinder.service.gov.uk/Notice/ebdc1551-1c17-4ca0-b787-d11636699ee4,1
Cognizant,True,2022,2022-03-31T00:00:00+01:00,2022-10-10T11:04:38+01:00,Crown Commercial Service,Provision of Delivery Partner- Jaggaer Upgrade,Cognizant Worldwide Limited,232500.0,232500.0,0.0,2022-04-01T00:00:00+01:00,2022-06-30T00:00:00+01:00,72300000,CCIT22A04.,Provision of Delivery Partner- Jaggaer Upgrade,https://www.contractsfinder.service.gov.uk/Notice/de48004e-d8f6-43b8-acb8-0651b91a7a73,1
Cognizant,True,2022,2022-08-30T00:00:00+01:00,2022-09-30T15:20:03+01:00,British Business Bank,GB-Sheffield: Web Development Tech Lead,Cognizant Worldwide Ltd,190400.0,190400.0,0.0,2022-09-05T00:00:00+01:00,2023-09-30T00:00:00+01:00,72600000 72610000 72611000,BIP724960916,Call of Contract using G-Cloud 12,https://www.contractsfinder.service.gov.uk/Notice/aea66b34-ef78-41dd-93cf-0c3dd1ddc1ab,1
Cognizant,True,2022,2022-09-21T00:00:00+01:00,2022-09-22T11:12:22+01:00,Department for Work and Pensions,Insight and Performance Programme - Performance Framework Resource,Cognizant,427500.0,472500.0,590625.0,2022-09-21T00:00:00+01:00,2023-03-20T00:00:00Z,72000000,tender_313079/1107779,"Performance Analysts will work with 15 business lines over 6 months to create strategically aligned 
performance frameworks using a hypothesis model. The Analysts will be required to work with 
stakeholders across DWP to identify and draw out strategic outcomes, programme level outcomes, 
relevant activities, successes, failures. From this the analysts will work with the business line to outline a 
suite of theoretical measures, the department can work towards collecting in order to manage activity 
and drive improved performance. The resulting performance frameworks will be passed to a K",https://www.contractsfinder.service.gov.uk/Notice/ac698319-dea1-4c05-b664-b76b8b96af61,1
Cognizant,True,2022,2022-08-16T00:00:00+01:00,2022-09-15T10:47:26+01:00,The British Broadcasting Corporation (BBC),BBC Media &amp; Broadcast Systems Integrator,"Atos IT Services UK Limited,dB Broadcast Limited,Dega Broadcast Systems Limited,Diversified Limited,ES Broadcast Limited,IPE Limited,Megahertz Limited,Qvest GMBH,VSC Design Limited &amp; The Digital Garage Group Limited,Atos IT Services UK Limited,Cognizant Worldwide Limited,SuperFlyTV AB,dB Broadcast Limited,ES Broadcast Limited,Megahertz Limited,VSC Design Limited &amp; The Digital Garage Group Limited",40000000.0,40000000.0,0.0,2022-09-01T00:00:00+01:00,2026-08-31T00:00:00+01:00,51310000,tender_294407/1106206,"The BBC was seeking to establish a roster of non exclusive framework agreements for the integration and installation of new and refurbished broadcast production facilities.

Systems integrators&apos; responsibilities vary from project to project; these included project planning, detailed design, installation, cabling, performance and acceptance testing and supply of equipment.

The requirement consisted of three lots: Hardware & Infrastructure, Software & Workflow and Vehicles Integration.",https://www.contractsfinder.service.gov.uk/Notice/b6bfd76f-21dc-4fbc-8a83-9e05f7fdfe60,16
Cognizant,True,2022,2022-08-19T00:00:00+01:00,2022-09-12T17:13:44+01:00,Department for Education,"Data Science services - Development, Dev Ops, Architecture and Data Engineering",Cognizant Worldwide Limited,8310000.0,8310000.0,0.0,2022-08-18T00:00:00+01:00,2024-08-17T00:00:00+01:00,72300000,tender_305728/1105403,"The DfE is a central government ministerial department, and the Education and Skills Agency (ESFA) is one of the executive agencies sponsored by the Department for Education. Our department is responsible for education, children's social services, higher and further education policy, apprenticeships and wider skills in England, and equalities. We work to achieve a highly educated society in which opportunity is equal for all, no matter your background or family circumstances. Data Science is part of the Education and Skills Funding Agency (ESFA) within the Department for Education (DfE). We ar",https://www.contractsfinder.service.gov.uk/Notice/10bfbf0d-f66f-4060-8303-4f4eec6d372c,1
Cognizant,True,2022,2022-07-25T00:00:00+01:00,2022-09-09T09:23:01+01:00,The Food Standards Agency,FSA742 - Data services and analytics for food and feed risks,Cognizant Worldwide Limited,3000000.0,1.0,3000000.0,2022-07-18T00:00:00+01:00,2025-07-17T00:00:00+01:00,72000000,tender_304930/1104874,A Call Off Contract for Data services and analytics for food and feed risks,https://www.contractsfinder.service.gov.uk/Notice/3826a199-ad9d-404f-bdb2-256896f5a21c,1
Cognizant,True,2022,2022-06-10T00:00:00+01:00,2022-08-09T13:23:46+01:00,Department for Education,Live Support and Development of Funding and Contracting Service,Cognizant Worldwide Ltd,5530000.0,5530000.0,0.0,2022-07-04T00:00:00+01:00,2024-07-03T00:00:00+01:00,72310000,tender_302124/1096120,"We require live support services with elements of system development to enable the Funding Service in ESFA to run, grow and integrate the digital Funding and Contracting Service.",https://www.contractsfinder.service.gov.uk/Notice/13a21b43-d991-46f7-850b-7f1b17a1eb4f,1
Cognizant,True,2022,2022-05-24T00:00:00+01:00,2022-08-04T16:18:18+01:00,Financial Ombudsman Service,SharePoint Online Migration,Cognizant Worldwide Ltd,447760.0,447760.0,0.0,2022-08-01T00:00:00+01:00,2023-01-31T00:00:00Z,72000000,tender_294056/1095100,"To migrate our existing on-premise SharePoint sites to SharePoint Online to allow us to:
Reduce our operating costs and contribute towards our intended exit from datacentres
Improve our systems security through automated SharePoint updates, including security updates
Optimise use of other MS products such as Teams and O365",https://www.contractsfinder.service.gov.uk/Notice/c01463e6-7cbe-42ff-8bbd-e9bf1526b4fb,1
Cognizant,True,2022,2022-06-25T00:00:00+01:00,2022-07-31T12:34:57+01:00,Defra Network eTendering Portal,IT Quality Assurance Testing,Cognizant Worldwide Ltd,4800000.0,0.0,8400000.0,2022-06-25T00:00:00+01:00,2024-06-24T00:00:00+01:00,72000000,tender_292272/1093331,IT Quality Assurance Testing,https://www.contractsfinder.service.gov.uk/Notice/e7be12bc-f88f-480b-9da4-dc961fb98e90,1
Cognizant,True,2022,2022-07-08T00:00:00+01:00,2022-07-21T16:27:30+01:00,Crown Commercial Service,Provision of DOS6/GCLOUD13,Cognizant Worldwide Limited,750000.0,750000.0,0.0,2022-07-29T00:00:00+01:00,2022-12-05T00:00:00Z,72261000,CCTS22A20.,"The Crown Commercial Service (CCS) is seeking a Delivery Partner, to provide digital delivery as part of the development of contract service delivering the user interfaces for both DOS6 and GCLOUD13.",https://www.contractsfinder.service.gov.uk/Notice/acb53017-72c3-473f-ab3e-6d514bbc051b,1
Cognizant,True,2022,2022-07-05T00:00:00+01:00,2022-07-21T11:11:42+01:00,UK Health Security Agency,SOW031 UKHSA Managed Services,COGNIZANT WORLDWIDE LIMITED,122875.0,122875.0,122875.0,2021-11-01T00:00:00Z,2022-07-31T00:00:00+01:00,72261000,CF-0985500D0O000000rwimUAA1,Azure IaaS and PaaS Management,https://www.contractsfinder.service.gov.uk/Notice/bdcd0ee9-6140-4380-859c-95f7d39e4742,1
Cognizant,True,2020,2020-06-05T00:00:00+01:00,2022-06-13T16:53:24+01:00,Ministry of Justice,Future Hearings - Integration Partner,Cognizant Worldwide Limited,4200000.0,4200000.0,0.0,2020-06-05T00:00:00+01:00,2022-06-04T00:00:00+01:00,72222300,tender_239716/1078748,"Please provide a detailed description of the notice you are adding:
Provision of Cloud Support Services to enable successful delivery of the HMCTS Future
Hearings Programme",https://www.contractsfinder.service.gov.uk/Notice/45db36d5-9aa9-4fe3-83b5-ad3fdeee0c62,1
Cognizant,True,2022,2022-03-31T00:00:00+01:00,2022-06-10T09:20:10+01:00,British Business Bank PLC,GB-Sheffield: BI BAU Design and Development,Cognizant Worldwide Ltd,397800.0,397800.0,0.0,2022-04-01T00:00:00+01:00,2025-03-31T00:00:00+01:00,72000000,BIP696501012,"IT services: consulting, software development, Internet and support.  ITSolDel - P-1290 - C1578.
      
      Development services for ongoing BI projects across the Bank's Data DIOR programme.",https://www.contractsfinder.service.gov.uk/Notice/4ee0ab67-4ac0-414d-ab81-cdc6c8a491de,1
Cognizant,True,2022,2022-05-23T00:00:00+01:00,2022-06-10T09:20:06+01:00,British Business Bank PLC,GB-Sheffield: BI Data DIOR Development/Additional Development,Cognizant Worldwide Ltd,235400.0,235400.0,0.0,2022-05-30T00:00:00+01:00,2023-03-31T00:00:00+01:00,72000000,BIP696545267,"IT services: consulting, software development, Internet and support.  ITSolDel - P-1204 - C1576
      
      Development services for ongoing BI projects across the Bank's Data DIOR programme.",https://www.contractsfinder.service.gov.uk/Notice/34608f53-5c90-427a-8171-25796d8349b7,1
Cognizant,True,2022,2022-05-25T00:00:00+01:00,2022-06-09T15:50:03+01:00,British Business Bank PLC,GB-Sheffield: BI Platform Scrum Master-Project Management services for BI Platform deliveries across various projects.,Cognizant Worldwide Ltd,42880.0,42880.0,0.0,2022-06-01T00:00:00+01:00,2022-12-01T00:00:00Z,72000000,BIP696665354,"IT services: consulting, software development, Internet and support.  ITSolDel - P-1285 - C1577",https://www.contractsfinder.service.gov.uk/Notice/fea23594-cf43-4cc7-b6a2-759a15350bc9,1
Cognizant,True,2022,2022-03-02T00:00:00Z,2022-05-26T18:06:05+01:00,NHS Digital,SUS Run and Maintain,COGNIZANT WORLDWIDE LIMITED,7500000.0,9000000.0,11250000.0,2022-02-18T00:00:00Z,2026-02-17T00:00:00Z,72000000,CF-0629000D0O000000rwimUAA2,To provide Run and Maintain services to the Secondary Uses Service (SUS) platform.,https://www.contractsfinder.service.gov.uk/Notice/32c3cd43-1bf4-4d56-b79a-fe4e1c9fcc95,1
Cognizant,True,2022,2022-04-19T00:00:00+01:00,2022-05-17T15:03:09+01:00,Department for Education,Live Support and Development of Digital Funding Systems,Cognizant Worldwide Ltd,5830195.0,5830195.0,0.0,2022-04-15T00:00:00+01:00,2024-04-12T00:00:00+01:00,72310000,tender_297423/1068751,"We require live support services with elements of system development to enable the Funding Service in ESFA to run, grow and integrate our two live digital products Manage Your Education and Skills Funding (MYESF) and Calculate Funding Service (CFS).",https://www.contractsfinder.service.gov.uk/Notice/cf1d5271-be17-491d-8068-b8500daff4fd,1
Cognizant,True,2022,2022-04-11T00:00:00+01:00,2022-05-12T12:33:27+01:00,The British Broadcasting Corporation (BBC),Systems Delivery and Integration Services Framework,"Atos IT Services UK Limited,CGI IT UK Limited,Cognizant Worldwide limited,Deloitte LLP,EPI-USE Labs Limited,Ernst &amp; Young LLP,HCL Technologies UK Ltd,IBM United Kingdom Limited,Invenio Business Solutions Ltd,NTT DATA UK Ltd.,PricewaterhouseCoopers LLP,Redcentric Solutions Limited,SAP Source Limited,Tata Consultancy Services Limited,Tech Mahindra Limited,Wipro Limited,Apsolut UK Ltd.,Accenture (UK) Limited",40000000.0,0.0,40000000.0,2022-04-12T00:00:00+01:00,2026-04-11T00:00:00+01:00,72225000 72226000 72227000 72230000 72254000 72262000 72263000 72267000,tender_201826/1069983,"The BBC intends to establish a Framework Agreement of Suppliers who will deliver general systems delivery and integration services, in addition to specialist SAP product services. The BBC is acting on its own behalf and as agent BBC Commercial Holdings Group.

The Framework Agreement is divided in to 2 separate Lots. Tenderers may bid individually for one Lot, or both Lots - where they meet the relevant minimum standards.

The following is the expected total value of spend for each Lot on the Framework Agreement, for the full potential of Term (48 months). This includes the Initial Term (3",https://www.contractsfinder.service.gov.uk/Notice/bf792dea-589c-40b3-9346-699b82694628,18
Cognizant,True,2022,2022-01-07T00:00:00Z,2022-05-10T11:20:03+01:00,British Business Bank,"GB-Sheffield,: BI Data Dior Power BI Development - RJ/GR",Cognizant Worldwide Ltd,298100.0,298100.0,0.0,2022-01-10T00:00:00Z,2022-09-30T00:00:00+01:00,72000000,BIP683328940,"ITSolDel - C1474
      Power BI development services for the Bank's Data DIOR programme.",https://www.contractsfinder.service.gov.uk/Notice/ccfd3c3a-8a12-4f2f-9f53-37343d6b3e55,1
Cognizant,True,2022,2022-02-28T00:00:00Z,2022-04-19T14:41:00+01:00,NATIONAL HIGHWAYS LIMITED,Managed Azure Platform as a Service,Cognizant Worldwide Limited,3162573.0,3162573.0,0.0,2022-03-01T00:00:00Z,2023-02-28T00:00:00Z,71311210,ITIP0276,Provision of Azure Managed Service / Platform as a Service,https://www.contractsfinder.service.gov.uk/Notice/446f714b-85ac-43f6-9d1b-55b2f8f4e396,1
Cognizant,True,2022,2022-03-02T00:00:00Z,2022-04-08T09:13:17+01:00,The Food Standards Agency,Supply of Strategic Surveillance Program,Cognizant Worldwide Limited,130000.0,130000.0,0.0,2022-02-03T00:00:00Z,2022-03-31T00:00:00+01:00,48310000,tender_300865/1059929,"For FSA to be on the forefront of Food Surveillance and Standards and be future fit for emerging geopolitical and technology shifts. For Surveillance to seek ways to make better use of (open) data to identify emerging risks before they become a risk to public health and to take data-driven actions.
This project's objective is to ensure the broader implementation of a harmonised approach across the FSA by embedding Strategic Surveillance objectives as part of the regular Surveillance and Standards organisation.",https://www.contractsfinder.service.gov.uk/Notice/0e4d5562-d005-4a01-abc4-7f816dcab708,1
Cognizant,True,2022,2022-03-04T00:00:00Z,2022-03-07T16:15:04Z,British Business Bank Plc,GB-Sheffield: Master data management and Semantic  layer design,Cognizant Worldwide Limited,69850.0,69850.0,0.0,2022-03-07T00:00:00Z,2022-09-07T00:00:00+01:00,79400000 79410000,BIP673352518,Master data management and Semantic layer design and advisory services.,https://www.contractsfinder.service.gov.uk/Notice/056a8f83-8549-4b9e-bb91-7f79e225dee1,1
Cognizant,True,2021,2021-12-23T00:00:00Z,2022-02-28T15:27:20Z,Department for Education,Agile Development Services for Funding Systems,Cognizant Worldwide Ltd,8200000.0,8200000.0,0.0,2022-02-02T00:00:00Z,2024-02-01T00:00:00Z,72310000,tender_291538/1048247,We're looking for an experienced partner to iterate and continuously improve several components/products of our digital funding service. The components will exist in beta as minimum viable products. Other GDS phases may be needed in order to iterate them further.,https://www.contractsfinder.service.gov.uk/Notice/2701a335-3dc0-4fef-a9e0-9bb8d0369831,1
Cognizant,True,2022,2022-02-08T00:00:00Z,2022-02-28T14:44:56Z,H M Revenue &amp; Customs,1052-DPS Data Management Preparation &amp; Acquisition - SR624137341,COGNIZANT WORLDWIDE LIMITED,14300000.0,14300000.0,0.0,2021-11-21T00:00:00Z,2023-11-21T00:00:00Z,72000000,1052-DPS Data Management Preparation &amp; Acquisition - SR624137341,"Provide impact assessments
Demand Management
Delivery Management including testing & rollback capabilities
Business Requirements
Solution Design
ETL Code Delivery
Virtual databases code delivery
Meta Data Management Administration
Incident/problem management
Batch operation -support/recovery
Event Management/ HPI Management -Provide support when required
Change Management -Evaluate change within SLA's
Capacity/performance management
Knowledge management
	Data Platform Services (DPS) provides enterprise-wide platform engineering capabilities that enable the building of reporting, ",https://www.contractsfinder.service.gov.uk/Notice/56e7c90e-6895-4f87-ac18-a8f93374c1a1,1
Cognizant,True,2021,2021-07-30T00:00:00+01:00,2022-02-24T16:47:23Z,Health Research Authority,Health Research Authority (HRA) Supporting the HRA&#039;s Digital Transformation Programme,COGNIZANT WORLDWIDE LIMITED,880000.0,880000.0,0.0,2021-08-01T00:00:00+01:00,2023-07-30T00:00:00+01:00,72000000,CP000059,"Providing services to support the management, analysis, development and testing of the HRA's digital transformation programmes including the RSP (Research Systems Programme)",https://www.contractsfinder.service.gov.uk/Notice/517ee05e-fc8d-4046-8ee6-e58a0409a4ba,1
Cognizant,True,2022,2022-02-11T00:00:00Z,2022-02-15T12:50:09Z,UK Health Security Agency,SGSS Early Life Support (ELS) &amp; USD ELS,Cognizant Worldwide Limited,107000.0,107000.0,107000.0,2021-09-01T00:00:00+01:00,2021-10-29T00:00:00+01:00,72222300,CF-0626900D0O000000rwimUAA1,"New Signature's Application Health services provides end to end monitoring and management of applications and data deployed into your Azure environment. Built on Azure Monitor, we leverage Application Insights to monitor the availability, performance, and usage of web applications and code",https://www.contractsfinder.service.gov.uk/Notice/44d3bba1-cd31-423f-983e-ed83ee3d26b2,1
Cognizant,True,2021,2021-12-13T00:00:00Z,2022-02-08T20:53:15Z,NATIONAL HIGHWAYS LIMITED,Cloud Adoption &amp; Exploitation Programme - Cloud Remediation,Cognizant Worldwide Limited,3000000.0,3000000.0,0.0,2021-12-13T00:00:00Z,2023-12-12T00:00:00Z,71311210,ITIP0253,Cloud remediation services,https://www.contractsfinder.service.gov.uk/Notice/0c89fea7-d5b8-44ec-b497-35a548c06c63,1
Cognizant,True,2022,2022-01-10T00:00:00Z,2022-01-26T11:02:10Z,Highways England,National Highways Operational Technology Commercial Framework,"Actica Consulting Ltd,ADMA Solutions Limited,AECOM Limited,Altaroute Limited,Amey OW Limited,Arcadis Consulting (UK) Limited,Ove Arup &amp; Partners Limited,Atkins Limited,Atos IT Services UK Limited,Campbell Scientific Limited,Capita Property and Infrastructure Limited,Certes IT Service Solutions Limited,Chubb Systems Limited,Clearview Intelligence Limited,Cleveland Cable Company Limited,Cognizant Worldwide Limited,Colas Limited,Core Control Solutions Limited,Costain Integrated Technology Solutions Limited,Cross8 Limited,Cubic Transportation Systems Limited,DW Windsor Limited,Dynniq UK Limited,Frazer&#xAD;-Nash Consultancy Limited,IBI Group (UK) Limited,Indra Sistemas S.A,Infratec-UK Limited,Intelligent Transformation Limited,J1-LED Intelligent Transport Systems Pty Limited,Jacobs U.K. Limited,Jenoptik Traffic Solutions UK Limited,Kier Highways Limited,KPMG LLP,Leidos Innovations UK Ltd,Marston Holdings Limited,Morson Projects Limited,Motorola Solutions UK Limited,Mott MacDonald Limited,Navtech Radar Limited,Neology UK Limited,Netcompany Limited,Nicander Limited,PA Consulting Services Limited,P Ducker Systems Limited,Pell Frischmann Consulting Engineers Limited,PricewaterhouseCoopers LLP,Q-FREE (Bristol) UK Limited,Redflex Traffic Systems Limited,Ritherdon &amp; Co Limited,Siemens Mobility Limited,Sociedad Iberica de Construcciones Electricas, Sociedad Anonima,Sopra Steria Limited,SWARCO Traffic Limited,SWARCO UK Limited,Sweco UK Limited,Techmiracle Technologies Limited,Telent Technology Services Limited,The Nichols Group Limited,TRL Limited,Turner &amp; Townsend Consulting Limited,Vaisala Limited,Vivacity Labs Limited,WJ North Limited,WSP UK Limited,Yotta Limited",500000000.0,500000000.0,0.0,2022-01-10T00:00:00Z,2024-01-09T00:00:00Z,72222300,tender_277494/1031251,"The purpose of this contract award notice is to publish information in relation to the award of the Operational Technology Commercial Framework (OTCF), in accordance with Regulation 112 of the Public Contract Regulations 2015 (as amended).

The OTCF will be the primary commercial vehicle to support the delivery of the National Highways RIS2 (and beyond) technology pipeline and to meet the strategic aims of National Highways.

The OTCF is comprised of five Lots:

Lot 1- Detector Systems (Goods, Services and Maintenance)

Lot 2 - Informing Systems (Goods, Services and Maintenance)

Lot",https://www.contractsfinder.service.gov.uk/Notice/d245656f-8d72-4bfe-bff6-c23ada98f686,66
Cognizant,True,2021,2021-12-16T00:00:00Z,2022-01-21T08:55:48Z,HIGHWAYS ENGLAND COMPANY LIMITED,Cloud Data Catalogue,Cognizant Worldwide Limited,373820.0,373820.0,0.0,2021-12-17T00:00:00Z,2022-07-14T00:00:00+01:00,71311210,ITIP0286,Data catalogue update and deployment,https://www.contractsfinder.service.gov.uk/Notice/7a24cdd6-d2bc-4de8-b4b1-4b19681b4d7f,1
Cognizant,True,2021,2021-10-12T00:00:00+01:00,2022-01-07T10:01:15Z,Crown Commercial Service,Provision of Scale Delivery Partner- Contract Services,Cognizant Worldwide Limited,1094667.0,1094667.0,0.0,2021-10-13T00:00:00+01:00,2022-03-31T00:00:00+01:00,72000000,CCZN21A78.,Provision of Scale Delivery Partner- Contract Services,https://www.contractsfinder.service.gov.uk/Notice/ac48ea12-8628-4935-8981-61a7d78cfd8b,1
Cognizant,True,2023,2023-02-21T00:00:00Z,2023-03-15T14:34:10Z,Crown Commercial Service,The Provision of GDS Assessments for Contract Award Service (CAS),COGNIZANT WORLDWIDE LIMITED,475000.0,475000.0,0.0,2022-12-09T00:00:00Z,2023-03-31T00:00:00+01:00,72000000,CCSO22A25.,Establishment of a contract that will cover the provision on support for the DDS organisation in its preparation for a GDS Service Assessment . Cognizant will identify activities necessary to bring the service to a standard where it can pass the GDS private beta assessment and provide a delivery plan for these activities. Cognizant will then execute user-centred design activities within the plan and manage the overall delivery of the plan.,https://www.contractsfinder.service.gov.uk/Notice/f0e6c27f-d190-40ea-8e86-dac9e3f0ad0b,1
Cognizant,True,2023,2023-02-02T00:00:00Z,2023-06-02T11:35:14+01:00,Northampton General Hospital,"Supply of Automation, Advisory, Design and Build - for Surgical Hub Command Centre","Cognizant (GB) Limited,Cognizant (GB) Limited",440960.0,440960.0,0.0,2023-06-02T00:00:00+01:00,2024-02-27T00:00:00Z,72222300,BIP785570300,"Supply of automation, advisory design and build services - for surgical hub command centre.",https://www.contractsfinder.service.gov.uk/Notice/3e7bbd1b-c80b-4d36-9617-67cdfc0afb75,2
Cognizant,True,2023,2023-04-11T00:00:00+01:00,2023-05-11T11:45:15+01:00,Department for Education,DfE Service Delivery Capability,Cognizant Worldwide Ltd,8000000.0,6000000.0,0.0,2023-04-11T00:00:00+01:00,2025-04-11T00:00:00+01:00,72300000,tender_343108/1212621,"DfE Data Directorate are looking for a supplier who will be able to provide service delivery capabilities on digital and technical projects as part of the DfE's Data Transformation Portfolio. You will provide expertise and specialism to boost capacity and enhance capability, working alongside our in-house digital teams supporting delivery.",https://www.contractsfinder.service.gov.uk/Notice/f9b7c12e-3218-4a59-86c5-f8d9936d547a,1
Cognizant,True,2023,2023-06-02T00:00:00+01:00,2023-06-14T15:20:48+01:00,Department for Education,Con_20851 Capital Data Systems and Technology Partner,Cognizant Worldwide Limited,5000000.0,0.0,5000000.0,2023-06-02T00:00:00+01:00,2025-06-01T00:00:00+01:00,72222300,tender_315274/1224844,A contract that aims to support Capital directorate in developing and configuring data solutions and interoperability with systems and data sources using the Microsoft suite eco-system.,https://www.contractsfinder.service.gov.uk/Notice/346eb6ff-40b0-4119-8795-7c3d73d8b65e,1
Cognizant,True,2023,2023-09-28T00:00:00+01:00,2023-12-11T11:00:18Z,Financial Conduct Authority,GB-London: CON-19-113 Cloud DevOps Partner,Cognizant Worldwide Limited,0.0,0.0,0.0,2023-09-30T00:00:00+01:00,2025-01-31T00:00:00Z,72000000,BIP828373525,"This is a modification of an existing FCA call off contract, which utilised the Cloud and Technology Resourcing and Outcomes Framework (award reference: 2019/S 111-273280). The services covers resources to support the FCA Infrastructure Product Group.  The FCA has taken the decision, subject to Regulation 72(1)(b) of the Public Contract Regulations 2015 to modify the existing end date of the call off contract from the 30th September 2023 to the 31st January 2025.  The original start date was the 1st October 2019.  The value of the modification is £8,333,333.33 ex VAT. The original Award value ",https://www.contractsfinder.service.gov.uk/Notice/2ae7598e-d62f-49d6-b825-d5aa08b0f9ac,1
Cognizant,True,2023,2023-11-22T00:00:00Z,2023-12-11T11:00:14Z,Financial Conduct Authority,GB-London: CON-21-035 Application Development Test Contract,Cognizant Worldwide Limited,10000000.0,10000000.0,0.0,2024-01-01T00:00:00Z,2024-02-29T00:00:00Z,72000000,BIP828259199,"This is a modification of an existing FCA call off contract, which utilised the Cloud and Technology Resourcing and Outcomes Framework (award reference: 2019/S 111-273280). The services covers resources for Application Development and Testing.  The FCA has taken the decision, subject to Regulation 72(1)(b) of the Public Contract Regulations 2015 to modify the existing end date of the call off contract from the 31st December 2023 to the 29th February 2024.  The original start date was the 10th December 2022. The value of the modification is £10,000,000 ex VAT. The original Award value of the Co",https://www.contractsfinder.service.gov.uk/Notice/706ac82c-1086-4a5a-a1fc-8613406f776c,1
Cognizant,True,2023,2023-11-16T00:00:00Z,2023-12-11T11:00:09Z,Financial Conduct Authority,GB-London: CON-20-189 CVS Workday,Cognizant Worldwide Limited,1000000.0,1000000.0,0.0,2024-01-01T00:00:00Z,2024-10-31T00:00:00Z,72000000,BIP828258943,"This is a modification of an existing FCA call off contract, which utilised the Cloud and Technology Resourcing and Outcomes Framework (award reference: 2019/S 111-273280). The services covers resources to support the FCA Workday application.  The FCA has taken the decision, subject to Regulation 72(1)(b) of the Public Contract Regulations 2015 to modify the existing end date of the call off contract from the 31st December 2023 to the 30th October 2024.  The original start date was the 1st January 2023. The value of the modification is £1,000,000 ex VAT. The original Award value of the Contrac",https://www.contractsfinder.service.gov.uk/Notice/d8b9c7f9-43a8-4e58-ba59-9e2eaca645c6,1
Cognizant,True,2023,2023-11-20T00:00:00Z,2023-12-11T11:00:04Z,Financial Conduct Authority,GB-London: CON-22-311 Fees Support Solution,Cognizant Worldwide Limited,416666.67,416666.67,0.0,2024-01-01T00:00:00Z,2024-06-30T00:00:00+01:00,72000000,BIP828251529,"This is a modification of an existing FCA call off contract, which utilised the Cloud and Technology Resourcing and Outcomes Framework (award reference: 2019/S 111-273280). The services covers resources to support the FCA Fees Solution.  The FCA has taken the decision, subject to Regulation 72(1)(b) of the Public Contract Regulations 2015 to modify the existing end date of the call off contract from the 31st December 2023 to the 30th June 2024.  The original start date was the 1st January 2023.  The value of the modification is £416,666.67 ex VAT. The original Award value of the Contract was £",https://www.contractsfinder.service.gov.uk/Notice/c9803102-1dca-4ec7-ad93-3b5f26f5d102,1
Cognizant,True,2023,2023-08-01T00:00:00+01:00,2023-10-26T15:10:18+01:00,Financial Conduct Authority,Digital Services Framework Agreement,"ACCOLITE LABS EUROPE LIMITED,AKER SYSTEMS LIMITED,AGILE SOLUTIONS (GB) LTD,AIRWALK CONSULTING REPLY LTD,ANDIGITAL LIMITED,ANSWER DIGITAL LIMITED,APPRILIS LTD,APPVIA LTD,ATOS HOLDING UK 1 LIMITED,AXIOLOGIK LIMITED,BJSS LIMITED,BROADLIGHT GLOBAL LTD,BROADSTONES SOLUTIONS LTD,BURENDO LTD,BBD SOFTWARE LTD,COFORGE U.K. LTD,CORECOM QUALITY ENGINEERING LIMITED,CREDERA LIMITED,DELOITTE LLP,D-FINE LIMITED,DIGITAL WORKS CONSULTING LTD,EPAM SYSTEMS LTD,ERNST &amp; YOUNG LLP,FIMATIX UK LTD,FINREGE LIMITED,FUJITSU SERVICES LIMITED,GREEN PARK INTERIM &amp; EXECUTIVE LTD,HIPPO DIGITAL LIMITED,HODFORDS SOLUTIONS LIMITED,INFOSYS LIMITED,ITC INFOTECH LIMITED,JUMAR SOLUTIONS LIMITED,KAINOS SOFTWARE LIMITED,CLOUDTHING LIMITED (trading as Kerv Digital),KIN AND CARTA UK LTD,LTIMINDTREE UK LIMITED,MADE TECH LTD,MASTEK (UK) LIMITED,MLABS DIGITAL LTD,NEWREDO LTD,PA CONSULTING SERVICES LIMITED,PRICEWATERHOUSECOOPERS LLP,QUALITEST GROUP UK LTD,QUAYLOGIC LTD,ROWE IT LIMITED,SALESFORCE UK LIMITED,SHIFT LEFT GROUP LIMITED,SOPRA STERIA LIMITED,TATA CONSULTANCY SERVICES LIMITED,TECH CITY LABS LTD,TECKNUOVO LTD,TRANSFORM UK CONSULTING LTD,VALTECH LIMITED,VE3 LTD,ZENSAR TECHNOLOGIES (UK) LIMITED,ZOOCHA LIMITED,AIIMI LIMITED,UNISYS LIMITED,CAPGEMINI UK PLC,COGNIZANT WORLDWIDE LIMITED,NEC SOFTWARE SOLUTIONS UK LIMITED,VERYLOCALS LTD",562500000.0,562500000.0,0.0,2023-09-14T00:00:00+01:00,2027-09-13T00:00:00+01:00,72000000,BIP813343418,"The Financial Conduct Authority (FCA) has procured a 4-year multi-supplier framework agreement for the provision of services for Application Development, Application Maintenance and Modern Application Development including transformation services to improve operational processes, procedures and delivery methodologies. The Framework Agreement was awarded to 62 partners who will support continued delivery of the technology change portfolio, maintain or improve the stability and performance of services, while helping the FCA in its ongoing DevOps, agile and transformation journey.",https://www.contractsfinder.service.gov.uk/Notice/9667acd6-aee0-4fd1-90fd-cc2f247761bc,62
Cognizant,True,2023,2023-09-29T00:00:00+01:00,2023-10-12T10:03:46+01:00,Department for Education,con_22632-National Services for Schools Portfolio - Multi Capability Contract,Cognizant Worldwide Limited,17900000.0,17900000.0,0.0,2023-10-02T00:00:00+01:00,2025-10-02T00:00:00+01:00,72000000,tender_351384/1269254,"The successful supplier shall deliver multi capability digital skills and capabilities relating to the Data, Product and Delivery, Quality Assurance, Technical and User-Centred Design Job Families across three areas of work - Schools Technology Services, Get Help Buying for Schools and National Tutoring Programme",https://www.contractsfinder.service.gov.uk/Notice/10e79731-6d6b-47fc-8935-5ceeabd59a6a,1
Cognizant,True,2023,2023-10-08T00:00:00+01:00,2023-10-11T11:13:02+01:00,Department for Work and Pensions,CCBS22A01 - DSP- Pilot Modernising Analytical Tooling (MAT) Team,Cognizant Worldwide Limited,322560.0,322560.0,403200.0,2023-10-09T00:00:00+01:00,2024-04-08T00:00:00+01:00,72000000,tender_385038/1268722,"Provision of Augmented Resources to support
the Pilot Modernising Analytical Tooling (MAT)",https://www.contractsfinder.service.gov.uk/Notice/9b73c969-1454-48a5-90e0-c2c5c71e30b4,1
Cognizant,True,2023,2023-05-15T00:00:00+01:00,2023-10-05T14:59:45+01:00,Financial Ombudsman Service,SharePoint Online Post-Project Support,Cognizant Worldwide Ltd,184528.8,184528.8,0.0,2023-05-15T00:00:00+01:00,2023-11-14T00:00:00Z,72000000,tender_372004/1266733,"Following a SharePoint online implementation project, some additional support is required to allow further enhancements to sites before delivery to the end user.",https://www.contractsfinder.service.gov.uk/Notice/678ac242-7dae-427b-9644-fd38b63708b9,1
Cognizant,True,2023,2023-02-17T00:00:00Z,2023-06-30T10:18:54+01:00,SOCIAL WORK ENGLAND,Digital Development - Continued development of public facing website and case management system,Cognizant Worldwide Limited,8000000.0,0.0,8000000.0,2023-06-22T00:00:00+01:00,2027-06-21T00:00:00+01:00,72000000,Social Work England 10425,"This Procurement will  establish a single Supplier Contract for the Provision of resources and expertise to augment the continued development of Social Work England's core digital services; the public facing website and Case Management System.

This contract was awarded after a further competition via the CCS RM6263  Digital Specialists and Programmes Deliverables Framework.",https://www.contractsfinder.service.gov.uk/Notice/e546e55e-4f99-461f-8677-7bb86ff683c9,1
Cognizant,True,2023,2023-08-14T00:00:00+01:00,2023-08-30T16:04:32+01:00,Department for Education,"Con_21271 Data Modelling, Data Architecture, Data Governance, Data Quality and Metadata Services",Cognizant Worldwide Limited,8500000.0,0.0,8500000.0,2023-08-14T00:00:00+01:00,2025-08-13T00:00:00+01:00,72222300,tender_343107/1253051,"A contract for the provision of Data Modelling, Data Architecture, Data Governance, Data Quality and Metadata Services",https://www.contractsfinder.service.gov.uk/Notice/b00bdaa9-afca-4e05-bd74-0aa812b4a1e4,1
Cognizant,True,2023,2023-04-24T00:00:00+01:00,2023-08-15T11:43:06+01:00,H M Revenue &amp; Customs,Strategic Data Visualisation,COGNIZANT WORLDWIDE LIMITED,9180000.0,0.0,9180000.0,2023-04-24T00:00:00+01:00,2024-04-23T00:00:00+01:00,72000000,SR1142585032,"Design, build, test and run products for Reporting & Dashboarding",https://www.contractsfinder.service.gov.uk/Notice/c020e394-4b5d-4ee7-bf44-0b393538716e,1
Cognizant,True,2023,2023-07-26T00:00:00+01:00,2023-08-10T11:24:18+01:00,H M Revenue &amp; Customs,SDS Data Search and Discovery,"EQUAL EXPERTS UK LIMITED,COGNIZANT WORLDWIDE LIMITED,CAPGEMINI UK PLC",9351549.0,0.0,9351559.26,2023-07-26T00:00:00+01:00,2024-07-25T00:00:00+01:00,72000000,SR1142323249,"Design, build, test and run products for Search & Discovery Services. Award is split across 3 suppliers.",https://www.contractsfinder.service.gov.uk/Notice/80ee2d61-7d29-49e6-82ae-778746acecf1,3
Cognizant,True,2023,2023-07-10T00:00:00+01:00,2023-08-08T16:04:45+01:00,DfTc - Department for Transport,Specialist Technical and Commercial Advisory for Rail and Other Transport Systems Framework (STARThree),"Alchemmy Consulting Ltd,Additae Artes Limited,Adventis Consulting,Agilia Infrastructure Partners Limited,APS Partnership Limited,Atkins Limited,Cognizant Worldwide Limited,Costain Limited,Currie &amp; Brown UK Limited,Deloitte LLP,Egis Transport Solutions Limited,FIRSCO LIMITED,FIRST RAIL CONSULTING,IPEX Consullting Ltd,Jacobs U.K Limited,JOURNEY4 Ltd,KPMG LLP,Lendlease Construction (Europe) Limited,Mace Consult Limited,Evisa Solutions Ltd,McKinsey &amp; Company, Inc. United Kingdom,Mott MacDonald Limited,Northstar Consultancy Limited,Ove Arup &amp; Partners Limited,Pillar Strategy,Rail People Solutions Limited,SEMP Ltd,ST &amp; R Partners (Systra Limited, Tracsis &amp; Ricardo),STANTEC UK,Steer Davies &amp; Gleave Ltd,Taylor Airey Limited,Teneo Business Consulting Limited,The Boston Consulting Group UK LLP,The Hub Transport Advisory Limited,Turner &amp; Townsend Project Management Ltd,The Ultimate Solution Partnership Limited,Winder Phillips Associates",600000000.0,600000000.0,0.0,2023-07-31T00:00:00+01:00,2025-07-30T00:00:00+01:00,71311200,tender_291531/1244843,"To support the Department's commitment to increase the level of investment in transport, it requires access to specialist technical and commercial advisory support. The Framework will enable  access to high quality, professionally qualified and experienced specialist third party advisory support for a range of service requirements which will also be accessible by other public sector entities (Clients) with the consent of DfT.

The two-year term is extendable by two further periods each of 12 months at the discretion of the contracting authority.

The estimated maximum portfolio value for L",https://www.contractsfinder.service.gov.uk/Notice/80177b28-fd4c-4482-89d3-902384599e17,39
Cognizant,True,2022,2022-11-02T00:00:00Z,2023-07-19T12:01:52+01:00,Department for Work and Pensions,Provision of Resource for Universal Credit (UC) Service.,Cognizant UK,4112000.0,4112000.0,5140000.0,2022-11-02T00:00:00Z,2024-11-01T00:00:00Z,72222300,tender_308802/1147671,Provision of engineering resources for Universal Credit,https://www.contractsfinder.service.gov.uk/Notice/51a89e61-e0cb-43d0-8af2-ad9fcf717995,1
Cognizant,True,2023,2023-06-28T00:00:00+01:00,2023-07-18T13:56:25+01:00,Department for Work and Pensions,Health &amp; Disability Data Specialists,Cognizant Worldwide Limited,1225500.0,1225500.0,1531875.0,2023-06-28T00:00:00+01:00,2025-06-27T00:00:00+01:00,72222300,tender_352339/1237085,"Digital Health and Disability have a need for additional capacity in data Engineering to unlock the value from underlying data held within transactional services on AWS and model/structure it within our Azure data platform for onward user consumption.
Health & Disability Digital services are transforming the claimant experience of Government, providing easy access to Health and Disability related services, with clear information, linking many new and existing systems to allow more consistent and responsive provision of services over the web and better claimant outcomes. Our objective is to de",https://www.contractsfinder.service.gov.uk/Notice/14aba55d-88bd-4708-b54b-c67190d62c69,1
Cognizant,True,2019,2019-08-05T00:00:00+01:00,2023-07-13T10:40:44+01:00,NHS Digital,CRM Development Services,COGNIZANT WORLDWIDE LIMITED,4750000.0,4275000.0,4750000.0,2019-08-05T00:00:00+01:00,2024-08-05T00:00:00+01:00,72212983,CF-1718300D0O000000rwimUAA,"Contract for CRM Dynamics Design, Development, Configuration and Implementation Services as well as Support to the estate.",https://www.contractsfinder.service.gov.uk/Notice/f01459d7-827e-468e-afd8-cc1f0b240ea3,1
Cognizant,True,2023,2023-06-23T00:00:00+01:00,2023-06-26T10:05:56+01:00,MINISTRY OF DEFENCE,Data Analytics Services,COGNIZANT WORLDWIDE LIMITED,5047500.0,5047500.0,0.0,2023-06-23T00:00:00+01:00,2023-12-18T00:00:00Z,72300000,DF068,"The aim of the Data Analytics Service is to provide the following workstreams:
- The Data Platform team will continue to work iteratively with MOD stakeholders to develop the platform using a prioritised product roadmap to drive forward capability. The platform will be transitioned through into production environments, increasing the security controls and posture to satisfy accreditation requirements up to Interim Authority to Operate (IAtO). The platform will be developed to the MOD standards set in the architectural documents.

- The Data Exploitation team will continue to work iterativel",https://www.contractsfinder.service.gov.uk/Notice/826e976f-503f-4197-9e02-8296402bd02c,1
Cognizant,True,2023,2023-03-31T00:00:00+01:00,2023-06-21T08:30:11+01:00,British Business Bank,GB-Sheffield: BAU Development &amp; Testing,Cognizant Worldwide Ltd,817555.0,817555.0,0.0,2023-04-01T00:00:00+01:00,2025-03-31T00:00:00+01:00,72610000 72600000 72611000,BIP788748535,"Provide ETL Development Services to enhance the existing BI Platform, provide testing services and reporting solutions.",https://www.contractsfinder.service.gov.uk/Notice/c523667c-f984-4cde-93fd-31e276020ddb,1
Cognizant,True,2023,2023-03-31T00:00:00+01:00,2023-06-21T08:30:06+01:00,British Business Bank,GB-Sheffield: BI Additional Development,Cognizant Worldwide Ltd,428400.0,428400.0,0.0,2023-04-01T00:00:00+01:00,2024-03-31T00:00:00Z,72600000 72610000 72611000,BIP788753289,"Provide ETL development services to enhance the existing BI Platform, and assist migration of existing reporting to Power BI",https://www.contractsfinder.service.gov.uk/Notice/c7cc4c30-1648-4517-98d9-05568b653c9d,1
Cognizant,True,2023,2023-06-01T00:00:00+01:00,2023-06-09T21:13:10+01:00,Home Office,Person Centric Data Platform (PCDP) Level 3 Support,Cognizant Technology Solutions UK Limited,23100000.0,23100000.0,23100000.0,2023-06-01T00:00:00+01:00,2027-05-31T00:00:00+01:00,72000000,CF-0318000D58000000L5A4EAK,Common Services and Data Platform (CSDP) which manages the Person Centric Data Platform (PCDP) which is the data platform team that underpins Immigration.,https://www.contractsfinder.service.gov.uk/Notice/86c11aeb-25e3-4c1b-9c51-4ad86ac90d31,1
Cognizant,True,2023,2023-03-31T00:00:00+01:00,2023-06-02T11:55:29+01:00,British Business Bank,GB-Sheffield: Dynamics CRM - Design and Developement Consultancy,Cognizant Worldwide Ltd,445180.0,445180.0,0.0,2023-04-01T00:00:00+01:00,2026-03-31T00:00:00+01:00,72611000 72600000 72610000,BIP785542892,Support the ongoing development and enhancements to Microsoft Dynamics CRM,https://www.contractsfinder.service.gov.uk/Notice/a18bc610-e53a-4460-b11b-9e2f318d3e5b,1
Cognizant,True,2023,2023-03-31T00:00:00+01:00,2023-06-02T11:55:24+01:00,British Business Bank,GB-Sheffield: BI Platform Scrum Master,Cognizant Worldwide Ltd,84420.0,84420.0,0.0,2023-04-01T00:00:00+01:00,2024-03-31T00:00:00Z,72600000 72610000 72611000,BIP785532024,Provide agile Project Management services for BI Platform deliveries across various projects.,https://www.contractsfinder.service.gov.uk/Notice/80ed184c-ef39-409d-b4b8-6f4d5409d0f3,1
Cognizant,True,2023,2023-03-31T00:00:00+01:00,2023-06-02T11:55:13+01:00,British Business Bank,GB-Sheffield: Design &amp; Development Consultancy,Cognizant Worldwide Ltd,264866.0,264866.0,0.0,2023-04-01T00:00:00+01:00,2026-03-31T00:00:00+01:00,72600000,BIP784767373,Ongoing Development and enhancement of CRM Dynamics,https://www.contractsfinder.service.gov.uk/Notice/42c3168a-2101-4b08-a6fe-617635635118,1
Cognizant,True,2023,2023-03-31T00:00:00+01:00,2023-06-02T11:55:03+01:00,British Business Bank,GB-Sheffield: Senior Core Platform Solution Lead,Cognizant Worldwide Ltd,293110.0,293110.0,0.0,2023-04-01T00:00:00+01:00,2025-03-31T00:00:00+01:00,72600000,BIP784706593,"Provision of subject matter expertise on BBB Core platform Biztalk implementation including 
      functional, technical and DevOps expertise",https://www.contractsfinder.service.gov.uk/Notice/69a81699-6d44-41e9-9350-78f6aed6e48c,1
Cognizant,True,2023,2023-03-31T00:00:00+01:00,2023-05-30T11:20:13+01:00,British Business Bank,GB-Sheffield: Junior Salesforce Developer,Cognizant Worldwide Ltd,384790.0,384790.0,0.0,2023-04-01T00:00:00+01:00,2026-03-31T00:00:00+01:00,72600000,BIP784680332,"IT professional services. It provides various benefits like continuous improvement of the product which is critical start up loans in delivery, cost savings, flexibility, and reduced risk. Atlas product is key to delivering banks key objectives",https://www.contractsfinder.service.gov.uk/Notice/f7b68f59-93e0-43d4-a33b-53c4e4fe9154,1
Cognizant,True,2023,2023-03-31T00:00:00+01:00,2023-05-30T11:20:09+01:00,British Business Bank,GB-Sheffield: BAU Support,Cognizant Worldwide Ltd,293118.0,293118.0,0.0,2023-04-01T00:00:00+01:00,2025-03-31T00:00:00+01:00,72600000,BIP784677451,Provide a range of assistance to support the service delivery program,https://www.contractsfinder.service.gov.uk/Notice/8b1eeae4-fb03-4aa8-ad1b-13636a9353e6,1
Cognizant,True,2023,2023-03-31T00:00:00+01:00,2023-05-30T11:20:04+01:00,British Business Bank,GB-Sheffield: Senior Salesforce Developer Services,Cognizant Worldwide Ltd,393815.0,393815.0,0.0,2023-04-01T00:00:00+01:00,2026-03-31T00:00:00+01:00,72600000,BIP784675984,Senior Salesforce Developer Services - range of development and implementation works,https://www.contractsfinder.service.gov.uk/Notice/a27c4d08-5e44-4dd7-aa0e-11257ccb4da5,1
Cognizant,True,2023,2023-04-17T00:00:00+01:00,2023-05-19T14:49:41+01:00,H M Revenue &amp; Customs,DAM Data Preparation,COGNIZANT WORLDWIDE LIMITED,3980000.0,0.0,3980000.0,2023-04-17T00:00:00+01:00,2024-04-16T00:00:00+01:00,72000000,CW86793,"• Data acquisition

• Data governance tooling and process operation

• Data quality processes, management and reporting

• Security, data import/export, transformation and classification

• Metadata capture and Management

• Creation, operation and management of Data Quality and virtualisation

products and solutions

• Operating existing data products within customer's Data and Integration

platform services

• Run newly built services

• Service and product monitoring & alerting

• Administration, configuration,

• Management and resolution of incidents/problems

• ",https://www.contractsfinder.service.gov.uk/Notice/50da3753-c5c2-4c11-ae6b-a4ecc2617982,1
Cognizant,True,2023,2023-04-03T00:00:00+01:00,2023-04-27T12:52:53+01:00,Ministry of Justice,Data Engineering Services - Supply of Team 3,Cognizant Worldwide Limited,1000000.0,1000000.0,0.0,2023-04-01T00:00:00+01:00,2024-03-31T00:00:00Z,72000000,tender_333407/1208277,Supply of specialists to form a team to support Data and Analysis Group in delivery of Airflow Project.,https://www.contractsfinder.service.gov.uk/Notice/3ecf7a18-0390-439f-a7ad-384f999cad68,1
Cognizant,True,2023,2023-03-13T00:00:00Z,2023-04-21T15:51:36+01:00,Department for Work and Pensions,Synergy Programme Digital Resources,Cognizant Worldwide Ltd.,3507682.0,3507682.0,0.0,2023-03-13T00:00:00Z,2024-03-31T00:00:00Z,72000000,tender_319689/1206288,"Digital, Data and Technology digital specialist services to support Synergy Programme with development of accurate Technical and Functional detailed requirements that meet organisational and user needs in respect of an Enterprise Resource Planning (ERP) SaaS solution.",https://www.contractsfinder.service.gov.uk/Notice/791cc3b7-f495-485b-9a37-2032b4d7adb2,1
Cognizant,True,2023,2023-03-21T00:00:00Z,2023-04-21T14:52:00+01:00,Department for Work and Pensions,Shared Channels Experience - Mid-life Digital  MOT - Phase 2,Cognizant Worldwide Limited,234720.0,234720.0,985824.0,2023-04-03T00:00:00+01:00,2024-04-02T00:00:00+01:00,72222300,tender_356427/1206221,"Provision of Augmented Resources to support 
the DWP Shared Channels Experience Team - 
Mid-Life Digital MOT Project.",https://www.contractsfinder.service.gov.uk/Notice/1e370698-c303-466f-a435-a51bd052c477,1
Cognizant,True,2023,2023-04-01T00:00:00+01:00,2023-04-18T10:10:40+01:00,The British Broadcasting Corporation (BBC),BBC Consultancy Services Framework,"Accenture (UK) Limited,Cognizant Worldwide Limited,Deloitte LLP,Ernst &amp; Young LLP,KPMG LLP,PA Consulting Services Limited,PricewaterhouseCoopers LLP,Q5 Partners LLP",16000000.0,16000000.0,0.0,2023-04-01T00:00:00+01:00,2027-03-31T00:00:00+01:00,79411000,tender_311133/1204435,"The BBC has awarded a multi-supplier Consultancy Services framework providing the BBC access to suppliers that can individually supply a broad range of professional consultancy services. The framework has the capability to meet all the BBC's distinct service requirements across the 3 core disciplines of Strategy, Technology and Finance. The disciplines and a summary of the sub-criteria for each core discipline are:

Strategy - Corporate Strategy, Business Model Transformation, Economic Policy, Organisational Strategy, Mergers & Acquisitions, Digital Strategy, Business Process Management, Out",https://www.contractsfinder.service.gov.uk/Notice/59eccc7f-6027-4e31-b477-636987e27cbb,8
Cognizant,True,2022,2022-07-07T00:00:00+01:00,2023-04-11T15:38:26+01:00,UK Health Security Agency,SOW 33_Azure Infrastructure 24/7 Support,COGNIZANT WORLDWIDE LIMITED,110138.93,110138.93,110138.93,2022-05-09T00:00:00+01:00,2022-11-04T00:00:00Z,72261000,CF-0985800D0O000000rwimUAA,Azure Infrastructure 24/7 Support,https://www.contractsfinder.service.gov.uk/Notice/59b2dc2c-dc09-4d8e-83e8-c2ee226f72cf,1
Cognizant,True,2023,2023-03-14T00:00:00Z,2023-04-04T11:35:26+01:00,Department for Work and Pensions,CCBS22A01 - Provision of Resource for the  Local Intelligence Tools (LIT) Data and  Analytics MI,Cognizant Worldwide Limited,2443435.0,2443435.0,3054294.0,2023-03-15T00:00:00Z,2025-03-14T00:00:00Z,72000000,tender_346292/1194616,"Provision of Augmented Resources to support
the DWP Local Intelligence Tools (LIT) Data 
and Analytics team.",https://www.contractsfinder.service.gov.uk/Notice/17b1903b-40fb-4f47-8aa6-d0afea23f802,1
Cognizant,True,2023,2023-03-02T00:00:00Z,2023-03-13T10:08:25Z,"The Secretary of State for Environment, Food and Rural Affairs",Application Development Services for Digital Data and NCEA Programme,Cognizant Worldwide Limited,74000000.0,74000000.0,74000000.0,2023-03-02T00:00:00Z,2025-03-01T00:00:00Z,72223000,CF-0047200D8d000003VQwdEAG,Application Development Services for Digital Data and NCEA Programme,https://www.contractsfinder.service.gov.uk/Notice/cb8f3666-e559-4de6-8f8f-adbc68a36e4b,1
Cognizant,True,2022,2022-12-14T00:00:00Z,2023-02-08T11:52:04Z,Department for Work and Pensions,(DWP) Shared Channels Experience - Mid-life Digital MOT,Cognizant Worldwide Limited,221100.0,221100.0,0.0,2023-02-07T00:00:00Z,2023-03-31T00:00:00+01:00,72222300,tender_342557/1177258,"Provision of Augmented Resources to support the
DWP Shared Channels Experience Team - Mid-Life 
Digital MOT Project.",https://www.contractsfinder.service.gov.uk/Notice/1a3e16e2-07ae-408d-bbdd-6bf0570d6501,1
Cognizant,True,2023,2023-01-11T00:00:00Z,2023-02-09T14:12:16Z,Department for International Trade,UKEF Technical Support For IFRS Implementation,Cognizant Worldwide Limited,1000000.0,1000000.0,0.0,2023-01-11T00:00:00Z,2024-10-18T00:00:00+01:00,72100000 72200000 72300000 72500000 72600000,tender_309651/1177959,UKEF Technical Support For IFRS Implementation,https://www.contractsfinder.service.gov.uk/Notice/05ae601a-3ac9-4fe2-9580-b3433f5b13ef,1
Cognizant,True,2022,2022-12-01T00:00:00Z,2023-02-07T10:07:52Z,MINISTRY OF DEFENCE,Defence Lessons Identified Management System Build,Cognizant Worldwide Limited,675000.0,675000.0,0.0,2022-12-15T00:00:00Z,2023-03-31T00:00:00+01:00,72000000,DF/053,"Performance data science assessment and plan enhancements for semantic search function
Initial research, test and evaluation of Auto Text Summarisation capability.
Initial research, test and evaluation of Named Entity Recognition capability.
Gather initial user requirements and design Semantic Search Application
Implement data ingestion pipeline for DLIMS data to DDAP
Deliver Semantic Search Application MVP into Production Environment.
Deliver selected Auto Text Summarisation features in Semantic Search Application.
Deliver selected Named Entity Recognition features in Semantic Search A",https://www.contractsfinder.service.gov.uk/Notice/3baadfcb-a35c-4146-8917-9e34bc16fab1,1
Cognizant,True,2023,2023-01-09T00:00:00Z,2023-02-06T21:31:42Z,UK Health Security Agency,D&amp;T10440 Microsoft O/S Upgrade Programme,COGNIZANT WORLDWIDE LIMITED,934204.8,467102.4,934204.8,2023-01-09T00:00:00Z,2023-03-31T00:00:00+01:00,72000000,CF-1318700D0O000000rwimUAA,UKHSA Software Patching Programme: Patch management (Remediation Work Microsoft),https://www.contractsfinder.service.gov.uk/Notice/3a620c3d-1946-4a09-8633-d1a4f138279f,1
Cognizant,True,2023,2023-01-24T00:00:00Z,2023-01-30T17:16:28Z,Ministry of Justice,Data Engineering Services - Supply of Team 1 and Team 3,Cognizant Worldwide Limited,2000000.0,2000000.0,0.0,2023-01-23T00:00:00Z,2024-03-31T00:00:00Z,72224000,tender_333407/1173660,Supply of specialists to form two teams to support Data and Analysis Group in delivery of Electronic Monitoring and Data Modelling Projects.,https://www.contractsfinder.service.gov.uk/Notice/e4ba896b-022c-4435-a131-644f320789ed,1
Cognizant,True,2023,2023-01-26T00:00:00Z,2023-01-27T09:55:51Z,Department for Work and Pensions,Sentinel Specialist - Technical Architect,Cognizant Worlwide Limited,40200.0,40200.0,0.0,2023-01-30T00:00:00Z,2023-03-31T00:00:00+01:00,72222300,tender_319894/1172494,Supply of a Technical Architect specialising in Sentinel.,https://www.contractsfinder.service.gov.uk/Notice/e4fd7f61-c8a4-43bb-9348-97392a4ea989,1
Cognizant,True,2022,2022-05-15T00:00:00+01:00,2023-01-11T18:00:50Z,MINISTRY OF DEFENCE,Defence Data and Analytics Platform,Cognizant Worldwide Limited,8625000.0,8625000.0,0.0,2022-06-01T00:00:00+01:00,2023-05-31T00:00:00+01:00,72000000,DDSFDF011,"Defence Data Analytics Platform (DDAP) aims to provide a loosely coupled, secure and scalable common data platform. Designed to provide MOD personnel and partners with access to data, analytics and modelling resources, empowered by scalable, cloud computing services. Defence users will be enabled to gain insights and make decisions based on clean, available and interoperable data using world class data science and artificial intelligence capabilities.
Framework - GCloud12",https://www.contractsfinder.service.gov.uk/Notice/8a975c89-5af4-41c1-8796-19513c8db5de,1
Cognizant,True,2022,2022-12-23T00:00:00Z,2023-01-04T16:15:54Z,Ministry of Justice,Analytical Platform DevOps Service,Cognizant Worldwide Limited,1000000.0,1000000.0,0.0,2022-12-12T00:00:00Z,2023-12-11T00:00:00Z,72222300,tender_314925/1163029,"The Analytical Platform (AP) is the core data platform for Data and Analysis to use to deliver analytical tools and services to the MOJ. It provides several core features including data storage, analytical tools and ability to run ""apps"" that deliver insights to the MOJ. The contract is for DevOps Services to lead remediation work to fix security related technical debt that has been escalated by AWS / Amazon.",https://www.contractsfinder.service.gov.uk/Notice/849612f5-156b-411d-974e-b36deb595fac,1
Cognizant,True,2024,2024-06-23T00:00:00+01:00,2024-07-09T12:10:03+01:00,British Business Bank Plc,GB-Sheffield: BBB IT Resources (RM6263),"I3Works Ltd,Cognizant Worldwide Limited,Lucid Support Services Limited",500000.0,500000.0,0.0,2024-07-01T00:00:00+01:00,2025-06-30T00:00:00+01:00,79600000,BIP871097478,"IT Resource Contracts for British Business Bank IT project based work. The contact awards are maximum of £3.5m and all costs, inclusive of fee's are encompassed within in this contract. Spend breakdown by supplier is below; 
      
      Cognizant Worldwide Limited £2,578,000  
      Lucid Support Services Limited £500,000 
      I3Works £500,000",https://www.contractsfinder.service.gov.uk/Notice/50a29f34-7711-4b81-ab39-cf3932490349,3
Cognizant,True,2024,2024-11-19T00:00:00Z,2024-12-06T17:07:48Z,ICS on behalf of DSIT and DESNZ,Technical Specialists and Operational Services for Digital Projects,"Capgemini UK PLC,Cognizant Worldwide Limited,Thoughtworks Ltd,Triad PLC",60000000.0,60000000.0,0.0,2024-11-20T00:00:00Z,2027-11-19T00:00:00Z,72222300,tender_385526/1433162,Technical Specialists for Operational Services for Digital Projects,https://www.contractsfinder.service.gov.uk/Notice/3d5bc498-ced3-4c11-905c-8ed9fe57a16d,4
Cognizant,True,2024,2024-08-09T00:00:00+01:00,2024-12-04T12:03:20Z,FCA,EUC SharePoint Services RFP,COGNIZANT WORLDWIDE LIMITED,3206604.96,3206604.96,4000000.0,2024-12-01T00:00:00Z,2027-11-30T00:00:00Z,72000000,CF-0017100D8d000009sg5IEAQ,"The SharePoint Contract is to supply the FCA with
ongoing support, maintenance and development of the Customer's
SharePoint platform and select M365 services and continue to develop the EUC team's
DevSecOps capability.",https://www.contractsfinder.service.gov.uk/Notice/57f82890-c058-46c4-83b7-0dcabf1cd8c5,1
Cognizant,True,2024,2024-11-15T00:00:00Z,2024-11-28T11:37:31Z,Department for Work and Pensions,DWP SAS Viya Project,Cognizant,108100.0,108100.0,135125.0,2024-11-18T00:00:00Z,2025-03-28T00:00:00Z,72000000,tender_469101/1429974,DWP SAS Viya Project aims to provide the Analytical Community with the smoothest migration from SAS 9.4 to SAS VIYA 4 while understanding their user needs and problems to improve the end-to-end user experience.,https://www.contractsfinder.service.gov.uk/Notice/4061292d-39fe-4635-b391-604bc1c69b56,1
Cognizant,True,2024,2024-10-25T00:00:00+01:00,2024-11-15T14:43:59Z,Ministry of Justice,DDAT Resources for Data Improvement Programme,Cognizant,1665000.0,1.0,1665000.0,2024-10-22T00:00:00+01:00,2026-10-21T00:00:00+01:00,72222300,tender_436021/1425860,"Call off contract to provide data specialists to the Data 
Improvement Programme",https://www.contractsfinder.service.gov.uk/Notice/aca7a3f5-fa98-459b-8c5f-358920342952,1
Cognizant,True,2024,2024-09-05T00:00:00+01:00,2024-09-30T15:17:58+01:00,H M Revenue &amp; Customs,Valuations Office Agency Programme -  Valuations Cloud App,COGNIZANT TECHNOLOGY SOLUTIONS GLOBAL SERVICES LIMITED,185508333.3,111305000.0,185508333.3,2024-09-06T00:00:00+01:00,2027-09-05T00:00:00+01:00,72000000,CW96647,"The Chief Digital Product Office for the Valuation Office Agency (CDPO:VOA), which sits within the Chief Digital and Information Officer (CDIO) Group in HMRC, is responsible for running and maintaining systems and applications used by the VOA. The VOA are the public sector's property valuation experts and advisers, providing the valuations needed to support local taxation and benefits Some of the systems and applications are nearly 30 years old, out-of-support and end-of-life. From approx. Q1 2024/25 cloud applications will start to replace heritage systems and applications. The CDPO:VOA requi",https://www.contractsfinder.service.gov.uk/Notice/53fc53e9-d7a3-42af-b9f0-e2fe6674acf3,1
Cognizant,True,2024,2024-07-04T00:00:00+01:00,2024-11-12T12:34:31Z,BANK OF ENGLAND,Technology Services,COGNIZANT TECHNOLOGY SOLUTIONS LTD,473825.0,473825.0,0.0,2024-07-03T00:00:00+01:00,2025-02-14T00:00:00Z,72222000,CON/1001310 - 2,Technology Services.,https://www.contractsfinder.service.gov.uk/Notice/3731a03b-3c3f-44f3-b2d3-5d07c9567bcc,1
Cognizant,True,2024,2024-09-04T00:00:00+01:00,2024-10-04T13:14:09+01:00,DSIT,Matrix Programme - Technology (including ERP) &amp; Systems Integration Services Procurement,"Cognizant Worldwide Limited,Workday Limited",144330703.0,144330703.0,0.0,2024-09-06T00:00:00+01:00,2036-09-05T00:00:00+01:00,72000000,tender_348143/1410313,"In March 2021, Government Business Services launched the &apos;Shared Services Strategy for Government&apos;. This strategy created the concept of five clusters of departments, each cluster sharing a common set of process, common cloud-based ERP and ancillary systems and a single shared service centre to deliver corporate services across finance, HR and payroll. 

The Authority has awarded two contracts following conclusion of the procurement process, one for the SaaS ERP Solution along with one for the Systems Integrator. These contracts jointly enable the Matrix Programme to meet the objec",https://www.contractsfinder.service.gov.uk/Notice/c2820e8e-c1a0-4724-aece-b707698ce5b6,2
Cognizant,True,2024,2024-09-20T00:00:00+01:00,2024-10-01T14:47:03+01:00,NHS England,CRM Development re-procurement,COGNIZANT WORLDWIDE LIMITED,16308980.0,9500000.0,2443331.0,2024-09-02T00:00:00+01:00,2026-09-01T00:00:00+01:00,72212983,CF-2606500D0O000000rwimUAA,Procurement of contract which enables the development of complex solutions in the Dynamics 365 CRM system.,https://www.contractsfinder.service.gov.uk/Notice/8a57b156-ab60-45f3-8fae-43133112fa77,1
Cognizant,True,2024,2024-01-08T00:00:00Z,2024-09-27T14:25:05+01:00,BANK OF ENGLAND,Provision of professional technology services,COGNIZANT TECHNOLOGY SOLUTIONS GLOBAL SERVICES LIMITED,4087215.0,4087215.0,0.0,2024-01-16T00:00:00Z,2025-03-31T00:00:00+01:00,72222000,CON/1000587,Provision of professional technology services to support the delivery of a number of different Technology projects. This is under Technology Support Services Framework.,https://www.contractsfinder.service.gov.uk/Notice/7e276152-e71c-444b-b6d7-4350d85b6512,1
Cognizant,True,2024,2024-08-30T00:00:00+01:00,2024-09-25T17:20:20+01:00,Department for Education,con_25859 - Strategic Data Transformation Programme - Technical &amp; QAT,Cognizant Worldwide Limited,5000000.0,5000000.0,0.0,2024-08-30T00:00:00+01:00,2026-08-30T00:00:00+01:00,72000000,tender_462372/1408619,"This opportunity will provide digital skills, technical and quality assurance testing capabilities to support the Buyer in delivering the Department for Education's (DfE) Strategic Data Transformation Programme.",https://www.contractsfinder.service.gov.uk/Notice/cc7c400f-33e7-4681-9207-ffdc31021313,1
Cognizant,True,2024,2024-09-05T00:00:00+01:00,2024-09-13T10:46:39+01:00,Foreign Commonwealth and Development Office,ServiceNow Managed Services &amp; Development Support,Cognizant Worldwide Limited,4900000.0,3374984.97,4900000.0,2024-09-05T00:00:00+01:00,2029-12-01T00:00:00Z,72000000,tender_419154/1404423,The provision of ServiceNow managed services and development support to FCDO.,https://www.contractsfinder.service.gov.uk/Notice/59e3f81f-012f-4b58-a6b7-1bd952517df9,1
Cognizant,True,2024,2024-08-27T00:00:00+01:00,2024-08-27T11:00:54+01:00,Department of Health and Social Care,DHSC: WIST: Technical Support Contract for IMS3/4,COGNIZANT WORLDWIDE LIMITED,2000000.0,2000000.0,2000000.0,2024-08-15T00:00:00+01:00,2026-08-14T00:00:00+01:00,72222300,CF-2560700D0O000000rwimUAA,IT Technical Support for IMS4 Mobilisation Phase.,https://www.contractsfinder.service.gov.uk/Notice/f87bd6ee-0f98-4fd5-a66f-d9c0885d8986,1
Cognizant,True,2024,2024-08-12T00:00:00+01:00,2024-08-22T11:41:35+01:00,Department for Work and Pensions,DaaS Engineeing - Re-engineering Transformation,Cognizant Worldwide ltd,1631070.0,1631070.0,2038838.0,2024-08-12T00:00:00+01:00,2025-08-11T00:00:00+01:00,72000000,tender_440662/1397661,"DWP Re-engineering teams within Data Enablement are transforming the way D&A builds new data products aligned to business strategy and business needs. There is a requirement to work in blended teams, consisting of DWP staff and partner experts and a key deliverable from this contract will include building products and services to DWP Gold Build standards and skills transfer to DWP staff.   
                 The programme has been working on enabling Digital to align Data delivery to the Hub and Spoke model outlined in the Data Strategy, whilst simultaneously building DWP internal capability t",https://www.contractsfinder.service.gov.uk/Notice/c91c8cf3-b761-453c-914a-3fc0b53e1e7f,1
Cognizant,True,2024,2024-06-22T00:00:00+01:00,2024-07-04T10:07:22+01:00,MINISTRY OF DEFENCE,DAS Enablement,COGNIZANT TECHNOLOGY SOLUTIONS GLOBAL SERVICES LIMITED,9725000.0,9725000.0,0.0,2024-06-22T00:00:00+01:00,2025-04-01T00:00:00+01:00,72260000,DF156,"** CALL OFF FROM CCS TECH SERVICES 3 FRAMEWORK **

Data Analytics Services (DAS) supporting Defence Data Analytics Platform (DDAP) to provide a loosely-coupled, secure and scalable multi-tenant platform, designed to provide MOD personnel with access to data, analytical software and powerful computational resources that can be scaled to meet demand, enabling MOD personnel to gain insights and make decisions based on accurate, joined up data using state of the art tools and techniques.",https://www.contractsfinder.service.gov.uk/Notice/5426962e-85dc-4d92-92b0-8b29ea3fd443,1
Cognizant,True,2024,2024-06-14T00:00:00+01:00,2024-07-03T11:00:07+01:00,British Business Bank,GB-Sheffield: Workday Developer,Cognizant Worldwide Limited,53675.0,53675.0,0.0,2024-06-17T00:00:00+01:00,2024-10-28T00:00:00Z,72000000,BIP872669920,For the Provision of a developer to support on the Workday project. Value stated is maximum and not guaranteed.,https://www.contractsfinder.service.gov.uk/Notice/84ca4421-ffaa-45ad-8dcd-f4bc4b4ad909,1
Cognizant,True,2024,2024-03-29T00:00:00Z,2024-07-02T16:10:06+01:00,British Business Bank,GB-Sheffield: BI additional development,Cognizant Worldwide Limited,72450.0,72450.0,0.0,2024-04-01T00:00:00+01:00,2024-06-30T00:00:00+01:00,72000000,BIP872665495,"For the Provision of BI additional Development for 3 months. The maximum contract value being £72,450.00",https://www.contractsfinder.service.gov.uk/Notice/724b2f5e-a857-40d3-a653-8010149af4a0,1
Cognizant,True,2024,2024-04-19T00:00:00+01:00,2024-07-02T16:05:05+01:00,British Business Bank,GB-Sheffield: CRM Developer,Cognizant Worldwide Limited,26400.0,26400.0,0.0,2024-04-22T00:00:00+01:00,2024-06-30T00:00:00+01:00,72000000,BIP872656913,"For the provision of a CRM developer to provide services for BI development and testing. The Contract value for a Maximum value of £26,400.00",https://www.contractsfinder.service.gov.uk/Notice/c4337ecd-f8ee-421e-9b94-c637e51b405c,1
Cognizant,True,2024,2024-05-02T00:00:00+01:00,2024-06-20T12:29:06+01:00,Department for Work and Pensions,Reference Data Service,Cognizant Worldwide Limited,913500.0,913500.0,1163500.0,2024-05-06T00:00:00+01:00,2026-05-03T00:00:00+01:00,72000000,tender_432868/1367671,"Provision of resources for delivery of the Beta phase for the Reference Data Service (RDS), which is a component of the Application Reference Architecture ARA. The ARA is a collection of reusable ""micro services"" handling citizen information which are connected via events and APIs to provide a seamless journey for DWP's Customers.",https://www.contractsfinder.service.gov.uk/Notice/a80c928a-e122-4d0d-96ea-4d5515575407,1
Cognizant,True,2024,2024-05-19T00:00:00+01:00,2024-05-28T15:16:15+01:00,Department for Work and Pensions,Digital Health &amp; Disability Services - Strengthening the Chain,Cognizant Worldwide Limited,182000.0,182000.0,227500.0,2024-05-20T00:00:00+01:00,2024-09-06T00:00:00+01:00,72222300,tender_421902/1359933,"To review the performance of JWHD's existing health and disability-focused workplace products and services.

The outcome of the review will produce insights into the opportunities available for the products/services in scope to better meet user and business needs, cohere to support user journeys in a way which provides an acceptable user experience, and improve the motivation and capability of workplace actors, so that disability and long-term health conditions are better supported at work.",https://www.contractsfinder.service.gov.uk/Notice/86b3ac36-dcd7-49d3-aa2d-25700d38e5a7,1
Cognizant,True,2024,2024-04-26T00:00:00+01:00,2024-05-17T11:46:46+01:00,N H S Shared Business Services,DIGITAL HEALTH ADVISORY (SBS10225),"Adecco UK Ltd,Axiologik Limited,Burendo Ltd,Blum Health Ltd,Carnall Farrar Ltd,Cognizant Worldwide Limited,Deloitte LLP,Ember Technology Ltd,Evolution Recruitment Solutions,Frazer-Nash Consultancy Ltd,Healthcare Innovation Consortium,Hyper Talent Solutions Ltd,Impelsys Inc,Kainos Software Limited,KPMG LLP,Mastek (UK) Ltd,Moorhouse Consulting Limited,Nordic Global,Practicus Limited,SMART CO CONSULTING LIMITED,Zensar Technologies (UK) Ltd,Channel 3 Consulting Ltd,Accenture (UK) Ltd,Storm ID Ltd,Healthcare Clinical Informatics Limited,Airelogic Limited,McKinsey &amp; Company,NHS Arden &amp; Greater East Midlands Commissioning Support Unit,NHS South, Central &amp; West Commissioning Support Unit,NHS North of England Commissioning Support Unit (hosted by NHS E,Maxwell Stanley Consulting Limited,Atos IT Services UK Ltd,Ernst &amp; Young LLP,KCL Digital,Royal Free London NHS Foundation Trust,St. Vincent&#039;s Consulting Ltd,Zaizi Limited,Apira Limited,Mott MacDonald Limited,Akeso &amp; Company",500000000.0,500000000.0,0.0,2024-03-25T00:00:00Z,2026-03-24T00:00:00Z,72000000,SBS10225,"NHS Shared Business Services act in an Agency capacity for and on behalf of its customers (Approved Organisations) - existing and new. These comprise of NHS and Social Care organisations (whether acting individually, or on behalf of, or together as members of any consortia) along with any other public or private sector bodies which NHS SBS authorises to use the resulting Framework.

NHS Shared Business Services Limited (NHS SBS) has put in place a Framework Agreement for the provision of Digital Health Advisory and related Goods and Services for Healthcare to be used by NHS SBS Approved Orga",https://www.contractsfinder.service.gov.uk/Notice/a30b32ff-1192-4a15-8456-43b9865bc1da,41
Cognizant,True,2024,2024-03-25T00:00:00Z,2024-03-29T08:14:06Z,UK Health Security Agency,Windows 7 Discovery - Phase 2 Server Remediation (SoW 038 &amp; SoW 039),COGNIZANT WORLDWIDE LIMITED,10900.0,166140.0,166140.0,2024-03-26T00:00:00Z,2024-08-25T00:00:00+01:00,72000000,CF-2276000D0O000000rwimUAA,"• Work Package 38.1.1 - Win7 Upgrade Phase 2
• Work Package 39.0.1 - Legacy Server Patching Technical Support - Fixed capacity",https://www.contractsfinder.service.gov.uk/Notice/2105b248-af5d-43e4-a22e-5c0410b5f821,1
Cognizant,True,2022,2022-11-21T00:00:00Z,2024-02-05T10:20:40Z,Defra,Tactical Application Development for MP&amp;DD,Cognizant Worldwide Limited,4700000.0,4700000.0,0.0,2022-11-01T00:00:00Z,2024-10-31T00:00:00Z,72212517,CF-0231200D8d000003VQwdEAG,Tactical Application Development for MP&DD,https://www.contractsfinder.service.gov.uk/Notice/83419717-d7f6-44df-8c9e-40a11de921ca,1
Cognizant,True,2024,2024-01-07T00:00:00Z,2024-01-17T10:45:27Z,Department for Work and Pensions,CCBS22A01 - Provision of Resource for the DWP Policy Analysis &amp; Stats (PAS) &amp; AC Re-platforming - Data and Analytics (Digital),Cognizant Worldwide Limited,772608.0,772608.0,965760.0,2024-01-08T00:00:00Z,2024-04-27T00:00:00+01:00,72000000,tender_395067/1302755,"CCBS22A01 - Provision of Resource for the DWP Policy Analysis & Stats (PAS) & AC Re-platforming - Data and Analytics (Digital)
Provision of Augmented Resources to support the DWP Policy Analysis &Stats and AC Re-platforming
DWP Policy Analysis & Stats (PAS) & AC Re-platforming",https://www.contractsfinder.service.gov.uk/Notice/5f243724-7b3d-4147-85b9-ad34cb2bc0da,1
Cognizant,True,2023,2023-12-22T00:00:00Z,2024-01-08T16:48:58Z,NHS England,API Management,COGNIZANT WORLDWIDE LIMITED,9902012.0,7922000.0,9902012.0,2024-01-03T00:00:00Z,2027-01-02T00:00:00Z,72267000,CF-2103200D0O000000rwimUAA,"The Buyer's API platform provides an easier way for it to build new APIs and for third parties to consume our APIs, using the latest open standards such as FHIR R4 for healthcare data and OAuth 2.0 for security. The developer hub is our developer-facing service, including the API catalogue, specifications and a portal where third parties can onboard and manage their security credentials.

The Buyer's API Management function is currently organised around the following four primary teams, each comprising flexibly staffed squads:

•	API Hosting Platform - Managing the infrastructure to suppor",https://www.contractsfinder.service.gov.uk/Notice/9699e7e2-d8a3-49c3-b3de-1336663af49b,1
Cognizant,True,2025,2025-10-20T00:00:00+01:00,2025-12-11T15:51:25Z,BANK OF ENGLAND,Technology Transformation &amp; Delivery Framework Contract Award - TECH-178,"ACCENTURE (UK) LIMITED,Baringa Partners LLP,Capgemini,CGI IT UK LIMITED,CIVICA UK LIMITED,COFORGE U.K. LIMITED,Cognizant Worldwide Ltd,Credera Limited,FDM Group Limited,La Fosse Associates Limited,Mastek (UK) Ltd,PA CONSULTING SERVICES LIMITED,Peregrine International Limited,Resource Solutions Workforce Management Limited (trading as Robe,Version 1 Solutions Limited,Virtusa Consulting &amp; Services Limited",180000000.0,0.0,0.0,2025-12-05T00:00:00Z,2029-12-04T00:00:00Z,48000000 72000000,Tech-178,"Award of the Technology Transformation & Delivery Framework (TDF). 

The contracts are a multi-lot, multi-supplier framework agreement for the provision of services to support the various functions of the Bank's Technology Directorate. The appointed suppliers will provide project delivery services both on-site at the Bank's premises as well as off-site where appropriate.  

The TDF Framework contract will be in place for four years. There is no committed spend.


Lot 1 - Infrastructure Services - Accenture, Capgemini, Cognizant, Virtusa.
Lot 2 - Platform Services - Accenture, Capgemini",https://www.contractsfinder.service.gov.uk/Notice/cefcd269-5048-43ce-a7bd-5d5ece3a54a8,16
Cognizant,True,2025,2025-05-19T00:00:00+01:00,2025-05-28T12:21:29+01:00,Ministry of Justice,LAA Bench Model Technical Architecture Services,Cognizant Ltd,4846080.0,660000.0,4846080.0,2025-05-15T00:00:00+01:00,2027-11-14T00:00:00Z,72267000,tender_432490/1482611,Data specialists to support the Technical Architecture Services by Cognizant,https://www.contractsfinder.service.gov.uk/Notice/e5b79a0a-ccc6-403e-b231-65c3492e513f,1
Cognizant,True,2025,2025-12-09T00:00:00Z,2025-12-18T08:43:17Z,National Highways Limited,ORT - Operational Technology Commercial Framework Extension,"Core Control Solutions Limited,Costain Integrated Technology Solutions Limited,Cross 8 Limited,Cubic Transportation Systems Limited,DW Windsor Limited,Frazer&#xAD;-Nash Consultancy Ltd,Arcadis Consulting (UK) Limited,Indra Sistemas S.A,Infratec-UK Limited,Intelligent Transformation Limited,J1-LED Intelligent Transport Systems Pty Limited,Jacobs U.K. Limited,Jenoptik  UK Limited,Kier Highways Limited,KPMG LLP,Leidos Innovations UK Ltd,Marston Holdings Limited,Morson Projects Limited,Motorola Solutions UK Limited,Mott MacDonald Limited,Navtech Radar Limited,Neology UK Limited,Netcompany Ltd,Nicander Limited,Ove Arup &amp; Partners Limited,P Ducker Systems Limited,PA Consulting Services Limited,Pell Frischmann Consulting Engineers Ltd  (T/A D4SERV),PricewaterhouseCoopers LLP,Q-FREE (Bristol) UK Limited,Redflex Traffic Systems Limited,Ritherdon &amp; Co Limited,Sociedad Iberica de Construcciones Electricas, Sociedad Anonima ,Sopra Steria Limited,Swarco UK,Swarco UK &amp; Ireland,Sweco,Techmiracle Technologies Limited,Telent Technology Services Limited,The Nichols Group Limited,TRL Limited,Turner &amp; Townsend Consulting Limited,Vaisala Limited,Vivacity Labs Limited,WJ North Limited,WSP UK Limited,Yunex Limited,Actica Consulting Ltd,ADMA Solutions Limited,Aecom Limited,Altaroute Ltd,Amey OW Limited,Arcadis Consulting (UK) Limited,Atkins Limited,Atos IT Services UK Limited,Campbell Scientific Limited,Causeway Technologies Limited,Certes IT Service Solutions Limited,Chubb Fire &amp; Security Limited t/a Chubb Systems,Clearview Intelligence Limited,Cognizant Worldwide Limited,Colas Limited",600000000.0,600000000.0,0.0,2025-12-10T00:00:00Z,2028-01-09T00:00:00Z,72222300,tender_474126/1538563,"The Operational Technology Commercial Framework (OTCF) is a commercial vehicle to support the delivery of the National Highways operational technology pipeline and to meet the strategic aims of National Highways.

The OTCF is comprised of five Lots and National Highways awarded it on 10 January 2022 and published a Contract Award Notice on 26 January 2022.

This notice concerns the extension of the OTCF from 9 January 2026 to 9 January 2028 pursuant to Regulations 72(1)(e) and/or 72(1)(c) Public Contracts Regulations 2015 (PCR).

For further information, please see the Voluntary Ex Ante ",https://www.contractsfinder.service.gov.uk/Notice/ca3746dd-a5e4-4f8c-b959-9016683d1fb8,63
Cognizant,True,2025,2025-10-01T00:00:00+01:00,2025-11-20T13:05:39Z,BANK OF ENGLAND,Technology services,COGNIZANT WORLDWIDE LIMITED,84100.0,84100.0,0.0,2025-10-01T00:00:00+01:00,2025-11-28T00:00:00Z,72222000,CON/1001310 - 77,"Provision of technology services.  

Awarded under Technology Support Services Framework. 

For statements of work awarded between 1st October and 31st October 2025",https://www.contractsfinder.service.gov.uk/Notice/c22a0221-2d9e-4773-b50b-8409f533d3eb,1
Cognizant,True,2025,2025-09-01T00:00:00+01:00,2025-11-05T13:53:53Z,BANK OF ENGLAND,Technology services,COGNIZANT WORLDWIDE LIMITED,291285.0,291285.0,0.0,2025-09-01T00:00:00+01:00,2026-04-30T00:00:00+01:00,72222000,CON/1001310 - 72,"Provision of technology services.  

Awarded under Technology Support Services Framework. 

For statements of work awarded between 1st September and 30th September 2025",https://www.contractsfinder.service.gov.uk/Notice/fb132b36-b0ad-4e76-827d-c247ecd67fb7,1
Cognizant,True,2025,2025-10-01T00:00:00+01:00,2025-10-15T08:55:50+01:00,Department of Health and Social Care,DHSC: NHSE Transformation: IT Consultancy,COGNIZANT WORLDWIDE LIMITED,8000000.0,5333333.0,8000000.0,2025-10-01T00:00:00+01:00,2028-09-30T00:00:00+01:00,72000000,CF-3221400D0O000000rwimUAA,IT Consultancy services for the Transformation Programme,https://www.contractsfinder.service.gov.uk/Notice/e3c0689d-f552-424c-9ae8-d06641d7b83e,1
Cognizant,True,2025,2025-07-01T00:00:00+01:00,2025-10-02T15:54:35+01:00,BANK OF ENGLAND,Technology services,COGNIZANT WORLDWIDE LIMITED,608825.0,608825.0,0.0,2025-07-01T00:00:00+01:00,2025-11-30T00:00:00Z,72222000,CON/1001310 - 65,"Provision of technology services.  

Awarded under Technology Support Services Framework. 

For statements of work awarded between 1st August and 31st August 2025",https://www.contractsfinder.service.gov.uk/Notice/f0654066-caa5-40d3-b86d-2bf8fad55173,1
Cognizant,True,2025,2025-06-13T00:00:00+01:00,2025-09-22T14:50:05+01:00,FCA,Data &amp; Analytics Product Group DevSecOps Support,COGNIZANT WORLDWIDE LIMITED,18480884.76,14216065.2,18480884.76,2025-09-15T00:00:00+01:00,2028-09-14T00:00:00+01:00,72222300 72267100 72000000,CF-0027800D8d000009sg5IEAQ,"The Data & Analytics Product Group (DAPG) awarded DevSecOps services for bespoke Amazon Web Services (AWS) hosted products. These products fall within four product sets (1) Data Management Product (DMP), (2) Enterprise Data Platform (EDP), (3) Advanced Analytics Product (AAP) and (4) the Data Intelligence Product (DIP).",https://www.contractsfinder.service.gov.uk/Notice/597de1fa-988e-4ce6-b620-af1510f3a3ab,1
Cognizant,True,2025,2025-09-01T00:00:00+01:00,2025-09-19T10:14:13+01:00,H M REVENUE &amp; CUSTOMS,PAYE Expenses delivery,Cognizant Worldwide Limited,1250000.0,1250000.0,0.0,2025-09-01T00:00:00+01:00,2026-03-31T00:00:00+01:00,72000000,CW102649,This contract is for the provision of service supporting the Digital Modernisation Service. Specifically provision of a front-end Development Service to support HMRC'S digital PAYE component. Awarded under the DALAS framework.,https://www.contractsfinder.service.gov.uk/Notice/4e32579e-01b4-4a7e-bcf7-4b265dead444,1
Cognizant,True,2025,2025-07-01T00:00:00+01:00,2025-09-18T16:57:21+01:00,BANK OF ENGLAND,Technology services,COGNIZANT WORLDWIDE LIMITED,567525.0,567525.0,0.0,2025-07-01T00:00:00+01:00,2025-12-31T00:00:00Z,72222000,CON/1001310 - 60,"Provision of technology services.  

Awarded under Technology Support Services Framework. 

For statements of work awarded between 1st July and 31st July 2025",https://www.contractsfinder.service.gov.uk/Notice/f6c4f1ca-403f-44a4-bdc3-3717f4b15d36,1
Cognizant,True,2025,2025-06-01T00:00:00+01:00,2025-08-27T16:13:05+01:00,BANK OF ENGLAND,Technology Services,COGNIZANT WORLDWIDE LIMITED,136725.0,136725.0,0.0,2025-06-01T00:00:00+01:00,2025-12-01T00:00:00Z,72222000,CON/1001310 - 53,"Provision of technology services.  

Awarded under Technology Support Services Framework. 

For statements of work awarded between 1st June and 30th June 2025",https://www.contractsfinder.service.gov.uk/Notice/3ccdc6ec-52c3-43a2-8c35-a7f02e422dff,1
Cognizant,True,2025,2025-06-19T00:00:00+01:00,2025-07-30T15:40:03+01:00,British Business Bank,GB-Sheffield: IT Resource (RM6263),Cognizant Worldwide Limited,2500000.0,2500000.0,0.0,2025-07-01T00:00:00+01:00,2026-06-30T00:00:00+01:00,79600000,BIP965070373,"IT Resource Contracts for British Business Bank IT project based work. The contact award is a maximum of £2.5m and all costs, inclusive of fee's are encompassed within in this contract",https://www.contractsfinder.service.gov.uk/Notice/233eb62c-0e30-4914-ba67-350fa2b27a1a,1
Cognizant,True,2025,2025-04-11T00:00:00+01:00,2025-07-23T11:54:01+01:00,Department for Work and Pensions,Managed Services,Cognizant,735538.0,735538.0,764960.0,2025-04-14T00:00:00+01:00,2025-10-13T00:00:00+01:00,72000000,tender_482591/1501743,Managed Services,https://www.contractsfinder.service.gov.uk/Notice/04f472d2-c7af-4730-b529-4141ce45feec,1
Cognizant,True,2025,2025-05-01T00:00:00+01:00,2025-07-08T16:28:45+01:00,BANK OF ENGLAND,Professional technology services,COGNIZANT WORLDWIDE LIMITED,798415.0,798415.0,0.0,2025-05-01T00:00:00+01:00,2026-04-30T00:00:00+01:00,72222000,CON/1001310 - 46,"Provision of professional technology services.  

Awarded under Technology Support Services Framework. 

For statements of work awarded between 1st May and 31st May 2025",https://www.contractsfinder.service.gov.uk/Notice/92c8c5a4-1b20-4b33-a578-c286d5765a6a,1
Cognizant,True,2025,2025-06-13T00:00:00+01:00,2025-06-23T15:13:26+01:00,Department for Education,Funding Service - &quot;Run and Refine&quot; Contract,Cognizant Worldwide,18267364.0,18267364.0,0.0,2025-07-01T00:00:00+01:00,2027-06-12T00:00:00+01:00,72222300,tender_464705/1493675,"The contract will establish a single Supplier Contract for the purchase of digital delivery capabilities to Run and Refine the Funding Service which is a group of digital products relating to the ESFA and DfE's Funding offering to education providers. The Supplier shall:
- Develop the Funding Service
- Create a sustainable BAU service 
- Test, run and fix the Funding Service
- Update the service and work operationally 
- Provide DevOps services",https://www.contractsfinder.service.gov.uk/Notice/0e009b8c-204c-4412-85c7-e093213a14ed,1
Cognizant,True,2025,2025-04-01T00:00:00+01:00,2025-06-18T10:13:47+01:00,BANK OF ENGLAND,Professional technology services,COGNIZANT WORLDWIDE LIMITED,182900.0,182900.0,0.0,2025-04-01T00:00:00+01:00,2025-10-02T00:00:00+01:00,72222000,CON/1001310 - 39,"Provision of professional technology services.  

Awarded under Technology Support Services Framework. 

For statements of work awarded between 1st April and 30th April 2025",https://www.contractsfinder.service.gov.uk/Notice/ee1b4b58-926e-48e8-84dd-8a8a419a053e,1
Cognizant,True,2025,2025-03-01T00:00:00Z,2025-06-04T15:55:09+01:00,BANK OF ENGLAND,Professional technology services,COGNIZANT WORLDWIDE LIMITED,676310.0,676310.0,0.0,2025-03-01T00:00:00Z,2025-10-01T00:00:00+01:00,72222000,CON/1001310 - 33,"Provision of professional technology services. 
Awarded under Technology Support Services Framework.
For statements of work awarded between 1st March and 31st March 2025",https://www.contractsfinder.service.gov.uk/Notice/b9cd7b78-fd06-49a0-a73a-8bce84591be9,1
Cognizant,True,2025,2025-01-01T00:00:00Z,2025-04-15T13:37:17+01:00,BANK OF ENGLAND,Professional technology services,COGNIZANT WORLDWIDE LIMITED,1112875.0,1112875.0,0.0,2025-01-01T00:00:00Z,2025-08-15T00:00:00+01:00,72222000,CON1001310 - 23,"Provision of professional technology services. 
Awarded under Technology Support Services Framework.
For statements of work awarded between 1st Jan and 28th Feb 2025",https://www.contractsfinder.service.gov.uk/Notice/e21c1a1d-39cc-4d8d-9ed9-c97f24b5539a,1
Cognizant,True,2024,2024-11-01T00:00:00Z,2025-04-07T16:49:22+01:00,BANK OF ENGLAND,Professional technology services,COGNIZANT WORLDWIDE LIMITED,780025.0,780025.0,0.0,2024-11-01T00:00:00Z,2025-07-31T00:00:00+01:00,72222000,CON1001310 - 19,"Provision of professional technology services. 
Awarded under Technology Support Services Framework.
For statements of work awarded between 1st Nov and 31st Dec 2024",https://www.contractsfinder.service.gov.uk/Notice/3cc15984-036f-440e-b402-432333c8fbba,1
Cognizant,True,2024,2024-09-01T00:00:00+01:00,2025-04-07T16:44:55+01:00,BANK OF ENGLAND,Professional technology services,COGNIZANT WORLDWIDE LIMITED,1168010.0,1168010.0,0.0,2024-09-01T00:00:00+01:00,2025-04-23T00:00:00+01:00,72222000,CON1001310 - 18,"Provision of professional technology services. 
Awarded under Technology Support Services Framework.
For statements of work awarded between 1st Sept and 31st Oct 2024",https://www.contractsfinder.service.gov.uk/Notice/118b2290-7860-4e7a-a9d2-8fd370318104,1
Cognizant,True,2025,2025-03-16T00:00:00Z,2025-04-04T13:10:09+01:00,Department for Work and Pensions,Policy Discovery,Cognizant Worldwide Limited,351220.0,351220.0,439025.0,2025-03-17T00:00:00Z,2025-06-29T00:00:00+01:00,72000000,tender_479043/1467682,The aim is to better meet user and business needs by developing existing products and services to form a more coherent and complete offer and filling key gaps.,https://www.contractsfinder.service.gov.uk/Notice/06e1b3fa-04f1-4bea-be8b-356e0fa8467b,1
Cognizant,True,2024,2024-09-27T00:00:00+01:00,2025-03-31T10:02:43+01:00,Financial Conduct Authority,IPG Strategic DevOps Partner,COGNIZANT WORLDWIDE LIMITED,24914001.6,24914001.6,25000000.0,2025-04-01T00:00:00+01:00,2028-03-31T00:00:00+01:00,72000000,CF-0022500D8d000009sg5IEAQ,The Infrastructure Product Group (IPG) Contract is to provide the FCA with a team of cloud resources to support critical business deliverables and also to explore our DevSecOps maturity and move to a more outcome-based set-up during the contract term.,https://www.contractsfinder.service.gov.uk/Notice/a8831b13-4d0f-4980-82de-5d877240d01b,1
Cognizant,True,2025,2025-03-06T00:00:00Z,2025-03-26T10:10:00Z,FCA,Workday AMS under DSF,COGNIZANT WORLDWIDE LIMITED,12291840.0,7200000.0,12291840.0,2025-04-01T00:00:00+01:00,2030-03-31T00:00:00Z,72000000,CF-0021500D8d000009sg5IEAQ,The ERP Product Group require the procurement of a Workday Application Management Services partner in order to support the delivery of enhancements required by the business.,https://www.contractsfinder.service.gov.uk/Notice/283830af-4b3b-4a7b-82f7-097b28331f65,1
Cognizant,True,2025,2025-02-12T00:00:00Z,2025-02-25T14:26:09Z,Department for Education,"Data Science and Advanced Analytics Division Development, Dev Ops, Architecture and Data Engineering",Cognizant Worldwide Limited,9998223.0,1.0,9998223.0,2025-02-18T00:00:00Z,2027-02-17T00:00:00Z,72000000,tender_458814/1451991,"managed services to support critical 
data services, projects, programmes, and 
emerging technologies to increase user 
satisfaction across the education sector and 
deliver enhanced value on taxpayers' 
monies",https://www.contractsfinder.service.gov.uk/Notice/3c89b790-1145-4261-8400-8d9f744bb517,1
Cognizant,True,2025,2025-01-22T00:00:00Z,2025-02-20T11:59:28Z,Department for Work and Pensions,ecm_12726 Health Data Strategy,Cognizant Worldwide LTD,81600.0,81600.0,0.0,2025-01-22T00:00:00Z,2025-03-31T00:00:00+01:00,72222300,tender_474240/1454181,"Key components will be the development of choices and a North Star vision for a Data 
approach for Health & Disability. The team will define the value & scope of any future 
capabilities in alignment to DWP, H&D and the Health Transformation Programme and 
build a picture of the choices and options available. The team also has a remit to 
design of the onboarding of new data to sets to the health data platform to aid the 
scaling of the new PIP service. As part of the Data Strategy the team will be 
implementing a new data governance framework across Health & Disability.",https://www.contractsfinder.service.gov.uk/Notice/f75349e2-1891-4765-9cc6-03070cf9e48c,1
Cognizant,True,2025,2025-02-07T00:00:00Z,2025-02-11T17:22:10Z,"UKHSA - Finance, Commercial &amp; Corporate Services",Win Server 2012 remediation,COGNIZANT WORLDWIDE LIMITED,63270.0,63270.0,0.0,2025-02-11T00:00:00Z,2026-03-31T00:00:00+01:00,72611000,CF-2817300D0O000000rwimUAA,"Window server 2012 remediation which includes: 

Work Package 40.1 - 2012 Server Upgrade Initiation Planning and Migration Phase

Work Package 41.1 - Server Upgrades Phase 1",https://www.contractsfinder.service.gov.uk/Notice/670f726f-2da5-42fa-ae83-1c7e9018c15a,1
Cognizant,True,2025,2025-01-06T00:00:00Z,2025-01-24T09:03:17Z,Home Office,Central Architecture Services,Cognizant,40000000.0,0.0,0.0,2025-01-07T00:00:00Z,2029-01-06T00:00:00Z,72000000,tender_476290/1445348,"Central contract for the provision of technical architecture services - SFIA 3, 4 & 5 services.",https://www.contractsfinder.service.gov.uk/Notice/63e848a3-e569-4689-b59b-c6856fb9423a,1
Cognizant,True,2024,2024-12-18T00:00:00Z,2025-01-07T09:05:30Z,"Ministry of Housing, Communities and Local Government",Digital &amp; Data Capability for MHCLG Spatial Data Unit,Cognizant Worldwide Limited,19000000.0,20000.0,19000000.0,2024-12-16T00:00:00Z,2028-12-15T00:00:00Z,72222300,CPD4126193,"The Ministry of Housing, Communities and Local Government (MHCLG) is appointing a supplier to work on a range of business-critical data projects to support decision making by Ministers and policy teams at pace.

This will include high profile projects requiring quick access to technical expertise to research, design, build and iterate data services/tools to deliver outcomes rapidly in response to ministerial requests. 

In parallel there are longer term requirements to establish foundational (infrastructure) data capability, as outlined in the MHCLG data strategy, and provide support to ex",https://www.contractsfinder.service.gov.uk/Notice/ea154164-3ee7-4569-be5b-1767520ba0de,1
Cognizant,True,2024,2024-12-02T00:00:00Z,2025-01-03T13:23:48Z,H M REVENUE &amp; CUSTOMS,UCR Run Model,Cognizant Worldwide Ltd,791570.0,791570.0,0.0,2024-12-02T00:00:00Z,2026-06-02T00:00:00+01:00,72000000,SR1979503126,"UCR need to establish a cost-effective Salesforce and Mulesoft live service by December 2024. The incumbent provision is due to complete build work by December 2024. It is required that knowledge transfer will commence between the incumbent build provision and service provision of the Live Service through October-December 2024 (dependant on contract start date). 

In parallel HMRC have started the early work to build their own in-house Salesforce and Mulesoft support capability, but currently with limited Salesforce and Mulesoft knowledge this will take time. They need support from the servi",https://www.contractsfinder.service.gov.uk/Notice/85f94420-6a35-4c9e-81a2-2dab9579707d,1
Cognizant,True,2026,2026-03-24T00:00:00Z,2026-04-24T21:11:52+01:00,Medicines and Healthcare Products Regulatory Agency,C433397 - Cognizant - Project Management Programme Management Delivery Management Applications  Engineering Services,COGNIZANT WORLDWIDE LIMITED,2000000.0,2000000.0,2000000.0,2026-04-01T00:00:00+01:00,2027-03-31T00:00:00+01:00,72222300,CF-3513200D0O000000rwimUAA,Project Management Programme Management Delivery Management Applications  Engineering Services,https://www.contractsfinder.service.gov.uk/Notice/ae382478-d615-43bf-9fb6-33ff228c176a,1
Cognizant,True,2026,2026-04-27T00:00:00+01:00,2026-05-08T14:12:44+01:00,Cognizant Worldwide Limited,Workplace Health and Disability Support Offer - Universal Inclusion Discovery,Cognizant Worldwide Ltd,160050.0,160050.0,180050.0,2026-04-27T00:00:00+01:00,2026-08-14T00:00:00+01:00,72000000,CF-0028700DQH00000FUqLV2A1,"A 16-week discovery to test hypotheses and explore how a framework of workplace design principles (including relating to the physical environment, policies and procedures and 
communications) might be applied in workplaces of various sizes in a manageable and proportionate way that creates value and makes sense to employers and employees.",https://www.contractsfinder.service.gov.uk/Notice/aed50351-d3f9-4730-bdbc-a5134119c971,1
Cognizant,True,2026,2026-05-20T00:00:00+01:00,2026-08-14T16:34:26+01:00,H M REVENUE &amp; CUSTOMS,Low Code Leadership and Configuration Services for Build and DevOps - Lot 1,Cognizant Worldwide Limited,360000000.0,360000000.0,0.0,2026-07-13T00:00:00+01:00,2031-07-12T00:00:00+01:00,72000000,CW109248,"The provision of specialist low-code build, configuration, DevOps and live service management services for HMRC's low code technology estate. The contract supports the design, development, testing, deployment, operation and continuous improvement of low-code products and services. The contract has an initial term of three years with two optional 12 month extension periods.",https://www.contractsfinder.service.gov.uk/Notice/444678fa-1667-4443-8588-d43ea58617c8,1
Cognizant,True,2026,2026-07-06T00:00:00+01:00,2026-07-17T12:41:30+01:00,"Department for Environment, Food &amp; Rural Affairs",Quality Assurance Testing (QAT) services,Cognizant Worldwide Limited,15000000.0,15000000.0,0.0,2026-06-30T00:00:00+01:00,2029-06-29T00:00:00+01:00,72225000,CF-0656800D8d000003VQwdEAG,Quality Assurance Testing (QAT) services,https://www.contractsfinder.service.gov.uk/Notice/85575844-452c-40e5-a4b7-1753afe330ec,1
Cognizant,True,2026,2026-05-20T00:00:00+01:00,2026-06-03T10:56:27+01:00,Home Office,DDaT MBTP Caseworking Enablers,Cognizant Worldwide Limited,98800000.0,82754646.0,98800000.0,2026-05-20T00:00:00+01:00,2029-05-19T00:00:00+01:00,72246000 72261000 72266000 72268000 72611000,tender_441645/1579335,"The contract brings together three critical capabilities: Daily Operations Dashboard, Atlas Interfaces and Proving Things to Government to support essential immigration and border operations.",https://www.contractsfinder.service.gov.uk/Notice/41c0f01c-13ba-43d3-b5f1-c3979f5c8b2a,1
Cognizant,True,2026,2026-05-05T00:00:00+01:00,2026-05-08T11:52:11+01:00,Department for Works and Pensions,Unified Data Platform Strategic Partner,Cognizant Worldwide Ltd,13500000.0,13500000.0,13500000.0,2026-05-05T00:00:00+01:00,2029-05-04T00:00:00+01:00,72000000,CF-0028600DQH00000FUqLV2A1,"A strategic partner to lead the delivery on the design and delivery of a Unified Data Platform, the migration of data to the platforms and the decommissioning of the legacy platforms.",https://www.contractsfinder.service.gov.uk/Notice/853a0027-3fc8-4bcf-98f9-1bb6ea21d06a,1
Cognizant,True,2026,2026-02-10T00:00:00Z,2026-03-23T13:33:11Z,H M REVENUE &amp; CUSTOMS,Application Testing Service Lot 2,Cognizant Worldwide Limited,9600000.0,9600000.0,0.0,2026-03-23T00:00:00Z,2031-03-22T00:00:00Z,72000000,CW106565,"A partner to provide Specialist Quality Assurance (QA) Services for projects and programmes across HMRC. Including:
 Quality Assurance & DevOps
 Infrastructure Testing
 Accessibility Quality Assurance and Testing",https://www.contractsfinder.service.gov.uk/Notice/3ba3cc5f-d0e3-43a8-aaeb-2159c5da1320,1
Cognizant,True,2025,2025-12-19T00:00:00Z,2026-02-12T12:24:27Z,DSIT,Guidelines on AI-ready Datasets,COGNIZANT WORLDWIDE LIMITED,37500.0,37500.0,0.0,2025-12-22T00:00:00Z,2026-01-09T00:00:00Z,72330000,tender_516102/1552277,"The National Data Library in the Government Digital Service procured services to develop guidelines and best practices for releasing government datasets which can be used for AI, including on the development of effective data structures and data dissemination methods.",https://www.contractsfinder.service.gov.uk/Notice/1498c79e-5590-460e-ab45-b8cbd5578d3f,1
Cognizant,True,2025,2025-11-01T00:00:00Z,2026-01-20T13:09:59Z,BANK OF ENGLAND,Technology services,COGNIZANT WORLDWIDE LIMITED,61950.0,61950.0,0.0,2025-11-01T00:00:00Z,2025-12-31T00:00:00Z,72222000,CON/1001310 - 82,"Provision of technology services.
Awarded under Technology Support
Services Framework.
For statements of work awarded between
Q3/Q4 2025",https://www.contractsfinder.service.gov.uk/Notice/54a9d635-a2af-4450-b5e5-9d539634dd4b,1
Cognizant,True,2026,2026-01-09T00:00:00Z,2026-01-14T16:52:39Z,MINISTRY OF DEFENCE,"Digital Decision Accelerators for Defence (DDAD), UK6 Contract Award Notification (CAN)","Anduril Industries UK LTD,Antillion Ltd,Applied Data Science Partners,ATOS IT SERVICES UK LIMITED,BRITISH TELECOMMUNICATIONS PUBLIC LIMITED COMPANY,CACI LIMITED,Cognizant Worldwide Limited,Deloitte LLP,Faculty Science Limited,HADEAN SUPERCOMPUTING LTD,Helsing Limited,INTELLIUM AI LTD,JET ENGINEERING SYSTEM SOLUTIONS LTD,LEONARDO UK LTD,MIND FOUNDRY LIMITED,ORACLE CORPORATION UK LIMITED,OXFORD DYNAMICS LIMITED,PLEXTEK SERVICES LIMITED,QINETIQ LIMITED,RESEARCH INNOVATIONS INCORPORATED,ROKE MANOR RESEARCH LIMITED,ROWDEN TECHNOLOGIES LTD.,SENSUSQ LTD,SYSTEMATIC SOFTWARE ENGINEERING LIMITED,TEKEVER LTD,TELICENT LTD",26.0,180000000.0,0.0,2026-01-26T00:00:00Z,2029-01-26T00:00:00Z,72212100 72231000 73100000 73410000,DDAI/010,"The Ministry of Defence (MOD) has concluded its procurement process for a new Defence and Security Open Framework, specifically created to foster a deep eco-system for advanced digital decision-supporting capabilities. An Open Framework is a scheme of successive framework iterations that are periodically re-opened (competed) under substantially unchanged terms.

For the avoidance of doubt within this published CAN, as an Open Framework the listed Suppliers are subject to change following a framework reopening. When this occurs, the Authority will communicate this update with industry via upd",https://www.contractsfinder.service.gov.uk/Notice/7aafc1b3-ff70-4d93-a920-a3e9100923f2,26
Cognizant,True,2025,2025-11-28T00:00:00Z,2026-01-14T10:33:30Z,FCA,Market Intelligence &amp; Enforcements &amp; Market Data Processing Platform March25,COGNIZANT WORLDWIDE LIMITED,47000000.0,30000000.0,47000000.0,2025-11-28T00:00:00Z,2030-11-27T00:00:00Z,72000000,CF-0033900D8d000009sg5IEAQ,"The Markets, Intelligence and Enforcement (MIE) Product Group procured DevOps services for bespoke AWS hosted products within its remit. These products fall within two product sets: Market Monitoring & Reporting (MMR) and the FCA Registers portal (FCA Publication / Publishing).
Within the MMR ecosystem sits the Market Data Processing Platform (MDP). MDP is the FCA's data collection platform for financial transactions and is currently a 3rd party managed service.",https://www.contractsfinder.service.gov.uk/Notice/1f1187d9-a3f1-4a25-ba40-6ee6270dffa8,1
Accenture,True,2018,2018-05-31T00:00:00+01:00,2018-11-21T12:16:59Z,MEDICINES and HEALTHCARE PRODUCTS REGULATORY AGENCY,Accenture ServiceNow Cloud Services,ACCENTURE (UK) LIMITED,250000.0,250000.0,0.0,2018-06-01T00:00:00+01:00,2020-05-30T00:00:00+01:00,72000000,project_3871/ecm_6070,Accenture ServiceNow Cloud Services (in association with Focus Group Europe),https://www.contractsfinder.service.gov.uk/Notice/8c792064-4412-4ee1-9145-33c447949026,1
Accenture,True,2018,2018-03-19T00:00:00Z,2018-11-27T15:17:05Z,Home Office,Proc325 Pega Licenses,Accenture (UK) Limited,1740000.0,1740000.0,1740000.0,2018-03-19T00:00:00Z,2018-06-29T00:00:00+01:00,72000000,CF-0022200D58000000L5A4EAK1,The contract is for the purchasing of Pega Licenses through Accenture as a preferred partner of PegaSystems.,https://www.contractsfinder.service.gov.uk/Notice/d02daf58-a3c1-4b04-ba33-1dc08ab009c0,1
Accenture,True,2018,2018-06-22T00:00:00+01:00,2018-07-17T15:38:53+01:00,The Post Office,Common Digital Platform Services and Hosting,ACCENTURE (UK) LIMITED,3253750.0,3253750.0,0.0,2018-06-25T00:00:00+01:00,2020-06-21T00:00:00+01:00,72000000,CDP re-procurement,"Accenture is a leading global professional services company providing a range of strategy, consulting, digital, technology & operations services and solutions. Post Office Limited (POL) has a Common Digital Platform (CDP) that is used to provide online web presence to customers and to enable third party integration services. This is a contract to provide services for POL's CDP over the next two years which could include service hosting, application development and application management services.",https://www.contractsfinder.service.gov.uk/Notice/f4852c07-d77d-4dc2-b7b1-ff26cc7c3c90,1
Accenture,True,2018,2018-11-01T00:00:00Z,2018-11-27T15:08:46Z,Home Office,EU Exit - PEGA Caseworking Support - PROC 359,Accenture (UK) Limited,2500000.0,2500000.0,2500000.0,2018-11-01T00:00:00Z,2020-10-31T00:00:00Z,72000000,CF-0022100D58000000L5A4EAK1,Provision of L3 application support (LIVE) for EU Case Working solution (PEGA Systems),https://www.contractsfinder.service.gov.uk/Notice/e642846c-4700-46b2-b3df-50d0fc6587e2,1
Accenture,True,2018,2018-05-16T00:00:00+01:00,2018-11-27T15:05:30Z,Home Office,Proc334 IVACs Rebuild,Accenture (UK) Limited,3400000.0,3400000.0,3400000.0,2018-05-16T00:00:00+01:00,2020-05-15T00:00:00+01:00,72000000,CF-0022000D58000000L5A4EAK1,PER CONTRACT TITLE,https://www.contractsfinder.service.gov.uk/Notice/2f75943f-92ff-4f27-976f-cc7c5970b1c4,1
Accenture,True,2018,2018-05-11T00:00:00+01:00,2018-11-27T14:58:58Z,Home Office,Proc297 Case Working Delivery Partner 2,Accenture (UK) Limited,9500000.0,9500000.0,9500000.0,2018-05-11T00:00:00+01:00,2020-05-11T00:00:00+01:00,72000000,CF-0006800D58000000L5A4EAK1,Replacement for Mastek contract. Value is based on the current value of the Mastek contract,https://www.contractsfinder.service.gov.uk/Notice/380b7b37-43a1-4160-8474-1c1ab3509589,1
Accenture,True,2018,2018-04-27T00:00:00+01:00,2018-11-16T15:36:45Z,Crown Commercial Service,CO - Organisational Design services contract,Accenture (UK) Ltd,445500.0,445500.0,0.0,2018-04-30T00:00:00+01:00,2018-07-31T00:00:00+01:00,72000000,CCIT18A26.,"This contract has already been awarded and is published for transparency purposes.
The Cabinet Office supports the Prime Minister and ensures the effective running of government. It is also the corporate headquarters for government, in partnership with HM Treasury, and takes the lead in certain critical policy areas.
Contract to provide expert Organisational Design services to deliver a Target Operating Model for all clusters and an engagement plan for frontline staff for a key government transformation programme.
The contract is a call-off from the CCS Digital Outcomes and Specialists 2 fr",https://www.contractsfinder.service.gov.uk/Notice/97234f00-93a7-4249-a14b-20cec2efd4bb,1
Accenture,True,2018,2018-09-11T00:00:00+01:00,2018-10-09T09:56:04+01:00,University of Leeds,GB-Leeds: GDPR System Compliance - Technical Assessment and Validation,Accenture UKI,150000.0,150000.0,0.0,2018-10-01T00:00:00+01:00,2019-03-29T00:00:00Z,72220000,BIP350667955,"Please Note : This contract has been awarded.
      
      The University required support to assess and validate various internal systems in relation to GDPR and was seeking a provider to undertake this work.",https://www.contractsfinder.service.gov.uk/Notice/3d8de9f3-c59b-4a3b-9e36-e7efd8349ad4,1
Accenture,True,2018,2018-09-20T00:00:00+01:00,2018-09-24T16:59:04+01:00,FOREIGN &amp; COMMONWEALTH OFFICE,Implementation partner for Atlas Programme,ACCENTURE (UK) LIMITED,15270588.0,15270588.0,0.0,2018-09-01T00:00:00+01:00,2020-08-31T00:00:00+01:00,72000000,CPG/2862/2018,"Capability to migrate from an on-premises Oracle e-Business Suite Enterprise Resource Planning system to Oracle Cloud Fusion, and to facilitate business change that enables adoption of standard government processes.",https://www.contractsfinder.service.gov.uk/Notice/c7f4322d-5eff-4db1-8ebf-8625690adeb0,1
Accenture,True,2018,2018-08-28T00:00:00+01:00,2018-09-21T09:24:15+01:00,Crown Commercial Service,Management Consultancy Framework 2 (MCF2) - Phase 2,Accenture (UK) Limited,1250000000.0,1250000000.0,0.0,2018-09-04T00:00:00+01:00,2020-09-03T00:00:00+01:00,79400000,RM6008 Phase 2,"Crown Commercial Service (CCS) have established a pan government Framework Agreement for use by
UK public sector bodies which include Central Government Departments and their Arm Length Bodies and
Agencies, the wider public sector and third sector including, including but not limited to, local government,
health, education, police, fire and rescue, housing associations and charities. This agreement will
complement
the Management Consultancy Framework Agreement (RM3745), which is managed by CCS. Scope of
assignments may be national or international.
Please note that this procurement is f",https://www.contractsfinder.service.gov.uk/Notice/97d3e7b5-711f-4173-9945-f8c1cc3a91e4,1
Accenture,True,2018,2018-07-25T00:00:00+01:00,2018-08-06T08:48:22+01:00,The British Broadcasting Corporation (BBC),Consultancy Services Framework II,"Atos IT Services UK Limited,Baringa Partners LLP,BDO LLP,CGI IT UK Limited,Citi Limited,Cognizant Worldwide Limited,Currie and Brown UK Limited,Deloitte LLP,Ernst and Young LLP,Cartesian Limited,Gate One Limited,Grant Thornton UK LLP,Greyfly,IBM United Kingdom Limited,KPMG LLP,MTM London Limited,NTT DATA UK,Oliver and Ohlbaum Associates Limited,PA Consulting Services Limited,PricewaterhouseCoopers LLP,Quo Imus Limited,The Boston Consulting Group UK LLP,The DMW Group Ltd,Willis Towers Watson plc,Accenture (UK) Limited",1.0,36000000.0,0.0,2018-08-20T00:00:00+01:00,2022-08-19T00:00:00+01:00,79000000,tender_162517/692869,"The BBC is launching a new multi supplier Consultancy Services framework, superseding the existing framework which expires in May 2018. The framework will provide pan-BBC personnel with access to a range of suppliers specialising in certain professional services. 

Successful suppliers awarded a place on the framework will have experience and capabilities to meet all the BBC's distinct service requirements for each Lot. The framework has been divided into five lots; Strategy, IT, Financial, HR, Programme Management.",https://www.contractsfinder.service.gov.uk/Notice/53e98bef-4e4c-4199-81b3-3fc98e9e0a01,25
Accenture,True,2018,2018-04-18T00:00:00+01:00,2018-06-06T15:46:48+01:00,Crown Commercial Service,Programme Planning and Mobilisatio,Accenture UK Ltd,98100.0,0.0,98100.0,2018-04-19T00:00:00+01:00,2018-05-30T00:00:00+01:00,72600000,GC9,"As part Programme planning and mobilisation:
1.	Define customers and categories to target for digitisation
•	Produce a tiered analysis of existing spend to include:
a)	Exploration of key KPIs by segment
b)	Production of a Prioritisation matrix  
2.	Definition of how to target customer segments to deliver value
3.	Description of next steps and a high-level impact assessment
Production of a Go to Market Framework",https://www.contractsfinder.service.gov.uk/Notice/573215de-f3bc-4265-bc79-d3372710d74e,1
Accenture,True,2018,2018-03-13T00:00:00Z,2018-06-06T15:28:58+01:00,Crown Commercial Service,Programme Approach and User Experience,Accenture UK Ltd,149270.0,147270.0,0.0,2018-03-14T00:00:00Z,2018-05-11T00:00:00+01:00,72600000,GC9-1557ix,"G-Cloud services required: 	
1.	An analysis of Programme delivery model, methods and programme plan.
2.	Options analysis of E-Commerce tech / platform assessing assumptions, requirements, and potential vendors, to provide next step recommendations. 
3.	User Experience project with a view to designing ways of improving user experience.",https://www.contractsfinder.service.gov.uk/Notice/3b3bb17d-f12d-4bc9-be0d-a9aac11d55f1,1
Accenture,True,2018,2018-04-03T00:00:00+01:00,2018-05-30T14:44:54+01:00,STUDENT LOANS COMPANY LIMITED,QA &amp; Core Systems ADM Partner,ACCENTURE (UK) LIMITED,20000000.0,20000000.0,0.0,2018-04-03T00:00:00+01:00,2020-10-01T00:00:00+01:00,72000000,2017-SLC-215,"Contract Award Notice for QA & Core Application Development and Services, awarded through the CCS Framework Agreement -  Digital Outcomes and Specialists (RM1043iv).

The scope of services within this Call-Off Contract includes but is not limited to:

For the provision of Application Development and Maintenance Services and Quality Assurances capabilities as a managed service to support and accelerate the delivery of specific programme outcomes within Buyer's core systems and potentially digital systems.

Services and outcome requirements include, but is not limited to:

* Core Applica",https://www.contractsfinder.service.gov.uk/Notice/7516bf29-9634-4879-82fc-74c0f76f079a,1
Accenture,True,2018,2018-04-02T00:00:00+01:00,2018-04-16T12:01:56+01:00,Ministry of Justice.,Video Scheduling Tool - Video Enablement,Accenture UK Ltd,451900.0,451900.0,0.0,2018-04-23T00:00:00+01:00,2019-02-26T00:00:00Z,48000000,tender_169461/667007,"This publication is for Transparency Purposes Only. 
This contract is a G Cloud 9 Call Off Agreement. Video Enablement Cloud Service.",https://www.contractsfinder.service.gov.uk/Notice/877a873e-f5fe-423e-a1c9-a90310900c88,1
Accenture,True,2018,2018-02-22T00:00:00Z,2018-02-27T15:41:52Z,UK SHARED BUSINESS SERVICES LIMITED,UK SBS IT18057,ACCENTURE (UK) LIMITED,17379.0,0.0,17379.0,2018-03-01T00:00:00Z,2020-02-29T00:00:00Z,48000000,UK SBS IT18057 Cloud based IT Service Management Solution,STFC had a requirement for service management software. This contract was awarded  through the G-Cloud 9 Framework,https://www.contractsfinder.service.gov.uk/Notice/ff7236fd-5820-45b4-b945-2e4acb99cf28,1
Accenture,True,2018,2018-06-17T00:00:00+01:00,2019-01-16T09:09:14Z,THE FINANCIAL CONDUCT AUTHORITY,Exit and Knowledge Costs for Accenture,ACCENTURE CLOUD SOFTWARE SOLUTIONS LTD,42513.0,0.0,100000.0,2018-06-18T00:00:00+01:00,2018-10-31T00:00:00Z,72000000,Exit and Knowledge Costs for Accenture,Exit and Knowledge Costs for Accenture,https://www.contractsfinder.service.gov.uk/Notice/251c7b54-910b-4eaf-a55f-9311f922dd5d,1
Accenture,True,2019,2019-03-21T00:00:00Z,2019-05-02T13:13:13+01:00,Crown Commercial Service,Cabinet Office Consultancy Support for EU Exit,Accenture (UK) Ltd,5.0,5000000.0,0.0,2019-05-01T00:00:00+01:00,2020-04-30T00:00:00+01:00,79410000,CCCC18A29-01 Accenture,Contract Variation,https://www.contractsfinder.service.gov.uk/Notice/03d0a875-5950-45fe-8779-9f63770a938e,1
Accenture,True,2018,2018-01-06T00:00:00Z,2019-12-02T09:37:43Z,Home Office,Eu Exit Settlement Caseworking,ACCENTURE (UK) LTD,1548815.0,1000000.0,1548815.0,2018-01-06T00:00:00Z,2018-02-02T00:00:00Z,72000000,CF-0003400D58000000L5A4EAK3,To deliver a integrated caseworking system in support of the EU Exit Settlement Scheme,https://www.contractsfinder.service.gov.uk/Notice/a670e11d-6c02-48d6-b929-0ebe8240ed20,1
Accenture,True,2018,2018-09-28T00:00:00+01:00,2019-11-26T12:49:11Z,Crown Prosecution Service,ERP Implementation,ACCENTURE (UK) LIMITED,3500000.0,3500000.0,0.0,2018-09-29T00:00:00+01:00,2021-03-31T00:00:00+01:00,48000000 72000000,PR 68 2018,This is a Contract Award Notice regarding the appointment of an ERP implementation partner to support the replacement of existing legacy back office systems by an Oracle ERP Solution.,https://www.contractsfinder.service.gov.uk/Notice/ee7f89b6-8ba0-4cc7-bef9-80f0bb842d62,1
Accenture,True,2019,2019-06-03T00:00:00+01:00,2019-09-02T14:31:47+01:00,HM Treasury : HM Treasury,HMT Oracle Cloud support contract,ACCENTURE (UK) LIMITED,100000.0,100000.0,0.0,2019-06-04T00:00:00+01:00,2021-06-03T00:00:00+01:00,72261000,CCSO19A31.,"Ran under G-Cloud 10 Framework, Cloud Support Lot.
For Oracle Cloud Support.",https://www.contractsfinder.service.gov.uk/Notice/63e66cdd-c5e9-48d1-9a7c-b8c93f2f8f40,1
Accenture,True,2019,2019-06-03T00:00:00+01:00,2019-07-09T16:42:33+01:00,Financial Conduct Authority,CON18-133 Cloud and Technology Resourcing and Outcomes Framework,"Cognizant Technology Solutions,Sopra Steria,Atos Syntel,Fujitsu Services Ltd,Accenture (UK) Ltd,Tata Consultancy Services Ltd,Methods Consortium,Capgemini Financial Services UK Ltd,PA Consulting Ltd,Actica Consulting Ltd",125000000.0,125000000.0,0.0,2019-06-03T00:00:00+01:00,2023-06-02T00:00:00+01:00,72222300,tender_190568/779847,"FCA have tendered for a cloud and technology resourcing and outcomes framework, to meet an identified need for cloud and other technology and project delivery resources.

The framework will support a number of technology programmes and projects, as well as the FCA transition to the cloud in the coming years, on both a resource and outcome basis.

The framework consists of three (3) principal lots:

- Lot 1 - Design, Build and Run
- Lot 2 - Programme Management and Resourcing
- Lot 3 - Specialist Consultancy Services  This procurement exercise is now completed.

The procurement exerci",https://www.contractsfinder.service.gov.uk/Notice/01aa58d3-e8db-4a9b-ad9a-63001a4bd013,10
Accenture,True,2018,2018-04-26T00:00:00+01:00,2019-07-08T12:13:25+01:00,Cabinet Office : Cabinet Office,Cabinet Office Consultancy Support for EU Exit,Accenture (UK) Ltd,5000000.0,5000000.0,0.0,2018-04-30T00:00:00+01:00,2019-04-30T00:00:00+01:00,79410000,CCCC18A29 L2 SSP5.,Strategic Programme Management,https://www.contractsfinder.service.gov.uk/Notice/e21f4bf0-b36f-4045-ae4e-850378f1e59d,1
Accenture,True,2019,2019-03-23T00:00:00Z,2019-06-28T11:10:13+01:00,THE FINANCIAL CONDUCT AUTHORITY,Technical Consultancy review of the current HR configuration Oracle,Accenture (U K) Ltd,134352.0,100000.0,250000.0,2019-04-23T00:00:00+01:00,2019-05-31T00:00:00+01:00,72600000,CON-19-060,Technical Consultancy review of the current HR configuration Oracle HCM,https://www.contractsfinder.service.gov.uk/Notice/d661baf3-8c6a-4985-bf64-59b16007ef40,1
Accenture,True,2019,2019-02-11T00:00:00Z,2019-05-24T11:29:56+01:00,THE FINANCIAL CONDUCT AUTHORITY,Consultancy Services - SAR Reform Programme Architecture Services,ACCENTURE (UK) LIMITED,38640.0,0.0,100000.0,2019-03-06T00:00:00Z,2019-03-29T00:00:00Z,79411100,CON-19-053,Consultancy Services - SAR Reform Programme Architecture Services 06/03/2019 - 29/03/2019,https://www.contractsfinder.service.gov.uk/Notice/8c467677-f8e9-4ecf-a275-577576228613,1
Accenture,True,2018,2018-09-17T00:00:00+01:00,2019-04-16T11:49:55+01:00,NHS Digital,DSC - Data Strategy,Accenture (UK) Limited,123035.0,123035.0,0.0,2018-09-17T00:00:00+01:00,2018-12-07T00:00:00Z,72000000,tender_176412/763060,"The Data Security Centre is undergoing a strategic transformation. As part of this it is the recipient and custodian of significant amounts of data and information. In order to maximise the business value or this information asset the DSC wants to ensure it has the appropriate and sustainable strategic underpinning of how best to manage, operate, govern, and utilise data to achieve maximised business outcomes.",https://www.contractsfinder.service.gov.uk/Notice/3ed51230-d12a-4249-9fa2-3050b4f8e316,1
Accenture,True,2018,2018-12-05T00:00:00Z,2019-04-12T10:59:28+01:00,NHS Digital,Cyber - CDP - PMO/SDSM Services,ACCENTURE (UK) LTD,2400000.0,2400000.0,0.0,2019-01-07T00:00:00Z,2021-07-06T00:00:00+01:00,72000000,tender_176702/762389,Contract Award - Cyber Delivery Partner - Provision and transformation of PMO/CDA and SDSM Services,https://www.contractsfinder.service.gov.uk/Notice/d023ab5b-5e2a-439f-a763-76f7c8f41b0b,1
Accenture,True,2018,2018-12-05T00:00:00Z,2019-04-12T10:56:09+01:00,NHS Digital,Cyber - CPD,ACCENTURE (UK) LTD,1600000.0,1600000.0,0.0,2019-01-07T00:00:00Z,2021-07-06T00:00:00+01:00,72000000,tender_176702/762345,Contract Award - Cyber Delivery Partner - Provision and transformation of PMO/CDA and SDSM Services,https://www.contractsfinder.service.gov.uk/Notice/3b015d3c-284f-4f38-85dd-97d96adc79e9,1
Accenture,True,2018,2018-10-19T00:00:00+01:00,2019-04-05T11:42:27+01:00,Home Office,Strategic SI and SME Support,Accenture (UK) Limited,4000000.0,4000000.0,4000000.0,2018-10-22T00:00:00+01:00,2019-07-21T00:00:00+01:00,72000000,CF-0050400D58000000L5A4EAK1,DOS outcomes mini competition,https://www.contractsfinder.service.gov.uk/Notice/125af2a6-7541-4986-a3b2-71ddc4278e54,1
Accenture,True,2019,2019-03-05T00:00:00Z,2019-03-19T11:31:02Z,H M Revenue &amp; Customs,Strategic Review Customer Contact Services,Accenture (UK) Ltd,462670.0,462670.0,0.0,2019-03-18T00:00:00Z,2019-06-07T00:00:00+01:00,71241000,SR200629421,"Call off from CCS framework RM6008 (Management Consultancy Framework Two) for a strategic review of HMRC's Customer Contact Services.
HMRC is seeking support from a professional services company with proven expertise in the field of customer contact strategy, customer contact platforms and customer engagement.  The professional services company will work alongside a team from HMRC (primarily comprising representatives from the Customer Services and Chief Digital and Information Officer's groups) to conduct an 'innovation' exercise to inform HMRC's contact strategy for 2019 and beyond. The out",https://www.contractsfinder.service.gov.uk/Notice/904d8085-488e-4ec2-82d4-9655111c9c72,1
Accenture,True,2019,2019-02-08T00:00:00Z,2019-03-01T14:17:47Z,Cabinet Office : Cabinet Office,Provision of Consultancy for the Counter-Fraud Programme,Accenture (UK) Ltd,250000.0,250000.0,0.0,2019-02-11T00:00:00Z,2019-05-31T00:00:00+01:00,79400000,CCCC19A01.,Consultancy required for Fraud and Error team to support the Single Functional Plan project.,https://www.contractsfinder.service.gov.uk/Notice/94d2d3cf-2266-47e4-9db8-2063e969473c,1
Accenture,True,2018,2018-12-10T00:00:00Z,2019-01-09T11:26:11Z,Student Loans Company,GB-Glasgow: ECM Technology Partner,Accenture UK Ltd,250000.0,250000.0,0.0,2018-12-11T00:00:00Z,2019-12-09T00:00:00Z,72261000,BIP368832132,Engage a Technology Partner to help SLC define requirement for a ECM SaaS Solution,https://www.contractsfinder.service.gov.uk/Notice/730e7d58-005b-4fa3-9cda-71ceaf59354c,1
Accenture,True,2020,2020-10-16T00:00:00+01:00,2020-10-29T13:53:59Z,HM Treasury : HM Treasury,Accenture engage support units,ACCENTURE (UK) LIMITED,100000.0,100000.0,0.0,2020-10-19T00:00:00+01:00,2021-06-12T00:00:00+01:00,71356000,CCSO20A97.,Direct Award Accenture engage support units,https://www.contractsfinder.service.gov.uk/Notice/5411906a-0e8f-4d90-acf9-d35961defb60,1
Accenture,True,2020,2020-06-01T00:00:00+01:00,2020-07-01T11:54:00+01:00,Department of Health and Social Care,#13.a. NHS Contact Tracing App - PMO and Project Mgmt Support from Accenture (2),Accenture,308679.06,308679.06,0.0,2020-06-02T00:00:00+01:00,2020-06-30T00:00:00+01:00,72227000,tender_240174/866400,Contract Award Notice following a G-Cloud 11 Award #13. NHSX Covid-19 NHS Contact Tracing App: PMO and Project Mgmt Support from Accenture (2),https://www.contractsfinder.service.gov.uk/Notice/9e84084c-48ea-4ffb-9ee2-1b137c15e77c,1
Accenture,True,2020,2020-04-13T00:00:00+01:00,2020-07-01T11:46:28+01:00,Department of Health and Social Care,#13. NHS Contact Tracing App - PMO and Project Mgmt Support from Accenture (1),Accenture,560587.2,560587.2,0.0,2020-04-14T00:00:00+01:00,2020-06-01T00:00:00+01:00,72227000,tender_240174/866389,Contract Award Notice following a G-Cloud 11 Award #13. NHSX Covid-19 NHS Contact Tracing App: PMO and Project Mgmt Support from Accenture (1),https://www.contractsfinder.service.gov.uk/Notice/3b999ddf-58cd-4089-8403-d2729fbd5b66,1
Accenture,True,2020,2020-08-13T00:00:00+01:00,2020-11-20T16:27:31Z,Department of Health Social Care,TTC Programme - professional services supporting CTO Consultancy,Accenture (UK) Limited,767371.65,767371.65,767371.65,2020-06-01T00:00:00+01:00,2020-08-31T00:00:00+01:00,71621000,CF-0024700D0O000000rwimUAA1,"DHSC has asked Accenture to provide consultancy services within supporting the office of the Chief Technology Officer (""CTO""). The CTO workstream is supporting the Customer with central co-ordination for technology delivery within TTCE.",https://www.contractsfinder.service.gov.uk/Notice/1cbd9019-70a4-4743-a3a4-4527fa394200,1
Accenture,True,2020,2020-11-16T00:00:00Z,2020-12-16T16:52:12Z,Department of Health and Social Care,Project Jupiter core IT Lab Support,Accenture (UK) Limited,402895.2,402895.2,402895.2,2020-11-02T00:00:00Z,2021-01-05T00:00:00Z,79400000,CF-0082900D0O000000rwimUAA1,Provision of resources to support DHSC Test and Trace CTO Management Workstream for Project Jupiter  core IT,https://www.contractsfinder.service.gov.uk/Notice/2f4338a7-4c69-4a43-85c8-4c9d55f59301,1
Accenture,True,2020,2020-03-02T00:00:00Z,2020-12-14T16:52:18Z,Home Office,Proc 529 - IVACS,ACCENTURE (UK) LTD,858549.0,858549.0,858549.0,2020-03-02T00:00:00Z,2020-06-26T00:00:00+01:00,72000000,CF-0131200D58000000L5A4EAK1,IVACS,https://www.contractsfinder.service.gov.uk/Notice/aadfd22a-5273-4fed-9610-ca5ead988745,1
Accenture,True,2020,2020-11-06T00:00:00Z,2020-12-11T16:25:51Z,Department of Health and Social Care,JBC HR Bulk Request,Accenture (UK) Limited,1885085.0,1885085.0,1885085.0,2020-09-22T00:00:00+01:00,2021-03-22T00:00:00Z,79400000,CF-0079500D0O000000rwimUAA1,JBC HR Bulk Request,https://www.contractsfinder.service.gov.uk/Notice/9ce43b2e-2135-4619-a4c1-3326674d3fe6,1
Accenture,True,2020,2020-11-10T00:00:00Z,2020-12-11T16:23:50Z,Department of Health and Social Care (DHSC - Test and Trace),Contact Tracing App -COVID App Cell Extension (V001),Accenture (UK) Limited,4153505.14,4153505.14,4153505.14,2020-09-01T00:00:00+01:00,2020-12-31T00:00:00Z,79400000,CF-0078800D0O000000rwimUAA1,Provision of resources to support DHSC COVID Contact Tracing App programme management.,https://www.contractsfinder.service.gov.uk/Notice/d9842082-9808-4519-9910-c92b559f5ab8,1
Accenture,True,2020,2020-12-09T00:00:00Z,2020-12-10T11:41:14Z,Home Office,Proc636 Case Working Delivery 2 Partner Atlas &amp; PRAU,ACCENTURE (UK) LTD,1000000.0,1000000.0,1000000.0,2020-12-14T00:00:00Z,2021-06-30T00:00:00+01:00,72000000,CF-0128900D58000000L5A4EAK1,"Provision of a Supplier team to provide: Continuation of discovery, development and delivery activities for the Immigration Enforcement (IE), Border Force (BF) and UK Visa and Immigration (UKVI) business areas within the Atlas programme delivery roadmap.",https://www.contractsfinder.service.gov.uk/Notice/da4f063f-f386-48d5-a6ce-7647d6e8a270,1
Accenture,True,2020,2020-12-09T00:00:00Z,2020-12-10T11:16:41Z,Home Office,Proc629 Case Working Delivery Partner Atlas,ACCENTURE (UK) LTD,4215463.0,4215463.0,4215463.0,2020-12-09T00:00:00Z,2021-06-30T00:00:00+01:00,72000000,CF-0128800D58000000L5A4EAK1,"Provision of a Supplier team to provide: Continuation of discovery, development and delivery activities for the Immigration Enforcement (IE), Border Force (BF) and UK Visa and Immigration (UKVI) business areas within the Atlas programme delivery roadmap",https://www.contractsfinder.service.gov.uk/Notice/b1d35bed-cb32-4353-ac2c-70c47b7ecef8,1
Accenture,True,2020,2020-09-03T00:00:00+01:00,2020-12-04T16:29:20Z,Department of Health and Social Care (DHSC - Test and Trace),Scientific support for Joint Biosecurity Centre,Accenture (UK) Limited,1126499.4,1126499.4,1126499.4,2020-09-03T00:00:00+01:00,2020-12-02T00:00:00Z,72200000,CF-0076100D0O000000rwimUAA1,Provision of data science and analytical support to the test and trace programme.,https://www.contractsfinder.service.gov.uk/Notice/0fe12fa9-82be-4c51-a2d5-5b447d8fda61,1
Accenture,True,2020,2020-08-13T00:00:00+01:00,2020-11-27T16:37:15Z,Department of Health and Social Care,"Test, Trace, Contain Enable-Product Management",Accenture (UK) Limited,1838137.4,1838137.4,1838137.4,2020-05-24T00:00:00+01:00,2020-08-31T00:00:00+01:00,79411000,CF-0043800D0O000000rwimUAA1,Provision of resources to support DHSCTTCE Product Management Workstream.,https://www.contractsfinder.service.gov.uk/Notice/a41fb28a-a137-4637-a6eb-280c5c924690,1
Accenture,True,2020,2020-05-24T00:00:00+01:00,2020-11-24T05:33:31Z,Department of Health and Social Care,Technology Office Consultancy &amp; App Building.,Accenture,2226608.0,2226608.0,2226608.0,2020-05-25T00:00:00+01:00,2020-11-30T00:00:00Z,71600000,CF-0015800D0O000000rwimUAA3,Provision of resources to support DHSC COVID-19 Contact Tracing App programme management.,https://www.contractsfinder.service.gov.uk/Notice/880ea770-e22f-4e51-bbb9-37e85b397e56,1
Accenture,True,2020,2020-10-17T00:00:00+01:00,2020-11-20T15:02:45Z,MINISTRY OF DEFENCE,Future View of Defence Enterprise Architecture,Accenture (UK) Limited,947000.0,947000.0,0.0,2020-10-19T00:00:00+01:00,2021-04-16T00:00:00+01:00,72000000,RM1557/CCT944,Future View of Defence Enterprise Architecture,https://www.contractsfinder.service.gov.uk/Notice/487e0949-498b-4263-8587-67cd6a6347b5,1
Accenture,True,2019,2019-05-30T00:00:00+01:00,2020-11-05T11:34:14Z,Nhs Digital,Cyber - Perimeter Security Service,ACCENTURE (UK) LIMITED,48000000.0,48000000.0,0.0,2019-08-05T00:00:00+01:00,2024-08-04T00:00:00+01:00,72000000,PROC_454,"The scope of this work is to deliver a Security Hub which incorporates Cloud Based IDS & IPS, Data Loss Protection, Next Generation Firewall and Cloud Based Web Proxies",https://www.contractsfinder.service.gov.uk/Notice/9cd7ea80-8da6-43ad-b733-a060635e9df0,1
Accenture,True,2020,2020-04-29T00:00:00+01:00,2020-11-04T10:14:16Z,Home Office,Proc554 - Caseworking Delivery Partner,ACCENTURE (UK) LTD,4800000.0,4800000.0,4800000.0,2020-04-29T00:00:00+01:00,2021-04-28T00:00:00+01:00,72000000,CF-0124300D58000000L5A4EAK1,"Continuation of discovery, development and delivery activities for the Immigration Enforcement (IE), Border Force (BF) and UK Visa and Immigration (UKVI) business areas within the Atlas programme delivery roadmap.",https://www.contractsfinder.service.gov.uk/Notice/70ab03bd-8895-4d2c-a2bd-90021dc99ab1,1
Accenture,True,2020,2020-05-29T00:00:00+01:00,2020-11-03T16:04:39Z,NHS Digital,COVID-19 Death Rate Data Review,Accenture (UK) Ltd,25000.0,25000.0,0.0,2020-05-11T00:00:00+01:00,2020-06-07T00:00:00+01:00,72000000 72300000,tender_240589/899966,Contract Award Notice,https://www.contractsfinder.service.gov.uk/Notice/7891d9bd-fb09-4ed6-814f-25317847b357,1
Accenture,True,2020,2020-10-26T00:00:00Z,2020-10-30T13:19:55Z,Home Office,Proc542 SRTP Development and Support,ACCENTURE (UK) LTD,4952258.0,4952258.0,4952258.0,2020-10-26T00:00:00Z,2023-10-25T00:00:00+01:00,72000000,CF-0122400D58000000L5A4EAK1,"Secure Real Time Platform (SRTP) is a platform consisting of a number of Biometric databases, each supported by individual search capabilities, interlinked by a common set of APIs and a common messaging format that underpin the data-sharing process.",https://www.contractsfinder.service.gov.uk/Notice/e63b0dd2-0d45-4276-8bc5-8736e36faa29,1
Accenture,True,2020,2020-08-04T00:00:00+01:00,2020-10-26T15:16:59Z,Cabinet Office : Cabinet Office,Provision of Cabinet Office Consultancy Support Arrangements,ACCENTURE (UK) LIMITED,30000000.0,30000000.0,0.0,2020-09-01T00:00:00+01:00,2021-08-31T00:00:00+01:00,79400000,CCCC20A01-02.,Cabinet Office Consultancy Arrangements,https://www.contractsfinder.service.gov.uk/Notice/c3dd6f1b-1c54-4d8c-9af1-6e2d1587a03b,1
Accenture,True,2020,2020-05-01T00:00:00+01:00,2020-10-21T13:59:58+01:00,Home Office,Proc553 Atlas &amp; IVACS L3 Support,ACCENTURE (UK) LTD,4966218.0,0.0,4966218.0,2020-05-01T00:00:00+01:00,2022-03-31T00:00:00+01:00,72000000,CF-0108900D58000000L5A4EAK1,Delivery of Level 3 (L3) Application Support for the ITP (Immigration Technology Portfolio) Atlas and IVACS (Irish Visa Application Centres) applications.,https://www.contractsfinder.service.gov.uk/Notice/61fc43ba-4196-4dd7-9483-2408494108da,1
Accenture,True,2020,2020-09-25T00:00:00+01:00,2020-10-16T15:57:18+01:00,H M REVENUE &amp; CUSTOMS,S4/HANA (Discovery),ACCENTURE (UK) LIMITED,157500.0,157500.0,0.0,2020-09-28T00:00:00+01:00,2020-11-06T00:00:00Z,72212451,SR463546763,"HMRC are looking to award a contract to an experienced SAP partner to help them conduct a brief discovery to understand the business case, approach and plan to upgrade their entire core SAP platform from ECC to S/4 HANA.",https://www.contractsfinder.service.gov.uk/Notice/bac4670c-347c-4b56-b1de-a403c7b23506,1
Accenture,True,2020,2020-08-24T00:00:00+01:00,2020-09-28T13:02:11+01:00,MINISTRY OF DEFENCE,DevOps Platform Support to the Development,ACCENTURE (UK) LIMITED,1249709.5,1249709.5,0.0,2020-08-24T00:00:00+01:00,2020-11-23T00:00:00Z,72212781,701011373,***FOR TRANSPARENCY PURPOSES ONLY*** This contract has been awarded under G Cloud 11 Framework,https://www.contractsfinder.service.gov.uk/Notice/e1b3bd6e-909a-4ad2-9225-e5a5678316d5,1
Accenture,True,2020,2020-07-29T00:00:00+01:00,2020-09-22T16:56:02+01:00,Bank of England,RTGS Renewal,Accenture (UK) Ltd,81389429.0,150000000.0,150000000.0,2020-05-11T00:00:00+01:00,2036-05-10T00:00:00+01:00,48000000 72000000,BOE001-DN389839-33538316,"The Bank of England (""the Bank"") wishes to renew its current Real Time Gross Settlement (RTGS) service. RTGS lies at the heart of UK payments, settling more than £600bn of payments each working day. The RTGS infrastructure is over 20 years old and, despite its strong operational record, it needs to be modernised and developed to meet the needs of the future, safeguarding stability whilst enabling innovation. The Bank is seeking a Technology Delivery Partner (TDP) for the build, integration and support of the renewed RTGS system; including the design, build, integration and support of the repla",https://www.contractsfinder.service.gov.uk/Notice/7e7c241b-e1d2-4b00-8860-544f2f535fcb,1
Accenture,True,2020,2020-08-11T00:00:00+01:00,2020-09-14T09:28:04+01:00,Crown Commercial Service : Cabinet Office,The Conclave Business Case Review,ACCENTURE (UK) LIMITED,50000.0,50000.0,50001.0,2020-08-11T00:00:00+01:00,2020-09-11T00:00:00+01:00,79411000,CCCC20B21.,"The Conclave Business Case Review 
For more information please see attached documentation",https://www.contractsfinder.service.gov.uk/Notice/b42cea83-9636-4e0f-b1c6-27fafa3aa50f,1
Accenture,True,2020,2020-03-26T00:00:00Z,2020-08-12T15:03:07+01:00,HM Treasury : HM Treasury,Oracle Cloud Fusion Support via G-Cloud,ACCENTURE (UK) LIMITED,176000.0,176000.0,0.0,2021-04-25T00:00:00+01:00,2021-04-25T00:00:00+01:00,48000000,CCSO20A23.,Provision of Oracle Fusion Support for HM Treasury,https://www.contractsfinder.service.gov.uk/Notice/c39882f9-3b17-49b5-b8e5-4dd5bfb1dda9,1
Accenture,True,2020,2020-05-04T00:00:00+01:00,2020-07-08T15:10:51+01:00,MINISTRY OF DEFENCE,COVID-19 MOD Professional Services Support - FOR TRANSPARENCY PURPOSES ONLY,ACCENTURE (UK) LIMITED,0.0,0.0,0.0,2020-05-04T00:00:00+01:00,2020-11-04T00:00:00Z,79410000,RM6008/ACCE/COV19,"External support with both the indirect and direct impacts of COVID-19 typically focusing on the following functional areas: 
o	Strategic advice (e.g. future resilience)  
o	Project Delivery (e.g. project/programme/portfolio management, planning, and contingency planning).  
o	Commercial (e.g. Contract Management, Procurement, supply chain analysis, business case creation and related sourcing activities).  
o	Digital, Data and Technology (e.g. Business analyst, Content Delivery Manager, Performance analyst, Portfolio/Product manager, Quality assurance, Technical architect, Web developer, S",https://www.contractsfinder.service.gov.uk/Notice/7e8ee216-cb2b-4e55-986c-033a42d647f2,1
Accenture,True,2018,2018-04-26T00:00:00+01:00,2020-06-05T15:22:41+01:00,Crown Commercial Service,Cabinet Office Consultancy Support for EU Exit,ACCENTURE (UK) LIMITED,0.0,0.0,0.0,2018-04-30T00:00:00+01:00,2020-08-31T00:00:00+01:00,79410000,CCCC18A29-03,Contract variation,https://www.contractsfinder.service.gov.uk/Notice/2c0cf93d-a11b-41a7-a4c1-af011fbc635a,1
Accenture,True,2020,2020-03-25T00:00:00Z,2020-05-29T14:50:00+01:00,Cabinet Office : Cabinet Office,Provision of COVID-19 Counter Fraud Consultancy for the Cabinet Office,ACCENTURE (UK) LIMITED,500000.0,500000.0,0.0,2020-03-26T00:00:00Z,2020-12-25T00:00:00Z,70100000,CCCC20A31.,Provision of COVID-19 Counter Fraud Consultancy for the Cabinet Office,https://www.contractsfinder.service.gov.uk/Notice/5e777218-d413-46de-befd-982ee781a0b3,1
Accenture,True,2020,2020-05-11T00:00:00+01:00,2020-05-23T15:44:56+01:00,NHS Shared Business Services Ltd (NHS SBS),Cyber Security Services,"Accenture (UK) Limited,Advent IM Limited,Auriga Consulting Ltd,BSI Cybersecurity and Information Resilience (UK) Ltd,Airbus Defence and Space Limited,CCL (Solutions) Group Ltd,CGI IT UK Limited,Commissum Associates Limited,CSC Computer Sciences Limited,Deloitte LLP,Ernst &amp; Young LLP,Evodia Limited,Green Park Interim and Executive Search Limited,KPMG LLP,Leonardo MW Ltd,Logicalis UK Limited,Mersey Internal Audit Agency (MIAA),MTI Technology Ltd,NCC Group Security Services Limited,Novosco Ltd,PA Consulting Services Limited,PricewaterhouseCoopers LLP,QinetiQ Ltd,Softcat plc,Trustmarque Solutions Ltd",250000000.0,0.0,250000000.0,2020-03-01T00:00:00Z,2024-02-29T00:00:00Z,72000000,20200523154447-39,"NHS Shared Business Services has been working closely with NHS Digital on the development of the Cyber Security Services framework agreement, to offer an additional solution to support the existing portfolio of security solutions currently available. The aim of the new framework agreement will be to provide NHS organisations with an even greater number of cyber security service options and approved suppliers.

It is therefore envisaged that this framework agreement will be used to support services currently offered by NHS Digital to health and care organisations. The new framework will also ",https://www.contractsfinder.service.gov.uk/Notice/c3e34714-1aa0-4ac9-9bf3-12cbf6887c2b,25
Accenture,True,2020,2020-03-01T00:00:00Z,2020-05-13T12:06:33+01:00,FCO SERVICES,Contract Agreement for Logistics Operational Review,ACCENTURE (UK) LIMITED,262500.0,262500.0,0.0,2020-03-02T00:00:00Z,2021-09-03T00:00:00+01:00,79412000,7620131269,https://www.crowncommercial.gov.uk/agreements/RM6008,https://www.contractsfinder.service.gov.uk/Notice/6807a236-5098-4e9c-9db3-4da03315260f,1
Accenture,True,2020,2020-01-27T00:00:00Z,2020-04-24T15:28:47+01:00,Ministry of Justice.,Review of judicial structure and leadership allowances,"ACCENTURE UK LTD,",120083.33,120083.0,0.0,2020-02-10T00:00:00Z,2020-03-31T00:00:00+01:00,72221000 79411000,tender_228686/852374,"The scope of the requirement is for a consultant to work with and guide the project lead from Judicial HR and where appropriate internal team/s made up of key stakeholders from Judicial HR, JEB, MoJ and Judicial Office to redefine grading and structure of the judiciary. 

The scope of this work is the salary group placement and leadership recognition for all courts and tribunals roles in current group 5 and 6.1 of the judicial salary structure (broadly speaking, upper tribunal judges and other tribunal leadership judges, circuit judges and senior circuit judges).

The aim of the work is to",https://www.contractsfinder.service.gov.uk/Notice/4ec7887f-2ae5-4d4f-b309-bc4e3c84b870,2
Accenture,True,2020,2020-02-03T00:00:00Z,2020-03-02T10:03:57Z,Crown Commercial Service,Payment Acceptance,"ACCENTURE (UK) LIMITED,Alternative Payments Ltd,American Express Payment Services Limited,Barclays Bank Plc,Checkout LTD,GPUK LLP,HYPERION SYSTEMS LIMITED,KPMG,PaySavi Ltd,REFLOW ZONE LIMITED,SENTENIAL LIMITED,Stripe Payments Europe, Limited,NATIONAL WESTMINSTER BANK PLC,token.io ltd,TrueLayer Limited,Worldpay Limited",450000000.0,450000000.0,0.0,2020-02-03T00:00:00Z,2023-02-02T00:00:00Z,66110000 66133000 66170000,RM6118.,"Crown Commercial Service as the Authority has establish a Pan Government Agreement for the provision of payment acceptance service to be utilised by Central Government Departments and all other UK Public Sector Bodies as identified at VI.3)
of this notice.
",https://www.contractsfinder.service.gov.uk/Notice/43116e8e-48d1-4fc3-afb8-7f29be4e4d54,17
Accenture,True,2019,2019-07-31T00:00:00+01:00,2020-01-09T12:47:33Z,Home Office,Data and Identity Strategic SME,ACCENTURE (UK) LTD,653010.0,653010.0,653010.0,2019-08-01T00:00:00+01:00,2020-03-27T00:00:00Z,72300000,CF-0092000D58000000L5A4EAK1,Subject Matter Expertise to support DID in ensuring a comprehensive level of compliance to data legislation,https://www.contractsfinder.service.gov.uk/Notice/9405bada-39f4-4ece-b112-adac4b26522c,1
Accenture,True,2021,2021-03-22T00:00:00Z,2021-04-27T09:39:38+01:00,Department of Health and Social Care : Department of Health and Social Care,PCR demand modelling cover WP 1278 - Accenture,ACCENTURE (UK) LIMITED,271620.0,271620.0,0.0,2021-03-23T00:00:00Z,2021-05-21T00:00:00+01:00,72246000,CCCC21A65.,"The contract for the current PCR Demand Modeling Accenture team ends on the 26th March (though for the one redeployed individual it is earlier, on the 22nd) and requires re-let to cover the work and to secure a handover period, after recruiting and onboarding resources.",https://www.contractsfinder.service.gov.uk/Notice/b4d65031-bc5c-4c94-9302-3e61ba7607fe,1
Accenture,True,2020,2020-12-01T00:00:00Z,2021-01-04T12:13:31Z,Department of Health and Social Care : Department of Health and Social Care,Request for Contract Preparation - Accenture Product Support,ACCENTURE (UK) LIMITED,951307.0,951307.0,0.0,2020-12-01T00:00:00Z,2021-01-31T00:00:00Z,79410000,CCCC20B89.,The purpose of this requirement to extend existing resources to support the Customer Experience team within the Test and Trace programme.,https://www.contractsfinder.service.gov.uk/Notice/5147b8c7-11c4-4baa-814d-ebe93e452706,1
Accenture,True,2021,2021-09-01T00:00:00+01:00,2021-09-06T10:18:32+01:00,HS2,Digital Twin Delivery Partner,Accenture UK Limited,3000000.0,3000000.0,3000000.0,2021-09-03T00:00:00+01:00,2023-09-02T00:00:00+01:00,71336000,tender_270571/994712,"A Contract has been awarded to Accenture UK Limited for the provision of Digital Twin Delivery Partner services, for a period of 2 years, commencing on 3rd September 2021.",https://www.contractsfinder.service.gov.uk/Notice/d4aa1073-9cc4-4cf4-8c37-38ff4cf864d2,1
Accenture,True,2021,2021-07-30T00:00:00+01:00,2021-08-25T08:17:43+01:00,Crown Commercial Service,Contact Centres and Business Services,"NCO EUROPE LIMITED,go-centric ltd,TELEPERFORMANCE LIMITED,VENTRICA LTD,HINDUJA GLOBAL SOLUTIONS UK LIMITED,ARVATO LIMITED,Sitel UK Limited,SHARED SERVICES CONNECTED LTD,TTEC (UK) SOLUTIONS LIMITED,Capita Business Services Ltd,SERCO LIMITED,G4S FACILITIES MANAGEMENT (UK) LIMITED,CHARLES NOVACROFT DIRECT LIMITED,THE CONTACT COMPANY LTD,ResQ Limited,ACCENTURE (UK) LIMITED,LIBERATA UK LIMITED,NHS SHARED BUSINESS SERVICES LIMITED",3500000000.0,3500000000.0,0.0,2021-08-10T00:00:00+01:00,2026-02-09T00:00:00Z,48400000 75100000 79200000 79340000 79400000 79500000 79600000 79990000,RM6181.,"Crown Commercial Service (CCS) intended to establish a framework agreement for the provision of outsourced contact centre services, shared services and operational business process services. The framework will be used by UK Central Government and wider public sector organisations. Buyers will include, but are not limited to, Central Government departments and their agencies, non-departmental public bodies, devolved administrations, NHS bodies, local authorities, police, voluntary sector, charities and private sector organisations procuring on behalf of these bodies.
The framework has 2 lots:",https://www.contractsfinder.service.gov.uk/Notice/4fa7f5c5-9704-4122-9356-e57a5b701de5,18
Accenture,True,2021,2021-01-15T00:00:00Z,2021-02-11T16:14:20Z,Crown Commercial Service,Digital Capability for Health,"ACCENTURE (UK) LIMITED,AIRE LOGIC LIMITED,BJSS Limited,CAPITA BUSINESS SERVICES,COGNIZANT WORLDWIDE LIMITED,HIPPO DIGITAL LIMITED,IBM UNITED KINGDOM LIMITED,INFINITY WORKS CONSULTING LIMITED,INFORMED SOLUTIONS LIMITED,KAINOS SOFTWARE LIMITED,MASTEK (UK) LTD.,NETCOMPANY UK LIMITED",800000000.0,800000000.0,0.0,2021-01-18T00:00:00Z,2025-07-17T00:00:00+01:00,72000000,RM6221,"Crown Commercial Service (CCS) as the Authority put in place a Collaborative Agreement for use by NHS Digital and other public sector health and social care bodies for the provision of digital outcomes and supporting services. The scope of the Agreement covers the following:

DevOps Services
Digital Definition Services
Build and Transition Services
End-to-End Development Services
Data Management (and Similar) Services",https://www.contractsfinder.service.gov.uk/Notice/a9899b08-d48d-46e1-89fa-09886c9c311f,12
Accenture,True,2021,2021-03-19T00:00:00Z,2021-05-19T14:13:45+01:00,ATAMIS LTD,Test Supply Chain MVP build,Accenture (UK) Limited,740365.0,740365.0,740365.0,2021-02-26T00:00:00Z,2021-04-30T00:00:00+01:00,48000000,CF-0155100D0O000000rwimUAA3,Hosted service and solution build,https://www.contractsfinder.service.gov.uk/Notice/2a0efe5f-49f2-4862-ae08-1d0cd7060bc2,1
Accenture,True,2021,2021-10-29T00:00:00+01:00,2021-12-09T14:14:29Z,UK Health Security Agency,"Trace, Contain &amp; RTTS Delivery partner - RTTS Integration delivery - Lot B",Accenture (UK) Limited,10800000.0,10800000.0,25400000.0,2021-10-29T00:00:00+01:00,2025-04-29T00:00:00+01:00,72000000,CF-0448400D0O000000rwimUAA2,"This lot will provide the following specialist delivery services:

·	Business Analysis and Service Design
·	Functional and Technical Design
·	Solution Build
·	Execution of Functional (Unit and System) Testing of Solutions
·	Assurance of meeting Performance and Security requirements of Solutions
·	Defect resolution for end to end Functional and Non-Functional testing
·	Provision of assets required for Release Management and Service Introduction
·	Third line support of solutions delivered within the product
Services are specifically associated with the Real Time Test Service (RTTS) pro",https://www.contractsfinder.service.gov.uk/Notice/530bdfad-cdf7-4cbc-bacc-1ed74431465a,1
Accenture,True,2021,2021-10-29T00:00:00+01:00,2021-12-09T14:12:26Z,UK Health Security Agency,Borders &amp; International and Contain CRM delivery - Lot D,Accenture (UK) Limited,7900000.0,7900000.0,18500000.0,2021-10-29T00:00:00+01:00,2025-04-29T00:00:00+01:00,72000000,CF-0448700D0O000000rwimUAA2,"This lot will provide the following specialist delivery services:

·	Business Analysis and Service Design
·	Functional and Technical Design
·	Solution Build
·	Execution of Functional (Unit and System) Testing of Solutions
·	Assurance of meeting Performance and Security requirements of Solutions
·	Defect resolution for end to end Functional and Non-Functional testing
·	Provision of assets required for Release Management and Service Introduction
·	Third line support of solutions delivered within the product
Services are specifically associated with the following products & services:
·",https://www.contractsfinder.service.gov.uk/Notice/0dc83907-05f0-40af-8dbb-0b7dc476c0de,1
Accenture,True,2021,2021-11-15T00:00:00Z,2021-11-29T14:43:42Z,H M Revenue &amp; Customs,SAP Internal Organisation Design 3 Tier ModelAssurance,Accenture (UK) Ltd,178060.0,178060.0,0.0,2021-11-22T00:00:00Z,2022-01-14T00:00:00Z,71241000,SR736932158,"To assure the HMRC's organisation model within SAP in support of HMRC's  organization's goals of enabling a modern tax environment and great place to work agenda through investment  in in-house capabilities and skills across SAP platforms/products  to provide an intelligent client capability on SAP choices. The scope of the assessment and advisory  will provide assurance on strengths ,weakness, opportunities, threat  analysis with findings to reinforce the  aspiration of the CDIO Strategic Organisation principals to be a customer-centric organisation. The work will also assess SAP specific rol",https://www.contractsfinder.service.gov.uk/Notice/6cfa56d5-d76f-47d7-b5c8-e2d47645e3cf,1
Accenture,True,2021,2021-09-21T00:00:00+01:00,2021-10-29T14:47:04+01:00,Department of Health and Social Care (T&amp;T),3 Month Extension,Accenture (UK) Limited,609981.13,609981.13,609981.13,2021-09-21T00:00:00+01:00,2021-12-31T00:00:00Z,72000000,CF-0439400D0O000000rwimUAA1,Three month extension,https://www.contractsfinder.service.gov.uk/Notice/205c964c-98b8-41c1-8a5e-75c167824379,1
Accenture,True,2021,2021-10-15T00:00:00+01:00,2021-10-25T11:16:04+01:00,MINISTRY OF DEFENCE,Future view of Defence Enterprise Architecture - Phase 3,ACCENTURE (UK) LIMITED,750000.0,750000.0,0.0,2021-10-16T00:00:00+01:00,2022-03-31T00:00:00+01:00,72000000,PS016,"To assist the Head of Enterprise Architecture with the development of a Common Technology Architecture (CTA). Phase 3 will develop the enterprise architecture, supporting artefacts and programme engagement to ensure coherence of the CTA across Defence.",https://www.contractsfinder.service.gov.uk/Notice/9ba00b47-4ff9-4647-a41a-f550495d79c0,1
Accenture,True,2021,2021-09-29T00:00:00+01:00,2021-10-20T16:16:36+01:00,Department of Health and Social Care (T&amp;T),JBC October to March Extensions Data Scientists,Accenture (UK) Limited,458350.0,458350.0,458350.0,2021-10-01T00:00:00+01:00,2022-03-31T00:00:00+01:00,72316000,CF-0417700D0O000000rwimUAA1,"The Buyer has asked the Supplier to provide consultancy Data Science services across the JBC. 

The Supplier is required to provide the resources to perform the duties specified within the Contract.",https://www.contractsfinder.service.gov.uk/Notice/dd2f0448-625a-431b-9b12-aafc04a55b04,1
Accenture,True,2021,2021-09-20T00:00:00+01:00,2021-10-19T08:43:09+01:00,Home Office,CJSD End State Design &amp; Landscape Review,ACCENTURE (UK) LIMITED,73000.0,73000.0,0.0,2021-09-20T00:00:00+01:00,2021-11-11T00:00:00Z,72221000 72222000 72225000,CJD-1,"Undertake a landscape review to provide a single, joined-up and accurate picture of criminal justice data, reporting and systems across departments and agencies. This will capture in-flight and planned pipeline data linkage, data alignment and data improvement initiatives, alongside areas where additional work may need to be commissioned. 

Define the roadmap for transforming the way data is accessed and used across the system, the building blocks for each tranche of the programme and indicative costs for each delivery tranche. Articulate the current challenges faced by data owners and data ",https://www.contractsfinder.service.gov.uk/Notice/b2a9b2b9-4ab1-4a82-828f-0807a0ae8093,1
Accenture,True,2021,2021-09-29T00:00:00+01:00,2021-09-30T17:59:20+01:00,STUDENT LOANS COMPANY LIMITED,QA &amp; Core Systems ADM Partner,ACCENTURE (UK) LIMITED,4500000.0,4500000.0,0.0,2021-10-04T00:00:00+01:00,2022-10-03T00:00:00+01:00,72500000,2021-0093,QA Core Services and ADM support for systems in use within SLC.,https://www.contractsfinder.service.gov.uk/Notice/cb16d81b-30be-4f2c-b503-337838828848,1
Accenture,True,2021,2021-08-04T00:00:00+01:00,2021-09-01T10:01:52+01:00,Department of Health and Social Care (T&amp;T),Run and Maintain the DaSH Platform,Accenture (UK) Limited,4800000.0,4800000.0,4800000.0,2021-08-09T00:00:00+01:00,2022-08-01T00:00:00+01:00,72000000,CF-0327000D0O000000rwimUAA1,"We will require the following  to support, run and maintain the DaSH platform 
•	Environment maintenance:
•	Service Management:
•	User Management:
•	DevOps:",https://www.contractsfinder.service.gov.uk/Notice/414290f7-928f-465d-aef2-62236ff42ec7,1
Accenture,True,2021,2021-08-16T00:00:00+01:00,2021-08-27T10:50:40+01:00,Highways England,MCF2 Lot 2 Quality Management Benchmarking Within Highways. Supplement Review: Metrics,Accenture (UK) Limited,65384.0,65384.0,0.0,2021-08-17T00:00:00+01:00,2021-09-27T00:00:00+01:00,71311210,tender_282609/992200,"Direct Award under Management Consultancy Framework 2, Lot 2 for work on Quality Metrics.",https://www.contractsfinder.service.gov.uk/Notice/d787d9a5-4c56-40e8-9893-6bad43f0dec7,1
Accenture,True,2021,2021-08-05T00:00:00+01:00,2021-08-25T12:10:10+01:00,Department of Health and Social Care (T&amp;T),NHS Test and Trace - Supply Chain Oracle Test Kit support,Accenture (UK) Limited,453752.0,453752.0,453752.0,2021-08-04T00:00:00+01:00,2021-11-30T00:00:00Z,72000000,CF-0323500D0O000000rwimUAA1,Provision of Test Kit Supply Chain- Oracle Kitting,https://www.contractsfinder.service.gov.uk/Notice/30715024-2a73-486c-bf1d-d2e756591597,1
Accenture,True,2021,2021-08-24T00:00:00+01:00,2021-08-24T20:51:01+01:00,MINISTRY OF DEFENCE,701570389 (DInfoCom/0188) - The Provision of a Defensive Information Warfare Platform,ACCENTURE (UK) LIMITED,5936985.46,5936985.46,0.0,2021-09-06T00:00:00+01:00,2022-09-05T00:00:00+01:00,72000000,701570389 (DInfoCom/0188) - The Provision of a Defensive Information Warfare Platform,"Provide online cloud-based services in order to mentor and up-skill personnel and enable a DIW capability by the Initial Operating Capability (IOC) date of 31 Mar 22.
6 (UK) Div also require the commensurate contractor's technical cloud-based infrastructure to conduct DIW activities. Part of the requirement from the industry partner is to train 6 (UK) Div DIW operators up to the requite standard to safely build their own infrastructure in the future. This is split into 5 separate requirements running concurrently.",https://www.contractsfinder.service.gov.uk/Notice/c3df5be4-5508-43fb-bb9b-9f10d4dbede5,1
Accenture,True,2021,2021-02-26T00:00:00Z,2021-08-09T16:36:51+01:00,Highways England,MCF 2 L2 Supply chain maturity review phase 2,Accenture (UK) Limited,175000.0,175000.0,0.0,2021-03-01T00:00:00Z,2021-04-16T00:00:00+01:00,79418000,tender_282609/986987,Notice of a direct award under the Management Consultancy Framework 2 Lot 2 for support with conducting a supply chain maturity review of Highways England tier 2 suppliers.,https://www.contractsfinder.service.gov.uk/Notice/0b645fb8-c58a-4ea1-94d8-fef5e606cdaf,1
Accenture,True,2020,2020-09-29T00:00:00+01:00,2021-08-09T15:56:00+01:00,Highways England,MCF 2 L2 Supply chain maturity review,Accenture (UK) Limited,199000.0,199000.0,0.0,2020-09-29T00:00:00+01:00,2020-11-30T00:00:00Z,79418000,tender_282609/986957,Notice of a direct award under the Management Consultancy Framework 2 Lot 2 for support with conducting a supply chain maturity review.,https://www.contractsfinder.service.gov.uk/Notice/1197e47d-20f2-445f-b66e-4ce3aac1025f,1
Accenture,True,2021,2021-06-30T00:00:00+01:00,2021-07-21T11:47:52+01:00,HIGHWAYS ENGLAND COMPANY LIMITED,Highways England Quality Benchmarking 2021,ACCENTURE (UK) LIMITED,180000.0,180000.0,0.0,2021-07-01T00:00:00+01:00,2021-09-30T00:00:00+01:00,60000000,Highways England Quality Benchmarking 2021(2),Highways England Quality Benchmarking Project,https://www.contractsfinder.service.gov.uk/Notice/eda197d3-c997-4737-9ffd-f657566e0d32,1
Accenture,True,2021,2021-03-23T00:00:00Z,2021-07-01T08:24:38+01:00,Department of Health and Social Care (T&amp;T),Consultancy Services for the CDO,Accenture (UK) Limited,785808.0,785808.0,785808.0,2021-02-01T00:00:00Z,2021-06-30T00:00:00+01:00,72000000,CF-0228200D0O000000rwimUAA2,"Consultancy services for Asymptomatic test website and site finder

https://atamis-1928.cloudforce.com/sfc/p/0O000000rwim/a/4J000000ksBm/x7zlbO.qYzmO4qKZXlFbKEzkmPQVypOAZfZi9dEvjhw",https://www.contractsfinder.service.gov.uk/Notice/bf67d02e-075f-4b9b-9964-86fd9dc1c2f5,1
Accenture,True,2021,2021-04-12T00:00:00+01:00,2021-06-22T10:04:54+01:00,Department of Health and Social Care (T&amp;T),Scientific Support for Joint Biosecurity Centre,Accenture (UK) Limited,690593.0,690593.0,690593.0,2021-04-01T00:00:00+01:00,2021-09-30T00:00:00+01:00,72300000,CF-0226600D0O000000rwimUAA1,Provison of Data Scientists,https://www.contractsfinder.service.gov.uk/Notice/13b2c8a2-afc7-4715-8e6e-c2c678437f6b,1
Accenture,True,2020,2020-08-01T00:00:00+01:00,2021-06-17T14:18:01+01:00,ATAMIS LTD,DSaB Delivery Leadership,ACCENTURE (UK) LTD,2379000.0,2379000.0,2379000.0,2020-08-17T00:00:00+01:00,2021-08-17T00:00:00+01:00,72000000,CF-0168900D58000000L5A4EAK1,Provision of 5 x senior Programme leadership roles to manage the launch of Border Crossing (Key enabler for FBIS Programme).,https://www.contractsfinder.service.gov.uk/Notice/9e627f47-eb60-47e9-9d60-14e6a86b9405,1
Accenture,True,2020,2020-09-22T00:00:00+01:00,2021-05-12T14:58:22+01:00,Department of Health and Social Care : Department of Health and Social Care,Direct Award for the Provision of Track and Trace HR Surge Roles,ACCENTURE (UK) LIMITED,1885085.0,1885085.0,0.0,2020-09-22T00:00:00+01:00,2021-03-22T00:00:00Z,72221000,CCZV20A01.,HR Surge roles for track and trace.,https://www.contractsfinder.service.gov.uk/Notice/9d8c8b37-2f99-4ba2-b112-4cbd05407494,1
Accenture,True,2021,2021-04-28T00:00:00+01:00,2021-04-29T13:22:35+01:00,Ministry of Defence,My Navy App - Short Term Support,Accenture (UK) Limited,493054.0,493054.0,0.0,2021-04-28T00:00:00+01:00,2021-06-28T00:00:00+01:00,72261000,tender_272135/957561,"**For Transparency Only, Contract Has Been Award Via G-Cloud 12 Framework** My Navy App - Short Term Support",https://www.contractsfinder.service.gov.uk/Notice/e5c8e8a6-7918-4ed1-b21d-02014c68338f,1
Accenture,True,2020,2020-08-31T00:00:00+01:00,2021-04-23T09:56:05+01:00,Department of Health and Social Care : Department of Health and Social Care,Contact Tracing App - COVID App Cell Extension (V001),ACCENTURE (UK) LIMITED,4153505.14,4153505.14,0.0,2020-09-01T00:00:00+01:00,2020-12-31T00:00:00Z,72267100,CCSO20B06.,This is a duplicate entry in Contracts Finder. See also https://www.contractsfinder.service.gov.uk/Notice/d9842082-9808-4519-9910-c92b559f5ab8,https://www.contractsfinder.service.gov.uk/Notice/32e2d57c-49bb-4de5-871b-b695a3ababa9,1
Accenture,True,2020,2020-05-24T00:00:00+01:00,2021-04-23T09:42:00+01:00,Crown Commercial Service,"Contact Tracing App - COVID App Cell and Test, Trace Contain Enable",Accenture (U K) Ltd,2298551.0,2298551.0,0.0,2020-05-24T00:00:00+01:00,2020-08-31T00:00:00+01:00,72267100,121841894975949-1,Variation to existing contract,https://www.contractsfinder.service.gov.uk/Notice/793cdc77-cdc9-46df-abb1-7c65a3f01cd3,1
Accenture,True,2021,2021-03-24T00:00:00Z,2021-04-16T09:14:19+01:00,Department of Health and Social Care : Department of Health and Social Care,Provision of Resource Augmentation App (T&amp;T),ACCENTURE (UK) LIMITED,813828.6,813828.6,0.0,2021-04-01T00:00:00+01:00,2021-06-30T00:00:00+01:00,72266000,CCCC21A57.,Award of the Provision of Resource Augmentation App (T&T). Direct Award under Commercial Agreement RM1557.12 G-Cloud 12 Lot 3 - Cloud Support.,https://www.contractsfinder.service.gov.uk/Notice/e8e75db8-e001-409c-8ec8-f619e7b3c016,1
Accenture,True,2021,2021-03-26T00:00:00Z,2021-04-14T11:53:07+01:00,H M Revenue &amp; Customs,Cloud IaaS Operating System (OS) Management,ACCENTURE (UK) LIMITED,4713850.0,4713850.0,0.0,2021-03-29T00:00:00+01:00,2024-03-28T00:00:00Z,72223000,475364684,Operating System run partner managing and operating Cloud platforms (AWS and MS Azure).,https://www.contractsfinder.service.gov.uk/Notice/7b9507cb-b33b-4a23-b8f4-f7a683cab78f,1
Accenture,True,2020,2020-12-31T00:00:00Z,2021-04-01T14:53:11+01:00,Department of Health and Social Care (T&amp;T),Rapid response forecasting demand scenario modelling,Accenture (UK) Limited,334476.0,334476.0,334476.0,2020-12-16T00:00:00Z,2021-03-30T00:00:00+01:00,79411000,CF-0161600D0O000000rwimUAA1,Rapid response forecasting demand scenario modelling,https://www.contractsfinder.service.gov.uk/Notice/ae92792d-cb9a-4e3b-8e2b-bac3e87ebb89,1
Accenture,True,2021,2021-03-23T00:00:00Z,2021-04-01T11:41:14+01:00,Department of Health and Social Care (T&amp;T),Laboratory information management system build support,Accenture (UK) Limited,725450.0,725450.0,725450.0,2021-02-15T00:00:00Z,2021-05-31T00:00:00+01:00,48000000,CF-0157700D0O000000rwimUAA1,Solution support build,https://www.contractsfinder.service.gov.uk/Notice/f568278f-3c16-4706-b7eb-cb6995de2a05,1
Accenture,True,2020,2020-12-31T00:00:00Z,2021-04-01T10:42:16+01:00,Department of Health and Social Care (T&amp;T),NHS Test and Trace - Mass Testing,Accenture (UK) Limited,290335.0,290335.0,290335.0,2020-11-09T00:00:00Z,2020-12-24T00:00:00Z,79411000,CF-0161000D0O000000rwimUAA1,Asymptomatic Test Website Build,https://www.contractsfinder.service.gov.uk/Notice/ae5dd2be-50a0-4f44-8877-907901d04246,1
Accenture,True,2021,2021-03-19T00:00:00Z,2021-03-30T17:45:12+01:00,NHS Resolution,Data warehouse Requirements,Accenture (UK) Ltd,150000.0,150000.0,0.0,2021-03-22T00:00:00Z,2022-03-21T00:00:00Z,72222300,MT222380,Provision of a data warehouse,https://www.contractsfinder.service.gov.uk/Notice/85c4fc85-e081-4766-81e2-0cc7a532a4c5,1
Accenture,True,2021,2021-03-11T00:00:00Z,2021-03-12T10:10:53Z,MINISTRY OF DEFENCE,DevOps Platform Support to the Development and Sustainment of the MyNavy Application - Phase 3,ACCENTURE (UK) LIMITED,787435.0,787435.0,0.0,2021-03-11T00:00:00Z,2021-03-31T00:00:00+01:00,72212781,701548457,***FOR TRANSPARENCY PURPOSES ONLY*** This contract has been awarded under G Cloud 12 Framework - DevOps Platform Support to the Development and Sustainment of the MyNavy Application - Phase 3,https://www.contractsfinder.service.gov.uk/Notice/fe427ffb-f714-454f-b1f7-fe4eee594149,1
Accenture,True,2020,2020-12-23T00:00:00Z,2021-03-04T13:22:17Z,Department of Health and Social Care (T&amp;T),Data science support for Joint Biosecurity Centre,Accenture (UK) Limited,550520.0,550520.0,550520.0,2020-12-03T00:00:00Z,2021-03-31T00:00:00+01:00,72300000,CF-0127300D0O000000rwimUAA1,"Provision of support, advice and analytical support",https://www.contractsfinder.service.gov.uk/Notice/5de068ab-5a9f-48c7-a021-d6cf129ea034,1
Accenture,True,2020,2020-08-31T00:00:00+01:00,2021-02-17T16:29:20Z,Cabinet Office : Cabinet Office,ONGOING PROVISION OF COVID-19 COUNTER FRAUD CONSULTANCY,ACCENTURE (UK) LIMITED,1100000.0,1100000.0,0.0,2020-08-31T00:00:00+01:00,2021-03-31T00:00:00+01:00,79411000,CCCC20B14.,CCCC20B14 Ongoing Provision of COVID-19 Counter Fraud Consultancy,https://www.contractsfinder.service.gov.uk/Notice/a683a989-6c31-470d-a9bb-86cc5b39855c,1
Accenture,True,2020,2020-12-17T00:00:00Z,2021-02-15T14:51:39Z,National Employment Savings Trust (NEST),TEN-2021-016 Building Digital Service Design Capability,"Sigma Consulting Ltd,Accenture (UK) Ltd",3000000.0,0.0,3000000.0,2021-01-04T00:00:00Z,2023-02-03T00:00:00Z,79415200,tender_265346/925588,"This contract was tendered through the Crown Commercial Service Digital Outcomes & Specialists 4 Framework Agreement.

It was advertised via the Government Digital Marketplace and the full requirement can be found here:

https://www.digitalmarketplace.service.gov.uk/digital-outcomes-and-specialists/opportunities/13324",https://www.contractsfinder.service.gov.uk/Notice/6db1f3d1-1a1a-453e-aade-adce013eac8c,2
Accenture,True,2020,2020-11-30T00:00:00Z,2021-02-10T09:07:50Z,Department of Health and Social Care : Department of Health and Social Care,Test and Trace - Provision of Data Analytics,ACCENTURE (UK) LIMITED,567200.0,567200.0,0.0,2020-11-30T00:00:00Z,2021-01-31T00:00:00Z,72224000,CCCC20B97.,Provision of data analytics.,https://www.contractsfinder.service.gov.uk/Notice/17204193-1717-4287-90b6-7413895e34b5,1
Accenture,True,2021,2021-01-12T00:00:00Z,2021-01-12T16:58:58Z,MINISTRY OF DEFENCE,DevOps Platform Support to the Development and Sustainment of the MyNavy Application Phase 2,Accenture (U K) Ltd,833150.0,833150.0,0.0,2020-11-09T00:00:00Z,2021-03-31T00:00:00+01:00,72212781,701428398,***FOR TRANSPARENCY PURPOSES ONLY*** This contract has been awarded under G Cloud 12 Framework - DevOps Platform Support to the Development and Sustainment of the MyNavy Application,https://www.contractsfinder.service.gov.uk/Notice/c82e21c3-a131-4b65-99c6-f47103f5f169,1
Accenture,True,2020,2020-11-06T00:00:00Z,2021-01-08T15:37:48Z,Department of Health and Social Care (T&amp;T),CTO Extension,Accenture (UK) Limited,2223428.08,2223428.08,2223428.08,2020-09-01T00:00:00+01:00,2021-03-31T00:00:00+01:00,79411000,CF-0094600D0O000000rwimUAA1,Provision of resources to support DHSC TTCE CTO Management Workstream.,https://www.contractsfinder.service.gov.uk/Notice/a0e3666a-f07d-43bb-9247-d50fcb9d024e,1
Accenture,True,2020,2020-11-06T00:00:00Z,2021-01-08T15:31:04Z,Department of Health and Social Care (T&amp;T),"Test, Trace, Contain Enable -Product Management Extension",Accenture (UK) Limited,1678914.62,1678914.62,1678914.62,2020-09-01T00:00:00+01:00,2020-12-01T00:00:00Z,79411000,CF-0094700D0O000000rwimUAA1,Provision of resources to support DHSC TTCE Product Management Workstream - Extension.,https://www.contractsfinder.service.gov.uk/Notice/1fb770ac-4091-49a8-93ac-6fb81cbf5d9d,1
Accenture,True,2022,2022-03-29T00:00:00+01:00,2022-03-30T08:50:07+01:00,NNUH,Accenture - Software License and Maintenance Agreement,ACCENTURE (UK) LIMITED,23485.0,23485.0,23485.0,2022-01-01T00:00:00Z,2022-12-31T00:00:00Z,72267000,CF-0735900D0O000000rwimUAA1,Software licences and maintenance. Auto renewal of previous contract.,https://www.contractsfinder.service.gov.uk/Notice/21e805ae-7e41-42e9-af8f-eb392dd7e608,1
Accenture,True,2021,2021-12-20T00:00:00Z,2022-02-21T14:44:51Z,Crown Commercial Service,CCTS21A48 New Request - GCloud request for Accenture Support Units Oct2021,ACCENTURE (UK) LIMITED,100000.0,100000.0,0.0,2022-01-01T00:00:00Z,2022-12-31T00:00:00Z,48517000,CCTS21A48.,"The service required is to provide ongoing support services, with report and/or functionality development. This will be for the HCM, ERP and Taleo modules, based around a PAYG support unit model",https://www.contractsfinder.service.gov.uk/Notice/19dd0a88-c6ac-4dc3-ab18-63251ad4b2a7,1
Accenture,False,2022,2022-12-16T00:00:00Z,2022-12-16T10:29:10Z,National Highways,T0411 Accenture Quality report follow-up support,FUTRAN Joint Venture,91660.0,91660.0,0.0,2022-12-15T00:00:00Z,2023-03-31T00:00:00+01:00,73220000,tender_339805/1158960,This project is to support the introduction of the recommendations in the 'Quality management assessment within National Highways' report of November 2021.,https://www.contractsfinder.service.gov.uk/Notice/289e9d57-ea06-4e1d-b3a0-c7ccdbbb3c89,1
Accenture,True,2022,2022-03-31T00:00:00+01:00,2022-07-08T18:00:22+01:00,Post Office Limited,SPM DEVELOPMENT PARTNER - LOT 5,ACCENTURE,27000000.0,27000000.0,0.0,2022-05-02T00:00:00+01:00,2024-05-01T00:00:00+01:00,72600000,C101780,"This is a Competitive call-off under the Digital Capability Framework (DCF) Agreement for Lot 5 

It is for the provision of resources to support the delivery of application development/delivery work for Post Office's Strategic Platform Modernisation Programme (SPMP).  The contract is awarded to Accenture.",https://www.contractsfinder.service.gov.uk/Notice/34ed6f40-0dd5-4479-b75f-f821214a9829,1
Accenture,True,2022,2022-02-25T00:00:00Z,2022-03-18T10:11:12Z,DfTc - Department for Transport,Provision of E-procurement System Service Desk Support,ACCENTURE (UK) LIMITED,120000.0,120000.0,0.0,2022-02-28T00:00:00Z,2023-02-27T00:00:00Z,72253000,tender_294859/1053290,"This award notice details the award of contract for the provision of E-procurement System Service Desk Support to Accenture UK Limited by the Department for Transport following Open competition under the Public Contract Regulations 2015.
This contract is awarded for a period of 12 months with two irrevocable Authority options to extend the duration by a period of 6 months (12+6+6).",https://www.contractsfinder.service.gov.uk/Notice/f455c2b6-4ecf-4d05-9842-3c3f3d208c26,1
Accenture,True,2022,2022-03-22T00:00:00Z,2022-07-11T11:50:13+01:00,Financial Conduct Authority,CON-20-115 Consultancy &amp; Skilled Persons Framework,"Accenture,Barnett Waddingham LLP,BDO LLP,Deloitte LLP,Ernst &amp; Young LLP,Grant Thornton UK LLP,Hymans Robertson LLP,KPMG LLP,Lane, Clarke &amp; Peacock LLP,Management Solutions,Alvarez &amp; Marsal Financial Industry Advisory Services LLP,Bovill Limited,Deloitte LLP,Kroll Advisory Ltd,Ernst &amp; Young LLP,Grant Thornton UK LLP,KPMG LLP,Ocreus Limited,Protiviti Limited,PriceWaterhouseCoopers LLP,Allen &amp; Overy LLP,Alvarez &amp; Marsal Financial Industry Advisory Services LLP,Avyse Partners Ltd,BDO LLP,Deloitte LLP,Ernst &amp; Young LLP,Eversheds Sutherland (International) LLP,Grant Thornton UK LLP,KPMG LLP,Management Solutions,Ocreus Limited,PA Consulting Services Limited,PriceWaterhouseCoopers LLP,Allen &amp; Overy LLP,Alvarez &amp; Marsal Financial Industry Advisory Services LLP,Avyse Partners Limited,Baringa Partners LLP,BDO LLP,Deloitte LLP,Ernst &amp; Young LLP,Eversheds Sutherland (International) LLP,Grant Thornton UK LLP,Guidehouse Europe Limited,KPMG LLP,PA Consulting Services Limited,Allen &amp; Overy LLP,Aurexia,Avyse Partners Limited,BDO LLP,Deloitte LLP,Ernst &amp; Young LLP,Eversheds Sutherland (International) LLP,Grant Thornton UK LLP,KPMG LLP,Ocreus Limited,PA Consulting Services Limited,PriceWaterhouseCoopers LLP,Avyse Partners Limited,Deloitte LLP,Ernst &amp; Young LLP,Eversheds Sutherland (International) LLP,Exiger Limited,Grant Thornton UK LLP,Guidehouse Europe Limited,KPMG LLP,Ocreus Limited,Oliver Wyman Limited,Plenitude Consulting Limited,Alvarez &amp; Marsal Financial Industry Advisory Services LLP,Baringa Partners LLP,BDO LLP,Deloitte LLP,Kroll Advisory Limited,Ernst &amp; Young LLP,Grant Thornton UK LLP,KPMG LLP,PriceWaterhouseCoopers LLP,Milliman LLP,Oliver Wyman Limited,Protiviti Limited,PriceWaterhouseCoopers LLP,Steve Dixon Associates LLP,Alvarez &amp; Marsal Financial Industry Advisory Services LLP,BDO LLP,Complyport Limited,Deloitte LLP,Kroll Advisory Ltd,Ernst &amp; Young LLP,Grant Thornton UK LLP,KPMG LLP,Management Solutions,Ocreus Limited,Oliver Wyman Limited,PriceWaterhouseCoopers LLP,Alvarez &amp; Marsal Financial Industry Advisory Services LLP,BDO LLP,Capgemini Invent,Deloitte LLP,Ernst &amp; Young LLP,Eversheds Sutherland (International) LLP,Grant Thornton UK LLP,KPMG LLP,Mason Advisory Limited,PA Consulting Services Ltd,Protiviti Limited,PriceWaterhouseCoopers  LLP,The Berkeley Partnership,Accenture,NCC Group,Netitude Limited,Orpheus,PriceWaterhouseCoopers LLP,Security Alliance Limited,Accenture,Cyberis Limited,Deloitte LLP,Withsecure Limited,Gotham Digital Science Limited,KPMG LLP,NCC Group,Nettitude Limited,PriceWaterhouseCoopers LLP,DBRS Limited,Kroll Bond Rating Agency UK Limited,Accenture,AND Digital,Aurexia,Avyse Partners Limited,B2E Consulting Solutions Limited,BDO LLP,CEPA,Deloitte LLP,Ernst &amp; Young LLP,European Economic Research Limited,Fingleton Limited,FTI Consulting LLP,Grant Thornton UK LLP,Guidehouse Europe Limited,KPMG LLP,Lipis Advisors Gmbh,Lucerna Partners Limited,Macfarlanes LLP,Management Solutions,Mason Advisory Limited,Mazars LLP,Milliman LLP,North Highland UK,Oliver Wyman Limited,PA Consulting Services Limited,Program Planning Professionals t/a PCubed,Plenitude Consulting Limited,PriceWaterhouseCoopers LLP,Square 4 Partners Limited,The Berkeley Partnership",110000000.0,110000000.0,0.0,2022-04-01T00:00:00+01:00,2026-03-31T00:00:00+01:00,66171000,BIP704730178,Creation of a consultancy and skilled persons framework with multiple lots. Lots A to L cover different specialities of s166 skilled persons review as part of the FCA and Bank of England (including the PRA) regulatory remit. Lot M covers general consultancy and is split into specialisms. Suppliers will not need to deliver all of the specialisms in the lot and will be considered for the specialism(s) that they have been selected.,https://www.contractsfinder.service.gov.uk/Notice/a26eb7e3-c7c9-441c-8bf2-e11476746156,155
Accenture,True,2022,2022-03-22T00:00:00Z,2022-07-07T13:00:12+01:00,Financial Conduct Authority,CON-20-115 Consultancy &amp; Skilled Persons Framework,"Alvarez &amp; Marsal Financial Industry Advisory Services LLP,Bovill Limited,Deloitte LLP,Kroll Advisory Ltd,Ernst &amp; Young LLP,PriceWaterhouseCoopers LLP,Grant Thornton UK LLP,KPMG LLP,Ocreus Limited,Protiviti Limited,Allen &amp; Overy LLP,Alvarez &amp; Marsal Financial Industry Advisory Services LLP,Avyse Partners Ltd,BDO LLP,Deloitte LLP,Management Solutions,Ernst &amp; Young LLP,Eversheds Sutherland (International) LLP,Grant Thornton UK LLP,KPMG LLP,Ocreus Limited,PA Consulting Services Limited,PriceWaterhouseCoopers LLP,Allen &amp; Overy LLP,Avyse Partners Limited,Alvarez &amp; Marsal Financial Industry Advisory Services LLP,Eversheds Sutherland (International) LLP,Grant Thornton UK LLP,Guidehouse Europe Limited,Ernst &amp; Young LLP,Baringa Partners LLP,BDO LLP,Deloitte LLP,Allen &amp; Overy LLP,Ernst &amp; Young LLP,Aurexia,Avyse Partners Limited,BDO LLP,Deloitte LLP,Eversheds Sutherland (International) LLP,Grant Thornton UK LLP,Ocreus Limited,KPMG LLP,KPMG LLP,PA Consulting Services Limited,PA Consulting Services Limited,PriceWaterhouseCoopers LLP,Avyse Partners Limited,Deloitte LLP,Ernst &amp; Young LLP,Eversheds Sutherland (International) LLP,Exiger Limited,Oliver Wyman Limited,Grant Thornton UK LLP,Guidehouse Europe Limited,KPMG LLP,Ocreus Limited,Plenitude Consulting Limited,Alvarez &amp; Marsal Financial Industry Advisory Services LLP,Baringa Partners LLP,BDO LLP,Deloitte LLP,Kroll Advisory Limited,Ernst &amp; Young LLP,Grant Thornton UK LLP,PriceWaterhouseCoopers LLP,KPMG LLP,Accenture,Barnett Waddingham LLP,BDO LLP,Deloitte LLP,Ernst &amp; Young LLP,Grant Thornton UK LLP,Management Solutions,Hymans Robertson LLP,KPMG LLP,Lane, Clarke &amp; Peacock LLP,Alvarez &amp; Marsal Financial Industry Advisory Services LLP,BDO LLP,Complyport Limited,Deloitte LLP,Ocreus Limited,Kroll Advisory Ltd,Ernst &amp; Young LLP,Grant Thornton UK LLP,KPMG LLP,Management Solutions,PriceWaterhouseCoopers LLP,Milliman LLP,Steve Dixon Associates LLP,Oliver Wyman Limited,Protiviti Limited,Alvarez &amp; Marsal Financial Industry Advisory Services LLP,BDO LLP,Capgemini Invent,Deloitte LLP,Ernst &amp; Young LLP,Eversheds Sutherland (International) LLP,Grant Thornton UK LLP,KPMG LLP,Mason Advisory Limited,PA Consulting Services Ltd,Protiviti Limited,PriceWaterhouseCoopers  LLP,The Berkeley Partnership,Oliver Wyman Limited,PriceWaterhouseCoopers LLP,Accenture,NCC Group,Netitude Limited,Orpheus,PriceWaterhouseCoopers LLP,Security Alliance Limited,Accenture,Cyberis Limited,Deloitte LLP,Withsecure Limited,Gotham Digital Science Limited,PriceWaterhouseCoopers LLP,KPMG LLP,NCC Group,Nettitude Limited,DBRS Limited,Kroll Bond Rating Agency UK Limited,Accenture,AND Digital,Aurexia,Avyse Partners Limited,B2E Consulting Solutions Limited,BDO LLP,European Economic Research Limited,CEPA,Deloitte LLP,Ernst &amp; Young LLP,Fingleton Limited,FTI Consulting LLP,Grant Thornton UK LLP,Guidehouse Europe Limited,KPMG LLP,Management Solutions,Lipis Advisors Gmbh,Lucerna Partners Limited,Macfarlanes LLP,Mason Advisory Limited,Mazars LLP,Milliman LLP,North Highland UK,Oliver Wyman Limited,PA Consulting Services Limited,Program Planning Professionals t/a PCubed,Plenitude Consulting Limited,PriceWaterhouseCoopers LLP,The Berkeley Partnership,Square 4 Partners Limited",110000000.0,110000000.0,0.0,2022-04-01T00:00:00+01:00,2026-03-31T00:00:00+01:00,66171000,BIP697479828,Creation of a consultancy and skilled persons framework with multiple lots. Lots A to L cover different specialities of s166 skilled persons review as part of the FCA and Bank of England (including the PRA) regulatory remit. Lot M covers general consultancy and is split into specialisms. Suppliers will not need to deliver all of the specialisms in the lot and will be considered for the specialism(s) that they have been selected.,https://www.contractsfinder.service.gov.uk/Notice/0bd6713c-585e-495f-acce-89f2bdd25095,155
Accenture,True,2022,2022-09-02T00:00:00+01:00,2022-09-20T12:01:26+01:00,Pension Protection Fund,Oracle Support Services,Accenture (UK) Limited,226200.0,226200.0,0.0,2022-09-03T00:00:00+01:00,2025-03-02T00:00:00Z,72261000,tender_93232/1105747,Provision of support services for Oracle systems (ERP EPM).,https://www.contractsfinder.service.gov.uk/Notice/775b3351-d5c6-4786-96d8-88e31057b0fd,1
Accenture,True,2020,2020-12-02T00:00:00Z,2022-06-23T11:02:27+01:00,Post Office Limited,Reissue of Contract Award Digital Capability Framework,"Accenture (U K) Ltd,CORPORATE DOCUMENT SERVICES LIMITED,Click Consult Limited,COFORGE U.K. LIMITED,CXpartners,ECLIPSE GROUP SOLUTIONS LTD trading as Space Between,ENTSERV UK LIMITED,KIN AND CARTA CREATE EUROPE LIMITED,MASTEK (UK) LTD.,PA Consulting Services Limited,ROWE IT LIMITED,VALTECH LIMITED,ZENSAR TECHNOLOGIES (UK) LIMITED",78000000.0,85000000.0,0.0,2021-01-28T00:00:00Z,2023-01-27T00:00:00Z,72000000,Digital Capability Framework,"Reissue of contract notice previous published in February 2021. See additional information for details of update.

Post Office Limited (POL) is establishing a framework agreement for the provision of digital specialists to support, as may be required, the digital teams in delivering the highest standard of service and digital support to the business. The framework is divided into 5 lots.",https://www.contractsfinder.service.gov.uk/Notice/10c8059f-5b75-476d-a48d-eae06d6b9b33,13
Accenture,True,2022,2022-11-22T00:00:00Z,2022-12-19T10:32:37Z,Crown Commercial Service,Provision of NHSCFA Consultancy Support,ACCENTURE (UK) LIMITED,60000.0,60000.0,0.0,2022-11-25T00:00:00Z,2023-02-24T00:00:00Z,73210000,CCCC22A11.,"The National Health Service Counter Fraud Authority (NHSCFA) is an independent special health authority (an arm's length body funded by the Department for Health and Social Care). Its purpose is to lead and proactively support the NHS to understand, find,",https://www.contractsfinder.service.gov.uk/Notice/24da2c39-35f9-4ed3-a93d-18ff2c7edee7,1
Accenture,True,2022,2022-11-03T00:00:00Z,2022-12-13T16:34:24Z,Department for Work and Pensions,(DWP) SCE Customer Exploration,Accenture (UK) Ltd,2147418.0,1717934.0,2147418.0,2022-12-12T00:00:00Z,2023-11-30T00:00:00Z,72222300,tender_316941/1157458,"Provision of augmented resources to support
delivery of the SCE Customer Exploration 
Project",https://www.contractsfinder.service.gov.uk/Notice/e6782d83-2be4-4c1e-a867-5082a9cd1afb,1
Accenture,True,2022,2022-07-18T00:00:00+01:00,2022-12-02T14:27:10Z,Home Office,Proc635 Person Products Delivery,ACCENTURE (UK) LTD,45076234.0,45076234.0,45076234.0,2022-07-18T00:00:00+01:00,2025-07-17T00:00:00+01:00,72000000,CF-0279000D58000000L5A4EAK,RM6100 Technology Services 3 contract - Person Products Delivery,https://www.contractsfinder.service.gov.uk/Notice/c94b2c13-4386-4bb2-b092-53bac205f5ff,1
Accenture,True,2022,2022-11-01T00:00:00Z,2022-11-22T14:39:22Z,Home Office,PEGA Support for EU-Exit,ACCENTURE (UK) LTD,1364654.0,1364654.0,1364654.0,2022-11-01T00:00:00Z,2023-10-31T00:00:00Z,72000000,CF-0284200D58000000L5A4EAK,Level 3 application support for the PEGA case working solution for the EU Exit Settlement Scheme,https://www.contractsfinder.service.gov.uk/Notice/964eff5f-a1b8-4564-80ce-7b881d287a13,1
Accenture,True,2022,2022-11-15T00:00:00Z,2022-11-17T10:00:31Z,Department for Work and Pensions,(DWP) Shared Channels Experience Care Choices Contract,Accenture (UK) Ltd,1037676.0,1037676.0,1297095.0,2022-11-28T00:00:00Z,2023-06-23T00:00:00+01:00,72222300,tender_315682/1147268,"Provision of Augmented Resources to support the
DWP Shared Channels Experience Team - Care 
Choices Contract",https://www.contractsfinder.service.gov.uk/Notice/e54d2b2e-30a1-4292-bbed-4a5b7ee12ef0,1
Accenture,True,2021,2021-02-24T00:00:00Z,2022-11-04T15:02:55Z,Department of Health and Social Care (T&amp;T),NHS Test and Trace - Asymptomatic Test Website/Site Finder and CMS,Accenture (UK) Limited,462083.8,462083.8,462083.8,2020-12-25T00:00:00Z,2021-03-31T00:00:00+01:00,72000000,CF-0177200D0O000000rwimUAA,Consultancy services for Asymptomatic test website and site finder,https://www.contractsfinder.service.gov.uk/Notice/6822ecb9-e284-4c00-b187-3add815bbc21,1
Accenture,True,2022,2022-07-18T00:00:00+01:00,2022-11-01T21:01:30Z,Home Office,Proc635 Person Products Delivery,ACCENTURE (UK) LTD,45076234.0,45076234.0,45076234.0,2022-07-18T00:00:00+01:00,2025-07-17T00:00:00+01:00,72000000,CF-0279000D58000000L5A4EAK1,RM6100 Technology Services 3 contract - Person Products Delivery,https://www.contractsfinder.service.gov.uk/Notice/b2ba9439-36ed-420b-b8ca-257b2327e92f,1
Accenture,True,2022,2022-09-14T00:00:00+01:00,2022-11-01T13:53:09Z,H M Revenue &amp; Customs,ESP Business Change,Accenture (U K) Ltd,4000000.0,4000000.0,0.0,2022-09-15T00:00:00+01:00,2025-09-14T00:00:00+01:00,72221000,CW62035,"Contract Award Notice for HM Revenue and Customs requirement ESP Business Change. 
The delivery of Change Management services from a provider with proven expertise in the field of security/technology change programmes with the ability to accelerate HMRC in its journey towards enhanced security culture. The delivery will include operating across all levels in the organisation, leading large complex change and upskilling and enabling HMRC to ensure that change isn't being done to the organisation.",https://www.contractsfinder.service.gov.uk/Notice/10989194-6d60-42e5-ba9f-67912d6fdd66,1
Accenture,True,2022,2022-10-17T00:00:00+01:00,2022-10-28T15:26:38+01:00,Department for Work and Pensions,SCE - Preference Store,Accenture,840440.88,840440.0,1050511.0,2022-10-31T00:00:00Z,2023-10-30T00:00:00Z,72590000,tender_311021/1118708,Augmented Resources to support the SCE Preference Store,https://www.contractsfinder.service.gov.uk/Notice/e3e1926f-e1a1-41c2-bd91-144448dbf593,1
Accenture,True,2022,2022-10-17T00:00:00+01:00,2022-10-17T16:34:24+01:00,City of Bradford Metropolitan District Council,SAP Support and Maintenance,Accenture UK Ltd,800000.0,360000.0,900000.0,2023-01-01T00:00:00Z,2028-01-01T00:00:00Z,72000000,20221017163417-103277,"City of Bradford Metropolitan District Council (the Council) is seeking to appoint a suitably experienced and qualified Provider (the Provider) to deliver a comprehensive SAP Support and Maintenance service. The Council is not looking to replace its existing SAP system at this time, but is looking at the options to move to S4Hana/SAP cloud offering/any other SAP cloud option before the current version of SAP EEC6 is no longer under support by SAP.

The Council requires a Provider who is capable of providing a complete SAP support service. This service will be dependent on close coordination ",https://www.contractsfinder.service.gov.uk/Notice/26a2e51c-71f3-4d53-b9a7-4d1bf5bc6073,1
Accenture,True,2022,2022-09-13T00:00:00+01:00,2022-10-11T14:32:15+01:00,Highways England,Information Technology Commercial Framework,"1 Spatial Limited,Accenture (UK) Limited,ACTICA CONSULTING LIMITED,AECOM LIMITED,AIRWALK CONSULTING REPLY LTD,AKHTER COMPUTERS LIMITED,AMEY OWR LIMITED,ANGOKA LIMITED,ANMUT CONSULTING LTD,ARCADIS CONSULTING (UK) LIMITED,ASSET INSIGHTS LIMITED,ATKINS LIMITED,ATOS IT SERVICES UK LIMITED,AVANADE UK LIMITED,AXIOLOGIK LIMITED,BAE SYSTEMS APPLIED INTELLIGENCE LIMITED,BJSS LIMITED,BOXXE LIMITED,BRIDEWELL CONSULTING LIMITED,BRIGHTWIRE TECHNOLOGY SERVICES LIMITED,BRITISH TELECOMMUNICATIONS PUBLIC LIMITED COMPANY,BYTES SOFTWARE SERVICES LIMITED,CACI LIMITED,CADENCE INNOVA LTD,CAMPBELL SCIENTIFIC LIMITED,CAPGEMINI UK PLC,CAPITA BUSINESS SERVICES LTD,CERTES IT SERVICE SOLUTIONS LIMITED,CERTUS ADVISORY LTD,CGI IT UK LIMITED,CLEARVIEW INTELLIGENCE LIMITED,COFORGE U.K. LIMITED,COGNIZANT WORLDWIDE LIMITED,COMPUTACENTER (UK) LIMITED,CREDERA LIMITED,CROSS8 LIMITED,CYBER WARE LIMITED,CYBERFORT LIMITED,DAISY CORPORATE SERVICES TRADING LIMITED,DELOITTE LLP,D.W. WINDSOR LIMITED,SWARCO UK &amp; IRELAND LTD,EBENI LIMITED,ROADWORKS INFORMATION LIMITED,ENTSERV UK LIMITED,ENZEN GLOBAL LIMITED,ERNST &amp; YOUNG LIMITED,ESRI (UK) LIMITED,EVOLVE COMMERCIAL LIMITED,EXPERIS LIMITED,FACULTY SCIENCE LIMITED,FRAZER-NASH CONSULTANCY LIMITED,FUJITSU SERVICES LIMITED,GCI NETWORK SOLUTIONS LIMITED,GRANT THORNTON UK LLP,GUTTERIDGE HASKINS &amp; DAVEY LIMITED,HEWLETT - PACKARD LIMITED,HUGHES NETWORK SYSTEMS LIMITED,I3SECURE LIMITED,I3WORKS LTD,IBI GROUP (UK) LIMITED,INCREMENTAL GROUP LIMITED,INSIGHT DIRECT (UK) LTD,INTELLIGENT TRANSFORMATION LIMITED,INVESTIGO LIMITED,JUMAR SOLUTIONS LIMITED,KAINOS SOFTWARE LIMITED,KPMG LLP,L.A. INTERNATIONAL COMPUTER CONSULTANTS LIMITED,LEIDOS INNOVATIONS UK LTD,MARSTON (HOLDINGS) LIMITED,MASON ADVISORY LIMITED,MASTEK (UK) LTD,MCKINSEY &amp; COMPANY, INC. UNITED KINGDOM,MOBILISE CLOUD SERVICES LIMITED,MOTT MACDONALD LIMITED,MOZAIC-SERVICES LTD,NCC GROUP SECURITY SERVICES LIMITED,NETCOMPANY UK LIMITED,NETWORK UTILITIES (SYSTEMS) LIMITED,NICANDER LTD,Full name of the relevant organisation   NIRA Dynamics AB,NOMENSA LTD,NORTH HIGHLAND UK LIMITED,ONWAVE UK LIMITED,OVE ARUP &amp; PARTNERS LIMITED,P. DUCKER SYSTEMS LIMITED,PA CONSULTING SERVICES LIMITED,PALANTIR TECHNOLOGIES UK, LTD.,PARICO LIMITED,PEGASYSTEMS LIMITED,PRICEWATERHOUSECOOPERS LEGAL LLP,PROVENTION LIMITED,ROWE IT LIMITED,SHIFT LEFT GROUP LIMITED,YUNEX LIMITED,SOFTCAT PLC,SOPRA STERIA LIMITED,SPECIALIST COMPUTER CENTRES PLC,STONE TECHNOLOGIES LIMITED,SWECO UK LIMITED,TATA CONSULTANCY SERVICES LIMITED,TELENT TECHNOLOGY SERVICES LIMITED,GREEN CLOUD IT LTD,FUTUREGOV. LTD,TRACSIS TRAFFIC DATA LIMITED,TRG-UK LTD,TRIAD GROUP PLC,TRL LIMITED,TURNER &amp; TOWNSEND CONSULTING LIMITED,VERSION 1 SOLUTIONS LIMITED,VISUAL MEANING LIMITED,VODAFONE LIMITED,WIPRO LIMITED,WSP UK LIMITED,XEROX (UK) LIMITED,XMA LIMITED,YOTTA LIMITED",1000000000.0,1000000000.0,0.0,2022-09-13T00:00:00+01:00,2026-09-12T00:00:00+01:00,72222300,tender_282557/1110062,"The purpose of this Contract Award Notice is to publish information in relation to the  the award of the IT Commercial Framework for National Highways Limited  in accordance with Regulation 112 of the Public Contract Regulations 2015 (as amended).

The ITCF will be the primary commercial vehicle to support the delivery of the National Highways RIS2 (and beyond) Digital Services and Technology pipeline and to meet the strategic aims of National Highways. The framework award is to 119 suppliers to purchase Goods and Services for Digital Services and technology across 18 lots which are:

Lot ",https://www.contractsfinder.service.gov.uk/Notice/6af7a4b5-489d-4e39-8ee0-bc7969ea995c,120
Accenture,True,2022,2022-04-08T00:00:00+01:00,2022-04-21T11:09:28+01:00,H M Revenue &amp; Customs,CW39151 Post-Covid Recovery &amp; SR21 New Build Activity (Digital Delivery Centres),ACCENTURE (UK) LIMITED,95000000.0,95000000.0,0.0,2022-04-08T00:00:00+01:00,2024-04-07T00:00:00+01:00,72000000,CW39151 Post-Covid Recovery &amp; SR21 New Build Activity (Digital Delivery Centres),"Dear Supplier

Her Majesty's Revenue and Customs (HMRC) will be issuing an ITT for the 'Post-Covid Recovery & Spending Review 2021 New Build Activity, and Automation Delivery Lot 1' and 'Post-Covid Recovery & Spending Review 2021 New Build Activity; and Automation Delivery Lot 2' further competition via the RM6100 Technology Services 3 Framework, Lot 3d.  As a supplier on this Framework Lot, if you wish to participate in this Invitation to Tender, you must ensure that:

1.	You have completed, signed and returned the attached Non-Disclosure agreement to me no later than 4 pm on the Monday 6",https://www.contractsfinder.service.gov.uk/Notice/13216de4-54f8-4e96-b79a-beaab3a43560,1
Accenture,True,2022,2022-07-19T00:00:00+01:00,2022-08-25T12:22:46+01:00,NHS Digital,Digital Test Service Phase 3,ACCENTURE (UK) LIMITED,30000000.0,30000000.0,25000000.0,2022-07-20T00:00:00+01:00,2024-07-19T00:00:00+01:00,72000000,CF-1047600D0O000000rwimUAA,"•	Core Services (Core): Core exposes the core services that stores subject (citizens) and test data such as when and where a test was conducted. Providing this data to downstream systems to match test results for further distribution to GPs and PHE and subsequent Authority systems.
•	External Data Services (EDS): Integrates various external systems to facilitate the flow of data out of and into the core testing platform. It also provides a messaging services interface and Management Information feeds.
•	Digital Programme Tools (DPT): A set of applications used in testing sites to manage the ",https://www.contractsfinder.service.gov.uk/Notice/9145b36b-316a-452f-bdc0-826cebf0ec5d,1
Accenture,True,2022,2022-06-08T00:00:00+01:00,2022-08-04T12:00:03+01:00,Financial Conduct Authority,"GB-London: CON-22-115 PSR Resource Augmentation - Strategy, Economics, Policy and Monitoring",Accenture (UK) Limited,300000.0,300000.0,0.0,2022-07-18T00:00:00+01:00,2023-01-13T00:00:00Z,71621000,BIP711078384,Provision of resources to the PSR to assist with policy and economic analysis.,https://www.contractsfinder.service.gov.uk/Notice/7e5dbfae-584a-47f9-afd4-e1209b84fee2,1
Accenture,True,2022,2022-07-01T00:00:00+01:00,2022-07-22T15:38:05+01:00,Department for Work and Pensions,Digital Support for IAG Core Team,Accenture (UK( Limited,1850273.38,1850273.38,4317305.72,2022-07-01T00:00:00+01:00,2023-03-31T00:00:00+01:00,72000000,tender_306137/1090631,Provision of digital support for DWP IAG&apos;s Core Team - support of core and live services.,https://www.contractsfinder.service.gov.uk/Notice/5e1ca39c-e962-49c3-a6a2-9393c860e0ed,1
Accenture,True,2022,2022-04-14T00:00:00+01:00,2022-07-19T14:44:15+01:00,NHS Digital,Data Services Alliance Access - Change,ACCENTURE (UK) LIMITED,20000000.0,20000000.0,25000000.0,2022-05-16T00:00:00+01:00,2026-05-15T00:00:00+01:00,72000000,CF-0976100D0O000000rwimUAA2,The DSA Access Change call-off contract is to support the delivery of NHS Digital's outcomes related to the effective and efficient operation,https://www.contractsfinder.service.gov.uk/Notice/e17d104e-622c-438e-aaba-25690f4451fb,1
Accenture,True,2020,2020-06-29T00:00:00+01:00,2022-07-11T14:19:55+01:00,The University of Nottingham,Digital Engagement - Student Recruitment Experience - AWARD,Accenture (UK) Ltd,7526470.43,0.0,0.0,2021-08-01T01:00:00+01:00,2023-07-31T01:00:00+01:00,72200000,IT-55-874-PROC JS ITT/1151 - AWARD,"The University of Nottingham is seeking to procure the services of a strategic partner to transform the Student Recruitment Marketing experience, through the provision of an integrated Digital Engagement Service. CX (Customer Experience) and CRM (Customer Relationship Management) platform and associated technologies will revolutionise student recruitment marketing capability and the way UoN engages with multiple audiences. 
      This implementation of a Digital Engagement Service will help meet our student technological expectations in an increasingly challenging HE landscape.",https://www.contractsfinder.service.gov.uk/Notice/efeb5d2b-8def-4b8a-97e5-ca01c6f1a091,1
Accenture,True,2022,2022-06-17T00:00:00+01:00,2022-07-11T13:50:55+01:00,H M Revenue &amp; Customs,Auxiliary Transition Resource Tender,ACCENTURE (UK) LIMITED,29600000.0,0.0,30000000.0,2022-07-04T00:00:00+01:00,2024-07-03T00:00:00+01:00,72000000,SR983668494,"This opportunity is available to suppliers on the CCS Technology Services 3  Framework, Lot 2. All bids must be submitted via the departments eSourcing system SAP Ariba.

The Auxiliary Transition Resource (ATR) project is seeking to procure a replacement contract for services in IT Project Management, IT Business Analysis and related IT delivery services currently provided by contracts that expire in June 2022. 

The purpose of this Invitation to Tender (ITT) is to ensure HMRC has continued access to IT delivery support services by putting in place a contract with the capacity to call down",https://www.contractsfinder.service.gov.uk/Notice/a0c9f45d-8d4d-4368-bbf9-95c642867813,1
Accenture,True,2022,2022-06-24T00:00:00+01:00,2022-07-07T10:37:14+01:00,Nhs Blood and Transplant,Consultancy on Pulse Modernisation - Service Requirements,ACCENTURE (UK) LIMITED,250000.0,249999.0,250000.0,2022-07-04T00:00:00+01:00,2023-07-03T00:00:00+01:00,72000000,C79931,"***THIS CONTRACT HAS ALREADY BEEN AWARDED VIA G-CLOUD 12 C79931 - Consultancy on Pulse Modernisation -
Service Requirements***",https://www.contractsfinder.service.gov.uk/Notice/ca6308e9-eb02-4722-8e2e-ad045013aefd,1
Accenture,True,2022,2022-06-20T00:00:00+01:00,2022-07-07T09:37:29+01:00,Post Office Limited,UX Support for SPM,Accenture (UK) Limited,385000.0,385000.0,0.0,2022-06-20T00:00:00+01:00,2022-12-16T00:00:00Z,72223000,C101828,"A partner has been appointed to help Post Office progress UX and UI in its development of a new platform, known as New Branch IT (NBIT), the development of which is being led by Post Office with support from a number of external suppliers.

The partner was appointed following a tender under Post Offices own Digital Capabilties Framework, Lot 1, Experience Design

The contract is provide assistance with the following:

UX/UI Design 
Purpose: 
To review the current designs and finalise the design system for all development teams to utilise   
To work with the virtual product teams to tu",https://www.contractsfinder.service.gov.uk/Notice/6baaccb7-21cd-4691-b3db-8927d4e51243,1
Accenture,True,2022,2022-04-19T00:00:00+01:00,2022-06-14T10:06:34+01:00,Ministry of Justice,Cybersecurity Incident Response Services,Accenture (UK) Limited,1000000.0,1000000.0,0.0,2022-04-19T00:00:00+01:00,2023-04-18T00:00:00+01:00,72000000,tender_264649/1078820,Incident Response Services Retainer and Security Investigation Services,https://www.contractsfinder.service.gov.uk/Notice/03ecd21d-f610-4800-9915-8986bade1218,1
Accenture,True,2022,2022-04-01T00:00:00+01:00,2022-05-23T09:24:02+01:00,NHS England,Vision and Model Development for Data and Analytics for Integrated Care,Accenture (UK) Limited,1000000.0,1000000.0,1000000.0,2022-04-01T00:00:00+01:00,2023-02-01T00:00:00Z,72000000,CF-0752100D0O000000rwimUAA2,Vision and Model Development for Data and Analytics for Integrated Care,https://www.contractsfinder.service.gov.uk/Notice/b30dffc2-aad8-4bc4-a225-0e4cdf682287,1
Accenture,True,2022,2022-01-20T00:00:00Z,2022-05-18T11:37:57+01:00,NHS Digital,Digital Test Services,ACCENTURE (UK) LIMITED,30000000.0,9000000.0,9000000.0,2021-12-13T00:00:00Z,2024-01-12T00:00:00Z,72000000,CF-0643700D0O000000rwimUAA3,Disaggregation of the current Digital Test Platform and related service/s,https://www.contractsfinder.service.gov.uk/Notice/7a0072da-3bf5-422d-819f-99180847c630,1
Accenture,True,2022,2022-05-11T00:00:00+01:00,2022-05-12T17:45:12+01:00,National Association of Citizens Advice Bureaux,Provision of Telephony and Contact Centre Services,Accenture,16335000.0,16335000.0,0.0,2022-05-11T00:00:00+01:00,2028-05-09T00:00:00+01:00,32412100,MT226272,"The Contracting Authority wishes to receive responses to the Selection Questionnaire from suitably qualified and experienced Telephony and Contact Centre providers with the necessary capacity and capability (or a demonstrable ability to provide the necessary capacity and capability within the requisite timescale, which is notified to Potential Bidders in the Selection Questionnaire) to provide the range of Services as set out in Appendix A - High-level Requirements.docx, in a safe and effective manner.",https://www.contractsfinder.service.gov.uk/Notice/d399ae60-a953-4726-b75d-d11304420794,1
Accenture,True,2022,2022-04-11T00:00:00+01:00,2022-05-12T12:33:27+01:00,The British Broadcasting Corporation (BBC),Systems Delivery and Integration Services Framework,"Atos IT Services UK Limited,CGI IT UK Limited,Cognizant Worldwide limited,Deloitte LLP,EPI-USE Labs Limited,Ernst &amp; Young LLP,HCL Technologies UK Ltd,IBM United Kingdom Limited,Invenio Business Solutions Ltd,NTT DATA UK Ltd.,PricewaterhouseCoopers LLP,Redcentric Solutions Limited,SAP Source Limited,Tata Consultancy Services Limited,Tech Mahindra Limited,Wipro Limited,Apsolut UK Ltd.,Accenture (UK) Limited",40000000.0,0.0,40000000.0,2022-04-12T00:00:00+01:00,2026-04-11T00:00:00+01:00,72225000 72226000 72227000 72230000 72254000 72262000 72263000 72267000,tender_201826/1069983,"The BBC intends to establish a Framework Agreement of Suppliers who will deliver general systems delivery and integration services, in addition to specialist SAP product services. The BBC is acting on its own behalf and as agent BBC Commercial Holdings Group.

The Framework Agreement is divided in to 2 separate Lots. Tenderers may bid individually for one Lot, or both Lots - where they meet the relevant minimum standards.

The following is the expected total value of spend for each Lot on the Framework Agreement, for the full potential of Term (48 months). This includes the Initial Term (3",https://www.contractsfinder.service.gov.uk/Notice/bf792dea-589c-40b3-9346-699b82694628,18
Accenture,True,2021,2021-11-23T00:00:00Z,2022-05-05T11:20:48+01:00,British Transport Police,Capacity Planning Tool,ACCENTURE (UK) LIMITED,40900.0,40900.0,0.0,2022-04-01T00:00:00+01:00,2023-03-30T00:00:00+01:00,48451000,BTPCON218,"The requirement is a Capacity Planning Tool to provide a clear and transparent view of the required number of resources to meet end-to-end demand, assist in scenario planning, assist with demand forecasting.

Contract period: Optional 1 of 2 one (1) year optional extension options to 30 March 2023.",https://www.contractsfinder.service.gov.uk/Notice/f4f19cd7-c572-4a53-aa8c-326e11043c8e,1
Accenture,True,2022,2022-04-14T00:00:00+01:00,2022-04-22T10:01:40+01:00,NHS Digital,Digital Definition Services - Product Development,Accenture (UK) Limited,13500000.0,13500000.0,16875000.0,2022-02-28T00:00:00Z,2024-02-27T00:00:00Z,72000000,CF-0789200D0O000000rwimUAA1,"Supply of services to deliver digital interaction design, user research, technical and delivery support to the NHS Digital Testing Programme and Product Development Directorate within NHS Digital and specifically support the design of the digital journeys and user interfaces.",https://www.contractsfinder.service.gov.uk/Notice/011772e3-5a5c-4764-ab5a-950a7529a66a,1
Accenture,True,2022,2022-04-04T00:00:00+01:00,2022-04-21T17:03:09+01:00,Crown Commercial Service,Counter Fraud Consultancy Services,Accenture (U K) Ltd,750000.0,750000.0,0.0,2022-04-05T00:00:00+01:00,2022-08-15T00:00:00+01:00,79411000,CCCC21A73,"The purpose of this requirement is to procure Consultancy Services required
by the Cabinet Office (CO), to assist with the deployment of Counter
Measures and Risk activity to support departments dealing with the fraud
losses in COVID-19 financial support schemes, and the Bounce Back Loan
Extended Data Analytics programme.",https://www.contractsfinder.service.gov.uk/Notice/2155472a-8d95-4ccb-a8f2-1a89dd4934ce,1
Accenture,True,2022,2022-02-14T00:00:00Z,2022-04-20T09:02:43+01:00,Medicines and Healthcare Products Regulatory Agency (MHRA),Provision and Support of MHRA Regulatory Systems,ACCENTURE (UK) LIMITED,3850000.0,3850000.0,0.0,2022-02-14T00:00:00Z,2027-02-13T00:00:00Z,72000000 72200000 72212180 72261000,CF-0701500D0O000000rwimUAA2,"The Agency operates a complex suite of IT systems in support of its functions. Support for, and further development of, this suite is provided by a number of incumbent suppliers, with the largest service currently provided under a contracted service known as the Current Applications Outsource (AO) Service. The Current AO Contract is coming to an end, and the Agency is now seeking to award a new contract for Successor AO Service to continue support for these systems. This will be contracted immediately as part of this Procurement Exercise, along with the work to transition as swiftly as possibl",https://www.contractsfinder.service.gov.uk/Notice/e087f6b7-2d6d-4411-8c78-5be0877317c4,1
Accenture,True,2022,2022-03-31T00:00:00+01:00,2022-04-14T14:51:37+01:00,Department for Work and Pensions,IAG 2022 Support Requirements,Accenture (UK) Limited,4045427.17,4045427.17,8300000.0,2022-04-01T00:00:00+01:00,2023-03-31T00:00:00+01:00,72000000,tender_293648/1064256,"DWP Intelligent Automation Garage (""IAG"") cloud-based development 
service, comprising design, build and deployment (handover 
to live service) of solutions to support automation of services 
in DWP. Services are required to design, build, test and set up 
infrastructure for Robotic Process Automation (RPA) based 
automation projects.",https://www.contractsfinder.service.gov.uk/Notice/8e7c6217-7475-47fe-a119-0b1cfc6c9144,1
Accenture,True,2022,2022-01-01T00:00:00Z,2022-04-06T16:31:07+01:00,Home Office,Proc709 - Core caseworking,ACCENTURE (UK) LTD,3125000.0,3125000.0,3125000.0,2022-01-01T00:00:00Z,2022-04-30T00:00:00+01:00,72222300,CF-0234700D58000000L5A4EAK1,Core Case Working,https://www.contractsfinder.service.gov.uk/Notice/ae0ed053-7e31-45a3-b87f-48062358316a,1
Accenture,True,2022,2022-02-25T00:00:00Z,2022-03-25T10:56:53Z,UK SHARED BUSINESS SERVICES LIMITED,UK SBS - PS21262 - Provision of Services to Review the Smart Energy Metering Device Cyber Security Assurance,ACCENTURE (UK) LIMITED,68000.04,68000.04,0.0,2022-02-24T00:00:00Z,2022-05-31T00:00:00+01:00,73200000 79300000,PS21262,"***** THIS IS AN AWARD NOTICE, NOT A CALL FOR COMPETITION *****

This procurement is being concluded following a mini competition under the CCS RM3764.3 Cyber Security Services 3 Framework.

Brief Description of Requirement:
To summarise, we require specialist cyber security, business analysis, stakeholder  engagement and device assurance scheme design capabilities to: 

• Review current device assurance arrangement for Smart Metering. The review should include:

  - Detailed engagement with BEIS, SSC and NCSC to capture key stakeholder views on the current scheme, what is working wel",https://www.contractsfinder.service.gov.uk/Notice/eb62ed71-34cd-4956-9f4b-465be1535a3b,1
Accenture,True,2022,2022-02-23T00:00:00Z,2022-03-24T17:06:59Z,H M Revenue &amp; Customs,"NPS Operations, Maintenance and Modernisation Services",ACCENTURE (UK) LIMITED,70393068.0,70393068.0,0.0,2022-02-23T00:00:00Z,2027-02-22T00:00:00Z,72416000,SR684917675,The contract is for business application support and maintenance services for HMRC's National Insurance and PAYE System (NPS).  The contract includes options to provide business application development and enhancement services and NPS solution modernisation services.  The intent of the modernisation service is to disaggregate the NPS solution into a number of components in preparation for going to market in future.  The contract will have a duration of 5 years.,https://www.contractsfinder.service.gov.uk/Notice/4d417ad4-870e-42fd-9281-90167e033fb7,1
Accenture,True,2022,2022-01-20T00:00:00Z,2022-02-24T15:37:43Z,Post Office Limited,SPMP Banking/Payment Services Delivery Support,Accenture UK,88200.0,88200.0,150000.0,2022-01-24T00:00:00Z,2022-04-15T00:00:00+01:00,72611000,C101575,The Supplier will provide a resource to POL to support its Payments Integration Project. This resource will fulfil the role of Delivery Lead for this Project within the Post Office's wider Strategic Platform Modernisation (SPM) Programme.,https://www.contractsfinder.service.gov.uk/Notice/e756ebb6-47d2-4e76-991f-9ddc1994fa6e,1
Accenture,True,2022,2022-02-14T00:00:00Z,2022-02-21T17:04:24Z,Department for Work and Pensions,Consultancy for Transformation - Service Excellence for the Department for Work and Pensions,Accenture UK Ltd,79000.0,79000.0,0.0,2022-02-09T00:00:00Z,2022-05-31T00:00:00+01:00,79410000,tender_298558/1045979,Delivery of Consultancy for Transformation - Service Excellence for the Department for Work and Pensions,https://www.contractsfinder.service.gov.uk/Notice/9a9cbaf8-973a-4dc9-8557-955591147de4,1
Accenture,True,2022,2022-01-10T00:00:00Z,2022-02-11T15:02:44Z,Post Office Limited,ePOS Requirements Support,Accenture,256508.0,256508.0,0.0,2022-01-10T00:00:00Z,2022-04-01T00:00:00+01:00,72222300,C101570,Provision of a team to support POL in defining a set of high-level business requirements for an ePOS solution,https://www.contractsfinder.service.gov.uk/Notice/c0cdf284-b8e9-495a-bf03-e8e5eb040786,1
Accenture,True,2022,2022-02-09T00:00:00Z,2022-02-10T16:07:22Z,Department for Work and Pensions,Child Maintenance Group Transformation,Accenture (UK) Ltd,79500.0,79500.0,79500.0,2022-02-02T00:00:00Z,2022-03-31T00:00:00+01:00,79410000,tender_297683/1041725,Child Maintenance Group Transformation consultancy,https://www.contractsfinder.service.gov.uk/Notice/aa335b5b-80e7-4b09-9613-c831d453e26e,1
Accenture,True,2021,2021-12-17T00:00:00Z,2022-01-17T12:11:25Z,UK Health Security Agency,RFL LIMs support,Accenture (UK) Limited,645696.0,645696.0,1291392.0,2022-01-01T00:00:00Z,2022-06-30T00:00:00+01:00,72000000,CF-0560200D0O000000rwimUAA1,RFL LIMs support,https://www.contractsfinder.service.gov.uk/Notice/0ca52477-2855-4c27-b911-6c940ad271fa,1
Accenture,True,2021,2021-05-18T00:00:00+01:00,2022-01-06T14:56:52Z,Crown Commercial Service,Provision of Counter Fraud Consultancy Services,ACCENTURE (UK) LIMITED,2575000.0,2575000.0,0.0,2021-05-20T00:00:00+01:00,2022-03-31T00:00:00+01:00,79411000,CCCC21A73.,"To access Consultancy Services to assist with the deployment of Counter Measures and Risk activity to support departments dealing with the fraud losses in COVID-19 financial support schemes, and the Bounce Back Loan Extended Data Analytics programme.",https://www.contractsfinder.service.gov.uk/Notice/54f5cb49-4176-416b-94d6-7e5af53baf95,1
Accenture,True,2021,2021-12-08T00:00:00Z,2022-01-06T10:38:41Z,UK Health Security Agency,Oracle Test Supply Chain (Build + Test + Support),Accenture (UK) Limited,10000000.0,10162737.0,18162737.0,2021-12-01T00:00:00Z,2024-06-30T00:00:00+01:00,72000000,CF-0560100D0O000000rwimUAA1,Oracle Test Supply Chain (Build + Test + Support),https://www.contractsfinder.service.gov.uk/Notice/e11e7f57-2996-42b6-a55a-82a65ab4ef66,1
Accenture,True,2022,2022-01-04T00:00:00Z,2022-01-04T09:15:46Z,Foreign Commonwealth and Development Office,ACT4Green - II (Thrive strand),Accenture Services Private Limited,67213.0,67213.0,0.0,2021-12-09T00:00:00Z,2022-03-31T00:00:00+01:00,73000000,tender_287819/1029810,ACT4Green - II (Thrive strand),https://www.contractsfinder.service.gov.uk/Notice/6852e739-3dfb-424f-ba1d-de7a60f455ef,1
Accenture,True,2023,2023-12-22T00:00:00Z,2023-12-27T14:41:57Z,UK Health Security Agency,UKHSHA Technology Business Partnering Delivery Partner Via DOS 6,ACCENTURE (UK) LIMITED,19440000.0,19440000.0,19440000.0,2023-12-22T00:00:00Z,2025-12-21T00:00:00Z,72000000,CF-2052100D0O000000rwimUAA,"The United Kingdom Health Security Agency (UKHSA) have contracted Accenture (UK) Limited through DOS 6 Framework competition their Digital and Technology Delivery Partner who will:

• Be responsible for delivering and/or assisting in the delivery of new digital and technology services required by the Agency in its mission to protect health and economic wellbeing

• Bring the depth and breadth of digital and technology delivery experience, strategic thinking and capability necessary to ensure our goals are delivered

• Be managed through a defined outcomes and statement of work-based cont",https://www.contractsfinder.service.gov.uk/Notice/93db9254-5fda-4726-b193-be4b09c8e8cc,1
Accenture,True,2023,2023-02-09T00:00:00Z,2023-03-03T14:45:29Z,Department for Work and Pensions,CMG Predicting Customer Compliance Behaviours,Accenture,91140.0,91140.0,0.0,2023-02-13T00:00:00Z,2023-03-31T00:00:00+01:00,79410000,tender_349940/1187162,"To support the segmentation of the CMS caseload based on understanding the root cause of non-payment of maintenance and building an effective intervention strategy that delivers sustainable payment outcomes. This will be supported with targeted customer compliance communications, building a clear understanding which compliance interventions (Communications and Actions) have most impact on Customer behaviour.  Alongside this support is required to link the Accenture Behavioural Analytics model and the Digital Predictive Analytics model into the Customer Communications strategy.",https://www.contractsfinder.service.gov.uk/Notice/063d24e6-6ed6-4c78-baa4-22f31bfc4c02,1
Accenture,True,2022,2022-12-14T00:00:00Z,2023-01-09T16:25:12Z,Crown Commercial Service,Provision of Oracle EPM Support Services,ACCENTURE (UK) LIMITED,90000.0,90000.0,0.0,2023-01-01T00:00:00Z,2024-12-31T00:00:00Z,48420000,CCTS22B02.,"Direct award via GCloud13 to Accenture on a 2 year fixed price model, providing fix-on-fail, ability for system change and implementation support to HMTs Oracle EPM system",https://www.contractsfinder.service.gov.uk/Notice/de03d5a2-af82-4089-a6c5-0eece3bec218,1
Accenture,True,2023,2023-05-16T00:00:00+01:00,2023-06-21T09:28:25+01:00,H M Revenue &amp; Customs,Shared Services for Government HMRC Led Cluster Programme Delivery Partner (Unity Delivery Partner),Accenture (UK) Ltd,15000000.0,15000000.0,0.0,2023-06-01T00:00:00+01:00,2025-05-31T00:00:00+01:00,79411100,SR1032578788,"An external Delivery Partner to sit alongside the internal team to support timelines and ensure all governance requirements are met and to also support the change in business processes and training/on boarding support.                                                                      The Delivery Partner will be required to fill capability gaps and augment the existing Cluster Programme team to assist detailed design of specific solutions, whilst also delivering related products.                                                                                                                 ",https://www.contractsfinder.service.gov.uk/Notice/8cdd638d-3b21-4749-829e-809f8a0b6ace,1
Accenture,True,2023,2023-11-23T00:00:00Z,2023-12-18T13:20:08Z,The British Broadcasting Corporation (BBC),Digital Engineering Augmentation,"Spyrosoft Ltd,Accenture UK Ltd",1.0,75000000.0,0.0,2024-01-02T00:00:00Z,2029-02-04T00:00:00Z,72200000,tender_350898/1294193,"The BBC requires a partner to deliver augmented engineering capacity as follows;

Lot 1 - an onshore partner to provide individuals to augment BBC teams in BBC locations in the UK. The roles required will include, but are not limited to; software engineers, test engineers, architects, and dev ops specialists.

Lot 2 - a nearshore partner ( +- 2 timezones GMT) to provide full agile development teams* to support work package based delivery. The roles required will include, but are not limited to; team leads, software engineers, test engineers, and dev ops specialists. *e.g. 1 technical team ",https://www.contractsfinder.service.gov.uk/Notice/ab3d1a1d-f1d4-48cb-917e-051d2ab757ec,2
Accenture,True,2023,2023-12-13T00:00:00Z,2023-12-16T13:37:11Z,N H S Shared Business Services,INTELLIGENT AUTOMATION (SBS10137),"ENDPOINT AUTOMATION SERVICES LIMITED,ABTRACE LIMITED,ACCENTURE (UK) LIMITED,AGILISYS LIMITED,ARVATO LIMITED,ATOS IT SERVICES UK LIMITED,BROADSTONES SOLUTIONS LTD,CAMTEC CONSULTING LIMITED,CGI IT UK LIMITED,NHS MIDLANDS AND LANCASHIRE COMMISSIONING SUPPORT UNIT,DATAMATICS INFOTECH LIMITED,DELOITTE LLP,EBO.AI (UK) LTD,EPAM SYSTEMS LTD,ERNST &amp; YOUNG LLP,FPT SOFTWARE UNITED KINGDOM LTD,INFOSYS LIMITED,INSIGHT DIRECT (UK) LTD,KAINOS SOFTWARE LIMITED,MASTEK (UK) LTD,NETCALL TECHNOLOGY LIMITED,ROBIQUITY LIMITED,SYNERTEC LIMITED,TECH MAHINDRA LIMITED,TPXIMPACT LIMITED",250000000.0,250000000.0,0.0,2023-11-20T00:00:00Z,2025-11-19T00:00:00Z,48920000 72000000,(SBS10137),"NHS Shared Business Services act in an Agency capacity for and on behalf of its customers (Approved Organisations) - existing and new. These comprise of NHS and Social Care organisations (whether acting individually, or on behalf of, or together as members of any consortia) along with any other public or private sector bodies which NHS SBS authorises to use the resulting Framework.
NHS Shared Business Services Limited (NHS SBS) has put in place a Framework Agreement that allows NHS organisations and other public sector bodies to purchase Intelligent Automation. The Intelligent Automation Fram",https://www.contractsfinder.service.gov.uk/Notice/e2dd4146-a289-4d44-8482-4787fb69831e,25
Accenture,True,2023,2023-11-30T00:00:00Z,2023-12-12T15:26:32Z,Ministry of Justice,HR SUPPORT CSHR CMA Support for Shared Services Client Team,Accenture (UK) Limited,1000000.0,27000.0,1000000.0,2023-12-01T00:00:00Z,2026-11-30T00:00:00Z,72222300,tender_333470/1292809,The Procurement of CS HR Casework CMA hosting and Business Support Services,https://www.contractsfinder.service.gov.uk/Notice/afea5a2b-57f5-4de3-912c-1a8b928a236b,1
Accenture,True,2023,2023-09-20T00:00:00+01:00,2023-11-23T09:03:03Z,Ministry of Defence,709346451 - DF/091 - BMfS Technical Resources - FA051 - CAN,Accenture (UK) Limited,1003758.2,1003758.2,0.0,2023-09-21T00:00:00+01:00,2024-03-31T00:00:00Z,72000000,tender_397533/1285921,"The provision of expert external support 
/resource (subject matter experts) to 
enable technical outcomes on the
Business Modernisation for Support 
(BMfS) programme.",https://www.contractsfinder.service.gov.uk/Notice/f5aebe7c-3b99-4f4b-85f2-adae54226d2b,1
Accenture,True,2023,2023-09-29T00:00:00+01:00,2023-10-25T15:31:07+01:00,NHS England,User Research and Supporting the Digital needs of Community Healthcare Providers,ACCENTURE (UK) LIMITED,380000.0,380000.0,0.0,2023-09-04T00:00:00+01:00,2024-02-11T00:00:00Z,79410000,CF-1966100D0O000000rwimUAA,"Support to conduct user research to identify, understand and analyse digital problems with a view of how these could be solved through national intervention.",https://www.contractsfinder.service.gov.uk/Notice/f91e7e56-f94b-42e2-a411-636f717e48f2,1
Accenture,True,2023,2023-08-16T00:00:00+01:00,2023-09-19T15:51:24+01:00,Crown Commercial Service,Provision of Big Rocks Technology Transformation Partner and Client-Side Partner,ACCENTURE (UK) LIMITED,24000000.0,3907116.13,24000000.0,2023-08-07T00:00:00+01:00,2026-08-06T00:00:00+01:00,51610000,CCZN22A16 (Lot A).,"This Procurement established multiple Supplier Contracts for the purchase of the Contracting Authority's Big Rocks Technology Transformation Programme.  These Services will allow the Contracting Authority's Technology function to design, build, deliver and support the technology solutions required to deliver modernised, fit for purpose and value for money IT services.",https://www.contractsfinder.service.gov.uk/Notice/e6e6b632-8d66-47b3-bad1-27fd43104d4c,1
Accenture,True,2023,2023-08-01T00:00:00+01:00,2023-09-27T16:24:29+01:00,Department for Work and Pensions,Shared Channels Experience (SCE) - CAMLite Legacy Agent Facing System Support,Accenture (UK) Ltd,229462.0,229462.0,286827.5,2023-10-02T00:00:00+01:00,2024-09-30T00:00:00+01:00,72222300,tender_372625/1263176,"Provision of Augmented Resource to support & 
maintain the CAMLite Legacy Agent Facing 
System within Shared Channels Experience.",https://www.contractsfinder.service.gov.uk/Notice/e3b515ec-0b0d-43f3-be79-12e3835e2732,1
Accenture,True,2023,2023-08-18T00:00:00+01:00,2023-09-22T14:32:34+01:00,Department for Work and Pensions,Service Modernisation Capability Build,Accenture (UK) LTD,99800.0,99800.0,0.0,2023-08-21T00:00:00+01:00,2023-10-06T00:00:00+01:00,72000000,tender_382632/1261696,"The purpose of this work is for us to explain the service modernisation story, upskilling programme colleagues and wider service delivery leaders.",https://www.contractsfinder.service.gov.uk/Notice/2b175ee6-1e66-42a6-a70f-6d0ebe35b205,1
Accenture,True,2022,2022-12-01T00:00:00Z,2023-09-19T12:25:52+01:00,Department for Work and Pensions,"AME Payments - Product Design, Development &amp;  Support Services",Accenture (UK) Limited,1899120.0,1899120.0,0.0,2022-12-01T00:00:00Z,2023-05-31T00:00:00+01:00,72000000,tender_312133/1259608,"To support the DWP's Annually Managed 
Expenditure (AME Payments) transformation 
programme that has been set up to reimagine and 
make best use of emerging future technologies in the 
banking industry to ensure that people who get paid 
by DWP receive the right amount of money, at the 
right time into the right bank account.",https://www.contractsfinder.service.gov.uk/Notice/1a7e8b30-7ace-497c-9001-e28d119b4f98,1
Accenture,True,2023,2023-04-01T00:00:00+01:00,2023-08-23T11:06:43+01:00,Department for Work and Pensions,"Retirement, Bereavement and Care and Appeals  and Supporting Capabilities. DSP Procurement  for User Centred Design and Delivery  Management Resources",Accenture (UK) Limited,4900000.0,4900000.0,6125000.0,2023-04-01T00:00:00+01:00,2025-03-31T00:00:00+01:00,72000000,tender_344802/1250063,"This is a 24-month Contract that provides Resources in support of its Retirement 
Bereavement & Care (RBC) Project. At a high-level RBC requires a supplier to deliver specific User Centred Design and Delivery Management digital outcomes to meet citizens&apos; Plan Your Retirement Service; Get Your State Pension Service; Manage Your Pension Credit; Seasonal Payments; Carers Allowance; Attendance Allowance; Support for Bereavement; Support for Common Capabilities (in support of DWP Strategic Reference Architecture); Maintaining Operational Small Systems (MOSS)",https://www.contractsfinder.service.gov.uk/Notice/710ce82d-2c23-4015-82e3-10e6cc3d79bf,1
Accenture,True,2023,2023-08-09T00:00:00+01:00,2023-08-15T10:14:09+01:00,Ministry of Defence,FOR TRANSPARENCY PURPOSES ONLY - DPT Transformation Readiness Review - Phase 2,Accenture (UK) Limited,534185.0,534185.0,0.0,2023-08-14T00:00:00+01:00,2023-11-30T00:00:00Z,79000000,tender_378682/1247292,DPT Transformation Readiness Review - Phase 2,https://www.contractsfinder.service.gov.uk/Notice/4ba830d7-e12c-49fb-9c48-dab69658537d,1
Accenture,True,2023,2023-06-23T00:00:00+01:00,2023-07-28T08:36:02+01:00,Crown Commercial Service,Provision of AME Payments - Strategic Product Development,ACCENTURE (UK) LIMITED,7000000.0,7000000.0,0.0,2023-06-26T00:00:00+01:00,2024-06-25T00:00:00+01:00,72000000,CCIT23A33.,Provision of AME Payments - Strategic Product Development,https://www.contractsfinder.service.gov.uk/Notice/5e719876-697a-48e0-8f42-e2888dcfadb4,1
Accenture,True,2023,2023-08-01T00:00:00+01:00,2023-07-31T14:04:30+01:00,H M Revenue &amp; Customs,Advanced Analytics and Cognitive Services,"ACCENTURE (UK) LIMITED,Capgemini UK PLC,EQUAL EXPERTS UK LIMITED",5492760.96,5492761.0,0.0,2023-08-01T00:00:00+01:00,2024-07-31T00:00:00+01:00,72300000,SR1117578940,"Design, build, test and run products for Platform Services, including:
•	Operating existing analytics & cognitive services and APIs, along with any newly built solutions 
•	Data labelling/annotation services 
•	Service & product monitoring 
•	Administration, configuration and upgrade of products  
•	Management and resolution of incidents and problems 
•	Operations and capacity/performance management 
•	Design, delivery and change management of new analytics products using approved 3rd party tools, PaaS or SaaS 
•	Delivering services utilising approved and roadmap technologies and envir",https://www.contractsfinder.service.gov.uk/Notice/86996e2a-fe01-4aa0-ada2-a96b3ff14679,3
Accenture,True,2023,2023-07-31T00:00:00+01:00,2023-08-02T10:24:34+01:00,NHS Business Service Authority,20_11_04 TDS RM6193 Systems Integrator &amp; Support,ACCENTURE (UK) LIMITED,18010000.0,18010000.0,18010000.0,2023-07-27T00:00:00+01:00,2030-01-26T00:00:00Z,72222300,CF-1719200D0O000000rwimUAA,"NHS Business Services Authority (NHSBSA) is a Special Health Authority and an Arm's Length Body of the Department of Health and Social Care (DHSC). 

NHSBSA manages NHS Dental Services of behalf of NHSE, DHSC, the Welsh Government and the Isle of Man Government, using a digital solution that is supported and maintained under a third-party contract that expires in December 2023.  NHSBSA is in the process of extending the existing third-party contract to ensure that there is no break in service delivery until the new solution commences.

The awarded contract is for the provision of services ",https://www.contractsfinder.service.gov.uk/Notice/ffd062a8-efa2-48a6-b3c3-ed9caa489dd3,1
Accenture,True,2023,2023-03-17T00:00:00Z,2023-04-11T11:12:48+01:00,BRITISH COUNCIL(THE),Consultancy opportunity Marketing Global Campaigns and Channel Management under RM6187 Lot 3 - Management Consultancy Framework Three (MCF3),ACCENTURE (UK) LIMITED,326941.0,326941.0,0.0,2023-03-28T00:00:00+01:00,2023-12-30T00:00:00Z,79413000,BC/02847,"The British Council is looking to award non-exclusive agreement to a single supplier for a contract under the Crown Commercial Services (CCS) Framework RM 6187. The requirement is that the supplier will partner with Global, Corporate, Regional and Hub Marketing Teams to deliver:

Global Campaigns
• Facilitate remote workshops to develop Process Maps, accompanying RACI and updated Workflow.
• Standard operating procedure (SOP) to accompany maps with SLA, Campaign guidance document and process performance metrics matrix.
• Baseline the process using the previous 2 campaigns.
• Implementati",https://www.contractsfinder.service.gov.uk/Notice/ef783836-d610-43c1-9a54-29f284e3f5c1,1
Accenture,True,2023,2023-06-15T00:00:00+01:00,2023-07-14T15:25:00+01:00,Post Office Limited,CDP Support and Maintenance,Accenture (UK) Limited,1517468.0,1517468.0,0.0,2023-06-15T00:00:00+01:00,2025-06-14T00:00:00+01:00,72200000 48900000 72610000,C102412,"Support and maintenance, including ongoing development of Post Offices CDP systems
The Supplier shall be responsible for, and shall support and maintain current and future applications 
which are accepted into the Operational Services, such that each Application meets the applicable 
functional and operational specifications and the agreed levels and quality of Service. The Supplier shall also provide Service Integration and Management Services for relevant applications.",https://www.contractsfinder.service.gov.uk/Notice/d3a086dc-b59f-48a6-922a-b735eb2c0d8e,1
Accenture,True,2023,2023-02-28T00:00:00Z,2023-07-12T10:56:48+01:00,Greater Manchester Combined Authority,Greater Manchester Individual Tracker (Phase 2),Accenture (UK) Ltd,110000.0,110000.0,0.0,2023-03-02T00:00:00Z,2025-03-01T00:00:00Z,48000000,GMCA001-DN649933-33168913,Provision of a software solution to deliver the Greater Manchester Individual Tracker system,https://www.contractsfinder.service.gov.uk/Notice/323c1f60-2c42-4c51-806a-de1867cf9cc2,1
Accenture,True,2023,2023-06-21T00:00:00+01:00,2023-06-30T18:20:20+01:00,NHS England,Strategic Data Solutions and Platform Planning Support,ACCENTURE (UK) LIMITED,934994.0,934994.0,934994.0,2023-06-01T00:00:00+01:00,2024-03-31T00:00:00Z,72220000,CF-1695600D0O000000rwimUAA,specialist consulting services relating to the provision of support pertaining to strategic data solutions and data platform planning activities,https://www.contractsfinder.service.gov.uk/Notice/f79504f6-10a5-49d9-b854-10850862a4db,1
Accenture,True,2023,2023-06-22T00:00:00+01:00,2023-06-28T09:18:03+01:00,Cabinet Office,Cyber Surge Capacity,Accenture (UK) Limited,264000.0,264000.0,0.0,2023-06-24T00:00:00+01:00,2023-10-31T00:00:00Z,72222300,C2013,"This is a Contract Award Notice pursuant to Regulation 112 of the Public Contract Regulations 2015 (as amended), to provide notification of award of a Call-Off Contract under Crown Commercial Management Consultancy Framework 3, for cyber surge services. Contract Value for the Initial Term (24th June 2023 to 31st October 2023) is up to £264,000, and there is a further Extension Option of up to four (4) months in duration.",https://www.contractsfinder.service.gov.uk/Notice/254ddf3e-6398-45cb-9c37-8231f6b9fc5d,1
Accenture,True,2023,2023-06-09T00:00:00+01:00,2023-06-22T15:53:33+01:00,Department for Work and Pensions,(DWP) Centre of Excellence for Conversational Platform - Augmented Resources,Accenture,817521.85,1163484.0,1454355.0,2023-07-03T00:00:00+01:00,2024-03-29T00:00:00Z,72222300,tender_368804/1227904,"Provision of Augmented Resources to support 
ongoing activity within Centre of Excellence for 
Conversational Platform - Shared Channels 
Experience",https://www.contractsfinder.service.gov.uk/Notice/e84b8d4e-a12a-4d45-bf77-15658dd5eb27,1
Accenture,True,2023,2023-06-09T00:00:00+01:00,2023-06-19T15:06:19+01:00,Department for Work and Pensions,Awarded Contract,Accenture (UK) Ltd,386946.38,498362.0,622952.5,2023-06-12T00:00:00+01:00,2023-12-29T00:00:00Z,72590000,tender_366552/1224306,Provision of Augmented Resources for the SCE Preference Store,https://www.contractsfinder.service.gov.uk/Notice/e552fb20-fa2f-4684-8347-598916fca43a,1
Accenture,True,2023,2023-01-31T00:00:00Z,2023-06-14T16:42:16+01:00,Department for Work and Pensions,Service Modernisation Programme,Accenture (UK) Limited,96330.0,99890.0,0.0,2023-01-23T00:00:00Z,2023-03-17T00:00:00Z,79400000,tender_341507/1224887,"Developing a compelling narrative for the Service Modernisation Programme and effective engagement plans to secure buy-in across the complex stakeholder landscape. Work will focus on four key areas: 
Framing, narrative and vision 
Stakeholder mapping and planning 
Developing core programme products  Building capability within the inhouse team and transfer of knowledge to enable DWPO to successfully scale and sustain change",https://www.contractsfinder.service.gov.uk/Notice/1a7a1d76-98a3-4227-a692-d15fe706d7ea,1
Accenture,True,2023,2023-05-15T00:00:00+01:00,2023-06-13T16:15:44+01:00,Department for Work and Pensions,Children - Adoption Project,Accenture (UK) Limited,324536.8,324536.8,729536.8,2023-05-15T00:00:00+01:00,2023-09-30T00:00:00+01:00,72000000,tender_360235/1224377,"Provision of Supplier DevXOps Cloud Services to accelerate the adoption of new 
and improved ways of working and tooling.",https://www.contractsfinder.service.gov.uk/Notice/4d0c3f25-b75f-4d9e-b215-2fd3c77713dc,1
Accenture,True,2023,2023-05-15T00:00:00+01:00,2023-06-13T16:07:34+01:00,Department for Work and Pensions,CRCF Children - Tribe Project,Accenture (UK) Limited,849184.0,849184.0,849184.0,2023-05-15T00:00:00+01:00,2024-03-31T00:00:00Z,72000000,tender_364441/1224358,Provision of Supplier DevXOps Cloud Services,https://www.contractsfinder.service.gov.uk/Notice/71d23c5d-9c72-4fe7-9bfa-a4275703f14b,1
Accenture,True,2023,2023-05-31T00:00:00+01:00,2023-06-07T11:33:56+01:00,National Highways,Quality Management Transformation Strategic Plan and Ongoing Support,Accenture,300000.0,300000.0,0.0,2023-05-31T00:00:00+01:00,2024-03-31T00:00:00Z,73210000,tender_368334/1221862,Quality Management Transformation Strategic Plan and Ongoing Support,https://www.contractsfinder.service.gov.uk/Notice/75c497bf-d3d3-45b0-9700-5920daea7268,1
Accenture,True,2023,2023-04-28T00:00:00+01:00,2023-05-15T16:40:32+01:00,NE,NE Customer Due Diligence Check Service,Accenture (UK) Limited,500000.0,500000.0,500000.0,2023-05-02T00:00:00+01:00,2026-05-01T00:00:00+01:00,79212400,CF-0078500D8d000003VQwdEAG,NE Customer Due Diligence Check Service,https://www.contractsfinder.service.gov.uk/Notice/d8dd0e6f-ba74-4ace-b902-80ff2d3cd1be,1
Accenture,True,2023,2023-04-21T00:00:00+01:00,2023-04-27T11:39:50+01:00,UK Health Security Agency,PRO5832 Clinical Safety Officer Service Provision for the NHS COVID-19 App,ACCENTURE (UK) LIMITED,22847.5,22847.5,22847.5,2023-04-24T00:00:00+01:00,2023-06-30T00:00:00+01:00,48814400,CF-1515300D0O000000rwimUAA,Engagement of Clinical Safety Officer to provide specialist services in the decommissioning of the Covid 19 App,https://www.contractsfinder.service.gov.uk/Notice/d396bd9b-76d7-4ea5-847e-57540b09705e,1
Accenture,True,2021,2021-09-10T00:00:00+01:00,2023-04-26T16:17:33+01:00,Department of Health and Social Care (T&amp;T),IT Test Supply Chain - PCR Kitting  Emergency Ramp Up,ACCENTURE (UK) LIMITED,1030865.0,1030865.0,1804013.0,2021-09-13T00:00:00+01:00,2022-06-30T00:00:00+01:00,72000000,CF-0381000D0O000000rwimUAA,"Deliver capability in support of IT and 
systems design, needed to roll-out 
additional kitting partners through the PCR 
Emergency scale-up. 
The Supplier will support implementation 
of the solution and commission the Oracle 
IT Supply Chain platform within new 
sites/suppliers.",https://www.contractsfinder.service.gov.uk/Notice/8ab16564-2c13-4f58-a892-6266b6109310,1
Accenture,True,2023,2023-02-13T00:00:00Z,2023-04-03T14:13:17+01:00,BRAVOSOLUTION UK LIMITED,Digital Jurys Bundle Project,Accenture UK Limited,487225.0,487225.0,0.0,2023-02-20T00:00:00Z,2023-12-20T00:00:00Z,72261000,tender_362246/1199273,For the provision of digitising the paper jurys bundle given out in all court cases,https://www.contractsfinder.service.gov.uk/Notice/64f66936-579e-42b3-9d98-851546b639a6,1
Accenture,True,2023,2023-04-01T00:00:00+01:00,2023-04-18T10:10:40+01:00,The British Broadcasting Corporation (BBC),BBC Consultancy Services Framework,"Accenture (UK) Limited,Cognizant Worldwide Limited,Deloitte LLP,Ernst &amp; Young LLP,KPMG LLP,PA Consulting Services Limited,PricewaterhouseCoopers LLP,Q5 Partners LLP",16000000.0,16000000.0,0.0,2023-04-01T00:00:00+01:00,2027-03-31T00:00:00+01:00,79411000,tender_311133/1204435,"The BBC has awarded a multi-supplier Consultancy Services framework providing the BBC access to suppliers that can individually supply a broad range of professional consultancy services. The framework has the capability to meet all the BBC's distinct service requirements across the 3 core disciplines of Strategy, Technology and Finance. The disciplines and a summary of the sub-criteria for each core discipline are:

Strategy - Corporate Strategy, Business Model Transformation, Economic Policy, Organisational Strategy, Mergers & Acquisitions, Digital Strategy, Business Process Management, Out",https://www.contractsfinder.service.gov.uk/Notice/59eccc7f-6027-4e31-b477-636987e27cbb,8
Accenture,True,2021,2021-04-19T00:00:00+01:00,2023-04-13T17:10:27+01:00,Department of Health and Social Care (T&amp;T),Provision for Incident Response Retainer Service 2021,Accenture (UK) Limited,50000.0,50000.0,50000.0,2021-04-01T00:00:00+01:00,2022-03-31T00:00:00+01:00,72611000,CF-0201100D0O000000rwimUAA,Provision for Provision for retainer-based Incident Response Investigation Support service provides access to Context's NCSC accredited Specialist Cyber Incident Response team and Support for 12 months.,https://www.contractsfinder.service.gov.uk/Notice/579fe96d-f70c-4e72-b341-3887e39036dc,1
Accenture,True,2021,2021-02-02T00:00:00Z,2023-04-13T13:32:18+01:00,Department of Health and Social Care,Contact Tracing App Resource Augmentation,Accenture (UK) Limited,1977493.3,1977493.3,1977493.3,2021-01-01T00:00:00Z,2021-03-31T00:00:00+01:00,72000000,CF-0210700D0O000000rwimUAA,Consultancy services across the App cell workstreams.,https://www.contractsfinder.service.gov.uk/Notice/247ddc95-abf1-4816-9c16-01198a34daa6,1
Accenture,True,2022,2022-12-23T00:00:00Z,2023-04-12T17:45:05+01:00,Satellite Applications Catapult,RFP-FY-23-25 Digital Engineering Roadmap for Space Base Solar Power,Accenture (Uk) Ltd,80000.0,80000.0,0.0,2023-01-11T00:00:00Z,2023-03-31T00:00:00+01:00,73000000 73300000 73100000 73200000 73210000 73220000,MT229141,"This procurement exercise is to define a best-practice engineering workflow and the creation of a digital thread for large, complex (energy) programmes with long-lifetime assets.",https://www.contractsfinder.service.gov.uk/Notice/2fc160a6-0d80-4c14-bf1d-3222f6e286a4,1
Accenture,True,2023,2023-02-01T00:00:00Z,2023-04-11T12:24:53+01:00,Department for Work and Pensions,My Child Maintenance Case &amp; Simplifying Employer Deductions Projects,Accenture (UK) Limited,612245.0,612245.0,612245.0,2023-02-01T00:00:00Z,2024-03-31T00:00:00Z,72000000,tender_318923/1201563,"Digital Application Design, Development & Support Services",https://www.contractsfinder.service.gov.uk/Notice/2047fe37-66b9-494e-a5d3-aff9447b0d79,1
Accenture,True,2023,2023-02-01T00:00:00Z,2023-04-06T12:46:50+01:00,Department for Work and Pensions,My Child Maintenance Case &amp; Simplifying Employer Deductions Projects,Accenture (UK) Limited,1179166.66,1179166.66,1929166.66,2023-02-01T00:00:00Z,2024-03-31T00:00:00Z,72000000,tender_344118/1200996,"Digital Application Design, Development & Support Services",https://www.contractsfinder.service.gov.uk/Notice/8ec02ef2-8285-4e3c-9405-705ac1b611ca,1
Accenture,True,2023,2023-01-27T00:00:00Z,2023-04-04T14:55:16+01:00,Department for Work and Pensions,DWP Digital - CRCF - Maternity Allowance (MA),Accenture (UK) Limited,940000.0,940000.0,1190000.0,2023-01-27T00:00:00Z,2024-03-31T00:00:00Z,72000000,tender_318507/1199808,"Digital Application Design, Development & Support Services",https://www.contractsfinder.service.gov.uk/Notice/ed318bc0-3c6d-4971-a875-cab56e4d25e7,1
Accenture,True,2023,2023-03-23T00:00:00Z,2023-04-03T16:36:50+01:00,Department for Work and Pensions,(DWP) Shared Channels Experience - Digital Document Management  (DDM) Augmented Resources  including Technical Architects,Accenture (UK) Ltd,1496263.0,1496263.0,1870329.0,2023-04-03T00:00:00+01:00,2024-04-02T00:00:00+01:00,72222300,tender_345071/1199479,"Provision of Augmented Resources will support 
ongoing activity within the Digital Document 
Management Sub-Category of Shared Channels 
Experience",https://www.contractsfinder.service.gov.uk/Notice/aa7fe874-314e-41df-b939-c118fc770098,1
Accenture,True,2023,2023-03-10T00:00:00Z,2023-03-29T17:06:53+01:00,Ministry of Defence,FOR TRANSPARENCY PURPOSES ONLY - Transformation Readiness Review of the Defence People Teams,Accenture (UK) Limited,150000.0,150000.0,0.0,2023-04-17T00:00:00+01:00,2023-11-30T00:00:00Z,79000000,tender_353030/1197694,Transformation Readiness Review of the Defence People Teams,https://www.contractsfinder.service.gov.uk/Notice/954e325e-4ec1-4b72-93e9-0f7783dab50f,1
Accenture,True,2022,2022-10-19T00:00:00+01:00,2023-03-22T12:51:43Z,MINISTRY OF DEFENCE,Management of the function policy &amp; standards framework programme of work,ACCENTURE (UK) LIMITED,857280.0,857280.0,0.0,2022-10-24T00:00:00+01:00,2023-04-17T00:00:00+01:00,72000000,DD/ITHS/EUSE/0004,Contract awarded through G Cloud Framework,https://www.contractsfinder.service.gov.uk/Notice/db06f394-38ce-4a6d-94c7-2b021adf14cd,1
Accenture,True,2022,2022-03-22T00:00:00Z,2023-02-14T16:14:08Z,NHS Resolution,Managed Service Development Services,ACCENTURE (UK) LIMITED,625330.0,625330.0,625330.0,2022-03-22T00:00:00Z,2024-03-22T00:00:00Z,72000000,CF-1054700D0O000000rwimUAA,"Managed Service Development Services

This notice has been amended to include the maximum contract value as outlined during the tender process. No material change has been made to the resulting contract. ",https://www.contractsfinder.service.gov.uk/Notice/dfd369ce-26e0-42f1-8876-4e3fbf81623c,1
Accenture,True,2023,2023-02-01T00:00:00Z,2023-02-06T13:34:45Z,Defra Network eTendering Portal,a resource consumption footprint,Accenture UK,177450.0,177495.0,0.0,2023-02-13T00:00:00Z,2023-08-11T00:00:00+01:00,71621000 90713000,tender_307374/1175986,see opportunity notice,https://www.contractsfinder.service.gov.uk/Notice/85c1dc76-b151-4814-889b-9fa710cbcbef,1
Accenture,True,2022,2022-09-09T00:00:00+01:00,2023-01-31T17:10:40Z,"Department for Business, Energy &amp; Industrial Strategy",Interoperable Demand Side Response Programme: Stream 3,"Accenture,Carbo Co-Op,Green Energy Options",80117.44,24968.8,29948.64,2023-02-01T00:00:00Z,2023-07-31T00:00:00+01:00,79314000,tender_304223/1174019,The Interoperable Demand Side Response (IDSR) Stream 3 seeks to support the development and demonstration of energy smart appliances for the delivery of interoperable demand side response.,https://www.contractsfinder.service.gov.uk/Notice/3577a2f7-62e5-44be-b28b-eb762db7d21d,3
Accenture,True,2022,2022-12-14T00:00:00Z,2023-01-12T15:21:11Z,Crown Commercial Service,The Provision of Strategic Co-Sourcing for Surge Capacity in Cyber for the Chief,ACCENTURE (UK) LIMITED,185900.0,185900.0,0.0,2022-12-16T00:00:00Z,2023-03-31T00:00:00+01:00,73210000,CCCC22A22.,The Cabinet Office require a Cyber Security Consultant provider to continue to support the Cabinet Office's Cyber Security function for the provision of Strategic Co-sourcing for surge capacity in Cyber.,https://www.contractsfinder.service.gov.uk/Notice/08b910b8-26c2-4966-9542-a9d5d7830eaa,1
Accenture,True,2024,2024-07-31T00:00:00+01:00,2024-08-07T09:11:17+01:00,BROMFORD HOUSING GROUP LIMITED,Solution Consultancy,Accenture UK Limited,110000.0,1100000.0,0.0,2024-08-01T00:00:00+01:00,2026-07-31T00:00:00+01:00,72226000,60283,"Bromford require continued support from Accenture UK Limited (Formally Objectivity) with its Transformation, Data Migration, EAM programme as well as non-obligated ad-hoc services.",https://www.contractsfinder.service.gov.uk/Notice/d6f441e2-bef2-459f-b808-1fa396704a27,1
Accenture,True,2024,2024-10-14T00:00:00+01:00,2024-12-13T11:20:55Z,DEFRA,C26527 Applications Maintenance and Support Services (AMS),Accenture (UK) Limited,78800000.0,94403421.0,94403421.0,2024-10-14T00:00:00+01:00,2029-10-13T00:00:00+01:00,72000000,CF-0404100D8d000003VQwdEAG,"The outsourced Application and Maintenance Support Services (AMS) will provide the following to Defra:

•	Application Monitoring - collecting data from applications to measure their performance and availability. This data can then be used to proactively identify and resolve issues before they impact users. Issues can include situations where an application is not performing as designed or, in the worst case, there is an outage and it is not available to end users.

•	Application Maintenance - as technology progresses and the needs of end users adapt over time, continuous updating and modif",https://www.contractsfinder.service.gov.uk/Notice/93e5d45b-e2f1-48f2-b55c-9d9751486cf7,1
Accenture,True,2024,2024-10-02T00:00:00+01:00,2024-12-13T09:49:08Z,N H S Shared Business Services,NHS South West London ICB - Critical Friend Capability,ACCENTURE (UK) LIMITED,375000.0,375000.0,0.0,2024-11-01T00:00:00Z,2025-08-31T00:00:00+01:00,72220000,Doc2034422498,"South West London Integrated Care Board (SWL ICB) as the contracting authority, is seeking an external partner to provide trusted critical friend capability, able to draw on senior, expert and proven experience of EPR/ EHR implementations.",https://www.contractsfinder.service.gov.uk/Notice/c8f15ba4-7681-4d7d-8268-d1963c4c4785,1
Accenture,True,2024,2024-11-01T00:00:00Z,2024-12-05T14:32:08Z,Ministry of Defence,CAN DNO/423 Finance Automation,Accenture,172000.0,54890.0,0.0,2024-11-01T00:00:00Z,2024-12-05T00:00:00Z,66171000,tender_476279/1432663,DNO/423 Finance Automation,https://www.contractsfinder.service.gov.uk/Notice/368118f1-988b-44a0-8671-1d25c8beb56e,1
Accenture,True,2024,2024-10-19T00:00:00+01:00,2024-11-28T18:17:22Z,BANK OF ENGLAND,Technology Services,ACCENTURE (UK) LIMITED,150000.0,150000.0,0.0,2024-11-01T00:00:00Z,2027-10-31T00:00:00+01:00,72000000,CON/1001638,Provision of Technology Services.,https://www.contractsfinder.service.gov.uk/Notice/c65f935c-a045-40d9-95a3-33c4043a1bca,1
Accenture,True,2024,2024-11-15T00:00:00Z,2024-11-22T13:41:10Z,MINISTRY OF DEFENCE,Provision of Land SOF Data Services,ACCENTURE (UK) LIMITED,1989740.0,1989740.0,0.0,2024-11-22T00:00:00Z,2025-10-31T00:00:00Z,72300000,712910453 (DInfoCom/279),"This is not an opportunity, it is a contract award notice, in accordance with the Governments transparency agenda.",https://www.contractsfinder.service.gov.uk/Notice/c9a587ee-4d91-4ecf-8298-14d4527ffaba,1
Accenture,True,2024,2024-07-29T00:00:00+01:00,2024-11-18T16:04:13Z,University Hospitals Birmingham NHS Foundation Trust,ROH EPR FBC,ACCENTURE (UK) LIMITED,27500.0,25000.0,30000.0,2024-08-01T00:00:00+01:00,2025-03-31T00:00:00+01:00,72261000,CF-2713400D0O000000rwimUAA,Electronic Patient Record Full bUisiness Case development consultancy services.,https://www.contractsfinder.service.gov.uk/Notice/173ecd72-ac83-448a-8c6a-ecbfd2089959,1
Accenture,True,2023,2023-07-15T00:00:00+01:00,2024-11-18T09:31:54Z,BANK OF ENGLAND,Resolution Procurement Framework Agreement 2023,"KROLL (U.K.) LIMITED,Alantra Corporate Finance LLP,PRICEWATERHOUSECOOPERS LLP,Reply Limited,North Highland UK Ltd,FTI CONSULTING SERVICES LTD,ACCENTURE (UK) LIMITED,Evelyn Partners LLP,ERNST &amp; YOUNG LIMITED,OLIVER WYMAN CONSULTING LTD,GRANT THORNTON LIMITED,Bdo Llp,TENEO (UK) LIMITED,MAZARS LIMITED,Alvarez &amp; Marsal LLP,ALIXPARTNERS LTD,FRP Advisory Group PLC,Interpath Ltd,Deloitte LLP",20000000.0,1.0,20000000.0,2023-09-15T00:00:00+01:00,2027-05-14T00:00:00+01:00,79400000,CON/1001200,"The Bank of England ('the Bank') conducted an open tender procedure for the re-tender of its Resolution Procurement Framework (""RPF"") and has awarded a 4-year framework agreement split across the following 5 lots:
- Lot 1 - Financial advice and valuation analysis;
- Lot 2 - Restructuring and insolvency;
- Lot 3 - Corporate financial advisory;
- Lot 4 - Operational review and analysis; and
- Lot 5 - Resolution delivery support.
The RPF is the Bank's framework to appoint advisors to support work on resolution planning in business as usual and where a regulated entity is under stress. The B",https://www.contractsfinder.service.gov.uk/Notice/3b466f74-b289-4483-9ef8-71d8297d66fc,19
Accenture,True,2024,2024-10-18T00:00:00+01:00,2024-11-13T10:58:15Z,Department for Work and Pensions,Next Generation Cloud Platforms (Proof of Concept),Accenture (UK) Limited,375000.0,375000.0,750000.0,2024-10-21T00:00:00+01:00,2025-01-22T00:00:00Z,72000000,tender_458984/1424812,"Determine and develop scope for a proof of concept (PoC), draw up the high-level architecture in readiness for DWP governance, write up the exit criteria for PoC and recommend a PoC candidate service for pathfinder.",https://www.contractsfinder.service.gov.uk/Notice/3261bb1c-06d8-4b1a-8015-cf4904262ebd,1
Accenture,True,2023,2023-11-30T00:00:00Z,2024-11-12T15:43:30Z,DIGITAL DEFENCE LIMITED,Enterprise Architecture Partner,ACCENTURE (UK) LIMITED,2666600.0,2666600.0,0.0,2023-10-01T00:00:00+01:00,2025-03-31T00:00:00+01:00,71356300,RM1557/PS317,"This Contract is for the provision of assistance to the Head Enterprise 
Architecture (EA) with the development of the Common Technology Architecture (CTA) and Reference Architecture work.",https://www.contractsfinder.service.gov.uk/Notice/446c87b1-fdad-4c94-ab14-0e0f43779d5d,1
Accenture,True,2024,2024-07-29T00:00:00+01:00,2024-11-06T10:13:57Z,University Hospitals Birmingham NHS Foundation Trust,ROH EPR FBC,ACCENTURE (UK) LIMITED,27500.0,25000.0,30000.0,2024-08-01T00:00:00+01:00,2025-03-31T00:00:00+01:00,72261000,CF-2692100D0O000000rwimUAA,Electronic Patient Record cloud support,https://www.contractsfinder.service.gov.uk/Notice/d1d317ef-d03a-4c2e-8635-b1c4cc4c4aa1,1
Accenture,True,2024,2024-07-31T00:00:00+01:00,2024-10-28T13:50:00Z,Department for Work and Pensions,AME Payments - Strategic Product Development,Accenture UK Limited,4000000.0,4000000.0,5000000.0,2024-09-26T00:00:00+01:00,2026-03-31T00:00:00+01:00,72000000,tender_434655/1419487,"Provision of resources from a service provider to assist with providing skills and capacity across multiple disciplines to help achieve key outcomes within desired timeframes.

The contract will allow the business to stand up multiple fully disciplinary teams in each area to support the delivery of Strategic Reference Architecture (SRA) and Application Reference Architecture (ARA) compliant microservices which together will provide our AME Payments service.",https://www.contractsfinder.service.gov.uk/Notice/1f28c9bf-7796-44ec-9f83-3bb4314fb3f7,1
Accenture,True,2022,2022-06-15T00:00:00+01:00,2024-10-18T17:52:37+01:00,NHS Digital,NHS Login Transform,ACCENTURE (UK) LIMITED,7600000.0,13200966.0,0.0,2022-05-03T00:00:00+01:00,2025-02-02T00:00:00Z,72000000,CF-0986000D0O000000rwimUAA,"This requirement is to support the change (""transform"") function of the NHS login service
Plus extension to allow for completion of re-procurement underway and sufficient time for handover to new supplier if required",https://www.contractsfinder.service.gov.uk/Notice/5ed4c7cb-fb27-4016-bfc5-adc963fc6d31,1
Accenture,True,2023,2023-06-30T00:00:00+01:00,2024-10-16T15:43:31+01:00,DIGITAL DEFENCE LIMITED,NGCN Technical Transformation Support,Accenture (UK) Limited,814876.0,814876.0,0.0,2023-07-05T00:00:00+01:00,2023-09-30T00:00:00+01:00,71356300,PS283,Contract for the Support of NCGN Team in Technical Transformation.,https://www.contractsfinder.service.gov.uk/Notice/90c0f2c4-456f-4b12-987c-66680421e074,1
Accenture,True,2024,2024-09-27T00:00:00+01:00,2024-10-15T09:28:22+01:00,H M Revenue &amp; Customs,Architecture Strategy and Design,ACCENTURE (UK) LIMITED,24500000.0,24500000.0,0.0,2024-10-01T00:00:00+01:00,2028-09-30T00:00:00+01:00,72000000,CW96559,This contract has been awarded via competition through DALAS Lot 1 and is to provide architecture burst capacity to CT&DO HMRC.,https://www.contractsfinder.service.gov.uk/Notice/84a7e2ba-440a-4428-ae5c-3f5d0dbda311,1
Accenture,True,2024,2024-10-14T00:00:00+01:00,2024-10-15T08:25:21+01:00,United Lincolnshire NHS Trust,M365 / Email Tenancy Migration,ACCENTURE (UK) LIMITED,600000.0,342000.0,600000.0,2024-10-14T00:00:00+01:00,2025-10-13T00:00:00+01:00,72246000,CF-2647800D0O000000rwimUAA,Management of the Trust's migration from a locally hosted M365 tenancy to the national NHS.net tenancy,https://www.contractsfinder.service.gov.uk/Notice/3b9306fd-af69-4f70-affa-91f8e19add01,1
Accenture,True,2024,2024-08-16T00:00:00+01:00,2024-10-14T12:45:42+01:00,NHS England,NHSmail Collaboration Licensing Platform,ACCENTURE (UK) LIMITED,223000000.0,109400000.0,223000000.0,2024-10-01T00:00:00+01:00,2029-09-30T00:00:00+01:00,72260000,CF-2545300D0O000000rwimUAA,"Contract for a Supplier to provide Service Integrator capability within the NHSmail Collaboration Licence Platform.
The contract is for a term of five (5) years with extension options for up to a further two (2) years in annual instalments.
Contract provides for the ongoing support and maintenance of existing services as well as the continuous development and improvement to the NHSmail Collaboration Licence Platform.",https://www.contractsfinder.service.gov.uk/Notice/1832fbb3-491c-4d8c-b1c1-fd0f37e7db94,1
Accenture,True,2024,2024-08-01T00:00:00+01:00,2024-10-03T14:54:38+01:00,Department for Work and Pensions,ecm_12052 - Provision of Digital Specialist Resources for DWP Digital Services - Children &amp; Families Function,Accenture (UK) Ltd,8900000.0,8900000.0,11400000.0,2024-10-01T00:00:00+01:00,2026-09-30T00:00:00+01:00,72000000,tender_405510/1411358,"Provision of Digital Specialist Resources to support modernisation of the Child Maintenance Service, covering My Child Maintenance Case (MCMC), Get Help Applying for Child Maintenance (Apply), Simplifying Employer Deductions (SED), Enforcement, Channels & Common Platforms",https://www.contractsfinder.service.gov.uk/Notice/20592d11-6198-4d15-8872-2b31d68c40a2,1
Accenture,True,2024,2024-08-22T00:00:00+01:00,2024-09-18T17:45:05+01:00,Ofgem,NCSC Cyber Incident Response (CIR) Service,Accenture (Uk) Ltd,540000.0,360000.0,540000.0,2024-09-09T00:00:00+01:00,2027-09-08T00:00:00+01:00,32400000 32412110 32412120 32424000 32427000 72315100 72700000 72220000 72221000 72266000 72600000,MT232782,The NCSC recommends that all UK organisations should use an NCSC-assured Cyber Incident Response provider when dealing with cyber incidents.  Ofgem therefore requires a CIR Assured supplier to help to recover from major cyber incidents (if applicable) and deliver a full investigation of the incident along with recommendations on how to prevent it happening again.,https://www.contractsfinder.service.gov.uk/Notice/42d8a262-a4ee-4ca6-8adf-bdb1dd14c33e,1
Accenture,True,2024,2024-07-01T00:00:00+01:00,2024-09-11T11:37:53+01:00,Department for Work and Pensions,DDaT Specialists for The Garage Delivery Factory and Live Service teams,Accenture (UK) Ltd,35430000.0,35430000.0,0.0,2024-08-24T00:00:00+01:00,2026-08-23T00:00:00+01:00,72000000,tender_376648/1403547,Provision of digital specialist resources to support the production of deliverables and outcomes for The Garage across both The Garage Delivery Factory and Live Service Teams.,https://www.contractsfinder.service.gov.uk/Notice/18ceecd6-d034-472c-8c8e-a9e0a4f7c625,1
Accenture,True,2024,2024-06-27T00:00:00+01:00,2024-09-10T09:33:58+01:00,BANK OF ENGLAND,Technology Services,ACCENTURE (UK) LIMITED,1668020.0,1668020.0,0.0,2024-06-28T00:00:00+01:00,2025-02-28T00:00:00Z,72222000,CON/1001524,Technology Services,https://www.contractsfinder.service.gov.uk/Notice/f9dadaae-4509-43db-a09f-8cc8b677ddb7,1
Accenture,True,2024,2024-08-14T00:00:00+01:00,2024-09-04T17:39:14+01:00,NHS England,Digital UEC Continuous Iterations Delivery,ACCENTURE (UK) LIMITED,49286241.0,36964681.0,49286241.0,2024-08-15T00:00:00+01:00,2027-08-14T00:00:00+01:00,72000000,CF-2552500D0O000000rwimUAA,This requirement is to support the continuous iteration activities of the Digital Urgent and Emergency Portfolio. The continuous iteration activities focus on all products and services under the umbrella of Digital Urgent and Emergency Care.,https://www.contractsfinder.service.gov.uk/Notice/205cca48-d534-429b-8abd-8fee3d98c72f,1
Accenture,True,2024,2024-05-21T00:00:00+01:00,2024-09-02T17:05:18+01:00,Department for Work and Pensions,ecm_11962 Pensions Transformation Programme (PTP) Customer Account Manager (CAM) - Application Support &amp; Maintenance,Accenture (UK) Limited,6500000.0,6500000.0,10820000.0,2024-10-01T00:00:00+01:00,2027-09-30T00:00:00+01:00,72000000,tender_368007/1400523,"Level 3 Support and maintenance of the PTP CAM system which is a legacy service that manages customer accounts for pension centres and supports more than 3,000 concurrent agents managing direct telephone and paper-based contact with customers. It is a front-end solution interfacing with HMRC and a number of DWP systems including the legacy systems PSCS and ISCS.",https://www.contractsfinder.service.gov.uk/Notice/4e949bc6-81b1-456f-ad40-a06987d10313,1
Accenture,True,2024,2024-07-31T00:00:00+01:00,2024-08-30T15:30:08+01:00,Humberside Fire &amp; Rescue Service,GB-Hull: EV Feasibility Study,Accenture (UK) Limited,49000.0,49000.0,0.0,2024-08-01T00:00:00+01:00,2024-10-30T00:00:00Z,79314000,BIP886141939,Provision of professional services in the form of a feasibility study,https://www.contractsfinder.service.gov.uk/Notice/949127bc-1ee8-4ea4-9978-afc5667b445e,1
Accenture,True,2024,2024-01-26T00:00:00Z,2024-08-20T16:59:25+01:00,N H S Shared Business Services,Consultancy and Advisory Services for Health,"Drees &amp; Sommer UK Limited,Accenture,Adaptovate Ltd,Adecco UK Ltd,Akeso and Company,Aqua,Archus Ltd,ATTAIN HEALTH MANAGEMENT SERVICES LTD,Bain &amp; Co,BakerStuart Ltd,Baringa Partners LLP,BearingPoint,BJSS,Boston Consulting Group,Bramble Hub Limited,Brookfield Services Ltd,Cabraal Consulting Limited,Capgemini UK Plc,Carnall Farrar,Casterlerigg Consulting,CGI IT UK Ltd,Changeology Group Ltd,Clarasys,Cloud 21,Commercially Public Ltd,CPC Project Services LLP,Curious Sky Ltd,Curshaw,Deloitte LLP,Entec Si Limited,Ernst &amp; Young LLP,ATKINSR&#xC9;ALIS PPS LIMITED,Frazer-Nash Consultancy Ltd,Freshwater,Future Arc Services Limited,Gameshift Ltd,GatenbySanderson,GBPartnerships Consult,Grant Thornton UK LLP,Health Integration Partners Ltd,Hervines Group Limited,Human Engine Limited,I3Works Limited,In-Form Solutions Limited,Interpath Advisory,Jago Health,Jumar Solutions,Kingsgate Advisory Ltd,Korn Ferry Hay Group Limited,KPMG LLP,Latchmore Healthcare Associates LLP,Lexica Health and Life Sciences Consultancy Ltd,Linea Partners Ltd,Mason Advisory,Medical Technology Management,MedModus BI Limited,Meridian Productivity,MIIH ( Make It Happen ) Solutions Ltd,Moorhouse,Multihealth Specialists,NHS Arden &amp; GEM CSU,NHS North of England Commissioning Support Unit,NHS South, Central and West Commissioning Support Unit,Niche Health and Social Care,Nous Group,Oakland Group Services,Oliver Wyman Limited,PA Consulting Services Ltd,Permanent Futures Ltd,Practicus,Primary Care Company Commissioning Community Interest Company,Private Public Ltd,Productive Partners,Psephos Biomedica,Pulse Healthcare Limited trading as Espirita,Q5 Partners,Realm IT Partners,RealworldHR Ltd,RedQuadrant Ltd,Reply,Rider Levett Bucknall UK Limited,Royal Free NHS Foundation Trust - Healthcare Consulting,RSM Risk Assurance Services LLP,Rubicon Health Consulting Ltd,Seagry Consultancy Ltd,Sia Partners,Squarcle Consulting Limited,Step5 Consult Ltd,Strasys Ltd,Teneo Strategy Ltd,The Barton Partnership Limited,The Kings Fund,The Public Service Consultants LTd,thevaluecircle LLP,Think Ahead,TogetherBetter Collaborative Consultancy Ltd,TPXimpact Limited,Transformation Nous Limited,TWS Partners Limited,Veracity OSI UK Limited,Viridian Associates Ltd,Vynamic,Whitetree Group Ltd,Workforce Development Trust,WSP UK Ltd,Tektology,Market and Opinion Research International Limited ( T/A Ipsos Mo,Chaucer Group Limited,Cherwell Consulting,Habitus Collective UK,Healthcare Innovations Consortium Ltd,IQVIA,Kaleidoscope Health and Care,Liaison Financial Services,Lifecycle Consultancy Services,Martin James Medical,NEWTON CONSULTING LIMITED,SQW,The Wellbeing Collective Ltd,Epam System Ltd,Maxwell Stanley Consulting,PwC LLP,StreamlineD Forensic Reporting Limited,ECF,Lynn Group,SOLUTIONS STRATEGY RESEARCH FACILITATION LIMITED,4C Strategies,Azets,Building Information Solutions Ltd,Channel 3 Consulting,The British Computer Society T/A BCS, The Chartered Institute fo,FarrPoint Limited,Insight Direct (UK) Ltd,Opencast Software Europe Limited,Phoenix Software,Satigo,Scrumconnect Consultancy,Spanswick,Waymark Ltd,Xylem Resourcing Partners Ltd,Duncan &amp; Toplis Limited,Ecovate,eXceeding Ltd,Intelligent Buying Ltd,Proxima,Steer Davies Gleeve,Capsticks Solicitors LLP,Dearden HR,NHS Professionals Ltd,Energy Auditing Agency Limited,Gep Environmental,Hawkins Brown Design,Mabbett &amp; Associates Ltd,Maloney Associates Ltd,Mott McDonald Limited,Pick Everard,Savills Uk Limited,Social Value Portal,CBRE Ltd,Eddisons Commerical Ltd,Johnson Design Partnership Ltd,P2G Contract Support,HeadsTogether Consulting Ltd",500000000.0,500000000.0,0.0,2024-03-18T00:00:00Z,2028-03-17T00:00:00Z,79411000,05280446,"NHS Shared Business Services act in an Agency capacity for and on behalf of its customers (Approved Organisations) - existing and new. These comprise of NHS and Social Care organisations (whether acting individually, or on behalf of, or together as members of any consortia) along with any other public or private sector bodies which NHS SBS authorises to use the resulting Framework/Dynamic Purchasing System (DPS).
NHS Shared Business Services Limited (NHS SBS) has put in place a Framework Agreement for the provision of Consultancy and Advisory Services for Health and related Services for Healt",https://www.contractsfinder.service.gov.uk/Notice/99e33e94-736f-4b4f-a308-ea64e742a0b5,165
Accenture,True,2024,2024-07-29T00:00:00+01:00,2024-08-20T13:51:34+01:00,Department of Health and Social Care,DHSC: SCI: NSPIS,ACCENTURE (UK) LIMITED,7931078.0,7931078.0,7931078.0,2024-07-26T00:00:00+01:00,2026-03-31T00:00:00+01:00,79421000 72212900,CF-2536300D0O000000rwimUAA,National incentives scheme to support pregnant smokers to quit.,https://www.contractsfinder.service.gov.uk/Notice/4c8af7e8-db7d-4b49-9d5c-4a02e81f9d39,1
Accenture,True,2024,2024-05-21T00:00:00+01:00,2024-08-20T13:27:39+01:00,Department for Work and Pensions,Service Award Substitues (SAS),Accenture (UK) Limited,3900000.0,3900000.0,4875000.0,2024-05-22T00:00:00+01:00,2026-05-21T00:00:00+01:00,72000000,tender_419177/1396903,This Procurement will establish a single Supplier Contract for the purchase of resource for the Service Award Subs (SAS),https://www.contractsfinder.service.gov.uk/Notice/2d70bd84-e04f-4800-8d0c-acdf467832c1,1
Accenture,True,2024,2024-05-12T00:00:00+01:00,2024-07-12T13:17:49+01:00,MINISTRY OF DEFENCE,Veteran ID Resources,ACCENTURE (UK) LIMITED,944840.0,944840.0,0.0,2024-05-13T00:00:00+01:00,2025-05-12T00:00:00+01:00,72000000,711908450,"DDAT Resource Required to continue to deliver HM Armed Forces Veteran Card.

Framework Call-Off Lot 3 (Cloud Support) of the G-Cloud 13 Framework Agreement (RM1557.13)",https://www.contractsfinder.service.gov.uk/Notice/bca3dc63-1dc1-4e6c-bc63-54dd346e0f25,1
Accenture,True,2024,2024-07-24T00:00:00+01:00,2024-08-08T16:51:53+01:00,National Highways,Quality Management Transformation - Support 2024/2025,Accenture UK LTD,129500.0,129500.0,0.0,2024-07-24T00:00:00+01:00,2025-03-31T00:00:00+01:00,79410000,tender_456476/1393097,Quality Management Transformation - Support,https://www.contractsfinder.service.gov.uk/Notice/314f0f71-0e9d-41fc-a257-3aa2a24c7459,1
Accenture,True,2024,2024-07-05T00:00:00+01:00,2024-07-10T10:18:20+01:00,SUSSEX PARTNERSHIP NHS FOUNDATION TRUST,NHSmail On-boarding,ACCENTURE (UK) LIMITED,200000.0,200000.0,200000.0,2024-06-03T00:00:00+01:00,2024-12-02T00:00:00Z,72000000,CF-2469700D0O000000rwimUAA,Migrations of Trust mailboxes and data to new NHS national Tenant platform,https://www.contractsfinder.service.gov.uk/Notice/c23ea27e-8e8b-4c68-b540-ee0c0bb47c3f,1
Accenture,True,2024,2024-05-17T00:00:00+01:00,2024-06-12T13:09:00+01:00,N H S Shared Business Services,CLOUD SOLUTIONS 2,"Axiologik Limited,Bramble Hub Limited,BURENDO LTD,CDW Limited,Deloitte LLP,Ernst & Young LLP,i3Works Limited,Insight Direct (UK) Ltd,Jumar Solutions Ltd,Kainos Software Limited,KPMG LLP,Mobilise Cloud,GCI Network Solutions Limited,Netcompany UK Limited,NTT DATA UK LTD,Accenture (UK) Limited,Phoenix Software Ltd,Reply Limited,SERVITA PROFESSIONAL SERVICES (UK) LIMITED,SMART CO CONSULTING LIMITED,Softcat plc,Tech Mahindra Limited,TPXimpact Limited,VE3 Global Ltd,XMA Limited,Zaizi Ltd,ANS Group Limited,Atos IT Services UK Limited,IBM United Kingdom Limited,IoT Cloud World Limited,Islacare Ltd,Telefónica Tech Northern Ireland Ltd,Boxxe Limited,Impelsys Inc.",500000000.0,500000000.0,0.0,2024-04-25T00:00:00+01:00,2026-04-24T00:00:00+01:00,72000000,SBS10256,"NHS Shared Business Services act in an Agency capacity for and on behalf of its customers (Approved Organisations) - existing and new. These comprise of NHS and Social Care organisations (whether acting individually, or on behalf of, or together as members of any consortia) along with any other public or private sector bodies which NHS SBS authorises to use the resulting Framework.
NHS Shared Business Services Limited (NHS SBS) has put in place a Framework Agreement for the provision of Cloud Solutions and related Goods and Services for Healthcare to be used by NHS SBS Approved Organisations.",https://www.contractsfinder.service.gov.uk/Notice/542c8bbd-3a91-4ce4-9c07-15ba887d0ae7,34
Accenture,True,2024,2024-04-22T00:00:00+01:00,2024-05-09T15:47:29+01:00,H M Revenue &amp; Customs,Digital Platforms New Build Contract 4,ACCENTURE (UK) LIMITED,271000000.0,0.0,271000000.0,2024-04-24T00:00:00+01:00,2027-04-23T00:00:00+01:00,72000000,CW93951,"​​Large scale digital, integration and development new build services through the DALAS framework to bring in professional services to allow for the creation of multiple disciplinary and agile delivery teams across HMRC's Digital Delivery Centres.​",https://www.contractsfinder.service.gov.uk/Notice/b55cf3a2-4e6e-4d7d-b95b-a908e874d9a9,1
Accenture,True,2024,2024-03-29T00:00:00Z,2024-06-13T11:09:57+01:00,Post Office Limited,SPM Program Manager,Accenture (UK) Limited,179340.0,179340.0,0.0,2024-04-02T00:00:00+01:00,2024-11-15T00:00:00Z,72000000,C102981,"Post Office have an immediate requirement to bring in an additional capability to support the Strategic Platform Modernisation (SPM) Programme Director on a short-term basis to support in the programme around planning, delivery, and various other programmatic activities whilst a permanent recruit has been concluded and onboarded.",https://www.contractsfinder.service.gov.uk/Notice/c1c506bb-eafa-4df7-b736-e88a7ecde693,1
Accenture,True,2024,2024-03-25T00:00:00Z,2024-05-30T16:56:02+01:00,H M Revenue &amp; Customs,Award of Digital Platforms Run (Platforms and Products),Accenture (UK) Limited,305690000.0,0.0,305690000.0,2024-05-20T00:00:00+01:00,2029-05-19T00:00:00+01:00,72000000,CW93522 Digital Platforms Run &amp; Change Products,"Run and change professional services supporting the running of Live Services, Digital Application Support Services and Mobile App. Awarded under Lot 3 of the CCS RM6335 Digital and Legacy Application Services (DALAS) framework.",https://www.contractsfinder.service.gov.uk/Notice/7d8fb5da-2411-4b81-90aa-64ef7656626f,1
Accenture,True,2024,2024-05-09T00:00:00+01:00,2024-05-21T10:28:53+01:00,DSIT,Internet of Things Standards Consultancy Support,Accenture (UK) Limited,30000.0,30000.0,45000.0,2024-05-13T00:00:00+01:00,2025-05-06T00:00:00+01:00,73210000,tender_420287/1357701,"The Requirement 

To ensure effective delivery, DSIT requires a consultant with experience developing standards and registration to the relevant committees (TC CYBER) to assist with the update of ETSI EN 303 645. This will include: 

Attending ETSI TC CYBER meetings and events related to ETSI EN 303 645 

Producing reports on activities related to the updating of ETSI EN 303 645 

Work related to the transition of ETSI EN 303 645 in between meetings, including secretariat support and drafting technical text. 

These activities will require the supplier to be a credible technical expe",https://www.contractsfinder.service.gov.uk/Notice/1f0bb970-acc5-45de-bece-c102f5dfdbf7,1
Accenture,True,2024,2024-03-08T00:00:00Z,2024-05-21T10:14:29+01:00,OFFICE FOR NUCLEAR REGULATION,Provision of Cyber Security Services,Accenture (UK) Ltd,348334.0,930794.0,0.0,2024-03-06T00:00:00Z,2027-03-05T00:00:00Z,72000000,ONR978,"Procured through CCS Technology Services 3 Framework.  ONR require an external Security Operations Centre (SOC) function and Security Information and Event Management (SIEM), with the intention of establishing a hybrid SOC approach whereby external and internal (ONR) Security Operations resources will have the capability to manage SOC and threat protection configuration and monitoring.",https://www.contractsfinder.service.gov.uk/Notice/390bcf56-6b14-4f4d-b811-8ff2ac9040e1,1
Accenture,True,2024,2024-05-09T00:00:00+01:00,2024-05-21T09:51:56+01:00,DSIT,Cyber Security of AI Standards Consultancy Support,Accenture (UK) Limited,79800.0,79800.0,120000.0,2024-05-09T00:00:00+01:00,2025-05-02T00:00:00+01:00,71621000,tender_420278/1357667,"DSIT requires a supplier with expertise in leading the development of global standards within SDOs to support the delivery of a standard on the cyber security of AI within ETSI TC SAI. This will include:  

Technical drafting for the standard  

Registration and attendance at TC SAI meetings and related events 

Stakeholder engagement throughout the development of the standard 

These activities will require the supplier to be a credible technical expert within SDOs with expertise in cyber security and AI systems. The supplier will need to be active member of SDOs, and have a working l",https://www.contractsfinder.service.gov.uk/Notice/b44b64b7-2339-497c-935c-439407be764d,1
Accenture,True,2024,2024-05-15T00:00:00+01:00,2024-05-20T15:24:28+01:00,NHS Resolution,"Doc Search Licence, Support and Maintenance",ACCENTURE (UK) LIMITED,547080.0,364720.0,364720.0,2024-03-23T00:00:00Z,2026-03-23T00:00:00Z,72000000,CF-2385200D0O000000rwimUAA,"Provision of software licence, support and maintenance for Doc Search.",https://www.contractsfinder.service.gov.uk/Notice/93c4753e-b1b1-4737-bd89-ab9d27767d9e,1
Accenture,True,2024,2024-04-26T00:00:00+01:00,2024-05-17T11:46:46+01:00,N H S Shared Business Services,DIGITAL HEALTH ADVISORY (SBS10225),"Adecco UK Ltd,Axiologik Limited,Burendo Ltd,Blum Health Ltd,Carnall Farrar Ltd,Cognizant Worldwide Limited,Deloitte LLP,Ember Technology Ltd,Evolution Recruitment Solutions,Frazer-Nash Consultancy Ltd,Healthcare Innovation Consortium,Hyper Talent Solutions Ltd,Impelsys Inc,Kainos Software Limited,KPMG LLP,Mastek (UK) Ltd,Moorhouse Consulting Limited,Nordic Global,Practicus Limited,SMART CO CONSULTING LIMITED,Zensar Technologies (UK) Ltd,Channel 3 Consulting Ltd,Accenture (UK) Ltd,Storm ID Ltd,Healthcare Clinical Informatics Limited,Airelogic Limited,McKinsey &amp; Company,NHS Arden &amp; Greater East Midlands Commissioning Support Unit,NHS South, Central &amp; West Commissioning Support Unit,NHS North of England Commissioning Support Unit (hosted by NHS E,Maxwell Stanley Consulting Limited,Atos IT Services UK Ltd,Ernst &amp; Young LLP,KCL Digital,Royal Free London NHS Foundation Trust,St. Vincent&#039;s Consulting Ltd,Zaizi Limited,Apira Limited,Mott MacDonald Limited,Akeso &amp; Company",500000000.0,500000000.0,0.0,2024-03-25T00:00:00Z,2026-03-24T00:00:00Z,72000000,SBS10225,"NHS Shared Business Services act in an Agency capacity for and on behalf of its customers (Approved Organisations) - existing and new. These comprise of NHS and Social Care organisations (whether acting individually, or on behalf of, or together as members of any consortia) along with any other public or private sector bodies which NHS SBS authorises to use the resulting Framework.

NHS Shared Business Services Limited (NHS SBS) has put in place a Framework Agreement for the provision of Digital Health Advisory and related Goods and Services for Healthcare to be used by NHS SBS Approved Orga",https://www.contractsfinder.service.gov.uk/Notice/a30b32ff-1192-4a15-8456-43b9865bc1da,41
Accenture,True,2024,2024-05-01T00:00:00+01:00,2024-05-02T09:06:33+01:00,MINISTRY OF DEFENCE,RAF DevSecOps-Warfighter Training - Software Engineering Academy,Accenture,216250.0,216250.0,0.0,2024-05-20T00:00:00+01:00,2024-11-20T00:00:00Z,80000000,Warfighter Training,To provide a Software Engineering Training Course to upskill 12 learners to Full Stack Software Engineering,https://www.contractsfinder.service.gov.uk/Notice/f3a04ab9-b9bd-40f4-bb2c-8d2f2810892a,1
Accenture,True,2024,2024-04-30T00:00:00+01:00,2024-05-01T08:29:06+01:00,Nottingham University Hospital,Mail &amp; 365 Migration,ACCENTURE (UK) LIMITED,325554.0,325554.0,325554.0,2024-05-01T00:00:00+01:00,2025-04-30T00:00:00+01:00,48218000,CF-2345300D0O000000rwimUAA,Mail & 365 Migration,https://www.contractsfinder.service.gov.uk/Notice/aaae72bf-11b7-4ae1-b1a5-0ce2f1ad04eb,1
Accenture,True,2019,2019-08-05T00:00:00+01:00,2024-04-05T12:03:37+01:00,NHS England,Revision Notice - Cyber - Perimeter Security Service,ACCENTURE (UK) LIMITED,67200000.0,67200000.0,0.0,2019-08-05T00:00:00+01:00,2024-08-04T00:00:00+01:00,72000000,CF-2289600D0O000000rwimUAA,Revision to Contracts Finder Notice published 5 November 2020. This is to revise the value to include optional extensions (2 years) to the initial term. NHS England contract reference is C31899.,https://www.contractsfinder.service.gov.uk/Notice/c52c63eb-861c-4652-b06f-5e00023a1c61,1
Accenture,True,2024,2024-01-26T00:00:00Z,2024-03-21T12:13:23Z,Defence Equipment and Support,CSOC Cyber Capability,Accenture (UK) Limited,330000.0,330000.0,0.0,2024-01-26T00:00:00Z,2025-01-26T00:00:00Z,73400000,709840450,CSOC Cyber Capability,https://www.contractsfinder.service.gov.uk/Notice/88c168e1-40dc-4700-93a3-534142396b99,1
Accenture,True,2024,2024-02-22T00:00:00Z,2024-03-14T16:51:48Z,DfTc - Department for Transport,Provision of Jaggaer S2C Service Desk Support,Accenture (UK) Limited,806000.0,568000.0,806000.0,2024-02-28T00:00:00Z,2026-10-27T00:00:00Z,72610000,tender_398136/1326185,Further Competition to award a Provision of Source to Contract System Service Desk Support Contract,https://www.contractsfinder.service.gov.uk/Notice/e2621e69-96c8-4b24-8d95-3797c343ad30,1
Accenture,True,2024,2024-02-23T00:00:00Z,2024-03-01T15:35:23Z,National Institute For Health And Care Excellence,Digitisation Improvements,Accenture (UK) Limited,99900.0,99900.0,0.0,2024-03-04T00:00:00Z,2024-06-03T00:00:00+01:00,72000000,NICEDI023,"NICE (the Authority) requires services to support the automation of existing processes using Power apps and Power automate, virtual agents and connectors. 

Advice on the approach, design and governance of a Centre of Excellence (CoE) Power Platform prototyping including design and app build is required.

The output will be in the form of two discovery and recommendation papers, including technical configuration guidance on implementation steps - should NICE wish to proceed with the proposed steps.

Application is via G-Cloud 13 Framework Agreement (RM1557.13) - Lot 3: Cloud Support",https://www.contractsfinder.service.gov.uk/Notice/ea40578c-21cd-4d9a-ba20-e068c33bd9b3,1
Accenture,True,2023,2023-10-27T00:00:00+01:00,2024-02-12T13:15:09Z,BANK OF ENGLAND,Cyber Security Assessment,ACCENTURE (UK) LIMITED,50000.0,50000.0,0.0,2023-12-11T00:00:00Z,2024-03-01T00:00:00Z,72000000,306636,Provision of cyber security assessment services.,https://www.contractsfinder.service.gov.uk/Notice/9d42ab5a-a523-4106-836a-b94d0c3d4191,1
Accenture,True,2023,2023-11-30T00:00:00Z,2024-02-07T12:57:26Z,BANK OF ENGLAND,Technology Professional Services,ACCENTURE (UK) LIMITED,562140.0,562140.0,0.0,2024-01-02T00:00:00Z,2024-05-03T00:00:00+01:00,72000000,CON/1001319,"Provision of technology professional services via Crown Commercial Services framework- RM6100 Tech services 3, Lot 2 Transition and transformation.",https://www.contractsfinder.service.gov.uk/Notice/25cc2ae6-bc2d-4413-9bd8-bec155c3e249,1
Accenture,True,2023,2023-04-01T00:00:00+01:00,2024-01-16T16:28:23Z,Department for Work and Pensions,"Retirement, Bereavement and Care and Appeals  and Supporting Capabilities. DSP Procurement  for User Centred Design and Delivery  Management Resources",Accenture (UK) Limited,4900000.0,4900000.0,6125000.0,2023-04-01T00:00:00+01:00,2025-03-31T00:00:00+01:00,72000000,tender_344659/1302546,"This is a 24-month Contract that provides Resources in support of its Retirement 
Bereavement & Care (RBC) Project. At a high-level RBC requires a supplier to deliver specific digital outcomes to meet citizens&apos; Plan Your Retirement Service; Get Your State Pension Service; Manage Your Pension Credit; Seasonal Payments; Carers Allowance; Attendance Allowance; Support for Bereavement; Support for Common Capabilities (in support of DWP Strategic Reference Architecture); Maintaining Operational Small Systems (MOSS)",https://www.contractsfinder.service.gov.uk/Notice/9aec933e-8275-4971-9359-b40a80ac50c6,1
Accenture,True,2023,2023-12-14T00:00:00Z,2024-01-15T11:06:40Z,Department for Work and Pensions,(DWP) Shared Channels Experience (SCE) Augmented Resources for Customer Communication and Media Services (C-CAMS),Accenture (UK) Ltd,2671239.0,2671239.0,3342811.0,2024-01-01T00:00:00Z,2025-01-01T00:00:00Z,72222300,tender_398296/1301614,Provision of Augmented resources to support activity in Shared Channels Experience (SCE) for Customer Communication and Media Services,https://www.contractsfinder.service.gov.uk/Notice/d5cd1bac-e5cf-4438-8782-7266c1de8062,1
Accenture,True,2023,2023-12-04T00:00:00Z,2024-01-12T12:30:55Z,Home Office,GovAssure,ACCENTURE (UK) LTD,300000.0,100000.0,300000.0,2023-11-27T00:00:00Z,2026-11-25T00:00:00Z,72000000,CF-0357100D58000000L5A4EAK,"1.1.	GovAssure will enable Home Office Cyber Security (HOCS) to accurately assess its level of cyber assurance for their critical systems against a proportionate CAF threat profile, highlighting priority areas for improvement.",https://www.contractsfinder.service.gov.uk/Notice/bc7f06cd-2147-493a-89f7-8f9ebb6da274,1
Accenture,True,2025,2025-10-20T00:00:00+01:00,2025-12-11T15:51:25Z,BANK OF ENGLAND,Technology Transformation &amp; Delivery Framework Contract Award - TECH-178,"ACCENTURE (UK) LIMITED,Baringa Partners LLP,Capgemini,CGI IT UK LIMITED,CIVICA UK LIMITED,COFORGE U.K. LIMITED,Cognizant Worldwide Ltd,Credera Limited,FDM Group Limited,La Fosse Associates Limited,Mastek (UK) Ltd,PA CONSULTING SERVICES LIMITED,Peregrine International Limited,Resource Solutions Workforce Management Limited (trading as Robe,Version 1 Solutions Limited,Virtusa Consulting &amp; Services Limited",180000000.0,0.0,0.0,2025-12-05T00:00:00Z,2029-12-04T00:00:00Z,48000000 72000000,Tech-178,"Award of the Technology Transformation & Delivery Framework (TDF). 

The contracts are a multi-lot, multi-supplier framework agreement for the provision of services to support the various functions of the Bank's Technology Directorate. The appointed suppliers will provide project delivery services both on-site at the Bank's premises as well as off-site where appropriate.  

The TDF Framework contract will be in place for four years. There is no committed spend.


Lot 1 - Infrastructure Services - Accenture, Capgemini, Cognizant, Virtusa.
Lot 2 - Platform Services - Accenture, Capgemini",https://www.contractsfinder.service.gov.uk/Notice/cefcd269-5048-43ce-a7bd-5d5ece3a54a8,16
Accenture,True,2025,2025-05-23T00:00:00+01:00,2025-06-20T15:26:07+01:00,County Durham and Darlington NHS Foundation Trust,EPR Data Archive Viewer,ACCENTURE (UK) LIMITED,50000.0,50000.0,0.0,2025-06-01T00:00:00+01:00,2028-05-31T00:00:00+01:00,48000000,C367466,County Durham and Darlington NHS Foundation Trust have placed a direct award to Accenture (UK) Ltd for the data archive platform in support of the Trust's EPR Programme for a period of 36 months with 1 x 12 months optional extension via the Crown Commercial Services G Cloud 14 framework RM1557.14,https://www.contractsfinder.service.gov.uk/Notice/fedf4654-8264-4ff5-990e-e2d7fd518881,1
Accenture,True,2025,2025-05-23T00:00:00+01:00,2025-06-20T15:25:33+01:00,County Durham and Darlington NHS Foundation Trust,EPR Data Analytics Platform,ACCENTURE (UK) LIMITED,300000.0,300000.0,0.0,2025-06-01T00:00:00+01:00,2028-05-31T00:00:00+01:00,48000000,C367458,County Durham and Darlington NHS Foundation Trust have placed a direct award for a data analytics platform in support of the Trust's EPR Programme to Accenture (UK) Ltd or a period of 36 months with the option to extend for a further period of 12 months via the Crown Commercial Services G Cloud 14 framework RM1557.14,https://www.contractsfinder.service.gov.uk/Notice/e6b69d8d-7630-44dc-9df6-13383d5143b1,1
Accenture,True,2025,2025-03-26T00:00:00Z,2025-03-28T18:30:02Z,County Durham and Darlington NHS Foundation Trust,Provision of LIMS Managed Support Service,Accenture (UK) Limited,790000.0,790000.0,0.0,2025-04-02T00:00:00+01:00,2026-10-01T00:00:00+01:00,72212517,LIMS,"Managed service to support the implementation, which includes key programme and supporting roles of a bespoke IT software.
Contract Award to Accenture for 24 Months with 1 x 12 Month optional extension via CCS G-Cloud 14 RM1557.14.",https://www.contractsfinder.service.gov.uk/Notice/5e9ded3d-6863-48b6-af45-75ddc4e7e98a,1
Accenture,True,2024,2024-08-20T00:00:00+01:00,2025-04-16T16:14:24+01:00,Greater Manchester Combined Authority,GMCA 1086 GM Digital Improvement Programme,"Accenture (UK) Ltd,Accenture (UK) Ltd,ANS Group Limited",7800000.0,7800000.0,0.0,2024-09-10T00:00:00+01:00,2029-04-30T00:00:00+01:00,72000000,GMCA001-DN727198-00130314,"Lot 1 - Mendix Platform and Associated Services (Contract will be referenced 1086.1)

Lot 2 - Strategic Software Developer Partner (Contract will be referenced 1086.2)

Lot 3 - Strategic Infrastructure Partner (Contract will be referenced 1086.3)",https://www.contractsfinder.service.gov.uk/Notice/2336e3bd-267a-4276-8fb5-dd588ebf74d6,3
Accenture,True,2025,2025-11-24T00:00:00Z,2025-12-19T16:20:04Z,UK Industrial Fusion Solutions Ltd,Enterprise Change Strategy,Accenture (UK) Limited,241750.0,241750.0,0.0,2025-11-25T00:00:00Z,2026-01-30T00:00:00Z,79400000,BIP1002639141,"This procurement was of strategy services (business consulting) with a focus on Enterprise Change Strategy and AI. This was delivered through the Management Consultancy Framework 4, Lot 2 - Strategy and Policy, which the supplier is a member of. The selection of the supplier was completed following an assessment that they met MAT criteria.",https://www.contractsfinder.service.gov.uk/Notice/acad1c65-a59d-4cb9-aeb9-b2a8e1e46a85,1
Accenture,True,2025,2025-11-04T00:00:00Z,2025-11-10T15:21:36Z,DWP,Data Virtualisation -Data Bridge,Accenture (UK) Ltd,4205210.0,4205210.0,4205210.0,2025-11-04T00:00:00Z,2027-11-03T00:00:00Z,72000000,CF-0008500DQH00000FUqLV2A1,"The virtualisation of on-premise legacy data, to cloud hosted (Azure) SAS Viya.",https://www.contractsfinder.service.gov.uk/Notice/a0933515-abbc-4f83-9f91-484915799718,1
Accenture,True,2025,2025-09-03T00:00:00+01:00,2025-10-27T09:32:56Z,BANK OF ENGLAND,Technology Services,ACCENTURE (UK) LIMITED,11958900.0,3958900.0,11958900.0,2025-09-25T00:00:00+01:00,2030-09-24T00:00:00+01:00,72000000,CON/1001936,"Provision of technology services, including managing data integration transitions, leading technical activities related to analytics and platform scalability, and delivering operational and governance support. 

Initial Contract Period is 18 months with an estimated value of £3.95M ex VAT, and the Bank can extend the services up to 42 months and increase the value of the contract by an additional £8.0 M ex VAT subjected to the internal governance process.",https://www.contractsfinder.service.gov.uk/Notice/ac5342b9-373f-43a4-8744-29b40e50e0d4,1
Accenture,True,2025,2025-09-17T00:00:00+01:00,2025-10-01T15:54:19+01:00,NHS Arden and Greater East Midlands Commissioning Support Unit,1966 CDIO Cost Reduction Support for NHS Arden &amp; Greater East Midlands CSU,Accenture (UK) Limited,248800.0,0.0,321000.0,2025-09-18T00:00:00+01:00,2026-01-17T00:00:00Z,66171000,CF-3208200D0O000000rwimUAA,"1966 CDIO Cost Reduction Support for NHS Arden & Greater East Midlands CSU.

Support with the preparation of board-level materials to demonstrate overall CDIO spend by category and initial hypotheses and approach for reducing spend over the course of the Spending Review (SR).


Procured using the Crown Commercial Services Management Consultancy Framework Three (MCF3) - Lot-4 Finance Framework.",https://www.contractsfinder.service.gov.uk/Notice/6a5339c3-576b-4de2-832f-861a8e8eef93,1
Accenture,True,2025,2025-08-29T00:00:00+01:00,2025-09-04T15:28:24+01:00,"Ministry of Housing, Communities and Local Government",Local Government Cyber Incident Reponse,Accenture (UK) Limited,18500000.0,250000.0,18500000.0,2025-07-21T00:00:00+01:00,2026-07-20T00:00:00+01:00,72222300,CPD4126216/1,"The Ministry of Housing, Communities and Local Government (MHCLG) require a Cyber Incident Response (CIR) service to operate on behalf of the local government sector. MHCLG are looking to ensure that English local authorities receive support to respond to the most sophisticated and bespoke cyberattacks. MHCLG will use the National Cyber Security Centre's (NCSC's) framework for classifying incidents to activate the service at C3 and above, or at a lower level as MHCLG see necessary.  

To align this approach with other government departments and the advice of the NCSC (that all UK organisatio",https://www.contractsfinder.service.gov.uk/Notice/369d20c5-44db-4b4c-8151-6178381e355c,1
Accenture,True,2025,2025-08-21T00:00:00+01:00,2025-08-21T14:27:31+01:00,BlueLight Commercial,BLC0206 - Robotic Process Automation (RPA) Framework - AWARD,"Accenture,ArvatoConnect,Atos IT Services UK Ltd,Capgemini UK Plc,CGI IT UK Limited,Data Careers Ltd,Deloitte,IBM United Kingdom Limited,Morson Projects Limited,Softcat,UiPath,Ve3 Global Ltd",76000000.0,0.0,76000000.0,2025-04-30T01:00:00+01:00,2029-04-30T01:00:00+01:00,48000000 79000000 72226000 72227000 72220000 72224000 72200000 72221000 72246000,IT-547-50-BLC0206 - AWARD,"This Invitation to Tender (""ITT"") has been issued by BlueLight Commercial who are seeking to award a multi-supplier Framework for the provision of RPA software licences, associated professional services and associated specialist resources.",https://www.contractsfinder.service.gov.uk/Notice/83a715d3-0cc8-4d86-a6a8-eb998d1a07f7,12
Accenture,True,2025,2025-08-27T00:00:00+01:00,2025-09-02T14:56:08+01:00,Cabinet Office,Infected Blood Compensation Authority Quantexa platform operations &amp; Technical Implementation,Accenture UK limited,1500000.0,1500000.0,0.0,2025-08-01T00:00:00+01:00,2026-07-31T00:00:00+01:00,72000000,P11245,The Minister for the Cabinet Office seeks to secure a supplier to provide professional service support for the Infected Blood Compensation Authority for the on-going delivery of the Quentexa Decision Intelligence Platform that is a key component of the IBCA data platform.,https://www.contractsfinder.service.gov.uk/Notice/2077d523-c853-4a01-a7dd-a2600e78385e,1
Accenture,True,2025,2025-06-01T00:00:00+01:00,2025-08-14T13:25:38+01:00,Home Office,Migration and Borders Technology Portfolio (MBTP) Data Assurance Architecture,Accenture (UK) Limited,19500000.0,19500000.0,0.0,2025-06-01T00:00:00+01:00,2027-05-31T00:00:00+01:00,72300000,tender_436050/1508091,Contract award notice for the award of the Migration and Borders Technology Portfolio (MBTP) Data Assurance Architecture contract.,https://www.contractsfinder.service.gov.uk/Notice/32233d82-6be9-4d67-82e6-6572efa4df41,1
Accenture,True,2025,2025-04-01T00:00:00+01:00,2025-08-04T15:30:37+01:00,MINISTRY OF DEFENCE,Architecture Service Definition,ACCENTURE (UK) LIMITED,699785.0,699785.0,0.0,2025-04-01T00:00:00+01:00,2025-09-29T00:00:00+01:00,71356300,PS589,Provision of three individuals to be provided to work at the direction of the Head of Technology Architecture in a client-side assignment role.,https://www.contractsfinder.service.gov.uk/Notice/6db90b87-61ba-478e-bda7-8a9976fd03ab,1
Accenture,True,2025,2025-06-20T00:00:00+01:00,2025-07-22T08:51:22+01:00,MINISTRY OF DEFENCE,NGCN Programme Director,Accenture (UK),362499.96,362499.96,0.0,2025-06-23T00:00:00+01:00,2026-06-22T00:00:00+01:00,72590000,PS595,NGCN programme director to manage services provided on a separate contract.,https://www.contractsfinder.service.gov.uk/Notice/7f2ba021-ed75-46ff-855c-7fe7feb7cd94,1
Accenture,True,2025,2025-03-24T00:00:00Z,2025-07-16T09:57:14+01:00,The Princess Alexandra Hospital NHS Trust,PAHT - EmPower Toolset,ACCENTURE (UK) LIMITED,200000.0,200000.0,200000.0,2025-03-24T00:00:00Z,2028-03-23T00:00:00Z,72260000,CF-3116200D0O000000rwimUAA,The Princess Alexandra Hospital NHS Trust award for EMPOWER Toolset via G-Cloud 14 Framework.,https://www.contractsfinder.service.gov.uk/Notice/77ff09aa-355b-480d-b497-c34872c2b82a,1
Accenture,True,2025,2025-05-08T00:00:00+01:00,2025-07-15T13:19:38+01:00,National Highways,Quality Strategic support 2025/2026,Accenture,115000.0,115000.0,0.0,2025-05-08T00:00:00+01:00,2026-03-31T00:00:00+01:00,71311100,tender_491284/1499562,Quality Strategic support for the period 2025/2026,https://www.contractsfinder.service.gov.uk/Notice/56c6f07f-2442-424a-82fc-2f4cfa934649,1
Accenture,True,2025,2025-04-09T00:00:00+01:00,2025-06-13T10:29:48+01:00,Post Office,IDAM support partner,ACCENTURE (UK) LIMITED,310400.0,310400.0,0.0,2025-05-28T00:00:00+01:00,2029-05-28T00:00:00+01:00,72000000,C103524,"Post Office require a managed service provider to support the new IDAM solution when it goes live, working collaboratively with Post Office's internal support teams and ForgeRock's support function as required.

This support will include ongoing operation and maintenance of the service to ensure suitable service levels are maintained, including incident and problem management, as well as proactive maintenance.",https://www.contractsfinder.service.gov.uk/Notice/79986bf8-d780-432b-aa88-19704ba0af7d,1
Accenture,True,2025,2025-01-29T00:00:00Z,2025-05-30T12:40:32+01:00,BANK OF ENGLAND,Technology Services,ACCENTURE (UK) LIMITED,4257618.88,2828266.42,0.0,2025-01-29T00:00:00Z,2027-07-28T00:00:00+01:00,72000000,CON/1001736,Professional Technology Services,https://www.contractsfinder.service.gov.uk/Notice/17dafde9-b833-46f9-94cb-ef1e9583e6be,1
Accenture,True,2025,2025-03-01T00:00:00Z,2025-05-28T13:23:23+01:00,Government Digital Service,Cyber Security Services,ACCENTURE (UK) LIMITED,9500000.0,9500000.0,0.0,2025-04-01T00:00:00+01:00,2027-03-31T00:00:00+01:00,72000000,WP2259,Cyber Security services contract to support GDS's Digital Identity programme,https://www.contractsfinder.service.gov.uk/Notice/44f3155e-bec8-488a-bf74-7584157eb108,1
Accenture,True,2025,2025-05-13T00:00:00+01:00,2025-05-14T13:26:47+01:00,H M REVENUE &amp; CUSTOMS,DMP PAYE Expenses and PAYE HICBC Service - Front-End Digital Delivery,ACCENTURE (UK) LIMITED,1396415.4,1396415.4,0.0,2025-05-13T00:00:00+01:00,2025-08-06T00:00:00+01:00,72000000,HMRC SR2512318940,"Contract forms part of the Digital Mobilisation Programme (DMP), a coalescence of new and existing services pertaining to Tax and Benefits to enhance the HMRC customer journey. 

The Pay As You Earn (PAYE) Expenses Service (PES) and High-Income Child Benefit Charge (HICBC) PAYE service are being designed with supplier selected via the DALAS framework.",https://www.contractsfinder.service.gov.uk/Notice/972ffaee-fbd2-44be-ac13-77ca3c1e2122,1
Accenture,True,2025,2025-04-28T00:00:00+01:00,2025-05-13T14:26:41+01:00,SUSSEX PARTNERSHIP NHS FOUNDATION TRUST,SharePoint Migration,ACCENTURE (UK) LIMITED,191000.0,191000.0,191000.0,2025-05-06T00:00:00+01:00,2025-07-28T00:00:00+01:00,72000000,CF-3029700D0O000000rwimUAA,Provision of managed migration services for the onboarding to the NHS centrally provisioned NHSMail solution,https://www.contractsfinder.service.gov.uk/Notice/4202edae-433e-45ca-a1ba-4adf37498b75,1
Accenture,True,2025,2025-04-17T00:00:00+01:00,2025-04-30T08:22:13+01:00,Department for Work and Pensions,Common Customer Experience Architecture Services,Accenture (UK) Limited,399740.0,399740.0,799480.0,2025-04-22T00:00:00+01:00,2026-04-21T00:00:00+01:00,72500000,tender_489966/1476001,Provision of architecture services to support the DWP Common Digital Experience team.,https://www.contractsfinder.service.gov.uk/Notice/72c88233-f9be-47ab-b3cb-15a8366fa4a1,1
Accenture,True,2025,2025-03-07T00:00:00Z,2025-04-24T11:37:18+01:00,DEFENCE EQUIPMENT &amp; SUPPORT,CyISOC Defensive Cyber Capability,ACCENTURE (UK) LIMITED,482000.0,482000.0,0.0,2025-03-10T00:00:00Z,2026-10-09T00:00:00+01:00,72000000 73000000 75000000,713789452,Support for the Security Operations Centre.,https://www.contractsfinder.service.gov.uk/Notice/a401dab9-d5f6-4ed5-b33f-c23707fffcb5,1
Accenture,True,2025,2025-12-19T00:00:00Z,2025-04-17T10:15:44+01:00,BANK OF ENGLAND,Technology Services,ACCENTURE (UK) LIMITED,4960876.0,4960876.0,0.0,2025-01-29T00:00:00Z,2026-04-28T00:00:00+01:00,72000000,CON/1001739,"Provision of technology services. 
Awarded under Technology Support Services Framework.",https://www.contractsfinder.service.gov.uk/Notice/689d2c50-cb92-4ecc-886f-f1b6d522ab42,1
Accenture,True,2025,2025-04-07T00:00:00+01:00,2025-04-09T10:22:27+01:00,Department for Work and Pensions,Next Generation Minimum Viable ProducT,Accenture (UK) Limited,1495000.0,1.0,1495000.0,2025-04-08T00:00:00+01:00,2025-09-30T00:00:00+01:00,72000000,tender_481057/1468697,"Develop target storage architecture and 
migration tooling from the various DWP 
data platforms and design the foundations 
of a Lakehouse with lake and warehouse 
storage capabilities",https://www.contractsfinder.service.gov.uk/Notice/16497787-df86-4d0d-83ba-399e49981a2b,1
Accenture,True,2024,2024-12-20T00:00:00Z,2025-04-07T14:43:27+01:00,CPS,Digital Jury Bundles (Pilot &amp; Potential Implementation),Accenture (UK) Limited,9385159.0,9385159.0,0.0,2024-12-20T00:00:00Z,2025-05-20T00:00:00+01:00,48000000,tender_429831/1468044,"CPS is seeking to provide Juries and other key participants in Crown Court trials with Jury bundles via a digital solution. Jury bundles contain the exhibits that Prosecution & Defence Counsel intend to refer to during the trial. These are usually documentary exhibits such as telephone records, transcripts of the defendant's police interview, diagrams and photographs.
The intention is to pilot the developed solution with a view to evaluating prior to a national rollout.",https://www.contractsfinder.service.gov.uk/Notice/fcfca6e8-d7bb-4f6b-a266-4aad8d490678,1
Accenture,True,2025,2025-03-05T00:00:00Z,2025-03-31T08:57:19+01:00,Ministry of Defence,"UX, API and MODCloud Software Support",Accenture (UK) Limited,600000.0,600000.0,0.0,2025-03-05T00:00:00Z,2026-03-04T00:00:00Z,48000000,tender_488317/1465873,Contract Award Notice,https://www.contractsfinder.service.gov.uk/Notice/fbf37c0c-0784-474b-a2b7-c5f0c36ba695,1
Accenture,True,2025,2025-02-28T00:00:00Z,2025-03-28T14:29:06Z,Department for Education,con_26735-Enhanced Cyber Security Monitoring Detection &amp; Incident Management,Accenture (UK) Limited,1289194.0,1289194.0,0.0,2025-02-28T00:00:00Z,2027-02-27T00:00:00Z,72000000,tender_466430/1465474,"This contract will enhance the departments internal Security Operations Centre (SOC) capability, identifying and triaging alerts, and notifying the Department for Education of those where a defined criticality threshold is met (with 24/7 capability). The supplier will also provide assistance to DfE incident management and response in the event of a serious cyber incident.",https://www.contractsfinder.service.gov.uk/Notice/808d8ead-e0c9-4daa-b7d2-60d89dcc5893,1
Accenture,True,2024,2024-12-20T00:00:00Z,2025-03-03T16:22:29Z,Post Office,IT Capabilities Framework,"Wipro IT Services UK Societas,Accenture (UK) Limited,Qualitest Group UK Limited,Coforge U.K. Limited,Ensono Ltd,Entserv UK Ltd,Simplex Services (UK) Limited,Credera Limited,Mason Advisory Limited,Reed Professional Services LLP,Mastek (UK) Limited,Specialist Computer Centres (SCC) plc",40000000.0,40000000.0,0.0,2025-01-20T00:00:00Z,2029-01-19T00:00:00Z,72000000,IT Capabilities Framework (ITCF),"The IT Capabilities Framework Agreement has been awarded via a FTS Restricted Procedure.

This is a panel of service providers for the provision of IT related services. Post Office enters into a multi-lot Framework Agreement consisting of 5 lots.",https://www.contractsfinder.service.gov.uk/Notice/3f7c765b-6558-47bb-ab68-ba9011b11532,12
Accenture,True,2025,2025-01-17T00:00:00Z,2025-03-03T16:15:11Z,Post Office,Digital Capabilities Framework,"Softwire Technology Limited,Big Motive,Unboxed Consulting Ltd,Nexer Digital Ltd,Ve3 Global Ltd,e-Zest Solutions Limited,CMC Partnership Consultancy Ltd,Ensono Ltd,Olive Jar Digital Ltd,Gate One Limited,Mediaworks UK Limited   ,Eclipse Group Solutions Limited,Zensar Technologies (UK) Ltd,FCamara UK Limited,Accenture (UK) Limited",24000000.0,24000000.0,0.0,2025-01-28T00:00:00Z,2029-01-27T00:00:00Z,79410000,Digital Capabilities Framework (DCF),"Post Office Limited (POL) seeks to establish a panel of service providers for the provision of Digital related services. Post Office proposes to enter into a multi-lot Framework Agreement consisting of 4 lots.

The procurement will follow the restricted procedure in accordance with the Regulations.

To apply please respond to the Selection Questionnaire available via the e-Sourcing Event within the POLWeb3 e-Sourcing Portal that is being used to manage this competitive procurement exercise.

Link to Web3 - https://postoffice.wax-live.com/S2C/ (https://postoffice.waxlive.com/S2C/)",https://www.contractsfinder.service.gov.uk/Notice/d1509d50-9e17-4e42-be8a-a5a3fcb6dcda,15
Accenture,True,2025,2025-02-07T00:00:00Z,2025-03-03T15:37:00Z,H M REVENUE &amp; CUSTOMS,SCA PAYE Expenses and HICBC Service Front End Delivery,ACCENTURE (UK) LIMITED,950302.41,950302.41,0.0,2025-01-27T00:00:00Z,2025-04-30T00:00:00+01:00,72000000,CW99215,The Single Customer Account is looking to deliver an enhanced way HMRC can do business with customers. The Pay As You Earn  Expenses and HICBC services are being designed with supplier selected via the DALAS framework.,https://www.contractsfinder.service.gov.uk/Notice/87ea4b69-ea1d-4095-9983-87a55caf718a,1
Accenture,True,2024,2024-12-09T00:00:00Z,2025-02-26T14:12:54Z,DESNZ,Energy &amp; Net Zero Professional Services Framework,"Accenture (UK) Limited,AECOM Limited,Arcadis Consulting (UK) Limited,Atkins R&#xE9;alis UK Limited,Baringa Partners LLP,Buro Happold Ltd,CAG Consult LLP,Capgemini UK PLC,Carbon Limiting Technologies Limited,City Science Corporation Limited,Cogent Skills Limited,Costain Limited,Deloitte LLP,Energy Systems Catapult Services Ltd,Entrust Professional Services Ltd,Environmental Resources Management Limited,Fair Heat Limited,Frazer-Nash Consultancy Limited,Gleeds Energy Ltd,Greenfield Nordic Ltd,Guidehouse Europe Limited,Hatch Associates Limited,IBM United Kingdom Limited,ICF Consulting Services Limited,IDOM (UK) LTD,IfM Engage Ltd,Jacobs U.K. Limited,Kent Energies UK Ltd,Mace Consult Limited,Mott MacDonald Limited,North Highland UK Ltd,Ove Arup and Partners Limited,PA Consulting Services Limited,Ramboll UK Limited,Ricardo-AEA Ltd,RRL Consulting Engineers (RRL Group Limited),RSM UK Consulting LLP,Sustainable Energy Ltd,Turner &amp; Townsend Infrastructure Ltd,T&#xDC;V S&#xDC;D Ltd,WSP UK Limited,Yellow Wood Energy Consulting Limited,Zuhlke Engineering Ltd",250000000.0,0.0,250000000.0,2025-02-01T00:00:00Z,2027-01-31T00:00:00Z,71314000,tender_390331/1453908,"The Energy and Net Zero Professional Services (ENZPS) Framework is a multi-lot Framework Agreement available for the use of the Department for Energy Security and Net Zero (DESNZ) and its Partner Organisations (POs).

The framework consists of 7 lots:

Lot 1 Nuclear
Lot 2 Renewables and Infrastructure
Lot 3 Hydrogen for Heating
Lot 4 Heat Networks
Lot 5 Oil, Gas and Electricity
Lot 6 Emerging Technologies - including Net Zero Innovation
Lot 7 Industrial Transformation

The framework will be for 24 months with an option to extend for 2 further periods of 12 months.

The framework ",https://www.contractsfinder.service.gov.uk/Notice/e43ccf35-96a7-4851-ac1f-8f4213c70fc2,43
Accenture,True,2024,2024-08-01T00:00:00+01:00,2025-02-25T16:10:01Z,Home Office,MBTP Cyber Security Services,Accenture,39000000.0,39000000.0,0.0,2024-08-01T00:00:00+01:00,2027-07-31T00:00:00+01:00,71356300,tender_388335/1455889,Contract award notice for a supplier to deliver Cyber Security Services to Home Office&apos;s Migration and Borders Transformation Portfolio.,https://www.contractsfinder.service.gov.uk/Notice/63f3212b-d9a8-4bd6-aef4-b18f4e857c93,1
Accenture,True,2024,2024-11-12T00:00:00Z,2025-02-25T10:45:29Z,Ministry of Defence,DIANA CAN 707962454,"Accenture UK Ltd,Tech Nation Group",10899000.0,10899000.0,10899000.0,2024-11-12T00:00:00Z,2026-10-14T00:00:00+01:00,72221000,tender_370243/1454463,Contract Award Notice for DIANA - Defence Innovation Accelerator North Atlantic,https://www.contractsfinder.service.gov.uk/Notice/2049b057-d79e-4f11-ace9-e1857ee0761b,2
Accenture,True,2025,2025-01-27T00:00:00Z,2025-02-23T21:45:05Z,Post Office,Remediation Unit - Automation,Accenture (UK) Limited,484050.0,484050.0,0.0,2025-01-27T00:00:00Z,2025-07-11T00:00:00+01:00,72000000,C103394,Development to automate the Remediation Unit processes in order to be able to process information quicker in order to pay compensation to eligible Postmasters that apply via one of the schemes.,https://www.contractsfinder.service.gov.uk/Notice/e7db31c5-e21e-41c5-9860-fb54982b592a,1
Accenture,True,2025,2025-01-29T00:00:00Z,2025-02-21T09:17:34Z,NHS England,Appointments &amp; Patient Choice,ACCENTURE (UK) LIMITED,124128000.0,68960000.0,124128000.0,2025-01-29T00:00:00Z,2029-07-28T00:00:00+01:00,72000000,CF-2833000D0O000000rwimUAA,"Run, Maintain, Development and Transform Services for what historically has been e-RS and Wayfinder.
Initial term of 30 months expiring on 28th July 2027 with a further 2 x 12 month extension options to a maximum end date of 28th July 2029.",https://www.contractsfinder.service.gov.uk/Notice/74d58a5c-30ca-484a-a05e-a62084417228,1
Accenture,True,2025,2025-01-29T00:00:00Z,2025-02-04T11:14:16Z,Defra,pEPR Scheme - Financial Services Supplier (FSS),Accenture (UK) Limited,19488125.29,19488125.29,0.0,2025-01-29T00:00:00Z,2032-01-28T00:00:00Z,75100000,CF-0446900D8d000003VQwdEAG,"The awarded contract is for a Financial Services Supplier (FSS) as an outsourced managed service to perform functions that include: 
•	Invoicing of not less than 8,000 Obligated Producers annually
•	Collection of disposal fees from 8,000 Obligated Producers including chasers/reminders to customers.
•	Contact Management for producer and LA queries related to disposal fee Notice of Liability and payments, LA grants, and scheme compliance.
•	Reconciliation and escalation of overdue producer disposal fees.
•	Reconciliation of debt, escalation of uncollected debt after all standard debt collec",https://www.contractsfinder.service.gov.uk/Notice/afa5ca2e-bfbb-44ba-a74f-d909cc2bc061,1
Accenture,True,2024,2024-12-02T00:00:00Z,2025-01-20T14:45:07Z,Waste &amp; Resources Action Programme,Food System Transformation Consultancy Support Framework,"Achieve Goal 12,Cutting Edge Marketing,Eunomia Research &amp; Consulting,Green Gain Limited,Green Knight Sustainability Consulting Ltd,Resource Futures Limited,Ricardo-AEA Ltd,RSK ADAS Limited,Terrareforma Ltd,Tetra Tech Ltd,Accenture (UK) Limited,Amy Fetzer,Ove Arup &amp; Partners Limited,Climate Stuff Ltd,Ricardo-AEA Ltd,RSK ADAS Limited,3Keel Group Ltd,Eunomia Research &amp; Consulting,Foodsteps,Green Knight Sustainability Consulting Ltd,Nutritics,Resource Future,Ricardo-AEA Ltd,3Keel Group Ltd,Achieve Goal 12,Amy Fetzer,Climate Stuff Ltd,Eunomia Research &amp; Consulting,Foodsteps,Green Gain,Green Knight Sustainability Consulting Ltd,Nutritics,Ricardo-AEA Ltd,RSK ADAS Limited,Snowstorm Consulting Ltd,Achieve Goal 12,Green Gain,Resource Future,Ricardo-AEA Ltd,Urban Foresight Ltd",4000000.0,4000000.0,0.0,2025-01-20T00:00:00Z,2028-12-20T00:00:00Z,90713000,BIP918642525,"The work of food systems transformation is a crucial aspect of our delivery globally at WRAP. Our aim is to be a global leader in food system transformation through impact on food waste, GHGs and water. The objective of this framework is to provide high quality technical and strategic support in food systems transformation to maximise our impact and achieve this vision",https://www.contractsfinder.service.gov.uk/Notice/734f2b13-8fa3-4c56-ae25-487dd5793274,40
Accenture,True,2025,2025-01-03T00:00:00Z,2025-01-17T11:22:11Z,Department for Work and Pensions,Project Management for Cross-DWP Change of Circumstances Service,Accenture (UK) Limited,251595.0,251595.0,0.0,2025-01-06T00:00:00Z,2025-10-05T00:00:00+01:00,79421000,tender_477699/1443184,DWP requires a service providing end to end delivery of programmes or projects with high risk or those which have significant business impact.,https://www.contractsfinder.service.gov.uk/Notice/ec1cb3f6-9fec-4690-9469-e3565f6ced80,1
Accenture,True,2026,2026-09-11T00:00:00+01:00,2026-09-25T15:32:37+01:00,DWP,Strategic Central Cloud Platform Team Services,Accenture (UK) Ltd,12128360.0,12128360.0,18192540.0,2026-09-14T00:00:00+01:00,2028-09-13T00:00:00+01:00,72000000,CF-0036800DQH00000FUqLV2A1,"This Call-Off Contract is for the Supplier to provide a 
Cloud Platform Team and provide the Services as 
detailed in Schedule 1 - a summary of the services are: 
1. Fabric as a Service - covering knowledge trans
fer and handover from the existing DWP team  
2. Platforms Services - covering the roadmap, de
livery and handover from the existing DWP team 
3. Environment Review and ongoing maintenance 
4. Architecture Assurance across Platforms 
5. Engineering and DevOps Services",https://www.contractsfinder.service.gov.uk/Notice/21131623-c5ff-4e2f-b8af-8bdd8b5213f7,1
Accenture,True,2026,2026-08-25T00:00:00+01:00,2026-09-16T10:46:12+01:00,Ministry of Justice,HMCTS Cyber Security Managed Service Provider,Accenture (UK) Ltd,25900000.0,827200.0,25900000.0,2026-09-01T00:00:00+01:00,2031-08-31T00:00:00+01:00,72212730,tender_481239/1606278,A managed service providing cyber security services on behalf of HMCTS,https://www.contractsfinder.service.gov.uk/Notice/17073c5b-d9f4-423e-a1ea-b2d218d73318,1
Accenture,True,2026,2026-05-26T00:00:00+01:00,2026-08-27T11:01:24+01:00,Department for Work and Pensions,AME Payments - Strategic Platform and Product Development,Accenture (UK) Ltd,8500000.0,8500000.0,10625000.0,2026-05-30T00:00:00+01:00,2028-05-29T00:00:00+01:00,72000000,CF-0035500DQH00000FUqLV2A1,This contract is to support the Department of Works and Pension (DWP) with the provision of  DDaT resources across Core Digital Services (CDS) specifically supporting the Digital Payment teams in the delivery,https://www.contractsfinder.service.gov.uk/Notice/af512443-0aa9-445d-9c36-bbdafc56d75d,1
Accenture,True,2026,2026-02-05T00:00:00Z,2026-07-16T10:31:21+01:00,Bradford Teaching Hospitals NHS Foundation Trust,Real Time EPR Data and Feeds,ACCENTURE (UK) LIMITED,176484.0,176484.0,176484.0,2026-04-22T00:00:00+01:00,2030-04-21T00:00:00+01:00,72224000,CF-3432900D0O000000rwimUAA,Bradford Teaching Hospitals NHS Foundation Trust (BTHFT) requires the services of a project management team to provide real-time electronic patient data to the command centre and assist in improving operational responsiveness.,https://www.contractsfinder.service.gov.uk/Notice/c6a2a2c4-5fb8-4979-bd7f-7211b2f1bd95,1
Accenture,True,2026,2026-06-15T00:00:00+01:00,2026-07-08T15:18:30+01:00,DSIT,AI Cyber Security Standards,Accenture,84500.0,84500.0,0.0,2026-06-22T00:00:00+01:00,2027-03-31T00:00:00+01:00,79000000,tender_534270/1592483,"Standards are a key part of the Department for Science, Innovation and 
Technology (DSIT)'s approach to securing critical and emerging technologies. To 
support secure-by-design technology development and deployment, DSIT has 
been supporting the development of standards across a variety of technology 
areas in ETSI, including cyber security standards for AI and consumer Internet of 
Things.  
 
This contract will support DSIT's work to: 
- Strengthen cyber security outcomes in technologies vital to cyber power  
- Embed UK policy priorities and DSIT Codes of Practice into global 
st",https://www.contractsfinder.service.gov.uk/Notice/df0df041-b05a-4c49-90e0-594593b1e20c,1
Accenture,True,2026,2026-06-24T00:00:00+01:00,2026-06-25T13:54:22+01:00,H M REVENUE &amp; CUSTOMS,Risk and Audit Management Tool,ACCENTURE (UK) LIMITED,1433081.52,1433081.52,0.0,2026-06-30T00:00:00+01:00,2027-06-30T00:00:00+01:00,72000000,SR2847502431,"Contract for a Technical Delivery Partner to deliver IT services for the implementation of a new risk and audit management solution for HMRC. A breakdown of in-scope services includes delivery planning, design of the new solution, configuration of ServiceNow IRM on the HMRC estate, migration of data into the new solution, knowledge transfer, and integration.",https://www.contractsfinder.service.gov.uk/Notice/59d72022-5f9a-46d7-810e-17032c483e64,1
Accenture,True,2026,2026-06-01T00:00:00+01:00,2026-06-11T15:00:06+01:00,Ministry of Defence,MODCloud Infrastructure Support May26 - May28,Accenture (UK) Ltd,450000.0,450000.0,0.0,2026-06-02T00:00:00+01:00,2028-06-01T00:00:00+01:00,32424000,tender_535653/1584696,Notice of awarded contract,https://www.contractsfinder.service.gov.uk/Notice/c101b4db-147d-4a29-a293-10304502a4df,1
Accenture,True,2026,2026-04-22T00:00:00+01:00,2026-05-29T14:10:10+01:00,Department for Work and Pensions,Digital Capability Services for RBT&amp;C Delivery Teams,Accenture (UK) Ltd,24250000.0,19600000.0,24250000.0,2026-05-31T00:00:00+01:00,2028-05-30T00:00:00+01:00,72000000,CF-0031300DQH00000FUqLV2A1,The provision of Digital Specialist Resources for Retirement and Bereavement & Care Delivery Teams which is part of the Digital Services Directorate.,https://www.contractsfinder.service.gov.uk/Notice/a7c2ad5d-c224-4f36-957c-0673626762fb,1
Accenture,True,2026,2026-01-26T00:00:00Z,2026-03-24T15:50:03Z,Pension Protection Fund,Oracle Support Services,ACCENTURE (UK) LIMITED,288000.0,288000.0,0.0,2026-03-03T00:00:00Z,2029-03-02T00:00:00Z,72253000 72261000,tender_524581/1561894,"Support and advisory services for the Oracle Fusion ERP system, as well as the Planning and Budgeting (EPM) modules. 

The contract is for a period of 2-years with the option to extend for 1-years - totalling a potential 3-years.

3rd March 2026 - 2nd March 2028 (2-year initial term)
3rd March 2028 - 2nd March 2029 (Optional 1-year extension)

Awarded via CCS RMRM1557.14 G Cloud 14 Framework",https://www.contractsfinder.service.gov.uk/Notice/cc888b56-0a3d-4c31-aa1c-ac77e55ccb20,1
Accenture,True,2026,2026-02-26T00:00:00Z,2026-03-12T14:33:12Z,Home Office,Call Off Contract Award - Framework RM 63100,Accenture (UK) Limited,242400000.0,242400000.0,0.0,2026-03-01T00:00:00Z,2029-02-28T00:00:00Z,72230000 72266000,Person Product_ID3012,Notice of Call Off Award Only,https://www.contractsfinder.service.gov.uk/Notice/4794a86d-06b5-4fa2-ae01-48d53eee17db,1
Accenture,True,2026,2026-02-24T00:00:00Z,2026-03-09T15:30:39Z,Money and Pensions Service,Workforce Management Project,ACCENTURE (UK) LIMITED,120000.0,120000.0,0.0,2026-02-24T00:00:00Z,2026-03-31T00:00:00+01:00,79000000,C1410,Current-state operational health assessment,https://www.contractsfinder.service.gov.uk/Notice/b70faf2c-9650-4a38-9013-d6b9122bb8e6,1
Accenture,True,2026,2026-02-26T00:00:00Z,2026-03-09T10:41:23Z,BANK OF ENGLAND,CHARTI 2026 Product Delivery,Accenture (UK) Limited,3259998.0,3259998.0,0.0,2026-03-02T00:00:00Z,2026-12-31T00:00:00Z,72000000,CON/1002102,CHARTI 2026 Product Delivery,https://www.contractsfinder.service.gov.uk/Notice/7b867f34-cfa4-47c1-9f07-a591e94b4503,1
Accenture,True,2026,2026-01-20T00:00:00Z,2026-01-27T10:13:06Z,DVLA - Driver &amp; Vehicle Licensing Agency,Provision of Research and Insight (Campaign evaluation contract),Accenture,35200.0,35200.0,80000.0,2026-01-19T00:00:00Z,2027-01-18T00:00:00Z,38970000,tender_508485/1548063,"DVLA is preparing to launch a national communication campaign targeting Vehicle Excise Duty (VED) evasion. The campaign will run from January - March and will aim to raise awareness of the consequences of not taxing a vehicle, along with the benefits of using Direct Debit to pay for vehicle tax.

DVLA is looking to appoint a supplier to evaluate the effectiveness of a mixed channel publicity campaign to improve compliance in payment of Vehicle Excise Duty (VED).",https://www.contractsfinder.service.gov.uk/Notice/0289b34a-a66a-4504-b67f-ef96e909a0b3,1
Accenture,True,2025,2025-12-19T00:00:00Z,2026-01-13T18:51:38Z,Cabinet Office,IBCA Analytics &amp; Data Science,Accenture (UK) Limited,3000000.0,3000000.0,0.0,2025-12-18T00:00:00Z,2028-12-17T00:00:00Z,72000000,P11246,"Strengthen IBCA's reporting capabilities through building new dashboards in tableau, enhance and maintain, ensuring resilience.

Establish a robust metric framework and ensure readiness for service assessment",https://www.contractsfinder.service.gov.uk/Notice/32be8363-037a-4f8b-84ee-a7580da997a7,1
