Award ID,Recipient Name,Award Amount,Start Date,End Date,Awarding Agency,Awarding Sub Agency,Description,NAICS,PSC,generated_internal_id,firm,url
HHSN276201600113U,"INFOSYS PUBLIC SERVICES, INC.",232500.0,2016-07-29,2021-09-30,Department of Health and Human Services,National Institutes of Health,IGF::OT::IGF- PANAYA CLOUDQUALITY SUITE LICENSE,"{'code': '541511', 'description': 'CUSTOM COMPUTER PROGRAMMING SERVICES'}","{'code': 'D301', 'description': 'IT AND TELECOM- FACILITY OPERATION AND MAINTENANCE'}",CONT_AWD_HHSN276201600113U_7529_GS35F068CA_4732,Infosys,https://www.usaspending.gov/award/CONT_AWD_HHSN276201600113U_7529_GS35F068CA_4732
75N97021F00113,"INFOSYS PUBLIC SERVICES, INC.",200726.0,2021-10-01,2024-09-30,Department of Health and Human Services,National Institutes of Health,PANAYA LICENSES AND MAINTENANCE RENEWAL SUPPORT SERVICES,"{'code': '541519', 'description': 'OTHER COMPUTER RELATED SERVICES'}","{'code': 'DA01', 'description': 'IT AND TELECOM - BUSINESS APPLICATION/APPLICATION DEVELOPMENT SUPPORT SERVICES (LABOR)'}",CONT_AWD_75N97021F00113_7529_47QTCA20D0032_4732,Infosys,https://www.usaspending.gov/award/CONT_AWD_75N97021F00113_7529_47QTCA20D0032_4732
80TECH26D1568,"INFOSYS PUBLIC SERVICES, INC.",0.0,2026-11-01,,National Aeronautics and Space Administration,National Aeronautics and Space Administration,NASA ITPO SEWP VI GWAC SOLICITATION. THE PRINCIPAL PURPOSE OF THIS REQUIREMENT IS TO PROVIDE THE FEDERAL GOVERNMENT WITH AN ALL-ENCOMPASSING ONE-STOP ACQUISITION VEHICLE FOR INFORMATION TECHNOLOGY PRODUCT AND SERVICE SOLUTIONS.,"{'code': '541511', 'description': 'CUSTOM COMPUTER PROGRAMMING SERVICES'}","{'code': 'DA01', 'description': 'IT AND TELECOM - BUSINESS APPLICATION/APPLICATION DEVELOPMENT SUPPORT SERVICES (LABOR)'}",CONT_IDV_80TECH26D1568_8000,Infosys,https://www.usaspending.gov/award/CONT_IDV_80TECH26D1568_8000
GS35F068CA,"INFOSYS PUBLIC SERVICES, INC.",0.0,2014-11-14,,General Services Administration,Federal Acquisition Service,FEDERAL SUPPLY SCHEDULE CONTRACT,"{'code': '541511', 'description': 'CUSTOM COMPUTER PROGRAMMING SERVICES'}","{'code': 'D399', 'description': 'IT AND TELECOM- OTHER IT AND TELECOMMUNICATIONS'}",CONT_IDV_GS35F068CA_4732,Infosys,https://www.usaspending.gov/award/CONT_IDV_GS35F068CA_4732
47QTCA20D0032,"INFOSYS PUBLIC SERVICES, INC.",0.0,2019-12-09,,General Services Administration,Federal Acquisition Service,FEDERAL SUPPLY SCHEDULE CONTRACT,"{'code': '541519', 'description': 'OTHER COMPUTER RELATED SERVICES'}","{'code': 'D399', 'description': 'IT AND TELECOM- OTHER IT AND TELECOMMUNICATIONS'}",CONT_IDV_47QTCA20D0032_4732,Infosys,https://www.usaspending.gov/award/CONT_IDV_47QTCA20D0032_4732
H9224125C0001,ACTIAN CORPORATION,7380000.0,2025-06-24,2026-05-31,Department of Defense,U.S. Special Operations Command,ACTIAN SOFTWARE,"{'code': '513210', 'description': 'SOFTWARE PUBLISHERS'}","{'code': '7A21', 'description': 'IT AND TELECOM - BUSINESS APPLICATION SOFTWARE (PERPETUAL LICENSE SOFTWARE)'}",CONT_AWD_H9224125C0001_9700_-NONE-_-NONE-,HCL,https://www.usaspending.gov/award/CONT_AWD_H9224125C0001_9700_-NONE-_-NONE-
H9224124C0001,ACTIAN CORPORATION,4100000.0,2024-06-01,2025-05-31,Department of Defense,U.S. Special Operations Command,ACTIAN SOFTWARE LICENSE RENEWAL,"{'code': '513210', 'description': 'SOFTWARE PUBLISHERS'}","{'code': 'DA10', 'description': 'IT AND TELECOM - BUSINESS APPLICATION/APPLICATION DEVELOPMENT SOFTWARE AS A SERVICE'}",CONT_AWD_H9224124C0001_9700_-NONE-_-NONE-,HCL,https://www.usaspending.gov/award/CONT_AWD_H9224124C0001_9700_-NONE-_-NONE-
70Z03824PM0000026,ACTIAN CORPORATION,4064489.0,2024-08-05,2025-08-04,Department of Homeland Security,U.S. Coast Guard,INGRES SOFTWARE LICENSE SUBSCRIPTION RENEWAL COMMERCIAL IT IS EXEMPT FROM BAA IAW WITH FAR  25.1101(B)(1)(I)(B).N,"{'code': '513210', 'description': 'SOFTWARE PUBLISHERS'}","{'code': '7A20', 'description': 'IT AND TELECOM - APPLICATION DEVELOPMENT SOFTWARE (PERPETUAL LICENSE SOFTWARE)'}",CONT_AWD_70Z03824PM0000026_7008_-NONE-_-NONE-,HCL,https://www.usaspending.gov/award/CONT_AWD_70Z03824PM0000026_7008_-NONE-_-NONE-
70Z03823PM0000027,ACTIAN CORPORATION,3694990.0,2023-08-05,2024-08-04,Department of Homeland Security,U.S. Coast Guard,INGRES SOFTWARE LICENSE SUBSCRIPTION RENEWAL COMMERCIAL IT IS EXEMPT FROM BAA IAW WITH FAR  25.1101(B)(1)(I)(B). BAA EXEMPTION  MTF IS IN THE FILE,"{'code': '513210', 'description': 'SOFTWARE PUBLISHERS'}","{'code': '7A20', 'description': 'IT AND TELECOM - APPLICATION DEVELOPMENT SOFTWARE (PERPETUAL LICENSE SOFTWARE)'}",CONT_AWD_70Z03823PM0000027_7008_-NONE-_-NONE-,HCL,https://www.usaspending.gov/award/CONT_AWD_70Z03823PM0000027_7008_-NONE-_-NONE-
70Z03822PM0000011,ACTIAN CORPORATION,1124792.14,2022-08-05,2023-08-04,Department of Homeland Security,U.S. Coast Guard,INGRES SOFTWARE LICENSE SUBSCRIPTION RENEWAL,"{'code': '511210', 'description': 'SOFTWARE PUBLISHERS'}","{'code': '7A20', 'description': 'IT AND TELECOM - APPLICATION DEVELOPMENT SOFTWARE (PERPETUAL LICENSE SOFTWARE)'}",CONT_AWD_70Z03822PM0000011_7008_-NONE-_-NONE-,HCL,https://www.usaspending.gov/award/CONT_AWD_70Z03822PM0000011_7008_-NONE-_-NONE-
70Z03821PM0000004,ACTIAN CORPORATION,975568.76,2021-08-05,2022-08-04,Department of Homeland Security,U.S. Coast Guard,INGRES SOFTWARE SUBSCRIPTION RENEWAL,"{'code': '511210', 'description': 'SOFTWARE PUBLISHERS'}","{'code': '7A20', 'description': 'IT AND TELECOM - APPLICATION DEVELOPMENT SOFTWARE (PERPETUAL LICENSE SOFTWARE)'}",CONT_AWD_70Z03821PM0000004_7008_-NONE-_-NONE-,HCL,https://www.usaspending.gov/award/CONT_AWD_70Z03821PM0000004_7008_-NONE-_-NONE-
70Z03820PM0000007,ACTIAN CORPORATION,848082.0,2020-08-05,2021-08-04,Department of Homeland Security,U.S. Coast Guard,INGRES SOFTWARE SUBSCRIPTION RENEWAL,"{'code': '511210', 'description': 'SOFTWARE PUBLISHERS'}","{'code': '7030', 'description': 'INFORMATION TECHNOLOGY SOFTWARE'}",CONT_AWD_70Z03820PM0000007_7008_-NONE-_-NONE-,HCL,https://www.usaspending.gov/award/CONT_AWD_70Z03820PM0000007_7008_-NONE-_-NONE-
70Z03819PM0000009,ACTIAN CORPORATION,820056.0,2019-08-05,2020-08-04,Department of Homeland Security,U.S. Coast Guard,INGRES SOFTWARE SUBSCRIPTION RENEWAL,"{'code': '511210', 'description': 'SOFTWARE PUBLISHERS'}","{'code': '7030', 'description': 'INFORMATION TECHNOLOGY SOFTWARE'}",CONT_AWD_70Z03819PM0000009_7008_-NONE-_-NONE-,HCL,https://www.usaspending.gov/award/CONT_AWD_70Z03819PM0000009_7008_-NONE-_-NONE-
70Z03818PM0000013,ACTIAN CORPORATION,803077.0,2018-08-05,2019-08-04,Department of Homeland Security,U.S. Coast Guard,RENEWAL OF ACTIAN INGRES SOFTWARE.,"{'code': '511210', 'description': 'SOFTWARE PUBLISHERS'}","{'code': '7030', 'description': 'INFORMATION TECHNOLOGY SOFTWARE'}",CONT_AWD_70Z03818PM0000013_7008_-NONE-_-NONE-,HCL,https://www.usaspending.gov/award/CONT_AWD_70Z03818PM0000013_7008_-NONE-_-NONE-
91003124P0009,ACTIAN CORPORATION,440000.0,2024-05-22,2025-05-21,Department of Education,Department of Education,DATACONNECT INTEGRATION MANAGER SOFTWARE,"{'code': '513210', 'description': 'SOFTWARE PUBLISHERS'}","{'code': '7A21', 'description': 'IT AND TELECOM - BUSINESS APPLICATION SOFTWARE (PERPETUAL LICENSE SOFTWARE)'}",CONT_AWD_91003124P0009_9100_-NONE-_-NONE-,HCL,https://www.usaspending.gov/award/CONT_AWD_91003124P0009_9100_-NONE-_-NONE-
HSSCCG15P00132,ACTIAN CORPORATION,367575.9,2015-09-28,2016-09-27,Department of Homeland Security,U.S. Citizenship and Immigration Services,PERVASIVE SW&MAINTENANCE,"{'code': '511210', 'description': 'SOFTWARE PUBLISHERS'}","{'code': '7030', 'description': 'INFORMATION TECHNOLOGY SOFTWARE'}",CONT_AWD_HSSCCG15P00132_7003_-NONE-_-NONE-,HCL,https://www.usaspending.gov/award/CONT_AWD_HSSCCG15P00132_7003_-NONE-_-NONE-
47QACA26C0013,ACTIAN CORPORATION,350000.0,2025-12-31,2026-12-30,General Services Administration,Federal Acquisition Service,ACTIAN DATACONNECT INTEGRATOR LICENSES & SUPPORT FOR THE OFFICE OF CHIEF INFORMATION OFFICER (OCIO) / FEDERAL INFORMATION TECHNOLOGY BUSINESS SOLUTION (FITBS) / HUMAN RESOURCES SOLUTIONS INFORMATION TECHNOLOGY PROGRAM OFFICE (HRSITPMO),"{'code': '541519', 'description': 'OTHER COMPUTER RELATED SERVICES'}","{'code': '7A21', 'description': 'IT AND TELECOM - BUSINESS APPLICATION SOFTWARE (PERPETUAL LICENSE SOFTWARE)'}",CONT_AWD_47QACA26C0013_4732_-NONE-_-NONE-,HCL,https://www.usaspending.gov/award/CONT_AWD_47QACA26C0013_4732_-NONE-_-NONE-
24322625P0005,ACTIAN CORPORATION,280800.0,2024-12-23,2025-12-30,General Services Administration,Federal Acquisition Service,RENEWAL OF ACTIAN DATA INTEGRATOR LICENSES,"{'code': '541519', 'description': 'OTHER COMPUTER RELATED SERVICES'}","{'code': 'DA10', 'description': 'IT AND TELECOM - BUSINESS APPLICATION/APPLICATION DEVELOPMENT SOFTWARE AS A SERVICE'}",CONT_AWD_24322625P0005_2400_-NONE-_-NONE-,HCL,https://www.usaspending.gov/award/CONT_AWD_24322625P0005_2400_-NONE-_-NONE-
24322624P0001,ACTIAN CORPORATION,234000.0,2023-12-28,2024-12-30,Office of Personnel Management,Office of Personnel Management,ACTIAN DATA INTEGRATOR,"{'code': '513210', 'description': 'SOFTWARE PUBLISHERS'}","{'code': 'DA10', 'description': 'IT AND TELECOM - BUSINESS APPLICATION/APPLICATION DEVELOPMENT SOFTWARE AS A SERVICE'}",CONT_AWD_24322624P0001_2400_-NONE-_-NONE-,HCL,https://www.usaspending.gov/award/CONT_AWD_24322624P0001_2400_-NONE-_-NONE-
24322623P0003,ACTIAN CORPORATION,195000.0,2022-12-31,2023-12-30,Office of Personnel Management,Office of Personnel Management,ACTIAN DATA INTEGRATOR FY23,"{'code': '513210', 'description': 'SOFTWARE PUBLISHERS'}","{'code': 'DA10', 'description': 'IT AND TELECOM - BUSINESS APPLICATION/APPLICATION DEVELOPMENT SOFTWARE AS A SERVICE'}",CONT_AWD_24322623P0003_2400_-NONE-_-NONE-,HCL,https://www.usaspending.gov/award/CONT_AWD_24322623P0003_2400_-NONE-_-NONE-
HT001524P0002,ACTIAN CORPORATION,167841.18,2023-11-14,2024-11-30,Department of Defense,Defense Health Agency,ACTIAN DATACONNECT SOFTWARE,"{'code': '541519', 'description': 'OTHER COMPUTER RELATED SERVICES'}","{'code': '7A21', 'description': 'IT AND TELECOM - BUSINESS APPLICATION SOFTWARE (PERPETUAL LICENSE SOFTWARE)'}",CONT_AWD_HT001524P0002_9700_-NONE-_-NONE-,HCL,https://www.usaspending.gov/award/CONT_AWD_HT001524P0002_9700_-NONE-_-NONE-
HT001520P0003,ACTIAN CORPORATION,163350.0,2019-11-25,2020-11-30,Department of Defense,Defense Health Agency,DATACONNECT FLEX SOFTWARE AND MAINTENANCE SUPPORT.,"{'code': '541519', 'description': 'OTHER COMPUTER RELATED SERVICES'}","{'code': 'D319', 'description': 'IT AND TELECOM- ANNUAL SOFTWARE MAINTENANCE SERVICE PLANS'}",CONT_AWD_HT001520P0003_9700_-NONE-_-NONE-,HCL,https://www.usaspending.gov/award/CONT_AWD_HT001520P0003_9700_-NONE-_-NONE-
HT001526PE001,ACTIAN CORPORATION,133357.56,2025-12-01,2026-11-30,Department of Defense,Defense Health Agency,ACTIAN DATA CLOUD SERVICES,"{'code': '541519', 'description': 'OTHER COMPUTER RELATED SERVICES'}","{'code': '7A21', 'description': 'IT AND TELECOM - BUSINESS APPLICATION SOFTWARE (PERPETUAL LICENSE SOFTWARE)'}",CONT_AWD_HT001526PE001_9700_-NONE-_-NONE-,HCL,https://www.usaspending.gov/award/CONT_AWD_HT001526PE001_9700_-NONE-_-NONE-
M0026425P0004,ACTIAN CORPORATION,129600.0,2024-12-23,2024-12-31,Department of Defense,Department of the Navy,ACTIAN ANNUAL LICENSE RENEWAL,"{'code': '513210', 'description': 'SOFTWARE PUBLISHERS'}","{'code': '7A21', 'description': 'IT AND TELECOM - BUSINESS APPLICATION SOFTWARE (PERPETUAL LICENSE SOFTWARE)'}",CONT_AWD_M0026425P0004_9700_-NONE-_-NONE-,HCL,https://www.usaspending.gov/award/CONT_AWD_M0026425P0004_9700_-NONE-_-NONE-
88310326P00009,ACTIAN CORPORATION,128288.0,2026-05-14,2027-05-20,National Archives and Records Administration,National Archives and Records Administration,ACTIAN DATACONNECT ANNUAL SUBSCRIPTIONS,"{'code': '423430', 'description': 'COMPUTER AND COMPUTER PERIPHERAL EQUIPMENT AND SOFTWARE MERCHANT WHOLESALERS'}","{'code': '7A21', 'description': 'IT AND TELECOM - BUSINESS APPLICATION SOFTWARE (PERPETUAL LICENSE SOFTWARE)'}",CONT_AWD_88310326P00009_8800_-NONE-_-NONE-,HCL,https://www.usaspending.gov/award/CONT_AWD_88310326P00009_8800_-NONE-_-NONE-
HSSCCG17P00047,ACTIAN CORPORATION,120078.0,2017-03-06,2018-03-28,Department of Homeland Security,U.S. Citizenship and Immigration Services,PERVASIVE PSQL SOFTWARE LICENSES FROM ACTIAN CORPORATION,"{'code': '511210', 'description': 'SOFTWARE PUBLISHERS'}","{'code': '7030', 'description': 'INFORMATION TECHNOLOGY SOFTWARE'}",CONT_AWD_HSSCCG17P00047_7003_-NONE-_-NONE-,HCL,https://www.usaspending.gov/award/CONT_AWD_HSSCCG17P00047_7003_-NONE-_-NONE-
88310325P00029,ACTIAN CORPORATION,116640.0,2025-05-20,2026-05-20,National Archives and Records Administration,National Archives and Records Administration,RCPBS DATACONNECT RENEWAL,"{'code': '423430', 'description': 'COMPUTER AND COMPUTER PERIPHERAL EQUIPMENT AND SOFTWARE MERCHANT WHOLESALERS'}","{'code': '7B21', 'description': 'IT AND TELECOM - COMPUTE: MAINFRAME (HARDWARE AND PERPETUAL LICENSE SOFTWARE)'}",CONT_AWD_88310325P00029_8800_-NONE-_-NONE-,HCL,https://www.usaspending.gov/award/CONT_AWD_88310325P00029_8800_-NONE-_-NONE-
M0026424P0009,ACTIAN CORPORATION,108000.0,2023-12-27,2024-12-30,Department of Defense,Department of the Navy,ACTIAN ANNUAL LICENSE RENEWAL DC-12-ONPR,"{'code': '513210', 'description': 'SOFTWARE PUBLISHERS'}","{'code': '7A21', 'description': 'IT AND TELECOM - BUSINESS APPLICATION SOFTWARE (PERPETUAL LICENSE SOFTWARE)'}",CONT_AWD_M0026424P0009_9700_-NONE-_-NONE-,HCL,https://www.usaspending.gov/award/CONT_AWD_M0026424P0009_9700_-NONE-_-NONE-
W81XWH12P0511,PERVASIVE SOFTWARE INC.,104313.75,2012-09-01,2017-08-31,Department of Defense,Department of the Army,SOFTWARE LICENSE RENEWAL,"{'code': '511210', 'description': 'SOFTWARE PUBLISHERS'}","{'code': '7030', 'description': 'INFORMATION TECHNOLOGY SOFTWARE'}",CONT_AWD_W81XWH12P0511_9700_-NONE-_-NONE-,HCL,https://www.usaspending.gov/award/CONT_AWD_W81XWH12P0511_9700_-NONE-_-NONE-
88310324P00027,ACTIAN CORPORATION,97200.0,2024-05-14,2025-05-20,National Archives and Records Administration,National Archives and Records Administration,"RCPBS DATA CONNECT RENEWAL DC-12-ONPREM-P-NC-SUB 12 MOS. @ 5400 TOTAL 64,800 DC-12-ONPREM-NP-NC-SUB 12 MOS. @ 2700 TOTAL 32,400  REQUESTER- TIM RHODES POP- 5/21/24 - 5/20/25 CO/BUYER- DAMON NEVILS COR- TIM RHODES ALT- CAROL HARRIS","{'code': '423430', 'description': 'COMPUTER AND COMPUTER PERIPHERAL EQUIPMENT AND SOFTWARE MERCHANT WHOLESALERS'}","{'code': '7B21', 'description': 'IT AND TELECOM - COMPUTE: MAINFRAME (HARDWARE AND PERPETUAL LICENSE SOFTWARE)'}",CONT_AWD_88310324P00027_8800_-NONE-_-NONE-,HCL,https://www.usaspending.gov/award/CONT_AWD_88310324P00027_8800_-NONE-_-NONE-
HT001525P0001,ACTIAN CORPORATION,92312.66,2024-12-01,2024-12-01,Department of Defense,Defense Health Agency,DATACONNECT,"{'code': '541519', 'description': 'OTHER COMPUTER RELATED SERVICES'}","{'code': '7A21', 'description': 'IT AND TELECOM - BUSINESS APPLICATION SOFTWARE (PERPETUAL LICENSE SOFTWARE)'}",CONT_AWD_HT001525P0001_9700_-NONE-_-NONE-,HCL,https://www.usaspending.gov/award/CONT_AWD_HT001525P0001_9700_-NONE-_-NONE-
HT001517P0011,ACTIAN CORPORATION,74832.95,2017-09-01,2020-02-29,Department of Defense,Defense Health Agency,IGF::OT::IGF   DATA INTEGRATOR SOFTWARE MAINTENANCE,"{'code': '541519', 'description': 'OTHER COMPUTER RELATED SERVICES'}","{'code': 'D319', 'description': 'IT AND TELECOM- ANNUAL SOFTWARE MAINTENANCE SERVICE PLANS'}",CONT_AWD_HT001517P0011_9700_-NONE-_-NONE-,HCL,https://www.usaspending.gov/award/CONT_AWD_HT001517P0011_9700_-NONE-_-NONE-
16PBGC18P0017,ACTIAN CORPORATION,70782.5,2018-05-16,2019-03-31,Pension Benefit Guaranty Corporation,Pension Benefit Guaranty Corporation,DATACONNECT LICENSES AND MAINTENANCE,"{'code': '334614', 'description': 'SOFTWARE AND OTHER PRERECORDED COMPACT DISC, TAPE, AND RECORD REPRODUCING'}","{'code': 'J070', 'description': 'MAINT/REPAIR/REBUILD OF EQUIPMENT- ADP EQUIPMENT/SOFTWARE/SUPPLIES/SUPPORT EQUIPMENT'}",CONT_AWD_16PBGC18P0017_1665_-NONE-_-NONE-,HCL,https://www.usaspending.gov/award/CONT_AWD_16PBGC18P0017_1665_-NONE-_-NONE-
HT001523P0002,ACTIAN CORPORATION,64554.29,2022-11-10,2023-11-30,Department of Defense,Defense Health Agency,ACTIAN DATACONNECT SOFTWARE,"{'code': '541519', 'description': 'OTHER COMPUTER RELATED SERVICES'}","{'code': '7A21', 'description': 'IT AND TELECOM - BUSINESS APPLICATION SOFTWARE (PERPETUAL LICENSE SOFTWARE)'}",CONT_AWD_HT001523P0002_9700_-NONE-_-NONE-,HCL,https://www.usaspending.gov/award/CONT_AWD_HT001523P0002_9700_-NONE-_-NONE-
SP470123P0004,ACTIAN CORPORATION,61576.8,2022-12-01,2023-11-30,Department of Defense,Defense Logistics Agency,PERVASIVE (ACTIAN) SOFTWARE MAINTENANCE,"{'code': '541519', 'description': 'OTHER COMPUTER RELATED SERVICES'}","{'code': '7E20', 'description': 'IT and Telecom - End User: Help Desk;Tier 1-2,Workspace,Print,Output,Productivity Tools (HW/Perp SW)'}",CONT_AWD_SP470123P0004_9700_-NONE-_-NONE-,HCL,https://www.usaspending.gov/award/CONT_AWD_SP470123P0004_9700_-NONE-_-NONE-
M0026423P0001,ACTIAN CORPORATION,60000.0,2022-12-07,2023-12-30,Department of Defense,Department of the Navy,DATACONNECT SUPPORT LICENSE V12,"{'code': '513210', 'description': 'SOFTWARE PUBLISHERS'}","{'code': '7A21', 'description': 'IT AND TELECOM - BUSINESS APPLICATION SOFTWARE (PERPETUAL LICENSE SOFTWARE)'}",CONT_AWD_M0026423P0001_9700_-NONE-_-NONE-,HCL,https://www.usaspending.gov/award/CONT_AWD_M0026423P0001_9700_-NONE-_-NONE-
88310322P00049,ACTIAN CORPORATION,60000.0,2022-06-23,2023-05-20,National Archives and Records Administration,National Archives and Records Administration,RCPBS DATACONNECT LICENSES RENEWAL,"{'code': '423430', 'description': 'COMPUTER AND COMPUTER PERIPHERAL EQUIPMENT AND SOFTWARE MERCHANT WHOLESALERS'}","{'code': '7B21', 'description': 'IT AND TELECOM - COMPUTE: MAINFRAME (HARDWARE AND PERPETUAL LICENSE SOFTWARE)'}",CONT_AWD_88310322P00049_8800_-NONE-_-NONE-,HCL,https://www.usaspending.gov/award/CONT_AWD_88310322P00049_8800_-NONE-_-NONE-
91003123P0007,ACTIAN CORPORATION,56160.0,2023-05-22,2024-05-21,Department of Education,Department of Education,ACTIAN SOFTWARE ACQUISITION (DATACONNECT),"{'code': '541519', 'description': 'OTHER COMPUTER RELATED SERVICES'}","{'code': '7A21', 'description': 'IT AND TELECOM - BUSINESS APPLICATION SOFTWARE (PERPETUAL LICENSE SOFTWARE)'}",CONT_AWD_91003123P0007_9100_-NONE-_-NONE-,HCL,https://www.usaspending.gov/award/CONT_AWD_91003123P0007_9100_-NONE-_-NONE-
M0026422P0007,ACTIAN CORPORATION,54232.5,2022-01-10,2022-12-31,Department of Defense,Department of the Navy,ACTIAN DATACONNECT LICENSE SUPPORT FOR 11.2 ONLY,"{'code': '511210', 'description': 'SOFTWARE PUBLISHERS'}","{'code': 'DA10', 'description': 'IT AND TELECOM - BUSINESS APPLICATION/APPLICATION DEVELOPMENT SOFTWARE AS A SERVICE'}",CONT_AWD_M0026422P0007_9700_-NONE-_-NONE-,HCL,https://www.usaspending.gov/award/CONT_AWD_M0026422P0007_9700_-NONE-_-NONE-
88310323P00033,ACTIAN CORPORATION,54000.0,2023-05-23,2024-05-20,National Archives and Records Administration,National Archives and Records Administration,RCPBS DATACONNECT LICENSES RENEWAL,"{'code': '423430', 'description': 'COMPUTER AND COMPUTER PERIPHERAL EQUIPMENT AND SOFTWARE MERCHANT WHOLESALERS'}","{'code': '7B21', 'description': 'IT AND TELECOM - COMPUTE: MAINFRAME (HARDWARE AND PERPETUAL LICENSE SOFTWARE)'}",CONT_AWD_88310323P00033_8800_-NONE-_-NONE-,HCL,https://www.usaspending.gov/award/CONT_AWD_88310323P00033_8800_-NONE-_-NONE-
HT001522P0001,ACTIAN CORPORATION,35863.5,2021-11-18,2022-11-30,Department of Defense,Defense Health Agency,DATACONNECT FLEX 1 ENGINE SILVER SUPPORT,"{'code': '541519', 'description': 'OTHER COMPUTER RELATED SERVICES'}","{'code': '7A21', 'description': 'IT AND TELECOM - BUSINESS APPLICATION SOFTWARE (PERPETUAL LICENSE SOFTWARE)'}",CONT_AWD_HT001522P0001_9700_-NONE-_-NONE-,HCL,https://www.usaspending.gov/award/CONT_AWD_HT001522P0001_9700_-NONE-_-NONE-
M6785420P4825,ACTIAN CORPORATION,32259.36,2020-06-30,2021-01-01,Department of Defense,Department of the Navy,ADP SOFTWARE (PID# 171-0124),"{'code': '541519', 'description': 'OTHER COMPUTER RELATED SERVICES'}","{'code': '7030', 'description': 'INFORMATION TECHNOLOGY SOFTWARE'}",CONT_AWD_M6785420P4825_9700_-NONE-_-NONE-,HCL,https://www.usaspending.gov/award/CONT_AWD_M6785420P4825_9700_-NONE-_-NONE-
HT001521C0004,ACTIAN CORPORATION,31185.64,2021-02-01,2021-11-30,Department of Defense,Defense Health Agency,DATACONNECT FLEX PRODUCTION,"{'code': '541519', 'description': 'OTHER COMPUTER RELATED SERVICES'}","{'code': 'DA10', 'description': 'IT AND TELECOM - BUSINESS APPLICATION/APPLICATION DEVELOPMENT SOFTWARE AS A SERVICE'}",CONT_AWD_HT001521C0004_9700_-NONE-_-NONE-,HCL,https://www.usaspending.gov/award/CONT_AWD_HT001521C0004_9700_-NONE-_-NONE-
SP470122P0015,ACTIAN CORPORATION,30946.3,2021-12-01,2022-11-30,Department of Defense,Defense Logistics Agency,PERVAISVE (ACTIAN) SOFTWARE MAINTENANCE,"{'code': '511210', 'description': 'SOFTWARE PUBLISHERS'}","{'code': '7A21', 'description': 'IT AND TELECOM - BUSINESS APPLICATION SOFTWARE (PERPETUAL LICENSE SOFTWARE)'}",CONT_AWD_SP470122P0015_9700_-NONE-_-NONE-,HCL,https://www.usaspending.gov/award/CONT_AWD_SP470122P0015_9700_-NONE-_-NONE-
88310321P00033,ACTIAN CORPORATION,30000.0,2021-04-21,2022-04-20,National Archives and Records Administration,National Archives and Records Administration,PURCHASE OF ANNUAL ACTIAN DATACONNECT LICENSES,"{'code': '423430', 'description': 'COMPUTER AND COMPUTER PERIPHERAL EQUIPMENT AND SOFTWARE MERCHANT WHOLESALERS'}","{'code': '7B22', 'description': 'IT AND TELECOM - COMPUTE: SERVERS (HARDWARE AND PERPETUAL LICENSE SOFTWARE)'}",CONT_AWD_88310321P00033_8800_-NONE-_-NONE-,HCL,https://www.usaspending.gov/award/CONT_AWD_88310321P00033_8800_-NONE-_-NONE-
W56HZV21PL045,HCL AMERICA SOLUTIONS INC.,29400.0,2021-09-27,2021-10-01,Department of Defense,Department of the Army,DFMPRO FOR CREO,"{'code': '541511', 'description': 'CUSTOM COMPUTER PROGRAMMING SERVICES'}","{'code': '7A20', 'description': 'IT AND TELECOM - APPLICATION DEVELOPMENT SOFTWARE (PERPETUAL LICENSE SOFTWARE)'}",CONT_AWD_W56HZV21PL045_9700_-NONE-_-NONE-,HCL,https://www.usaspending.gov/award/CONT_AWD_W56HZV21PL045_9700_-NONE-_-NONE-
SP700021P0019,ACTIAN CORPORATION,25788.58,2020-12-01,2021-11-30,Department of Defense,Defense Logistics Agency,PURCHASE ANNUAL ACTIAN SOFTWARE MAINTENANCE,"{'code': '511210', 'description': 'SOFTWARE PUBLISHERS'}","{'code': '7A21', 'description': 'IT AND TELECOM - BUSINESS APPLICATION SOFTWARE (PERPETUAL LICENSE SOFTWARE)'}",CONT_AWD_SP700021P0019_9700_-NONE-_-NONE-,HCL,https://www.usaspending.gov/award/CONT_AWD_SP700021P0019_9700_-NONE-_-NONE-
24362521P0005,ACTIAN CORPORATION,20616.75,2020-12-16,2021-12-08,Office of Personnel Management,Office of Personnel Management,ACTIAN DATA CONNECT LICENSE RENEWAL,"{'code': '541519', 'description': 'OTHER COMPUTER RELATED SERVICES'}","{'code': 'DA10', 'description': 'IT AND TELECOM - BUSINESS APPLICATION/APPLICATION DEVELOPMENT SOFTWARE AS A SERVICE'}",CONT_AWD_24362521P0005_2400_-NONE-_-NONE-,HCL,https://www.usaspending.gov/award/CONT_AWD_24362521P0005_2400_-NONE-_-NONE-
24362520P0015,ACTIAN CORPORATION,18742.5,2019-12-09,2020-12-08,Office of Personnel Management,Office of Personnel Management,ACTIAN DATA CONNECT SW RENEWAL,"{'code': '541519', 'description': 'OTHER COMPUTER RELATED SERVICES'}","{'code': 'D319', 'description': 'IT AND TELECOM- ANNUAL SOFTWARE MAINTENANCE SERVICE PLANS'}",CONT_AWD_24362520P0015_2400_-NONE-_-NONE-,HCL,https://www.usaspending.gov/award/CONT_AWD_24362520P0015_2400_-NONE-_-NONE-
24362519P0016,ACTIAN CORPORATION,17850.0,2018-12-09,2019-12-08,Office of Personnel Management,Office of Personnel Management,DATA INTEGRATOR RENEWAL,"{'code': '541519', 'description': 'OTHER COMPUTER RELATED SERVICES'}","{'code': 'D319', 'description': 'IT AND TELECOM- ANNUAL SOFTWARE MAINTENANCE SERVICE PLANS'}",CONT_AWD_24362519P0016_2400_-NONE-_-NONE-,HCL,https://www.usaspending.gov/award/CONT_AWD_24362519P0016_2400_-NONE-_-NONE-
DOCYA132315AE0030,PERVASIVE SOFTWARE INC.,13245.17,2015-05-01,2016-04-30,Department of Commerce,U.S. Census Bureau,SOFTWARE RENEWAL - ::IGF::OT::IGF,"{'code': '541519', 'description': 'OTHER COMPUTER RELATED SERVICES'}","{'code': 'D319', 'description': 'IT AND TELECOM- ANNUAL SOFTWARE MAINTENANCE SERVICE PLANS'}",CONT_AWD_DOCYA132315AE0030_1323_-NONE-_-NONE-,HCL,https://www.usaspending.gov/award/CONT_AWD_DOCYA132315AE0030_1323_-NONE-_-NONE-
80NSSC25PB112,"HCL AMERICA, INC.",10320.0,2025-05-12,2026-05-11,National Aeronautics and Space Administration,National Aeronautics and Space Administration,DFMPRO FOR CREO,"{'code': '541511', 'description': 'CUSTOM COMPUTER PROGRAMMING SERVICES'}","{'code': 'DE10', 'description': 'IT and Telecom - End User as a Service: Help Desk;Tier 1-2,Workspace,Print,Output,Productivity Tools'}",CONT_AWD_80NSSC25PB112_8000_-NONE-_-NONE-,HCL,https://www.usaspending.gov/award/CONT_AWD_80NSSC25PB112_8000_-NONE-_-NONE-
47PJ0019P0193,"HCL AMERICA, INC.",10000.0,2019-10-01,2019-12-31,General Services Administration,Public Buildings Service,"CONSULTING TRAINING/WORKSHOP TO BE HELD IN BUILDING 41, DENVER FEDERAL CENTER, LAKEWOOD, COLORADO","{'code': '541611', 'description': 'ADMINISTRATIVE MANAGEMENT AND GENERAL MANAGEMENT CONSULTING SERVICES'}","{'code': 'R406', 'description': 'SUPPORT- PROFESSIONAL: POLICY REVIEW/DEVELOPMENT'}",CONT_AWD_47PJ0019P0193_4740_-NONE-_-NONE-,HCL,https://www.usaspending.gov/award/CONT_AWD_47PJ0019P0193_4740_-NONE-_-NONE-
DOCYA132317AE0018,ACTIAN CORPORATION,7836.5,2017-05-18,2018-05-28,Department of Commerce,U.S. Census Bureau,SOFTWARE LICENSE RENEWAL - IGF::OT::IGF,"{'code': '541519', 'description': 'OTHER COMPUTER RELATED SERVICES'}","{'code': 'D319', 'description': 'IT AND TELECOM- ANNUAL SOFTWARE MAINTENANCE SERVICE PLANS'}",CONT_AWD_DOCYA132317AE0018_1323_-NONE-_-NONE-,HCL,https://www.usaspending.gov/award/CONT_AWD_DOCYA132317AE0018_1323_-NONE-_-NONE-
SAQMMA10C0273,"HCL AMERICA, INC.",561779.48,2010-09-13,,Department of State,Department of State,TAS::19 0113 000::TAS,"{'code': '541511', 'description': 'CUSTOM COMPUTER PROGRAMMING SERVICES'}","{'code': 'D315', 'description': 'IT AND TELECOM- DIGITIZING'}",CONT_IDV_SAQMMA10C0273_1900,HCL,https://www.usaspending.gov/award/CONT_IDV_SAQMMA10C0273_1900
80JSC021F0202,"WIPRO APPIRO, INC.",348000.0,2021-05-19,2022-03-15,National Aeronautics and Space Administration,National Aeronautics and Space Administration,EXTERNAL CROWDSOURCING,"{'code': '541990', 'description': 'ALL OTHER PROFESSIONAL, SCIENTIFIC, AND TECHNICAL SERVICES'}","{'code': 'R499', 'description': 'SUPPORT- PROFESSIONAL: OTHER'}",CONT_AWD_80JSC021F0202_8000_80JSC020D0036_8000,Wipro,https://www.usaspending.gov/award/CONT_AWD_80JSC021F0202_8000_80JSC020D0036_8000
N0042118P0722,INTERNATIONAL TECHNEGROUP INC,233100.0,2018-08-03,2018-08-31,Department of Defense,Department of the Navy,ITEM# DEX-BAS-SVR,"{'code': '541511', 'description': 'CUSTOM COMPUTER PROGRAMMING SERVICES'}","{'code': '7030', 'description': 'INFORMATION TECHNOLOGY SOFTWARE'}",CONT_AWD_N0042118P0722_9700_-NONE-_-NONE-,Wipro,https://www.usaspending.gov/award/CONT_AWD_N0042118P0722_9700_-NONE-_-NONE-
80JSC021F0294,"WIPRO APPIRO, INC.",217940.0,2021-09-14,2022-08-31,National Aeronautics and Space Administration,National Aeronautics and Space Administration,EXTERNAL CROWDSOURCING,"{'code': '541990', 'description': 'ALL OTHER PROFESSIONAL, SCIENTIFIC, AND TECHNICAL SERVICES'}","{'code': 'R499', 'description': 'SUPPORT- PROFESSIONAL: OTHER'}",CONT_AWD_80JSC021F0294_8000_80JSC020D0036_8000,Wipro,https://www.usaspending.gov/award/CONT_AWD_80JSC021F0294_8000_80JSC020D0036_8000
N0042120P0082,INTERNATIONAL TECHNEGROUP INC,211835.0,2019-11-25,2020-09-30,Department of Defense,Department of the Navy,ITI CADIQ AND DEXCENTER SUPPORT,"{'code': '511210', 'description': 'SOFTWARE PUBLISHERS'}","{'code': '7030', 'description': 'INFORMATION TECHNOLOGY SOFTWARE'}",CONT_AWD_N0042120P0082_9700_-NONE-_-NONE-,Wipro,https://www.usaspending.gov/award/CONT_AWD_N0042120P0082_9700_-NONE-_-NONE-
80JSC021F0258,"WIPRO APPIRO, INC.",171000.0,2021-09-22,2022-05-31,National Aeronautics and Space Administration,National Aeronautics and Space Administration,EXTERNAL CROWDSOURCING,"{'code': '541990', 'description': 'ALL OTHER PROFESSIONAL, SCIENTIFIC, AND TECHNICAL SERVICES'}","{'code': 'R499', 'description': 'SUPPORT- PROFESSIONAL: OTHER'}",CONT_AWD_80JSC021F0258_8000_80JSC020D0036_8000,Wipro,https://www.usaspending.gov/award/CONT_AWD_80JSC021F0258_8000_80JSC020D0036_8000
N6852021P0052,INTERNATIONAL TECHNEGROUP INC,155199.89,2021-09-21,2023-09-16,Department of Defense,Department of the Navy,CADIQ SERVER SOFTWARE LICENSES,"{'code': '511210', 'description': 'SOFTWARE PUBLISHERS'}","{'code': 'DA01', 'description': 'IT AND TELECOM - BUSINESS APPLICATION/APPLICATION DEVELOPMENT SUPPORT SERVICES (LABOR)'}",CONT_AWD_N6852021P0052_9700_-NONE-_-NONE-,Wipro,https://www.usaspending.gov/award/CONT_AWD_N6852021P0052_9700_-NONE-_-NONE-
80JSC023F0093,"WIPRO APPIRO, INC.",150000.0,2023-07-31,2024-04-01,National Aeronautics and Space Administration,National Aeronautics and Space Administration,NASA OPEN INNOVATION SERVICES 2 (NOIS2) CROWDSOURCING  NOIS2-070 HATTB SUSTAINING,"{'code': '541990', 'description': 'ALL OTHER PROFESSIONAL, SCIENTIFIC, AND TECHNICAL SERVICES'}","{'code': 'R499', 'description': 'SUPPORT- PROFESSIONAL: OTHER'}",CONT_AWD_80JSC023F0093_8000_80JSC020D0036_8000,Wipro,https://www.usaspending.gov/award/CONT_AWD_80JSC023F0093_8000_80JSC020D0036_8000
80JSC020F0338,"WIPRO APPIRO, INC.",149908.0,2020-09-15,2021-04-30,National Aeronautics and Space Administration,National Aeronautics and Space Administration,EXTERNAL CROWDSOURCING,"{'code': '541990', 'description': 'ALL OTHER PROFESSIONAL, SCIENTIFIC, AND TECHNICAL SERVICES'}","{'code': 'R499', 'description': 'SUPPORT- PROFESSIONAL: OTHER'}",CONT_AWD_80JSC020F0338_8000_80JSC020D0036_8000,Wipro,https://www.usaspending.gov/award/CONT_AWD_80JSC020F0338_8000_80JSC020D0036_8000
80JSC021F0064,"WIPRO APPIRO, INC.",146000.0,2020-12-11,2021-08-31,National Aeronautics and Space Administration,National Aeronautics and Space Administration,EXTERNAL CROWDSOURCING,"{'code': '541990', 'description': 'ALL OTHER PROFESSIONAL, SCIENTIFIC, AND TECHNICAL SERVICES'}","{'code': 'R499', 'description': 'SUPPORT- PROFESSIONAL: OTHER'}",CONT_AWD_80JSC021F0064_8000_80JSC020D0036_8000,Wipro,https://www.usaspending.gov/award/CONT_AWD_80JSC021F0064_8000_80JSC020D0036_8000
N6852023P0156,INTERNATIONAL TECHNEGROUP INC,139361.47,2023-09-17,2026-09-16,Department of Defense,Department of the Navy,CADIQ DIGITAL THREAD SW LICENSES AND MAINTENANCE,"{'code': '513210', 'description': 'SOFTWARE PUBLISHERS'}","{'code': 'DA01', 'description': 'IT AND TELECOM - BUSINESS APPLICATION/APPLICATION DEVELOPMENT SUPPORT SERVICES (LABOR)'}",CONT_AWD_N6852023P0156_9700_-NONE-_-NONE-,Wipro,https://www.usaspending.gov/award/CONT_AWD_N6852023P0156_9700_-NONE-_-NONE-
80JSC020F0346,"WIPRO APPIRO, INC.",138770.0,2020-09-24,2021-09-30,National Aeronautics and Space Administration,National Aeronautics and Space Administration,"DEVELOP A SOFTWARE TOOL CAPABLE OF CO-REGISTERING IMAGERY FROM SOURCES INCLUDING, BUT NOT LIMITED TO, NASA'S LUNAR ORBITER (LO) SPACECRAFT","{'code': '541990', 'description': 'ALL OTHER PROFESSIONAL, SCIENTIFIC, AND TECHNICAL SERVICES'}","{'code': 'R499', 'description': 'SUPPORT- PROFESSIONAL: OTHER'}",CONT_AWD_80JSC020F0346_8000_80JSC020D0036_8000,Wipro,https://www.usaspending.gov/award/CONT_AWD_80JSC020F0346_8000_80JSC020D0036_8000
80JSC020F0321,"WIPRO APPIRO, INC.",122500.0,2020-08-19,2021-11-30,National Aeronautics and Space Administration,National Aeronautics and Space Administration,EXTERNAL CROWDSOURCING,"{'code': '541990', 'description': 'ALL OTHER PROFESSIONAL, SCIENTIFIC, AND TECHNICAL SERVICES'}","{'code': 'B599', 'description': 'SPECIAL STUDIES/ANALYSIS- OTHER'}",CONT_AWD_80JSC020F0321_8000_80JSC020D0036_8000,Wipro,https://www.usaspending.gov/award/CONT_AWD_80JSC020F0321_8000_80JSC020D0036_8000
N0042120P0720,INTERNATIONAL TECHNEGROUP INC,121360.0,2020-10-01,2021-09-30,Department of Defense,Department of the Navy,ITI CADIQ AND DEXCENTER SUPPORT,"{'code': '541511', 'description': 'CUSTOM COMPUTER PROGRAMMING SERVICES'}","{'code': '7030', 'description': 'INFORMATION TECHNOLOGY SOFTWARE'}",CONT_AWD_N0042120P0720_9700_-NONE-_-NONE-,Wipro,https://www.usaspending.gov/award/CONT_AWD_N0042120P0720_9700_-NONE-_-NONE-
80JSC025F0060,"TOPCODER, LLC",100000.0,2025-09-23,2026-04-30,National Aeronautics and Space Administration,National Aeronautics and Space Administration,IMAGE BASED CRATER DETECTION,"{'code': '541990', 'description': 'ALL OTHER PROFESSIONAL, SCIENTIFIC, AND TECHNICAL SERVICES'}","{'code': 'R499', 'description': 'SUPPORT- PROFESSIONAL: OTHER'}",CONT_AWD_80JSC025F0060_8000_80JSC025D0066_8000,Wipro,https://www.usaspending.gov/award/CONT_AWD_80JSC025F0060_8000_80JSC025D0066_8000
80JSC020F0320,"WIPRO APPIRO, INC.",83931.0,2020-08-19,2021-03-30,National Aeronautics and Space Administration,National Aeronautics and Space Administration,EXTERNAL CROWDSOURCING,"{'code': '541990', 'description': 'ALL OTHER PROFESSIONAL, SCIENTIFIC, AND TECHNICAL SERVICES'}","{'code': 'B599', 'description': 'SPECIAL STUDIES/ANALYSIS- OTHER'}",CONT_AWD_80JSC020F0320_8000_80JSC020D0036_8000,Wipro,https://www.usaspending.gov/award/CONT_AWD_80JSC020F0320_8000_80JSC020D0036_8000
M6700119P1028,INTERNATIONAL TECHNEGROUP INC,78001.74,2019-02-20,2020-03-31,Department of Defense,Department of the Navy,CADIQ SOFTWARE SUPPORT/SERVER,"{'code': '511210', 'description': 'SOFTWARE PUBLISHERS'}","{'code': '7030', 'description': 'INFORMATION TECHNOLOGY SOFTWARE'}",CONT_AWD_M6700119P1028_9700_-NONE-_-NONE-,Wipro,https://www.usaspending.gov/award/CONT_AWD_M6700119P1028_9700_-NONE-_-NONE-
N6852024P0094,INTERNATIONAL TECHNEGROUP INC,70000.0,2024-08-01,2026-09-16,Department of Defense,Department of the Navy,NEW TEAMCENTER CADIQ SOFTWARE LICENSES,"{'code': '513210', 'description': 'SOFTWARE PUBLISHERS'}","{'code': 'DA01', 'description': 'IT AND TELECOM - BUSINESS APPLICATION/APPLICATION DEVELOPMENT SUPPORT SERVICES (LABOR)'}",CONT_AWD_N6852024P0094_9700_-NONE-_-NONE-,Wipro,https://www.usaspending.gov/award/CONT_AWD_N6852024P0094_9700_-NONE-_-NONE-
M6700120P1077,INTERNATIONAL TECHNEGROUP INC,48876.8,2020-04-01,2020-04-01,Department of Defense,Department of the Navy,CADIQ SERVER ANALYZER,"{'code': '511210', 'description': 'SOFTWARE PUBLISHERS'}","{'code': '7030', 'description': 'INFORMATION TECHNOLOGY SOFTWARE'}",CONT_AWD_M6700120P1077_9700_-NONE-_-NONE-,Wipro,https://www.usaspending.gov/award/CONT_AWD_M6700120P1077_9700_-NONE-_-NONE-
M0014618PX045,INTERNATIONAL TECHNEGROUP INC,48441.8,2018-03-13,2019-03-31,Department of Defense,Department of the Navy,CADIQ SOFTWARE SUPPORT/SERVER - ANALYZER,"{'code': '511210', 'description': 'SOFTWARE PUBLISHERS'}","{'code': '7030', 'description': 'INFORMATION TECHNOLOGY SOFTWARE'}",CONT_AWD_M0014618PX045_9700_-NONE-_-NONE-,Wipro,https://www.usaspending.gov/award/CONT_AWD_M0014618PX045_9700_-NONE-_-NONE-
N0042120P0631,INTERNATIONAL TECHNEGROUP INC,40792.5,2020-08-05,2021-08-06,Department of Defense,Department of the Navy,DEX-BAS-SVR,"{'code': '541511', 'description': 'CUSTOM COMPUTER PROGRAMMING SERVICES'}","{'code': '7025', 'description': 'INFORMATION TECHNOLOGY INPUT/OUTPUT AND STORAGE DEVICES'}",CONT_AWD_N0042120P0631_9700_-NONE-_-NONE-,Wipro,https://www.usaspending.gov/award/CONT_AWD_N0042120P0631_9700_-NONE-_-NONE-
N0042119P0815,INTERNATIONAL TECHNEGROUP INC,40792.5,2019-09-23,2020-08-05,Department of Defense,Department of the Navy,DIGITAL THREAD DEX-BAS-SVR,"{'code': '541511', 'description': 'CUSTOM COMPUTER PROGRAMMING SERVICES'}","{'code': '7030', 'description': 'INFORMATION TECHNOLOGY SOFTWARE'}",CONT_AWD_N0042119P0815_9700_-NONE-_-NONE-,Wipro,https://www.usaspending.gov/award/CONT_AWD_N0042119P0815_9700_-NONE-_-NONE-
N6852026P1011,INTERNATIONAL TECHNEGROUP INC,36440.0,2026-03-26,2027-03-31,Department of Defense,Department of the Navy,CADIQ SOFTWARE MAINTENANCE,"{'code': '513210', 'description': 'SOFTWARE PUBLISHERS'}","{'code': 'DA10', 'description': 'IT AND TELECOM - BUSINESS APPLICATION/APPLICATION DEVELOPMENT SOFTWARE AS A SERVICE'}",CONT_AWD_N6852026P1011_9700_-NONE-_-NONE-,Wipro,https://www.usaspending.gov/award/CONT_AWD_N6852026P1011_9700_-NONE-_-NONE-
N6852025P0050,INTERNATIONAL TECHNEGROUP INC,36440.0,2025-04-01,2026-03-31,Department of Defense,Department of the Navy,CADIQ SERVER ANALYZER,"{'code': '513210', 'description': 'SOFTWARE PUBLISHERS'}","{'code': 'DA10', 'description': 'IT AND TELECOM - BUSINESS APPLICATION/APPLICATION DEVELOPMENT SOFTWARE AS A SERVICE'}",CONT_AWD_N6852025P0050_9700_-NONE-_-NONE-,Wipro,https://www.usaspending.gov/award/CONT_AWD_N6852025P0050_9700_-NONE-_-NONE-
M6700121P1087,INTERNATIONAL TECHNEGROUP INC,33050.64,2021-04-01,2022-03-31,Department of Defense,Department of the Navy,SOFTWARE LICENSES & SUPPORT,"{'code': '511210', 'description': 'SOFTWARE PUBLISHERS'}","{'code': '7E20', 'description': 'IT and Telecom - End User: Help Desk;Tier 1-2,Workspace,Print,Output,Productivity Tools (HW/Perp SW)'}",CONT_AWD_M6700121P1087_9700_-NONE-_-NONE-,Wipro,https://www.usaspending.gov/award/CONT_AWD_M6700121P1087_9700_-NONE-_-NONE-
N6893624P0023,INTERNATIONAL TECHNEGROUP INC,16296.0,2023-11-17,2024-10-31,Department of Defense,Department of the Navy,CADIQ ANALYZER ANNUAL MAINTENANCE.,"{'code': '513210', 'description': 'SOFTWARE PUBLISHERS'}","{'code': '7A21', 'description': 'IT AND TELECOM - BUSINESS APPLICATION SOFTWARE (PERPETUAL LICENSE SOFTWARE)'}",CONT_AWD_N6893624P0023_9700_-NONE-_-NONE-,Wipro,https://www.usaspending.gov/award/CONT_AWD_N6893624P0023_9700_-NONE-_-NONE-
N6893622P0147,INTERNATIONAL TECHNEGROUP INC,16000.0,2022-02-25,2022-06-06,Department of Defense,Department of the Navy,CADIQ QUICK START PROGRAM SERVICES PAWS,"{'code': '511210', 'description': 'SOFTWARE PUBLISHERS'}","{'code': '7A21', 'description': 'IT AND TELECOM - BUSINESS APPLICATION SOFTWARE (PERPETUAL LICENSE SOFTWARE)'}",CONT_AWD_N6893622P0147_9700_-NONE-_-NONE-,Wipro,https://www.usaspending.gov/award/CONT_AWD_N6893622P0147_9700_-NONE-_-NONE-
N6893621P0393,INTERNATIONAL TECHNEGROUP INC,15906.99,2021-07-22,2022-10-31,Department of Defense,Department of the Navy,CADIQ ANALYZER MAINTENANCE ANNUAL MAINTENANCE,"{'code': '511210', 'description': 'SOFTWARE PUBLISHERS'}","{'code': '7A21', 'description': 'IT AND TELECOM - BUSINESS APPLICATION SOFTWARE (PERPETUAL LICENSE SOFTWARE)'}",CONT_AWD_N6893621P0393_9700_-NONE-_-NONE-,Wipro,https://www.usaspending.gov/award/CONT_AWD_N6893621P0393_9700_-NONE-_-NONE-
FA860425PB030,INTERNATIONAL TECHNEGROUP INC,14520.0,2025-07-17,2026-06-30,Department of Defense,Department of the Air Force,CADFIX LICENSE AND MAINTENANCE,"{'code': '541519', 'description': 'OTHER COMPUTER RELATED SERVICES'}","{'code': '7A20', 'description': 'IT AND TELECOM - APPLICATION DEVELOPMENT SOFTWARE (PERPETUAL LICENSE SOFTWARE)'}",CONT_AWD_FA860425PB030_9700_-NONE-_-NONE-,Wipro,https://www.usaspending.gov/award/CONT_AWD_FA860425PB030_9700_-NONE-_-NONE-
80NSSC21P2347,INTERNATIONAL TECHNEGROUP INC,10450.12,2021-10-01,2022-09-30,National Aeronautics and Space Administration,National Aeronautics and Space Administration,FY22 CADFIX RENEWAL.,"{'code': '541511', 'description': 'CUSTOM COMPUTER PROGRAMMING SERVICES'}","{'code': 'DA10', 'description': 'IT AND TELECOM - BUSINESS APPLICATION/APPLICATION DEVELOPMENT SOFTWARE AS A SERVICE'}",CONT_AWD_80NSSC21P2347_8000_-NONE-_-NONE-,Wipro,https://www.usaspending.gov/award/CONT_AWD_80NSSC21P2347_8000_-NONE-_-NONE-
80NSSC20P1828,INTERNATIONAL TECHNEGROUP INC,10354.77,2020-10-01,2021-09-30,National Aeronautics and Space Administration,National Aeronautics and Space Administration,CADFIX/CADIQ RENEWAL,"{'code': '541511', 'description': 'CUSTOM COMPUTER PROGRAMMING SERVICES'}","{'code': 'D311', 'description': 'IT AND TELECOM- DATA CONVERSION'}",CONT_AWD_80NSSC20P1828_8000_-NONE-_-NONE-,Wipro,https://www.usaspending.gov/award/CONT_AWD_80NSSC20P1828_8000_-NONE-_-NONE-
80NSSC19P2093,INTERNATIONAL TECHNEGROUP INC,10354.77,2019-09-05,2020-09-30,National Aeronautics and Space Administration,National Aeronautics and Space Administration,CADFIX AND CADIQ RENEWAL,"{'code': '541511', 'description': 'CUSTOM COMPUTER PROGRAMMING SERVICES'}","{'code': 'D311', 'description': 'IT AND TELECOM- DATA CONVERSION'}",CONT_AWD_80NSSC19P2093_8000_-NONE-_-NONE-,Wipro,https://www.usaspending.gov/award/CONT_AWD_80NSSC19P2093_8000_-NONE-_-NONE-
N6833525P0308,INTERNATIONAL TECHNEGROUP INC,9393.0,2025-08-18,2026-08-31,Department of Defense,Department of the Navy,CADIQ SOFTWARE,"{'code': '513210', 'description': 'SOFTWARE PUBLISHERS'}","{'code': '7A21', 'description': 'IT AND TELECOM - BUSINESS APPLICATION SOFTWARE (PERPETUAL LICENSE SOFTWARE)'}",CONT_AWD_N6833525P0308_9700_-NONE-_-NONE-,Wipro,https://www.usaspending.gov/award/CONT_AWD_N6833525P0308_9700_-NONE-_-NONE-
N6833519P0420,INTERNATIONAL TECHNEGROUP INC,8523.06,2019-08-12,2020-08-14,Department of Defense,Department of the Navy,CADIQ ANALYZER,"{'code': '511210', 'description': 'SOFTWARE PUBLISHERS'}","{'code': '7030', 'description': 'INFORMATION TECHNOLOGY SOFTWARE'}",CONT_AWD_N6833519P0420_9700_-NONE-_-NONE-,Wipro,https://www.usaspending.gov/award/CONT_AWD_N6833519P0420_9700_-NONE-_-NONE-
N6833518P0404,INTERNATIONAL TECHNEGROUP INC,8523.06,2018-07-26,2019-08-14,Department of Defense,Department of the Navy,CIQ-ANZ SOFTWARE LICENSES,"{'code': '811219', 'description': 'OTHER ELECTRONIC AND PRECISION EQUIPMENT REPAIR AND MAINTENANCE'}","{'code': 'J070', 'description': 'MAINT/REPAIR/REBUILD OF EQUIPMENT- ADP EQUIPMENT/SOFTWARE/SUPPLIES/SUPPORT EQUIPMENT'}",CONT_AWD_N6833518P0404_9700_-NONE-_-NONE-,Wipro,https://www.usaspending.gov/award/CONT_AWD_N6833518P0404_9700_-NONE-_-NONE-
80JSC025F0028,"TOPCODER, LLC",500.0,2025-07-15,2025-09-30,National Aeronautics and Space Administration,National Aeronautics and Space Administration,"CAPABILITIES BROCHURE INCLUDING INTRODUCTION TO YOUR COMPANY, SERVICES PROVIDED RELATING TO NOIS3, AND CROWD SIZE. INFORMATION FOR SALESFORCE INCLUDING POINT OF CONTACT FIRST NAME, LAST NAME, AND EMAIL ADDRESS, GOOGLE-AFFILIATED EMAIL ADDRESS.","{'code': '541990', 'description': 'ALL OTHER PROFESSIONAL, SCIENTIFIC, AND TECHNICAL SERVICES'}","{'code': 'R499', 'description': 'SUPPORT- PROFESSIONAL: OTHER'}",CONT_AWD_80JSC025F0028_8000_80JSC025D0066_8000,Wipro,https://www.usaspending.gov/award/CONT_AWD_80JSC025F0028_8000_80JSC025D0066_8000
HHSM500201300056M,"INFOCROSSING, INC.",0.0,2013-09-25,2015-09-26,Department of Health and Human Services,Centers for Medicare and Medicaid Services,IGF::OT::IGF,"{'code': '518210', 'description': 'DATA PROCESSING, HOSTING, AND RELATED SERVICES'}","{'code': 'R702', 'description': 'SUPPORT- MANAGEMENT: DATA COLLECTION'}",CONT_AWD_HHSM500201300056M_7530_-NONE-_-NONE-,Wipro,https://www.usaspending.gov/award/CONT_AWD_HHSM500201300056M_7530_-NONE-_-NONE-
NNJ15HK30B,"WIPRO APPIRO, INC.",4891782.62,2015-06-04,,National Aeronautics and Space Administration,National Aeronautics and Space Administration,IGF::OT::IGF SUPPORT- PROFESSIONAL: COMMUNICATIONS) NASA OPEN INNOVATION SERVICES (NOIS),"{'code': '541990', 'description': 'ALL OTHER PROFESSIONAL, SCIENTIFIC, AND TECHNICAL SERVICES'}","{'code': 'R426', 'description': 'SUPPORT- PROFESSIONAL: COMMUNICATIONS'}",CONT_IDV_NNJ15HK30B_8000,Wipro,https://www.usaspending.gov/award/CONT_IDV_NNJ15HK30B_8000
80JSC025D0066,"TOPCODER, LLC",0.0,2025-06-05,,National Aeronautics and Space Administration,National Aeronautics and Space Administration,NASA OPEN INNOVATION SERVICES 3 IS CROWDSOURCING SERVICES AND/OR PRODUCTS TO MULTIPLE NASA CENTERS AND OTHER GOVERNMENT AGENCIES IN SUPPORT OF NASA'S CENTER OF EXCELLENCE FOR COLLABORATIVE INNOVATION,"{'code': '541990', 'description': 'ALL OTHER PROFESSIONAL, SCIENTIFIC, AND TECHNICAL SERVICES'}","{'code': 'R499', 'description': 'SUPPORT- PROFESSIONAL: OTHER'}",CONT_IDV_80JSC025D0066_8000,Wipro,https://www.usaspending.gov/award/CONT_IDV_80JSC025D0066_8000
80JSC020D0036,"WIPRO APPIRO, INC.",0.0,2020-06-04,,National Aeronautics and Space Administration,National Aeronautics and Space Administration,NOIS2-WORK WITH COMPANIES WHO CONDUCT COMPETITIONS AND RELY ON OTHER CROWDSOURCING APPROACHES TO DELIVER SOLUTIONS OR STIMULATE INNOVATION. NOIS2 WILL UTILIZE A BROADER USE OF CROWDSOURCING AS A TOOL TO HELP NASA MEET ITS MISSION.,"{'code': '541990', 'description': 'ALL OTHER PROFESSIONAL, SCIENTIFIC, AND TECHNICAL SERVICES'}","{'code': 'R426', 'description': 'SUPPORT- PROFESSIONAL: COMMUNICATIONS'}",CONT_IDV_80JSC020D0036_8000,Wipro,https://www.usaspending.gov/award/CONT_IDV_80JSC020D0036_8000
47QTCA21D0014,"WIPRO APPIRO, INC.",0.0,2020-10-29,,General Services Administration,Federal Acquisition Service,FEDERAL SUPPLY SCHEDULE CONTRACT,"{'code': '511210', 'description': 'SOFTWARE PUBLISHERS'}","{'code': 'D399', 'description': 'IT AND TELECOM- OTHER IT AND TELECOMMUNICATIONS'}",CONT_IDV_47QTCA21D0014_4732,Wipro,https://www.usaspending.gov/award/CONT_IDV_47QTCA21D0014_4732
GS35F167DA,LARSEN & TOUBRO INFOTECH LIMITED INC,0.0,2016-02-04,,General Services Administration,Federal Acquisition Service,FEDERAL SUPPLY SCHEDULE CONTRACT,"{'code': '541512', 'description': 'COMPUTER SYSTEMS DESIGN SERVICES'}","{'code': 'D399', 'description': 'IT AND TELECOM- OTHER IT AND TELECOMMUNICATIONS'}",CONT_IDV_GS35F167DA_4732,LTIMindtree,https://www.usaspending.gov/award/CONT_IDV_GS35F167DA_4732
47QFMA18F0027,"COGNIZANT GOVERNMENT SOLUTIONS, INC.",78235164.11,2018-06-20,2023-09-28,General Services Administration,Federal Acquisition Service,MISSION COMMAND SUPPORT CENTER,"{'code': '541512', 'description': 'COMPUTER SYSTEMS DESIGN SERVICES'}","{'code': 'D316', 'description': 'IT AND TELECOM- TELECOMMUNICATIONS NETWORK MANAGEMENT'}",CONT_AWD_47QFMA18F0027_4732_GS06F0645Z_4730,Cognizant,https://www.usaspending.gov/award/CONT_AWD_47QFMA18F0027_4732_GS06F0645Z_4730
H9240420F0286,"COGNIZANT GOVERNMENT SOLUTIONS, INC.",58558027.52,2020-09-25,2025-03-27,Department of Defense,U.S. Special Operations Command,LABOR-GLOBAL FIELD SERVICE ENGINEERS,"{'code': '541519', 'description': 'OTHER COMPUTER RELATED SERVICES'}","{'code': 'D399', 'description': 'IT AND TELECOM- OTHER IT AND TELECOMMUNICATIONS'}",CONT_AWD_H9240420F0286_9700_GS35F368GA_4732,Cognizant,https://www.usaspending.gov/award/CONT_AWD_H9240420F0286_9700_GS35F368GA_4732
W56KGY21F0025,"COGNIZANT GOVERNMENT SOLUTIONS, INC.",49997817.28,2021-01-21,2026-12-20,Department of Defense,Department of the Army,TASK ORDER AWARD FOR SYSTEMS ENGINEERING AND TECHNICAL ASSISTANCE (SETA) SUPPORT SERVICES FOR PRODUCT MANAGER (PDM) MULTI-MISSION SURVEILLANCE SYSTEMS (M2S2).,"{'code': '541715', 'description': 'RESEARCH AND DEVELOPMENT IN THE PHYSICAL, ENGINEERING, AND LIFE SCIENCES (EXCEPT NANOTECHNOLOGY AND BIOTECHNOLOGY)'}","{'code': 'R408', 'description': 'SUPPORT- PROFESSIONAL: PROGRAM MANAGEMENT/SUPPORT'}",CONT_AWD_W56KGY21F0025_9700_W15P7T19D0131_9700,Cognizant,https://www.usaspending.gov/award/CONT_AWD_W56KGY21F0025_9700_W15P7T19D0131_9700
273FCC18F0022,"COGNIZANT GOVERNMENT SOLUTIONS, INC.",44894041.11,2018-09-28,2023-01-14,Federal Communications Commission,Federal Communications Commission,IT OPERATIONS SUPPORT SERVICES FOR THE FCC.,"{'code': '541512', 'description': 'COMPUTER SYSTEMS DESIGN SERVICES'}","{'code': 'D399', 'description': 'IT AND TELECOM- OTHER IT AND TELECOMMUNICATIONS'}",CONT_AWD_273FCC18F0022_2700_HHSN316201200179W_7529,Cognizant,https://www.usaspending.gov/award/CONT_AWD_273FCC18F0022_2700_HHSN316201200179W_7529
W91RUS17F0014,"COGNIZANT GOVERNMENT SOLUTIONS, INC.",41150087.56,2017-07-15,2021-01-31,Department of Defense,Department of the Army,IGF::OT::IGF RNEC IT NON-PERSONAL SUPPORT SERVICES,"{'code': '541512', 'description': 'COMPUTER SYSTEMS DESIGN SERVICES'}","{'code': 'D316', 'description': 'IT AND TELECOM- TELECOMMUNICATIONS NETWORK MANAGEMENT'}",CONT_AWD_W91RUS17F0014_9700_GS06F0711Z_4732,Cognizant,https://www.usaspending.gov/award/CONT_AWD_W91RUS17F0014_9700_GS06F0711Z_4732
GSQ0314DS0040,"COGNIZANT GOVERNMENT SOLUTIONS, INC.",32946843.31,2014-07-30,2018-06-28,General Services Administration,Federal Acquisition Service,"''IGF::OT::IGF'' PROGRAM MANAGEMENT OFFICE JOINT BATTLE COMMAND PLATFORM  NETWORK (ALSO KNOWN AS MISSION COMMAND), APG, MD OPERATONS CENTER SUPPORT. SERVICES REQUIRED TO MANAGE, OPERATE, SUPPORT, MAINTAIN, AND SUSTAIN US GOVERNMENT OPERATIONS CENTERS LOCATED AT MULTIPLE LOCATIONS IN CONUS AND OCONUS.","{'code': '541512', 'description': 'COMPUTER SYSTEMS DESIGN SERVICES'}","{'code': 'D316', 'description': 'IT AND TELECOM- TELECOMMUNICATIONS NETWORK MANAGEMENT'}",CONT_AWD_GSQ0314DS0040_4732_GS06F0645Z_4730,Cognizant,https://www.usaspending.gov/award/CONT_AWD_GSQ0314DS0040_4732_GS06F0645Z_4730
H9240421F0001,"COGNIZANT GOVERNMENT SOLUTIONS, INC.",17991803.02,2020-11-01,2025-10-31,Department of Defense,U.S. Special Operations Command,OMEN,"{'code': '541519', 'description': 'OTHER COMPUTER RELATED SERVICES'}","{'code': 'D307', 'description': 'IT AND TELECOM- IT STRATEGY AND ARCHITECTURE'}",CONT_AWD_H9240421F0001_9700_W52P1J18DA133_9700,Cognizant,https://www.usaspending.gov/award/CONT_AWD_H9240421F0001_9700_W52P1J18DA133_9700
M0026418F0164,"COGNIZANT GOVERNMENT SOLUTIONS, INC.",15760088.74,2018-05-15,2023-11-17,Department of Defense,Department of the Navy,CYBERSECURITY AND CYBERSPACE DEFENSE SUPPORT SERVICES,"{'code': '541512', 'description': 'COMPUTER SYSTEMS DESIGN SERVICES'}","{'code': 'R499', 'description': 'SUPPORT- PROFESSIONAL: OTHER'}",CONT_AWD_M0026418F0164_9700_GS06F0645Z_4730,Cognizant,https://www.usaspending.gov/award/CONT_AWD_M0026418F0164_9700_GS06F0645Z_4730
HSBP1012J00812,"COGNIZANT GOVERNMENT SOLUTIONS, INC.",15235444.04,2012-09-21,2018-04-26,Department of Homeland Security,U.S. Customs and Border Protection,THIS ENCOMPASSES SERVICES AND MAINTENANCE FOR ALL ENVIRONMENTAL  EQUIPMENT AND SYSTEMS THAT SUPPORT THE INFORMATION TECHNOLOGY INFRASTRUCTURE AT          THE NATIONAL DATA CENTER.,"{'code': '541512', 'description': 'COMPUTER SYSTEMS DESIGN SERVICES'}","{'code': 'M1EB', 'description': 'OPERATION OF MAINTENANCE BUILDINGS'}",CONT_AWD_HSBP1012J00812_7014_GS06F0711Z_4732,Cognizant,https://www.usaspending.gov/award/CONT_AWD_HSBP1012J00812_7014_GS06F0711Z_4732
19FS1A18F0024,"COGNIZANT GOVERNMENT SOLUTIONS, INC.",14180650.04,2018-05-25,2024-06-24,Department of State,Department of State,OMIS IT SUPPORT SERVICES,"{'code': '541512', 'description': 'COMPUTER SYSTEMS DESIGN SERVICES'}","{'code': 'R499', 'description': 'SUPPORT- PROFESSIONAL: OTHER'}",CONT_AWD_19FS1A18F0024_1900_HHSN316201200179W_7529,Cognizant,https://www.usaspending.gov/award/CONT_AWD_19FS1A18F0024_1900_HHSN316201200179W_7529
DTNH2215F00071,"COGNIZANT GOVERNMENT SOLUTIONS, INC.",11746611.11,2015-07-31,2022-05-04,Department of Transportation,National Highway Traffic Safety Administration,IGF::CL::IGF TITLE:  NHTSA'S VEHICLE SAFETY HOTLINE  DESCRIPTION:  REFERENCE REQUISITION 14-00002 AND SOLICITATION NUMBER DTNH22-14-R-00022 IN NHTSA'S LEGACY SYSTEM FOR SUPPORTING DOCUMENTATION  CONTINUE SERVICES FOR NHTSA'S VEHICLE SAFETY HOTLINE SERVICES.  DTNH22-09-C-00130 IS PROVIDING THESE SERVICES.  THIS CONTRACT EXPIRES MARCH 2016.,"{'code': '541512', 'description': 'COMPUTER SYSTEMS DESIGN SERVICES'}","{'code': 'R408', 'description': 'SUPPORT- PROFESSIONAL: PROGRAM MANAGEMENT/SUPPORT'}",CONT_AWD_DTNH2215F00071_6940_GS06F0711Z_4732,Cognizant,https://www.usaspending.gov/award/CONT_AWD_DTNH2215F00071_6940_GS06F0711Z_4732
TCC17HQG0063,"COGNIZANT GOVERNMENT SOLUTIONS, INC.",11197471.8,2017-01-04,2022-07-03,Department of the Treasury,Office of the Comptroller of the Currency,IGF::CT::IGF SERVICE DESK SUPPORT SERVICES,"{'code': '541512', 'description': 'COMPUTER SYSTEMS DESIGN SERVICES'}","{'code': 'D321', 'description': 'IT AND TELECOM- HELP DESK'}",CONT_AWD_TCC17HQG0063_2046_GS06F0711Z_4732,Cognizant,https://www.usaspending.gov/award/CONT_AWD_TCC17HQG0063_2046_GS06F0711Z_4732
H9240420F0215,"COGNIZANT GOVERNMENT SOLUTIONS, INC.",11174849.4,2020-08-01,2023-07-31,Department of Defense,U.S. Special Operations Command,USASOC HQ APP DEV LABOR,"{'code': '541519', 'description': 'OTHER COMPUTER RELATED SERVICES'}","{'code': 'D307', 'description': 'IT AND TELECOM- IT STRATEGY AND ARCHITECTURE'}",CONT_AWD_H9240420F0215_9700_W52P1J18DA133_9700,Cognizant,https://www.usaspending.gov/award/CONT_AWD_H9240420F0215_9700_W52P1J18DA133_9700
DEDT0014026,"COGNIZANT GOVERNMENT SOLUTIONS, INC.",10596255.74,2017-09-18,2020-11-01,Department of Energy,Department of Energy,IGF::OT::IGF - EIA IT INFRASTRUCTURE,"{'code': '541512', 'description': 'COMPUTER SYSTEMS DESIGN SERVICES'}","{'code': 'D301', 'description': 'IT AND TELECOM- FACILITY OPERATION AND MAINTENANCE'}",CONT_AWD_DEDT0014026_8900_GS06F0711Z_4732,Cognizant,https://www.usaspending.gov/award/CONT_AWD_DEDT0014026_8900_GS06F0711Z_4732
SBAHQ15F0109,"COGNIZANT GOVERNMENT SOLUTIONS, INC.",9960754.05,2015-08-14,2018-02-14,Small Business Administration,Small Business Administration,"SBA ONE MODERNIZATION ""IGF::OT::IGF""","{'code': '541512', 'description': 'COMPUTER SYSTEMS DESIGN SERVICES'}","{'code': 'R408', 'description': 'SUPPORT- PROFESSIONAL: PROGRAM MANAGEMENT/SUPPORT'}",CONT_AWD_SBAHQ15F0109_7300_GS06F0645Z_4730,Cognizant,https://www.usaspending.gov/award/CONT_AWD_SBAHQ15F0109_7300_GS06F0645Z_4730
GSQ1115BJ0014,"COGNIZANT GOVERNMENT SOLUTIONS, INC.",9551622.08,2015-05-15,2020-11-14,General Services Administration,Federal Acquisition Service,IGF::OT::IGF INFORMATION TECHNOLOGY CYBER SECURITY,"{'code': '541512', 'description': 'COMPUTER SYSTEMS DESIGN SERVICES'}","{'code': 'D310', 'description': 'IT AND TELECOM- CYBER SECURITY AND DATA BACKUP'}",CONT_AWD_GSQ1115BJ0014_4732_GS06F0711Z_4732,Cognizant,https://www.usaspending.gov/award/CONT_AWD_GSQ1115BJ0014_4732_GS06F0711Z_4732
NGA16FSS1377,"COGNIZANT GOVERNMENT SOLUTIONS, INC.",7074349.56,2016-10-01,2024-09-04,National Gallery of Art,National Gallery of Art,IGF::OT::IGF,"{'code': '541511', 'description': 'CUSTOM COMPUTER PROGRAMMING SERVICES'}","{'code': 'N070', 'description': 'INSTALLATION OF EQUIPMENT- ADP EQUIPMENT/SOFTWARE/SUPPLIES/SUPPORT EQUIPMENT'}",CONT_AWD_NGA16FSS1377_3355_-NONE-_-NONE-,Cognizant,https://www.usaspending.gov/award/CONT_AWD_NGA16FSS1377_3355_-NONE-_-NONE-
NGA17FSS0756EP,"COGNIZANT GOVERNMENT SOLUTIONS, INC.",7034595.98,2017-06-19,2024-09-04,National Gallery of Art,National Gallery of Art,IGF::OT::IGF,"{'code': '541511', 'description': 'CUSTOM COMPUTER PROGRAMMING SERVICES'}","{'code': 'N070', 'description': 'INSTALLATION OF EQUIPMENT- ADP EQUIPMENT/SOFTWARE/SUPPLIES/SUPPORT EQUIPMENT'}",CONT_AWD_NGA17FSS0756EP_3355_-NONE-_-NONE-,Cognizant,https://www.usaspending.gov/award/CONT_AWD_NGA17FSS0756EP_3355_-NONE-_-NONE-
2031ZA18F00523,"COGNIZANT GOVERNMENT SOLUTIONS, INC.",7020432.16,2018-11-13,2021-12-12,Department of the Treasury,Bureau of Engraving and Printing,IGF::OT::IGF  WEB APPLICATION SUPPORT SERVICES CYRBYME-C,"{'code': '541512', 'description': 'COMPUTER SYSTEMS DESIGN SERVICES'}","{'code': 'D308', 'description': 'IT AND TELECOM- PROGRAMMING'}",CONT_AWD_2031ZA18F00523_2041_GS06F0645Z_4730,Cognizant,https://www.usaspending.gov/award/CONT_AWD_2031ZA18F00523_2041_GS06F0645Z_4730
DU100F16T00009,"COGNIZANT GOVERNMENT SOLUTIONS, INC.",6890580.5,2016-09-29,2020-09-28,Department of Housing and Urban Development,Department of Housing and Urban Development,CYBERSECURITY FRAMEWORK PROGRAM IMPLEMENTATION IGF::OT::IGF,"{'code': '541512', 'description': 'COMPUTER SYSTEMS DESIGN SERVICES'}","{'code': 'D316', 'description': 'IT AND TELECOM- TELECOMMUNICATIONS NETWORK MANAGEMENT'}",CONT_AWD_DU100F16T00009_8600_GS06F0645Z_4730,Cognizant,https://www.usaspending.gov/award/CONT_AWD_DU100F16T00009_8600_GS06F0645Z_4730
75F40118F18003,"COGNIZANT GOVERNMENT SOLUTIONS, INC.",6717035.04,2018-08-17,2021-08-30,Department of Health and Human Services,Food and Drug Administration,TIER 1  TIER 2  AND TIER 3 HELPDESK SUPPORT FOR ORA APPLICATIONS,"{'code': '541511', 'description': 'CUSTOM COMPUTER PROGRAMMING SERVICES'}","{'code': 'D321', 'description': 'IT AND TELECOM- HELP DESK'}",CONT_AWD_75F40118F18003_7524_HHSF223201810003B_7524,Cognizant,https://www.usaspending.gov/award/CONT_AWD_75F40118F18003_7524_HHSF223201810003B_7524
M0026416F1002,"COGNIZANT GOVERNMENT SOLUTIONS, INC.",6480610.64,2015-11-10,2018-05-18,Department of Defense,Department of the Navy,CYBERSECURITY AND CND SUPPORT SERVICES IGF::OT::IGF,"{'code': '541512', 'description': 'COMPUTER SYSTEMS DESIGN SERVICES'}","{'code': 'D310', 'description': 'IT AND TELECOM- CYBER SECURITY AND DATA BACKUP'}",CONT_AWD_M0026416F1002_9700_GS06F0645Z_4730,Cognizant,https://www.usaspending.gov/award/CONT_AWD_M0026416F1002_9700_GS06F0645Z_4730
H9241525FE009,"COGNIZANT GOVERNMENT SOLUTIONS, INC.",5828834.94,2025-03-28,2025-07-27,Department of Defense,U.S. Special Operations Command,GLOBAL FIELD SERVICE ENGINEERS BRIDGE TASK ORDER,"{'code': '541350', 'description': 'BUILDING INSPECTION SERVICES'}","{'code': 'DA01', 'description': 'IT AND TELECOM - BUSINESS APPLICATION/APPLICATION DEVELOPMENT SUPPORT SERVICES (LABOR)'}",CONT_AWD_H9241525FE009_9700_47QRCA25DU574_4732,Cognizant,https://www.usaspending.gov/award/CONT_AWD_H9241525FE009_9700_47QRCA25DU574_4732
DEDT0014027,"COGNIZANT GOVERNMENT SOLUTIONS, INC.",5730121.98,2017-09-18,2020-09-17,Department of Energy,Department of Energy,IGF::OT::IGF - EIA IT INFRASTRUCTURE (OPERATIONS CONTROL&FACILITIES),"{'code': '541512', 'description': 'COMPUTER SYSTEMS DESIGN SERVICES'}","{'code': 'D301', 'description': 'IT AND TELECOM- FACILITY OPERATION AND MAINTENANCE'}",CONT_AWD_DEDT0014027_8900_GS06F0711Z_4732,Cognizant,https://www.usaspending.gov/award/CONT_AWD_DEDT0014027_8900_GS06F0711Z_4732
273FCC23F0021,"COGNIZANT GOVERNMENT SOLUTIONS, INC.",5648980.33,2023-01-13,2023-06-30,Federal Communications Commission,Federal Communications Commission,"SERVICE DESK, DATACENTER, AND NETWORK OPERATIONS SUPPORT SERVICES.","{'code': '541512', 'description': 'COMPUTER SYSTEMS DESIGN SERVICES'}","{'code': 'DD01', 'description': 'IT AND TELECOM - SERVICE DELIVERY SUPPORT SERVICES: ITSM, OPERATIONS CENTER, PROJECT/PM (LABOR)'}",CONT_AWD_273FCC23F0021_2700_HHSN316201200179W_7529,Cognizant,https://www.usaspending.gov/award/CONT_AWD_273FCC23F0021_2700_HHSN316201200179W_7529
IND16PD01062,"COGNIZANT GOVERNMENT SOLUTIONS, INC.",5377132.87,2016-09-16,2018-09-15,Department of the Interior,Departmental Offices,IGF::CL::IGF INFRASTRUCTURE SUPPORT SERVICES,"{'code': '541512', 'description': 'COMPUTER SYSTEMS DESIGN SERVICES'}","{'code': 'D399', 'description': 'IT AND TELECOM- OTHER IT AND TELECOMMUNICATIONS'}",CONT_AWD_IND16PD01062_1406_GS06F0645Z_4730,Cognizant,https://www.usaspending.gov/award/CONT_AWD_IND16PD01062_1406_GS06F0645Z_4730
47QFCA18F0112,"COGNIZANT GOVERNMENT SOLUTIONS, INC.",4864431.75,2018-09-26,2019-09-25,General Services Administration,Federal Acquisition Service,IGF::OT::IGF,"{'code': '541512', 'description': 'COMPUTER SYSTEMS DESIGN SERVICES'}","{'code': 'D318', 'description': 'IT AND TELECOM- INTEGRATED HARDWARE/SOFTWARE/SERVICES SOLUTIONS, PREDOMINANTLY SERVICES'}",CONT_AWD_47QFCA18F0112_4732_GS06F0645Z_4730,Cognizant,https://www.usaspending.gov/award/CONT_AWD_47QFCA18F0112_4732_GS06F0645Z_4730
H9240420F0049,"COGNIZANT GOVERNMENT SOLUTIONS, INC.",4564013.69,2020-04-01,2023-09-15,Department of Defense,U.S. Special Operations Command,GAME CHANGERS II,"{'code': '541512', 'description': 'COMPUTER SYSTEMS DESIGN SERVICES'}","{'code': 'D307', 'description': 'IT AND TELECOM- IT STRATEGY AND ARCHITECTURE'}",CONT_AWD_H9240420F0049_9700_GS06F0711Z_4732,Cognizant,https://www.usaspending.gov/award/CONT_AWD_H9240420F0049_9700_GS06F0711Z_4732
DOCSA130114NC0169,"COGNIZANT GOVERNMENT SOLUTIONS, INC.",4561406.08,2014-09-30,2016-09-29,Department of Commerce,Office of the Secretary,HELP DESK SERVICES IGF::CT::IGF,"{'code': '541512', 'description': 'COMPUTER SYSTEMS DESIGN SERVICES'}","{'code': 'D321', 'description': 'IT AND TELECOM- HELP DESK'}",CONT_AWD_DOCSA130114NC0169_1301_GS06F0645Z_4730,Cognizant,https://www.usaspending.gov/award/CONT_AWD_DOCSA130114NC0169_1301_GS06F0645Z_4730
H9240420F0001,"COGNIZANT GOVERNMENT SOLUTIONS, INC.",4488726.72,2019-11-05,2021-07-28,Department of Defense,U.S. Special Operations Command,RDT&E - SOFTWARE SYSTEMS ENGINEER SR,"{'code': '541512', 'description': 'COMPUTER SYSTEMS DESIGN SERVICES'}","{'code': 'D307', 'description': 'IT AND TELECOM- IT STRATEGY AND ARCHITECTURE'}",CONT_AWD_H9240420F0001_9700_GS06F0711Z_4732,Cognizant,https://www.usaspending.gov/award/CONT_AWD_H9240420F0001_9700_GS06F0711Z_4732
H9222218F0080,"COGNIZANT GOVERNMENT SOLUTIONS, INC.",4484795.8,2018-03-26,2021-07-26,Department of Defense,U.S. Special Operations Command,LABOR,"{'code': '541512', 'description': 'COMPUTER SYSTEMS DESIGN SERVICES'}","{'code': 'D307', 'description': 'IT AND TELECOM- IT STRATEGY AND ARCHITECTURE'}",CONT_AWD_H9222218F0080_9700_GS06F0711Z_4732,Cognizant,https://www.usaspending.gov/award/CONT_AWD_H9222218F0080_9700_GS06F0711Z_4732
H9240420F0042,"COGNIZANT GOVERNMENT SOLUTIONS, INC.",4329214.34,2020-02-13,2022-02-12,Department of Defense,U.S. Special Operations Command,COMMAND DATA OFFICE SUPPORT II LABOR,"{'code': '541512', 'description': 'COMPUTER SYSTEMS DESIGN SERVICES'}","{'code': 'D307', 'description': 'IT AND TELECOM- IT STRATEGY AND ARCHITECTURE'}",CONT_AWD_H9240420F0042_9700_GS06F0711Z_4732,Cognizant,https://www.usaspending.gov/award/CONT_AWD_H9240420F0042_9700_GS06F0711Z_4732
H9222217F0265,"COGNIZANT GOVERNMENT SOLUTIONS, INC.",4295732.95,2017-09-25,2023-03-24,Department of Defense,U.S. Special Operations Command,IGF::CT::IGF C4I LAB,"{'code': '541512', 'description': 'COMPUTER SYSTEMS DESIGN SERVICES'}","{'code': 'D307', 'description': 'IT AND TELECOM- IT STRATEGY AND ARCHITECTURE'}",CONT_AWD_H9222217F0265_9700_GS06F0711Z_4732,Cognizant,https://www.usaspending.gov/award/CONT_AWD_H9222217F0265_9700_GS06F0711Z_4732
H9222217F0087,"COGNIZANT GOVERNMENT SOLUTIONS, INC.",3999117.96,2017-04-01,2020-03-31,Department of Defense,U.S. Special Operations Command,IGF::CT::IGF SOF AT&L GAME CHANGERS,"{'code': '541512', 'description': 'COMPUTER SYSTEMS DESIGN SERVICES'}","{'code': 'D307', 'description': 'IT AND TELECOM- IT STRATEGY AND ARCHITECTURE'}",CONT_AWD_H9222217F0087_9700_GS06F0711Z_4732,Cognizant,https://www.usaspending.gov/award/CONT_AWD_H9222217F0087_9700_GS06F0711Z_4732
H9222217F0219,"COGNIZANT GOVERNMENT SOLUTIONS, INC.",3924813.32,2017-08-16,2021-08-15,Department of Defense,U.S. Special Operations Command,IGF::CT::IGF EBUSINESS SUPPORT,"{'code': '541512', 'description': 'COMPUTER SYSTEMS DESIGN SERVICES'}","{'code': 'D307', 'description': 'IT AND TELECOM- IT STRATEGY AND ARCHITECTURE'}",CONT_AWD_H9222217F0219_9700_GS06F0645Z_4730,Cognizant,https://www.usaspending.gov/award/CONT_AWD_H9222217F0219_9700_GS06F0645Z_4730
H9240419F0104,"COGNIZANT GOVERNMENT SOLUTIONS, INC.",3917136.75,2019-04-01,2021-10-31,Department of Defense,U.S. Special Operations Command,USASOC DEFENSEREADY LABOR,"{'code': '541512', 'description': 'COMPUTER SYSTEMS DESIGN SERVICES'}","{'code': 'D307', 'description': 'IT AND TELECOM- IT STRATEGY AND ARCHITECTURE'}",CONT_AWD_H9240419F0104_9700_GS06F0711Z_4732,Cognizant,https://www.usaspending.gov/award/CONT_AWD_H9240419F0104_9700_GS06F0711Z_4732
H9240418F0013,"COGNIZANT GOVERNMENT SOLUTIONS, INC.",3844328.13,2018-05-05,2019-11-05,Department of Defense,U.S. Special Operations Command,SRSE SUPPORT,"{'code': '541512', 'description': 'COMPUTER SYSTEMS DESIGN SERVICES'}","{'code': 'D307', 'description': 'IT AND TELECOM- IT STRATEGY AND ARCHITECTURE'}",CONT_AWD_H9240418F0013_9700_GS06F0711Z_4732,Cognizant,https://www.usaspending.gov/award/CONT_AWD_H9240418F0013_9700_GS06F0711Z_4732
H9240419F0004,"COGNIZANT GOVERNMENT SOLUTIONS, INC.",3745854.12,2018-11-01,2020-10-31,Department of Defense,U.S. Special Operations Command,LABOR - DEFENSEREADY SERVICES,"{'code': '541512', 'description': 'COMPUTER SYSTEMS DESIGN SERVICES'}","{'code': 'D308', 'description': 'IT AND TELECOM- PROGRAMMING'}",CONT_AWD_H9240419F0004_9700_GS06F0711Z_4732,Cognizant,https://www.usaspending.gov/award/CONT_AWD_H9240419F0004_9700_GS06F0711Z_4732
HHS0000,"COGNIZANT GOVERNMENT SOLUTIONS, INC.",3573469.2,2007-09-21,2012-09-20,Department of Health and Human Services,Food and Drug Administration,INCREMENTAL FUNDING FOR THE CONSOLIDATED ORA APPLICATION HELPDESK (CORAAH),"{'code': '541511', 'description': 'CUSTOM COMPUTER PROGRAMMING SERVICES'}","{'code': 'D399', 'description': 'IT AND TELECOM- OTHER IT AND TELECOMMUNICATIONS'}",CONT_AWD_HHS0000_7524_HHSF223200750016B_7524,Cognizant,https://www.usaspending.gov/award/CONT_AWD_HHS0000_7524_HHSF223200750016B_7524
DTOS5914F10013,"COGNIZANT GOVERNMENT SOLUTIONS, INC.",3471872.67,2013-09-06,2019-01-24,Department of Transportation,Immediate Office of the Secretary of Transportation,"IGF::OT::IGF THE PURPOSE OF THIS TASK ORDER IS TO PROVIDE RESEARCH, DATA ANALYSIS, GENERAL ADMINISTRATIVE AND SYSTEMS SUPPORT IN ORDER TO SUPPORT THE OFFICE OF FINANCIAL MANAGEMENT.","{'code': '541512', 'description': 'COMPUTER SYSTEMS DESIGN SERVICES'}","{'code': 'D302', 'description': 'IT AND TELECOM- SYSTEMS DEVELOPMENT'}",CONT_AWD_DTOS5914F10013_6901_GS06F0711Z_4732,Cognizant,https://www.usaspending.gov/award/CONT_AWD_DTOS5914F10013_6901_GS06F0711Z_4732
47QFPA19F0080,"COGNIZANT GOVERNMENT SOLUTIONS, INC.",3391460.28,2019-09-27,2022-03-26,General Services Administration,Federal Acquisition Service,ANGRC INFORMATION ASSURANCE SUPPORT,"{'code': '541512', 'description': 'COMPUTER SYSTEMS DESIGN SERVICES'}","{'code': 'D301', 'description': 'IT AND TELECOM- FACILITY OPERATION AND MAINTENANCE'}",CONT_AWD_47QFPA19F0080_4732_GS06F0711Z_4732,Cognizant,https://www.usaspending.gov/award/CONT_AWD_47QFPA19F0080_4732_GS06F0711Z_4732
47QFPA19F0083,"COGNIZANT GOVERNMENT SOLUTIONS, INC.",3389715.03,2019-09-26,2020-05-25,General Services Administration,Federal Acquisition Service,ANGRC HELP DESK SUPPORT,"{'code': '541512', 'description': 'COMPUTER SYSTEMS DESIGN SERVICES'}","{'code': 'D321', 'description': 'IT AND TELECOM- HELP DESK'}",CONT_AWD_47QFPA19F0083_4732_GS06F0711Z_4732,Cognizant,https://www.usaspending.gov/award/CONT_AWD_47QFPA19F0083_4732_GS06F0711Z_4732
71311119F1057,"COGNIZANT GOVERNMENT SOLUTIONS, INC.",2908128.12,2019-07-31,2020-08-15,Overseas Private Investment Corporation,Overseas Private Investment Corporation,ITSS OPIC IT SUPPORT SERVICES,"{'code': '541512', 'description': 'COMPUTER SYSTEMS DESIGN SERVICES'}","{'code': 'D399', 'description': 'IT AND TELECOM- OTHER IT AND TELECOMMUNICATIONS'}",CONT_AWD_71311119F1057_7700_HHSN316201200179W_7529,Cognizant,https://www.usaspending.gov/award/CONT_AWD_71311119F1057_7700_HHSN316201200179W_7529
H9222217F0191,"COGNIZANT GOVERNMENT SOLUTIONS, INC.",2836835.01,2017-07-14,2023-01-13,Department of Defense,U.S. Special Operations Command,IGF::CT::IGF CARE COALITION,"{'code': '541512', 'description': 'COMPUTER SYSTEMS DESIGN SERVICES'}","{'code': 'D307', 'description': 'IT AND TELECOM- IT STRATEGY AND ARCHITECTURE'}",CONT_AWD_H9222217F0191_9700_GS06F0711Z_4732,Cognizant,https://www.usaspending.gov/award/CONT_AWD_H9222217F0191_9700_GS06F0711Z_4732
HHSF22317003,"COGNIZANT GOVERNMENT SOLUTIONS, INC.",2827288.61,2017-08-30,2018-08-30,Department of Health and Human Services,Food and Drug Administration,IGF::OT::IGF - ORA HELPDESK SUPPORT SERVICES,"{'code': '541511', 'description': 'CUSTOM COMPUTER PROGRAMMING SERVICES'}","{'code': 'D321', 'description': 'IT AND TELECOM- HELP DESK'}",CONT_AWD_HHSF22317003_7524_HHSF223201210014B_7524,Cognizant,https://www.usaspending.gov/award/CONT_AWD_HHSF22317003_7524_HHSF223201210014B_7524
H9222217F0188,"COGNIZANT GOVERNMENT SOLUTIONS, INC.",2719047.03,2017-07-14,2022-07-13,Department of Defense,U.S. Special Operations Command,IGF::CT::IGF J6 PORTAL,"{'code': '541512', 'description': 'COMPUTER SYSTEMS DESIGN SERVICES'}","{'code': 'D307', 'description': 'IT AND TELECOM- IT STRATEGY AND ARCHITECTURE'}",CONT_AWD_H9222217F0188_9700_GS06F0711Z_4732,Cognizant,https://www.usaspending.gov/award/CONT_AWD_H9222217F0188_9700_GS06F0711Z_4732
47QFDA21F0004,"COGNIZANT GOVERNMENT SOLUTIONS, INC.",2655708.03,2020-11-15,2022-06-30,General Services Administration,Federal Acquisition Service,GINNIE MAE CYBE SECURITY RECOMPETE,"{'code': '541512', 'description': 'COMPUTER SYSTEMS DESIGN SERVICES'}","{'code': 'DF01', 'description': 'IT AND TELECOM - IT MANAGEMENT SUPPORT SERVICES (LABOR)'}",CONT_AWD_47QFDA21F0004_4732_GS06F0711Z_4732,Cognizant,https://www.usaspending.gov/award/CONT_AWD_47QFDA21F0004_4732_GS06F0711Z_4732
FA850524F0022,"COGNIZANT GOVERNMENT SOLUTIONS, INC.",2409043.0,2024-09-30,2029-09-29,Department of Defense,Department of the Air Force,F-15 AIRCRAFT ELECTRONICS VULNERABILITY ASSESSMENT,"{'code': '332993', 'description': 'AMMUNITION (EXCEPT SMALL ARMS) MANUFACTURING'}","{'code': 'R425', 'description': 'SUPPORT- PROFESSIONAL: ENGINEERING/TECHNICAL'}",CONT_AWD_FA850524F0022_9700_FA865622DA036_9700,Cognizant,https://www.usaspending.gov/award/CONT_AWD_FA850524F0022_9700_FA865622DA036_9700
W9133L20F4030,"COGNIZANT GOVERNMENT SOLUTIONS, INC.",2379751.76,2020-09-29,2025-09-29,Department of Defense,Department of the Army,AV/VTC COMMERCIAL SERVICES,"{'code': '541519', 'description': 'OTHER COMPUTER RELATED SERVICES'}","{'code': 'D302', 'description': 'IT AND TELECOM- SYSTEMS DEVELOPMENT'}",CONT_AWD_W9133L20F4030_9700_W52P1J18DA133_9700,Cognizant,https://www.usaspending.gov/award/CONT_AWD_W9133L20F4030_9700_W52P1J18DA133_9700
HHSF22316002,"COGNIZANT GOVERNMENT SOLUTIONS, INC.",2236038.96,2016-08-16,2017-08-30,Department of Health and Human Services,Food and Drug Administration,IGF::OT::IGF,"{'code': '541511', 'description': 'CUSTOM COMPUTER PROGRAMMING SERVICES'}","{'code': 'D321', 'description': 'IT AND TELECOM- HELP DESK'}",CONT_AWD_HHSF22316002_7524_HHSF223201210014B_7524,Cognizant,https://www.usaspending.gov/award/CONT_AWD_HHSF22316002_7524_HHSF223201210014B_7524
HHSF22314003,"COGNIZANT GOVERNMENT SOLUTIONS, INC.",1859178.95,2014-08-28,2017-09-29,Department of Health and Human Services,Food and Drug Administration,IGF::CT::IGF ORA INTERNAL APPLICATIONS HELP DESK SUPPORT,"{'code': '541511', 'description': 'CUSTOM COMPUTER PROGRAMMING SERVICES'}","{'code': 'D321', 'description': 'IT AND TELECOM- HELP DESK'}",CONT_AWD_HHSF22314003_7524_HHSF223201210014B_7524,Cognizant,https://www.usaspending.gov/award/CONT_AWD_HHSF22314003_7524_HHSF223201210014B_7524
HSTS0216FOIA039,"COGNIZANT GOVERNMENT SOLUTIONS, INC.",1670391.63,2016-08-04,2018-02-07,Department of Homeland Security,Transportation Security Administration,IGF::OT::IGF TIER II CUSTOMER SUPPORT SERVICES TO THE TRANSPORTATION SECTOR POPULATIONS AND/OR PROGRAMS THAT ARE MANAGED BY PMD WITH IT AND NON-IT RELATED TASKS.,"{'code': '541512', 'description': 'COMPUTER SYSTEMS DESIGN SERVICES'}","{'code': 'D321', 'description': 'IT AND TELECOM- HELP DESK'}",CONT_AWD_HSTS0216FOIA039_7013_GS06F0645Z_4730,Cognizant,https://www.usaspending.gov/award/CONT_AWD_HSTS0216FOIA039_7013_GS06F0645Z_4730
H9222218F0003,"COGNIZANT GOVERNMENT SOLUTIONS, INC.",1625455.55,2017-12-04,2022-12-03,Department of Defense,U.S. Special Operations Command,PBUSE LABOR,"{'code': '541512', 'description': 'COMPUTER SYSTEMS DESIGN SERVICES'}","{'code': 'D307', 'description': 'IT AND TELECOM- IT STRATEGY AND ARCHITECTURE'}",CONT_AWD_H9222218F0003_9700_GS06F0711Z_4732,Cognizant,https://www.usaspending.gov/award/CONT_AWD_H9222218F0003_9700_GS06F0711Z_4732
H9240420F0084,"COGNIZANT GOVERNMENT SOLUTIONS, INC.",1614305.96,2020-03-31,2021-03-30,Department of Defense,U.S. Special Operations Command,ATLAS,"{'code': '541512', 'description': 'COMPUTER SYSTEMS DESIGN SERVICES'}","{'code': 'D307', 'description': 'IT AND TELECOM- IT STRATEGY AND ARCHITECTURE'}",CONT_AWD_H9240420F0084_9700_GS06F0711Z_4732,Cognizant,https://www.usaspending.gov/award/CONT_AWD_H9240420F0084_9700_GS06F0711Z_4732
HHSF22313004,"COGNIZANT GOVERNMENT SOLUTIONS, INC.",1590877.72,2013-08-29,2017-09-29,Department of Health and Human Services,Food and Drug Administration,IGF::CT::IGF INTERNAL HELP DESK SUPPORT,"{'code': '541511', 'description': 'CUSTOM COMPUTER PROGRAMMING SERVICES'}","{'code': 'D321', 'description': 'IT AND TELECOM- HELP DESK'}",CONT_AWD_HHSF22313004_7524_HHSF223201210014B_7524,Cognizant,https://www.usaspending.gov/award/CONT_AWD_HHSF22313004_7524_HHSF223201210014B_7524
H9240419F0065,"COGNIZANT GOVERNMENT SOLUTIONS, INC.",1541488.94,2019-02-15,2020-02-14,Department of Defense,U.S. Special Operations Command,CHIEF DATA OFFICE SUPPORT - LABOR,"{'code': '541512', 'description': 'COMPUTER SYSTEMS DESIGN SERVICES'}","{'code': 'D307', 'description': 'IT AND TELECOM- IT STRATEGY AND ARCHITECTURE'}",CONT_AWD_H9240419F0065_9700_GS06F0711Z_4732,Cognizant,https://www.usaspending.gov/award/CONT_AWD_H9240419F0065_9700_GS06F0711Z_4732
75F40120F80097,"COGNIZANT GOVERNMENT SOLUTIONS, INC.",1463235.96,2020-03-11,2021-09-28,Department of Health and Human Services,Food and Drug Administration,"EXTRANET HELPDESK SUPPORT SERVICES WHICH IS A CALL CENTER THAT HELPS ANSWER GENERAL QUESTIONS FOR THE FDA UNIFIED REGISTRATION&LISTING SYSTEM (FURLS) FOR THE FOOD FACILITY REGISTRATION MODULE (FFRM), SHELL EGG REGISTRATION, LOW ACID CANNED F","{'code': '541512', 'description': 'COMPUTER SYSTEMS DESIGN SERVICES'}","{'code': 'D313', 'description': 'IT AND TELECOM- COMPUTER AIDED DESIGN/COMPUTER AIDED MANUFACTURING (CAD/CAM)'}",CONT_AWD_75F40120F80097_7524_GS06F0711Z_4732,Cognizant,https://www.usaspending.gov/award/CONT_AWD_75F40120F80097_7524_GS06F0711Z_4732
75F40118F18001,"COGNIZANT GOVERNMENT SOLUTIONS, INC.",1413289.47,2018-07-26,2019-07-29,Department of Health and Human Services,Food and Drug Administration,CDER HELP DESK AND CITL SUPPORT SERVICES,"{'code': '541511', 'description': 'CUSTOM COMPUTER PROGRAMMING SERVICES'}","{'code': 'D321', 'description': 'IT AND TELECOM- HELP DESK'}",CONT_AWD_75F40118F18001_7524_HHSF223201810003B_7524,Cognizant,https://www.usaspending.gov/award/CONT_AWD_75F40118F18001_7524_HHSF223201810003B_7524
75F40120F80327,"COGNIZANT GOVERNMENT SOLUTIONS, INC.",1379984.98,2020-07-16,2021-07-29,Department of Health and Human Services,Food and Drug Administration,CDER BUSINESS PROCESS USER SUPPORT,"{'code': '541512', 'description': 'COMPUTER SYSTEMS DESIGN SERVICES'}","{'code': '7020', 'description': 'INFORMATION TECHNOLOGY CENTRAL PROCESSING UNIT (CPU, COMPUTER), ANALOG'}",CONT_AWD_75F40120F80327_7524_GS06F0711Z_4732,Cognizant,https://www.usaspending.gov/award/CONT_AWD_75F40120F80327_7524_GS06F0711Z_4732
FA850523F0034,"COGNIZANT GOVERNMENT SOLUTIONS, INC.",1147976.0,2023-09-29,2024-09-30,Department of Defense,Department of the Air Force,F-15 AIRCRAFT ELECTRONICS VULNERABILITY ASSESSMENT,"{'code': '332993', 'description': 'AMMUNITION (EXCEPT SMALL ARMS) MANUFACTURING'}","{'code': 'R425', 'description': 'SUPPORT- PROFESSIONAL: ENGINEERING/TECHNICAL'}",CONT_AWD_FA850523F0034_9700_FA865622DA036_9700,Cognizant,https://www.usaspending.gov/award/CONT_AWD_FA850523F0034_9700_FA865622DA036_9700
HHSF22318002,"COGNIZANT GOVERNMENT SOLUTIONS, INC.",1058859.13,2018-03-30,2019-04-01,Department of Health and Human Services,Food and Drug Administration,APPLICATION HELPDESK AND SUPPORT SERVICES BIOTERRORISM EXTRANET APPLICATION SUPPORT,"{'code': '541511', 'description': 'CUSTOM COMPUTER PROGRAMMING SERVICES'}","{'code': 'D321', 'description': 'IT AND TELECOM- HELP DESK'}",CONT_AWD_HHSF22318002_7524_HHSF223201810003B_7524,Cognizant,https://www.usaspending.gov/award/CONT_AWD_HHSF22318002_7524_HHSF223201810003B_7524
75F40119F19004,"COGNIZANT GOVERNMENT SOLUTIONS, INC.",948558.72,2019-03-27,2020-04-01,Department of Health and Human Services,Food and Drug Administration,CFSAN APPLICATION HELPDESK AND SUPPORT SERVICES BIOTERRORISM EXTRANET APPLICATION SUPPORT,"{'code': '541511', 'description': 'CUSTOM COMPUTER PROGRAMMING SERVICES'}","{'code': 'D321', 'description': 'IT AND TELECOM- HELP DESK'}",CONT_AWD_75F40119F19004_7524_HHSF223201810003B_7524,Cognizant,https://www.usaspending.gov/award/CONT_AWD_75F40119F19004_7524_HHSF223201810003B_7524
HHSH230F5002,"COGNIZANT GOVERNMENT SOLUTIONS, INC.",933605.69,2006-06-21,2011-06-30,Department of Health and Human Services,Health Resources and Services Administration,NHSC RECORDS MANAGEMENT,"{'code': '333298', 'description': 'ALL OTHER INDUSTRIAL MACHINERY MANUFACTURING'}","{'code': 'R408', 'description': 'SUPPORT- PROFESSIONAL: PROGRAM MANAGEMENT/SUPPORT'}",CONT_AWD_HHSH230F5002_7526_GS25F0041R_4730,Cognizant,https://www.usaspending.gov/award/CONT_AWD_HHSH230F5002_7526_GS25F0041R_4730
75F40119F19005,"COGNIZANT GOVERNMENT SOLUTIONS, INC.",832055.12,2019-07-10,2020-07-29,Department of Health and Human Services,Food and Drug Administration,"APPLICATION USER SUPPORT HAS PREVIOUSLY BEEN PROVIDED UNDER A NUMBER OF CONTRACTS WITH VARYING METHODS EMPLOYED TO RECEIVE, TRACK, AND REPORT ON SUPPORT SERVICES PROVIDED. THIS PERFORMANCE WORK STATEMENT IS USING THE CONSOLIDATED APPLICATION HEL","{'code': '541511', 'description': 'CUSTOM COMPUTER PROGRAMMING SERVICES'}","{'code': 'D321', 'description': 'IT AND TELECOM- HELP DESK'}",CONT_AWD_75F40119F19005_7524_HHSF223201810003B_7524,Cognizant,https://www.usaspending.gov/award/CONT_AWD_75F40119F19005_7524_HHSF223201810003B_7524
HC104718F4024,"COGNIZANT GOVERNMENT SOLUTIONS, INC.",830737.75,2018-08-01,2019-01-31,Department of Defense,Defense Information Systems Agency,FIELD SERVICES SUPPORT,"{'code': '541512', 'description': 'COMPUTER SYSTEMS DESIGN SERVICES'}","{'code': 'D308', 'description': 'IT AND TELECOM- PROGRAMMING'}",CONT_AWD_HC104718F4024_9700_GS06F0711Z_4732,Cognizant,https://www.usaspending.gov/award/CONT_AWD_HC104718F4024_9700_GS06F0711Z_4732
47QFAA18F0007,"COGNIZANT GOVERNMENT SOLUTIONS, INC.",790076.49,2018-01-16,2019-01-17,General Services Administration,Federal Acquisition Service,STEPS TO PERFORMANCE BASED ACQUISITION APPLICATION  IGF::OT::IGF,"{'code': '541512', 'description': 'COMPUTER SYSTEMS DESIGN SERVICES'}","{'code': 'D302', 'description': 'IT AND TELECOM- SYSTEMS DEVELOPMENT'}",CONT_AWD_47QFAA18F0007_4732_GS06F0645Z_4730,Cognizant,https://www.usaspending.gov/award/CONT_AWD_47QFAA18F0007_4732_GS06F0645Z_4730
H9222217F0296,"COGNIZANT GOVERNMENT SOLUTIONS, INC.",641021.55,2017-09-29,2019-03-24,Department of Defense,U.S. Special Operations Command,IGF::CT::IGF CLOUD GOVERNANCE AND MANAGEMENT,"{'code': '541512', 'description': 'COMPUTER SYSTEMS DESIGN SERVICES'}","{'code': 'D307', 'description': 'IT AND TELECOM- IT STRATEGY AND ARCHITECTURE'}",CONT_AWD_H9222217F0296_9700_GS06F0711Z_4732,Cognizant,https://www.usaspending.gov/award/CONT_AWD_H9222217F0296_9700_GS06F0711Z_4732
HHSF223201310011G,"COGNIZANT GOVERNMENT SOLUTIONS, INC.",592140.02,2012-11-14,2013-05-31,Department of Health and Human Services,Food and Drug Administration,IGF::CT::IGF INTERNAL CALL CENTER SUPPORT SERVICES FOR THE OFFICE OF REGULATORY AFFAIRS APPLICATIONS HELP DESK.,"{'code': '541512', 'description': 'COMPUTER SYSTEMS DESIGN SERVICES'}","{'code': 'D321', 'description': 'IT AND TELECOM- HELP DESK'}",CONT_AWD_HHSF223201310011G_7524_GS06F0711Z_4732,Cognizant,https://www.usaspending.gov/award/CONT_AWD_HHSF223201310011G_7524_GS06F0711Z_4732
2031ZA20F00125,"COGNIZANT GOVERNMENT SOLUTIONS, INC.",459868.65,2020-03-30,2022-05-12,Department of the Treasury,Bureau of Engraving and Printing,SERENA APPLICATION&DATA EXPORT SUPPORT SERVICES,"{'code': '541512', 'description': 'COMPUTER SYSTEMS DESIGN SERVICES'}","{'code': 'D309', 'description': 'IT AND TELECOM- INFORMATION AND DATA BROADCASTING OR DATA DISTRIBUTION'}",CONT_AWD_2031ZA20F00125_2041_GS06F0711Z_4732,Cognizant,https://www.usaspending.gov/award/CONT_AWD_2031ZA20F00125_2041_GS06F0711Z_4732
HHSF22317002,"COGNIZANT GOVERNMENT SOLUTIONS, INC.",349440.0,2017-03-02,2017-08-30,Department of Health and Human Services,Food and Drug Administration,IGF::OT::IGF - ORA PROGRAM ALIGNMENT HELPDESK SUPPORT SERVICES,"{'code': '541511', 'description': 'CUSTOM COMPUTER PROGRAMMING SERVICES'}","{'code': 'D321', 'description': 'IT AND TELECOM- HELP DESK'}",CONT_AWD_HHSF22317002_7524_HHSF223201210014B_7524,Cognizant,https://www.usaspending.gov/award/CONT_AWD_HHSF22317002_7524_HHSF223201210014B_7524
HHSF22313002,"COGNIZANT GOVERNMENT SOLUTIONS, INC.",236510.55,2013-06-03,2017-09-13,Department of Health and Human Services,Food and Drug Administration,IGF::CT::IGF HELPDESK SUPPORT,"{'code': '541511', 'description': 'CUSTOM COMPUTER PROGRAMMING SERVICES'}","{'code': 'D399', 'description': 'IT AND TELECOM- OTHER IT AND TELECOMMUNICATIONS'}",CONT_AWD_HHSF22313002_7524_HHSF223201210014B_7524,Cognizant,https://www.usaspending.gov/award/CONT_AWD_HHSF22313002_7524_HHSF223201210014B_7524
H9240420F0065,"COGNIZANT GOVERNMENT SOLUTIONS, INC.",210857.28,2020-03-12,2021-02-12,Department of Defense,U.S. Special Operations Command,CIVIC DIGITAL FELLOWSHIP SUMMER 2020,"{'code': '541512', 'description': 'COMPUTER SYSTEMS DESIGN SERVICES'}","{'code': 'B506', 'description': 'SPECIAL STUDIES/ANALYSIS- DATA (OTHER THAN SCIENTIFIC)'}",CONT_AWD_H9240420F0065_9700_GS06F0711Z_4732,Cognizant,https://www.usaspending.gov/award/CONT_AWD_H9240420F0065_9700_GS06F0711Z_4732
H9222218F9001,"COGNIZANT GOVERNMENT SOLUTIONS, INC.",184830.58,2018-05-09,2021-11-13,Department of Defense,U.S. Special Operations Command,LABOR,"{'code': '541512', 'description': 'COMPUTER SYSTEMS DESIGN SERVICES'}","{'code': 'D307', 'description': 'IT AND TELECOM- IT STRATEGY AND ARCHITECTURE'}",CONT_AWD_H9222218F9001_9700_GS06F0711Z_4732,Cognizant,https://www.usaspending.gov/award/CONT_AWD_H9222218F9001_9700_GS06F0711Z_4732
HHSF22316003,"COGNIZANT GOVERNMENT SOLUTIONS, INC.",153584.0,2016-09-15,2017-09-15,Department of Health and Human Services,Food and Drug Administration,IGF::OT::IGF OTS APPLICATION HELP DESK SUPPORT,"{'code': '541511', 'description': 'CUSTOM COMPUTER PROGRAMMING SERVICES'}","{'code': 'D321', 'description': 'IT AND TELECOM- HELP DESK'}",CONT_AWD_HHSF22316003_7524_HHSF223201210014B_7524,Cognizant,https://www.usaspending.gov/award/CONT_AWD_HHSF22316003_7524_HHSF223201210014B_7524
DTRTVT1001,"ENDEAVOR SYSTEMS, INC.",143333.22,2011-04-29,2011-09-09,Department of Transportation,Immediate Office of the Secretary of Transportation,AIRBOURNE NETWORK SECURITY TECHNICAL SUPPORT TASK ORDER,"{'code': '541512', 'description': 'COMPUTER SYSTEMS DESIGN SERVICES'}","{'code': 'R425', 'description': 'SUPPORT- PROFESSIONAL: ENGINEERING/TECHNICAL'}",CONT_AWD_DTRTVT1001_6901_DTRT5711D30008_6901,Cognizant,https://www.usaspending.gov/award/CONT_AWD_DTRTVT1001_6901_DTRT5711D30008_6901
GSQ1017EC0006,"COGNIZANT GOVERNMENT SOLUTIONS, INC.",136188.83,2017-06-23,2017-11-08,General Services Administration,Federal Acquisition Service,CALC ON THE GATEWAY IGF::OT::IGF,"{'code': '541512', 'description': 'COMPUTER SYSTEMS DESIGN SERVICES'}","{'code': 'D308', 'description': 'IT AND TELECOM- PROGRAMMING'}",CONT_AWD_GSQ1017EC0006_4732_GS06F0711Z_4732,Cognizant,https://www.usaspending.gov/award/CONT_AWD_GSQ1017EC0006_4732_GS06F0711Z_4732
DOCSB135015NC0154,"COGNIZANT GOVERNMENT SOLUTIONS, INC.",115936.54,2015-03-31,2015-12-31,Department of Commerce,National Institute of Standards and Technology,IGF::OT::IGF ITA CALL CENTER OPERATIONS,"{'code': '541511', 'description': 'CUSTOM COMPUTER PROGRAMMING SERVICES'}","{'code': 'R425', 'description': 'SUPPORT- PROFESSIONAL: ENGINEERING/TECHNICAL'}",CONT_AWD_DOCSB135015NC0154_1341_GS35F0537L_4730,Cognizant,https://www.usaspending.gov/award/CONT_AWD_DOCSB135015NC0154_1341_GS35F0537L_4730
33301118FFT0407,"COGNIZANT GOVERNMENT SOLUTIONS, INC.",97000.0,2016-10-01,2018-05-11,National Gallery of Art,National Gallery of Art,IGF::OT::IGF,"{'code': '541511', 'description': 'CUSTOM COMPUTER PROGRAMMING SERVICES'}","{'code': 'N070', 'description': 'INSTALLATION OF EQUIPMENT- ADP EQUIPMENT/SOFTWARE/SUPPLIES/SUPPORT EQUIPMENT'}",CONT_AWD_33301118FFT0407_3355_-NONE-_-NONE-,Cognizant,https://www.usaspending.gov/award/CONT_AWD_33301118FFT0407_3355_-NONE-_-NONE-
TO01,"ENDEAVOR SYSTEMS, INC.",91873.38,2006-09-29,2012-06-15,Department of Education,Department of Education,IT SECURITY SERVICES,"{'code': '541512', 'description': 'COMPUTER SYSTEMS DESIGN SERVICES'}","{'code': 'D306', 'description': 'IT AND TELECOM- SYSTEMS ANALYSIS'}",CONT_AWD_TO01_9100_ED06AG0015_9100,Cognizant,https://www.usaspending.gov/award/CONT_AWD_TO01_9100_ED06AG0015_9100
89503022PWA000376,COGNIZANT TECHNOLOGY SOLUTIONS CORP,85515.75,2022-09-28,2023-03-27,Department of Energy,Department of Energy,PI HISTORIAN CONSULTING SERVICES,"{'code': '541512', 'description': 'COMPUTER SYSTEMS DESIGN SERVICES'}","{'code': '7A20', 'description': 'IT AND TELECOM - APPLICATION DEVELOPMENT SOFTWARE (PERPETUAL LICENSE SOFTWARE)'}",CONT_AWD_89503022PWA000376_8900_-NONE-_-NONE-,Cognizant,https://www.usaspending.gov/award/CONT_AWD_89503022PWA000376_8900_-NONE-_-NONE-
H9240419F0041,"COGNIZANT GOVERNMENT SOLUTIONS, INC.",72312.24,2019-02-01,2019-06-30,Department of Defense,U.S. Special Operations Command,ACQUISITION SYSTEM ANALYSIS - LABOR,"{'code': '541512', 'description': 'COMPUTER SYSTEMS DESIGN SERVICES'}","{'code': 'D307', 'description': 'IT AND TELECOM- IT STRATEGY AND ARCHITECTURE'}",CONT_AWD_H9240419F0041_9700_GS06F0711Z_4732,Cognizant,https://www.usaspending.gov/award/CONT_AWD_H9240419F0041_9700_GS06F0711Z_4732
DTRTVT2003,"ENDEAVOR SYSTEMS, INC.",69439.88,2011-11-07,2012-02-29,Department of Transportation,Immediate Office of the Secretary of Transportation,FEDERAL AVIATION ADMINISTRATION (FAA) CONTROL SYSTEM SECURITY SUPPORT,"{'code': '541512', 'description': 'COMPUTER SYSTEMS DESIGN SERVICES'}","{'code': 'R425', 'description': 'SUPPORT- PROFESSIONAL: ENGINEERING/TECHNICAL'}",CONT_AWD_DTRTVT2003_6901_DTRT5711D30008_6901,Cognizant,https://www.usaspending.gov/award/CONT_AWD_DTRTVT2003_6901_DTRT5711D30008_6901
DTRTVT1002,"ENDEAVOR SYSTEMS, INC.",61059.67,2011-08-22,2011-11-30,Department of Transportation,Immediate Office of the Secretary of Transportation,AIRBOURNE NETWORK SECURITY TECHNICAL SUPPORT TASK ORDER,"{'code': '541512', 'description': 'COMPUTER SYSTEMS DESIGN SERVICES'}","{'code': 'R425', 'description': 'SUPPORT- PROFESSIONAL: ENGINEERING/TECHNICAL'}",CONT_AWD_DTRTVT1002_6901_DTRT5711D30008_6901,Cognizant,https://www.usaspending.gov/award/CONT_AWD_DTRTVT1002_6901_DTRT5711D30008_6901
GSQ1017EC0022,"COGNIZANT GOVERNMENT SOLUTIONS, INC.",50794.12,2017-09-25,2018-01-15,General Services Administration,Federal Acquisition Service,MAINTENANCE SUPPORT IGF::OT::IGF,"{'code': '541512', 'description': 'COMPUTER SYSTEMS DESIGN SERVICES'}","{'code': 'D308', 'description': 'IT AND TELECOM- PROGRAMMING'}",CONT_AWD_GSQ1017EC0022_4732_GS06F0711Z_4732,Cognizant,https://www.usaspending.gov/award/CONT_AWD_GSQ1017EC0022_4732_GS06F0711Z_4732
DTRTVT2004,"ENDEAVOR SYSTEMS, INC.",38582.17,2012-02-29,2012-04-30,Department of Transportation,Immediate Office of the Secretary of Transportation,INFORMATION ASSURANCE (IA) SUPPORT TO RVT-51.  PROPOSED 8 (A) CONTRACTOR: ENDEAVOR SYSTEM,"{'code': '541512', 'description': 'COMPUTER SYSTEMS DESIGN SERVICES'}","{'code': 'R425', 'description': 'SUPPORT- PROFESSIONAL: ENGINEERING/TECHNICAL'}",CONT_AWD_DTRTVT2004_6901_DTRT5711D30008_6901,Cognizant,https://www.usaspending.gov/award/CONT_AWD_DTRTVT2004_6901_DTRT5711D30008_6901
FA873021F0138,"COGNIZANT GOVERNMENT SOLUTIONS, INC.",29248.0,2021-04-16,2021-08-13,Department of Defense,Department of the Air Force,TWO CODING IT FORWARD FELLOWS KESSEL RUN SUMMER FELLOWSHIP,"{'code': '541511', 'description': 'CUSTOM COMPUTER PROGRAMMING SERVICES'}","{'code': 'DA01', 'description': 'IT AND TELECOM - BUSINESS APPLICATION/APPLICATION DEVELOPMENT SUPPORT SERVICES (LABOR)'}",CONT_AWD_FA873021F0138_9700_GS35F0537L_4730,Cognizant,https://www.usaspending.gov/award/CONT_AWD_FA873021F0138_9700_GS35F0537L_4730
H9240419F0043,"COGNIZANT GOVERNMENT SOLUTIONS, INC.",5176.25,2019-01-15,2019-02-14,Department of Defense,U.S. Special Operations Command,DCGS SOF JIRA TRAINING,"{'code': '541512', 'description': 'COMPUTER SYSTEMS DESIGN SERVICES'}","{'code': 'D307', 'description': 'IT AND TELECOM- IT STRATEGY AND ARCHITECTURE'}",CONT_AWD_H9240419F0043_9700_GS06F0711Z_4732,Cognizant,https://www.usaspending.gov/award/CONT_AWD_H9240419F0043_9700_GS06F0711Z_4732
W52P1J18F0168,"COGNIZANT GOVERNMENT SOLUTIONS, INC.",5000.0,2018-09-25,2019-01-04,Department of Defense,Department of the Army,ITES-3S GUARANTEED MINIMUM.,"{'code': '541519', 'description': 'OTHER COMPUTER RELATED SERVICES'}","{'code': 'R425', 'description': 'SUPPORT- PROFESSIONAL: ENGINEERING/TECHNICAL'}",CONT_AWD_W52P1J18F0168_9700_W52P1J18DA133_9700,Cognizant,https://www.usaspending.gov/award/CONT_AWD_W52P1J18F0168_9700_W52P1J18DA133_9700
0001,"COGNIZANT GOVERNMENT SOLUTIONS, INC.",2501.0,2013-11-19,2019-12-31,Department of Defense,Department of the Navy,SEAPORT ENHANCED,"{'code': '541330', 'description': 'ENGINEERING SERVICES'}","{'code': 'AD25', 'description': 'R&D- DEFENSE OTHER: SERVICES (OPERATIONAL SYSTEMS DEVELOPMENT)'}",CONT_AWD_0001_9700_N0017814D7967_9700,Cognizant,https://www.usaspending.gov/award/CONT_AWD_0001_9700_N0017814D7967_9700
FA865622FA034,"COGNIZANT GOVERNMENT SOLUTIONS, INC.",1000.0,2022-04-29,2022-05-31,Department of Defense,Department of the Air Force,EWAAC - ON RAMP,"{'code': '332993', 'description': 'AMMUNITION (EXCEPT SMALL ARMS) MANUFACTURING'}","{'code': '1395', 'description': 'MISCELLANEOUS AMMUNITION'}",CONT_AWD_FA865622FA034_9700_FA865622DA036_9700,Cognizant,https://www.usaspending.gov/award/CONT_AWD_FA865622FA034_9700_FA865622DA036_9700
HQ085926FF725,"COGNIZANT GOVERNMENT SOLUTIONS, INC.",500.0,2025-12-29,2035-12-28,Department of Defense,Missile Defense Agency,SCALABLE HOMELAND INNOVATIVE ENTERPRISE LAYERED DEFENSE (SHIELD) INITIAL ORDER.,"{'code': '541715', 'description': 'RESEARCH AND DEVELOPMENT IN THE PHYSICAL, ENGINEERING, AND LIFE SCIENCES (EXCEPT NANOTECHNOLOGY AND BIOTECHNOLOGY)'}","{'code': 'AC13', 'description': 'NATIONAL DEFENSE R&D SERVICES; DEPARTMENT OF DEFENSE - MILITARY; EXPERIMENTAL DEVELOPMENT'}",CONT_AWD_HQ085926FF725_9700_HQ085926DE181_9700,Cognizant,https://www.usaspending.gov/award/CONT_AWD_HQ085926FF725_9700_HQ085926DE181_9700
N0017821F9404,"COGNIZANT GOVERNMENT SOLUTIONS, INC.",500.0,2021-07-14,2029-01-01,Department of Defense,Department of the Navy,SEAPORT NXG MINIMUM OBLIGATION TASK ORDER,"{'code': '541330', 'description': 'ENGINEERING SERVICES'}","{'code': 'R499', 'description': 'SUPPORT- PROFESSIONAL: OTHER'}",CONT_AWD_N0017821F9404_9700_N0017821D9404_9700,Cognizant,https://www.usaspending.gov/award/CONT_AWD_N0017821F9404_9700_N0017821D9404_9700
W15P7T19F0315,"COGNIZANT GOVERNMENT SOLUTIONS, INC.",0.0,2018-10-18,2019-09-30,Department of Defense,Department of the Army,THIS TASK ORDER IS ESTABLISHED TO MEET THE MINIMUM GUARANTEE IN ACCORDANCE WITH CLAUSE H.2 OF THE RS3 BASE CONTRACT.,"{'code': '541715', 'description': 'RESEARCH AND DEVELOPMENT IN THE PHYSICAL, ENGINEERING, AND LIFE SCIENCES (EXCEPT NANOTECHNOLOGY AND BIOTECHNOLOGY)'}","{'code': 'R425', 'description': 'SUPPORT- PROFESSIONAL: ENGINEERING/TECHNICAL'}",CONT_AWD_W15P7T19F0315_9700_W15P7T19D0131_9700,Cognizant,https://www.usaspending.gov/award/CONT_AWD_W15P7T19F0315_9700_W15P7T19D0131_9700
47QRCA25DU574,"COGNIZANT GOVERNMENT SOLUTIONS, INC.",2500.0,2024-12-17,,General Services Administration,Federal Acquisition Service,ONE ACQUISITION SOLUTION FOR INTEGRATED SERVICES PLUS (OASIS+) UNRESTRICTED MULTIPLE AGENCY CONTRACT (MAC),"{'code': '541350', 'description': 'BUILDING INSPECTION SERVICES'}","{'code': 'R499', 'description': 'SUPPORT- PROFESSIONAL: OTHER'}",CONT_IDV_47QRCA25DU574_4732,Cognizant,https://www.usaspending.gov/award/CONT_IDV_47QRCA25DU574_4732
80TECH26D0443,"COGNIZANT GOVERNMENT SOLUTIONS, INC.",0.0,2026-11-01,,National Aeronautics and Space Administration,National Aeronautics and Space Administration,NASA ITPO SEWP VI GWAC SOLICITATION. THE PRINCIPAL PURPOSE OF THIS REQUIREMENT IS TO PROVIDE THE FEDERAL GOVERNMENT WITH AN ALL-ENCOMPASSING ONE-STOP ACQUISITION VEHICLE FOR INFORMATION TECHNOLOGY PRODUCT AND SERVICE SOLUTIONS.,"{'code': '541512', 'description': 'COMPUTER SYSTEMS DESIGN SERVICES'}","{'code': 'DA01', 'description': 'IT AND TELECOM - BUSINESS APPLICATION/APPLICATION DEVELOPMENT SUPPORT SERVICES (LABOR)'}",CONT_IDV_80TECH26D0443_8000,Cognizant,https://www.usaspending.gov/award/CONT_IDV_80TECH26D0443_8000
HQ085926DE181,"COGNIZANT GOVERNMENT SOLUTIONS, INC.",0.0,2025-12-29,,Department of Defense,Missile Defense Agency,"THE CONTRACTOR SHALL PROVIDE ALL NECESSARY MATERIALS, LABOR, EQUIPMENT AND FACILITIES INCIDENTAL TO THE PERFORMANCE OF THIS REQUIREMENT IN ACCORDANCE WITH THE TERMS OF THE ORDER.","{'code': '541715', 'description': 'RESEARCH AND DEVELOPMENT IN THE PHYSICAL, ENGINEERING, AND LIFE SCIENCES (EXCEPT NANOTECHNOLOGY AND BIOTECHNOLOGY)'}","{'code': 'AC13', 'description': 'NATIONAL DEFENSE R&D SERVICES; DEPARTMENT OF DEFENSE - MILITARY; EXPERIMENTAL DEVELOPMENT'}",CONT_IDV_HQ085926DE181_9700,Cognizant,https://www.usaspending.gov/award/CONT_IDV_HQ085926DE181_9700
W52P1J18DA133,"COGNIZANT GOVERNMENT SOLUTIONS, INC.",0.0,2018-09-25,,Department of Defense,Department of the Army,"INFORMATION TECHNOLOGY ENTERPRISE SOLUTIONS- 3 SERVICES (ITES-3S) MULTIPLE AWARD INDEFINITE DELIVERY INDEFINITE QUANTITY (MAIDIQ) BASE CONTRACT AWARD. THIS AWARD REPRESENTS 1 OF THE 135 ITES-3S CONTRACTS AWARDED ON BEHALF OF COMPUTER HARDWARE, ENTERPRISE SOFTWARE AND SOLUTIONS (CHESS). THE ITES-3S CONTRACT VEHICLE, WITH DECENTRALIZED ORDERING, WILL SERVE AS THE ARMY'S PRIMARY SOURCE TO SUPPORT THE ARMY ENTERPRISE INFRASTRUCTURE AND INFOSTRUCTURE GOALS WITH INFORMATION TECHNOLOGY (IT) SERVICES WORLDWIDE WITH EMPHASIS ON EIGHT SERVICE TASK AREAS: CYBERSECURITY, INFORMATION TECHNOLOGY SERVICES ENTERPRISE DESIGN, INTEGRATION, AND CONSOLIDATION NETWORK/SYSTEMS OPERATION AND MAINTENANCE TELECOMMUNICATION/SYSTEMS OPERATION AND MAINTENANCE BUSINESS PROCESS RE-ENGINEERING IT SUPPLY CHAIN MANAGEMENT AND IT EDUCATION AND TRAINING.","{'code': '541519', 'description': 'OTHER COMPUTER RELATED SERVICES'}","{'code': 'R425', 'description': 'SUPPORT- PROFESSIONAL: ENGINEERING/TECHNICAL'}",CONT_IDV_W52P1J18DA133_9700,Cognizant,https://www.usaspending.gov/award/CONT_IDV_W52P1J18DA133_9700
W15P7T19D0131,"COGNIZANT GOVERNMENT SOLUTIONS, INC.",0.0,2018-10-18,,Department of Defense,Department of the Army,"THIS CONTRACT WILL PROVIDE ACC-APG CUSTOMERS, OTHER PROGRAM EXECUTIVE OFFICES (PEOS), OTHER DEPARTMENT OF DEFENSE (DOD) AGENCIES, AND OTHER FEDERAL AGENCIES WITH KNOWLEDGE BASED SUPPORT SERVICES FOR REQUIREMENTS WITH COMMAND, CONTROL, COMMUNICATIONS, COMPUTERS, INTELLIGENCE, SURVEILLANCE, AND RECONNAISSANCE (C4ISR) RELATED NEEDS.","{'code': '541715', 'description': 'RESEARCH AND DEVELOPMENT IN THE PHYSICAL, ENGINEERING, AND LIFE SCIENCES (EXCEPT NANOTECHNOLOGY AND BIOTECHNOLOGY)'}","{'code': 'R425', 'description': 'SUPPORT- PROFESSIONAL: ENGINEERING/TECHNICAL'}",CONT_IDV_W15P7T19D0131_9700,Cognizant,https://www.usaspending.gov/award/CONT_IDV_W15P7T19D0131_9700
N0017821D9404,"COGNIZANT GOVERNMENT SOLUTIONS, INC.",0.0,2021-07-14,,Department of Defense,Department of the Navy,SEAPORT-NXG,"{'code': '541330', 'description': 'ENGINEERING SERVICES'}","{'code': 'R499', 'description': 'SUPPORT- PROFESSIONAL: OTHER'}",CONT_IDV_N0017821D9404_9700,Cognizant,https://www.usaspending.gov/award/CONT_IDV_N0017821D9404_9700
N0017814D7967,"COGNIZANT GOVERNMENT SOLUTIONS, INC.",0.0,2013-11-19,,Department of Defense,Department of the Navy,IGF::OT::IGF SEAPORT ENHANCED,"{'code': '541330', 'description': 'ENGINEERING SERVICES'}","{'code': 'AD25', 'description': 'R&D- DEFENSE OTHER: SERVICES (OPERATIONAL SYSTEMS DEVELOPMENT)'}",CONT_IDV_N0017814D7967_9700,Cognizant,https://www.usaspending.gov/award/CONT_IDV_N0017814D7967_9700
HHSN316201200179W,"COGNIZANT GOVERNMENT SOLUTIONS, INC.",0.0,2012-07-11,,Department of Health and Human Services,National Institutes of Health,IGF::OT::IGF  IT AND TELECOM - OTHER IT AND TELECOMMUNICATIONS,"{'code': '541512', 'description': 'COMPUTER SYSTEMS DESIGN SERVICES'}","{'code': 'D399', 'description': 'IT AND TELECOM- OTHER IT AND TELECOMMUNICATIONS'}",CONT_IDV_HHSN316201200179W_7529,Cognizant,https://www.usaspending.gov/award/CONT_IDV_HHSN316201200179W_7529
HHSF223201810003B,"COGNIZANT GOVERNMENT SOLUTIONS, INC.",0.0,2018-01-08,,Department of Health and Human Services,Food and Drug Administration,IGF::OT::IGF - HELPDESK APPLICATION SUPPORT SERVICES BPA,"{'code': '541511', 'description': 'CUSTOM COMPUTER PROGRAMMING SERVICES'}","{'code': 'D321', 'description': 'IT AND TELECOM- HELP DESK'}",CONT_IDV_HHSF223201810003B_7524,Cognizant,https://www.usaspending.gov/award/CONT_IDV_HHSF223201810003B_7524
GS35F368GA,"COGNIZANT GOVERNMENT SOLUTIONS, INC.",0.0,2017-04-13,,General Services Administration,Federal Acquisition Service,FEDERAL SUPPLY SCHEDULE CONTRACT,"{'code': '541519', 'description': 'OTHER COMPUTER RELATED SERVICES'}","{'code': 'D399', 'description': 'IT AND TELECOM- OTHER IT AND TELECOMMUNICATIONS'}",CONT_IDV_GS35F368GA_4732,Cognizant,https://www.usaspending.gov/award/CONT_IDV_GS35F368GA_4732
GS35F0537L,"COGNIZANT GOVERNMENT SOLUTIONS, INC.",0.0,2001-08-09,,General Services Administration,Federal Acquisition Service,,"{'code': '541511', 'description': 'CUSTOM COMPUTER PROGRAMMING SERVICES'}","{'code': 'D399', 'description': 'IT AND TELECOM- OTHER IT AND TELECOMMUNICATIONS'}",CONT_IDV_GS35F0537L_4730,Cognizant,https://www.usaspending.gov/award/CONT_IDV_GS35F0537L_4730
GS06F0711Z,"COGNIZANT GOVERNMENT SOLUTIONS, INC.",0.0,2011-08-22,,General Services Administration,Federal Acquisition Service,FEDERAL ACQUISITION SERVICE GOVERNMENT WIDE ACQUISITION CONTRACT,"{'code': '541512', 'description': 'COMPUTER SYSTEMS DESIGN SERVICES'}","{'code': 'D399', 'description': 'IT AND TELECOM- OTHER IT AND TELECOMMUNICATIONS'}",CONT_IDV_GS06F0711Z_4732,Cognizant,https://www.usaspending.gov/award/CONT_IDV_GS06F0711Z_4732
GS06F0645Z,"COGNIZANT GOVERNMENT SOLUTIONS, INC.",0.0,2009-02-03,,General Services Administration,Federal Acquisition Service,FEDERAL ACQUISITION SERVICE GOVERNMENT WIDE ACQUISITION CONTRACT,"{'code': '541512', 'description': 'COMPUTER SYSTEMS DESIGN SERVICES'}","{'code': 'D399', 'description': 'IT AND TELECOM- OTHER IT AND TELECOMMUNICATIONS'}",CONT_IDV_GS06F0645Z_4730,Cognizant,https://www.usaspending.gov/award/CONT_IDV_GS06F0645Z_4730
FA865622DA036,"COGNIZANT GOVERNMENT SOLUTIONS, INC.",0.0,2022-02-25,,Department of Defense,Department of the Air Force,FIRST ON-RAMP FOR EGLIN WIDE AGILE ACQUISITION CONTRACT (EWAAC) VEHICLE.,"{'code': '332993', 'description': 'AMMUNITION (EXCEPT SMALL ARMS) MANUFACTURING'}","{'code': '1395', 'description': 'MISCELLANEOUS AMMUNITION'}",CONT_IDV_FA865622DA036_9700,Cognizant,https://www.usaspending.gov/award/CONT_IDV_FA865622DA036_9700
DEEI0002952,"COGNIZANT GOVERNMENT SOLUTIONS, INC.",0.0,2016-09-27,,Department of Energy,Department of Energy,"IGF::OT::IGF  PROVIDE TECHNICAL, MANAGERIAL AND PROJECT SUPPORT SERVICES IN SUPPORT FOR THE ENERGY INFORMATION ADMINISTRATION (EIA) FOR EIA OMNIBUS PROCUREMENT IV.","{'code': '518210', 'description': 'COMPUTING INFRASTRUCTURE PROVIDERS, DATA PROCESSING, WEB HOSTING, AND RELATED SERVICES'}","{'code': 'R702', 'description': 'SUPPORT- MANAGEMENT: DATA COLLECTION'}",CONT_IDV_DEEI0002952_8900,Cognizant,https://www.usaspending.gov/award/CONT_IDV_DEEI0002952_8900
47QTCA21D008F,"COGNIZANT GOVERNMENT SOLUTIONS, INC.",0.0,2021-04-19,,General Services Administration,Federal Acquisition Service,FEDERAL SUPPLY SCHEDULE CONTRACT,"{'code': '541512', 'description': 'COMPUTER SYSTEMS DESIGN SERVICES'}","{'code': 'DA01', 'description': 'IT AND TELECOM - BUSINESS APPLICATION/APPLICATION DEVELOPMENT SUPPORT SERVICES (LABOR)'}",CONT_IDV_47QTCA21D008F_4732,Cognizant,https://www.usaspending.gov/award/CONT_IDV_47QTCA21D008F_4732
